[\033[1;32mbuild\033[0m] Building VLC for macOS, architecture aarch64 (aka: arm64) on a aarch64 device
Setting base environment
Using VLC root dir /Users/cam/Documents/Projects/ultima-iv-web/vlc-thumbs/work/upstream/vlc-master-story005, build triplet aarch64-apple-darwin19 and host triplet aarch64-apple-darwin19
[\033[1;32mbuild\033[0m] Checking for python3 ...
Python 3.14.3
[\033[1;32mbuild\033[0m] Building in "/Users/cam/Documents/Projects/ultima-iv-web/vlc-thumbs"
[\033[1;32mbuild\033[0m] Building building tools
To-be-built packages: configguess
You are ready to build VLC and its contribs
~/Documents/Projects/ultima-iv-web/vlc-thumbs/work/story005-master-baseline ~/Documents/Projects/ultima-iv-web/vlc-thumbs
Setting contrib environment with minimum macOS version 10.13 and SDK 27.0 at /Applications/Xcode.app/Contents/Developer/Platforms/MacOSX.platform/Developer/SDKs/MacOSX27.0.sdk using Xcode 27.0
Build version 27A266a
[\033[1;32mbuild\033[0m] Building contribs
Packages licensing...    GPL version 3
Creating makefile...
Bootstrap completed.
Run "make" to start compilation.

Other targets:
 * make install      same as "make"
 * make prebuilt     fetch and install prebuilt binaries
 * make tools        build native tools binaries
 * make list         list packages
 * make fetch        fetch required source tarballs
 * make fetch-all    fetch all source tarballs
 * make distclean    clean everything and undo bootstrap
 * make mostlyclean  clean everything except source tarballs
 * make clean        clean everything
 * make package      prepare prebuilt packages
 * make help         show this text
All packages:
  alloweduwp alsa amf aom aribb24 aribb25 asdcplib ass basu bluray
  bpg breakpad caca cargo-c chromaprint d3d12 daala dav1d dcomp
  decklink dvbcsa dvbpsi dvdcss dvdnav dvdread dxva dxva_x86 dxvahd
  ebml faad2 ffi ffmpeg flac fluid fluidlite fontconfig freetype2
  fribidi fxc2 gcrypt gettext ggml glad glew glib glslang gme gmp
  gnutls goom gpg-error gsm harfbuzz iconv jack jinja jpeg kate
  lame libarchive libaribcaption libdsm libebur128 libnoidea
  libplacebo librist libtasn1 libxml2 live555 lua luac mad markupsafe
  matroska medialibrary meson-machinefile mft10 microdns mingw11-fixes
  mingw12-fixes mingw64 modplug mpg123 mysofa ncurses nettle nfs
  nvcodec ogg openapv opencv4 openjpeg opus png postproc projectM
  protobuf protoc pthread-stubs qt qt-tools qtdeclarative
  qtdeclarative-tools qtshadertools qtshadertools-tools qtsvg
  qtwayland rav1e rnnoise salsa sam3 samplerate shout sidplay2 smb2
  soxr sparkle spatialaudio speex speexdsp sqlite srt ssh2 taglib
  theora tiger tremor twolame uiautomationcore upnp utfcpp vncclient
  vorbis vpl vpx vulkan-headers vulkan-loader winpthreads winrt_headers
  wix wixlzx x262 x264 x26410b x265 xau xcb xcb-proto xorg-macros
  xproto zlib zvbi
All native tools:
  luac protoc
Distribution-provided packages:
   qt-tools qtdeclarative-tools
Automatically selected packages:
  aom aribb24 asdcplib ass bluray breakpad chromaprint dav1d decklink
  dvbcsa dvbpsi dvdnav dvdread faad2 ffmpeg flac fluidlite freetype2
  fribidi gcrypt gettext glslang gme goom gpg-error harfbuzz iconv
  jpeg kate libarchive libaribcaption libebur128 libnoidea libplacebo
  librist libxml2 live555 lua luac mad matroska medialibrary
  meson-machinefile modplug mpg123 ncurses nfs ogg openapv opencv4
  opus png postproc protobuf protoc rnnoise samplerate shout sidplay2
  smb2 soxr sparkle spatialaudio speex speexdsp srt ssh2 taglib
  theora twolame upnp vncclient vorbis vorbis vpx vulkan-headers
  x264 x265 zlib zvbi
Manually deselected packages:
Manually selected packages:
Depended-on packages:
  dvdcss ebml glad gmp gnutls gsm jinja lame markupsafe mysofa
  nettle openjpeg sqlite utfcpp
To-be-built packages:
  aom aribb24 asdcplib ass bluray breakpad chromaprint dav1d decklink
  dvbcsa dvbpsi dvdcss dvdnav dvdread ebml faad2 ffmpeg flac fluidlite
  freetype2 fribidi gcrypt gettext glad glslang gme gmp gnutls goom
  gpg-error gsm harfbuzz iconv jinja jpeg kate lame libarchive
  libaribcaption libebur128 libnoidea libplacebo librist libxml2
  live555 lua luac mad markupsafe matroska medialibrary meson-machinefile
  modplug mpg123 mysofa ncurses nettle nfs ogg openapv opencv4
  openjpeg opus png postproc protobuf protoc rnnoise samplerate
  shout sidplay2 smb2 soxr sparkle spatialaudio speex speexdsp
  sqlite srt ssh2 taglib theora twolame upnp utfcpp vncclient vorbis
  vpx vulkan-headers x264 x265 zlib zvbi
make: Nothing to be done for `tools'.
Unsetting contrib flags
Setting libVLC flags
[\033[1;32mbuild\033[0m] Bootstrap-ing configure
checking build system type... aarch64-apple-darwin19
checking host system type... aarch64-apple-darwin19
checking for a BSD-compatible install... /usr/local/bin/ginstall -c
checking whether sleep supports fractional seconds... yes
checking filesystem timestamp resolution... 2
checking whether build environment is sane... yes
checking for a race-free mkdir -p... /usr/local/bin/gmkdir -p
checking for gawk... no
checking for mawk... no
checking for nawk... no
checking for awk... awk
checking whether make sets $(MAKE)... yes
checking whether make supports nested variables... yes
checking xargs -n works... yes
checking whether UID '501' is supported by ustar format... yes
checking whether GID '20' is supported by ustar format... yes
checking how to create a ustar tar archive... gnutar
checking whether to enable maintainer-specific portions of Makefiles... yes
checking for aarch64-apple-darwin19-gcc... /Applications/Xcode.app/Contents/Developer/Toolchains/XcodeDefault.xctoolchain/usr/bin/clang
checking whether the C compiler works... yes
checking for C compiler default output file name... a.out
checking for suffix of executables... 
checking whether we are cross compiling... no
checking for suffix of object files... o
checking whether the compiler supports GNU C... yes
checking whether /Applications/Xcode.app/Contents/Developer/Toolchains/XcodeDefault.xctoolchain/usr/bin/clang accepts -g... yes
checking for /Applications/Xcode.app/Contents/Developer/Toolchains/XcodeDefault.xctoolchain/usr/bin/clang option to enable C23 features... (cached) unsupported
checking for /Applications/Xcode.app/Contents/Developer/Toolchains/XcodeDefault.xctoolchain/usr/bin/clang option to enable C11 features... none needed
checking whether /Applications/Xcode.app/Contents/Developer/Toolchains/XcodeDefault.xctoolchain/usr/bin/clang understands -c and -o together... yes
checking whether make supports the include directive... yes (GNU style)
checking dependency style of /Applications/Xcode.app/Contents/Developer/Toolchains/XcodeDefault.xctoolchain/usr/bin/clang... gcc3
checking for stdio.h... yes
checking for stdlib.h... yes
checking for string.h... yes
checking for inttypes.h... yes
checking for stdint.h... yes
checking for strings.h... yes
checking for sys/stat.h... yes
checking for sys/types.h... yes
checking for unistd.h... yes
checking for wchar.h... yes
checking for minix/config.h... no
checking whether it is safe to define __EXTENSIONS__... yes
checking whether _XOPEN_SOURCE should be defined... no
checking whether /Applications/Xcode.app/Contents/Developer/Toolchains/XcodeDefault.xctoolchain/usr/bin/clang  supports C17... yes
checking whether the compiler supports GNU C++... yes
checking whether /Applications/Xcode.app/Contents/Developer/Toolchains/XcodeDefault.xctoolchain/usr/bin/clang++ accepts -g... yes
checking dependency style of /Applications/Xcode.app/Contents/Developer/Toolchains/XcodeDefault.xctoolchain/usr/bin/clang++... gcc3
checking how to run the C preprocessor... /Applications/Xcode.app/Contents/Developer/Toolchains/XcodeDefault.xctoolchain/usr/bin/clang -E
checking for aarch64-apple-darwin19-gobjc... /Applications/Xcode.app/Contents/Developer/Toolchains/XcodeDefault.xctoolchain/usr/bin/clang
checking whether the compiler supports GNU Objective C... yes
checking whether /Applications/Xcode.app/Contents/Developer/Toolchains/XcodeDefault.xctoolchain/usr/bin/clang accepts -g... yes
checking dependency style of /Applications/Xcode.app/Contents/Developer/Toolchains/XcodeDefault.xctoolchain/usr/bin/clang... gcc3
checking for aarch64-apple-darwin19-g++... /Applications/Xcode.app/Contents/Developer/Toolchains/XcodeDefault.xctoolchain/usr/bin/clang++
checking whether the compiler supports GNU Objective C++... yes
checking whether /Applications/Xcode.app/Contents/Developer/Toolchains/XcodeDefault.xctoolchain/usr/bin/clang++ accepts -g... yes
checking dependency style of /Applications/Xcode.app/Contents/Developer/Toolchains/XcodeDefault.xctoolchain/usr/bin/clang++... gcc3
checking for grep that handles long lines and -e... /usr/bin/grep
checking for egrep... /usr/bin/grep -E
checking whether make sets $(MAKE)... (cached) yes
checking dependency style of /Applications/Xcode.app/Contents/Developer/Toolchains/XcodeDefault.xctoolchain/usr/bin/clang... gcc3
checking for flex... flex
checking for lex output file root... lex.yy
checking for lex library... none needed
checking whether yytext is a pointer... yes
checking for bison... bison -y
checking for desktop-file-validate... no
checking for c17-gcc... no
checking for c17... no
checking for c11-gcc... no
checking for c11... no
checking for c99-gcc... no
checking for c99... c99
checking for aarch64-apple-darwin19-objcopy... no
checking for llvm-objcopy... no
checking for an ANSI C-conforming const... yes
checking for inline... inline
checking for C/C++ restrict keyword... __restrict__
checking whether /Applications/Xcode.app/Contents/Developer/Toolchains/XcodeDefault.xctoolchain/usr/bin/clang++ supports C++17 features with -std=c++17... yes
checking whether the C++ compiler supports typeof... no
checking whether C compiler accepts -Werror=invalid-command-line-argument... yes
checking whether C compiler accepts -Werror=unknown-warning-option... yes
checking if AppleClang requires -fno-stack-check... no
checking if -Wl,-U is allowed... yes
checking for egrep -e... (cached) /usr/bin/grep -E
checking for linker dead-code stripping flag... -Wl,-dead_strip
checking for nasm... nasm
checking for 3rd party libraries path... contrib/aarch64-apple-darwin19
/Users/cam/Documents/Projects/ultima-iv-web/vlc-thumbs/work/story005-master-baseline/contrib/aarch64-apple-darwin19 from contrib/aarch64-apple-darwin19
checking if contribs provide luac... yes
checking how to print strings... printf
checking for a sed that does not truncate output... /usr/bin/sed
checking for fgrep... /usr/bin/grep -F
checking for ld used by /Applications/Xcode.app/Contents/Developer/Toolchains/XcodeDefault.xctoolchain/usr/bin/clang -isysroot /Applications/Xcode.app/Contents/Developer/Platforms/MacOSX.platform/Developer/SDKs/MacOSX27.0.sdk -mmacosx-version-min=10.13...  -syslibroot /Applications/Xcode.app/Contents/Developer/Platforms/MacOSX.platform/Developer/SDKs/MacOSX27.0.sdk -mmacosx_version_min=10.13
checking if the linker ( -syslibroot /Applications/Xcode.app/Contents/Developer/Platforms/MacOSX.platform/Developer/SDKs/MacOSX27.0.sdk -mmacosx_version_min=10.13) is GNU ld... no
checking for BSD- or MS-compatible name lister (nm)... /Applications/Xcode.app/Contents/Developer/Toolchains/XcodeDefault.xctoolchain/usr/bin/nm
checking the name lister (/Applications/Xcode.app/Contents/Developer/Toolchains/XcodeDefault.xctoolchain/usr/bin/nm) interface... BSD nm
checking whether ln -s works... yes
checking the maximum length of command line arguments... 786432
checking how to convert aarch64-apple-darwin19 file names to aarch64-apple-darwin19 format... func_convert_file_noop
checking how to convert aarch64-apple-darwin19 file names to toolchain format... func_convert_file_noop
checking for  -syslibroot /Applications/Xcode.app/Contents/Developer/Platforms/MacOSX.platform/Developer/SDKs/MacOSX27.0.sdk -mmacosx_version_min=10.13 option to reload object files... -r
checking for file... file
checking for aarch64-apple-darwin19-objdump... no
checking for objdump... objdump
checking how to recognize dependent libraries... (cached) pass_all
checking for aarch64-apple-darwin19-dlltool... no
checking for dlltool... no
checking how to associate runtime and link libraries... printf %s\n
checking for aarch64-apple-darwin19-ranlib... /Applications/Xcode.app/Contents/Developer/Toolchains/XcodeDefault.xctoolchain/usr/bin/ranlib
checking for aarch64-apple-darwin19-ar... /Applications/Xcode.app/Contents/Developer/Toolchains/XcodeDefault.xctoolchain/usr/bin/ar
checking for archiver @FILE support... no
checking for aarch64-apple-darwin19-strip... /Applications/Xcode.app/Contents/Developer/Toolchains/XcodeDefault.xctoolchain/usr/bin/strip
checking command to parse /Applications/Xcode.app/Contents/Developer/Toolchains/XcodeDefault.xctoolchain/usr/bin/nm output from /Applications/Xcode.app/Contents/Developer/Toolchains/XcodeDefault.xctoolchain/usr/bin/clang -isysroot /Applications/Xcode.app/Contents/Developer/Platforms/MacOSX.platform/Developer/SDKs/MacOSX27.0.sdk -mmacosx-version-min=10.13 object... ok
checking for sysroot... no
checking for a working dd... /bin/dd
checking how to truncate binary pipes... /bin/dd bs=4096 count=1
checking for aarch64-apple-darwin19-mt... no
checking for mt... no
checking if : is a manifest tool... no
checking for aarch64-apple-darwin19-dsymutil... no
checking for dsymutil... dsymutil
checking for aarch64-apple-darwin19-nmedit... no
checking for nmedit... nmedit
checking for aarch64-apple-darwin19-lipo... no
checking for lipo... lipo
checking for aarch64-apple-darwin19-otool... no
checking for otool... otool
checking for aarch64-apple-darwin19-otool64... no
checking for otool64... no
checking for -single_module linker flag... ld: warning: -single_module is obsolete
no
checking for -no_fixup_chains linker flag... yes
checking for -exported_symbols_list linker flag... yes
checking for -force_load linker flag... yes
checking for dlfcn.h... yes
checking for aarch64-apple-darwin19-gcc... (cached) /Applications/Xcode.app/Contents/Developer/Toolchains/XcodeDefault.xctoolchain/usr/bin/clang
checking for aarch64-apple-darwin19-gnustep-config... no
checking for gnustep-config... no
checking for aarch64-apple-darwin19-g++... (cached) /Applications/Xcode.app/Contents/Developer/Toolchains/XcodeDefault.xctoolchain/usr/bin/clang++
checking for aarch64-apple-darwin19-gnustep-config... no
checking for gnustep-config... no
checking which variant of shared library versioning to provide... (default) aix
checking for objdir... .libs
checking if /Applications/Xcode.app/Contents/Developer/Toolchains/XcodeDefault.xctoolchain/usr/bin/clang -isysroot /Applications/Xcode.app/Contents/Developer/Platforms/MacOSX.platform/Developer/SDKs/MacOSX27.0.sdk -mmacosx-version-min=10.13 supports -fno-rtti -fno-exceptions... yes
checking for /Applications/Xcode.app/Contents/Developer/Toolchains/XcodeDefault.xctoolchain/usr/bin/clang -isysroot /Applications/Xcode.app/Contents/Developer/Platforms/MacOSX.platform/Developer/SDKs/MacOSX27.0.sdk -mmacosx-version-min=10.13 option to produce PIC... -fno-common -DPIC
checking if /Applications/Xcode.app/Contents/Developer/Toolchains/XcodeDefault.xctoolchain/usr/bin/clang -isysroot /Applications/Xcode.app/Contents/Developer/Platforms/MacOSX.platform/Developer/SDKs/MacOSX27.0.sdk -mmacosx-version-min=10.13 PIC flag -fno-common -DPIC works... yes
checking if /Applications/Xcode.app/Contents/Developer/Toolchains/XcodeDefault.xctoolchain/usr/bin/clang -isysroot /Applications/Xcode.app/Contents/Developer/Platforms/MacOSX.platform/Developer/SDKs/MacOSX27.0.sdk -mmacosx-version-min=10.13 static flag -static works... no
checking if /Applications/Xcode.app/Contents/Developer/Toolchains/XcodeDefault.xctoolchain/usr/bin/clang -isysroot /Applications/Xcode.app/Contents/Developer/Platforms/MacOSX.platform/Developer/SDKs/MacOSX27.0.sdk -mmacosx-version-min=10.13 supports -c -o file.o... yes
checking if /Applications/Xcode.app/Contents/Developer/Toolchains/XcodeDefault.xctoolchain/usr/bin/clang -isysroot /Applications/Xcode.app/Contents/Developer/Platforms/MacOSX.platform/Developer/SDKs/MacOSX27.0.sdk -mmacosx-version-min=10.13 supports -c -o file.o... (cached) yes
checking whether the /Applications/Xcode.app/Contents/Developer/Toolchains/XcodeDefault.xctoolchain/usr/bin/clang -isysroot /Applications/Xcode.app/Contents/Developer/Platforms/MacOSX.platform/Developer/SDKs/MacOSX27.0.sdk -mmacosx-version-min=10.13 linker ( -syslibroot /Applications/Xcode.app/Contents/Developer/Platforms/MacOSX.platform/Developer/SDKs/MacOSX27.0.sdk -mmacosx_version_min=10.13) supports shared libraries... yes
checking dynamic linker characteristics... darwin19 dyld
checking how to hardcode library paths into programs... immediate
checking for dlopen in -ldl... yes
checking whether a program can dlopen itself... yes
checking whether a statically linked program can dlopen itself... yes
checking whether stripping libraries is possible... yes
checking if libtool supports shared libraries... yes
checking whether to build shared libraries... yes
checking whether to build static libraries... no
checking how to run the C++ preprocessor... /Applications/Xcode.app/Contents/Developer/Toolchains/XcodeDefault.xctoolchain/usr/bin/clang++ -std=c++17 -isysroot /Applications/Xcode.app/Contents/Developer/Platforms/MacOSX.platform/Developer/SDKs/MacOSX27.0.sdk -mmacosx-version-min=10.13 -E
checking for ld used by /Applications/Xcode.app/Contents/Developer/Toolchains/XcodeDefault.xctoolchain/usr/bin/clang++ -std=c++17 -isysroot /Applications/Xcode.app/Contents/Developer/Platforms/MacOSX.platform/Developer/SDKs/MacOSX27.0.sdk -mmacosx-version-min=10.13...  -syslibroot /Applications/Xcode.app/Contents/Developer/Platforms/MacOSX.platform/Developer/SDKs/MacOSX27.0.sdk -mmacosx_version_min=10.13
checking if the linker ( -syslibroot /Applications/Xcode.app/Contents/Developer/Platforms/MacOSX.platform/Developer/SDKs/MacOSX27.0.sdk -mmacosx_version_min=10.13) is GNU ld... no
checking whether the /Applications/Xcode.app/Contents/Developer/Toolchains/XcodeDefault.xctoolchain/usr/bin/clang++ -std=c++17 -isysroot /Applications/Xcode.app/Contents/Developer/Platforms/MacOSX.platform/Developer/SDKs/MacOSX27.0.sdk -mmacosx-version-min=10.13 linker ( -syslibroot /Applications/Xcode.app/Contents/Developer/Platforms/MacOSX.platform/Developer/SDKs/MacOSX27.0.sdk -mmacosx_version_min=10.13) supports shared libraries... yes
checking for /Applications/Xcode.app/Contents/Developer/Toolchains/XcodeDefault.xctoolchain/usr/bin/clang++ -std=c++17 -isysroot /Applications/Xcode.app/Contents/Developer/Platforms/MacOSX.platform/Developer/SDKs/MacOSX27.0.sdk -mmacosx-version-min=10.13 option to produce PIC... -fno-common -DPIC
checking if /Applications/Xcode.app/Contents/Developer/Toolchains/XcodeDefault.xctoolchain/usr/bin/clang++ -std=c++17 -isysroot /Applications/Xcode.app/Contents/Developer/Platforms/MacOSX.platform/Developer/SDKs/MacOSX27.0.sdk -mmacosx-version-min=10.13 PIC flag -fno-common -DPIC works... yes
checking if /Applications/Xcode.app/Contents/Developer/Toolchains/XcodeDefault.xctoolchain/usr/bin/clang++ -std=c++17 -isysroot /Applications/Xcode.app/Contents/Developer/Platforms/MacOSX.platform/Developer/SDKs/MacOSX27.0.sdk -mmacosx-version-min=10.13 static flag -static works... no
checking if /Applications/Xcode.app/Contents/Developer/Toolchains/XcodeDefault.xctoolchain/usr/bin/clang++ -std=c++17 -isysroot /Applications/Xcode.app/Contents/Developer/Platforms/MacOSX.platform/Developer/SDKs/MacOSX27.0.sdk -mmacosx-version-min=10.13 supports -c -o file.o... yes
checking if /Applications/Xcode.app/Contents/Developer/Toolchains/XcodeDefault.xctoolchain/usr/bin/clang++ -std=c++17 -isysroot /Applications/Xcode.app/Contents/Developer/Platforms/MacOSX.platform/Developer/SDKs/MacOSX27.0.sdk -mmacosx-version-min=10.13 supports -c -o file.o... (cached) yes
checking whether the /Applications/Xcode.app/Contents/Developer/Toolchains/XcodeDefault.xctoolchain/usr/bin/clang++ -std=c++17 -isysroot /Applications/Xcode.app/Contents/Developer/Platforms/MacOSX.platform/Developer/SDKs/MacOSX27.0.sdk -mmacosx-version-min=10.13 linker ( -syslibroot /Applications/Xcode.app/Contents/Developer/Platforms/MacOSX.platform/Developer/SDKs/MacOSX27.0.sdk -mmacosx_version_min=10.13) supports shared libraries... yes
checking dynamic linker characteristics... darwin19 dyld
checking how to hardcode library paths into programs... immediate
checking for Objective C compilation... yes
checking if /Applications/Xcode.app/Contents/Developer/Toolchains/XcodeDefault.xctoolchain/usr/bin/clang supports -fno-rtti -fno-exceptions... (cached) yes
checking for /Applications/Xcode.app/Contents/Developer/Toolchains/XcodeDefault.xctoolchain/usr/bin/clang option to produce PIC... -fno-common
checking if /Applications/Xcode.app/Contents/Developer/Toolchains/XcodeDefault.xctoolchain/usr/bin/clang PIC flag -fno-common works... yes
checking if /Applications/Xcode.app/Contents/Developer/Toolchains/XcodeDefault.xctoolchain/usr/bin/clang static flag -static works... no
checking if /Applications/Xcode.app/Contents/Developer/Toolchains/XcodeDefault.xctoolchain/usr/bin/clang supports -c -o file.o... yes
checking if /Applications/Xcode.app/Contents/Developer/Toolchains/XcodeDefault.xctoolchain/usr/bin/clang supports -c -o file.o... (cached) yes
checking whether the /Applications/Xcode.app/Contents/Developer/Toolchains/XcodeDefault.xctoolchain/usr/bin/clang linker ( -syslibroot /Applications/Xcode.app/Contents/Developer/Platforms/MacOSX.platform/Developer/SDKs/MacOSX27.0.sdk -mmacosx_version_min=10.13) supports shared libraries... yes
checking how to hardcode library paths into programs... immediate
checking for Objective C++ compilation... yes
checking if /Applications/Xcode.app/Contents/Developer/Toolchains/XcodeDefault.xctoolchain/usr/bin/clang++ supports -fno-rtti -fno-exceptions... (cached) yes
checking for /Applications/Xcode.app/Contents/Developer/Toolchains/XcodeDefault.xctoolchain/usr/bin/clang++ option to produce PIC... -fno-common
checking if /Applications/Xcode.app/Contents/Developer/Toolchains/XcodeDefault.xctoolchain/usr/bin/clang++ PIC flag -fno-common works... yes
checking if /Applications/Xcode.app/Contents/Developer/Toolchains/XcodeDefault.xctoolchain/usr/bin/clang++ static flag -static works... no
checking if /Applications/Xcode.app/Contents/Developer/Toolchains/XcodeDefault.xctoolchain/usr/bin/clang++ supports -c -o file.o... yes
checking if /Applications/Xcode.app/Contents/Developer/Toolchains/XcodeDefault.xctoolchain/usr/bin/clang++ supports -c -o file.o... (cached) yes
checking whether the /Applications/Xcode.app/Contents/Developer/Toolchains/XcodeDefault.xctoolchain/usr/bin/clang++ linker ( -syslibroot /Applications/Xcode.app/Contents/Developer/Platforms/MacOSX.platform/Developer/SDKs/MacOSX27.0.sdk -mmacosx_version_min=10.13) supports shared libraries... yes
checking how to hardcode library paths into programs... immediate
checking for aarch64-apple-darwin19-windres... no
checking for windres... no
checking for bash... /bin/bash
checking if dolt supports this host... yes, replacing libtool
checking whether NLS is requested... yes
checking for msgfmt... /Users/cam/Documents/Projects/ultima-iv-web/vlc-thumbs/work/upstream/vlc-master-story005/extras/tools/build/bin/msgfmt
checking for gmsgfmt... /Users/cam/Documents/Projects/ultima-iv-web/vlc-thumbs/work/upstream/vlc-master-story005/extras/tools/build/bin/msgfmt
checking for xgettext... /Users/cam/Documents/Projects/ultima-iv-web/vlc-thumbs/work/upstream/vlc-master-story005/extras/tools/build/bin/xgettext
checking for msgmerge... /Users/cam/Documents/Projects/ultima-iv-web/vlc-thumbs/work/upstream/vlc-master-story005/extras/tools/build/bin/msgmerge
checking for ld...  -syslibroot /Applications/Xcode.app/Contents/Developer/Platforms/MacOSX.platform/Developer/SDKs/MacOSX27.0.sdk -mmacosx_version_min=10.13
checking if the linker ( -syslibroot /Applications/Xcode.app/Contents/Developer/Platforms/MacOSX.platform/Developer/SDKs/MacOSX27.0.sdk -mmacosx_version_min=10.13) is GNU ld... no
checking for shared library run path origin... done
checking 32-bit host C ABI... no
checking for ELF binary format... no
checking for the common suffixes of directories in the library search path... lib,lib,lib
checking for CFPreferencesCopyAppValue... yes
checking for CFLocaleCopyPreferredLanguages... yes
checking for GNU gettext in libc... no
checking for iconv... yes
checking for working iconv... yes
checking how to link with libiconv... -liconv
checking for GNU gettext in libintl... yes
checking whether to use NLS... yes
checking where the gettext function comes from... external libintl
checking how to link with libintl... -lintl -liconv -Wl,-framework -Wl,CoreFoundation
checking for iconv... (cached) yes
checking for working iconv... (cached) yes
checking how to link with libiconv... -liconv
checking for iconv declaration... 
         extern size_t iconv (iconv_t cd, char * *inbuf, size_t *inbytesleft, char * *outbuf, size_t *outbytesleft);
checking for buggy GNU/libc versions... not present
checking for shared objects suffix... .dylib
checking for accept4... no
checking for dup3... (cached) no
checking for fcntl... yes
checking for flock... yes
checking for fstatat... yes
checking for fstatvfs... yes
checking for fork... yes
checking for getmntent_r... no
checking for getenv... yes
checking for getpwuid_r... yes
checking for isatty... yes
checking for memalign... no
checking for mkostemp... (cached) no
checking for mmap... yes
checking for open_memstream... (cached) no
checking for newlocale... yes
checking for pipe2... (cached) no
checking for posix_fadvise... no
checking for qsort_r... yes
checking for setlocale... yes
checking for uselocale... yes
checking for wordexp... yes
checking for aligned_alloc... (cached) no
checking for asprintf... yes
checking for atof... yes
checking for atoll... yes
checking for dirfd... yes
checking for fdopendir... yes
checking for flockfile... yes
checking for fsync... yes
checking for getdelim... yes
checking for getpid... yes
checking for gmtime_r... yes
checking for lfind... yes
checking for lldiv... yes
checking for localtime_r... yes
checking for memrchr... no
checking for nrand48... yes
checking for poll... yes
checking for posix_memalign... yes
checking for readv... yes
checking for recvmsg... yes
checking for rewind... yes
checking for sendmsg... yes
checking for setenv... yes
checking for strcasecmp... yes
checking for strcasestr... yes
checking for strdup... yes
checking for strlcpy... yes
checking for strndup... yes
checking for strnlen... yes
checking for strnstr... yes
checking for strsep... yes
checking for strtof... yes
checking for strtok_r... yes
checking for strtoll... yes
checking for swab... yes
checking for tdestroy... no
checking for tfind... yes
checking for timegm... yes
checking for timespec_get... (cached) no
checking for strverscmp... no
checking for vasprintf... yes
checking for writev... yes
checking for fdatasync... yes
checking for /Applications/Xcode.app/Contents/Developer/Toolchains/XcodeDefault.xctoolchain/usr/bin/clang -isysroot /Applications/Xcode.app/Contents/Developer/Platforms/MacOSX.platform/Developer/SDKs/MacOSX27.0.sdk -mmacosx-version-min=10.13 options to detect undeclared functions... none needed
checking for /Applications/Xcode.app/Contents/Developer/Toolchains/XcodeDefault.xctoolchain/usr/bin/clang -isysroot /Applications/Xcode.app/Contents/Developer/Platforms/MacOSX.platform/Developer/SDKs/MacOSX27.0.sdk -mmacosx-version-min=10.13 options to ignore future-version functions... -Werror=unguarded-availability-new
checking whether realpath is declared... yes
checking for working strcoll... yes
checking for struct timespec... yes
checking for max_align_t... yes
checking for library containing connect... none required
checking for library containing inet_pton... none required
checking for struct if_nameindex... yes
checking for if_nameindex... yes
checking for socklen_t in sys/socket.h... yes
checking for struct sockaddr_storage... yes
checking for getopt_long... yes
checking for cos in -lm... yes
checking for nanf in -lm... yes
checking for sincos in -lm... no
checking broken qsort_r prototype... broken
checking _Thread_local support... ok
checking for threads.h... no
checking for getaddrinfo_a in -lanl... no
checking for library containing dlsym... none required
checking for library containing clock_nanosleep... no
checking for library containing nanosleep... none required
checking for library containing __atomic_load... no
checking for clock_gettime... (cached) no
checking for clock_nanosleep... no
checking for clock_getres... (cached) no
checking for stdbit.h... no
checking for stdckdint.h... yes
checking for arpa/inet.h... yes
checking for net/if.h... yes
checking for poll.h... yes
checking for pthread.h... yes
checking for search.h... yes
checking for sys/shm.h... yes
checking for sys/socket.h... yes
checking for sys/uio.h... yes
checking for wordexp.h... yes
checking for syslog.h... yes
checking for netinet/tcp.h... yes
checking for sys/param.h... yes
checking for sys/mount.h... yes
checking for features.h... no
checking for getopt.h... yes
checking for linux/dccp.h... no
checking for linux/magic.h... no
checking for sys/auxv.h... no
checking for sys/eventfd.h... no
checking for xlocale.h... yes
checking for struct pollfd... yes
checking if C++ headers define locale_t... yes
checking for ssize_t... yes
checking for aarch64-apple-darwin19-pkg-config... no
checking for pkg-config... /usr/local/bin/pkg-config
checking pkg-config is at least version 0.9.0... yes
checking for zlib.h... yes
checking for inflate in -lz... yes
checking for libidn... no
checking for dbus-1 >= 1.6.0... no
configure: WARNING: Package 'dbus-1' not found.
checking for libnoidea... yes
checking for libsystemd... no
configure: WARNING: Package 'libsystemd' not found.
checking for libelogind... no
configure: WARNING: Package 'libelogind' not found.
checking for basu... no
configure: WARNING: Package 'basu' not found.
configure: WARNING: no sd-bus provider found.
checking whether C compiler accepts -Wall... yes
checking whether C compiler accepts -Wextra... yes
checking whether C compiler accepts -Wsign-compare... yes
checking whether C compiler accepts -Wundef... yes
checking whether C compiler accepts -Wpointer-arith... yes
checking whether C compiler accepts -Wvolatile-register-var... yes
checking whether C compiler accepts -Wformat... yes
checking whether C compiler accepts -Wformat-security... yes
checking whether C compiler accepts -Wduplicated-branches... no
checking whether C compiler accepts -Wduplicated-cond... no
checking whether C++ compiler accepts -Wall... yes
checking whether C++ compiler accepts -Wextra... yes
checking whether C++ compiler accepts -Wsign-compare... yes
checking whether C++ compiler accepts -Wundef... yes
checking whether C++ compiler accepts -Wpointer-arith... yes
checking whether C++ compiler accepts -Wvolatile-register-var... yes
checking whether C++ compiler accepts -Wformat... yes
checking whether C++ compiler accepts -Wformat-security... yes
checking whether C++ compiler accepts -Wduplicated-branches... no
checking whether C++ compiler accepts -Wduplicated-cond... no
checking whether Objective C compiler accepts -Wall... yes
checking whether Objective C compiler accepts -Wextra... yes
checking whether Objective C compiler accepts -Wsign-compare... yes
checking whether Objective C compiler accepts -Wundef... yes
checking whether Objective C compiler accepts -Wpointer-arith... yes
checking whether Objective C compiler accepts -Wvolatile-register-var... yes
checking whether Objective C compiler accepts -Wformat... yes
checking whether Objective C compiler accepts -Wformat-security... yes
checking whether C compiler accepts -Wbad-function-cast... yes
checking whether C compiler accepts -Wwrite-strings... yes
checking whether C compiler accepts -Wmissing-prototypes... yes
checking whether C compiler accepts -Werror-implicit-function-declaration... yes
checking whether C compiler accepts -Winit-self... yes
checking whether C compiler accepts -Wlogical-op... no
checking whether C compiler accepts -Wshadow=local... no
checking whether C compiler accepts -Wmultistatement-macros... no
checking whether C compiler accepts -pipe... yes
checking whether C compiler accepts -Werror=missing-field-initializers... yes
checking whether C compiler accepts -Werror=format... yes
checking whether C compiler accepts -Werror=incompatible-pointer-types... yes
checking whether C compiler accepts -Werror=restrict... no
checking whether C compiler accepts -Werror=int-conversion... yes
checking whether C compiler accepts -Werror=implicit-int... yes
checking whether C compiler accepts -Werror=return-mismatch... yes
checking whether C compiler accepts -Werror=declaration-missing-parameter-type... no
checking whether C compiler accepts -Werror=excess-initializers... yes
checking whether C compiler accepts -Werror=unterminated-string-initialization... yes
checking whether C compiler accepts -Werror=gnu-pointer-arith... yes
checking whether C++ compiler accepts -Werror=missing-field-initializers... yes
checking whether C++ compiler accepts -Werror=format... yes
checking whether C++ compiler accepts -Werror=excess-initializers... yes
checking whether C++ compiler accepts -Werror=unterminated-string-initialization... yes
checking whether C++ compiler accepts -Werror=gnu-pointer-arith... yes
checking whether Objective C compiler accepts -Werror=missing-field-initializers... yes
checking whether Objective C compiler accepts -Werror=format... yes
checking whether Objective C compiler accepts -Werror=excess-initializers... yes
checking whether Objective C compiler accepts -Werror=incompatible-pointer-types... yes
checking whether Objective C compiler accepts -Werror=int-conversion... yes
checking whether Objective C compiler accepts -Werror=implicit-int... yes
checking whether Objective C compiler accepts -Wextra... (cached) yes
checking whether Objective C compiler accepts -Werror=unterminated-string-initialization... yes
checking whether Objective C compiler accepts -Werror=gnu-pointer-arith... yes
checking for valgrind/valgrind.h... no
checking if /Applications/Xcode.app/Contents/Developer/Toolchains/XcodeDefault.xctoolchain/usr/bin/clang -isysroot /Applications/Xcode.app/Contents/Developer/Platforms/MacOSX.platform/Developer/SDKs/MacOSX27.0.sdk -mmacosx-version-min=10.13 accepts -fvisibility=hidden... yes
checking if /Applications/Xcode.app/Contents/Developer/Toolchains/XcodeDefault.xctoolchain/usr/bin/clang -isysroot /Applications/Xcode.app/Contents/Developer/Platforms/MacOSX.platform/Developer/SDKs/MacOSX27.0.sdk -mmacosx-version-min=10.13 accepts -Og... yes
checking whether C compiler accepts -fno-math-errno... yes
checking whether C compiler accepts -funsafe-math-optimizations... yes
checking whether C compiler accepts -fno-rounding-math... yes
checking whether C compiler accepts -fno-signaling-nans... no
checking whether C compiler accepts -fcx-limited-range... yes
checking whether C compiler accepts -fno-math-errno... (cached) yes
checking whether C compiler accepts -funsafe-math-optimizations... (cached) yes
checking whether C compiler accepts -fno-rounding-math... (cached) yes
checking whether C compiler accepts -fno-signaling-nans... (cached) no
checking whether C compiler accepts -fcx-limited-range... (cached) yes
checking whether C compiler accepts -funroll-loops... yes
checking whether C++ compiler accepts -funroll-loops... yes
checking whether Objective C compiler accepts -funroll-loops... yes
checking whether C compiler accepts -fstack-protector-strong... yes
checking whether C compiler accepts -fstack-protector-strong... (cached) yes
checking if linker supports -Bsymbolic... 
checking if linker supports -z,defs... no
checking for __attribute__((packed))... yes
checking for execinfo.h... yes
checking for backtrace... yes
checking if /Applications/Xcode.app/Contents/Developer/Toolchains/XcodeDefault.xctoolchain/usr/bin/clang -isysroot /Applications/Xcode.app/Contents/Developer/Platforms/MacOSX.platform/Developer/SDKs/MacOSX27.0.sdk -mmacosx-version-min=10.13 groks ARM NEON assembly... 64
checking if /Applications/Xcode.app/Contents/Developer/Toolchains/XcodeDefault.xctoolchain/usr/bin/clang -isysroot /Applications/Xcode.app/Contents/Developer/Platforms/MacOSX.platform/Developer/SDKs/MacOSX27.0.sdk -mmacosx-version-min=10.13 groks ARM SVE assembly... yes
checking whether C compiler accepts -mbranch-protection=standard... yes
checking for lua5.2... no
configure: WARNING: Package 'lua5.2' not found, trying lua 5.1 instead
checking for lua5.1... no
configure: WARNING: Package 'lua5.1' not found, trying lua >= 5.1 instead
checking for lua >= 5.1... yes
checking for libarchive >= 3.1.0... yes
checking for live555... yes
checking for libdc1394-2 >= 2.1.0... no
configure: WARNING: Library libdc1394-2 >= 2.1.0 needed for dc1394 was not found
checking for libraw1394 >= 2.0.1 libavc1394 >= 0.5.3... no
configure: WARNING: Library libraw1394 >= 2.0.1 libavc1394 >= 0.5.3 needed for dv1394 was not found
checking for dvdread >= 6.0.0... yes
checking for dvdnav >= 6.0.0... yes
checking for libbluray >= 1.1.0... yes
checking for opencv4... yes
checking for opencv4 >= 4.0.0 sam3... no
configure: WARNING: Library opencv4 >= 4.0.0 sam3 needed for opencv4 was not found
checking for smbclient... no
configure: WARNING: Library smbclient needed for smbclient was not found
checking for libdsm >= 0.2.0... no
checking for libssh2... yes
checking for libnfs >= 1.10.0... yes
checking for libsmb2 >= 3.0.0... yes
checking for linux/videodev2.h... no
checking for sys/videoio.h... no
checking for ffnvcodec... no
configure: WARNING: Package 'ffnvcodec' not found: nvdec will not be available.
checking for AMF/core/PropertyStorage.h... no
checking for AMF/components/HQScaler.h... no
checking for AMF/core/PropertyStorage.h... (cached) no
checking for AMF/components/VQEnhancer.h... no
checking for AMF/core/PropertyStorage.h... (cached) no
checking for AMF/components/FRC.h... no
checking for DeckLinkAPI.h... yes
checking for cdrom_msf0 in linux/cdrom.h... no
checking for scsireq in sys/scsiio.h... no
checking for ioc_toc_header in sys/cdio.h... no
checking for Linux DVB version 5.1... no
checking for ApplicationServices/ApplicationServices.h... yes
checking for freerdp2 >= 2.0.0... no
configure: WARNING: Library freerdp2 >= 2.0.0 needed for freerdp was not found
checking for asdcplib... yes
checking asdcplib API version... 2.12.2 API
checking for libdvbpsi >= 1.2.0... yes
checking for dvbcsa... yes
checking for libgme... yes
checking for libsidplay2... yes
checking for sidplay/builders/resid.h... yes
checking for ogg >= 1.0... yes
checking for vorbis >= 1.1... yes
checking for ogg >= 1.0... yes
checking for shout >= 2.4.3... yes
checking for libebml >= 1.3.6 libmatroska... yes
checking for libmodplug >= 0.8.9.0... yes
checking for shine >= 3.0.0... no
configure: WARNING: Library shine >= 3.0.0 needed for shine was not found
checking for mad.h... yes
checking for mad_bit_init in -lmad... yes
checking for libmpg123... yes
checking for gstreamer-app-1.0... no
configure: WARNING: Package 'gstreamer-app-1.0' not found. GStreamer modules will not be built.
checking for libavcodec >= 58.134.100 libavutil >= 56.70.100... yes
checking for libva >= 1.0... no
configure: WARNING: Package 'libva' not found.
checking for libva-drm... no
configure: WARNING: Package 'libva-drm' not found.
checking for libva-x11... no
configure: WARNING: Package 'libva-x11' not found.
checking for libva-wayland... no
configure: WARNING: Package 'libva-wayland' not found.
checking for dxgidebug.h... no
checking for d3dx9effect.h... no
checking for libavformat >= 58.76.100 libavcodec libavutil... yes
checking for libavformat/avformat.h... yes
checking for libavformat/avio.h... yes
checking for libswscale >= 0.5.0... yes
checking for libpostproc libavutil... yes
checking for postproc/postprocess.h... no
checking for faad2... yes
checking for aom... yes
checking for rav1e... no
configure: WARNING: Library rav1e needed for rav1e was not found
checking for dav1d >= 0.5.0... yes
checking for vpx >= 1.5.0... yes
checking for vpx_codec_vp8_dx in -lvpx... yes
checking for vpx_codec_vp9_dx in -lvpx... yes
checking for vpx_codec_vp8_cx in -lvpx... yes
checking for vpx_codec_vp9_cx in -lvpx... yes
checking for twolame... yes
checking for flac... yes
checking for ogg vorbis >= 1.1 vorbisenc >= 1.1... yes
checking for ogg speex >= 1.0.5... yes
checking for speexdsp... yes
checking for rnnoise... yes
checking for ogg opus >= 1.0.3... yes
checking for spatialaudio... yes
checking for spatialaudio >= 0.4.0... no
checking for ogg theoradec >= 1.0 theoraenc... yes
checking for ogg... yes
checking for oapv >= 0.3... yes
checking for png.h... yes
checking for png_set_alpha_mode in -lpng... yes
checking for jpeglib.h... yes
checking for JPEG library source/destination support... yes
checking for libbpg.h... no
checking for x262... no
checking for x265... yes
checking for x264 >= 0.148... yes
checking for x264 >= 0.153... yes
checking for vpl... no
configure: WARNING: Library vpl needed for vpl was not found
checking for davs2... no
configure: WARNING: Library davs2 needed for davs2 was not found
checking for fluidsynth >= 1.1.2... no
configure: WARNING: Library fluidsynth >= 1.1.2 needed for fluidsynth was not found
checking for fluidlite... yes
checking for fluidlite.h... yes
checking for zvbi-0.2 >= 0.2.28... yes
checking for libaribcaption... yes
checking for aribb24 >= 1.0.1... yes
checking for aribb25 >= 0.2.6... no
configure: WARNING: Library aribb25 >= 0.2.6 needed for aribb25 was not found
checking for kate >= 0.3.0... yes
checking for tiger >= 0.3.1... no
checking for libplacebo >= 4.192... yes
checking libplacebo is compiled with vulkan support... yes
checking libplacebo is compiled with OpenGL support... yes
checking for egl... no
checking for gl... no
checking for OpenGL... no
checking for glesv2... no
checking for vulkan >= 1.0.26... no
checking for X... disabled
checking for vdpau >= 0.6... no
checking for wayland-client >= 1.19.91... no
checking for wayland-cursor... no
checking for wayland-egl... no
checking for wayland-scanner >= 1.23... no
checking for wayland-protocols >= 1.33... no
configure: WARNING:  Package 'wayland-client' not found. Package 'wayland-cursor' not found. Package 'wayland-egl' not found. Package 'wayland-scanner' not found. Package 'wayland-protocols' not found.
checking for xkbcommon... no
configure: WARNING: Package 'xkbcommon' not found. Hotkeys are disabled.
checking for freetype2... yes
checking for fribidi... yes
checking for harfbuzz... yes
checking for libass >= 0.9.8... yes
checking for ISpObjectToken... no
configure: WARNING: sapi.h not found. Text to Speech renderer for Windows disabled
checking for librsvg-2.0 >= 2.9.0... no
configure: WARNING: Library librsvg-2.0 >= 2.9.0 needed for svg was not found
checking for librsvg-2.0 >= 2.9.0 cairo >= 1.13.1... no
configure: WARNING: Library librsvg-2.0 >= 2.9.0 cairo >= 1.13.1 needed for svgdec was not found
checking for drm/drm_mode.h... no
checking for libdrm >= 2.4.83... no
checking for kva.h... no
checking for interface/mmal/mmal.h... no
configure: WARNING: Cannot find development headers for mmal...
checking for libpipewire-0.3 >= 0.3.64... no
checking for alsa >= 1.0.24... no
checking for sys/soundcard.h... no
checking for sndio... no
checking for audioclient.h... no
checking for jack >= 1.9.7... no
configure: WARNING: Package 'jack' not found, trying jack1 instead
checking for jack >= 0.120.1 jack < 1.0... no
configure: WARNING: Package 'jack' not found
Package 'jack' not found.
checking for samplerate... yes
checking for soxr >= 0.1.2... yes
checking for libebur128 >= 1.2.4... yes
checking for kai.h... no
checking for libchromaprint >= 0.6.0... yes
checking for protobuf-lite... yes
checking for protoc... /Users/cam/Documents/Projects/ultima-iv-web/vlc-thumbs/work/story005-master-baseline/contrib/aarch64-apple-darwin19/../bin/protoc
checking protobuf-lite matches /Users/cam/Documents/Projects/ultima-iv-web/vlc-thumbs/work/story005-master-baseline/contrib/aarch64-apple-darwin19/../bin/protoc version 3.21.1... yes
checking for KF6WindowSystem >= 6.0.0... no
checking for xcrun... /usr/bin/xcrun
checking for ibtool (using xcrun)... /Applications/Xcode.app/Contents/Developer/usr/bin/ibtool
checking for metal (using xcrun)... /var/run/com.apple.security.cryptexd/mnt/com.apple.MobileAsset.MetalToolchain-v27.1.266.1.97HWud/Metal.xctoolchain/usr/bin/metal
checking for metallib (using xcrun)... /var/run/com.apple.security.cryptexd/mnt/com.apple.MobileAsset.MetalToolchain-v27.1.266.1.97HWud/Metal.xctoolchain/usr/bin/metallib
checking for actool (using xcrun)... /Applications/Xcode.app/Contents/Developer/usr/bin/actool
checking for xctest (using xcrun)... /Applications/Xcode.app/Contents/Developer/usr/bin/xctest
checking for dmgbuild... no
configure: WARNING: dmgbuild not found -- unable to build fancy DMGs
checking for ncursesw... yes
checking for srt >= 1.3.2... yes
checking for librist >= 0.2.1... yes
checking for libgoom2... yes
checking for projectM-4... no
checking for libprojectM... no
configure: WARNING: Package 'libprojectM' not found.
checking for libvsxu... no
configure: WARNING: Package 'libvsxu' not found.
checking for avahi-client >= 0.6... no
configure: WARNING: Library avahi-client >= 0.6 needed for avahi was not found
checking for libudev >= 142... no
configure: WARNING: Library libudev >= 142 needed for udev was not found
checking for libmtp >= 1.0.0... no
configure: WARNING: Library libmtp >= 1.0.0 needed for mtp was not found
checking for libupnp >= 1.8.5... yes
checking for microdns >= 0.1.2... no
configure: WARNING: Library microdns >= 0.1.2 needed for microdns was not found
checking for libxml-2.0 >= 2.5... yes
checking for gcrypt 1.6.0 or later... yes
checking for gpg-error... yes
checking for gnutls >= 3.5.0... yes
checking for taglib >= 1.11... yes
checking for libsecret-1 >= 0.18... no
configure: WARNING: Library libsecret-1 >= 0.18 needed for secret was not found
checking for gbm... no
checking for libnotify... no
configure: WARNING: Library libnotify needed for notify was not found
checking for medialibrary >= 0.13.0... yes
checking whether byte ordering is bigendian... no
checking that generated files are newer than configure... done
configure: creating ./config.status
config.status: creating Makefile
config.status: creating doc/Makefile
config.status: creating modules/Makefile
config.status: creating modules/gui/qt/Makefile
config.status: creating m4/Makefile
config.status: creating po/Makefile.in
config.status: creating share/Makefile
config.status: creating compat/Makefile
config.status: creating src/Makefile
config.status: creating lib/Makefile
config.status: creating bin/Makefile
config.status: creating test/Makefile
config.status: creating share/macosx/Info.plist
config.status: creating config.h
config.status: executing depfiles commands
config.status: executing libtool commands
config.status: executing po-directories commands
config.status: creating po/POTFILES
config.status: creating po/Makefile

libvlc configuration
--------------------
version               : 4.0.0-dev
system                : darwin
architecture          : aarch64
optimizations         : yes
vlc aliases           : cvlc rvlc svlc nvlc

To build vlc and its plugins, type `make', or `./compile' if you like nice colors.
[\033[1;32mbuild\033[0m] Running make -j4
/Applications/Xcode.app/Contents/Developer/usr/bin/make  all-recursive
Making all in compat
  CC       dummy.lo
  CC       aligned_alloc.lo
  CC       tdestroy.lo
  CC       memrchr.lo
  CC       timespec_get.lo
  CC       strverscmp.lo
  CC       sincos.lo
  CC       clock_gettime.lo
  CC       clock_nanosleep.lo
  CC       clock_getres.lo
  CCLD     libcompat.la
Making all in po
test ! -f /Users/cam/Documents/Projects/ultima-iv-web/vlc-thumbs/work/upstream/vlc-master-story005/extras/package/macosx/../../../po/vlc.pot || \
	  test -z "/Users/cam/Documents/Projects/ultima-iv-web/vlc-thumbs/work/upstream/vlc-master-story005/extras/package/macosx/../../../po/ach.gmo /Users/cam/Documents/Projects/ultima-iv-web/vlc-thumbs/work/upstream/vlc-master-story005/extras/package/macosx/../../../po/af.gmo /Users/cam/Documents/Projects/ultima-iv-web/vlc-thumbs/work/upstream/vlc-master-story005/extras/package/macosx/../../../po/am.gmo /Users/cam/Documents/Projects/ultima-iv-web/vlc-thumbs/work/upstream/vlc-master-story005/extras/package/macosx/../../../po/an.gmo /Users/cam/Documents/Projects/ultima-iv-web/vlc-thumbs/work/upstream/vlc-master-story005/extras/package/macosx/../../../po/ar.gmo /Users/cam/Documents/Projects/ultima-iv-web/vlc-thumbs/work/upstream/vlc-master-story005/extras/package/macosx/../../../po/as.gmo /Users/cam/Documents/Projects/ultima-iv-web/vlc-thumbs/work/upstream/vlc-master-story005/extras/package/macosx/../../../po/ast.gmo /Users/cam/Documents/Projects/ultima-iv-web/vlc-thumbs/work/upstream/vlc-master-story005/extras/package/macosx/../../../po/az.gmo /Users/cam/Documents/Projects/ultima-iv-web/vlc-thumbs/work/upstream/vlc-master-story005/extras/package/macosx/../../../po/be.gmo /Users/cam/Documents/Projects/ultima-iv-web/vlc-thumbs/work/upstream/vlc-master-story005/extras/package/macosx/../../../po/bg.gmo /Users/cam/Documents/Projects/ultima-iv-web/vlc-thumbs/work/upstream/vlc-master-story005/extras/package/macosx/../../../po/bn_IN.gmo /Users/cam/Documents/Projects/ultima-iv-web/vlc-thumbs/work/upstream/vlc-master-story005/extras/package/macosx/../../../po/bn.gmo /Users/cam/Documents/Projects/ultima-iv-web/vlc-thumbs/work/upstream/vlc-master-story005/extras/package/macosx/../../../po/br.gmo /Users/cam/Documents/Projects/ultima-iv-web/vlc-thumbs/work/upstream/vlc-master-story005/extras/package/macosx/../../../po/brx.gmo /Users/cam/Documents/Projects/ultima-iv-web/vlc-thumbs/work/upstream/vlc-master-story005/extras/package/macosx/../../../po/bs.gmo /Users/cam/Documents/Projects/ultima-iv-web/vlc-thumbs/work/upstream/vlc-master-story005/extras/package/macosx/../../../po/ca.gmo /Users/cam/Documents/Projects/ultima-iv-web/vlc-thumbs/work/upstream/vlc-master-story005/extras/package/macosx/../../../po/cgg.gmo /Users/cam/Documents/Projects/ultima-iv-web/vlc-thumbs/work/upstream/vlc-master-story005/extras/package/macosx/../../../po/ckb.gmo /Users/cam/Documents/Projects/ultima-iv-web/vlc-thumbs/work/upstream/vlc-master-story005/extras/package/macosx/../../../po/co.gmo /Users/cam/Documents/Projects/ultima-iv-web/vlc-thumbs/work/upstream/vlc-master-story005/extras/package/macosx/../../../po/cs.gmo /Users/cam/Documents/Projects/ultima-iv-web/vlc-thumbs/work/upstream/vlc-master-story005/extras/package/macosx/../../../po/cy.gmo /Users/cam/Documents/Projects/ultima-iv-web/vlc-thumbs/work/upstream/vlc-master-story005/extras/package/macosx/../../../po/da.gmo /Users/cam/Documents/Projects/ultima-iv-web/vlc-thumbs/work/upstream/vlc-master-story005/extras/package/macosx/../../../po/de.gmo /Users/cam/Documents/Projects/ultima-iv-web/vlc-thumbs/work/upstream/vlc-master-story005/extras/package/macosx/../../../po/el.gmo /Users/cam/Documents/Projects/ultima-iv-web/vlc-thumbs/work/upstream/vlc-master-story005/extras/package/macosx/../../../po/en_GB.gmo /Users/cam/Documents/Projects/ultima-iv-web/vlc-thumbs/work/upstream/vlc-master-story005/extras/package/macosx/../../../po/es.gmo /Users/cam/Documents/Projects/ultima-iv-web/vlc-thumbs/work/upstream/vlc-master-story005/extras/package/macosx/../../../po/et.gmo /Users/cam/Documents/Projects/ultima-iv-web/vlc-thumbs/work/upstream/vlc-master-story005/extras/package/macosx/../../../po/eu.gmo /Users/cam/Documents/Projects/ultima-iv-web/vlc-thumbs/work/upstream/vlc-master-story005/extras/package/macosx/../../../po/fa.gmo /Users/cam/Documents/Projects/ultima-iv-web/vlc-thumbs/work/upstream/vlc-master-story005/extras/package/macosx/../../../po/ff.gmo /Users/cam/Documents/Projects/ultima-iv-web/vlc-thumbs/work/upstream/vlc-master-story005/extras/package/macosx/../../../po/fi.gmo /Users/cam/Documents/Projects/ultima-iv-web/vlc-thumbs/work/upstream/vlc-master-story005/extras/package/macosx/../../../po/fr.gmo /Users/cam/Documents/Projects/ultima-iv-web/vlc-thumbs/work/upstream/vlc-master-story005/extras/package/macosx/../../../po/fur.gmo /Users/cam/Documents/Projects/ultima-iv-web/vlc-thumbs/work/upstream/vlc-master-story005/extras/package/macosx/../../../po/fy.gmo /Users/cam/Documents/Projects/ultima-iv-web/vlc-thumbs/work/upstream/vlc-master-story005/extras/package/macosx/../../../po/ga.gmo /Users/cam/Documents/Projects/ultima-iv-web/vlc-thumbs/work/upstream/vlc-master-story005/extras/package/macosx/../../../po/gd.gmo /Users/cam/Documents/Projects/ultima-iv-web/vlc-thumbs/work/upstream/vlc-master-story005/extras/package/macosx/../../../po/gl.gmo /Users/cam/Documents/Projects/ultima-iv-web/vlc-thumbs/work/upstream/vlc-master-story005/extras/package/macosx/../../../po/gu.gmo /Users/cam/Documents/Projects/ultima-iv-web/vlc-thumbs/work/upstream/vlc-master-story005/extras/package/macosx/../../../po/he.gmo /Users/cam/Documents/Projects/ultima-iv-web/vlc-thumbs/work/upstream/vlc-master-story005/extras/package/macosx/../../../po/hi.gmo /Users/cam/Documents/Projects/ultima-iv-web/vlc-thumbs/work/upstream/vlc-master-story005/extras/package/macosx/../../../po/hr.gmo /Users/cam/Documents/Projects/ultima-iv-web/vlc-thumbs/work/upstream/vlc-master-story005/extras/package/macosx/../../../po/hu.gmo /Users/cam/Documents/Projects/ultima-iv-web/vlc-thumbs/work/upstream/vlc-master-story005/extras/package/macosx/../../../po/hy.gmo /Users/cam/Documents/Projects/ultima-iv-web/vlc-thumbs/work/upstream/vlc-master-story005/extras/package/macosx/../../../po/ia.gmo /Users/cam/Documents/Projects/ultima-iv-web/vlc-thumbs/work/upstream/vlc-master-story005/extras/package/macosx/../../../po/id.gmo /Users/cam/Documents/Projects/ultima-iv-web/vlc-thumbs/work/upstream/vlc-master-story005/extras/package/macosx/../../../po/is.gmo /Users/cam/Documents/Projects/ultima-iv-web/vlc-thumbs/work/upstream/vlc-master-story005/extras/package/macosx/../../../po/it.gmo /Users/cam/Documents/Projects/ultima-iv-web/vlc-thumbs/work/upstream/vlc-master-story005/extras/package/macosx/../../../po/ja.gmo /Users/cam/Documents/Projects/ultima-iv-web/vlc-thumbs/work/upstream/vlc-master-story005/extras/package/macosx/../../../po/ka.gmo /Users/cam/Documents/Projects/ultima-iv-web/vlc-thumbs/work/upstream/vlc-master-story005/extras/package/macosx/../../../po/kk.gmo /Users/cam/Documents/Projects/ultima-iv-web/vlc-thumbs/work/upstream/vlc-master-story005/extras/package/macosx/../../../po/km.gmo /Users/cam/Documents/Projects/ultima-iv-web/vlc-thumbs/work/upstream/vlc-master-story005/extras/package/macosx/../../../po/kn.gmo /Users/cam/Documents/Projects/ultima-iv-web/vlc-thumbs/work/upstream/vlc-master-story005/extras/package/macosx/../../../po/ko.gmo /Users/cam/Documents/Projects/ultima-iv-web/vlc-thumbs/work/upstream/vlc-master-story005/extras/package/macosx/../../../po/ks_IN.gmo /Users/cam/Documents/Projects/ultima-iv-web/vlc-thumbs/work/upstream/vlc-master-story005/extras/package/macosx/../../../po/ky.gmo /Users/cam/Documents/Projects/ultima-iv-web/vlc-thumbs/work/upstream/vlc-master-story005/extras/package/macosx/../../../po/lg.gmo /Users/cam/Documents/Projects/ultima-iv-web/vlc-thumbs/work/upstream/vlc-master-story005/extras/package/macosx/../../../po/lt.gmo /Users/cam/Documents/Projects/ultima-iv-web/vlc-thumbs/work/upstream/vlc-master-story005/extras/package/macosx/../../../po/lv.gmo /Users/cam/Documents/Projects/ultima-iv-web/vlc-thumbs/work/upstream/vlc-master-story005/extras/package/macosx/../../../po/mai.gmo /Users/cam/Documents/Projects/ultima-iv-web/vlc-thumbs/work/upstream/vlc-master-story005/extras/package/macosx/../../../po/mk.gmo /Users/cam/Documents/Projects/ultima-iv-web/vlc-thumbs/work/upstream/vlc-master-story005/extras/package/macosx/../../../po/ml.gmo /Users/cam/Documents/Projects/ultima-iv-web/vlc-thumbs/work/upstream/vlc-master-story005/extras/package/macosx/../../../po/mn.gmo /Users/cam/Documents/Projects/ultima-iv-web/vlc-thumbs/work/upstream/vlc-master-story005/extras/package/macosx/../../../po/mr.gmo /Users/cam/Documents/Projects/ultima-iv-web/vlc-thumbs/work/upstream/vlc-master-story005/extras/package/macosx/../../../po/ms.gmo /Users/cam/Documents/Projects/ultima-iv-web/vlc-thumbs/work/upstream/vlc-master-story005/extras/package/macosx/../../../po/my.gmo /Users/cam/Documents/Projects/ultima-iv-web/vlc-thumbs/work/upstream/vlc-master-story005/extras/package/macosx/../../../po/nb.gmo /Users/cam/Documents/Projects/ultima-iv-web/vlc-thumbs/work/upstream/vlc-master-story005/extras/package/macosx/../../../po/ne.gmo /Users/cam/Documents/Projects/ultima-iv-web/vlc-thumbs/work/upstream/vlc-master-story005/extras/package/macosx/../../../po/nl.gmo /Users/cam/Documents/Projects/ultima-iv-web/vlc-thumbs/work/upstream/vlc-master-story005/extras/package/macosx/../../../po/nn.gmo /Users/cam/Documents/Projects/ultima-iv-web/vlc-thumbs/work/upstream/vlc-master-story005/extras/package/macosx/../../../po/oc.gmo /Users/cam/Documents/Projects/ultima-iv-web/vlc-thumbs/work/upstream/vlc-master-story005/extras/package/macosx/../../../po/or.gmo /Users/cam/Documents/Projects/ultima-iv-web/vlc-thumbs/work/upstream/vlc-master-story005/extras/package/macosx/../../../po/pa.gmo /Users/cam/Documents/Projects/ultima-iv-web/vlc-thumbs/work/upstream/vlc-master-story005/extras/package/macosx/../../../po/pl.gmo /Users/cam/Documents/Projects/ultima-iv-web/vlc-thumbs/work/upstream/vlc-master-story005/extras/package/macosx/../../../po/ps.gmo /Users/cam/Documents/Projects/ultima-iv-web/vlc-thumbs/work/upstream/vlc-master-story005/extras/package/macosx/../../../po/pt_BR.gmo /Users/cam/Documents/Projects/ultima-iv-web/vlc-thumbs/work/upstream/vlc-master-story005/extras/package/macosx/../../../po/pt_PT.gmo /Users/cam/Documents/Projects/ultima-iv-web/vlc-thumbs/work/upstream/vlc-master-story005/extras/package/macosx/../../../po/ro.gmo /Users/cam/Documents/Projects/ultima-iv-web/vlc-thumbs/work/upstream/vlc-master-story005/extras/package/macosx/../../../po/ru.gmo /Users/cam/Documents/Projects/ultima-iv-web/vlc-thumbs/work/upstream/vlc-master-story005/extras/package/macosx/../../../po/si.gmo /Users/cam/Documents/Projects/ultima-iv-web/vlc-thumbs/work/upstream/vlc-master-story005/extras/package/macosx/../../../po/sk.gmo /Users/cam/Documents/Projects/ultima-iv-web/vlc-thumbs/work/upstream/vlc-master-story005/extras/package/macosx/../../../po/sl.gmo /Users/cam/Documents/Projects/ultima-iv-web/vlc-thumbs/work/upstream/vlc-master-story005/extras/package/macosx/../../../po/sq.gmo /Users/cam/Documents/Projects/ultima-iv-web/vlc-thumbs/work/upstream/vlc-master-story005/extras/package/macosx/../../../po/sr.gmo /Users/cam/Documents/Projects/ultima-iv-web/vlc-thumbs/work/upstream/vlc-master-story005/extras/package/macosx/../../../po/sv.gmo /Users/cam/Documents/Projects/ultima-iv-web/vlc-thumbs/work/upstream/vlc-master-story005/extras/package/macosx/../../../po/ta.gmo /Users/cam/Documents/Projects/ultima-iv-web/vlc-thumbs/work/upstream/vlc-master-story005/extras/package/macosx/../../../po/te.gmo /Users/cam/Documents/Projects/ultima-iv-web/vlc-thumbs/work/upstream/vlc-master-story005/extras/package/macosx/../../../po/tet.gmo /Users/cam/Documents/Projects/ultima-iv-web/vlc-thumbs/work/upstream/vlc-master-story005/extras/package/macosx/../../../po/th.gmo /Users/cam/Documents/Projects/ultima-iv-web/vlc-thumbs/work/upstream/vlc-master-story005/extras/package/macosx/../../../po/tl.gmo /Users/cam/Documents/Projects/ultima-iv-web/vlc-thumbs/work/upstream/vlc-master-story005/extras/package/macosx/../../../po/tr.gmo /Users/cam/Documents/Projects/ultima-iv-web/vlc-thumbs/work/upstream/vlc-master-story005/extras/package/macosx/../../../po/ug.gmo /Users/cam/Documents/Projects/ultima-iv-web/vlc-thumbs/work/upstream/vlc-master-story005/extras/package/macosx/../../../po/uk.gmo /Users/cam/Documents/Projects/ultima-iv-web/vlc-thumbs/work/upstream/vlc-master-story005/extras/package/macosx/../../../po/uz.gmo /Users/cam/Documents/Projects/ultima-iv-web/vlc-thumbs/work/upstream/vlc-master-story005/extras/package/macosx/../../../po/vi.gmo /Users/cam/Documents/Projects/ultima-iv-web/vlc-thumbs/work/upstream/vlc-master-story005/extras/package/macosx/../../../po/wa.gmo /Users/cam/Documents/Projects/ultima-iv-web/vlc-thumbs/work/upstream/vlc-master-story005/extras/package/macosx/../../../po/zh_CN.gmo /Users/cam/Documents/Projects/ultima-iv-web/vlc-thumbs/work/upstream/vlc-master-story005/extras/package/macosx/../../../po/zh_TW.gmo /Users/cam/Documents/Projects/ultima-iv-web/vlc-thumbs/work/upstream/vlc-master-story005/extras/package/macosx/../../../po/zu.gmo" || /Applications/Xcode.app/Contents/Developer/usr/bin/make /Users/cam/Documents/Projects/ultima-iv-web/vlc-thumbs/work/upstream/vlc-master-story005/extras/package/macosx/../../../po/ach.gmo /Users/cam/Documents/Projects/ultima-iv-web/vlc-thumbs/work/upstream/vlc-master-story005/extras/package/macosx/../../../po/af.gmo /Users/cam/Documents/Projects/ultima-iv-web/vlc-thumbs/work/upstream/vlc-master-story005/extras/package/macosx/../../../po/am.gmo /Users/cam/Documents/Projects/ultima-iv-web/vlc-thumbs/work/upstream/vlc-master-story005/extras/package/macosx/../../../po/an.gmo /Users/cam/Documents/Projects/ultima-iv-web/vlc-thumbs/work/upstream/vlc-master-story005/extras/package/macosx/../../../po/ar.gmo /Users/cam/Documents/Projects/ultima-iv-web/vlc-thumbs/work/upstream/vlc-master-story005/extras/package/macosx/../../../po/as.gmo /Users/cam/Documents/Projects/ultima-iv-web/vlc-thumbs/work/upstream/vlc-master-story005/extras/package/macosx/../../../po/ast.gmo /Users/cam/Documents/Projects/ultima-iv-web/vlc-thumbs/work/upstream/vlc-master-story005/extras/package/macosx/../../../po/az.gmo /Users/cam/Documents/Projects/ultima-iv-web/vlc-thumbs/work/upstream/vlc-master-story005/extras/package/macosx/../../../po/be.gmo /Users/cam/Documents/Projects/ultima-iv-web/vlc-thumbs/work/upstream/vlc-master-story005/extras/package/macosx/../../../po/bg.gmo /Users/cam/Documents/Projects/ultima-iv-web/vlc-thumbs/work/upstream/vlc-master-story005/extras/package/macosx/../../../po/bn_IN.gmo /Users/cam/Documents/Projects/ultima-iv-web/vlc-thumbs/work/upstream/vlc-master-story005/extras/package/macosx/../../../po/bn.gmo /Users/cam/Documents/Projects/ultima-iv-web/vlc-thumbs/work/upstream/vlc-master-story005/extras/package/macosx/../../../po/br.gmo /Users/cam/Documents/Projects/ultima-iv-web/vlc-thumbs/work/upstream/vlc-master-story005/extras/package/macosx/../../../po/brx.gmo /Users/cam/Documents/Projects/ultima-iv-web/vlc-thumbs/work/upstream/vlc-master-story005/extras/package/macosx/../../../po/bs.gmo /Users/cam/Documents/Projects/ultima-iv-web/vlc-thumbs/work/upstream/vlc-master-story005/extras/package/macosx/../../../po/ca.gmo /Users/cam/Documents/Projects/ultima-iv-web/vlc-thumbs/work/upstream/vlc-master-story005/extras/package/macosx/../../../po/cgg.gmo /Users/cam/Documents/Projects/ultima-iv-web/vlc-thumbs/work/upstream/vlc-master-story005/extras/package/macosx/../../../po/ckb.gmo /Users/cam/Documents/Projects/ultima-iv-web/vlc-thumbs/work/upstream/vlc-master-story005/extras/package/macosx/../../../po/co.gmo /Users/cam/Documents/Projects/ultima-iv-web/vlc-thumbs/work/upstream/vlc-master-story005/extras/package/macosx/../../../po/cs.gmo /Users/cam/Documents/Projects/ultima-iv-web/vlc-thumbs/work/upstream/vlc-master-story005/extras/package/macosx/../../../po/cy.gmo /Users/cam/Documents/Projects/ultima-iv-web/vlc-thumbs/work/upstream/vlc-master-story005/extras/package/macosx/../../../po/da.gmo /Users/cam/Documents/Projects/ultima-iv-web/vlc-thumbs/work/upstream/vlc-master-story005/extras/package/macosx/../../../po/de.gmo /Users/cam/Documents/Projects/ultima-iv-web/vlc-thumbs/work/upstream/vlc-master-story005/extras/package/macosx/../../../po/el.gmo /Users/cam/Documents/Projects/ultima-iv-web/vlc-thumbs/work/upstream/vlc-master-story005/extras/package/macosx/../../../po/en_GB.gmo /Users/cam/Documents/Projects/ultima-iv-web/vlc-thumbs/work/upstream/vlc-master-story005/extras/package/macosx/../../../po/es.gmo /Users/cam/Documents/Projects/ultima-iv-web/vlc-thumbs/work/upstream/vlc-master-story005/extras/package/macosx/../../../po/et.gmo /Users/cam/Documents/Projects/ultima-iv-web/vlc-thumbs/work/upstream/vlc-master-story005/extras/package/macosx/../../../po/eu.gmo /Users/cam/Documents/Projects/ultima-iv-web/vlc-thumbs/work/upstream/vlc-master-story005/extras/package/macosx/../../../po/fa.gmo /Users/cam/Documents/Projects/ultima-iv-web/vlc-thumbs/work/upstream/vlc-master-story005/extras/package/macosx/../../../po/ff.gmo /Users/cam/Documents/Projects/ultima-iv-web/vlc-thumbs/work/upstream/vlc-master-story005/extras/package/macosx/../../../po/fi.gmo /Users/cam/Documents/Projects/ultima-iv-web/vlc-thumbs/work/upstream/vlc-master-story005/extras/package/macosx/../../../po/fr.gmo /Users/cam/Documents/Projects/ultima-iv-web/vlc-thumbs/work/upstream/vlc-master-story005/extras/package/macosx/../../../po/fur.gmo /Users/cam/Documents/Projects/ultima-iv-web/vlc-thumbs/work/upstream/vlc-master-story005/extras/package/macosx/../../../po/fy.gmo /Users/cam/Documents/Projects/ultima-iv-web/vlc-thumbs/work/upstream/vlc-master-story005/extras/package/macosx/../../../po/ga.gmo /Users/cam/Documents/Projects/ultima-iv-web/vlc-thumbs/work/upstream/vlc-master-story005/extras/package/macosx/../../../po/gd.gmo /Users/cam/Documents/Projects/ultima-iv-web/vlc-thumbs/work/upstream/vlc-master-story005/extras/package/macosx/../../../po/gl.gmo /Users/cam/Documents/Projects/ultima-iv-web/vlc-thumbs/work/upstream/vlc-master-story005/extras/package/macosx/../../../po/gu.gmo /Users/cam/Documents/Projects/ultima-iv-web/vlc-thumbs/work/upstream/vlc-master-story005/extras/package/macosx/../../../po/he.gmo /Users/cam/Documents/Projects/ultima-iv-web/vlc-thumbs/work/upstream/vlc-master-story005/extras/package/macosx/../../../po/hi.gmo /Users/cam/Documents/Projects/ultima-iv-web/vlc-thumbs/work/upstream/vlc-master-story005/extras/package/macosx/../../../po/hr.gmo /Users/cam/Documents/Projects/ultima-iv-web/vlc-thumbs/work/upstream/vlc-master-story005/extras/package/macosx/../../../po/hu.gmo /Users/cam/Documents/Projects/ultima-iv-web/vlc-thumbs/work/upstream/vlc-master-story005/extras/package/macosx/../../../po/hy.gmo /Users/cam/Documents/Projects/ultima-iv-web/vlc-thumbs/work/upstream/vlc-master-story005/extras/package/macosx/../../../po/ia.gmo /Users/cam/Documents/Projects/ultima-iv-web/vlc-thumbs/work/upstream/vlc-master-story005/extras/package/macosx/../../../po/id.gmo /Users/cam/Documents/Projects/ultima-iv-web/vlc-thumbs/work/upstream/vlc-master-story005/extras/package/macosx/../../../po/is.gmo /Users/cam/Documents/Projects/ultima-iv-web/vlc-thumbs/work/upstream/vlc-master-story005/extras/package/macosx/../../../po/it.gmo /Users/cam/Documents/Projects/ultima-iv-web/vlc-thumbs/work/upstream/vlc-master-story005/extras/package/macosx/../../../po/ja.gmo /Users/cam/Documents/Projects/ultima-iv-web/vlc-thumbs/work/upstream/vlc-master-story005/extras/package/macosx/../../../po/ka.gmo /Users/cam/Documents/Projects/ultima-iv-web/vlc-thumbs/work/upstream/vlc-master-story005/extras/package/macosx/../../../po/kk.gmo /Users/cam/Documents/Projects/ultima-iv-web/vlc-thumbs/work/upstream/vlc-master-story005/extras/package/macosx/../../../po/km.gmo /Users/cam/Documents/Projects/ultima-iv-web/vlc-thumbs/work/upstream/vlc-master-story005/extras/package/macosx/../../../po/kn.gmo /Users/cam/Documents/Projects/ultima-iv-web/vlc-thumbs/work/upstream/vlc-master-story005/extras/package/macosx/../../../po/ko.gmo /Users/cam/Documents/Projects/ultima-iv-web/vlc-thumbs/work/upstream/vlc-master-story005/extras/package/macosx/../../../po/ks_IN.gmo /Users/cam/Documents/Projects/ultima-iv-web/vlc-thumbs/work/upstream/vlc-master-story005/extras/package/macosx/../../../po/ky.gmo /Users/cam/Documents/Projects/ultima-iv-web/vlc-thumbs/work/upstream/vlc-master-story005/extras/package/macosx/../../../po/lg.gmo /Users/cam/Documents/Projects/ultima-iv-web/vlc-thumbs/work/upstream/vlc-master-story005/extras/package/macosx/../../../po/lt.gmo /Users/cam/Documents/Projects/ultima-iv-web/vlc-thumbs/work/upstream/vlc-master-story005/extras/package/macosx/../../../po/lv.gmo /Users/cam/Documents/Projects/ultima-iv-web/vlc-thumbs/work/upstream/vlc-master-story005/extras/package/macosx/../../../po/mai.gmo /Users/cam/Documents/Projects/ultima-iv-web/vlc-thumbs/work/upstream/vlc-master-story005/extras/package/macosx/../../../po/mk.gmo /Users/cam/Documents/Projects/ultima-iv-web/vlc-thumbs/work/upstream/vlc-master-story005/extras/package/macosx/../../../po/ml.gmo /Users/cam/Documents/Projects/ultima-iv-web/vlc-thumbs/work/upstream/vlc-master-story005/extras/package/macosx/../../../po/mn.gmo /Users/cam/Documents/Projects/ultima-iv-web/vlc-thumbs/work/upstream/vlc-master-story005/extras/package/macosx/../../../po/mr.gmo /Users/cam/Documents/Projects/ultima-iv-web/vlc-thumbs/work/upstream/vlc-master-story005/extras/package/macosx/../../../po/ms.gmo /Users/cam/Documents/Projects/ultima-iv-web/vlc-thumbs/work/upstream/vlc-master-story005/extras/package/macosx/../../../po/my.gmo /Users/cam/Documents/Projects/ultima-iv-web/vlc-thumbs/work/upstream/vlc-master-story005/extras/package/macosx/../../../po/nb.gmo /Users/cam/Documents/Projects/ultima-iv-web/vlc-thumbs/work/upstream/vlc-master-story005/extras/package/macosx/../../../po/ne.gmo /Users/cam/Documents/Projects/ultima-iv-web/vlc-thumbs/work/upstream/vlc-master-story005/extras/package/macosx/../../../po/nl.gmo /Users/cam/Documents/Projects/ultima-iv-web/vlc-thumbs/work/upstream/vlc-master-story005/extras/package/macosx/../../../po/nn.gmo /Users/cam/Documents/Projects/ultima-iv-web/vlc-thumbs/work/upstream/vlc-master-story005/extras/package/macosx/../../../po/oc.gmo /Users/cam/Documents/Projects/ultima-iv-web/vlc-thumbs/work/upstream/vlc-master-story005/extras/package/macosx/../../../po/or.gmo /Users/cam/Documents/Projects/ultima-iv-web/vlc-thumbs/work/upstream/vlc-master-story005/extras/package/macosx/../../../po/pa.gmo /Users/cam/Documents/Projects/ultima-iv-web/vlc-thumbs/work/upstream/vlc-master-story005/extras/package/macosx/../../../po/pl.gmo /Users/cam/Documents/Projects/ultima-iv-web/vlc-thumbs/work/upstream/vlc-master-story005/extras/package/macosx/../../../po/ps.gmo /Users/cam/Documents/Projects/ultima-iv-web/vlc-thumbs/work/upstream/vlc-master-story005/extras/package/macosx/../../../po/pt_BR.gmo /Users/cam/Documents/Projects/ultima-iv-web/vlc-thumbs/work/upstream/vlc-master-story005/extras/package/macosx/../../../po/pt_PT.gmo /Users/cam/Documents/Projects/ultima-iv-web/vlc-thumbs/work/upstream/vlc-master-story005/extras/package/macosx/../../../po/ro.gmo /Users/cam/Documents/Projects/ultima-iv-web/vlc-thumbs/work/upstream/vlc-master-story005/extras/package/macosx/../../../po/ru.gmo /Users/cam/Documents/Projects/ultima-iv-web/vlc-thumbs/work/upstream/vlc-master-story005/extras/package/macosx/../../../po/si.gmo /Users/cam/Documents/Projects/ultima-iv-web/vlc-thumbs/work/upstream/vlc-master-story005/extras/package/macosx/../../../po/sk.gmo /Users/cam/Documents/Projects/ultima-iv-web/vlc-thumbs/work/upstream/vlc-master-story005/extras/package/macosx/../../../po/sl.gmo /Users/cam/Documents/Projects/ultima-iv-web/vlc-thumbs/work/upstream/vlc-master-story005/extras/package/macosx/../../../po/sq.gmo /Users/cam/Documents/Projects/ultima-iv-web/vlc-thumbs/work/upstream/vlc-master-story005/extras/package/macosx/../../../po/sr.gmo /Users/cam/Documents/Projects/ultima-iv-web/vlc-thumbs/work/upstream/vlc-master-story005/extras/package/macosx/../../../po/sv.gmo /Users/cam/Documents/Projects/ultima-iv-web/vlc-thumbs/work/upstream/vlc-master-story005/extras/package/macosx/../../../po/ta.gmo /Users/cam/Documents/Projects/ultima-iv-web/vlc-thumbs/work/upstream/vlc-master-story005/extras/package/macosx/../../../po/te.gmo /Users/cam/Documents/Projects/ultima-iv-web/vlc-thumbs/work/upstream/vlc-master-story005/extras/package/macosx/../../../po/tet.gmo /Users/cam/Documents/Projects/ultima-iv-web/vlc-thumbs/work/upstream/vlc-master-story005/extras/package/macosx/../../../po/th.gmo /Users/cam/Documents/Projects/ultima-iv-web/vlc-thumbs/work/upstream/vlc-master-story005/extras/package/macosx/../../../po/tl.gmo /Users/cam/Documents/Projects/ultima-iv-web/vlc-thumbs/work/upstream/vlc-master-story005/extras/package/macosx/../../../po/tr.gmo /Users/cam/Documents/Projects/ultima-iv-web/vlc-thumbs/work/upstream/vlc-master-story005/extras/package/macosx/../../../po/ug.gmo /Users/cam/Documents/Projects/ultima-iv-web/vlc-thumbs/work/upstream/vlc-master-story005/extras/package/macosx/../../../po/uk.gmo /Users/cam/Documents/Projects/ultima-iv-web/vlc-thumbs/work/upstream/vlc-master-story005/extras/package/macosx/../../../po/uz.gmo /Users/cam/Documents/Projects/ultima-iv-web/vlc-thumbs/work/upstream/vlc-master-story005/extras/package/macosx/../../../po/vi.gmo /Users/cam/Documents/Projects/ultima-iv-web/vlc-thumbs/work/upstream/vlc-master-story005/extras/package/macosx/../../../po/wa.gmo /Users/cam/Documents/Projects/ultima-iv-web/vlc-thumbs/work/upstream/vlc-master-story005/extras/package/macosx/../../../po/zh_CN.gmo /Users/cam/Documents/Projects/ultima-iv-web/vlc-thumbs/work/upstream/vlc-master-story005/extras/package/macosx/../../../po/zh_TW.gmo /Users/cam/Documents/Projects/ultima-iv-web/vlc-thumbs/work/upstream/vlc-master-story005/extras/package/macosx/../../../po/zu.gmo
cd /Users/cam/Documents/Projects/ultima-iv-web/vlc-thumbs/work/upstream/vlc-master-story005/extras/package/macosx/../../../po && rm -f ach.gmo && /Users/cam/Documents/Projects/ultima-iv-web/vlc-thumbs/work/upstream/vlc-master-story005/extras/tools/build/bin/msgmerge --for-msgfmt -o ach.1po ach.po vlc.pot && /Users/cam/Documents/Projects/ultima-iv-web/vlc-thumbs/work/upstream/vlc-master-story005/extras/tools/build/bin/msgfmt -c --statistics --verbose -o ach.gmo ach.1po && rm -f ach.1po
cd /Users/cam/Documents/Projects/ultima-iv-web/vlc-thumbs/work/upstream/vlc-master-story005/extras/package/macosx/../../../po && rm -f af.gmo && /Users/cam/Documents/Projects/ultima-iv-web/vlc-thumbs/work/upstream/vlc-master-story005/extras/tools/build/bin/msgmerge --for-msgfmt -o af.1po af.po vlc.pot && /Users/cam/Documents/Projects/ultima-iv-web/vlc-thumbs/work/upstream/vlc-master-story005/extras/tools/build/bin/msgfmt -c --statistics --verbose -o af.gmo af.1po && rm -f af.1po
cd /Users/cam/Documents/Projects/ultima-iv-web/vlc-thumbs/work/upstream/vlc-master-story005/extras/package/macosx/../../../po && rm -f am.gmo && /Users/cam/Documents/Projects/ultima-iv-web/vlc-thumbs/work/upstream/vlc-master-story005/extras/tools/build/bin/msgmerge --for-msgfmt -o am.1po am.po vlc.pot && /Users/cam/Documents/Projects/ultima-iv-web/vlc-thumbs/work/upstream/vlc-master-story005/extras/tools/build/bin/msgfmt -c --statistics --verbose -o am.gmo am.1po && rm -f am.1po
cd /Users/cam/Documents/Projects/ultima-iv-web/vlc-thumbs/work/upstream/vlc-master-story005/extras/package/macosx/../../../po && rm -f an.gmo && /Users/cam/Documents/Projects/ultima-iv-web/vlc-thumbs/work/upstream/vlc-master-story005/extras/tools/build/bin/msgmerge --for-msgfmt -o an.1po an.po vlc.pot && /Users/cam/Documents/Projects/ultima-iv-web/vlc-thumbs/work/upstream/vlc-master-story005/extras/tools/build/bin/msgfmt -c --statistics --verbose -o an.gmo an.1po && rm -f an.1po
ach.1po: 890 translated messages.
am.1po: 891 translated messages.
af.1po: 1668 translated messages.
cd /Users/cam/Documents/Projects/ultima-iv-web/vlc-thumbs/work/upstream/vlc-master-story005/extras/package/macosx/../../../po && rm -f as.gmo && /Users/cam/Documents/Projects/ultima-iv-web/vlc-thumbs/work/upstream/vlc-master-story005/extras/tools/build/bin/msgmerge --for-msgfmt -o as.1po as.po vlc.pot && /Users/cam/Documents/Projects/ultima-iv-web/vlc-thumbs/work/upstream/vlc-master-story005/extras/tools/build/bin/msgfmt -c --statistics --verbose -o as.gmo as.1po && rm -f as.1po
cd /Users/cam/Documents/Projects/ultima-iv-web/vlc-thumbs/work/upstream/vlc-master-story005/extras/package/macosx/../../../po && rm -f ar.gmo && /Users/cam/Documents/Projects/ultima-iv-web/vlc-thumbs/work/upstream/vlc-master-story005/extras/tools/build/bin/msgmerge --for-msgfmt -o ar.1po ar.po vlc.pot && /Users/cam/Documents/Projects/ultima-iv-web/vlc-thumbs/work/upstream/vlc-master-story005/extras/tools/build/bin/msgfmt -c --statistics --verbose -o ar.gmo ar.1po && rm -f ar.1po
cd /Users/cam/Documents/Projects/ultima-iv-web/vlc-thumbs/work/upstream/vlc-master-story005/extras/package/macosx/../../../po && rm -f ast.gmo && /Users/cam/Documents/Projects/ultima-iv-web/vlc-thumbs/work/upstream/vlc-master-story005/extras/tools/build/bin/msgmerge --for-msgfmt -o ast.1po ast.po vlc.pot && /Users/cam/Documents/Projects/ultima-iv-web/vlc-thumbs/work/upstream/vlc-master-story005/extras/tools/build/bin/msgfmt -c --statistics --verbose -o ast.gmo ast.1po && rm -f ast.1po
an.1po: 4337 translated messages.
cd /Users/cam/Documents/Projects/ultima-iv-web/vlc-thumbs/work/upstream/vlc-master-story005/extras/package/macosx/../../../po && rm -f az.gmo && /Users/cam/Documents/Projects/ultima-iv-web/vlc-thumbs/work/upstream/vlc-master-story005/extras/tools/build/bin/msgmerge --for-msgfmt -o az.1po az.po vlc.pot && /Users/cam/Documents/Projects/ultima-iv-web/vlc-thumbs/work/upstream/vlc-master-story005/extras/tools/build/bin/msgfmt -c --statistics --verbose -o az.gmo az.1po && rm -f az.1po
az.1po: 156 translated messages.
ar.1po: 3223 translated messages.
cd /Users/cam/Documents/Projects/ultima-iv-web/vlc-thumbs/work/upstream/vlc-master-story005/extras/package/macosx/../../../po && rm -f be.gmo && /Users/cam/Documents/Projects/ultima-iv-web/vlc-thumbs/work/upstream/vlc-master-story005/extras/tools/build/bin/msgmerge --for-msgfmt -o be.1po be.po vlc.pot && /Users/cam/Documents/Projects/ultima-iv-web/vlc-thumbs/work/upstream/vlc-master-story005/extras/tools/build/bin/msgfmt -c --statistics --verbose -o be.gmo be.1po && rm -f be.1po
ast.1po: 4425 translated messages.
cd /Users/cam/Documents/Projects/ultima-iv-web/vlc-thumbs/work/upstream/vlc-master-story005/extras/package/macosx/../../../po && rm -f bg.gmo && /Users/cam/Documents/Projects/ultima-iv-web/vlc-thumbs/work/upstream/vlc-master-story005/extras/tools/build/bin/msgmerge --for-msgfmt -o bg.1po bg.po vlc.pot && /Users/cam/Documents/Projects/ultima-iv-web/vlc-thumbs/work/upstream/vlc-master-story005/extras/tools/build/bin/msgfmt -c --statistics --verbose -o bg.gmo bg.1po && rm -f bg.1po
cd /Users/cam/Documents/Projects/ultima-iv-web/vlc-thumbs/work/upstream/vlc-master-story005/extras/package/macosx/../../../po && rm -f bn_IN.gmo && /Users/cam/Documents/Projects/ultima-iv-web/vlc-thumbs/work/upstream/vlc-master-story005/extras/tools/build/bin/msgmerge --for-msgfmt -o bn_IN.1po bn_IN.po vlc.pot && /Users/cam/Documents/Projects/ultima-iv-web/vlc-thumbs/work/upstream/vlc-master-story005/extras/tools/build/bin/msgfmt -c --statistics --verbose -o bn_IN.gmo bn_IN.1po && rm -f bn_IN.1po
as.1po: 5451 translated messages.
cd /Users/cam/Documents/Projects/ultima-iv-web/vlc-thumbs/work/upstream/vlc-master-story005/extras/package/macosx/../../../po && rm -f bn.gmo && /Users/cam/Documents/Projects/ultima-iv-web/vlc-thumbs/work/upstream/vlc-master-story005/extras/tools/build/bin/msgmerge --for-msgfmt -o bn.1po bn.po vlc.pot && /Users/cam/Documents/Projects/ultima-iv-web/vlc-thumbs/work/upstream/vlc-master-story005/extras/tools/build/bin/msgfmt -c --statistics --verbose -o bn.gmo bn.1po && rm -f bn.1po
bg.1po: 4184 translated messages.
be.1po: 5253 translated messages.
cd /Users/cam/Documents/Projects/ultima-iv-web/vlc-thumbs/work/upstream/vlc-master-story005/extras/package/macosx/../../../po && rm -f brx.gmo && /Users/cam/Documents/Projects/ultima-iv-web/vlc-thumbs/work/upstream/vlc-master-story005/extras/tools/build/bin/msgmerge --for-msgfmt -o brx.1po brx.po vlc.pot && /Users/cam/Documents/Projects/ultima-iv-web/vlc-thumbs/work/upstream/vlc-master-story005/extras/tools/build/bin/msgfmt -c --statistics --verbose -o brx.gmo brx.1po && rm -f brx.1po
cd /Users/cam/Documents/Projects/ultima-iv-web/vlc-thumbs/work/upstream/vlc-master-story005/extras/package/macosx/../../../po && rm -f br.gmo && /Users/cam/Documents/Projects/ultima-iv-web/vlc-thumbs/work/upstream/vlc-master-story005/extras/tools/build/bin/msgmerge --for-msgfmt -o br.1po br.po vlc.pot && /Users/cam/Documents/Projects/ultima-iv-web/vlc-thumbs/work/upstream/vlc-master-story005/extras/tools/build/bin/msgfmt -c --statistics --verbose -o br.gmo br.1po && rm -f br.1po
bn_IN.1po: 4537 translated messages.
bn.1po: 3960 translated messages.
cd /Users/cam/Documents/Projects/ultima-iv-web/vlc-thumbs/work/upstream/vlc-master-story005/extras/package/macosx/../../../po && rm -f bs.gmo && /Users/cam/Documents/Projects/ultima-iv-web/vlc-thumbs/work/upstream/vlc-master-story005/extras/tools/build/bin/msgmerge --for-msgfmt -o bs.1po bs.po vlc.pot && /Users/cam/Documents/Projects/ultima-iv-web/vlc-thumbs/work/upstream/vlc-master-story005/extras/tools/build/bin/msgfmt -c --statistics --verbose -o bs.gmo bs.1po && rm -f bs.1po
cd /Users/cam/Documents/Projects/ultima-iv-web/vlc-thumbs/work/upstream/vlc-master-story005/extras/package/macosx/../../../po && rm -f ca.gmo && /Users/cam/Documents/Projects/ultima-iv-web/vlc-thumbs/work/upstream/vlc-master-story005/extras/tools/build/bin/msgmerge --for-msgfmt -o ca.1po ca.po vlc.pot && /Users/cam/Documents/Projects/ultima-iv-web/vlc-thumbs/work/upstream/vlc-master-story005/extras/tools/build/bin/msgfmt -c --statistics --verbose -o ca.gmo ca.1po && rm -f ca.1po
br.1po: 1565 translated messages.
cd /Users/cam/Documents/Projects/ultima-iv-web/vlc-thumbs/work/upstream/vlc-master-story005/extras/package/macosx/../../../po && rm -f cgg.gmo && /Users/cam/Documents/Projects/ultima-iv-web/vlc-thumbs/work/upstream/vlc-master-story005/extras/tools/build/bin/msgmerge --for-msgfmt -o cgg.1po cgg.po vlc.pot && /Users/cam/Documents/Projects/ultima-iv-web/vlc-thumbs/work/upstream/vlc-master-story005/extras/tools/build/bin/msgfmt -c --statistics --verbose -o cgg.gmo cgg.1po && rm -f cgg.1po
bs.1po: 2332 translated messages.
cd /Users/cam/Documents/Projects/ultima-iv-web/vlc-thumbs/work/upstream/vlc-master-story005/extras/package/macosx/../../../po && rm -f ckb.gmo && /Users/cam/Documents/Projects/ultima-iv-web/vlc-thumbs/work/upstream/vlc-master-story005/extras/tools/build/bin/msgmerge --for-msgfmt -o ckb.1po ckb.po vlc.pot && /Users/cam/Documents/Projects/ultima-iv-web/vlc-thumbs/work/upstream/vlc-master-story005/extras/tools/build/bin/msgfmt -c --statistics --verbose -o ckb.gmo ckb.1po && rm -f ckb.1po
brx.1po: 5456 translated messages.
cgg.1po: 607 translated messages.
cd /Users/cam/Documents/Projects/ultima-iv-web/vlc-thumbs/work/upstream/vlc-master-story005/extras/package/macosx/../../../po && rm -f co.gmo && /Users/cam/Documents/Projects/ultima-iv-web/vlc-thumbs/work/upstream/vlc-master-story005/extras/tools/build/bin/msgmerge --for-msgfmt -o co.1po co.po vlc.pot && /Users/cam/Documents/Projects/ultima-iv-web/vlc-thumbs/work/upstream/vlc-master-story005/extras/tools/build/bin/msgfmt -c --statistics --verbose -o co.gmo co.1po && rm -f co.1po
ca.1po: 5350 translated messages.
cd /Users/cam/Documents/Projects/ultima-iv-web/vlc-thumbs/work/upstream/vlc-master-story005/extras/package/macosx/../../../po && rm -f cs.gmo && /Users/cam/Documents/Projects/ultima-iv-web/vlc-thumbs/work/upstream/vlc-master-story005/extras/tools/build/bin/msgmerge --for-msgfmt -o cs.1po cs.po vlc.pot && /Users/cam/Documents/Projects/ultima-iv-web/vlc-thumbs/work/upstream/vlc-master-story005/extras/tools/build/bin/msgfmt -c --statistics --verbose -o cs.gmo cs.1po && rm -f cs.1po
cd /Users/cam/Documents/Projects/ultima-iv-web/vlc-thumbs/work/upstream/vlc-master-story005/extras/package/macosx/../../../po && rm -f cy.gmo && /Users/cam/Documents/Projects/ultima-iv-web/vlc-thumbs/work/upstream/vlc-master-story005/extras/tools/build/bin/msgmerge --for-msgfmt -o cy.1po cy.po vlc.pot && /Users/cam/Documents/Projects/ultima-iv-web/vlc-thumbs/work/upstream/vlc-master-story005/extras/tools/build/bin/msgfmt -c --statistics --verbose -o cy.gmo cy.1po && rm -f cy.1po
ckb.1po: 1116 translated messages.
cd /Users/cam/Documents/Projects/ultima-iv-web/vlc-thumbs/work/upstream/vlc-master-story005/extras/package/macosx/../../../po && rm -f da.gmo && /Users/cam/Documents/Projects/ultima-iv-web/vlc-thumbs/work/upstream/vlc-master-story005/extras/tools/build/bin/msgmerge --for-msgfmt -o da.1po da.po vlc.pot && /Users/cam/Documents/Projects/ultima-iv-web/vlc-thumbs/work/upstream/vlc-master-story005/extras/tools/build/bin/msgfmt -c --statistics --verbose -o da.gmo da.1po && rm -f da.1po
co.1po: 2334 translated messages.
cd /Users/cam/Documents/Projects/ultima-iv-web/vlc-thumbs/work/upstream/vlc-master-story005/extras/package/macosx/../../../po && rm -f de.gmo && /Users/cam/Documents/Projects/ultima-iv-web/vlc-thumbs/work/upstream/vlc-master-story005/extras/tools/build/bin/msgmerge --for-msgfmt -o de.1po de.po vlc.pot && /Users/cam/Documents/Projects/ultima-iv-web/vlc-thumbs/work/upstream/vlc-master-story005/extras/tools/build/bin/msgfmt -c --statistics --verbose -o de.gmo de.1po && rm -f de.1po
cs.1po: 3323 translated messages.
cy.1po: 3654 translated messages.
cd /Users/cam/Documents/Projects/ultima-iv-web/vlc-thumbs/work/upstream/vlc-master-story005/extras/package/macosx/../../../po && rm -f el.gmo && /Users/cam/Documents/Projects/ultima-iv-web/vlc-thumbs/work/upstream/vlc-master-story005/extras/tools/build/bin/msgmerge --for-msgfmt -o el.1po el.po vlc.pot && /Users/cam/Documents/Projects/ultima-iv-web/vlc-thumbs/work/upstream/vlc-master-story005/extras/tools/build/bin/msgfmt -c --statistics --verbose -o el.gmo el.1po && rm -f el.1po
cd /Users/cam/Documents/Projects/ultima-iv-web/vlc-thumbs/work/upstream/vlc-master-story005/extras/package/macosx/../../../po && rm -f en_GB.gmo && /Users/cam/Documents/Projects/ultima-iv-web/vlc-thumbs/work/upstream/vlc-master-story005/extras/tools/build/bin/msgmerge --for-msgfmt -o en_GB.1po en_GB.po vlc.pot && /Users/cam/Documents/Projects/ultima-iv-web/vlc-thumbs/work/upstream/vlc-master-story005/extras/tools/build/bin/msgfmt -c --statistics --verbose -o en_GB.gmo en_GB.1po && rm -f en_GB.1po
da.1po: 5502 translated messages.
cd /Users/cam/Documents/Projects/ultima-iv-web/vlc-thumbs/work/upstream/vlc-master-story005/extras/package/macosx/../../../po && rm -f es.gmo && /Users/cam/Documents/Projects/ultima-iv-web/vlc-thumbs/work/upstream/vlc-master-story005/extras/tools/build/bin/msgmerge --for-msgfmt -o es.1po es.po vlc.pot && /Users/cam/Documents/Projects/ultima-iv-web/vlc-thumbs/work/upstream/vlc-master-story005/extras/tools/build/bin/msgfmt -c --statistics --verbose -o es.gmo es.1po && rm -f es.1po
en_GB.1po: 512 translated messages.
de.1po: 5528 translated messages.
cd /Users/cam/Documents/Projects/ultima-iv-web/vlc-thumbs/work/upstream/vlc-master-story005/extras/package/macosx/../../../po && rm -f et.gmo && /Users/cam/Documents/Projects/ultima-iv-web/vlc-thumbs/work/upstream/vlc-master-story005/extras/tools/build/bin/msgmerge --for-msgfmt -o et.1po et.po vlc.pot && /Users/cam/Documents/Projects/ultima-iv-web/vlc-thumbs/work/upstream/vlc-master-story005/extras/tools/build/bin/msgfmt -c --statistics --verbose -o et.gmo et.1po && rm -f et.1po
cd /Users/cam/Documents/Projects/ultima-iv-web/vlc-thumbs/work/upstream/vlc-master-story005/extras/package/macosx/../../../po && rm -f eu.gmo && /Users/cam/Documents/Projects/ultima-iv-web/vlc-thumbs/work/upstream/vlc-master-story005/extras/tools/build/bin/msgmerge --for-msgfmt -o eu.1po eu.po vlc.pot && /Users/cam/Documents/Projects/ultima-iv-web/vlc-thumbs/work/upstream/vlc-master-story005/extras/tools/build/bin/msgfmt -c --statistics --verbose -o eu.gmo eu.1po && rm -f eu.1po
el.1po: 5485 translated messages.
cd /Users/cam/Documents/Projects/ultima-iv-web/vlc-thumbs/work/upstream/vlc-master-story005/extras/package/macosx/../../../po && rm -f fa.gmo && /Users/cam/Documents/Projects/ultima-iv-web/vlc-thumbs/work/upstream/vlc-master-story005/extras/tools/build/bin/msgmerge --for-msgfmt -o fa.1po fa.po vlc.pot && /Users/cam/Documents/Projects/ultima-iv-web/vlc-thumbs/work/upstream/vlc-master-story005/extras/tools/build/bin/msgfmt -c --statistics --verbose -o fa.gmo fa.1po && rm -f fa.1po
es.1po: 5502 translated messages.
et.1po: 4789 translated messages.
cd /Users/cam/Documents/Projects/ultima-iv-web/vlc-thumbs/work/upstream/vlc-master-story005/extras/package/macosx/../../../po && rm -f ff.gmo && /Users/cam/Documents/Projects/ultima-iv-web/vlc-thumbs/work/upstream/vlc-master-story005/extras/tools/build/bin/msgmerge --for-msgfmt -o ff.1po ff.po vlc.pot && /Users/cam/Documents/Projects/ultima-iv-web/vlc-thumbs/work/upstream/vlc-master-story005/extras/tools/build/bin/msgfmt -c --statistics --verbose -o ff.gmo ff.1po && rm -f ff.1po
cd /Users/cam/Documents/Projects/ultima-iv-web/vlc-thumbs/work/upstream/vlc-master-story005/extras/package/macosx/../../../po && rm -f fi.gmo && /Users/cam/Documents/Projects/ultima-iv-web/vlc-thumbs/work/upstream/vlc-master-story005/extras/tools/build/bin/msgmerge --for-msgfmt -o fi.1po fi.po vlc.pot && /Users/cam/Documents/Projects/ultima-iv-web/vlc-thumbs/work/upstream/vlc-master-story005/extras/tools/build/bin/msgfmt -c --statistics --verbose -o fi.gmo fi.1po && rm -f fi.1po
eu.1po: 5470 translated messages.
fa.1po: 1775 translated messages.
cd /Users/cam/Documents/Projects/ultima-iv-web/vlc-thumbs/work/upstream/vlc-master-story005/extras/package/macosx/../../../po && rm -f fr.gmo && /Users/cam/Documents/Projects/ultima-iv-web/vlc-thumbs/work/upstream/vlc-master-story005/extras/tools/build/bin/msgmerge --for-msgfmt -o fr.1po fr.po vlc.pot && /Users/cam/Documents/Projects/ultima-iv-web/vlc-thumbs/work/upstream/vlc-master-story005/extras/tools/build/bin/msgfmt -c --statistics --verbose -o fr.gmo fr.1po && rm -f fr.1po
cd /Users/cam/Documents/Projects/ultima-iv-web/vlc-thumbs/work/upstream/vlc-master-story005/extras/package/macosx/../../../po && rm -f fur.gmo && /Users/cam/Documents/Projects/ultima-iv-web/vlc-thumbs/work/upstream/vlc-master-story005/extras/tools/build/bin/msgmerge --for-msgfmt -o fur.1po fur.po vlc.pot && /Users/cam/Documents/Projects/ultima-iv-web/vlc-thumbs/work/upstream/vlc-master-story005/extras/tools/build/bin/msgfmt -c --statistics --verbose -o fur.gmo fur.1po && rm -f fur.1po
ff.1po: 1242 translated messages.
cd /Users/cam/Documents/Projects/ultima-iv-web/vlc-thumbs/work/upstream/vlc-master-story005/extras/package/macosx/../../../po && rm -f fy.gmo && /Users/cam/Documents/Projects/ultima-iv-web/vlc-thumbs/work/upstream/vlc-master-story005/extras/tools/build/bin/msgmerge --for-msgfmt -o fy.1po fy.po vlc.pot && /Users/cam/Documents/Projects/ultima-iv-web/vlc-thumbs/work/upstream/vlc-master-story005/extras/tools/build/bin/msgfmt -c --statistics --verbose -o fy.gmo fy.1po && rm -f fy.1po
fur.1po: 662 translated messages.
fi.1po: 5254 translated messages.
cd /Users/cam/Documents/Projects/ultima-iv-web/vlc-thumbs/work/upstream/vlc-master-story005/extras/package/macosx/../../../po && rm -f ga.gmo && /Users/cam/Documents/Projects/ultima-iv-web/vlc-thumbs/work/upstream/vlc-master-story005/extras/tools/build/bin/msgmerge --for-msgfmt -o ga.1po ga.po vlc.pot && /Users/cam/Documents/Projects/ultima-iv-web/vlc-thumbs/work/upstream/vlc-master-story005/extras/tools/build/bin/msgfmt -c --statistics --verbose -o ga.gmo ga.1po && rm -f ga.1po
cd /Users/cam/Documents/Projects/ultima-iv-web/vlc-thumbs/work/upstream/vlc-master-story005/extras/package/macosx/../../../po && rm -f gd.gmo && /Users/cam/Documents/Projects/ultima-iv-web/vlc-thumbs/work/upstream/vlc-master-story005/extras/tools/build/bin/msgmerge --for-msgfmt -o gd.1po gd.po vlc.pot && /Users/cam/Documents/Projects/ultima-iv-web/vlc-thumbs/work/upstream/vlc-master-story005/extras/tools/build/bin/msgfmt -c --statistics --verbose -o gd.gmo gd.1po && rm -f gd.1po
fr.1po: 5503 translated messages.
cd /Users/cam/Documents/Projects/ultima-iv-web/vlc-thumbs/work/upstream/vlc-master-story005/extras/package/macosx/../../../po && rm -f gl.gmo && /Users/cam/Documents/Projects/ultima-iv-web/vlc-thumbs/work/upstream/vlc-master-story005/extras/tools/build/bin/msgmerge --for-msgfmt -o gl.1po gl.po vlc.pot && /Users/cam/Documents/Projects/ultima-iv-web/vlc-thumbs/work/upstream/vlc-master-story005/extras/tools/build/bin/msgfmt -c --statistics --verbose -o gl.gmo gl.1po && rm -f gl.1po
fy.1po: 5466 translated messages.
ga.1po: 2527 translated messages.
cd /Users/cam/Documents/Projects/ultima-iv-web/vlc-thumbs/work/upstream/vlc-master-story005/extras/package/macosx/../../../po && rm -f gu.gmo && /Users/cam/Documents/Projects/ultima-iv-web/vlc-thumbs/work/upstream/vlc-master-story005/extras/tools/build/bin/msgmerge --for-msgfmt -o gu.1po gu.po vlc.pot && /Users/cam/Documents/Projects/ultima-iv-web/vlc-thumbs/work/upstream/vlc-master-story005/extras/tools/build/bin/msgfmt -c --statistics --verbose -o gu.gmo gu.1po && rm -f gu.1po
cd /Users/cam/Documents/Projects/ultima-iv-web/vlc-thumbs/work/upstream/vlc-master-story005/extras/package/macosx/../../../po && rm -f he.gmo && /Users/cam/Documents/Projects/ultima-iv-web/vlc-thumbs/work/upstream/vlc-master-story005/extras/tools/build/bin/msgmerge --for-msgfmt -o he.1po he.po vlc.pot && /Users/cam/Documents/Projects/ultima-iv-web/vlc-thumbs/work/upstream/vlc-master-story005/extras/tools/build/bin/msgfmt -c --statistics --verbose -o he.gmo he.1po && rm -f he.1po
gd.1po: 2481 translated messages.
cd /Users/cam/Documents/Projects/ultima-iv-web/vlc-thumbs/work/upstream/vlc-master-story005/extras/package/macosx/../../../po && rm -f hi.gmo && /Users/cam/Documents/Projects/ultima-iv-web/vlc-thumbs/work/upstream/vlc-master-story005/extras/tools/build/bin/msgmerge --for-msgfmt -o hi.1po hi.po vlc.pot && /Users/cam/Documents/Projects/ultima-iv-web/vlc-thumbs/work/upstream/vlc-master-story005/extras/tools/build/bin/msgfmt -c --statistics --verbose -o hi.gmo hi.1po && rm -f hi.1po
gl.1po: 5327 translated messages.
hi.1po: 1104 translated messages.
he.1po: 4171 translated messages.
cd /Users/cam/Documents/Projects/ultima-iv-web/vlc-thumbs/work/upstream/vlc-master-story005/extras/package/macosx/../../../po && rm -f hr.gmo && /Users/cam/Documents/Projects/ultima-iv-web/vlc-thumbs/work/upstream/vlc-master-story005/extras/tools/build/bin/msgmerge --for-msgfmt -o hr.1po hr.po vlc.pot && /Users/cam/Documents/Projects/ultima-iv-web/vlc-thumbs/work/upstream/vlc-master-story005/extras/tools/build/bin/msgfmt -c --statistics --verbose -o hr.gmo hr.1po && rm -f hr.1po
cd /Users/cam/Documents/Projects/ultima-iv-web/vlc-thumbs/work/upstream/vlc-master-story005/extras/package/macosx/../../../po && rm -f hu.gmo && /Users/cam/Documents/Projects/ultima-iv-web/vlc-thumbs/work/upstream/vlc-master-story005/extras/tools/build/bin/msgmerge --for-msgfmt -o hu.1po hu.po vlc.pot && /Users/cam/Documents/Projects/ultima-iv-web/vlc-thumbs/work/upstream/vlc-master-story005/extras/tools/build/bin/msgfmt -c --statistics --verbose -o hu.gmo hu.1po && rm -f hu.1po
cd /Users/cam/Documents/Projects/ultima-iv-web/vlc-thumbs/work/upstream/vlc-master-story005/extras/package/macosx/../../../po && rm -f hy.gmo && /Users/cam/Documents/Projects/ultima-iv-web/vlc-thumbs/work/upstream/vlc-master-story005/extras/tools/build/bin/msgmerge --for-msgfmt -o hy.1po hy.po vlc.pot && /Users/cam/Documents/Projects/ultima-iv-web/vlc-thumbs/work/upstream/vlc-master-story005/extras/tools/build/bin/msgfmt -c --statistics --verbose -o hy.gmo hy.1po && rm -f hy.1po
gu.1po: 5454 translated messages.
cd /Users/cam/Documents/Projects/ultima-iv-web/vlc-thumbs/work/upstream/vlc-master-story005/extras/package/macosx/../../../po && rm -f ia.gmo && /Users/cam/Documents/Projects/ultima-iv-web/vlc-thumbs/work/upstream/vlc-master-story005/extras/tools/build/bin/msgmerge --for-msgfmt -o ia.1po ia.po vlc.pot && /Users/cam/Documents/Projects/ultima-iv-web/vlc-thumbs/work/upstream/vlc-master-story005/extras/tools/build/bin/msgfmt -c --statistics --verbose -o ia.gmo ia.1po && rm -f ia.1po
hy.1po: 1823 translated messages.
cd /Users/cam/Documents/Projects/ultima-iv-web/vlc-thumbs/work/upstream/vlc-master-story005/extras/package/macosx/../../../po && rm -f id.gmo && /Users/cam/Documents/Projects/ultima-iv-web/vlc-thumbs/work/upstream/vlc-master-story005/extras/tools/build/bin/msgmerge --for-msgfmt -o id.1po id.po vlc.pot && /Users/cam/Documents/Projects/ultima-iv-web/vlc-thumbs/work/upstream/vlc-master-story005/extras/tools/build/bin/msgfmt -c --statistics --verbose -o id.gmo id.1po && rm -f id.1po
ia.1po: 235 translated messages.
hr.1po: 4981 translated messages.
cd /Users/cam/Documents/Projects/ultima-iv-web/vlc-thumbs/work/upstream/vlc-master-story005/extras/package/macosx/../../../po && rm -f is.gmo && /Users/cam/Documents/Projects/ultima-iv-web/vlc-thumbs/work/upstream/vlc-master-story005/extras/tools/build/bin/msgmerge --for-msgfmt -o is.1po is.po vlc.pot && /Users/cam/Documents/Projects/ultima-iv-web/vlc-thumbs/work/upstream/vlc-master-story005/extras/tools/build/bin/msgfmt -c --statistics --verbose -o is.gmo is.1po && rm -f is.1po
hu.1po: 5528 translated messages.
cd /Users/cam/Documents/Projects/ultima-iv-web/vlc-thumbs/work/upstream/vlc-master-story005/extras/package/macosx/../../../po && rm -f it.gmo && /Users/cam/Documents/Projects/ultima-iv-web/vlc-thumbs/work/upstream/vlc-master-story005/extras/tools/build/bin/msgmerge --for-msgfmt -o it.1po it.po vlc.pot && /Users/cam/Documents/Projects/ultima-iv-web/vlc-thumbs/work/upstream/vlc-master-story005/extras/tools/build/bin/msgfmt -c --statistics --verbose -o it.gmo it.1po && rm -f it.1po
cd /Users/cam/Documents/Projects/ultima-iv-web/vlc-thumbs/work/upstream/vlc-master-story005/extras/package/macosx/../../../po && rm -f ja.gmo && /Users/cam/Documents/Projects/ultima-iv-web/vlc-thumbs/work/upstream/vlc-master-story005/extras/tools/build/bin/msgmerge --for-msgfmt -o ja.1po ja.po vlc.pot && /Users/cam/Documents/Projects/ultima-iv-web/vlc-thumbs/work/upstream/vlc-master-story005/extras/tools/build/bin/msgfmt -c --statistics --verbose -o ja.gmo ja.1po && rm -f ja.1po
id.1po: 4125 translated messages.
is.1po: 3455 translated messages.
cd /Users/cam/Documents/Projects/ultima-iv-web/vlc-thumbs/work/upstream/vlc-master-story005/extras/package/macosx/../../../po && rm -f ka.gmo && /Users/cam/Documents/Projects/ultima-iv-web/vlc-thumbs/work/upstream/vlc-master-story005/extras/tools/build/bin/msgmerge --for-msgfmt -o ka.1po ka.po vlc.pot && /Users/cam/Documents/Projects/ultima-iv-web/vlc-thumbs/work/upstream/vlc-master-story005/extras/tools/build/bin/msgfmt -c --statistics --verbose -o ka.gmo ka.1po && rm -f ka.1po
cd /Users/cam/Documents/Projects/ultima-iv-web/vlc-thumbs/work/upstream/vlc-master-story005/extras/package/macosx/../../../po && rm -f kk.gmo && /Users/cam/Documents/Projects/ultima-iv-web/vlc-thumbs/work/upstream/vlc-master-story005/extras/tools/build/bin/msgmerge --for-msgfmt -o kk.1po kk.po vlc.pot && /Users/cam/Documents/Projects/ultima-iv-web/vlc-thumbs/work/upstream/vlc-master-story005/extras/tools/build/bin/msgfmt -c --statistics --verbose -o kk.gmo kk.1po && rm -f kk.1po
it.1po: 5528 translated messages.
ja.1po: 5528 translated messages.
cd /Users/cam/Documents/Projects/ultima-iv-web/vlc-thumbs/work/upstream/vlc-master-story005/extras/package/macosx/../../../po && rm -f km.gmo && /Users/cam/Documents/Projects/ultima-iv-web/vlc-thumbs/work/upstream/vlc-master-story005/extras/tools/build/bin/msgmerge --for-msgfmt -o km.1po km.po vlc.pot && /Users/cam/Documents/Projects/ultima-iv-web/vlc-thumbs/work/upstream/vlc-master-story005/extras/tools/build/bin/msgfmt -c --statistics --verbose -o km.gmo km.1po && rm -f km.1po
cd /Users/cam/Documents/Projects/ultima-iv-web/vlc-thumbs/work/upstream/vlc-master-story005/extras/package/macosx/../../../po && rm -f kn.gmo && /Users/cam/Documents/Projects/ultima-iv-web/vlc-thumbs/work/upstream/vlc-master-story005/extras/tools/build/bin/msgmerge --for-msgfmt -o kn.1po kn.po vlc.pot && /Users/cam/Documents/Projects/ultima-iv-web/vlc-thumbs/work/upstream/vlc-master-story005/extras/tools/build/bin/msgfmt -c --statistics --verbose -o kn.gmo kn.1po && rm -f kn.1po
ka.1po: 759 translated messages.
kk.1po: 2593 translated messages.
cd /Users/cam/Documents/Projects/ultima-iv-web/vlc-thumbs/work/upstream/vlc-master-story005/extras/package/macosx/../../../po && rm -f ko.gmo && /Users/cam/Documents/Projects/ultima-iv-web/vlc-thumbs/work/upstream/vlc-master-story005/extras/tools/build/bin/msgmerge --for-msgfmt -o ko.1po ko.po vlc.pot && /Users/cam/Documents/Projects/ultima-iv-web/vlc-thumbs/work/upstream/vlc-master-story005/extras/tools/build/bin/msgfmt -c --statistics --verbose -o ko.gmo ko.1po && rm -f ko.1po
cd /Users/cam/Documents/Projects/ultima-iv-web/vlc-thumbs/work/upstream/vlc-master-story005/extras/package/macosx/../../../po && rm -f ks_IN.gmo && /Users/cam/Documents/Projects/ultima-iv-web/vlc-thumbs/work/upstream/vlc-master-story005/extras/tools/build/bin/msgmerge --for-msgfmt -o ks_IN.1po ks_IN.po vlc.pot && /Users/cam/Documents/Projects/ultima-iv-web/vlc-thumbs/work/upstream/vlc-master-story005/extras/tools/build/bin/msgfmt -c --statistics --verbose -o ks_IN.gmo ks_IN.1po && rm -f ks_IN.1po
kn.1po: 5338 translated messages.
km.1po: 5254 translated messages.
ko.1po: 5503 translated messages.
cd /Users/cam/Documents/Projects/ultima-iv-web/vlc-thumbs/work/upstream/vlc-master-story005/extras/package/macosx/../../../po && rm -f ky.gmo && /Users/cam/Documents/Projects/ultima-iv-web/vlc-thumbs/work/upstream/vlc-master-story005/extras/tools/build/bin/msgmerge --for-msgfmt -o ky.1po ky.po vlc.pot && /Users/cam/Documents/Projects/ultima-iv-web/vlc-thumbs/work/upstream/vlc-master-story005/extras/tools/build/bin/msgfmt -c --statistics --verbose -o ky.gmo ky.1po && rm -f ky.1po
cd /Users/cam/Documents/Projects/ultima-iv-web/vlc-thumbs/work/upstream/vlc-master-story005/extras/package/macosx/../../../po && rm -f lg.gmo && /Users/cam/Documents/Projects/ultima-iv-web/vlc-thumbs/work/upstream/vlc-master-story005/extras/tools/build/bin/msgmerge --for-msgfmt -o lg.1po lg.po vlc.pot && /Users/cam/Documents/Projects/ultima-iv-web/vlc-thumbs/work/upstream/vlc-master-story005/extras/tools/build/bin/msgfmt -c --statistics --verbose -o lg.gmo lg.1po && rm -f lg.1po
cd /Users/cam/Documents/Projects/ultima-iv-web/vlc-thumbs/work/upstream/vlc-master-story005/extras/package/macosx/../../../po && rm -f lt.gmo && /Users/cam/Documents/Projects/ultima-iv-web/vlc-thumbs/work/upstream/vlc-master-story005/extras/tools/build/bin/msgmerge --for-msgfmt -o lt.1po lt.po vlc.pot && /Users/cam/Documents/Projects/ultima-iv-web/vlc-thumbs/work/upstream/vlc-master-story005/extras/tools/build/bin/msgfmt -c --statistics --verbose -o lt.gmo lt.1po && rm -f lt.1po
ks_IN.1po: 5456 translated messages.
cd /Users/cam/Documents/Projects/ultima-iv-web/vlc-thumbs/work/upstream/vlc-master-story005/extras/package/macosx/../../../po && rm -f lv.gmo && /Users/cam/Documents/Projects/ultima-iv-web/vlc-thumbs/work/upstream/vlc-master-story005/extras/tools/build/bin/msgmerge --for-msgfmt -o lv.1po lv.po vlc.pot && /Users/cam/Documents/Projects/ultima-iv-web/vlc-thumbs/work/upstream/vlc-master-story005/extras/tools/build/bin/msgfmt -c --statistics --verbose -o lv.gmo lv.1po && rm -f lv.1po
ky.1po: 749 translated messages.
lg.1po: 824 translated messages.
cd /Users/cam/Documents/Projects/ultima-iv-web/vlc-thumbs/work/upstream/vlc-master-story005/extras/package/macosx/../../../po && rm -f mai.gmo && /Users/cam/Documents/Projects/ultima-iv-web/vlc-thumbs/work/upstream/vlc-master-story005/extras/tools/build/bin/msgmerge --for-msgfmt -o mai.1po mai.po vlc.pot && /Users/cam/Documents/Projects/ultima-iv-web/vlc-thumbs/work/upstream/vlc-master-story005/extras/tools/build/bin/msgfmt -c --statistics --verbose -o mai.gmo mai.1po && rm -f mai.1po
cd /Users/cam/Documents/Projects/ultima-iv-web/vlc-thumbs/work/upstream/vlc-master-story005/extras/package/macosx/../../../po && rm -f mk.gmo && /Users/cam/Documents/Projects/ultima-iv-web/vlc-thumbs/work/upstream/vlc-master-story005/extras/tools/build/bin/msgmerge --for-msgfmt -o mk.1po mk.po vlc.pot && /Users/cam/Documents/Projects/ultima-iv-web/vlc-thumbs/work/upstream/vlc-master-story005/extras/tools/build/bin/msgfmt -c --statistics --verbose -o mk.gmo mk.1po && rm -f mk.1po
lt.1po: 3823 translated messages.
cd /Users/cam/Documents/Projects/ultima-iv-web/vlc-thumbs/work/upstream/vlc-master-story005/extras/package/macosx/../../../po && rm -f ml.gmo && /Users/cam/Documents/Projects/ultima-iv-web/vlc-thumbs/work/upstream/vlc-master-story005/extras/tools/build/bin/msgmerge --for-msgfmt -o ml.1po ml.po vlc.pot && /Users/cam/Documents/Projects/ultima-iv-web/vlc-thumbs/work/upstream/vlc-master-story005/extras/tools/build/bin/msgfmt -c --statistics --verbose -o ml.gmo ml.1po && rm -f ml.1po
mk.1po: 141 translated messages.
lv.1po: 5503 translated messages.
cd /Users/cam/Documents/Projects/ultima-iv-web/vlc-thumbs/work/upstream/vlc-master-story005/extras/package/macosx/../../../po && rm -f mn.gmo && /Users/cam/Documents/Projects/ultima-iv-web/vlc-thumbs/work/upstream/vlc-master-story005/extras/tools/build/bin/msgmerge --for-msgfmt -o mn.1po mn.po vlc.pot && /Users/cam/Documents/Projects/ultima-iv-web/vlc-thumbs/work/upstream/vlc-master-story005/extras/tools/build/bin/msgfmt -c --statistics --verbose -o mn.gmo mn.1po && rm -f mn.1po
cd /Users/cam/Documents/Projects/ultima-iv-web/vlc-thumbs/work/upstream/vlc-master-story005/extras/package/macosx/../../../po && rm -f mr.gmo && /Users/cam/Documents/Projects/ultima-iv-web/vlc-thumbs/work/upstream/vlc-master-story005/extras/tools/build/bin/msgmerge --for-msgfmt -o mr.1po mr.po vlc.pot && /Users/cam/Documents/Projects/ultima-iv-web/vlc-thumbs/work/upstream/vlc-master-story005/extras/tools/build/bin/msgfmt -c --statistics --verbose -o mr.gmo mr.1po && rm -f mr.1po
mai.1po: 5456 translated messages.
mn.1po: 1338 translated messages.
cd /Users/cam/Documents/Projects/ultima-iv-web/vlc-thumbs/work/upstream/vlc-master-story005/extras/package/macosx/../../../po && rm -f ms.gmo && /Users/cam/Documents/Projects/ultima-iv-web/vlc-thumbs/work/upstream/vlc-master-story005/extras/tools/build/bin/msgmerge --for-msgfmt -o ms.1po ms.po vlc.pot && /Users/cam/Documents/Projects/ultima-iv-web/vlc-thumbs/work/upstream/vlc-master-story005/extras/tools/build/bin/msgfmt -c --statistics --verbose -o ms.gmo ms.1po && rm -f ms.1po
cd /Users/cam/Documents/Projects/ultima-iv-web/vlc-thumbs/work/upstream/vlc-master-story005/extras/package/macosx/../../../po && rm -f my.gmo && /Users/cam/Documents/Projects/ultima-iv-web/vlc-thumbs/work/upstream/vlc-master-story005/extras/tools/build/bin/msgmerge --for-msgfmt -o my.1po my.po vlc.pot && /Users/cam/Documents/Projects/ultima-iv-web/vlc-thumbs/work/upstream/vlc-master-story005/extras/tools/build/bin/msgfmt -c --statistics --verbose -o my.gmo my.1po && rm -f my.1po
ml.1po: 5466 translated messages.
cd /Users/cam/Documents/Projects/ultima-iv-web/vlc-thumbs/work/upstream/vlc-master-story005/extras/package/macosx/../../../po && rm -f nb.gmo && /Users/cam/Documents/Projects/ultima-iv-web/vlc-thumbs/work/upstream/vlc-master-story005/extras/tools/build/bin/msgmerge --for-msgfmt -o nb.1po nb.po vlc.pot && /Users/cam/Documents/Projects/ultima-iv-web/vlc-thumbs/work/upstream/vlc-master-story005/extras/tools/build/bin/msgfmt -c --statistics --verbose -o nb.gmo nb.1po && rm -f nb.1po
mr.1po: 5466 translated messages.
my.1po: 194 translated messages.
cd /Users/cam/Documents/Projects/ultima-iv-web/vlc-thumbs/work/upstream/vlc-master-story005/extras/package/macosx/../../../po && rm -f ne.gmo && /Users/cam/Documents/Projects/ultima-iv-web/vlc-thumbs/work/upstream/vlc-master-story005/extras/tools/build/bin/msgmerge --for-msgfmt -o ne.1po ne.po vlc.pot && /Users/cam/Documents/Projects/ultima-iv-web/vlc-thumbs/work/upstream/vlc-master-story005/extras/tools/build/bin/msgfmt -c --statistics --verbose -o ne.gmo ne.1po && rm -f ne.1po
cd /Users/cam/Documents/Projects/ultima-iv-web/vlc-thumbs/work/upstream/vlc-master-story005/extras/package/macosx/../../../po && rm -f nl.gmo && /Users/cam/Documents/Projects/ultima-iv-web/vlc-thumbs/work/upstream/vlc-master-story005/extras/tools/build/bin/msgmerge --for-msgfmt -o nl.1po nl.po vlc.pot && /Users/cam/Documents/Projects/ultima-iv-web/vlc-thumbs/work/upstream/vlc-master-story005/extras/tools/build/bin/msgfmt -c --statistics --verbose -o nl.gmo nl.1po && rm -f nl.1po
ms.1po: 5503 translated messages.
cd /Users/cam/Documents/Projects/ultima-iv-web/vlc-thumbs/work/upstream/vlc-master-story005/extras/package/macosx/../../../po && rm -f nn.gmo && /Users/cam/Documents/Projects/ultima-iv-web/vlc-thumbs/work/upstream/vlc-master-story005/extras/tools/build/bin/msgmerge --for-msgfmt -o nn.1po nn.po vlc.pot && /Users/cam/Documents/Projects/ultima-iv-web/vlc-thumbs/work/upstream/vlc-master-story005/extras/tools/build/bin/msgfmt -c --statistics --verbose -o nn.gmo nn.1po && rm -f nn.1po
nb.1po: 5503 translated messages.
ne.1po: 2347 translated messages.
cd /Users/cam/Documents/Projects/ultima-iv-web/vlc-thumbs/work/upstream/vlc-master-story005/extras/package/macosx/../../../po && rm -f oc.gmo && /Users/cam/Documents/Projects/ultima-iv-web/vlc-thumbs/work/upstream/vlc-master-story005/extras/tools/build/bin/msgmerge --for-msgfmt -o oc.1po oc.po vlc.pot && /Users/cam/Documents/Projects/ultima-iv-web/vlc-thumbs/work/upstream/vlc-master-story005/extras/tools/build/bin/msgfmt -c --statistics --verbose -o oc.gmo oc.1po && rm -f oc.1po
cd /Users/cam/Documents/Projects/ultima-iv-web/vlc-thumbs/work/upstream/vlc-master-story005/extras/package/macosx/../../../po && rm -f or.gmo && /Users/cam/Documents/Projects/ultima-iv-web/vlc-thumbs/work/upstream/vlc-master-story005/extras/tools/build/bin/msgmerge --for-msgfmt -o or.1po or.po vlc.pot && /Users/cam/Documents/Projects/ultima-iv-web/vlc-thumbs/work/upstream/vlc-master-story005/extras/tools/build/bin/msgfmt -c --statistics --verbose -o or.gmo or.1po && rm -f or.1po
nl.1po: 5528 translated messages.
nn.1po: 3091 translated messages.
cd /Users/cam/Documents/Projects/ultima-iv-web/vlc-thumbs/work/upstream/vlc-master-story005/extras/package/macosx/../../../po && rm -f pa.gmo && /Users/cam/Documents/Projects/ultima-iv-web/vlc-thumbs/work/upstream/vlc-master-story005/extras/tools/build/bin/msgmerge --for-msgfmt -o pa.1po pa.po vlc.pot && /Users/cam/Documents/Projects/ultima-iv-web/vlc-thumbs/work/upstream/vlc-master-story005/extras/tools/build/bin/msgfmt -c --statistics --verbose -o pa.gmo pa.1po && rm -f pa.1po
cd /Users/cam/Documents/Projects/ultima-iv-web/vlc-thumbs/work/upstream/vlc-master-story005/extras/package/macosx/../../../po && rm -f pl.gmo && /Users/cam/Documents/Projects/ultima-iv-web/vlc-thumbs/work/upstream/vlc-master-story005/extras/tools/build/bin/msgmerge --for-msgfmt -o pl.1po pl.po vlc.pot && /Users/cam/Documents/Projects/ultima-iv-web/vlc-thumbs/work/upstream/vlc-master-story005/extras/tools/build/bin/msgfmt -c --statistics --verbose -o pl.gmo pl.1po && rm -f pl.1po
or.1po: 331 translated messages.
cd /Users/cam/Documents/Projects/ultima-iv-web/vlc-thumbs/work/upstream/vlc-master-story005/extras/package/macosx/../../../po && rm -f ps.gmo && /Users/cam/Documents/Projects/ultima-iv-web/vlc-thumbs/work/upstream/vlc-master-story005/extras/tools/build/bin/msgmerge --for-msgfmt -o ps.1po ps.po vlc.pot && /Users/cam/Documents/Projects/ultima-iv-web/vlc-thumbs/work/upstream/vlc-master-story005/extras/tools/build/bin/msgfmt -c --statistics --verbose -o ps.gmo ps.1po && rm -f ps.1po
oc.1po: 5466 translated messages.
pa.1po: 3285 translated messages.
cd /Users/cam/Documents/Projects/ultima-iv-web/vlc-thumbs/work/upstream/vlc-master-story005/extras/package/macosx/../../../po && rm -f pt_BR.gmo && /Users/cam/Documents/Projects/ultima-iv-web/vlc-thumbs/work/upstream/vlc-master-story005/extras/tools/build/bin/msgmerge --for-msgfmt -o pt_BR.1po pt_BR.po vlc.pot && /Users/cam/Documents/Projects/ultima-iv-web/vlc-thumbs/work/upstream/vlc-master-story005/extras/tools/build/bin/msgfmt -c --statistics --verbose -o pt_BR.gmo pt_BR.1po && rm -f pt_BR.1po
cd /Users/cam/Documents/Projects/ultima-iv-web/vlc-thumbs/work/upstream/vlc-master-story005/extras/package/macosx/../../../po && rm -f pt_PT.gmo && /Users/cam/Documents/Projects/ultima-iv-web/vlc-thumbs/work/upstream/vlc-master-story005/extras/tools/build/bin/msgmerge --for-msgfmt -o pt_PT.1po pt_PT.po vlc.pot && /Users/cam/Documents/Projects/ultima-iv-web/vlc-thumbs/work/upstream/vlc-master-story005/extras/tools/build/bin/msgfmt -c --statistics --verbose -o pt_PT.gmo pt_PT.1po && rm -f pt_PT.1po
ps.1po: 712 translated messages.
cd /Users/cam/Documents/Projects/ultima-iv-web/vlc-thumbs/work/upstream/vlc-master-story005/extras/package/macosx/../../../po && rm -f ro.gmo && /Users/cam/Documents/Projects/ultima-iv-web/vlc-thumbs/work/upstream/vlc-master-story005/extras/tools/build/bin/msgmerge --for-msgfmt -o ro.1po ro.po vlc.pot && /Users/cam/Documents/Projects/ultima-iv-web/vlc-thumbs/work/upstream/vlc-master-story005/extras/tools/build/bin/msgfmt -c --statistics --verbose -o ro.gmo ro.1po && rm -f ro.1po
pl.1po: 5528 translated messages.
cd /Users/cam/Documents/Projects/ultima-iv-web/vlc-thumbs/work/upstream/vlc-master-story005/extras/package/macosx/../../../po && rm -f ru.gmo && /Users/cam/Documents/Projects/ultima-iv-web/vlc-thumbs/work/upstream/vlc-master-story005/extras/tools/build/bin/msgmerge --for-msgfmt -o ru.1po ru.po vlc.pot && /Users/cam/Documents/Projects/ultima-iv-web/vlc-thumbs/work/upstream/vlc-master-story005/extras/tools/build/bin/msgfmt -c --statistics --verbose -o ru.gmo ru.1po && rm -f ru.1po
pt_BR.1po: 5470 translated messages.
pt_PT.1po: 5503 translated messages.
ro.1po: 4214 translated messages.
cd /Users/cam/Documents/Projects/ultima-iv-web/vlc-thumbs/work/upstream/vlc-master-story005/extras/package/macosx/../../../po && rm -f si.gmo && /Users/cam/Documents/Projects/ultima-iv-web/vlc-thumbs/work/upstream/vlc-master-story005/extras/tools/build/bin/msgmerge --for-msgfmt -o si.1po si.po vlc.pot && /Users/cam/Documents/Projects/ultima-iv-web/vlc-thumbs/work/upstream/vlc-master-story005/extras/tools/build/bin/msgfmt -c --statistics --verbose -o si.gmo si.1po && rm -f si.1po
cd /Users/cam/Documents/Projects/ultima-iv-web/vlc-thumbs/work/upstream/vlc-master-story005/extras/package/macosx/../../../po && rm -f sk.gmo && /Users/cam/Documents/Projects/ultima-iv-web/vlc-thumbs/work/upstream/vlc-master-story005/extras/tools/build/bin/msgmerge --for-msgfmt -o sk.1po sk.po vlc.pot && /Users/cam/Documents/Projects/ultima-iv-web/vlc-thumbs/work/upstream/vlc-master-story005/extras/tools/build/bin/msgfmt -c --statistics --verbose -o sk.gmo sk.1po && rm -f sk.1po
cd /Users/cam/Documents/Projects/ultima-iv-web/vlc-thumbs/work/upstream/vlc-master-story005/extras/package/macosx/../../../po && rm -f sl.gmo && /Users/cam/Documents/Projects/ultima-iv-web/vlc-thumbs/work/upstream/vlc-master-story005/extras/tools/build/bin/msgmerge --for-msgfmt -o sl.1po sl.po vlc.pot && /Users/cam/Documents/Projects/ultima-iv-web/vlc-thumbs/work/upstream/vlc-master-story005/extras/tools/build/bin/msgfmt -c --statistics --verbose -o sl.gmo sl.1po && rm -f sl.1po
ru.1po: 5528 translated messages.
cd /Users/cam/Documents/Projects/ultima-iv-web/vlc-thumbs/work/upstream/vlc-master-story005/extras/package/macosx/../../../po && rm -f sq.gmo && /Users/cam/Documents/Projects/ultima-iv-web/vlc-thumbs/work/upstream/vlc-master-story005/extras/tools/build/bin/msgmerge --for-msgfmt -o sq.1po sq.po vlc.pot && /Users/cam/Documents/Projects/ultima-iv-web/vlc-thumbs/work/upstream/vlc-master-story005/extras/tools/build/bin/msgfmt -c --statistics --verbose -o sq.gmo sq.1po && rm -f sq.1po
si.1po: 2620 translated messages.
cd /Users/cam/Documents/Projects/ultima-iv-web/vlc-thumbs/work/upstream/vlc-master-story005/extras/package/macosx/../../../po && rm -f sr.gmo && /Users/cam/Documents/Projects/ultima-iv-web/vlc-thumbs/work/upstream/vlc-master-story005/extras/tools/build/bin/msgmerge --for-msgfmt -o sr.1po sr.po vlc.pot && /Users/cam/Documents/Projects/ultima-iv-web/vlc-thumbs/work/upstream/vlc-master-story005/extras/tools/build/bin/msgfmt -c --statistics --verbose -o sr.gmo sr.1po && rm -f sr.1po
sk.1po: 5528 translated messages.
sl.1po: 5459 translated messages.
sq.1po: 959 translated messages.
cd /Users/cam/Documents/Projects/ultima-iv-web/vlc-thumbs/work/upstream/vlc-master-story005/extras/package/macosx/../../../po && rm -f sv.gmo && /Users/cam/Documents/Projects/ultima-iv-web/vlc-thumbs/work/upstream/vlc-master-story005/extras/tools/build/bin/msgmerge --for-msgfmt -o sv.1po sv.po vlc.pot && /Users/cam/Documents/Projects/ultima-iv-web/vlc-thumbs/work/upstream/vlc-master-story005/extras/tools/build/bin/msgfmt -c --statistics --verbose -o sv.gmo sv.1po && rm -f sv.1po
cd /Users/cam/Documents/Projects/ultima-iv-web/vlc-thumbs/work/upstream/vlc-master-story005/extras/package/macosx/../../../po && rm -f ta.gmo && /Users/cam/Documents/Projects/ultima-iv-web/vlc-thumbs/work/upstream/vlc-master-story005/extras/tools/build/bin/msgmerge --for-msgfmt -o ta.1po ta.po vlc.pot && /Users/cam/Documents/Projects/ultima-iv-web/vlc-thumbs/work/upstream/vlc-master-story005/extras/tools/build/bin/msgfmt -c --statistics --verbose -o ta.gmo ta.1po && rm -f ta.1po
cd /Users/cam/Documents/Projects/ultima-iv-web/vlc-thumbs/work/upstream/vlc-master-story005/extras/package/macosx/../../../po && rm -f te.gmo && /Users/cam/Documents/Projects/ultima-iv-web/vlc-thumbs/work/upstream/vlc-master-story005/extras/tools/build/bin/msgmerge --for-msgfmt -o te.1po te.po vlc.pot && /Users/cam/Documents/Projects/ultima-iv-web/vlc-thumbs/work/upstream/vlc-master-story005/extras/tools/build/bin/msgfmt -c --statistics --verbose -o te.gmo te.1po && rm -f te.1po
sr.1po: 3123 translated messages.
cd /Users/cam/Documents/Projects/ultima-iv-web/vlc-thumbs/work/upstream/vlc-master-story005/extras/package/macosx/../../../po && rm -f tet.gmo && /Users/cam/Documents/Projects/ultima-iv-web/vlc-thumbs/work/upstream/vlc-master-story005/extras/tools/build/bin/msgmerge --for-msgfmt -o tet.1po tet.po vlc.pot && /Users/cam/Documents/Projects/ultima-iv-web/vlc-thumbs/work/upstream/vlc-master-story005/extras/tools/build/bin/msgfmt -c --statistics --verbose -o tet.gmo tet.1po && rm -f tet.1po
ta.1po: 1772 translated messages.
te.1po: 1762 translated messages.
cd /Users/cam/Documents/Projects/ultima-iv-web/vlc-thumbs/work/upstream/vlc-master-story005/extras/package/macosx/../../../po && rm -f th.gmo && /Users/cam/Documents/Projects/ultima-iv-web/vlc-thumbs/work/upstream/vlc-master-story005/extras/tools/build/bin/msgmerge --for-msgfmt -o th.1po th.po vlc.pot && /Users/cam/Documents/Projects/ultima-iv-web/vlc-thumbs/work/upstream/vlc-master-story005/extras/tools/build/bin/msgfmt -c --statistics --verbose -o th.gmo th.1po && rm -f th.1po
cd /Users/cam/Documents/Projects/ultima-iv-web/vlc-thumbs/work/upstream/vlc-master-story005/extras/package/macosx/../../../po && rm -f tl.gmo && /Users/cam/Documents/Projects/ultima-iv-web/vlc-thumbs/work/upstream/vlc-master-story005/extras/tools/build/bin/msgmerge --for-msgfmt -o tl.1po tl.po vlc.pot && /Users/cam/Documents/Projects/ultima-iv-web/vlc-thumbs/work/upstream/vlc-master-story005/extras/tools/build/bin/msgfmt -c --statistics --verbose -o tl.gmo tl.1po && rm -f tl.1po
sv.1po: 4915 translated messages.
cd /Users/cam/Documents/Projects/ultima-iv-web/vlc-thumbs/work/upstream/vlc-master-story005/extras/package/macosx/../../../po && rm -f tr.gmo && /Users/cam/Documents/Projects/ultima-iv-web/vlc-thumbs/work/upstream/vlc-master-story005/extras/tools/build/bin/msgmerge --for-msgfmt -o tr.1po tr.po vlc.pot && /Users/cam/Documents/Projects/ultima-iv-web/vlc-thumbs/work/upstream/vlc-master-story005/extras/tools/build/bin/msgfmt -c --statistics --verbose -o tr.gmo tr.1po && rm -f tr.1po
tet.1po: 2 translated messages.
cd /Users/cam/Documents/Projects/ultima-iv-web/vlc-thumbs/work/upstream/vlc-master-story005/extras/package/macosx/../../../po && rm -f ug.gmo && /Users/cam/Documents/Projects/ultima-iv-web/vlc-thumbs/work/upstream/vlc-master-story005/extras/tools/build/bin/msgmerge --for-msgfmt -o ug.1po ug.po vlc.pot && /Users/cam/Documents/Projects/ultima-iv-web/vlc-thumbs/work/upstream/vlc-master-story005/extras/tools/build/bin/msgfmt -c --statistics --verbose -o ug.gmo ug.1po && rm -f ug.1po
tl.1po: 2 translated messages.
cd /Users/cam/Documents/Projects/ultima-iv-web/vlc-thumbs/work/upstream/vlc-master-story005/extras/package/macosx/../../../po && rm -f uk.gmo && /Users/cam/Documents/Projects/ultima-iv-web/vlc-thumbs/work/upstream/vlc-master-story005/extras/tools/build/bin/msgmerge --for-msgfmt -o uk.1po uk.po vlc.pot && /Users/cam/Documents/Projects/ultima-iv-web/vlc-thumbs/work/upstream/vlc-master-story005/extras/tools/build/bin/msgfmt -c --statistics --verbose -o uk.gmo uk.1po && rm -f uk.1po
th.1po: 3310 translated messages.
cd /Users/cam/Documents/Projects/ultima-iv-web/vlc-thumbs/work/upstream/vlc-master-story005/extras/package/macosx/../../../po && rm -f uz.gmo && /Users/cam/Documents/Projects/ultima-iv-web/vlc-thumbs/work/upstream/vlc-master-story005/extras/tools/build/bin/msgmerge --for-msgfmt -o uz.1po uz.po vlc.pot && /Users/cam/Documents/Projects/ultima-iv-web/vlc-thumbs/work/upstream/vlc-master-story005/extras/tools/build/bin/msgfmt -c --statistics --verbose -o uz.gmo uz.1po && rm -f uz.1po
ug.1po: 930 translated messages.
cd /Users/cam/Documents/Projects/ultima-iv-web/vlc-thumbs/work/upstream/vlc-master-story005/extras/package/macosx/../../../po && rm -f vi.gmo && /Users/cam/Documents/Projects/ultima-iv-web/vlc-thumbs/work/upstream/vlc-master-story005/extras/tools/build/bin/msgmerge --for-msgfmt -o vi.1po vi.po vlc.pot && /Users/cam/Documents/Projects/ultima-iv-web/vlc-thumbs/work/upstream/vlc-master-story005/extras/tools/build/bin/msgfmt -c --statistics --verbose -o vi.gmo vi.1po && rm -f vi.1po
tr.1po: 5528 translated messages.
uz.1po: 904 translated messages.
cd /Users/cam/Documents/Projects/ultima-iv-web/vlc-thumbs/work/upstream/vlc-master-story005/extras/package/macosx/../../../po && rm -f wa.gmo && /Users/cam/Documents/Projects/ultima-iv-web/vlc-thumbs/work/upstream/vlc-master-story005/extras/tools/build/bin/msgmerge --for-msgfmt -o wa.1po wa.po vlc.pot && /Users/cam/Documents/Projects/ultima-iv-web/vlc-thumbs/work/upstream/vlc-master-story005/extras/tools/build/bin/msgfmt -c --statistics --verbose -o wa.gmo wa.1po && rm -f wa.1po
cd /Users/cam/Documents/Projects/ultima-iv-web/vlc-thumbs/work/upstream/vlc-master-story005/extras/package/macosx/../../../po && rm -f zh_CN.gmo && /Users/cam/Documents/Projects/ultima-iv-web/vlc-thumbs/work/upstream/vlc-master-story005/extras/tools/build/bin/msgmerge --for-msgfmt -o zh_CN.1po zh_CN.po vlc.pot && /Users/cam/Documents/Projects/ultima-iv-web/vlc-thumbs/work/upstream/vlc-master-story005/extras/tools/build/bin/msgfmt -c --statistics --verbose -o zh_CN.gmo zh_CN.1po && rm -f zh_CN.1po
uk.1po: 5528 translated messages.
cd /Users/cam/Documents/Projects/ultima-iv-web/vlc-thumbs/work/upstream/vlc-master-story005/extras/package/macosx/../../../po && rm -f zh_TW.gmo && /Users/cam/Documents/Projects/ultima-iv-web/vlc-thumbs/work/upstream/vlc-master-story005/extras/tools/build/bin/msgmerge --for-msgfmt -o zh_TW.1po zh_TW.po vlc.pot && /Users/cam/Documents/Projects/ultima-iv-web/vlc-thumbs/work/upstream/vlc-master-story005/extras/tools/build/bin/msgfmt -c --statistics --verbose -o zh_TW.gmo zh_TW.1po && rm -f zh_TW.1po
vi.1po: 4454 translated messages.
wa.1po: 3503 translated messages.
cd /Users/cam/Documents/Projects/ultima-iv-web/vlc-thumbs/work/upstream/vlc-master-story005/extras/package/macosx/../../../po && rm -f zu.gmo && /Users/cam/Documents/Projects/ultima-iv-web/vlc-thumbs/work/upstream/vlc-master-story005/extras/tools/build/bin/msgmerge --for-msgfmt -o zu.1po zu.po vlc.pot && /Users/cam/Documents/Projects/ultima-iv-web/vlc-thumbs/work/upstream/vlc-master-story005/extras/tools/build/bin/msgfmt -c --statistics --verbose -o zu.gmo zu.1po && rm -f zu.1po
zh_CN.1po: 5528 translated messages.
zh_TW.1po: 3636 translated messages.
zu.1po: 892 translated messages.
touch /Users/cam/Documents/Projects/ultima-iv-web/vlc-thumbs/work/upstream/vlc-master-story005/extras/package/macosx/../../../po/stamp-po
Making all in share
  LUAC     lua/intf/dummy.luac
  LUAC     lua/extensions/VLSub.luac
  LUAC     lua/intf/cli.luac
  LUAC     lua/intf/dumpmeta.luac
  LUAC     lua/intf/modules/host.luac
  LUAC     lua/intf/http.luac
  LUAC     lua/intf/modules/httprequests.luac
  LUAC     lua/intf/luac.luac
  LUAC     lua/intf/telnet.luac
  LUAC     lua/meta/art/02_frenchtv.luac
  LUAC     lua/meta/art/01_googleimage.luac
  LUAC     lua/meta/art/03_lastfm.luac
  LUAC     lua/meta/art/00_musicbrainz.luac
  LUAC     lua/modules/common.luac
  LUAC     lua/modules/dkjson.luac
  LUAC     lua/meta/reader/filename.luac
  LUAC     lua/playlist/anevia_xml.luac
  LUAC     lua/modules/sandbox.luac
  LUAC     lua/playlist/anevia_streams.luac
  LUAC     lua/modules/simplexml.luac
  LUAC     lua/playlist/extreme.luac
  LUAC     lua/playlist/bbc_co_uk.luac
  LUAC     lua/playlist/dailymotion.luac
  LUAC     lua/playlist/cue.luac
  LUAC     lua/playlist/katsomo.luac
  LUAC     lua/playlist/koreus.luac
  LUAC     lua/playlist/france2.luac
  LUAC     lua/playlist/jamendo.luac
  LUAC     lua/playlist/newgrounds.luac
  LUAC     lua/playlist/pinkbike.luac
  LUAC     lua/playlist/lelombrik.luac
  LUAC     lua/playlist/mpora.luac
  LUAC     lua/playlist/vocaroo.luac
  LUAC     lua/playlist/rockbox_fm_presets.luac
  LUAC     lua/playlist/vimeo.luac
  LUAC     lua/playlist/soundcloud.luac
  LUAC     lua/playlist/zapiks.luac
  LUAC     lua/sd/fmc.luac
  LUAC     lua/sd/jamendo.luac
  LUAC     lua/playlist/twitch.luac
  GEN      skins2/default.vlt
a -rw-r--r--  1 cam    staff   33054 Oct  5 19:52 default/subX/about.png
a -rw-r--r--  1 cam    staff   31809 Oct  5 19:52 default/subX/eq.png
a -rw-r--r--  1 cam    staff   24700 Oct  5 19:52 default/subX/font.otf
a -rw-r--r--  1 cam    staff   68042 Oct  5 19:52 default/subX/main.png
a -rw-r--r--  1 cam    staff    7739 Oct  5 19:52 default/subX/pl.png
a -rw-r--r--  1 cam    staff     101 Oct  5 19:52 default/subX/playtreeglyphs.png
a -rw-r--r--  1 cam    staff    2245 Oct  5 19:52 default/subX/sysbuttons.png
a -rw-r--r--  1 cam    staff    2063 Oct  5 19:52 default/subX/vol_anim.png
a -rw-r--r--  1 cam    staff      73 Oct  5 19:52 default/subX/vol_slider.png
a -rw-r--r--  1 cam    staff   55484 Oct  5 19:52 default/theme.xml
Making all in src
  CC       fourcc_gen
  GEN      stamp-revision
  GEN      ../include/vlc_about.h
  GEN      fourcc_tables.h
video: 996 entries
audio: 282 entries
spu: 51 entries
/Applications/Xcode.app/Contents/Developer/usr/bin/make  all-am
  CC       libvlccore_la-libvlc.lo
  CC       libvlccore_la-libvlc-module.lo
  CC       libvlccore_la-missing.lo
  GEN      /Users/cam/Documents/Projects/ultima-iv-web/vlc-thumbs/work/upstream/vlc-master-story005/extras/package/macosx/../../../src/revision.c
  CC       libvlccore_la-version.lo
  CC       input/libvlccore_la-decoder.lo
  CC       input/libvlccore_la-decoder_prevframe.lo
  CC       input/libvlccore_la-decoder_device.lo
  CC       input/libvlccore_la-decoder_helpers.lo
/Users/cam/Documents/Projects/ultima-iv-web/vlc-thumbs/work/upstream/vlc-master-story005/extras/package/macosx/../../../src/input/decoder.c:3070:12: warning: 'vlc_fifo_Size' is deprecated [-Wdeprecated-declarations]
 3070 |     return block_FifoSize( p_owner->p_fifo );
      |            ^
/Users/cam/Documents/Projects/ultima-iv-web/vlc-thumbs/work/upstream/vlc-master-story005/extras/package/macosx/../../../include/vlc_block.h:106:24: note: expanded from macro 'block_FifoSize'
  106 | #define block_FifoSize vlc_fifo_Size
      |                        ^
/Users/cam/Documents/Projects/ultima-iv-web/vlc-thumbs/work/upstream/vlc-master-story005/extras/package/macosx/../../../include/vlc_frame.h:864:10: note: 'vlc_fifo_Size' has been explicitly marked deprecated here
  864 | VLC_USED VLC_DEPRECATED
      |          ^
/Users/cam/Documents/Projects/ultima-iv-web/vlc-thumbs/work/upstream/vlc-master-story005/extras/package/macosx/../../../include/vlc_common.h:95:42: note: expanded from macro 'VLC_DEPRECATED'
   95 | #  define VLC_DEPRECATED  __attribute__((deprecated))
      |                                          ^
  CC       input/libvlccore_la-demux.lo
  CC       input/libvlccore_la-demux_chained.lo
  CC       input/libvlccore_la-es_out.lo
  CC       input/libvlccore_la-es_out_source.lo
  CC       input/libvlccore_la-es_out_timeshift.lo
1 warning generated.
  CC       input/libvlccore_la-input.lo
  CC       input/libvlccore_la-meta.lo
  CC       input/libvlccore_la-attachment.lo
  CC       input/libvlccore_la-parse.lo
  CC       input/libvlccore_la-replay_gain.lo
  CC       input/libvlccore_la-resource.lo
  CC       input/libvlccore_la-services_discovery.lo
  CC       input/libvlccore_la-source.lo
  CC       input/libvlccore_la-stats.lo
  CC       input/libvlccore_la-stream.lo
  CC       input/libvlccore_la-stream_fifo.lo
  CC       input/libvlccore_la-stream_extractor.lo
  CC       input/libvlccore_la-stream_filter.lo
  CC       input/libvlccore_la-stream_memory.lo
  CC       input/libvlccore_la-subtitles.lo
  CC       input/libvlccore_la-var.lo
  CC       input/libvlccore_la-vlm.lo
  CC       input/libvlccore_la-vlm_event.lo
  CC       input/libvlccore_la-vlmshell.lo
  OBJC     darwin/libvlccore_objc_la-dirs.lo
  OBJC     darwin/libvlccore_objc_la-netconf.lo
  GEN      vlc-plugin.pc
  CC       libvlccore_la-revision.lo
  CC       config/libvlccore_la-cat.lo
  CC       config/libvlccore_la-core.lo
  CC       config/libvlccore_la-chain.lo
  CC       config/libvlccore_la-dirs.lo
  CC       config/libvlccore_la-file.lo
  CC       config/libvlccore_la-help.lo
  CC       config/libvlccore_la-intf.lo
  CC       config/libvlccore_la-cmdline.lo
  CC       config/libvlccore_la-getopt.lo
  CC       config/libvlccore_la-jaro_winkler.lo
  CC       extras/libvlccore_la-libc.lo
  CC       media_source/libvlccore_la-media_source.lo
  CC       media_source/libvlccore_la-media_tree.lo
config.status: creating src/vlc-plugin.pc
  CC       modules/libvlccore_la-modules.lo
  CC       modules/libvlccore_la-bank.lo
  CC       modules/libvlccore_la-cache.lo
  CC       modules/libvlccore_la-entry.lo
  CC       modules/libvlccore_la-textdomain.lo
  CC       interface/libvlccore_la-dialog.lo
  CC       interface/libvlccore_la-interface.lo
  CC       playlist/libvlccore_la-content.lo
  CC       playlist/libvlccore_la-control.lo
  CC       playlist/libvlccore_la-export.lo
  CC       playlist/libvlccore_la-item.lo
  CC       playlist/libvlccore_la-notify.lo
  CC       playlist/libvlccore_la-player.lo
  CC       playlist/libvlccore_la-playlist.lo
  CC       playlist/libvlccore_la-preparse.lo
  CC       playlist/libvlccore_la-randomizer.lo
  CC       playlist/libvlccore_la-request.lo
  CC       playlist/libvlccore_la-shuffle.lo
  CC       playlist/libvlccore_la-sort.lo
  CC       preparser/libvlccore_la-art.lo
  CC       preparser/libvlccore_la-fetcher.lo
  CC       preparser/libvlccore_la-ipc.lo
  CC       preparser/libvlccore_la-internal.lo
  CC       preparser/libvlccore_la-preparser.lo
  CC       preparser/libvlccore_la-external.lo
  CC       input/libvlccore_la-item.lo
  CC       input/libvlccore_la-access.lo
  CC       clock/libvlccore_la-clock_internal.lo
  CC       clock/libvlccore_la-input_clock.lo
  CC       clock/libvlccore_la-clock.lo
  CC       player/libvlccore_la-player.lo
/Users/cam/Documents/Projects/ultima-iv-web/vlc-thumbs/work/upstream/vlc-master-story005/extras/package/macosx/../../../src/clock/input_clock.c:463:2: warning: "input_clock_SetJitter needs more work" [-W#warnings]
  463 | #warning "input_clock_SetJitter needs more work"
      |  ^
1 warning generated.
  CC       player/libvlccore_la-input.lo
  CC       player/libvlccore_la-timer.lo
  CC       player/libvlccore_la-track.lo
  CC       player/libvlccore_la-title.lo
  CC       player/libvlccore_la-aout.lo
  CC       player/libvlccore_la-vout.lo
  CC       player/libvlccore_la-osd.lo
  CC       player/libvlccore_la-medialib.lo
  CC       player/libvlccore_la-metadata.lo
  CC       audio_output/libvlccore_la-common.lo
  CC       audio_output/libvlccore_la-dec.lo
  CC       audio_output/libvlccore_la-filters.lo
  CC       audio_output/libvlccore_la-meter.lo
  CC       audio_output/libvlccore_la-output.lo
  CC       audio_output/libvlccore_la-volume.lo
  CC       video_output/libvlccore_la-control.lo
  CC       video_output/libvlccore_la-display.lo
  CC       video_output/libvlccore_la-inhibit.lo
  CC       video_output/libvlccore_la-interlacing.lo
  CC       video_output/libvlccore_la-snapshot.lo
  CC       video_output/libvlccore_la-video_output.lo
  CC       video_output/libvlccore_la-video_text.lo
/Users/cam/Documents/Projects/ultima-iv-web/vlc-thumbs/work/upstream/vlc-master-story005/extras/package/macosx/../../../src/video_output/snapshot.c:207:13: warning: 'timespec_get' is only available on macOS 10.15 or newer [-Wunguarded-availability-new]
  207 |             timespec_get(&ts, TIME_UTC);
      |             ^~~~~~~~~~~~
/Applications/Xcode.app/Contents/Developer/Platforms/MacOSX.platform/Developer/SDKs/MacOSX27.0.sdk/usr/include/_time.h:202:5: note: 'timespec_get' has been marked as being introduced in macOS 10.15 here, but the deployment target is macOS 10.13.0
  202 | int timespec_get(struct timespec *ts, int base);
      |     ^
/Users/cam/Documents/Projects/ultima-iv-web/vlc-thumbs/work/upstream/vlc-master-story005/extras/package/macosx/../../../src/video_output/snapshot.c:207:13: note: enclose 'timespec_get' in a __builtin_available check to silence this warning
  207 |             timespec_get(&ts, TIME_UTC);
      |             ^~~~~~~~~~~~                
  CC       video_output/libvlccore_la-video_epg.lo
1 warning generated.
  CC       video_output/libvlccore_la-video_widgets.lo
  CC       video_output/libvlccore_la-vout_subpictures.lo
  CC       video_output/libvlccore_la-video_window.lo
  CC       video_output/libvlccore_la-window.lo
  CC       video_output/libvlccore_la-opengl.lo
  CC       video_output/libvlccore_la-vout_intf.lo
  CC       video_output/libvlccore_la-vout_wrapper.lo
  CC       network/libvlccore_la-getaddrinfo.lo
  CC       network/libvlccore_la-http_auth.lo
/Users/cam/Documents/Projects/ultima-iv-web/vlc-thumbs/work/upstream/vlc-master-story005/extras/package/macosx/../../../src/network/getaddrinfo.c:112:2: warning: vlc_getaddrinfo_i11e() not implemented! [-W#warnings]
  112 | #warning vlc_getaddrinfo_i11e() not implemented!
      |  ^
1 warning generated.
  CC       network/libvlccore_la-httpd.lo
  CC       network/libvlccore_la-io.lo
  CC       network/libvlccore_la-udp.lo
  CC       network/libvlccore_la-rootbind.lo
  CC       network/libvlccore_la-stream.lo
  CC       network/libvlccore_la-tls.lo
  CC       text/libvlccore_la-charset.lo
  CC       text/libvlccore_la-memstream.lo
  CC       text/libvlccore_la-strings.lo
  CC       text/libvlccore_la-unicode.lo
  CC       text/libvlccore_la-url.lo
  CC       text/libvlccore_la-filesystem.lo
  CC       text/libvlccore_la-iso_lang.lo
  CC       misc/libvlccore_la-actions.lo
  CC       misc/libvlccore_la-ancillary.lo
  CC       misc/libvlccore_la-chroma_probe.lo
  CC       misc/libvlccore_la-executor.lo
  CC       misc/libvlccore_la-md5.lo
  CC       misc/libvlccore_la-probe.lo
  CC       misc/libvlccore_la-rand.lo
  CC       misc/libvlccore_la-mtime.lo
  CC       misc/libvlccore_la-frame.lo
/Users/cam/Documents/Projects/ultima-iv-web/vlc-thumbs/work/upstream/vlc-master-story005/extras/package/macosx/../../../src/misc/mtime.c:135:5: warning: 'timespec_get' is only available on macOS 10.15 or newer [-Wunguarded-availability-new]
  135 |     timespec_get(&ts, TIME_UTC);
      |     ^~~~~~~~~~~~
/Applications/Xcode.app/Contents/Developer/Platforms/MacOSX.platform/Developer/SDKs/MacOSX27.0.sdk/usr/include/_time.h:202:5: note: 'timespec_get' has been marked as being introduced in macOS 10.15 here, but the deployment target is macOS 10.13.0
  202 | int timespec_get(struct timespec *ts, int base);
      |     ^
/Users/cam/Documents/Projects/ultima-iv-web/vlc-thumbs/work/upstream/vlc-master-story005/extras/package/macosx/../../../src/misc/mtime.c:135:5: note: enclose 'timespec_get' in a __builtin_available check to silence this warning
  135 |     timespec_get(&ts, TIME_UTC);
      |     ^~~~~~~~~~~~                
1 warning generated.
  CC       misc/libvlccore_la-fifo.lo
  CC       misc/libvlccore_la-filesystem.lo
  CC       misc/libvlccore_la-fourcc.lo
  CC       misc/libvlccore_la-es_format.lo
  CC       misc/libvlccore_la-extensions.lo
  CC       misc/libvlccore_la-picture.lo
  CC       misc/libvlccore_la-picture_fifo.lo
  CC       misc/libvlccore_la-picture_pool.lo
/Users/cam/Documents/Projects/ultima-iv-web/vlc-thumbs/work/upstream/vlc-master-story005/extras/package/macosx/../../../src/misc/picture.c:81:12: warning: 'aligned_alloc' is only available on macOS 10.15 or newer [-Wunguarded-availability-new]
   81 |     return aligned_alloc(64, size);
      |            ^~~~~~~~~~~~~
/Applications/Xcode.app/Contents/Developer/Platforms/MacOSX.platform/Developer/SDKs/MacOSX27.0.sdk/usr/include/malloc/_malloc.h:67:35: note: 'aligned_alloc' has been marked as being introduced in macOS 10.15 here, but the deployment target is macOS 10.13.0
   67 | void * __sized_by_or_null(__size) aligned_alloc(size_t __alignment, size_t __size) __result_use_check __alloc_align(1) __alloc_size(2) _MALLOC_TYPED(malloc_type_aligned_alloc, 2) __OSX_AVAILABLE(10.15) __IOS_AVAILABLE(13.0) __TVOS_AVAILABLE(13.0) __WATCHOS_AVAILABLE(6.0);
      |                                   ^
/Users/cam/Documents/Projects/ultima-iv-web/vlc-thumbs/work/upstream/vlc-master-story005/extras/package/macosx/../../../src/misc/picture.c:81:12: note: enclose 'aligned_alloc' in a __builtin_available check to silence this warning
   81 |     return aligned_alloc(64, size);
      |            ^~~~~~~~~~~~~           
  CC       misc/libvlccore_la-interrupt.lo
  CC       misc/libvlccore_la-keystore.lo
1 warning generated.
  CC       misc/libvlccore_la-rcu.lo
  CC       misc/libvlccore_la-renderer_discovery.lo
  CC       misc/libvlccore_la-threads.lo
  CC       misc/libvlccore_la-cpu.lo
  CC       misc/libvlccore_la-diffutil.lo
  CC       misc/libvlccore_la-epg.lo
  CC       misc/libvlccore_la-exit.lo
  CC       misc/libvlccore_la-image.lo
  CC       misc/libvlccore_la-messages.lo
  CC       misc/libvlccore_la-tracer.lo
  CC       misc/libvlccore_la-mime.lo
  CC       misc/libvlccore_la-objects.lo
  CC       misc/libvlccore_la-objres.lo
  CC       misc/libvlccore_la-queue.lo
  CC       misc/libvlccore_la-variables.lo
/Users/cam/Documents/Projects/ultima-iv-web/vlc-thumbs/work/upstream/vlc-master-story005/extras/package/macosx/../../../src/misc/objects.c:207:27: warning: 'vlc_object_hold' is deprecated [-Wdeprecated-declarations]
  207 |              tab[count] = vlc_object_hold(vlc_externals(priv));
      |                           ^
/Users/cam/Documents/Projects/ultima-iv-web/vlc-thumbs/work/upstream/vlc-master-story005/extras/package/macosx/../../../include/vlc_objects.h:204:1: note: 'vlc_object_hold' has been explicitly marked deprecated here
  204 | VLC_DEPRECATED static inline void *vlc_object_hold(vlc_object_t *o)
      | ^
/Users/cam/Documents/Projects/ultima-iv-web/vlc-thumbs/work/upstream/vlc-master-story005/extras/package/macosx/../../../include/vlc_common.h:95:42: note: expanded from macro 'VLC_DEPRECATED'
   95 | #  define VLC_DEPRECATED  __attribute__((deprecated))
      |                                          ^
1 warning generated.
  CC       misc/libvlccore_la-addons.lo
  CC       misc/libvlccore_la-xml.lo
  CC       misc/libvlccore_la-filter.lo
  CC       misc/libvlccore_la-filter_chain.lo
  CC       misc/libvlccore_la-httpcookies.lo
  CC       misc/libvlccore_la-fingerprinter.lo
  CC       misc/libvlccore_la-text_style.lo
  CC       misc/libvlccore_la-sort.lo
  CC       misc/libvlccore_la-subpicture.lo
  CC       misc/libvlccore_la-medialibrary.lo
  CC       misc/libvlccore_la-viewpoint.lo
  CC       darwin/libvlccore_la-error.lo
  CC       darwin/libvlccore_la-specific.lo
  CC       darwin/libvlccore_la-thread.lo
  CC       posix/libvlccore_la-process.lo
  CC       posix/libvlccore_la-filesystem.lo
  CC       posix/libvlccore_la-plugin.lo
  CC       posix/libvlccore_la-rand.lo
  CC       posix/libvlccore_la-timer.lo
  CC       posix/libvlccore_la-wait.lo
/Users/cam/Documents/Projects/ultima-iv-web/vlc-thumbs/work/upstream/vlc-master-story005/extras/package/macosx/../../../src/posix/rand.c:83:5: warning: 'timespec_get' is only available on macOS 10.15 or newer [-Wunguarded-availability-new]
   83 |     timespec_get(&ts, TIME_UTC);
      |     ^~~~~~~~~~~~
/Applications/Xcode.app/Contents/Developer/Platforms/MacOSX.platform/Developer/SDKs/MacOSX27.0.sdk/usr/include/_time.h:202:5: note: 'timespec_get' has been marked as being introduced in macOS 10.15 here, but the deployment target is macOS 10.13.0
  202 | int timespec_get(struct timespec *ts, int base);
      |     ^
/Users/cam/Documents/Projects/ultima-iv-web/vlc-thumbs/work/upstream/vlc-master-story005/extras/package/macosx/../../../src/posix/rand.c:83:5: note: enclose 'timespec_get' in a __builtin_available check to silence this warning
   83 |     timespec_get(&ts, TIME_UTC);
      |     ^~~~~~~~~~~~                
  CC       posix/libvlccore_la-sort.lo
1 warning generated.
  CC       posix/libvlccore_la-thread.lo
  CC       posix/libvlccore_la-spawn.lo
  CC       stream_output/libvlccore_la-sap.lo
  CC       stream_output/libvlccore_la-stream_output.lo
  OBJCLD   libvlccore_objc.la
/Users/cam/Documents/Projects/ultima-iv-web/vlc-thumbs/work/upstream/vlc-master-story005/extras/package/macosx/../../../src/stream_output/stream_output.c:520:13: warning: 'vlc_fifo_Count' is deprecated [-Wdeprecated-declarations]
  520 |         if( block_FifoCount( p_input->p_fifo ) < i_blocks )
      |             ^
/Users/cam/Documents/Projects/ultima-iv-web/vlc-thumbs/work/upstream/vlc-master-story005/extras/package/macosx/../../../include/vlc_block.h:108:25: note: expanded from macro 'block_FifoCount'
  108 | #define block_FifoCount vlc_fifo_Count
      |                         ^
/Users/cam/Documents/Projects/ultima-iv-web/vlc-thumbs/work/upstream/vlc-master-story005/extras/package/macosx/../../../include/vlc_frame.h:876:10: note: 'vlc_fifo_Count' has been explicitly marked deprecated here
  876 | VLC_USED VLC_DEPRECATED
      |          ^
/Users/cam/Documents/Projects/ultima-iv-web/vlc-thumbs/work/upstream/vlc-master-story005/extras/package/macosx/../../../include/vlc_common.h:95:42: note: expanded from macro 'VLC_DEPRECATED'
   95 | #  define VLC_DEPRECATED  __attribute__((deprecated))
      |                                          ^
1 warning generated.
  CCLD     libvlccore.la
ld: warning: double slash removed from -dylib_install_name (//lib/libvlccore.9.dylib)
ld: warning: object file (/Users/cam/Documents/Projects/ultima-iv-web/vlc-thumbs/work/story005-master-baseline/src/.libs/libvlccore_objc.a[2](libvlccore_objc_la-dirs.o)) was built for newer 'macOS' version (27.0) than being linked (11.0)
ld: warning: object file (/Users/cam/Documents/Projects/ultima-iv-web/vlc-thumbs/work/story005-master-baseline/src/.libs/libvlccore_objc.a[3](libvlccore_objc_la-netconf.o)) was built for newer 'macOS' version (27.0) than being linked (11.0)
Making all in modules
  YACC     codec/webvtt/CSSGrammar.c
  YACC     demux/json/grammar.c
  METAL    gui/macosx/shaders/VLCSnowShader.air
  ACTOOL   gui/macosx/Resources/Assets.car
updating demux/json/grammar.h
  XIB      gui/macosx/UI/About.nib
updating codec/webvtt/CSSGrammar.h
  XIB      gui/macosx/UI/AddonManager.nib
/* com.apple.ibtool.document.notices */
/Users/cam/Documents/Projects/ultima-iv-web/vlc-thumbs/work/upstream/vlc-master-story005/modules/gui/macosx/UI/About.xib:2234: note: View is clipping its content [13]
  XIB      gui/macosx/UI/AudioEffects.nib
/* com.apple.ibtool.document.notices */
/Users/cam/Documents/Projects/ultima-iv-web/vlc-thumbs/work/upstream/vlc-master-story005/modules/gui/macosx/UI/AddonManager.xib:30: note: View is clipping its content [13]
/* com.apple.actool.compilation-results */
/Users/cam/Documents/Projects/ultima-iv-web/vlc-thumbs/work/story005-master-baseline/modules/gui/macosx/Resources/Assets.car

  XIB      gui/macosx/UI/Bookmarks.nib
  XIB      gui/macosx/UI/ConvertAndSave.nib
  XIB      gui/macosx/UI/CoreDialogs.nib
/* com.apple.ibtool.document.notices */
/Users/cam/Documents/Projects/ultima-iv-web/vlc-thumbs/work/upstream/vlc-master-story005/modules/gui/macosx/UI/Bookmarks.xib:94: note: View is clipping its content [13]
/Users/cam/Documents/Projects/ultima-iv-web/vlc-thumbs/work/upstream/vlc-master-story005/modules/gui/macosx/UI/Bookmarks.xib:88: note: View is clipping its content [13]
/Users/cam/Documents/Projects/ultima-iv-web/vlc-thumbs/work/upstream/vlc-master-story005/modules/gui/macosx/UI/Bookmarks.xib:92: note: View is clipping its content [13]
  XIB      gui/macosx/UI/ErrorPanel.nib
2026-10-05 20:17:16.367 ibtoold[44926:4195923] 10.4-style NSNumberFormatter method called on a 10.0-style formatter, which doesn't work. Break on _NSNumberFormatter_Log_New_Methods_On_Old_Formatters to debug. This message will only be logged once.
  XIB      gui/macosx/UI/Help.nib
/* com.apple.ibtool.document.notices */
/Users/cam/Documents/Projects/ultima-iv-web/vlc-thumbs/work/upstream/vlc-master-story005/modules/gui/macosx/UI/Help.xib:2258: note: View is clipping its content [13]
/Users/cam/Documents/Projects/ultima-iv-web/vlc-thumbs/work/upstream/vlc-master-story005/modules/gui/macosx/UI/Help.xib:2257: note: View is clipping its content [13]
/Users/cam/Documents/Projects/ultima-iv-web/vlc-thumbs/work/upstream/vlc-master-story005/modules/gui/macosx/UI/Help.xib:2256: note: View is clipping its content [13]
  XIB      gui/macosx/UI/LogMessageWindow.nib
/* com.apple.ibtool.document.notices */
/Users/cam/Documents/Projects/ultima-iv-web/vlc-thumbs/work/upstream/vlc-master-story005/modules/gui/macosx/UI/AudioEffects.xib:Jb1-f1-iF3: note: View is clipping its content [13]
/Users/cam/Documents/Projects/ultima-iv-web/vlc-thumbs/work/upstream/vlc-master-story005/modules/gui/macosx/UI/AudioEffects.xib:621: note: View is clipping its content [13]
/Users/cam/Documents/Projects/ultima-iv-web/vlc-thumbs/work/upstream/vlc-master-story005/modules/gui/macosx/UI/AudioEffects.xib:701: note: View is clipping its content [13]
/Users/cam/Documents/Projects/ultima-iv-web/vlc-thumbs/work/upstream/vlc-master-story005/modules/gui/macosx/UI/AudioEffects.xib:fI0-dm-MVt: note: View is clipping its content [13]
/Users/cam/Documents/Projects/ultima-iv-web/vlc-thumbs/work/upstream/vlc-master-story005/modules/gui/macosx/UI/AudioEffects.xib:618: note: View is clipping its content [13]
  XIB      gui/macosx/UI/MainMenu.nib
/* com.apple.ibtool.document.notices */
/Users/cam/Documents/Projects/ultima-iv-web/vlc-thumbs/work/upstream/vlc-master-story005/modules/gui/macosx/UI/LogMessageWindow.xib:hdT-qU-xRy: note: View is clipping its content [13]
/Users/cam/Documents/Projects/ultima-iv-web/vlc-thumbs/work/upstream/vlc-master-story005/modules/gui/macosx/UI/LogMessageWindow.xib:JpS-Ua-CDA: note: View is clipping its content [13]
/Users/cam/Documents/Projects/ultima-iv-web/vlc-thumbs/work/upstream/vlc-master-story005/modules/gui/macosx/UI/LogMessageWindow.xib:JpS-Ua-CDA: note: NSTextField's height does not match its intrinsic content size, use "Size to Fit Content" to correct [22]
  XIB      gui/macosx/UI/VLCCustomCropARPanel.nib
/* com.apple.ibtool.document.notices */
/Users/cam/Documents/Projects/ultima-iv-web/vlc-thumbs/work/upstream/vlc-master-story005/modules/gui/macosx/UI/ConvertAndSave.xib:213: note: View is clipping its content [13]
/Users/cam/Documents/Projects/ultima-iv-web/vlc-thumbs/work/upstream/vlc-master-story005/modules/gui/macosx/UI/ConvertAndSave.xib:344: note: View is clipping its content [13]
/Users/cam/Documents/Projects/ultima-iv-web/vlc-thumbs/work/upstream/vlc-master-story005/modules/gui/macosx/UI/ConvertAndSave.xib:315: note: View is clipping its content [13]
/Users/cam/Documents/Projects/ultima-iv-web/vlc-thumbs/work/upstream/vlc-master-story005/modules/gui/macosx/UI/ConvertAndSave.xib:199: note: View is clipping its content [13]
/Users/cam/Documents/Projects/ultima-iv-web/vlc-thumbs/work/upstream/vlc-master-story005/modules/gui/macosx/UI/ConvertAndSave.xib:218: note: View is clipping its content [13]
/Users/cam/Documents/Projects/ultima-iv-web/vlc-thumbs/work/upstream/vlc-master-story005/modules/gui/macosx/UI/ConvertAndSave.xib:311: note: View is clipping its content [13]
/Users/cam/Documents/Projects/ultima-iv-web/vlc-thumbs/work/upstream/vlc-master-story005/modules/gui/macosx/UI/ConvertAndSave.xib:214: note: View is clipping its content [13]
/Users/cam/Documents/Projects/ultima-iv-web/vlc-thumbs/work/upstream/vlc-master-story005/modules/gui/macosx/UI/ConvertAndSave.xib:345: note: View is clipping its content [13]
/Users/cam/Documents/Projects/ultima-iv-web/vlc-thumbs/work/upstream/vlc-master-story005/modules/gui/macosx/UI/ConvertAndSave.xib:187: note: View is clipping its content [13]
/Users/cam/Documents/Projects/ultima-iv-web/vlc-thumbs/work/upstream/vlc-master-story005/modules/gui/macosx/UI/ConvertAndSave.xib:312: note: View is clipping its content [13]
/Users/cam/Documents/Projects/ultima-iv-web/vlc-thumbs/work/upstream/vlc-master-story005/modules/gui/macosx/UI/ConvertAndSave.xib:341: note: View is clipping its content [13]
/Users/cam/Documents/Projects/ultima-iv-web/vlc-thumbs/work/upstream/vlc-master-story005/modules/gui/macosx/UI/ConvertAndSave.xib:196: note: View is clipping its content [13]
/Users/cam/Documents/Projects/ultima-iv-web/vlc-thumbs/work/upstream/vlc-master-story005/modules/gui/macosx/UI/ConvertAndSave.xib:215: note: View is clipping its content [13]
/Users/cam/Documents/Projects/ultima-iv-web/vlc-thumbs/work/upstream/vlc-master-story005/modules/gui/macosx/UI/ConvertAndSave.xib:188: note: View is clipping its content [13]
/Users/cam/Documents/Projects/ultima-iv-web/vlc-thumbs/work/upstream/vlc-master-story005/modules/gui/macosx/UI/ConvertAndSave.xib:317: note: View is clipping its content [13]
/Users/cam/Documents/Projects/ultima-iv-web/vlc-thumbs/work/upstream/vlc-master-story005/modules/gui/macosx/UI/ConvertAndSave.xib:184: note: View is clipping its content [13]
/Users/cam/Documents/Projects/ultima-iv-web/vlc-thumbs/work/upstream/vlc-master-story005/modules/gui/macosx/UI/ConvertAndSave.xib:180: note: View is clipping its content [13]
/Users/cam/Documents/Projects/ultima-iv-web/vlc-thumbs/work/upstream/vlc-master-story005/modules/gui/macosx/UI/ConvertAndSave.xib:172: note: View is clipping its content [13]
/Users/cam/Documents/Projects/ultima-iv-web/vlc-thumbs/work/upstream/vlc-master-story005/modules/gui/macosx/UI/ConvertAndSave.xib:314: note: View is clipping its content [13]
/Users/cam/Documents/Projects/ultima-iv-web/vlc-thumbs/work/upstream/vlc-master-story005/modules/gui/macosx/UI/ConvertAndSave.xib:241: note: View is clipping its content [13]
/Users/cam/Documents/Projects/ultima-iv-web/vlc-thumbs/work/upstream/vlc-master-story005/modules/gui/macosx/UI/ConvertAndSave.xib:217: note: View is clipping its content [13]
/Users/cam/Documents/Projects/ultima-iv-web/vlc-thumbs/work/upstream/vlc-master-story005/modules/gui/macosx/UI/ConvertAndSave.xib:319: note: View is clipping its content [13]
  XIB      gui/macosx/UI/VLCDetachedAudioWindow.nib
/* com.apple.ibtool.document.notices */
/Users/cam/Documents/Projects/ultima-iv-web/vlc-thumbs/work/upstream/vlc-master-story005/modules/gui/macosx/UI/VLCCustomCropARPanel.xib:KFt-K5-ogc: note: View is clipping its content [13]
/Users/cam/Documents/Projects/ultima-iv-web/vlc-thumbs/work/upstream/vlc-master-story005/modules/gui/macosx/UI/VLCCustomCropARPanel.xib:Smg-Kh-Pjv: note: View is clipping its content [13]
  XIB      gui/macosx/UI/VLCLibraryAlbumTableCellView.nib
  XIB      gui/macosx/UI/VLCLibraryWindow.nib
  XIB      gui/macosx/UI/VLCLibraryWindowChaptersView.nib
/* com.apple.ibtool.document.notices */
/Users/cam/Documents/Projects/ultima-iv-web/vlc-thumbs/work/upstream/vlc-master-story005/modules/gui/macosx/UI/VLCDetachedAudioWindow.xib:gzL-f3-Atd: note: View is clipping its content [13]
/Users/cam/Documents/Projects/ultima-iv-web/vlc-thumbs/work/upstream/vlc-master-story005/modules/gui/macosx/UI/VLCDetachedAudioWindow.xib:tJC-hA-c4P: note: View is clipping its content [13]
/Users/cam/Documents/Projects/ultima-iv-web/vlc-thumbs/work/upstream/vlc-master-story005/modules/gui/macosx/UI/VLCDetachedAudioWindow.xib:9: note: View is clipping its content [13]
/Users/cam/Documents/Projects/ultima-iv-web/vlc-thumbs/work/upstream/vlc-master-story005/modules/gui/macosx/UI/VLCDetachedAudioWindow.xib:gAM-N6-20z: note: View is clipping its content [13]
/* com.apple.ibtool.document.warnings */
/Users/cam/Documents/Projects/ultima-iv-web/vlc-thumbs/work/upstream/vlc-master-story005/modules/gui/macosx/UI/VLCDetachedAudioWindow.xib:f8j-zW-474: warning: SF Symbol 'volume.3.fill' is deprecated, use 'speaker.wave.3.fill' instead. [7]
2026-10-05 20:17:17.076 ibtoold[45004:4196076] -[NSSearchToolbarItem setMinSize:] is not available.
2026-10-05 20:17:17.076 ibtoold[45004:4196076] -[NSSearchToolbarItem setMaxSize:] is not available.
  XIB      gui/macosx/UI/VLCLibraryWindowNavigationSidebarView.nib
/* com.apple.ibtool.document.notices */
/Users/cam/Documents/Projects/ultima-iv-web/vlc-thumbs/work/upstream/vlc-master-story005/modules/gui/macosx/UI/CoreDialogs.xib:253: note: View is clipping its content [13]
/Users/cam/Documents/Projects/ultima-iv-web/vlc-thumbs/work/upstream/vlc-master-story005/modules/gui/macosx/UI/CoreDialogs.xib:250: note: View is clipping its content [13]
  XIB      gui/macosx/UI/VLCLibraryWindowPlayQueueView.nib
2026-10-05 20:17:17.149 ibtoold[45004:4196076] -[NSSearchToolbarItem setMinSize:] is not available.
2026-10-05 20:17:17.149 ibtoold[45004:4196076] -[NSSearchToolbarItem setMaxSize:] is not available.
/* com.apple.ibtool.document.notices */
/Users/cam/Documents/Projects/ultima-iv-web/vlc-thumbs/work/upstream/vlc-master-story005/modules/gui/macosx/UI/VLCLibraryWindowChaptersView.xib:kUX-VS-xeX: note: View is clipping its content [13]
  XIB      gui/macosx/UI/VLCLibraryWindowSidebarRootView.nib
/* com.apple.ibtool.document.notices */
/Users/cam/Documents/Projects/ultima-iv-web/vlc-thumbs/work/upstream/vlc-master-story005/modules/gui/macosx/UI/VLCLibraryWindowSidebarRootView.xib:xML-YA-Xws: note: View is clipping its content [13]
  XIB      gui/macosx/UI/VLCLibraryWindowTitlesView.nib
/* com.apple.ibtool.document.notices */
/Users/cam/Documents/Projects/ultima-iv-web/vlc-thumbs/work/upstream/vlc-master-story005/modules/gui/macosx/UI/VLCLibraryWindowNavigationSidebarView.xib:9Av-FK-YYz: note: NSTextField's height does not match its intrinsic content size, use "Size to Fit Content" to correct [22]
/Users/cam/Documents/Projects/ultima-iv-web/vlc-thumbs/work/upstream/vlc-master-story005/modules/gui/macosx/UI/VLCLibraryWindowNavigationSidebarView.xib:g5f-nN-6XM: note: View is clipping its content [13]
2026-10-05 20:17:17.304 ibtoold[45004:4196076] -[NSSearchToolbarItem setMinSize:] is not available.
2026-10-05 20:17:17.304 ibtoold[45004:4196076] -[NSSearchToolbarItem setMaxSize:] is not available.
  XIB      gui/macosx/UI/VLCLibraryTableCellView.nib
2026-10-05 20:17:17.351 ibtoold[45004:4196076] -[NSSearchToolbarItem setMinSize:] is not available.
2026-10-05 20:17:17.351 ibtoold[45004:4196076] -[NSSearchToolbarItem setMaxSize:] is not available.
/* com.apple.ibtool.document.notices */
/Users/cam/Documents/Projects/ultima-iv-web/vlc-thumbs/work/upstream/vlc-master-story005/modules/gui/macosx/UI/VLCLibraryWindowPlayQueueView.xib:C02-6a-1Uw: note: View is clipping its content [13]
/Users/cam/Documents/Projects/ultima-iv-web/vlc-thumbs/work/upstream/vlc-master-story005/modules/gui/macosx/UI/VLCLibraryWindowPlayQueueView.xib:ghp-DI-YmZ: note: View is clipping its content [13]
/Users/cam/Documents/Projects/ultima-iv-web/vlc-thumbs/work/upstream/vlc-master-story005/modules/gui/macosx/UI/VLCLibraryWindowPlayQueueView.xib:aKS-lw-hfk: note: View is clipping its content [13]
/* com.apple.ibtool.document.warnings */
/Users/cam/Documents/Projects/ultima-iv-web/vlc-thumbs/work/upstream/vlc-master-story005/modules/gui/macosx/UI/VLCLibraryWindowPlayQueueView.xib:Qsi-6S-0bG: warning: SF Symbol 'line.horizontal.3.decrease' is deprecated, use 'line.3.horizontal.decrease' instead. [7]
/* com.apple.ibtool.document.notices */
/Users/cam/Documents/Projects/ultima-iv-web/vlc-thumbs/work/upstream/vlc-master-story005/modules/gui/macosx/UI/VLCLibraryTableCellView.xib:NFZ-x0-t5c: note: View is clipping its content [13]
2026-10-05 20:17:17.381 ibtoold[45004:4196076] -[NSSearchToolbarItem setMinSize:] is not available.
2026-10-05 20:17:17.381 ibtoold[45004:4196076] -[NSSearchToolbarItem setMaxSize:] is not available.
  XIB      gui/macosx/UI/VLCLibraryVideoTableCellView.nib
  XIB      gui/macosx/UI/VLCPlayQueueTableCellView.nib
/* com.apple.ibtool.document.notices */
/Users/cam/Documents/Projects/ultima-iv-web/vlc-thumbs/work/upstream/vlc-master-story005/modules/gui/macosx/UI/VLCLibraryWindowTitlesView.xib:kUX-VS-xeX: note: View is clipping its content [13]
  XIB      gui/macosx/UI/VLCLibraryCarouselViewItemView.nib
/* com.apple.ibtool.document.notices */
/Users/cam/Documents/Projects/ultima-iv-web/vlc-thumbs/work/upstream/vlc-master-story005/modules/gui/macosx/UI/VLCLibraryVideoTableCellView.xib:NFZ-x0-t5c: note: View is clipping its content [13]
  XIB      gui/macosx/UI/VLCLibraryCollectionViewMediaItemListSupplementaryDetailView.nib
  XIB      gui/macosx/UI/VLCLibraryCollectionViewAudioGroupSupplementaryDetailView.nib
  XIB      gui/macosx/UI/VLCLibraryCollectionViewMediaItemSupplementaryDetailView.nib
2026-10-05 20:17:17.527 ibtoold[45004:4196076] -[NSSearchToolbarItem setMinSize:] is not available.
2026-10-05 20:17:17.527 ibtoold[45004:4196076] -[NSSearchToolbarItem setMaxSize:] is not available.
  XIB      gui/macosx/UI/VLCLibraryHeroView.nib
/* com.apple.ibtool.document.notices */
/Users/cam/Documents/Projects/ultima-iv-web/vlc-thumbs/work/upstream/vlc-master-story005/modules/gui/macosx/UI/VLCLibraryHeroView.xib:5zZ-VM-Lb9: note: View is clipping its content [13]
/* com.apple.ibtool.document.warnings */
/Users/cam/Documents/Projects/ultima-iv-web/vlc-thumbs/work/upstream/vlc-master-story005/modules/gui/macosx/UI/VLCLibraryHeroView.xib:639-6i-zsD: warning: Bevel with Tint Color before macOS 12 [5]
/* com.apple.ibtool.document.notices */
/Users/cam/Documents/Projects/ultima-iv-web/vlc-thumbs/work/upstream/vlc-master-story005/modules/gui/macosx/UI/VLCLibraryCollectionViewMediaItemSupplementaryDetailView.xib:QnU-w3-Go4: note: View is clipping its content [13]
/Users/cam/Documents/Projects/ultima-iv-web/vlc-thumbs/work/upstream/vlc-master-story005/modules/gui/macosx/UI/VLCLibraryCollectionViewMediaItemSupplementaryDetailView.xib:5Ul-IA-Mco: note: View is clipping its content [13]
/Users/cam/Documents/Projects/ultima-iv-web/vlc-thumbs/work/upstream/vlc-master-story005/modules/gui/macosx/UI/VLCLibraryCollectionViewMediaItemSupplementaryDetailView.xib:DPs-b2-1We: note: View is clipping its content [13]
  XIB      gui/macosx/UI/VLCLibraryHomeViewActionsView.nib
  XIB      gui/macosx/UI/VLCLibrarySongTableCellView.nib
  XIB      gui/macosx/UI/VLCClassicMainVideoView.nib
/* com.apple.ibtool.document.notices */
/Users/cam/Documents/Projects/ultima-iv-web/vlc-thumbs/work/upstream/vlc-master-story005/modules/gui/macosx/UI/VLCLibrarySongTableCellView.xib:Wzl-zu-AHr: note: View is clipping its content [13]
/Users/cam/Documents/Projects/ultima-iv-web/vlc-thumbs/work/upstream/vlc-master-story005/modules/gui/macosx/UI/VLCLibrarySongTableCellView.xib:NFZ-x0-t5c: note: View is clipping its content [13]
  XIB      gui/macosx/UI/VLCMainVideoView.nib
  XIB      gui/macosx/UI/VLCMainVideoViewAudioMediaDecorativeView.nib
/* com.apple.ibtool.document.warnings */
/Users/cam/Documents/Projects/ultima-iv-web/vlc-thumbs/work/upstream/vlc-master-story005/modules/gui/macosx/UI/VLCMainVideoViewAudioMediaDecorativeView.xib:global: warning: This file is set to build for a version older than the deployment target. Functionality may be limited. [9]
/Users/cam/Documents/Projects/ultima-iv-web/vlc-thumbs/work/upstream/vlc-master-story005/modules/gui/macosx/UI/VLCMainVideoViewAudioMediaDecorativeView.xib:D1e-fS-bwO: warning: Within Window blending mode requires layer-backing before macOS 10.13, enable in View Effects inspector [9]
/Users/cam/Documents/Projects/ultima-iv-web/vlc-thumbs/work/upstream/vlc-master-story005/modules/gui/macosx/UI/VLCMainVideoViewAudioMediaDecorativeView.xib:D1e-fS-bwO: warning: Material setting is not available before macOS 10.11 [5]
  XIB      gui/macosx/UI/VLCMediaItemCollectionViewItem.nib
/* com.apple.ibtool.document.notices */
/Users/cam/Documents/Projects/ultima-iv-web/vlc-thumbs/work/upstream/vlc-master-story005/modules/gui/macosx/UI/VLCClassicMainVideoView.xib:ha3-L8-lMU: note: View is clipping its content [13]
/Users/cam/Documents/Projects/ultima-iv-web/vlc-thumbs/work/upstream/vlc-master-story005/modules/gui/macosx/UI/VLCClassicMainVideoView.xib:Lyr-Ics-Btn: note: View is clipping its content [13]
/Users/cam/Documents/Projects/ultima-iv-web/vlc-thumbs/work/upstream/vlc-master-story005/modules/gui/macosx/UI/VLCClassicMainVideoView.xib:Udx-ZV-vdD: note: View is clipping its content [13]
/Users/cam/Documents/Projects/ultima-iv-web/vlc-thumbs/work/upstream/vlc-master-story005/modules/gui/macosx/UI/VLCClassicMainVideoView.xib:omu-it-6Lt: note: View is clipping its content [13]
/Users/cam/Documents/Projects/ultima-iv-web/vlc-thumbs/work/upstream/vlc-master-story005/modules/gui/macosx/UI/VLCClassicMainVideoView.xib:Dka-oG-Ar0: note: View is clipping its content [13]
/Users/cam/Documents/Projects/ultima-iv-web/vlc-thumbs/work/upstream/vlc-master-story005/modules/gui/macosx/UI/VLCClassicMainVideoView.xib:UlM-pV-GAH: note: View is clipping its content [13]
/Users/cam/Documents/Projects/ultima-iv-web/vlc-thumbs/work/upstream/vlc-master-story005/modules/gui/macosx/UI/VLCClassicMainVideoView.xib:6Bn-cR-4m1: note: View is clipping its content [13]
/Users/cam/Documents/Projects/ultima-iv-web/vlc-thumbs/work/upstream/vlc-master-story005/modules/gui/macosx/UI/VLCClassicMainVideoView.xib:Y6X-Qj-wAU: note: View is clipping its content [13]
/Users/cam/Documents/Projects/ultima-iv-web/vlc-thumbs/work/upstream/vlc-master-story005/modules/gui/macosx/UI/VLCClassicMainVideoView.xib:GVj-Mw-yGh: note: View is clipping its content [13]
/Users/cam/Documents/Projects/ultima-iv-web/vlc-thumbs/work/upstream/vlc-master-story005/modules/gui/macosx/UI/VLCClassicMainVideoView.xib:x8O-Jz-KS8: note: View is clipping its content [13]
/Users/cam/Documents/Projects/ultima-iv-web/vlc-thumbs/work/upstream/vlc-master-story005/modules/gui/macosx/UI/VLCClassicMainVideoView.xib:etJ-bh-XaL: note: View is clipping its content [13]
/Users/cam/Documents/Projects/ultima-iv-web/vlc-thumbs/work/upstream/vlc-master-story005/modules/gui/macosx/UI/VLCClassicMainVideoView.xib:3SA-Ee-NRs: note: View is clipping its content [13]
/Users/cam/Documents/Projects/ultima-iv-web/vlc-thumbs/work/upstream/vlc-master-story005/modules/gui/macosx/UI/VLCClassicMainVideoView.xib:Drq-if-dw4: note: View is clipping its content [13]
/* com.apple.ibtool.document.warnings */
/Users/cam/Documents/Projects/ultima-iv-web/vlc-thumbs/work/upstream/vlc-master-story005/modules/gui/macosx/UI/VLCClassicMainVideoView.xib:omu-it-6Lt: warning: Adding a shadow requires the view or one of its ancestors to enable Core Animation Layer. [9]
/Users/cam/Documents/Projects/ultima-iv-web/vlc-thumbs/work/upstream/vlc-master-story005/modules/gui/macosx/UI/VLCClassicMainVideoView.xib:Udx-ZV-vdD: warning: Adding a shadow requires the view or one of its ancestors to enable Core Animation Layer. [9]
/Users/cam/Documents/Projects/ultima-iv-web/vlc-thumbs/work/upstream/vlc-master-story005/modules/gui/macosx/UI/VLCClassicMainVideoView.xib:UCW-iN-Dk1: warning: Distribution before OS X 10.11 [5]
/Users/cam/Documents/Projects/ultima-iv-web/vlc-thumbs/work/upstream/vlc-master-story005/modules/gui/macosx/UI/VLCClassicMainVideoView.xib:UCW-iN-Dk1: warning: Detaches Hidden Views before OS X 10.11 [5]
/Users/cam/Documents/Projects/ultima-iv-web/vlc-thumbs/work/upstream/vlc-master-story005/modules/gui/macosx/UI/VLCClassicMainVideoView.xib:CjJ-z0-ITu: warning: Distribution before OS X 10.11 [5]
/Users/cam/Documents/Projects/ultima-iv-web/vlc-thumbs/work/upstream/vlc-master-story005/modules/gui/macosx/UI/VLCClassicMainVideoView.xib:CjJ-z0-ITu: warning: Detaches Hidden Views before OS X 10.11 [5]
/Users/cam/Documents/Projects/ultima-iv-web/vlc-thumbs/work/upstream/vlc-master-story005/modules/gui/macosx/UI/VLCClassicMainVideoView.xib:Y6X-Qj-wAU: warning: Adding a shadow requires the view or one of its ancestors to enable Core Animation Layer. [9]
/Users/cam/Documents/Projects/ultima-iv-web/vlc-thumbs/work/upstream/vlc-master-story005/modules/gui/macosx/UI/VLCClassicMainVideoView.xib:VIa-0w-fl8: warning: Within Window blending mode requires layer-backing before macOS 10.13, enable in View Effects inspector [9]
/Users/cam/Documents/Projects/ultima-iv-web/vlc-thumbs/work/upstream/vlc-master-story005/modules/gui/macosx/UI/VLCClassicMainVideoView.xib:GVj-Mw-yGh: warning: Adding a shadow requires the view or one of its ancestors to enable Core Animation Layer. [9]
/Users/cam/Documents/Projects/ultima-iv-web/vlc-thumbs/work/upstream/vlc-master-story005/modules/gui/macosx/UI/VLCClassicMainVideoView.xib:global: warning: This file is set to build for a version older than the deployment target. Functionality may be limited. [9]
/Users/cam/Documents/Projects/ultima-iv-web/vlc-thumbs/work/upstream/vlc-master-story005/modules/gui/macosx/UI/VLCClassicMainVideoView.xib:etJ-bh-XaL: warning: Adding a shadow requires the view or one of its ancestors to enable Core Animation Layer. [9]
/Users/cam/Documents/Projects/ultima-iv-web/vlc-thumbs/work/upstream/vlc-master-story005/modules/gui/macosx/UI/VLCClassicMainVideoView.xib:UoQ-34-Pox: warning: Adding a shadow requires the view or one of its ancestors to enable Core Animation Layer. [9]
/Users/cam/Documents/Projects/ultima-iv-web/vlc-thumbs/work/upstream/vlc-master-story005/modules/gui/macosx/UI/VLCClassicMainVideoView.xib:RxE-YR-tOE: warning: Distribution before OS X 10.11 [5]
/Users/cam/Documents/Projects/ultima-iv-web/vlc-thumbs/work/upstream/vlc-master-story005/modules/gui/macosx/UI/VLCClassicMainVideoView.xib:RxE-YR-tOE: warning: Detaches Hidden Views before OS X 10.11 [5]
/Users/cam/Documents/Projects/ultima-iv-web/vlc-thumbs/work/upstream/vlc-master-story005/modules/gui/macosx/UI/VLCClassicMainVideoView.xib:r0b-Xe-LxM: warning: Distribution before OS X 10.11 [5]
/Users/cam/Documents/Projects/ultima-iv-web/vlc-thumbs/work/upstream/vlc-master-story005/modules/gui/macosx/UI/VLCClassicMainVideoView.xib:r0b-Xe-LxM: warning: Detaches Hidden Views before OS X 10.11 [5]
/Users/cam/Documents/Projects/ultima-iv-web/vlc-thumbs/work/upstream/vlc-master-story005/modules/gui/macosx/UI/VLCClassicMainVideoView.xib:Drq-if-dw4: warning: Adding a shadow requires the view or one of its ancestors to enable Core Animation Layer. [9]
2026-10-05 20:17:18.059 ibtoold[45004:4196076] -[NSSearchToolbarItem setMinSize:] is not available.
2026-10-05 20:17:18.059 ibtoold[45004:4196076] -[NSSearchToolbarItem setMaxSize:] is not available.
  XIB      gui/macosx/UI/VLCMediaSourceDeviceCollectionViewItem.nib
/* com.apple.ibtool.document.notices */
/Users/cam/Documents/Projects/ultima-iv-web/vlc-thumbs/work/upstream/vlc-master-story005/modules/gui/macosx/UI/VLCMediaItemCollectionViewItem.xib:S3I-5Z-qgS: note: View is clipping its content [13]
  XIB      gui/macosx/UI/VLCInformationWindow.nib
  XIB      gui/macosx/UI/VLCPlaybackEndView.nib
2026-10-05 20:17:18.132 ibtoold[45043:4196420] CoreText note: Client requested name ".SFNS-Semibold", it will get TimesNewRomanPSMT rather than the intended font. All system UI font access should be through proper APIs such as CTFontCreateUIFontForLanguage() or +[NSFont systemFontOfSize:].
2026-10-05 20:17:18.132 ibtoold[45043:4196420] CoreText note: Set a breakpoint on CTFontLogSystemFontNameRequest to debug.
2026-10-05 20:17:18.134 ibtoold[45043:4196420] CoreText note: Client requested name ".SFNS-Semibold", it will get TimesNewRomanPSMT rather than the intended font. All system UI font access should be through proper APIs such as CTFontCreateUIFontForLanguage() or +[NSFont systemFontOfSize:].
/* com.apple.ibtool.document.notices */
/Users/cam/Documents/Projects/ultima-iv-web/vlc-thumbs/work/upstream/vlc-master-story005/modules/gui/macosx/UI/VLCMainVideoView.xib:f4v-2z-dQ1: note: View is clipping its content [13]
/Users/cam/Documents/Projects/ultima-iv-web/vlc-thumbs/work/upstream/vlc-master-story005/modules/gui/macosx/UI/VLCMainVideoView.xib:Lyr-Ics-Btn: note: View is clipping its content [13]
/Users/cam/Documents/Projects/ultima-iv-web/vlc-thumbs/work/upstream/vlc-master-story005/modules/gui/macosx/UI/VLCMainVideoView.xib:afi-4d-rQk: note: View is clipping its content [13]
/Users/cam/Documents/Projects/ultima-iv-web/vlc-thumbs/work/upstream/vlc-master-story005/modules/gui/macosx/UI/VLCMainVideoView.xib:3ri-8b-8mw: note: View is clipping its content [13]
/Users/cam/Documents/Projects/ultima-iv-web/vlc-thumbs/work/upstream/vlc-master-story005/modules/gui/macosx/UI/VLCMainVideoView.xib:YTl-LZ-WDe: note: View is clipping its content [13]
/Users/cam/Documents/Projects/ultima-iv-web/vlc-thumbs/work/upstream/vlc-master-story005/modules/gui/macosx/UI/VLCMainVideoView.xib:yEi-SZ-SIS: note: View is clipping its content [13]
/Users/cam/Documents/Projects/ultima-iv-web/vlc-thumbs/work/upstream/vlc-master-story005/modules/gui/macosx/UI/VLCMainVideoView.xib:lEW-MN-FFU: note: View is clipping its content [13]
/Users/cam/Documents/Projects/ultima-iv-web/vlc-thumbs/work/upstream/vlc-master-story005/modules/gui/macosx/UI/VLCMainVideoView.xib:cja-ZG-8LF: note: View is clipping its content [13]
/Users/cam/Documents/Projects/ultima-iv-web/vlc-thumbs/work/upstream/vlc-master-story005/modules/gui/macosx/UI/VLCMainVideoView.xib:dYZ-ri-Kra: note: View is clipping its content [13]
/Users/cam/Documents/Projects/ultima-iv-web/vlc-thumbs/work/upstream/vlc-master-story005/modules/gui/macosx/UI/VLCMainVideoView.xib:4tZ-52-1q9: note: View is clipping its content [13]
/Users/cam/Documents/Projects/ultima-iv-web/vlc-thumbs/work/upstream/vlc-master-story005/modules/gui/macosx/UI/VLCMainVideoView.xib:95O-Oc-zrQ: note: View is clipping its content [13]
/Users/cam/Documents/Projects/ultima-iv-web/vlc-thumbs/work/upstream/vlc-master-story005/modules/gui/macosx/UI/VLCMainVideoView.xib:8jZ-hd-YVq: note: View is clipping its content [13]
/Users/cam/Documents/Projects/ultima-iv-web/vlc-thumbs/work/upstream/vlc-master-story005/modules/gui/macosx/UI/VLCMainVideoView.xib:Drq-if-dw4: note: View is clipping its content [13]
/* com.apple.ibtool.document.warnings */
/Users/cam/Documents/Projects/ultima-iv-web/vlc-thumbs/work/upstream/vlc-master-story005/modules/gui/macosx/UI/VLCMainVideoView.xib:global: warning: This file is set to build for a version older than the deployment target. Functionality may be limited. [9]
/Users/cam/Documents/Projects/ultima-iv-web/vlc-thumbs/work/upstream/vlc-master-story005/modules/gui/macosx/UI/VLCMainVideoView.xib:POe-ne-XtP: warning: SF Symbol 'volume.3.fill' is deprecated, use 'speaker.wave.3.fill' instead. [7]
/Users/cam/Documents/Projects/ultima-iv-web/vlc-thumbs/work/upstream/vlc-master-story005/modules/gui/macosx/UI/VLCMainVideoView.xib:zyp-45-IgR: warning: Distribution before OS X 10.11 [5]
/Users/cam/Documents/Projects/ultima-iv-web/vlc-thumbs/work/upstream/vlc-master-story005/modules/gui/macosx/UI/VLCMainVideoView.xib:zyp-45-IgR: warning: Detaches Hidden Views before OS X 10.11 [5]
/Users/cam/Documents/Projects/ultima-iv-web/vlc-thumbs/work/upstream/vlc-master-story005/modules/gui/macosx/UI/VLCMainVideoView.xib:CjJ-z0-ITu: warning: Distribution before OS X 10.11 [5]
/Users/cam/Documents/Projects/ultima-iv-web/vlc-thumbs/work/upstream/vlc-master-story005/modules/gui/macosx/UI/VLCMainVideoView.xib:CjJ-z0-ITu: warning: Detaches Hidden Views before OS X 10.11 [5]
/Users/cam/Documents/Projects/ultima-iv-web/vlc-thumbs/work/upstream/vlc-master-story005/modules/gui/macosx/UI/VLCMainVideoView.xib:sJu-ZK-5QH: warning: Distribution before OS X 10.11 [5]
/Users/cam/Documents/Projects/ultima-iv-web/vlc-thumbs/work/upstream/vlc-master-story005/modules/gui/macosx/UI/VLCMainVideoView.xib:sJu-ZK-5QH: warning: Detaches Hidden Views before OS X 10.11 [5]
/Users/cam/Documents/Projects/ultima-iv-web/vlc-thumbs/work/upstream/vlc-master-story005/modules/gui/macosx/UI/VLCMainVideoView.xib:San-L7-ZvB: warning: Distribution before OS X 10.11 [5]
/Users/cam/Documents/Projects/ultima-iv-web/vlc-thumbs/work/upstream/vlc-master-story005/modules/gui/macosx/UI/VLCMainVideoView.xib:San-L7-ZvB: warning: Detaches Hidden Views before OS X 10.11 [5]
/Users/cam/Documents/Projects/ultima-iv-web/vlc-thumbs/work/upstream/vlc-master-story005/modules/gui/macosx/UI/VLCMainVideoView.xib:CvV-yX-Nbh: warning: Distribution before OS X 10.11 [5]
/Users/cam/Documents/Projects/ultima-iv-web/vlc-thumbs/work/upstream/vlc-master-story005/modules/gui/macosx/UI/VLCMainVideoView.xib:CvV-yX-Nbh: warning: Detaches Hidden Views before OS X 10.11 [5]
/Users/cam/Documents/Projects/ultima-iv-web/vlc-thumbs/work/upstream/vlc-master-story005/modules/gui/macosx/UI/VLCMainVideoView.xib:Y8F-hr-iaW: warning: Distribution before OS X 10.11 [5]
/Users/cam/Documents/Projects/ultima-iv-web/vlc-thumbs/work/upstream/vlc-master-story005/modules/gui/macosx/UI/VLCMainVideoView.xib:Y8F-hr-iaW: warning: Detaches Hidden Views before OS X 10.11 [5]
  XIB      gui/macosx/UI/Open.nib
2026-10-05 20:17:18.220 ibtoold[45004:4196076] -[NSSearchToolbarItem setMinSize:] is not available.
2026-10-05 20:17:18.220 ibtoold[45004:4196076] -[NSSearchToolbarItem setMaxSize:] is not available.
/* com.apple.ibtool.document.notices */
/Users/cam/Documents/Projects/ultima-iv-web/vlc-thumbs/work/upstream/vlc-master-story005/modules/gui/macosx/UI/VLCPlaybackEndView.xib:vpB-Yh-v5U: note: View is clipping its content [13]
/Users/cam/Documents/Projects/ultima-iv-web/vlc-thumbs/work/upstream/vlc-master-story005/modules/gui/macosx/UI/VLCPlaybackEndView.xib:YFo-7r-UzM: note: View is clipping its content [13]
/Users/cam/Documents/Projects/ultima-iv-web/vlc-thumbs/work/upstream/vlc-master-story005/modules/gui/macosx/UI/VLCPlaybackEndView.xib:CII-HN-I8g: note: View is clipping its content [13]
2026-10-05 20:17:18.271 ibtoold[45004:4196076] -[NSSearchToolbarItem setMinSize:] is not available.
2026-10-05 20:17:18.271 ibtoold[45004:4196076] -[NSSearchToolbarItem setMaxSize:] is not available.
  XIB      gui/macosx/UI/PlaylistAccessoryView.nib
2026-10-05 20:17:18.298 ibtoold[45004:4196076] -[NSSearchToolbarItem setMinSize:] is not available.
2026-10-05 20:17:18.298 ibtoold[45004:4196076] -[NSSearchToolbarItem setMaxSize:] is not available.
/* com.apple.ibtool.document.notices */
/Users/cam/Documents/Projects/ultima-iv-web/vlc-thumbs/work/upstream/vlc-master-story005/modules/gui/macosx/UI/PlaylistAccessoryView.xib:3: note: View is clipping its content [13]
  XIB      gui/macosx/UI/PopupPanel.nib
2026-10-05 20:17:18.420 ibtoold[45004:4196076] -[NSSearchToolbarItem setMinSize:] is not available.
2026-10-05 20:17:18.420 ibtoold[45004:4196076] -[NSSearchToolbarItem setMaxSize:] is not available.
  XIB      gui/macosx/UI/Preferences.nib
/* com.apple.ibtool.document.notices */
/Users/cam/Documents/Projects/ultima-iv-web/vlc-thumbs/work/upstream/vlc-master-story005/modules/gui/macosx/UI/VLCInformationWindow.xib:412: note: View is clipping its content [13]
/Users/cam/Documents/Projects/ultima-iv-web/vlc-thumbs/work/upstream/vlc-master-story005/modules/gui/macosx/UI/VLCInformationWindow.xib:441: note: View is clipping its content [13]
/Users/cam/Documents/Projects/ultima-iv-web/vlc-thumbs/work/upstream/vlc-master-story005/modules/gui/macosx/UI/VLCInformationWindow.xib:KiB-XA-gnh: note: View is clipping its content [13]
/Users/cam/Documents/Projects/ultima-iv-web/vlc-thumbs/work/upstream/vlc-master-story005/modules/gui/macosx/UI/VLCInformationWindow.xib:Cro-Nn-BBH: note: View is clipping its content [13]
/Users/cam/Documents/Projects/ultima-iv-web/vlc-thumbs/work/upstream/vlc-master-story005/modules/gui/macosx/UI/VLCInformationWindow.xib:463: note: View is clipping its content [13]
/Users/cam/Documents/Projects/ultima-iv-web/vlc-thumbs/work/upstream/vlc-master-story005/modules/gui/macosx/UI/VLCInformationWindow.xib:GFW-aJ-Pub: note: View is clipping its content [13]
/Users/cam/Documents/Projects/ultima-iv-web/vlc-thumbs/work/upstream/vlc-master-story005/modules/gui/macosx/UI/VLCInformationWindow.xib:476: note: View is clipping its content [13]
/Users/cam/Documents/Projects/ultima-iv-web/vlc-thumbs/work/upstream/vlc-master-story005/modules/gui/macosx/UI/VLCInformationWindow.xib:Ken-fu-rsj: note: View is clipping its content [13]
/Users/cam/Documents/Projects/ultima-iv-web/vlc-thumbs/work/upstream/vlc-master-story005/modules/gui/macosx/UI/VLCInformationWindow.xib:497: note: View is clipping its content [13]
/Users/cam/Documents/Projects/ultima-iv-web/vlc-thumbs/work/upstream/vlc-master-story005/modules/gui/macosx/UI/VLCInformationWindow.xib:439: note: View is clipping its content [13]
/Users/cam/Documents/Projects/ultima-iv-web/vlc-thumbs/work/upstream/vlc-master-story005/modules/gui/macosx/UI/VLCInformationWindow.xib:435: note: View is clipping its content [13]
/Users/cam/Documents/Projects/ultima-iv-web/vlc-thumbs/work/upstream/vlc-master-story005/modules/gui/macosx/UI/VLCInformationWindow.xib:427: note: View is clipping its content [13]
/Users/cam/Documents/Projects/ultima-iv-web/vlc-thumbs/work/upstream/vlc-master-story005/modules/gui/macosx/UI/VLCInformationWindow.xib:504: note: View is clipping its content [13]
/Users/cam/Documents/Projects/ultima-iv-web/vlc-thumbs/work/upstream/vlc-master-story005/modules/gui/macosx/UI/VLCInformationWindow.xib:mC1-pf-fRU: note: View is clipping its content [13]
/Users/cam/Documents/Projects/ultima-iv-web/vlc-thumbs/work/upstream/vlc-master-story005/modules/gui/macosx/UI/VLCInformationWindow.xib:431: note: View is clipping its content [13]
/Users/cam/Documents/Projects/ultima-iv-web/vlc-thumbs/work/upstream/vlc-master-story005/modules/gui/macosx/UI/VLCInformationWindow.xib:tWC-Zr-8E5: note: View is clipping its content [13]
/Users/cam/Documents/Projects/ultima-iv-web/vlc-thumbs/work/upstream/vlc-master-story005/modules/gui/macosx/UI/VLCInformationWindow.xib:509: note: View is clipping its content [13]
/Users/cam/Documents/Projects/ultima-iv-web/vlc-thumbs/work/upstream/vlc-master-story005/modules/gui/macosx/UI/VLCInformationWindow.xib:481: note: View is clipping its content [13]
/Users/cam/Documents/Projects/ultima-iv-web/vlc-thumbs/work/upstream/vlc-master-story005/modules/gui/macosx/UI/VLCInformationWindow.xib:486: note: View is clipping its content [13]
/Users/cam/Documents/Projects/ultima-iv-web/vlc-thumbs/work/upstream/vlc-master-story005/modules/gui/macosx/UI/VLCInformationWindow.xib:461: note: View is clipping its content [13]
/Users/cam/Documents/Projects/ultima-iv-web/vlc-thumbs/work/upstream/vlc-master-story005/modules/gui/macosx/UI/VLCInformationWindow.xib:D3W-el-Mmk: note: View is clipping its content [13]
/Users/cam/Documents/Projects/ultima-iv-web/vlc-thumbs/work/upstream/vlc-master-story005/modules/gui/macosx/UI/VLCInformationWindow.xib:Vvu-VZ-aui: note: View is clipping its content [13]
/* com.apple.ibtool.document.warnings */
/Users/cam/Documents/Projects/ultima-iv-web/vlc-thumbs/work/upstream/vlc-master-story005/modules/gui/macosx/UI/VLCInformationWindow.xib:VR0-15-bEV: warning: SF Symbol 'arrow.right.doc.on.clipboard' is deprecated, use 'arrow.right.page.on.clipboard' instead. [7]
  XIB      gui/macosx/UI/ResumeDialog.nib
  XIB      gui/macosx/UI/SimplePreferences.nib
  XIB      gui/macosx/UI/StreamOutput.nib
2026-10-05 20:17:18.663 ibtoold[45043:4196420] 10.4-style NSNumberFormatter method called on a 10.0-style formatter, which doesn't work. Break on _NSNumberFormatter_Log_New_Methods_On_Old_Formatters to debug. This message will only be logged once.
/* com.apple.ibtool.document.notices */
/Users/cam/Documents/Projects/ultima-iv-web/vlc-thumbs/work/upstream/vlc-master-story005/modules/gui/macosx/UI/StreamOutput.xib:ooz-Cf-58S: note: View is clipping its content [13]
/Users/cam/Documents/Projects/ultima-iv-web/vlc-thumbs/work/upstream/vlc-master-story005/modules/gui/macosx/UI/StreamOutput.xib:sve-ta-Por: note: View is clipping its content [13]
/Users/cam/Documents/Projects/ultima-iv-web/vlc-thumbs/work/upstream/vlc-master-story005/modules/gui/macosx/UI/StreamOutput.xib:639-kH-MAw: note: View is clipping its content [13]
/Users/cam/Documents/Projects/ultima-iv-web/vlc-thumbs/work/upstream/vlc-master-story005/modules/gui/macosx/UI/StreamOutput.xib:363-uQ-FZP: note: View is clipping its content [13]
/Users/cam/Documents/Projects/ultima-iv-web/vlc-thumbs/work/upstream/vlc-master-story005/modules/gui/macosx/UI/StreamOutput.xib:f6Q-bn-tII: note: View is clipping its content [13]
/Users/cam/Documents/Projects/ultima-iv-web/vlc-thumbs/work/upstream/vlc-master-story005/modules/gui/macosx/UI/StreamOutput.xib:rYi-sr-scq: note: View is clipping its content [13]
/Users/cam/Documents/Projects/ultima-iv-web/vlc-thumbs/work/upstream/vlc-master-story005/modules/gui/macosx/UI/StreamOutput.xib:o4u-Rk-ouF: note: View is clipping its content [13]
/Users/cam/Documents/Projects/ultima-iv-web/vlc-thumbs/work/upstream/vlc-master-story005/modules/gui/macosx/UI/StreamOutput.xib:hWN-pR-WjU: note: View is clipping its content [13]
/Users/cam/Documents/Projects/ultima-iv-web/vlc-thumbs/work/upstream/vlc-master-story005/modules/gui/macosx/UI/StreamOutput.xib:cEb-9R-g1E: note: View is clipping its content [13]
  XIB      gui/macosx/UI/SyncTracks.nib
/* com.apple.ibtool.document.notices */
/Users/cam/Documents/Projects/ultima-iv-web/vlc-thumbs/work/upstream/vlc-master-story005/modules/gui/macosx/UI/Open.xib:1275: note: View is clipping its content [13]
/Users/cam/Documents/Projects/ultima-iv-web/vlc-thumbs/work/upstream/vlc-master-story005/modules/gui/macosx/UI/Open.xib:3438: note: View is clipping its content [13]
/Users/cam/Documents/Projects/ultima-iv-web/vlc-thumbs/work/upstream/vlc-master-story005/modules/gui/macosx/UI/Open.xib:3152: note: View is clipping its content [13]
/Users/cam/Documents/Projects/ultima-iv-web/vlc-thumbs/work/upstream/vlc-master-story005/modules/gui/macosx/UI/Open.xib:3473: note: View is clipping its content [13]
/Users/cam/Documents/Projects/ultima-iv-web/vlc-thumbs/work/upstream/vlc-master-story005/modules/gui/macosx/UI/Open.xib:2498: note: View is clipping its content [13]
/Users/cam/Documents/Projects/ultima-iv-web/vlc-thumbs/work/upstream/vlc-master-story005/modules/gui/macosx/UI/Open.xib:2349: note: View is clipping its content [13]
/Users/cam/Documents/Projects/ultima-iv-web/vlc-thumbs/work/upstream/vlc-master-story005/modules/gui/macosx/UI/Open.xib:1279: note: View is clipping its content [13]
/Users/cam/Documents/Projects/ultima-iv-web/vlc-thumbs/work/upstream/vlc-master-story005/modules/gui/macosx/UI/Open.xib:2494: note: View is clipping its content [13]
/Users/cam/Documents/Projects/ultima-iv-web/vlc-thumbs/work/upstream/vlc-master-story005/modules/gui/macosx/UI/Open.xib:3239: note: View is clipping its content [13]
/Users/cam/Documents/Projects/ultima-iv-web/vlc-thumbs/work/upstream/vlc-master-story005/modules/gui/macosx/UI/Open.xib:2772: note: View is clipping its content [13]
/Users/cam/Documents/Projects/ultima-iv-web/vlc-thumbs/work/upstream/vlc-master-story005/modules/gui/macosx/UI/Open.xib:1276: note: View is clipping its content [13]
/Users/cam/Documents/Projects/ultima-iv-web/vlc-thumbs/work/upstream/vlc-master-story005/modules/gui/macosx/UI/Open.xib:3153: note: View is clipping its content [13]
/Users/cam/Documents/Projects/ultima-iv-web/vlc-thumbs/work/upstream/vlc-master-story005/modules/gui/macosx/UI/Open.xib:2158: note: View is clipping its content [13]
/Users/cam/Documents/Projects/ultima-iv-web/vlc-thumbs/work/upstream/vlc-master-story005/modules/gui/macosx/UI/Open.xib:3071: note: View is clipping its content [13]
/Users/cam/Documents/Projects/ultima-iv-web/vlc-thumbs/work/upstream/vlc-master-story005/modules/gui/macosx/UI/Open.xib:2803: note: View is clipping its content [13]
/Users/cam/Documents/Projects/ultima-iv-web/vlc-thumbs/work/upstream/vlc-master-story005/modules/gui/macosx/UI/Open.xib:1280: note: View is clipping its content [13]
/Users/cam/Documents/Projects/ultima-iv-web/vlc-thumbs/work/upstream/vlc-master-story005/modules/gui/macosx/UI/Open.xib:2773: note: View is clipping its content [13]
/Users/cam/Documents/Projects/ultima-iv-web/vlc-thumbs/work/upstream/vlc-master-story005/modules/gui/macosx/UI/Open.xib:2804: note: View is clipping its content [13]
/Users/cam/Documents/Projects/ultima-iv-web/vlc-thumbs/work/upstream/vlc-master-story005/modules/gui/macosx/UI/Open.xib:3150: note: View is clipping its content [13]
/Users/cam/Documents/Projects/ultima-iv-web/vlc-thumbs/work/upstream/vlc-master-story005/modules/gui/macosx/UI/Open.xib:2800: note: View is clipping its content [13]
/Users/cam/Documents/Projects/ultima-iv-web/vlc-thumbs/work/upstream/vlc-master-story005/modules/gui/macosx/UI/Open.xib:3240: note: View is clipping its content [13]
/Users/cam/Documents/Projects/ultima-iv-web/vlc-thumbs/work/upstream/vlc-master-story005/modules/gui/macosx/UI/Open.xib:2327: note: View is clipping its content [13]
/Users/cam/Documents/Projects/ultima-iv-web/vlc-thumbs/work/upstream/vlc-master-story005/modules/gui/macosx/UI/Open.xib:2496: note: View is clipping its content [13]
/Users/cam/Documents/Projects/ultima-iv-web/vlc-thumbs/work/upstream/vlc-master-story005/modules/gui/macosx/UI/Open.xib:2492: note: View is clipping its content [13]
/Users/cam/Documents/Projects/ultima-iv-web/vlc-thumbs/work/upstream/vlc-master-story005/modules/gui/macosx/UI/Open.xib:2840: note: View is clipping its content [13]
/Users/cam/Documents/Projects/ultima-iv-web/vlc-thumbs/work/upstream/vlc-master-story005/modules/gui/macosx/UI/Open.xib:2774: note: View is clipping its content [13]
/Users/cam/Documents/Projects/ultima-iv-web/vlc-thumbs/work/upstream/vlc-master-story005/modules/gui/macosx/UI/Open.xib:3151: note: View is clipping its content [13]
/Users/cam/Documents/Projects/ultima-iv-web/vlc-thumbs/work/upstream/vlc-master-story005/modules/gui/macosx/UI/Open.xib:3241: note: View is clipping its content [13]
/Users/cam/Documents/Projects/ultima-iv-web/vlc-thumbs/work/upstream/vlc-master-story005/modules/gui/macosx/UI/Open.xib:2801: note: View is clipping its content [13]
/Users/cam/Documents/Projects/ultima-iv-web/vlc-thumbs/work/upstream/vlc-master-story005/modules/gui/macosx/UI/Open.xib:730: note: View is clipping its content [13]
/Users/cam/Documents/Projects/ultima-iv-web/vlc-thumbs/work/upstream/vlc-master-story005/modules/gui/macosx/UI/Open.xib:2352: note: View is clipping its content [13]
/Users/cam/Documents/Projects/ultima-iv-web/vlc-thumbs/work/upstream/vlc-master-story005/modules/gui/macosx/UI/Open.xib:2799: note: View is clipping its content [13]
/Users/cam/Documents/Projects/ultima-iv-web/vlc-thumbs/work/upstream/vlc-master-story005/modules/gui/macosx/UI/Open.xib:3238: note: View is clipping its content [13]
/Users/cam/Documents/Projects/ultima-iv-web/vlc-thumbs/work/upstream/vlc-master-story005/modules/gui/macosx/UI/Open.xib:3477: note: View is clipping its content [13]
/Users/cam/Documents/Projects/ultima-iv-web/vlc-thumbs/work/upstream/vlc-master-story005/modules/gui/macosx/UI/Open.xib:2771: note: View is clipping its content [13]
2026-10-05 20:17:18.947 ibtoold[45004:4196076] -[NSSearchToolbarItem setMinSize:] is not available.
2026-10-05 20:17:18.948 ibtoold[45004:4196076] -[NSSearchToolbarItem setMaxSize:] is not available.
  XIB      gui/macosx/UI/TextfieldPanel.nib
/* com.apple.ibtool.document.notices */
/Users/cam/Documents/Projects/ultima-iv-web/vlc-thumbs/work/upstream/vlc-master-story005/modules/gui/macosx/UI/SyncTracks.xib:99: note: View is clipping its content [13]
/Users/cam/Documents/Projects/ultima-iv-web/vlc-thumbs/work/upstream/vlc-master-story005/modules/gui/macosx/UI/SyncTracks.xib:29: note: View is clipping its content [13]
/Users/cam/Documents/Projects/ultima-iv-web/vlc-thumbs/work/upstream/vlc-master-story005/modules/gui/macosx/UI/SyncTracks.xib:8: note: View is clipping its content [13]
/Users/cam/Documents/Projects/ultima-iv-web/vlc-thumbs/work/upstream/vlc-master-story005/modules/gui/macosx/UI/SyncTracks.xib:19: note: View is clipping its content [13]
/Users/cam/Documents/Projects/ultima-iv-web/vlc-thumbs/work/upstream/vlc-master-story005/modules/gui/macosx/UI/SyncTracks.xib:105: note: View is clipping its content [13]
/Users/cam/Documents/Projects/ultima-iv-web/vlc-thumbs/work/upstream/vlc-master-story005/modules/gui/macosx/UI/SyncTracks.xib:20: note: View is clipping its content [13]
/Users/cam/Documents/Projects/ultima-iv-web/vlc-thumbs/work/upstream/vlc-master-story005/modules/gui/macosx/UI/SyncTracks.xib:41: note: View is clipping its content [13]
/Users/cam/Documents/Projects/ultima-iv-web/vlc-thumbs/work/upstream/vlc-master-story005/modules/gui/macosx/UI/SyncTracks.xib:10: note: View is clipping its content [13]
/Users/cam/Documents/Projects/ultima-iv-web/vlc-thumbs/work/upstream/vlc-master-story005/modules/gui/macosx/UI/SyncTracks.xib:28: note: View is clipping its content [13]
  XIB      gui/macosx/UI/TimeSelectionPanel.nib
/* com.apple.ibtool.document.notices */
/Users/cam/Documents/Projects/ultima-iv-web/vlc-thumbs/work/upstream/vlc-master-story005/modules/gui/macosx/UI/TextfieldPanel.xib:6: note: View is clipping its content [13]
  XIB      gui/macosx/UI/VideoEffects.nib
/* com.apple.ibtool.document.notices */
/Users/cam/Documents/Projects/ultima-iv-web/vlc-thumbs/work/upstream/vlc-master-story005/modules/gui/macosx/UI/VLCLibraryWindow.xib:f5c-zt-tHy: note: View is clipping its content [13]
/Users/cam/Documents/Projects/ultima-iv-web/vlc-thumbs/work/upstream/vlc-master-story005/modules/gui/macosx/UI/VLCLibraryWindow.xib:75c-FF-mgb: note: View is clipping its content [13]
/Users/cam/Documents/Projects/ultima-iv-web/vlc-thumbs/work/upstream/vlc-master-story005/modules/gui/macosx/UI/VLCLibraryWindow.xib:6ht-Tg-XJ9: note: NSTextField's height does not match its intrinsic content size, use "Size to Fit Content" to correct [22]
/Users/cam/Documents/Projects/ultima-iv-web/vlc-thumbs/work/upstream/vlc-master-story005/modules/gui/macosx/UI/VLCLibraryWindow.xib:QMo-CO-uFe: note: View is clipping its content [13]
/Users/cam/Documents/Projects/ultima-iv-web/vlc-thumbs/work/upstream/vlc-master-story005/modules/gui/macosx/UI/VLCLibraryWindow.xib:Bzq-ZV-i8j: note: View is clipping its content [13]
/Users/cam/Documents/Projects/ultima-iv-web/vlc-thumbs/work/upstream/vlc-master-story005/modules/gui/macosx/UI/VLCLibraryWindow.xib:xaz-WB-iQI: note: NSTextField's height does not match its intrinsic content size, use "Size to Fit Content" to correct [22]
/Users/cam/Documents/Projects/ultima-iv-web/vlc-thumbs/work/upstream/vlc-master-story005/modules/gui/macosx/UI/VLCLibraryWindow.xib:IAy-58-UPp: note: View is clipping its content [13]
/Users/cam/Documents/Projects/ultima-iv-web/vlc-thumbs/work/upstream/vlc-master-story005/modules/gui/macosx/UI/VLCLibraryWindow.xib:KJi-8r-ShG: note: NSTextField's height does not match its intrinsic content size, use "Size to Fit Content" to correct [22]
/Users/cam/Documents/Projects/ultima-iv-web/vlc-thumbs/work/upstream/vlc-master-story005/modules/gui/macosx/UI/VLCLibraryWindow.xib:dwM-Uz-pAw: note: View is clipping its content [13]
/Users/cam/Documents/Projects/ultima-iv-web/vlc-thumbs/work/upstream/vlc-master-story005/modules/gui/macosx/UI/VLCLibraryWindow.xib:oGd-mG-cFw: note: View is clipping its content [13]
/Users/cam/Documents/Projects/ultima-iv-web/vlc-thumbs/work/upstream/vlc-master-story005/modules/gui/macosx/UI/VLCLibraryWindow.xib:9Er-xE-Jz7: note: View is clipping its content [13]
/Users/cam/Documents/Projects/ultima-iv-web/vlc-thumbs/work/upstream/vlc-master-story005/modules/gui/macosx/UI/VLCLibraryWindow.xib:9Er-xE-Jz7: note: NSTextField's height does not match its intrinsic content size, use "Size to Fit Content" to correct [22]
/Users/cam/Documents/Projects/ultima-iv-web/vlc-thumbs/work/upstream/vlc-master-story005/modules/gui/macosx/UI/VLCLibraryWindow.xib:PbF-Bm-f34: note: NSTextField's height does not match its intrinsic content size, use "Size to Fit Content" to correct [22]
/Users/cam/Documents/Projects/ultima-iv-web/vlc-thumbs/work/upstream/vlc-master-story005/modules/gui/macosx/UI/VLCLibraryWindow.xib:WgO-zh-k4s: note: View is clipping its content [13]
/Users/cam/Documents/Projects/ultima-iv-web/vlc-thumbs/work/upstream/vlc-master-story005/modules/gui/macosx/UI/VLCLibraryWindow.xib:faR-Tr-m5n: note: NSTextField's height does not match its intrinsic content size, use "Size to Fit Content" to correct [22]
/Users/cam/Documents/Projects/ultima-iv-web/vlc-thumbs/work/upstream/vlc-master-story005/modules/gui/macosx/UI/VLCLibraryWindow.xib:slR-cz-G24: note: NSTextField's height does not match its intrinsic content size, use "Size to Fit Content" to correct [22]
/Users/cam/Documents/Projects/ultima-iv-web/vlc-thumbs/work/upstream/vlc-master-story005/modules/gui/macosx/UI/VLCLibraryWindow.xib:zOB-QJ-TUy: note: View is clipping its content [13]
/Users/cam/Documents/Projects/ultima-iv-web/vlc-thumbs/work/upstream/vlc-master-story005/modules/gui/macosx/UI/VLCLibraryWindow.xib:Rja-6g-wNZ: note: View is clipping its content [13]
/Users/cam/Documents/Projects/ultima-iv-web/vlc-thumbs/work/upstream/vlc-master-story005/modules/gui/macosx/UI/VLCLibraryWindow.xib:zai-EE-AIZ: note: NSTextField's height does not match its intrinsic content size, use "Size to Fit Content" to correct [22]
/Users/cam/Documents/Projects/ultima-iv-web/vlc-thumbs/work/upstream/vlc-master-story005/modules/gui/macosx/UI/VLCLibraryWindow.xib:pAd-ve-EeL: note: View is clipping its content [13]
/Users/cam/Documents/Projects/ultima-iv-web/vlc-thumbs/work/upstream/vlc-master-story005/modules/gui/macosx/UI/VLCLibraryWindow.xib:wYt-1l-VHr: note: View is clipping its content [13]
/Users/cam/Documents/Projects/ultima-iv-web/vlc-thumbs/work/upstream/vlc-master-story005/modules/gui/macosx/UI/VLCLibraryWindow.xib:wYt-1l-VHr: note: NSTextField's height does not match its intrinsic content size, use "Size to Fit Content" to correct [22]
/Users/cam/Documents/Projects/ultima-iv-web/vlc-thumbs/work/upstream/vlc-master-story005/modules/gui/macosx/UI/VLCLibraryWindow.xib:wIS-zz-2YE: note: View is clipping its content [13]
/Users/cam/Documents/Projects/ultima-iv-web/vlc-thumbs/work/upstream/vlc-master-story005/modules/gui/macosx/UI/VLCLibraryWindow.xib:dPD-MZ-5oT: note: View is clipping its content [13]
/Users/cam/Documents/Projects/ultima-iv-web/vlc-thumbs/work/upstream/vlc-master-story005/modules/gui/macosx/UI/VLCLibraryWindow.xib:jzy-je-h2k: note: View is clipping its content [13]
/Users/cam/Documents/Projects/ultima-iv-web/vlc-thumbs/work/upstream/vlc-master-story005/modules/gui/macosx/UI/VLCLibraryWindow.xib:ffS-QP-Om3: note: View is clipping its content [13]
/Users/cam/Documents/Projects/ultima-iv-web/vlc-thumbs/work/upstream/vlc-master-story005/modules/gui/macosx/UI/VLCLibraryWindow.xib:72A-6S-lpR: note: View is clipping its content [13]
/Users/cam/Documents/Projects/ultima-iv-web/vlc-thumbs/work/upstream/vlc-master-story005/modules/gui/macosx/UI/VLCLibraryWindow.xib:IaO-se-D0g: note: View is clipping its content [13]
/Users/cam/Documents/Projects/ultima-iv-web/vlc-thumbs/work/upstream/vlc-master-story005/modules/gui/macosx/UI/VLCLibraryWindow.xib:Bt8-jQ-hUr: note: View is clipping its content [13]
/Users/cam/Documents/Projects/ultima-iv-web/vlc-thumbs/work/upstream/vlc-master-story005/modules/gui/macosx/UI/VLCLibraryWindow.xib:4VQ-fV-w9a: note: View is clipping its content [13]
/Users/cam/Documents/Projects/ultima-iv-web/vlc-thumbs/work/upstream/vlc-master-story005/modules/gui/macosx/UI/VLCLibraryWindow.xib:4VQ-fV-w9a: note: NSTextField's height does not match its intrinsic content size, use "Size to Fit Content" to correct [22]
/Users/cam/Documents/Projects/ultima-iv-web/vlc-thumbs/work/upstream/vlc-master-story005/modules/gui/macosx/UI/VLCLibraryWindow.xib:jfA-Vr-sQc: note: View is clipping its content [13]
/Users/cam/Documents/Projects/ultima-iv-web/vlc-thumbs/work/upstream/vlc-master-story005/modules/gui/macosx/UI/VLCLibraryWindow.xib:LpX-Ty-dhy: note: NSTextField's height does not match its intrinsic content size, use "Size to Fit Content" to correct [22]
/Users/cam/Documents/Projects/ultima-iv-web/vlc-thumbs/work/upstream/vlc-master-story005/modules/gui/macosx/UI/VLCLibraryWindow.xib:jGc-Xw-GYI: note: View is clipping its content [13]
/* com.apple.ibtool.document.notices */
/Users/cam/Documents/Projects/ultima-iv-web/vlc-thumbs/work/upstream/vlc-master-story005/modules/gui/macosx/UI/TimeSelectionPanel.xib:jTf-bH-u7w: note: View is clipping its content [13]
/* com.apple.ibtool.document.warnings */
/Users/cam/Documents/Projects/ultima-iv-web/vlc-thumbs/work/upstream/vlc-master-story005/modules/gui/macosx/UI/TimeSelectionPanel.xib:Fqe-af-Tt9: warning: Minimum size {280, 165} is larger than content size {265, 165} [9]
/Users/cam/Documents/Projects/ultima-iv-web/vlc-thumbs/work/upstream/vlc-master-story005/modules/gui/macosx/UI/TimeSelectionPanel.xib:Fqe-af-Tt9: warning: Full screen minimum size {280, 110} is larger than content size {265, 165} [9]
  XIB      gui/macosx/UI/VLCFullScreenPanel.nib
  XIB      gui/macosx/UI/VLCStatusBarIconMainMenu.nib
/* com.apple.ibtool.document.notices */
/Users/cam/Documents/Projects/ultima-iv-web/vlc-thumbs/work/upstream/vlc-master-story005/modules/gui/macosx/UI/VLCStatusBarIconMainMenu.xib:NHj-Vf-SPF: note: View is clipping its content [13]
/Users/cam/Documents/Projects/ultima-iv-web/vlc-thumbs/work/upstream/vlc-master-story005/modules/gui/macosx/UI/VLCStatusBarIconMainMenu.xib:Byt-pH-60l: note: View is clipping its content [13]
/Users/cam/Documents/Projects/ultima-iv-web/vlc-thumbs/work/upstream/vlc-master-story005/modules/gui/macosx/UI/VLCStatusBarIconMainMenu.xib:p8X-zU-PwN: note: View is clipping its content [13]
/Users/cam/Documents/Projects/ultima-iv-web/vlc-thumbs/work/upstream/vlc-master-story005/modules/gui/macosx/UI/VLCStatusBarIconMainMenu.xib:PaW-Fe-vxo: note: View is clipping its content [13]
/Users/cam/Documents/Projects/ultima-iv-web/vlc-thumbs/work/upstream/vlc-master-story005/modules/gui/macosx/UI/VLCStatusBarIconMainMenu.xib:lvI-lN-t4O: note: View is clipping its content [13]
  GEN      stream_out/chromecast/3.21.1/cast_channel.pb.cc
/* com.apple.ibtool.document.notices */
/Users/cam/Documents/Projects/ultima-iv-web/vlc-thumbs/work/upstream/vlc-master-story005/modules/gui/macosx/UI/VLCFullScreenPanel.xib:jSN-hV-r5D: note: View is clipping its content [13]
/Users/cam/Documents/Projects/ultima-iv-web/vlc-thumbs/work/upstream/vlc-master-story005/modules/gui/macosx/UI/VLCFullScreenPanel.xib:T3x-es-c7v: note: View is clipping its content [13]
/Users/cam/Documents/Projects/ultima-iv-web/vlc-thumbs/work/upstream/vlc-master-story005/modules/gui/macosx/UI/VLCFullScreenPanel.xib:TVM-DT-2yo: note: View is clipping its content [13]
/Users/cam/Documents/Projects/ultima-iv-web/vlc-thumbs/work/upstream/vlc-master-story005/modules/gui/macosx/UI/VLCFullScreenPanel.xib:nJc-M4-sMF: note: View is clipping its content [13]
/Users/cam/Documents/Projects/ultima-iv-web/vlc-thumbs/work/upstream/vlc-master-story005/modules/gui/macosx/UI/VLCFullScreenPanel.xib:2ai-dB-Wpq: note: View is clipping its content [13]
/Users/cam/Documents/Projects/ultima-iv-web/vlc-thumbs/work/upstream/vlc-master-story005/modules/gui/macosx/UI/VLCFullScreenPanel.xib:iYd-wn-Bnl: note: View is clipping its content [13]
/Users/cam/Documents/Projects/ultima-iv-web/vlc-thumbs/work/upstream/vlc-master-story005/modules/gui/macosx/UI/VLCFullScreenPanel.xib:C5K-aX-3aJ: note: View is clipping its content [13]
/Users/cam/Documents/Projects/ultima-iv-web/vlc-thumbs/work/upstream/vlc-master-story005/modules/gui/macosx/UI/VLCFullScreenPanel.xib:7QH-jb-QdM: note: View is clipping its content [13]
/Users/cam/Documents/Projects/ultima-iv-web/vlc-thumbs/work/upstream/vlc-master-story005/modules/gui/macosx/UI/VLCFullScreenPanel.xib:YSL-bH-k6U: note: View is clipping its content [13]
/* com.apple.ibtool.document.warnings */
/Users/cam/Documents/Projects/ultima-iv-web/vlc-thumbs/work/upstream/vlc-master-story005/modules/gui/macosx/UI/VLCFullScreenPanel.xib:global: warning: This file is set to build for a version older than the deployment target. Functionality may be limited. [9]
  GEN      vlc_modules_list
 METALLIB  gui/macosx/Resources/Shaders.metallib
/* com.apple.ibtool.document.notices */
/Users/cam/Documents/Projects/ultima-iv-web/vlc-thumbs/work/upstream/vlc-master-story005/modules/gui/macosx/UI/VideoEffects.xib:246: note: View is clipping its content [13]
/Users/cam/Documents/Projects/ultima-iv-web/vlc-thumbs/work/upstream/vlc-master-story005/modules/gui/macosx/UI/VideoEffects.xib:331: note: View is clipping its content [13]
/Users/cam/Documents/Projects/ultima-iv-web/vlc-thumbs/work/upstream/vlc-master-story005/modules/gui/macosx/UI/VideoEffects.xib:92: note: View is clipping its content [13]
/Users/cam/Documents/Projects/ultima-iv-web/vlc-thumbs/work/upstream/vlc-master-story005/modules/gui/macosx/UI/VideoEffects.xib:140: note: View is clipping its content [13]
/Users/cam/Documents/Projects/ultima-iv-web/vlc-thumbs/work/upstream/vlc-master-story005/modules/gui/macosx/UI/VideoEffects.xib:85: note: View is clipping its content [13]
/Users/cam/Documents/Projects/ultima-iv-web/vlc-thumbs/work/upstream/vlc-master-story005/modules/gui/macosx/UI/VideoEffects.xib:234: note: View is clipping its content [13]
/Users/cam/Documents/Projects/ultima-iv-web/vlc-thumbs/work/upstream/vlc-master-story005/modules/gui/macosx/UI/VideoEffects.xib:78: note: View is clipping its content [13]
/Users/cam/Documents/Projects/ultima-iv-web/vlc-thumbs/work/upstream/vlc-master-story005/modules/gui/macosx/UI/VideoEffects.xib:145: note: View is clipping its content [13]
/Users/cam/Documents/Projects/ultima-iv-web/vlc-thumbs/work/upstream/vlc-master-story005/modules/gui/macosx/UI/VideoEffects.xib:646: note: View is clipping its content [13]
/Users/cam/Documents/Projects/ultima-iv-web/vlc-thumbs/work/upstream/vlc-master-story005/modules/gui/macosx/UI/VideoEffects.xib:103: note: View is clipping its content [13]
/Users/cam/Documents/Projects/ultima-iv-web/vlc-thumbs/work/upstream/vlc-master-story005/modules/gui/macosx/UI/VideoEffects.xib:735: note: View is clipping its content [13]
/Users/cam/Documents/Projects/ultima-iv-web/vlc-thumbs/work/upstream/vlc-master-story005/modules/gui/macosx/UI/VideoEffects.xib:187: note: View is clipping its content [13]
/Users/cam/Documents/Projects/ultima-iv-web/vlc-thumbs/work/upstream/vlc-master-story005/modules/gui/macosx/UI/VideoEffects.xib:760: note: View is clipping its content [13]
/Users/cam/Documents/Projects/ultima-iv-web/vlc-thumbs/work/upstream/vlc-master-story005/modules/gui/macosx/UI/VideoEffects.xib:94: note: View is clipping its content [13]
/Users/cam/Documents/Projects/ultima-iv-web/vlc-thumbs/work/upstream/vlc-master-story005/modules/gui/macosx/UI/VideoEffects.xib:736: note: View is clipping its content [13]
/Users/cam/Documents/Projects/ultima-iv-web/vlc-thumbs/work/upstream/vlc-master-story005/modules/gui/macosx/UI/VideoEffects.xib:293: note: View is clipping its content [13]
/Users/cam/Documents/Projects/ultima-iv-web/vlc-thumbs/work/upstream/vlc-master-story005/modules/gui/macosx/UI/VideoEffects.xib:757: note: View is clipping its content [13]
/Users/cam/Documents/Projects/ultima-iv-web/vlc-thumbs/work/upstream/vlc-master-story005/modules/gui/macosx/UI/VideoEffects.xib:138: note: View is clipping its content [13]
/Users/cam/Documents/Projects/ultima-iv-web/vlc-thumbs/work/upstream/vlc-master-story005/modules/gui/macosx/UI/VideoEffects.xib:761: note: View is clipping its content [13]
/Users/cam/Documents/Projects/ultima-iv-web/vlc-thumbs/work/upstream/vlc-master-story005/modules/gui/macosx/UI/VideoEffects.xib:74: note: View is clipping its content [13]
/Users/cam/Documents/Projects/ultima-iv-web/vlc-thumbs/work/upstream/vlc-master-story005/modules/gui/macosx/UI/VideoEffects.xib:720: note: View is clipping its content [13]
/Users/cam/Documents/Projects/ultima-iv-web/vlc-thumbs/work/upstream/vlc-master-story005/modules/gui/macosx/UI/VideoEffects.xib:704: note: View is clipping its content [13]
/Users/cam/Documents/Projects/ultima-iv-web/vlc-thumbs/work/upstream/vlc-master-story005/modules/gui/macosx/UI/VideoEffects.xib:758: note: View is clipping its content [13]
/Users/cam/Documents/Projects/ultima-iv-web/vlc-thumbs/work/upstream/vlc-master-story005/modules/gui/macosx/UI/VideoEffects.xib:290: note: View is clipping its content [13]
/Users/cam/Documents/Projects/ultima-iv-web/vlc-thumbs/work/upstream/vlc-master-story005/modules/gui/macosx/UI/VideoEffects.xib:245: note: View is clipping its content [13]
/Users/cam/Documents/Projects/ultima-iv-web/vlc-thumbs/work/upstream/vlc-master-story005/modules/gui/macosx/UI/VideoEffects.xib:101: note: View is clipping its content [13]
/Users/cam/Documents/Projects/ultima-iv-web/vlc-thumbs/work/upstream/vlc-master-story005/modules/gui/macosx/UI/VideoEffects.xib:83: note: View is clipping its content [13]
/Users/cam/Documents/Projects/ultima-iv-web/vlc-thumbs/work/upstream/vlc-master-story005/modules/gui/macosx/UI/VideoEffects.xib:233: note: View is clipping its content [13]
/Users/cam/Documents/Projects/ultima-iv-web/vlc-thumbs/work/upstream/vlc-master-story005/modules/gui/macosx/UI/VideoEffects.xib:144: note: View is clipping its content [13]
/* com.apple.ibtool.document.notices */
/Users/cam/Documents/Projects/ultima-iv-web/vlc-thumbs/work/upstream/vlc-master-story005/modules/gui/macosx/UI/SimplePreferences.xib:2336: note: View is clipping its content [13]
/Users/cam/Documents/Projects/ultima-iv-web/vlc-thumbs/work/upstream/vlc-master-story005/modules/gui/macosx/UI/SimplePreferences.xib:3594: note: View is clipping its content [13]
/Users/cam/Documents/Projects/ultima-iv-web/vlc-thumbs/work/upstream/vlc-master-story005/modules/gui/macosx/UI/SimplePreferences.xib:2541: note: View is clipping its content [13]
/Users/cam/Documents/Projects/ultima-iv-web/vlc-thumbs/work/upstream/vlc-master-story005/modules/gui/macosx/UI/SimplePreferences.xib:3614: note: View is clipping its content [13]
/Users/cam/Documents/Projects/ultima-iv-web/vlc-thumbs/work/upstream/vlc-master-story005/modules/gui/macosx/UI/SimplePreferences.xib:3884: note: View is clipping its content [13]
/Users/cam/Documents/Projects/ultima-iv-web/vlc-thumbs/work/upstream/vlc-master-story005/modules/gui/macosx/UI/SimplePreferences.xib:2369: note: View is clipping its content [13]
/Users/cam/Documents/Projects/ultima-iv-web/vlc-thumbs/work/upstream/vlc-master-story005/modules/gui/macosx/UI/SimplePreferences.xib:2474: note: View is clipping its content [13]
/Users/cam/Documents/Projects/ultima-iv-web/vlc-thumbs/work/upstream/vlc-master-story005/modules/gui/macosx/UI/SimplePreferences.xib:2367: note: View is clipping its content [13]
/Users/cam/Documents/Projects/ultima-iv-web/vlc-thumbs/work/upstream/vlc-master-story005/modules/gui/macosx/UI/SimplePreferences.xib:2468: note: View is clipping its content [13]
/Users/cam/Documents/Projects/ultima-iv-web/vlc-thumbs/work/upstream/vlc-master-story005/modules/gui/macosx/UI/SimplePreferences.xib:2530: note: View is clipping its content [13]
/Users/cam/Documents/Projects/ultima-iv-web/vlc-thumbs/work/upstream/vlc-master-story005/modules/gui/macosx/UI/SimplePreferences.xib:2346: note: View is clipping its content [13]
/Applications/Xcode.app/Contents/Developer/usr/bin/make  all-recursive
Making all in gui/qt
  GEN      vlc_modules_list
/Applications/Xcode.app/Contents/Developer/usr/bin/make  all-am
make[5]: Nothing to be done for `all-am'.
Making all in .
  CC       access/libcdda_plugin_la-cdda.lo
  LEX      demux/json/libvlc_json_la-lexicon.c
  CC       access/vcd/vcd.lo
  CC       access/vcd/cdrom.lo
  CC       access/libdvdnav_plugin_la-dvdnav.lo
/Users/cam/Documents/Projects/ultima-iv-web/vlc-thumbs/work/upstream/vlc-master-story005/extras/package/macosx/../../../modules/access/vcd/cdrom.c:862:1: warning: unused label 'unrecoverable' [-Wunused-label]
  862 | unrecoverable:
      | ^~~~~~~~~~~~~~
/Users/cam/Documents/Projects/ultima-iv-web/vlc-thumbs/work/upstream/vlc-master-story005/extras/package/macosx/../../../modules/access/vcd/cdrom.c:266:13: warning: unused function 'TracksRangeIsValid' [-Wunused-function]
  266 | static bool TracksRangeIsValid( int i_first, int i_last )
      |             ^~~~~~~~~~~~~~~~~~
  CC       access/libdvdread_plugin_la-dvdread.lo
  CC       access/libdvdread_plugin_la-dvdread_video.lo
2 warnings generated.
  CC       access/libdvdread_plugin_la-dvdread_audio.lo
  CC       access/libdvdread_plugin_la-dvdread_vr.lo
  CC       access/liblibbluray_plugin_la-bluray.lo
  CC       access/ftp.lo
  CC       access/gopher.lo
  CC       access/webdav.lo
  CC       access/http.lo
  CXX      access/liblive555_plugin_la-live555.lo
  CC       access/mms/libaccess_mms_plugin_la-mms.lo
In file included from /Users/cam/Documents/Projects/ultima-iv-web/vlc-thumbs/work/upstream/vlc-master-story005/extras/package/macosx/../../../modules/access/live555.cpp:31:
In file included from ../config.h:896:
In file included from /Users/cam/Documents/Projects/ultima-iv-web/vlc-thumbs/work/upstream/vlc-master-story005/extras/package/macosx/../../../include/vlc_fixups.h:166:
In file included from /Applications/Xcode.app/Contents/Developer/Platforms/MacOSX.platform/Developer/SDKs/MacOSX27.0.sdk/usr/include/c++/v1/stddef.h:30:
In file included from /Applications/Xcode.app/Contents/Developer/Platforms/MacOSX.platform/Developer/SDKs/MacOSX27.0.sdk/usr/include/c++/v1/__config:15:
/Applications/Xcode.app/Contents/Developer/Platforms/MacOSX.platform/Developer/SDKs/MacOSX27.0.sdk/usr/include/c++/v1/__configuration/availability.h:204:4: warning: "The selected platform is no longer supported by libc++." [-W#warnings]
  204 | #  warning "The selected platform is no longer supported by libc++."
      |    ^
  CC       access/mms/libaccess_mms_plugin_la-mmsh.lo
  CC       access/mms/libaccess_mms_plugin_la-mmstu.lo
  CC       access/mms/libaccess_mms_plugin_la-buffer.lo
  CC       access/mms/libaccess_mms_plugin_la-asf.lo
  CC       access/libsmb2_plugin_la-smb2.lo
/Users/cam/Documents/Projects/ultima-iv-web/vlc-thumbs/work/upstream/vlc-master-story005/extras/package/macosx/../../../modules/access/mms/asf.c:77:57: warning: comparison of integers of different signs: 'int' and 'uint64_t' (aka 'unsigned long long') [-Wsign-compare]
   77 |         if( i_size < 24 || var_buffer_remain( &buffer ) < i_size - 24 )
      |                            ~~~~~~~~~~~~~~~~~~~~~~~~~~~~ ^ ~~~~~~~~~~~
  CC       access/cache.lo
1 warning generated.
  CC       access/libnoidea_plugin_la-ndi.lo
/Users/cam/Documents/Projects/ultima-iv-web/vlc-thumbs/work/upstream/vlc-master-story005/extras/package/macosx/../../../modules/access/smb2.c:816:25: warning: unused parameter 'out_host' [-Wunused-parameter]
  816 |                  char **out_host)
      |                         ^
  CC       access/tcp.lo
1 warning generated.
  CC       access/udp.lo
  CC       access/amt.lo
  CC       access/libsftp_plugin_la-sftp.lo
  CC       access/libnfs_plugin_la-nfs.lo
  CC       access/satip.lo
  CC       access/concat.lo
  CC       access/libaccess_srt_plugin_la-srt.lo
1 warning generated.
  CC       access/librist_plugin_la-rist.lo
  CC       access/libaccess_srt_plugin_la-srt_common.lo
  CC       access/http/access.lo
  CC       access/libaccess_output_srt_plugin_la-srt_common.lo
  CC       audio_filter/stereo_widen.lo
  CC       audio_filter/center.lo
  CC       audio_filter/stereo_pan.lo
  CC       audio_filter/converter/libaudio_format_plugin_la-format.lo
  CC       audio_filter/libebur128_plugin_la-libebur128.lo
  CC       audio_filter/librnnoise_plugin_la-rnnoise.lo
  CC       codec/vt_utils.lo
  CC       video_chroma/cvpx.lo
  CC       codec/ddummy.lo
  CC       codec/edummy.lo
  CC       codec/spdif.lo
  CC       codec/adpcm.lo
  CC       codec/aes3.lo
  CC       codec/araw.lo
  CC       codec/libfaad_plugin_la-faad.lo
In file included from /Users/cam/Documents/Projects/ultima-iv-web/vlc-thumbs/work/upstream/vlc-master-story005/extras/package/macosx/../../../modules/codec/faad.c:46:
/Users/cam/Documents/Projects/ultima-iv-web/vlc-thumbs/work/story005-master-baseline/contrib/aarch64-apple-darwin19/include/faad.h:31:9: warning: please update faad2 include filename and function names! [-W#pragma-messages]
   31 | #pragma message("please update faad2 include filename and function names!")
      |         ^
  CC       codec/g711.lo
  CC       codec/libfluidsynth_plugin_la-fluidsynth.lo
  CC       codec/audiotoolbox_midi.lo
1 warning generated.
  CC       codec/lpcm.lo
  CC       codec/libmad_plugin_la-mad.lo
  CC       codec/libmpg123_plugin_la-mpg123.lo
/Users/cam/Documents/Projects/ultima-iv-web/vlc-thumbs/work/upstream/vlc-master-story005/extras/package/macosx/../../../modules/codec/audiotoolbox_midi.c:386:14: warning: unused variable 'status' [-Wunused-variable]
  386 |     OSStatus status = noErr;
      |              ^~~~~~
  CC       codec/uleaddvaudio.lo
1 warning generated.
  CC       codec/cdg.lo
  CC       codec/rawvideo.lo
  CC       codec/rtpvideo.lo
  CC       codec/libopenapv_plugin_la-openapv.lo
  CC       codec/rtp-rawvid.lo
  CC       codec/png.lo
  CC       codec/jpeg.lo
/Users/cam/Documents/Projects/ultima-iv-web/vlc-thumbs/work/upstream/vlc-master-story005/extras/package/macosx/../../../modules/codec/rtp-rawvid.c:620:29: warning: comparison of integers of different signs: 'int' and 'const unsigned int' [-Wsign-compare]
  620 |          || offset + d.quot >= width /* output scanline overflow */
      |             ~~~~~~~~~~~~~~~ ^  ~~~~~
  CC       codec/liblibass_plugin_la-libass.lo
  CC       codec/cc.lo
1 warning generated.
  CC       codec/cea708.lo
  CC       codec/cvdsub.lo
/Users/cam/Documents/Projects/ultima-iv-web/vlc-thumbs/work/upstream/vlc-master-story005/extras/package/macosx/../../../modules/codec/libass.c:122:37: warning: unused parameter 'level' [-Wunused-parameter]
  122 | static void vlc_ass_msg_handler(int level, const char *fmt, va_list va, void *data) {
      |                                     ^
1 warning generated.
  CC       codec/dvbsub.lo
  CC       codec/scte18.lo
  CC       codec/atsc_a65.lo
  CC       codec/scte27.lo
  CC       codec/stl.lo
  CC       codec/subsdec.lo
  CC       codec/subsusf.lo
  CC       codec/ttml/ttml.lo
  CC       codec/ttml/genttml.lo
  CC       codec/ttml/encttml.lo
  CC       demux/libwebvtt_plugin_la-webvtt.lo
  CC       codec/webvtt/libwebvtt_plugin_la-encvtt.lo
  CC       codec/webvtt/libwebvtt_plugin_la-CSSGrammar.lo
codec/webvtt/CSSGrammar.c:1533:9: warning: variable 'cssnerrs' set but not used [-Wunused-but-set-variable]
 1533 |     int yynerrs = 0;
      |         ^
codec/webvtt/CSSGrammar.c:73:25: note: expanded from macro 'yynerrs'
   73 | #define yynerrs         cssnerrs
      |                         ^
  LEX      codec/webvtt/libwebvtt_plugin_la-CSSLexer.c
1 warning generated.
  CC       codec/webvtt/libwebvtt_plugin_la-css_parser.lo
  CC       codec/webvtt/libwebvtt_plugin_la-css_style.lo
  CC       codec/svcdsub.lo
  CC       codec/t140.lo
  CC       codec/telx.lo
  CC       codec/textst.lo
  CC       codec/libzvbi_plugin_la-zvbi.lo
  CC       codec/substx3g.lo
  CC       codec/libflac_plugin_la-flac.lo
  CC       codec/libkate_plugin_la-kate.lo
  CC       codec/libopus_plugin_la-opus.lo
  CC       codec/libopus_plugin_la-opus_header.lo
  CC       codec/libspeex_plugin_la-speex.lo
  CC       codec/libtheora_plugin_la-theora.lo
  CC       codec/libvorbis_plugin_la-vorbis.lo
  CC       codec/liboggspots_plugin_la-oggspots.lo
  CC       codec/libvlc_hxxxhelper_la-hxxx_helper.lo
  CC       packetizer/libvlc_hxxxhelper_la-hxxx_nal.lo
  CC       packetizer/libvlc_hxxxhelper_la-hxxx_sei.lo
  CC       packetizer/libvlc_hxxxhelper_la-h264_slice.lo
  CC       packetizer/libvlc_hxxxhelper_la-h264_nal.lo
  CC       packetizer/libvlc_hxxxhelper_la-hevc_nal.lo
  OBJC     codec/vt_utils_native.lo
  CC       codec/videotoolbox/libvideotoolbox_enc_plugin_la-encoder.lo
  CC       codec/avcodec/libavcodec_plugin_la-video.lo
  CC       codec/avcodec/libavcodec_plugin_la-subtitle.lo
  CC       codec/avcodec/libavcodec_plugin_la-audio.lo
  CC       codec/avcodec/libavcodec_plugin_la-va.lo
  CC       codec/avcodec/libavcodec_plugin_la-avcodec.lo
  CC       packetizer/libavcodec_plugin_la-av1_obu.lo
  CC       codec/avcodec/libavcodec_plugin_la-encoder.lo
  CC       access/libavcodec_plugin_la-avio.lo
  CC       packetizer/libavcodec_plugin_la-avparser.lo
  CC       demux/avformat/libavcodec_plugin_la-mux.lo
  CC       codec/avcodec/libavcodec_common_la-fourcc.lo
  CC       codec/avcodec/libavcodec_common_la-chroma.lo
  CC       codec/libx265_plugin_la-x265.lo
  CC       codec/libx264_plugin_la-x264.lo
In file included from /Users/cam/Documents/Projects/ultima-iv-web/vlc-thumbs/work/upstream/vlc-master-story005/extras/package/macosx/../../../modules/codec/x265.c:37:
/Users/cam/Documents/Projects/ultima-iv-web/vlc-thumbs/work/story005-master-baseline/contrib/aarch64-apple-darwin19/include/x265.h:35:5: warning: '_MSC_VER' is not defined, evaluates to 0 [-Wundef]
   35 | #if _MSC_VER
      |     ^
/Users/cam/Documents/Projects/ultima-iv-web/vlc-thumbs/work/story005-master-baseline/contrib/aarch64-apple-darwin19/include/x265.h:186:5: warning: 'X265_DEPTH' is not defined, evaluates to 0 [-Wundef]
  186 | #if X265_DEPTH < 10
      |     ^
/Users/cam/Documents/Projects/ultima-iv-web/vlc-thumbs/work/story005-master-baseline/contrib/aarch64-apple-darwin19/include/x265.h:643:5: warning: 'ENABLE_MULTIVIEW' is not defined, evaluates to 0 [-Wundef]
  643 | #if ENABLE_MULTIVIEW
      |     ^
/Users/cam/Documents/Projects/ultima-iv-web/vlc-thumbs/work/story005-master-baseline/contrib/aarch64-apple-darwin19/include/x265.h:650:5: warning: 'ENABLE_ALPHA' is not defined, evaluates to 0 [-Wundef]
  650 | #if ENABLE_ALPHA
      |     ^
/Users/cam/Documents/Projects/ultima-iv-web/vlc-thumbs/work/story005-master-baseline/contrib/aarch64-apple-darwin19/include/x265.h:656:5: warning: 'ENABLE_ALPHA' is not defined, evaluates to 0 [-Wundef]
  656 | #if ENABLE_ALPHA || ENABLE_MULTIVIEW
      |     ^
/Users/cam/Documents/Projects/ultima-iv-web/vlc-thumbs/work/story005-master-baseline/contrib/aarch64-apple-darwin19/include/x265.h:656:21: warning: 'ENABLE_MULTIVIEW' is not defined, evaluates to 0 [-Wundef]
  656 | #if ENABLE_ALPHA || ENABLE_MULTIVIEW
      |                     ^
/Users/cam/Documents/Projects/ultima-iv-web/vlc-thumbs/work/story005-master-baseline/contrib/aarch64-apple-darwin19/include/x265.h:665:5: warning: 'ENABLE_SCC_EXT' is not defined, evaluates to 0 [-Wundef]
  665 | #if ENABLE_SCC_EXT
      |     ^
/Users/cam/Documents/Projects/ultima-iv-web/vlc-thumbs/work/story005-master-baseline/contrib/aarch64-apple-darwin19/include/x265.h:2400:5: warning: 'ENABLE_SCC_EXT' is not defined, evaluates to 0 [-Wundef]
 2400 | #if ENABLE_SCC_EXT
      |     ^
/Users/cam/Documents/Projects/ultima-iv-web/vlc-thumbs/work/story005-master-baseline/contrib/aarch64-apple-darwin19/include/x265.h:2618:5: warning: 'ENABLE_LIBVMAF' is not defined, evaluates to 0 [-Wundef]
 2618 | #if ENABLE_LIBVMAF
      |     ^
/Users/cam/Documents/Projects/ultima-iv-web/vlc-thumbs/work/story005-master-baseline/contrib/aarch64-apple-darwin19/include/x265.h:2690:5: warning: 'ENABLE_LIBVMAF' is not defined, evaluates to 0 [-Wundef]
 2690 | #if ENABLE_LIBVMAF
      |     ^
  CC       codec/libx26410b_plugin_la-x264.lo
  CC       codec/libvpx_plugin_la-vpx.lo
10 warnings generated.
  CC       codec/vpx_alpha.lo
  CC       codec/libaom_plugin_la-aom.lo
  CC       packetizer/libaom_plugin_la-av1_obu.lo
  CC       codec/libtwolame_plugin_la-twolame.lo
  CC       codec/libdav1d_plugin_la-dav1d.lo
  CC       packetizer/libdav1d_plugin_la-av1_obu.lo
  CC       demux/libflacsys_plugin_la-flac.lo
  CC       demux/xiph_metadata.lo
  CC       demux/libogg_plugin_la-ogg.lo
  CC       demux/libogg_plugin_la-oggseek.lo
  CC       demux/libogg_plugin_la-ogg_granule.lo
  CC       demux/demuxdump.lo
/Users/cam/Documents/Projects/ultima-iv-web/vlc-thumbs/work/upstream/vlc-master-story005/extras/package/macosx/../../../modules/demux/oggseek.c:306:5: warning: ignoring return value of function declared with 'warn_unused_result' attribute [-Wunused-result]
  306 |     vlc_stream_Seek( p_demux->s, i_backup_pos );
      |     ^~~~~~~~~~~~~~~  ~~~~~~~~~~~~~~~~~~~~~~~~
/Users/cam/Documents/Projects/ultima-iv-web/vlc-thumbs/work/upstream/vlc-master-story005/extras/package/macosx/../../../modules/demux/oggseek.c:970:9: warning: ignoring return value of function declared with 'warn_unused_result' attribute [-Wunused-result]
  970 |         vlc_stream_Seek( p_demux->s, i_in_pos );
      |         ^~~~~~~~~~~~~~~  ~~~~~~~~~~~~~~~~~~~~
/Users/cam/Documents/Projects/ultima-iv-web/vlc-thumbs/work/upstream/vlc-master-story005/extras/package/macosx/../../../modules/demux/oggseek.c:979:9: warning: ignoring return value of function declared with 'warn_unused_result' attribute [-Wunused-result]
  979 |         vlc_stream_Seek( p_demux->s, i_in_pos );
      |         ^~~~~~~~~~~~~~~  ~~~~~~~~~~~~~~~~~~~~
  CC       demux/rawdv.lo
  CC       demux/rawvid.lo
3 warnings generated.
  CC       demux/g64rtp.lo
  CC       demux/au.lo
  CC       demux/rawaud.lo
  CC       demux/wav.lo
  CC       demux/nsv.lo
  CC       demux/hx.lo
  CC       demux/libmod_plugin_la-mod.lo
  CC       demux/pva.lo
  CC       demux/aiff.lo
  CC       demux/mjpeg.lo
  CC       demux/subtitle.lo
  CC       demux/ty.lo
  CC       demux/vobsub.lo
  CC       demux/voc.lo
  CC       demux/xa.lo
  CC       demux/nuv.lo
  CC       demux/tta.lo
  CC       demux/vc1.lo
  CC       demux/libdemux_cdg_plugin_la-cdg.lo
  CC       demux/smf.lo
  CC       demux/dmxmus.lo
  CC       demux/gme.lo
  CXX      demux/libsid_plugin_la-sid.lo
In file included from /Users/cam/Documents/Projects/ultima-iv-web/vlc-thumbs/work/upstream/vlc-master-story005/extras/package/macosx/../../../modules/demux/sid.cpp:33:
In file included from ../config.h:896:
In file included from /Users/cam/Documents/Projects/ultima-iv-web/vlc-thumbs/work/upstream/vlc-master-story005/extras/package/macosx/../../../include/vlc_fixups.h:166:
In file included from /Applications/Xcode.app/Contents/Developer/Platforms/MacOSX.platform/Developer/SDKs/MacOSX27.0.sdk/usr/include/c++/v1/stddef.h:30:
In file included from /Applications/Xcode.app/Contents/Developer/Platforms/MacOSX.platform/Developer/SDKs/MacOSX27.0.sdk/usr/include/c++/v1/__config:15:
/Applications/Xcode.app/Contents/Developer/Platforms/MacOSX.platform/Developer/SDKs/MacOSX27.0.sdk/usr/include/c++/v1/__configuration/availability.h:204:4: warning: "The selected platform is no longer supported by libc++." [-W#warnings]
  204 | #  warning "The selected platform is no longer supported by libc++."
      |    ^
  CC       demux/image.lo
  CC       demux/libdemux_stl_plugin_la-stl.lo
  CC       demux/caf.lo
  CC       demux/directory.lo
  CC       demux/mpeg/es.lo
  CC       demux/mpeg/h26x.lo
  CC       packetizer/h264_nal.lo
  CC       packetizer/libmkv_plugin_la-dts_header.lo
In file included from /Users/cam/Documents/Projects/ultima-iv-web/vlc-thumbs/work/upstream/vlc-master-story005/extras/package/macosx/../../../modules/demux/sid.cpp:44:
/Users/cam/Documents/Projects/ultima-iv-web/vlc-thumbs/work/story005-master-baseline/contrib/aarch64-apple-darwin19/include/sidplay/sidplay2.h:59:39: warning: reference cannot be bound to dereferenced null pointer in well-defined C++ code; pointer may be assumed to always convert to true [-Wundefined-bool-conversion]
   59 |     operator bool()  const { return (&sidplayer ? true: false); }
      |                                       ^~~~~~~~~ ~
/Users/cam/Documents/Projects/ultima-iv-web/vlc-thumbs/work/story005-master-baseline/contrib/aarch64-apple-darwin19/include/sidplay/sidplay2.h:60:39: warning: reference cannot be bound to dereferenced null pointer in well-defined C++ code; pointer may be assumed to always convert to true [-Wundefined-bool-conversion]
   60 |     bool operator!() const { return (&sidplayer ? false: true); }
      |                                       ^~~~~~~~~ ~
3 warnings generated.
  CC       demux/mpeg/mpgv.lo
  CC       demux/mpeg/libts_plugin_la-ts.lo
  CC       demux/mpeg/libts_plugin_la-ts_pid.lo
  CC       demux/mpeg/libts_plugin_la-ts_psi.lo
  CC       demux/mpeg/libts_plugin_la-ts_si.lo
  CC       demux/mpeg/libts_plugin_la-ts_psip.lo
  CC       demux/mpeg/libts_plugin_la-ts_psip_dvbpsi_fixes.lo
  CC       demux/mpeg/libts_plugin_la-ts_decoders.lo
  CC       demux/mpeg/libts_plugin_la-ts_streams.lo
  CC       demux/mpeg/libts_plugin_la-ts_scte.lo
  CC       demux/mpeg/libts_plugin_la-sections.lo
  CC       demux/mpeg/libts_plugin_la-mpeg4_iod.lo
  CC       demux/mpeg/libts_plugin_la-ts_arib.lo
  CC       demux/mpeg/libts_plugin_la-ts_sl.lo
  CC       demux/mpeg/libts_plugin_la-ts_metadata.lo
  CC       demux/mpeg/libts_plugin_la-ts_hotfixes.lo
/Users/cam/Documents/Projects/ultima-iv-web/vlc-thumbs/work/upstream/vlc-master-story005/extras/package/macosx/../../../modules/demux/mpeg/ts_metadata.c:118:18: warning: unused function 'Metadata_stream_processor_PushMAU' [-Wunused-function]
  118 | static block_t * Metadata_stream_processor_PushMAU( ts_stream_processor_t *h,
      |                  ^~~~~~~~~~~~~~~~~~~~~~~~~~~~~~~~~
  CC       demux/mpeg/libts_plugin_la-ts_pes.lo
1 warning generated.
  CC       codec/libts_plugin_la-atsc_a65.lo
  CC       codec/libts_plugin_la-opus_header.lo
  CXX      demux/adaptive/libvlc_adaptive_la-ID.lo
  CXX      demux/adaptive/libvlc_adaptive_la-PlaylistManager.lo
  CXX      demux/adaptive/libvlc_adaptive_la-SegmentTracker.lo
  CXX      demux/adaptive/libvlc_adaptive_la-SharedResources.lo
In file included from /Users/cam/Documents/Projects/ultima-iv-web/vlc-thumbs/work/upstream/vlc-master-story005/extras/package/macosx/../../../modules/demux/adaptive/SharedResources.cpp:21In file included from /Users/cam/Documents/Projects/ultima-iv-web/vlc-thumbs/work/upstream/vlc-master-story005/extras/package/macosx/../../../modules/demux/adaptive/ID.cpp:21:
In file included from ../config.h:896:
In file included from /Users/cam/Documents/Projects/ultima-iv-web/vlc-thumbs/work/upstream/vlc-master-story005/extras/package/macosx/../../../include/vlc_fixups.h::
In file included from ../config.h:896:
In file included from /Users/cam/Documents/Projects/ultima-iv-web/vlc-thumbs/work/upstream/vlc-master-story005/extras/package/macosx/../../../include/vlc_fixups.h:166:
In file included from /Applications/Xcode.app/Contents/Developer/Platforms/MacOSX.platform/Developer/SDKs/MacOSX27.0.sdk/usr/include/c++/v1/stddef.h:30:
In file included from /Applications/Xcode.app/Contents/Developer/Platforms/MacOSX.platform/Developer/SDKs/MacOSX27.0.sdk/usr/include/c++/v1/__config:15:
/Applications/Xcode.app/Contents/Developer/Platforms/MacOSX.platform/Developer/SDKs/MacOSX27.0.sdk/usr/include/c++/v1/__configuration/availability.h:204:4: warning: "The selected platform is no longer supported by libc++." [-W#warnings]166:
In file included from /Applications/Xcode.app/Contents/Developer/Platforms/MacOSX.platform/Developer/SDKs/MacOSX27.0.sdk/usr/include/c++/v1/stddef.h:30:
In file included from /Applications/Xcode.app/Contents/Developer/Platforms/MacOSX.platform/Developer/SDKs/MacOSX27.0.sdk/usr/include/c++/v1/__config:15:
/Applications/Xcode.app/Contents/Developer/Platforms/MacOSX.platform/Developer/SDKs/MacOSX27.0.sdk/usr/include/c++/v1/__configuration/availability.h:204:4: warning: "The selected platform is no longer supported by libc++." [-W#warnings]

  204  204 | # | #  war  warning "The sning "Telected platform is no In file included from /Users/cam/Documents/Projects/ultima-iv-web/vlc-thumbs/work/upstream/vlc-master-story005/extras/package/macosx/../../../modules/demux/adaptive/PlaylistManager.cpp:23:
In file included from he selected platflongorm i../config.h:896s no l:
In file included from /Users/cam/Documents/Projects/ultima-iv-web/vlc-thumbs/work/upstream/vlc-master-story005/extras/package/macosx/../../../include/vlc_fixups.h:166ong:
In file included from /Applications/Xcode.app/Contents/Developer/Platforms/MacOSX.platform/Developer/SDKs/MacOSX27.0.sdk/usr/include/c++/v1/stddef.h:30:
In file included from /Applications/Xcode.app/Contents/Developer/Platforms/MacOSX.platform/Developer/SDKs/MacOSX27.0.sdk/usr/include/c++/v1/__config:15In file included from /Users/cam/Documents/Projects/ultima-iv-web/vlc-thumbs/work/upstream/vlc-master-story005/extras/package/macosx/../../../modules/demux/adaptive/SegmentTracker.cpp:er s:
22er su/Applications/Xcode.app/Contents/Developer/Platforms/MacOSX.platform/Developer/SDKs/MacOSX27.0.sdk/usr/include/c++/v1/__configuration/availability.h:204upp:pp:
4oro: warning: "The selected platform is no longer supported by libc++." [-W#warnings]
tedIn file included from ../config.h:r  204 | #  bt 896:
y led In file included from /Users/cam/Documents/Projects/ultima-iv-web/vlc-thumbs/work/upstream/vlc-master-story005/extras/package/macosx/../../../include/vlc_fixups.h:ibc++by166:
."
      |    ^
war libcIn file included from /Applications/Xcode.app/Contents/Developer/Platforms/MacOSX.platform/Developer/SDKs/MacOSX27.0.sdk/usr/include/c++/v1/stddef.h:30++.ning "T:
In file included from /Applications/Xcode.app/Contents/Developer/Platforms/MacOSX.platform/Developer/SDKs/MacOSX27.0.sdk/usr/include/c++/v1/__config:15:
/Applications/Xcode.app/Contents/Developer/Platforms/MacOSX.platform/Developer/SDKs/MacOSX27.0.sdk/usr/include/c++/v1/__configuration/availability.h:he "
      |    ^
204:4: warning: "The selected platform is no longer supported by libc++." [-W#warnings]
  204 | #  sewarnlecting "The selected ped platfolatforrm is no longm is no longer ser supuppported orteby libc++d by ."
      |    ^
libc++."
      |    ^
1 warning generated.
  CXX      demux/adaptive/libvlc_adaptive_la-StreamFormat.lo
In file included from /Users/cam/Documents/Projects/ultima-iv-web/vlc-thumbs/work/upstream/vlc-master-story005/extras/package/macosx/../../../modules/demux/adaptive/StreamFormat.cpp:22:
In file included from ../config.h:896:
In file included from /Users/cam/Documents/Projects/ultima-iv-web/vlc-thumbs/work/upstream/vlc-master-story005/extras/package/macosx/../../../include/vlc_fixups.h:166:
In file included from /Applications/Xcode.app/Contents/Developer/Platforms/MacOSX.platform/Developer/SDKs/MacOSX27.0.sdk/usr/include/c++/v1/stddef.h:30:
In file included from /Applications/Xcode.app/Contents/Developer/Platforms/MacOSX.platform/Developer/SDKs/MacOSX27.0.sdk/usr/include/c++/v1/__config:15:
/Applications/Xcode.app/Contents/Developer/Platforms/MacOSX.platform/Developer/SDKs/MacOSX27.0.sdk/usr/include/c++/v1/__configuration/availability.h:204:4: warning: "The selected platform is no longer supported by libc++." [-W#warnings]
  204 | #  warning "The selected platform is no longer supported by libc++."
      |    ^
1 warning generated.
  CXX      demux/adaptive/libvlc_adaptive_la-Streams.lo
In file included from /Users/cam/Documents/Projects/ultima-iv-web/vlc-thumbs/work/upstream/vlc-master-story005/extras/package/macosx/../../../modules/demux/adaptive/Streams.cpp:22:
In file included from ../config.h:896:
In file included from /Users/cam/Documents/Projects/ultima-iv-web/vlc-thumbs/work/upstream/vlc-master-story005/extras/package/macosx/../../../include/vlc_fixups.h:166:
In file included from /Applications/Xcode.app/Contents/Developer/Platforms/MacOSX.platform/Developer/SDKs/MacOSX27.0.sdk/usr/include/c++/v1/stddef.h:30:
In file included from /Applications/Xcode.app/Contents/Developer/Platforms/MacOSX.platform/Developer/SDKs/MacOSX27.0.sdk/usr/include/c++/v1/__config:15:
/Applications/Xcode.app/Contents/Developer/Platforms/MacOSX.platform/Developer/SDKs/MacOSX27.0.sdk/usr/include/c++/v1/__configuration/availability.h:204:4: warning: "The selected platform is no longer supported by libc++." [-W#warnings]
  204 | #  warning "The selected platform is no longer supported by libc++."
      |    ^
1 warning generated.
1 warning generated.
1 warning generated.
  CC       packetizer/h266_nal.lo
  CC       packetizer/hevc_nal.lo
  CC       demux/libytdl_plugin_la-ytdl.lo
1 warning generated.
  OBJC     gui/macosx/library/libmacosx_plugin_la-VLCLibraryHeaderCell.lo
  OBJC     gui/macosx/library/libmacosx_plugin_la-VLCLibraryHeaderView.lo
  OBJC     gui/macosx/library/audio-library/libmacosx_plugin_la-VLCLibraryAudioGroupTableViewDelegate.lo
  OBJC     gui/macosx/library/audio-library/libmacosx_plugin_la-VLCLibraryAudioTableViewDelegate.lo
  OBJC     gui/macosx/library/audio-library/libmacosx_plugin_la-VLCLibraryAudioViewController.lo
  OBJC     gui/macosx/library/audio-library/libmacosx_plugin_la-VLCLibraryCollectionViewAudioGroupSupplementaryDetailView.lo
  OBJC     gui/macosx/library/audio-library/libmacosx_plugin_la-VLCLibrarySongTableCellView.lo
  OBJC     gui/macosx/library/audio-library/libmacosx_plugin_la-VLCLibrarySongsTableViewSongPlayingTableCellView.lo
  OBJC     gui/macosx/library/libmacosx_plugin_la-VLCLibrarySectionedTableViewDelegate.lo
  CC       misc/webservices/libfingerprinter_plugin_la-acoustid.lo
  CC       misc/libfingerprinter_plugin_la-fingerprinter.lo
  CC       misc/libgnutls_plugin_la-gnutls.lo
  CC       misc/libsecuretransport_plugin_la-securetransport.lo
/Users/cam/Documents/Projects/ultima-iv-web/vlc-thumbs/work/upstream/vlc-master-story005/extras/package/macosx/../../../modules/misc/securetransport.c:753:11: warning: 'SSLSetEnableCertVerify' is deprecated: first deprecated in macOS 10.9 - No longer supported. Use Network.framework. [-Wdeprecated-declarations]
  753 |     ret = SSLSetEnableCertVerify(sys->p_context, false);
      |           ^
/Applications/Xcode.app/Contents/Developer/Platforms/MacOSX.platform/Developer/SDKs/MacOSX27.0.sdk/System/Library/Frameworks/Security.framework/Headers/SecureTransport.h:923:1: note: 'SSLSetEnableCertVerify' has been explicitly marked deprecated here
  923 | SSLSetEnableCertVerify          (SSLContextRef                  context,
      | ^
/Users/cam/Documents/Projects/ultima-iv-web/vlc-thumbs/work/upstream/vlc-master-story005/extras/package/macosx/../../../modules/misc/securetransport.c:885:11: warning: 'SecKeychainSearchCreateFromAttributes' is deprecated: first deprecated in macOS 10.7 - SecKeychainSearch is not supported [-Wdeprecated-declarations]
  885 |     ret = SecKeychainSearchCreateFromAttributes(NULL, kSecCertificateItemClass,
      |           ^
/Applications/Xcode.app/Contents/Developer/Platforms/MacOSX.platform/Developer/SDKs/MacOSX27.0.sdk/System/Library/Frameworks/Security.framework/Headers/SecKeychainSearch.h:60:10: note: 'SecKeychainSearchCreateFromAttributes' has been explicitly marked deprecated here
   60 | OSStatus SecKeychainSearchCreateFromAttributes(CFTypeRef __nullable keychainOrArray, SecItemClass itemClass, const SecKeychainAttributeList * __nullable attrList, SecKeychainSearchRef * __nonnull CF_RETURNS_RETAINED searchRef)
      |          ^
/Users/cam/Documents/Projects/ultima-iv-web/vlc-thumbs/work/upstream/vlc-master-story005/extras/package/macosx/../../../modules/misc/securetransport.c:893:11: warning: 'SecKeychainSearchCopyNext' is deprecated: first deprecated in macOS 10.7 - SecKeychainSearch is not supported [-Wdeprecated-declarations]
  893 |     ret = SecKeychainSearchCopyNext(searchReference, &itemRef);
      |           ^
/Applications/Xcode.app/Contents/Developer/Platforms/MacOSX.platform/Developer/SDKs/MacOSX27.0.sdk/System/Library/Frameworks/Security.framework/Headers/SecKeychainSearch.h:71:10: note: 'SecKeychainSearchCopyNext' has been explicitly marked deprecated here
   71 | OSStatus SecKeychainSearchCopyNext(SecKeychainSearchRef searchRef, SecKeychainItemRef * __nonnull CF_RETURNS_RETAINED itemRef)
      |          ^
/Users/cam/Documents/Projects/ultima-iv-web/vlc-thumbs/work/upstream/vlc-master-story005/extras/package/macosx/../../../modules/misc/securetransport.c:936:5: warning: 'CSSM_TP_APPLE_EVIDENCE_INFO' is deprecated: first deprecated in macOS 10.7 [-Wdeprecated-declarations]
  936 |     CSSM_TP_APPLE_EVIDENCE_INFO *status_chain;
      |     ^
/Applications/Xcode.app/Contents/Developer/Platforms/MacOSX.platform/Developer/SDKs/MacOSX27.0.sdk/System/Library/Frameworks/Security.framework/Headers/cssmapple.h:1109:3: note: 'CSSM_TP_APPLE_EVIDENCE_INFO' has been explicitly marked deprecated here
 1109 | } CSSM_TP_APPLE_EVIDENCE_INFO DEPRECATED_IN_MAC_OS_X_VERSION_10_7_AND_LATER;
      |   ^
/Users/cam/Documents/Projects/ultima-iv-web/vlc-thumbs/work/upstream/vlc-master-story005/extras/package/macosx/../../../modules/misc/securetransport.c:937:11: warning: 'SecTrustGetResult' is deprecated: first deprecated in macOS 10.7 [-Wdeprecated-declarations]
  937 |     ret = SecTrustGetResult(trust_ref, &status, &cert_chain, &status_chain);
      |           ^
/Applications/Xcode.app/Contents/Developer/Platforms/MacOSX.platform/Developer/SDKs/MacOSX27.0.sdk/System/Library/Frameworks/Security.framework/Headers/SecTrust.h:774:10: note: 'SecTrustGetResult' has been explicitly marked deprecated here
  774 | OSStatus SecTrustGetResult(SecTrustRef trustRef, SecTrustResultType * __nullable result,
      |          ^
  CC       mux/dummy.lo
  CC       mux/asf.lo
  CC       mux/avi.lo
5 warnings generated.
  CC       mux/mp4/mp4.lo
  CC       packetizer/hxxx_nal.lo
/Users/cam/Documents/Projects/ultima-iv-web/vlc-thumbs/work/upstream/vlc-master-story005/extras/package/macosx/../../../modules/mux/mp4/mp4.c:731:13: warning: 'vlc_fifo_Count' is deprecated [-Wdeprecated-declarations]
  731 |         if (block_FifoCount(p_input->p_fifo) > 0)
      |             ^
/Users/cam/Documents/Projects/ultima-iv-web/vlc-thumbs/work/upstream/vlc-master-story005/extras/package/macosx/../../../include/vlc_block.h:108:25: note: expanded from macro 'block_FifoCount'
  108 | #define block_FifoCount vlc_fifo_Count
      |                         ^
/Users/cam/Documents/Projects/ultima-iv-web/vlc-thumbs/work/upstream/vlc-master-story005/extras/package/macosx/../../../include/vlc_frame.h:876:10: note: 'vlc_fifo_Count' has been explicitly marked deprecated here
  876 | VLC_USED VLC_DEPRECATED
      |          ^
/Users/cam/Documents/Projects/ultima-iv-web/vlc-thumbs/work/upstream/vlc-master-story005/extras/package/macosx/../../../include/vlc_common.h:95:42: note: expanded from macro 'VLC_DEPRECATED'
   95 | #  define VLC_DEPRECATED  __attribute__((deprecated))
      |                                          ^
  CC       mux/extradata.lo
  CC       packetizer/av1_obu.lo
1 warning generated.
  CC       codec/hxxx_helper.lo
  CC       mux/mpjpeg.lo
  CC       mux/mpeg/pes.lo
  CC       mux/mpeg/repack.lo
  CC       mux/mpeg/ps.lo
  CC       mux/wav.lo
  CC       mux/libmux_ogg_plugin_la-ogg.lo
  CC       mux/mpeg/libmux_ts_plugin_la-pes.lo
  CC       mux/mpeg/libmux_ts_plugin_la-repack.lo
  CC       mux/mpeg/libmux_ts_plugin_la-csa.lo
  CC       mux/mpeg/libmux_ts_plugin_la-tables.lo
  CC       mux/mpeg/libmux_ts_plugin_la-tsutil.lo
  CC       mux/mpeg/libmux_ts_plugin_la-ts.lo
  CC       control/motionlib.lo
/Users/cam/Documents/Projects/ultima-iv-web/vlc-thumbs/work/upstream/vlc-master-story005/extras/package/macosx/../../../modules/mux/mpeg/ts.c:1032:9: warning: 'vlc_fifo_Count' is deprecated [-Wdeprecated-declarations]
 1032 |         block_FifoCount( p_input->p_fifo ) > 0 )
      |         ^
/Users/cam/Documents/Projects/ultima-iv-web/vlc-thumbs/work/upstream/vlc-master-story005/extras/package/macosx/../../../include/vlc_block.h:108:25: note: expanded from macro 'block_FifoCount'
  108 | #define block_FifoCount vlc_fifo_Count
      |                         ^
/Users/cam/Documents/Projects/ultima-iv-web/vlc-thumbs/work/upstream/vlc-master-story005/extras/package/macosx/../../../include/vlc_frame.h:876:10: note: 'vlc_fifo_Count' has been explicitly marked deprecated here
  876 | VLC_USED VLC_DEPRECATED
      |          ^
/Users/cam/Documents/Projects/ultima-iv-web/vlc-thumbs/work/upstream/vlc-master-story005/extras/package/macosx/../../../include/vlc_common.h:95:42: note: expanded from macro 'VLC_DEPRECATED'
   95 | #  define VLC_DEPRECATED  __attribute__((deprecated))
      |                                          ^
/Users/cam/Documents/Projects/ultima-iv-web/vlc-thumbs/work/upstream/vlc-master-story005/extras/package/macosx/../../../modules/mux/mpeg/ts.c:1195:13: warning: 'vlc_fifo_Count' is deprecated [-Wdeprecated-declarations]
 1195 |         if( block_FifoCount( p_input->p_fifo ) <= 1 )
      |             ^
/Users/cam/Documents/Projects/ultima-iv-web/vlc-thumbs/work/upstream/vlc-master-story005/extras/package/macosx/../../../include/vlc_block.h:108:25: note: expanded from macro 'block_FifoCount'
  108 | #define block_FifoCount vlc_fifo_Count
      |                         ^
/Users/cam/Documents/Projects/ultima-iv-web/vlc-thumbs/work/upstream/vlc-master-story005/extras/package/macosx/../../../include/vlc_frame.h:876:10: note: 'vlc_fifo_Count' has been explicitly marked deprecated here
  876 | VLC_USED VLC_DEPRECATED
      |          ^
/Users/cam/Documents/Projects/ultima-iv-web/vlc-thumbs/work/upstream/vlc-master-story005/extras/package/macosx/../../../include/vlc_common.h:95:42: note: expanded from macro 'VLC_DEPRECATED'
   95 | #  define VLC_DEPRECATED  __attribute__((deprecated))
      |                                          ^
/Users/cam/Documents/Projects/ultima-iv-web/vlc-thumbs/work/upstream/vlc-master-story005/extras/package/macosx/../../../modules/mux/mpeg/ts.c:1202:22: warning: 'vlc_fifo_Count' is deprecated [-Wdeprecated-declarations]
 1202 |             else if( block_FifoCount( p_input->p_fifo ) <= 0 )
      |                      ^
/Users/cam/Documents/Projects/ultima-iv-web/vlc-thumbs/work/upstream/vlc-master-story005/extras/package/macosx/../../../include/vlc_block.h:108:25: note: expanded from macro 'block_FifoCount'
  108 | #define block_FifoCount vlc_fifo_Count
      |                         ^
/Users/cam/Documents/Projects/ultima-iv-web/vlc-thumbs/work/upstream/vlc-master-story005/extras/package/macosx/../../../include/vlc_frame.h:876:10: note: 'vlc_fifo_Count' has been explicitly marked deprecated here
  876 | VLC_USED VLC_DEPRECATED
      |          ^
/Users/cam/Documents/Projects/ultima-iv-web/vlc-thumbs/work/upstream/vlc-master-story005/extras/package/macosx/../../../include/vlc_common.h:95:42: note: expanded from macro 'VLC_DEPRECATED'
   95 | #  define VLC_DEPRECATED  __attribute__((deprecated))
      |                                          ^
/Users/cam/Documents/Projects/ultima-iv-web/vlc-thumbs/work/upstream/vlc-master-story005/extras/package/macosx/../../../modules/mux/mpeg/ts.c:1266:21: warning: 'vlc_fifo_Count' is deprecated [-Wdeprecated-declarations]
 1266 |                     block_FifoCount( p_mux->pp_inputs[j]->p_fifo) > 0 )
      |                     ^
/Users/cam/Documents/Projects/ultima-iv-web/vlc-thumbs/work/upstream/vlc-master-story005/extras/package/macosx/../../../include/vlc_block.h:108:25: note: expanded from macro 'block_FifoCount'
  108 | #define block_FifoCount vlc_fifo_Count
      |                         ^
/Users/cam/Documents/Projects/ultima-iv-web/vlc-thumbs/work/upstream/vlc-master-story005/extras/package/macosx/../../../include/vlc_frame.h:876:10: note: 'vlc_fifo_Count' has been explicitly marked deprecated here
  876 | VLC_USED VLC_DEPRECATED
      |          ^
/Users/cam/Documents/Projects/ultima-iv-web/vlc-thumbs/work/upstream/vlc-master-story005/extras/package/macosx/../../../include/vlc_common.h:95:42: note: expanded from macro 'VLC_DEPRECATED'
   95 | #  define VL  CC       codec/hxxx_helper_testdec.lo
C_DEPRECATED  __attribute__((deprecated))
      |                                          ^
  CC       demux/libdemux_mock_plugin_la-mock.lo
  CC       video_output/opengl/libglfilter_mock_plugin_la-filter_mock.lo
4 warnings generated.
  CC       packetizer/av1.lo
  CC       packetizer/mpegvideo.lo
  CC       packetizer/mpeg4video.lo
  CC       packetizer/mjpeg.lo
  CC       packetizer/mpeg4audio.lo
  CC       packetizer/mpegaudio.lo
  CC       packetizer/h264_slice.lo
  CC       packetizer/h264.lo
  CC       packetizer/hxxx_sei.lo
  CC       packetizer/hxxx_common.lo
  CC       packetizer/h266.lo
  CC       packetizer/vc1.lo
  CC       packetizer/hevc.lo
  CC       packetizer/mlp.lo
  CC       packetizer/flac.lo
  CC       packetizer/copy.lo
  CC       packetizer/a52.lo
  CC       packetizer/dts.lo
  CC       access/rtp/ac3.lo
  CC       access/rtp/mpeg12.lo
  CC       access/rtp/mpeg4.lo
  CC       access/rtp/librtp_pcm_plugin_la-pcm.lo
  CC       access/rtp/raw.lo
  CC       access/rtp/h264.lo
  CC       access/rtp/h265.lo
  CC       access/rtp/opus.lo
  CC       access/rtp/xiph.lo
  CC       access/rtp/libsap_plugin_la-sdp.lo
  OBJC     services_discovery/libbonjour_plugin_la-bonjour.lo
  CC       stream_out/dummy.lo
  CC       stream_out/cycle.lo
  CC       stream_out/delay.lo
  CC       stream_out/stats.lo
  CC       stream_out/libstream_out_standard_plugin_la-standard.lo
  CC       stream_out/duplicate.lo
  CC       stream_out/es.lo
  CC       stream_out/display.lo
  CC       stream_out/gather.lo
  CC       stream_out/bridge.lo
  CC       stream_out/mosaic_bridge.lo
  CC       stream_out/autodel.lo
  CC       stream_out/record.lo
  CC       stream_out/smem.lo
  CC       stream_out/setid.lo
  CC       stream_out/trace.lo
/Users/cam/Documents/Projects/ultima-iv-web/vlc-thumbs/work/upstream/vlc-master-story005/extras/package/macosx/../../../modules/stream_out/record.c:489:24: warning: 'tempnam' is deprecated: This function is provided for compatibility reasons only.  Due to security concerns inherent in the design of tempnam(3), it is highly recommended that you use mkstemp(3) instead. [-Wdeprecated-declarations]
  489 |             psz_file = tempnam( NULL, "vlc" );
      |                        ^
/Applications/Xcode.app/Contents/Developer/Platforms/MacOSX.platform/Developer/SDKs/MacOSX27.0.sdk/usr/include/_stdio.h:407:1: note: 'tempnam' has been explicitly marked deprecated here
  407 | __deprecated_msg("This function is provided for compatibility reasons only.  Due to security concerns inherent in the design of tempnam(3), it is highly recommended that you use mkstemp(3) instead.")
      | ^
/Applications/Xcode.app/Contents/Developer/Platforms/MacOSX.platform/Developer/SDKs/MacOSX27.0.sdk/usr/include/sys/cdefs.h:227:48: note: expanded from macro '__deprecated_msg'
  227 |         #define __deprecated_msg(_msg) __attribute__((__deprecated__(_msg)))
      |                                                       ^
1 warning generated.
  CC       stream_out/sdp_helper.lo
  CC       stream_out/udp.lo
  CC       stream_out/libstream_out_rtp_plugin_la-sdp_helper.lo
  CC       stream_out/libstream_out_rtp_plugin_la-rtp.lo
  CC       stream_out/libstream_out_rtp_plugin_la-rtcp.lo
  CC       stream_out/libstream_out_rtp_plugin_la-rtpfmt.lo
  CC       stream_out/libstream_out_rtp_plugin_la-rtsp.lo
  CC       stream_out/libstream_out_chromaprint_plugin_la-chromaprint.lo
  CXX      stream_out/chromecast/libstream_out_chromecast_plugin_la-cast.lo
In file included from /Users/cam/Documents/Projects/ultima-iv-web/vlc-thumbs/work/upstream/vlc-master-story005/extras/package/macosx/../../../modules/stream_out/chromecast/cast.cpp:30:
In file included from ../config.h:896:
In file included from /Users/cam/Documents/Projects/ultima-iv-web/vlc-thumbs/work/upstream/vlc-master-story005/extras/package/macosx/../../../include/vlc_fixups.h:166:
In file included from /Applications/Xcode.app/Contents/Developer/Platforms/MacOSX.platform/Developer/SDKs/MacOSX27.0.sdk/usr/include/c++/v1/stddef.h:30:
In file included from /Applications/Xcode.app/Contents/Developer/Platforms/MacOSX.platform/Developer/SDKs/MacOSX27.0.sdk/usr/include/c++/v1/__config:15:
/Applications/Xcode.app/Contents/Developer/Platforms/MacOSX.platform/Developer/SDKs/MacOSX27.0.sdk/usr/include/c++/v1/__configuration/availability.h:204:4: warning: "The selected platform is no longer supported by libc++." [-W#warnings]
  204 | #  warning "The selected platform is no longer supported by libc++."
      |    ^
  CXX      stream_out/libstream_out_chromecast_plugin_la-renderer_common.lo
  CXX      stream_out/chromecast/libstream_out_chromecast_plugin_la-chromecast_ctrl.lo
In file included from /Users/cam/Documents/Projects/ultima-iv-web/vlc-thumbs/work/upstream/vlc-master-story005/extras/package/macosx/../../../modules/stream_out/renderer_common.cpp:27:
In file included from ../config.h:896:
In file included from /Users/cam/Documents/Projects/ultima-iv-web/vlc-thumbs/work/upstream/vlc-master-story005/extras/package/macosx/../../../include/vlc_fixups.h:166:
In file included from /Applications/Xcode.app/Contents/Developer/Platforms/MacOSX.platform/Developer/SDKs/MacOSX27.0.sdk/usr/include/c++/v1/stddef.h:30:
In file included from /Applications/Xcode.app/Contents/Developer/Platforms/MacOSX.platform/Developer/SDKs/MacOSX27.0.sdk/usr/include/c++/v1/__config:15:
/Applications/Xcode.app/Contents/Developer/Platforms/MacOSX.platform/Developer/SDKs/MacOSX27.0.sdk/usr/include/c++/v1/__configuration/availability.h:204:4: warning: "The selected platform is no longer supported by libc++." [-W#warnings]
  204 | #  warning "The selected platform is no longer supported by libc++."
      |    ^
In file included from /Users/cam/Documents/Projects/ultima-iv-web/vlc-thumbs/work/upstream/vlc-master-story005/extras/package/macosx/../../../modules/stream_out/chromecast/chromecast_ctrl.cpp:31:
In file included from ../config.h:896:
In file included from /Users/cam/Documents/Projects/ultima-iv-web/vlc-thumbs/work/upstream/vlc-master-story005/extras/package/macosx/../../../include/vlc_fixups.h:166:
In file included from /Applications/Xcode.app/Contents/Developer/Platforms/MacOSX.platform/Developer/SDKs/MacOSX27.0.sdk/usr/include/c++/v1/stddef.h:30:
In file included from /Applications/Xcode.app/Contents/Developer/Platforms/MacOSX.platform/Developer/SDKs/MacOSX27.0.sdk/usr/include/c++/v1/__config:15:
/Applications/Xcode.app/Contents/Developer/Platforms/MacOSX.platform/Developer/SDKs/MacOSX27.0.sdk/usr/include/c++/v1/__configuration/availability.h:204:4: warning: "The selected platform is no longer supported by libc++." [-W#warnings]
  204 | #  warning "The selected platform is no longer supported by libc++."
      |    ^
  CXX      stream_out/chromecast/libstream_out_chromecast_plugin_la-chromecast_communication.lo
In file included from /Users/cam/Documents/Projects/ultima-iv-web/vlc-thumbs/work/upstream/vlc-master-story005/extras/package/macosx/../../../modules/stream_out/chromecast/chromecast_communication.cpp:27:
In file included from ../config.h:896:
In file included from /Users/cam/Documents/Projects/ultima-iv-web/vlc-thumbs/work/upstream/vlc-master-story005/extras/package/macosx/../../../include/vlc_fixups.h:166:
In file included from /Applications/Xcode.app/Contents/Developer/Platforms/MacOSX.platform/Developer/SDKs/MacOSX27.0.sdk/usr/include/c++/v1/stddef.h:30:
In file included from /Applications/Xcode.app/Contents/Developer/Platforms/MacOSX.platform/Developer/SDKs/MacOSX27.0.sdk/usr/include/c++/v1/__config:15:
/Applications/Xcode.app/Contents/Developer/Platforms/MacOSX.platform/Developer/SDKs/MacOSX27.0.sdk/usr/include/c++/v1/__configuration/availability.h:204:4: warning: "The selected platform is no longer supported by libc++." [-W#warnings]
  204 | #  warning "The selected platform is no longer supported by libc++."
      |    ^
In file included from /Users/cam/Documents/Projects/ultima-iv-web/vlc-thumbs/work/upstream/vlc-master-story005/extras/package/macosx/../../../modules/stream_out/chromecast/cast.cpp:34:
In file included from /Users/cam/Documents/Projects/ultima-iv-web/vlc-thumbs/work/upstream/vlc-master-story005/extras/package/macosx/../../../modules/stream_out/chromecast/chromecast.h:47:
In file included from stream_out/chromecast/3.21.1/cast_channel.pb.h:23:
In file included from /Users/cam/Documents/Projects/ultima-iv-web/vlc-thumbs/work/story005-master-baseline/contrib/aarch64-apple-darwin19/include/google/protobuf/io/coded_stream.h:134:
/Users/cam/Documents/Projects/ultima-iv-web/vlc-thumbs/work/story005-master-baseline/contrib/aarch64-apple-darwin19/include/google/protobuf/port.h:46:41: warning: unused parameter 'size' [-Wunused-parameter]
   46 | inline void SizedDelete(void* p, size_t size) {
      |                                         ^
/Users/cam/Documents/Projects/ultima-iv-web/vlc-thumbs/work/story005-master-baseline/contrib/aarch64-apple-darwin19/include/google/protobuf/port.h:53:46: warning: unused parameter 'size' [-Wunused-parameter]
   53 | inline void SizedArrayDelete(void* p, size_t size) {
      |                                              ^
In file included from /Users/cam/Documents/Projects/ultima-iv-web/vlc-thumbs/work/upstream/vlc-master-story005/extras/package/macosx/../../../modules/stream_out/chromecast/cast.cpp:34:
In file included from /Users/cam/Documents/Projects/ultima-iv-web/vlc-thumbs/work/upstream/vlc-master-story005/extras/package/macosx/../../../modules/stream_out/chromecast/chromecast.h:47:
In file included from stream_out/chromecast/3.21.1/cast_channel.pb.h:30:
In file included from /Users/cam/Documents/Projects/ultima-iv-web/vlc-thumbs/work/story005-master-baseline/contrib/aarch64-apple-darwin19/include/google/protobuf/extension_set.h:53:
In file included from /Users/cam/Documents/Projects/ultima-iv-web/vlc-thumbs/work/story005-master-baseline/contrib/aarch64-apple-darwin19/include/google/protobuf/parse_context.h:47:
/Users/cam/Documents/Projects/ultima-iv-web/vlc-thumbs/work/story005-master-baseline/contrib/aarch64-apple-darwin19/include/google/protobuf/inlined_string_field.h:430:5: warning: 'GOOGLE_PROTOBUF_INTERNAL_DONATE_STEAL_INLINE' is not defined, evaluates to 0 [-Wundef]
  430 | #if GOOGLE_PROTOBUF_INTERNAL_DONATE_STEAL_INLINE
      |     ^
In file included from /Users/cam/Documents/Projects/ultima-iv-web/vlc-thumbs/work/upstream/vlc-master-story005/extras/package/macosx/../../../modules/stream_out/chromecast/cast.cpp:34:
In file included from /Users/cam/Documents/Projects/ultima-iv-web/vlc-thumbs/work/upstream/vlc-master-story005/extras/package/macosx/../../../modules/stream_out/chromecast/chromecast.h:47:
In file included from stream_out/chromecast/3.21.1/cast_channel.pb.h:30:
/Users/cam/Documents/Projects/ultima-iv-web/vlc-thumbs/work/story005-master-baseline/contrib/aarch64-apple-darwin19/include/google/protobuf/extension_set.h:1264:46: warning: unused parameter 'fn' [-Wunused-parameter]
 1264 |                        LazyEagerVerifyFnType fn) {
      |                                              ^
/Users/cam/Documents/Projects/ultima-iv-web/vlc-thumbs/work/story005-master-baseline/contrib/aarch64-apple-darwin19/include/google/protobuf/extension_set.h:1330:46: warning: unused parameter 'fn' [-Wunused-parameter]
 1330 |                        LazyEagerVerifyFnType fn) {
      |                                              ^
In file included from /Users/cam/Documents/Projects/ultima-iv-web/vlc-thumbs/work/upstream/vlc-master-story005/extras/package/macosx/../../../modules/stream_out/chromecast/chromecast_ctrl.cpp:34:
In file included from /Users/cam/Documents/Projects/ultima-iv-web/vlc-thumbs/work/upstream/vlc-master-story005/extras/package/macosx/../../../modules/stream_out/chromecast/chromecast.h:47:
In file included from stream_out/chromecast/3.21.1/cast_channel.pb.h:23:
In file included from /Users/cam/Documents/Projects/ultima-iv-web/vlc-thumbs/work/story005-master-baseline/contrib/aarch64-apple-darwin19/include/google/protobuf/io/coded_stream.h:134:
/Users/cam/Documents/Projects/ultima-iv-web/vlc-thumbs/work/story005-master-baseline/contrib/aarch64-apple-darwin19/include/google/protobuf/port.h:46:41: warning: unused parameter 'size' [-Wunused-parameter]
   46 | inline void SizedDelete(void* p, size_t size) {
      |                                         ^
/Users/cam/Documents/Projects/ultima-iv-web/vlc-thumbs/work/story005-master-baseline/contrib/aarch64-apple-darwin19/include/google/protobuf/port.h:53:46: warning: unused parameter 'size' [-Wunused-parameter]
   53 | inline void SizedArrayDelete(void* p, size_t size) {
      |                                              ^
In file included from /Users/cam/Documents/Projects/ultima-iv-web/vlc-thumbs/work/upstream/vlc-master-story005/extras/package/macosx/../../../modules/stream_out/chromecast/chromecast_ctrl.cpp:34:
In file included from /Users/cam/Documents/Projects/ultima-iv-web/vlc-thumbs/work/upstream/vlc-master-story005/extras/package/macosx/../../../modules/stream_out/chromecast/chromecast.h:47:
In file included from stream_out/chromecast/3.21.1/cast_channel.pb.h:30:
In file included from /Users/cam/Documents/Projects/ultima-iv-web/vlc-thumbs/work/story005-master-baseline/contrib/aarch64-apple-darwin19/include/google/protobuf/extension_set.h:53:
In file included from /Users/cam/Documents/Projects/ultima-iv-web/vlc-thumbs/work/story005-master-baseline/contrib/aarch64-apple-darwin19/include/google/protobuf/parse_context.h:47:
/Users/cam/Documents/Projects/ultima-iv-web/vlc-thumbs/work/story005-master-baseline/contrib/aarch64-apple-darwin19/include/google/protobuf/inlined_string_field.h:430:5: warning: 'GOOGLE_PROTOBUF_INTERNAL_DONATE_STEAL_INLINE' is not defined, evaluates to 0 [-Wundef]
  430 | #if GOOGLE_PROTOBUF_INTERNAL_DONATE_STEAL_INLINE
      |     ^
In file included from /Users/cam/Documents/Projects/ultima-iv-web/vlc-thumbs/work/upstream/vlc-master-story005/extras/package/macosx/../../../modules/stream_out/chromecast/chromecast_ctrl.cpp:34:
In file included from /Users/cam/Documents/Projects/ultima-iv-web/vlc-thumbs/work/upstream/vlc-master-story005/extras/package/macosx/../../../modules/stream_out/chromecast/chromecast.h:47:
In file included from stream_out/chromecast/3.21.1/cast_channel.pb.h:30:
/Users/cam/Documents/Projects/ultima-iv-web/vlc-thumbs/work/story005-master-baseline/contrib/aarch64-apple-darwin19/include/google/protobuf/extension_set.h:1264:46: warning: unused parameter 'fn' [-Wunused-parameter]
 1264 |                        LazyEagerVerifyFnType fn) {
      |                                              ^
/Users/cam/Documents/Projects/ultima-iv-web/vlc-thumbs/work/story005-master-baseline/contrib/aarch64-apple-darwin19/include/google/protobuf/extension_set.h:1330:46: warning: unused parameter 'fn' [-Wunused-parameter]
 1330 |                        LazyEagerVerifyFnType fn) {
      |                                              ^
In file included from /Users/cam/Documents/Projects/ultima-iv-web/vlc-thumbs/work/upstream/vlc-master-story005/extras/package/macosx/../../../modules/stream_out/chromecast/chromecast_communication.cpp:30:
In file included from /Users/cam/Documents/Projects/ultima-iv-web/vlc-thumbs/work/upstream/vlc-master-story005/extras/package/macosx/../../../modules/stream_out/chromecast/chromecast.h:47:
In file included from stream_out/chromecast/3.21.1/cast_channel.pb.h:23:
In file included from /Users/cam/Documents/Projects/ultima-iv-web/vlc-thumbs/work/story005-master-baseline/contrib/aarch64-apple-darwin19/include/google/protobuf/io/coded_stream.h:134:
/Users/cam/Documents/Projects/ultima-iv-web/vlc-thumbs/work/story005-master-baseline/contrib/aarch64-apple-darwin19/include/google/protobuf/port.h:46:41: warning: unused parameter 'size' [-Wunused-parameter]
   46 | inline void SizedDelete(void* p, size_t size) {
      |                                         ^
/Users/cam/Documents/Projects/ultima-iv-web/vlc-thumbs/work/story005-master-baseline/contrib/aarch64-apple-darwin19/include/google/protobuf/port.h:53:46: warning: unused parameter 'size' [-Wunused-parameter]
   53 | inline void SizedArrayDelete(void* p, size_t size) {
      |                                              ^
In file included from /Users/cam/Documents/Projects/ultima-iv-web/vlc-thumbs/work/upstream/vlc-master-story005/extras/package/macosx/../../../modules/stream_out/chromecast/chromecast_communication.cpp:30:
In file included from /Users/cam/Documents/Projects/ultima-iv-web/vlc-thumbs/work/upstream/vlc-master-story005/extras/package/macosx/../../../modules/stream_out/chromecast/chromecast.h:47:
In file included from stream_out/chromecast/3.21.1/cast_channel.pb.h:30:
In file included from /Users/cam/Documents/Projects/ultima-iv-web/vlc-thumbs/work/story005-master-baseline/contrib/aarch64-apple-darwin19/include/google/protobuf/extension_set.h:53:
In file included from /Users/cam/Documents/Projects/ultima-iv-web/vlc-thumbs/work/story005-master-baseline/contrib/aarch64-apple-darwin19/include/google/protobuf/parse_context.h:47:
/Users/cam/Documents/Projects/ultima-iv-web/vlc-thumbs/work/story005-master-baseline/contrib/aarch64-apple-darwin19/include/google/protobuf/inlined_string_field.h:430:5: warning: 'GOOGLE_PROTOBUF_INTERNAL_DONATE_STEAL_INLINE' is not defined, evaluates to 0 [-Wundef]
  430 | #if GOOGLE_PROTOBUF_INTERNAL_DONATE_STEAL_INLINE
      |     ^
In file included from /Users/cam/Documents/Projects/ultima-iv-web/vlc-thumbs/work/upstream/vlc-master-story005/extras/package/macosx/../../../modules/stream_out/chromecast/chromecast_communication.cpp:30:
In file included from /Users/cam/Documents/Projects/ultima-iv-web/vlc-thumbs/work/upstream/vlc-master-story005/extras/package/macosx/../../../modules/stream_out/chromecast/chromecast.h:47:
In file included from stream_out/chromecast/3.21.1/cast_channel.pb.h:30:
/Users/cam/Documents/Projects/ultima-iv-web/vlc-thumbs/work/story005-master-baseline/contrib/aarch64-apple-darwin19/include/google/protobuf/extension_set.h:1264:46: warning: unused parameter 'fn' [-Wunused-parameter]
 1264 |                        LazyEagerVerifyFnType fn) {
      |                                              ^
/Users/cam/Documents/Projects/ultima-iv-web/vlc-thumbs/work/story005-master-baseline/contrib/aarch64-apple-darwin19/include/google/protobuf/extension_set.h:1330:46: warning: unused parameter 'fn' [-Wunused-parameter]
 1330 |                        LazyEagerVerifyFnType fn) {
      |                                              ^
1 warning generated.
6 warnings generated.
  CC       stream_filter/record.lo
  CC       stream_filter/adf.lo
6 warnings generated.
  CC       stream_filter/skiptags.lo
6 warnings generated.
  OBJC     text_renderer/nsspeechsynthesizer.lo
  CC       video_filter/rotate.lo
  CC       video_filter/dither.lo
  OBJC     video_filter/libci_filters_plugin_la-ci_filters.lo
/Users/cam/Documents/Projects/ultima-iv-web/vlc-thumbs/work/upstream/vlc-master-story005/extras/package/macosx/../../../modules/video_filter/dither.c:118:40: warning: result of comparison of constant 12297829382473034410 with expression of type 'unsigned int' is always false [-Wtautological-constant-out-of-range-compare]
  118 |     if( p_filter->fmt_in.video.i_width > SIZE_MAX / 3 * 2 )
      |         ~~~~~~~~~~~~~~~~~~~~~~~~~~~~~~ ^ ~~~~~~~~~~~~~~~~
/Users/cam/Documents/Projects/ultima-iv-web/vlc-thumbs/work/upstream/vlc-master-story005/extras/package/macosx/../../../modules/video_filter/dither.c:380:20: warning: unused function 'read_yuv' [-Wunused-function]
  380 | static inline void read_yuv( const picture_t *p_pic, const unsigned int i_x, const unsigned int i_y, int *p_r, int *p_g, int *p_b )
      |                    ^~~~~~~~
/Users/cam/Documents/Projects/ultima-iv-web/vlc-thumbs/work/upstream/vlc-master-story005/extras/package/macosx/../../../modules/video_filter/dither.c:399:20: warning: unused function 'write_yuv' [-Wunused-function]
  399 | static inline void write_yuv( picture_t *p_pic, const unsigned int i_x, const unsigned int i_y, const int i_r, const int i_g, const int i_b )
      |                    ^~~~~~~~~
  CC       video_filter/libopengl_filter_plugin_la-opengl.lo
3 warnings generated.
  CC       video_filter/deinterlace/libdeinterlace_plugin_la-deinterlace.lo
  CC       video_filter/deinterlace/libdeinterlace_plugin_la-merge.lo
  CC       video_filter/deinterlace/libdeinterlace_plugin_la-helpers.lo
  CC       video_filter/deinterlace/libdeinterlace_plugin_la-algo_basic.lo
  CC       video_filter/deinterlace/libdeinterlace_plugin_la-algo_x.lo
  CC       video_filter/deinterlace/libdeinterlace_plugin_la-algo_yadif.lo
  CC       video_filter/deinterlace/libdeinterlace_plugin_la-algo_phosphor.lo
/Users/cam/Documents/Projects/ultima-iv-web/vlc-thumbs/work/upstream/vlc-master-story005/extras/package/macosx/../../../modules/text_renderer/nsspeechsynthesizer.m:53:5: warning: 'NSSpeechSynthesizer' is deprecated: first deprecated in macOS 14.0 - Use AVSpeechSynthesizer in AVFoundation instead [-Wdeprecated-declarations]
   53 |     NSSpeechSynthesizer *speechSynthesizer;
      |     ^
/Applications/Xcode.app/Contents/Developer/Platforms/MacOSX.platform/Developer/SDKs/MacOSX27.0.sdk/System/Library/Frameworks/AppKit.framework/Headers/NSSpeechSynthesizer.h:81:12: note: 'NSSpeechSynthesizer' has been explicitly marked deprecated here
   81 | @interface NSSpeechSynthesizer : NSObject
      |            ^
/Users/cam/Documents/Projects/ultima-iv-web/vlc-thumbs/work/upstream/vlc-master-story005/extras/package/macosx/../../../modules/text_renderer/nsspeechsynthesizer.m:71:54: warning: 'NSSpeechSynthesizer' is deprecated: first deprecated in macOS 14.0 - Use AVSpeechSynthesizer in AVFoundation instead [-Wdeprecated-declarations]
   71 |     p_sys->speechSynthesizer = [[NSSpeechSynthesizer alloc] init];
      |                                                      ^
/Applications/Xcode.app/Contents/Developer/Platforms/MacOSX.platform/Developer/SDKs/MacOSX27.0.sdk/System/Library/Frameworks/AppKit.framework/Headers/NSSpeechSynthesizer.h:81:12: note: 'NSSpeechSynthesizer' has been explicitly marked deprecated here
   81 | @interface NSSpeechSynthesizer : NSObject
      |            ^
/Users/cam/Documents/Projects/ultima-iv-web/vlc-thumbs/work/upstream/vlc-master-story005/extras/package/macosx/../../../modules/text_renderer/nsspeechsynthesizer.m:82:31: warning: 'stopSpeaking' is deprecated: first deprecated in macOS 14.0 - Use AVSpeechSynthesizer in AVFoundation instead [-Wdeprecated-declarations]
   82 |     [p_sys->speechSynthesizer stopSpeaking];
      |                               ^
/Applications/Xcode.app/Contents/Developer/Platforms/MacOSX.platform/Developer/SDKs/MacOSX27.0.sdk/System/Library/Frameworks/AppKit.framework/Headers/NSSpeechSynthesizer.h:89:1: note: 'stopSpeaking' has been explicitly marked deprecated here
   89 | - (void)stopSpeaking;
      | ^
/Users/cam/Documents/Projects/ultima-iv-web/vlc-thumbs/work/upstream/vlc-master-story005/extras/package/macosx/../../../modules/text_renderer/nsspeechsynthesizer.m:131:60: warning: 'NSSpeechSynthesizer' is deprecated: first deprecated in macOS 14.0 - Use AVSpeechSynthesizer in AVFoundation instead [-Wdeprecated-declarations]
  131 |                     NSArray *voices = [NSSpeechSynthesizer availableVoices];
      |                                                            ^
/Applications/Xcode.app/Contents/Developer/Platforms/MacOSX.platform/Developer/SDKs/MacOSX27.0.sdk/System/Library/Frameworks/AppKit.framework/Headers/NSSpeechSynthesizer.h:81:12: note: 'NSSpeechSynthesizer' has been explicitly marked deprecated here
   81 | @interface NSSpeechSynthesizer : NSObject
      |            ^
/Users/cam/Documents/Projects/ultima-iv-web/vlc-thumbs/work/upstream/vlc-master-story005/extras/package/macosx/../../../modules/text_renderer/nsspeechsynthesizer.m:131:60: warning: 'availableVoices' is deprecated: first deprecated in macOS 14.0 - Use AVSpeechSynthesizer in AVFoundation instead [-Wdeprecated-declarations]
  131 |                     NSArray *voices = [NSSpeechSynthesizer availableVoices];
      |                                                            ^
/Applications/Xcode.app/Contents/Developer/Platforms/MacOSX.platform/Developer/SDKs/MacOSX27.0.sdk/System/Library/Frameworks/AppKit.framework/Headers/NSSpeechSynthesizer.h:109:74: note: property 'availableVoices' is declared deprecated here
  109 | @property (class, readonly, copy) NSArray<NSSpeechSynthesizerVoiceName> *availableVoices;
      |                                                                          ^
/Applications/Xcode.app/Contents/Developer/Platforms/MacOSX.platform/Developer/SDKs/MacOSX27.0.sdk/System/Library/Frameworks/AppKit.framework/Headers/NSSpeechSynthesizer.h:109:74: note: 'availableVoices' has been explicitly marked deprecated here
/Users/cam/Documents/Projects/ultima-iv-web/vlc-thumbs/work/upstream/vlc-master-story005/extras/package/macosx/../../../modules/text_renderer/nsspeechsynthesizer.m:136:78: warning: 'NSSpeechSynthesizer' is deprecated: first deprecated in macOS 14.0 - Use AVSpeechSynthesizer in AVFoundation instead [-Wdeprecated-declarations]
  136 |                         NSDictionary *voiceAttributes = [NSSpeechSynthesizer attributesForVoice: [voices objectAtIndex:i]];
      |                                                                              ^
/Applications/Xcode.app/Contents/Developer/Platforms/MacOSX.platform/Developer/SDKs/MacOSX27.0.sdk/System/Library/Frameworks/AppKit.framework/Headers/NSSpeechSynthesizer.h:81:12: note: 'NSSpeechSynthesizer' has been explicitly marked deprecated here
   81 | @interface NSSpeechSynthesizer : NSObject
      |            ^
/Users/cam/Documents/Projects/ultima-iv-web/vlc-thumbs/work/upstream/vlc-master-story005/extras/package/macosx/../../../modules/text_renderer/nsspeechsynthesizer.m:136:78: warning: 'attributesForVoice:' is deprecated: first deprecated in macOS 14.0 - Use AVSpeechSynthesizer in AVFoundation instead [-Wdeprecated-declarations]
  136 |                         NSDictionary *voiceAttributes = [NSSpeechSynthesizer attributesForVoice: [voices objectAtIndex:i]];
      |                                                                              ^
/Applications/Xcode.app/Contents/Developer/Platforms/MacOSX.platform/Developer/SDKs/MacOSX27.0.sdk/System/Library/Frameworks/AppKit.framework/Headers/NSSpeechSynthesizer.h:110:1: note: 'attributesForVoice:' has been explicitly marked deprecated here
  110 | + (NSDictionary<NSVoiceAttributeKey, id> *)attributesForVoice:(NSSpeechSynthesizerVoiceName)voice;
      | ^
/Users/cam/Documents/Projects/ultima-iv-web/vlc-thumbs/work/upstream/vlc-master-story005/extras/package/macosx/../../../modules/text_renderer/nsspeechsynthesizer.m:143:55: warning: 'setVoice:' is deprecated: first deprecated in macOS 14.0 - Use AVSpeechSynthesizer in AVFoundation instead [-Wdeprecated-declarations]
  143 |                             [p_sys->speechSynthesizer setVoice: [voices objectAtIndex:i]];
      |                                                       ^
/Applications/Xcode.app/Contents/Developer/Platforms/MacOSX.platform/Developer/SDKs/MacOSX27.0.sdk/System/Library/Frameworks/AppKit.framework/Headers/NSSpeechSynthesizer.h:96:1: note: 'setVoice:' has been explicitly marked deprecated here
   96 | - (BOOL)setVoice:(nullable NSSpeechSynthesizerVoiceName)voice;
      | ^
/Users/cam/Documents/Projects/ultima-iv-web/vlc-thumbs/work/upstream/vlc-master-story005/extras/package/macosx/../../../modules/text_renderer/nsspeechsynthesizer.m:150:39: warning: 'startSpeakingString:' is deprecated: first deprecated in macOS 14.0 - Use AVSpeechSynthesizer in AVFoundation instead [-Wdeprecated-declarations]
  150 |             [p_sys->speechSynthesizer startSpeakingString:stringToSpeech];
      |                                       ^
/Applications/Xcode.app/Contents/Developer/Platforms/MacOSX.platform/Developer/SDKs/MacOSX27.0.sdk/System/Library/Frameworks/AppKit.framework/Headers/NSSpeechSynthesizer.h:85:1: note: 'startSpeakingString:' has been explicitly marked deprecated here
   85 | - (BOOL)startSpeakingString:(NSString *)string;
      | ^
/Users/cam/Documents/Projects/ultima-iv-web/vlc-thumbs/work/upstream/vlc-master-story005/extras/package/macosx/../../../modules/text_renderer/nsspeechsynthesizer.m:101:43: warning: unused parameter 'p_chroma_list' [-Wunused-parameter]
  101 |                       const vlc_fourcc_t *p_chroma_list)
      |                                           ^
  CC       video_filter/deinterlace/libdeinterlace_plugin_la-algo_ivtc.lo
10 warnings generated.
  CC       video_filter/deinterlace/libglblend_plugin_la-glblend.lo
  CXX      video_filter/libopencv_wrapper_plugin_la-opencv_wrapper.lo
  CC       video_filter/libpostproc_plugin_la-postproc.lo
In file included from /Users/cam/Documents/Projects/ultima-iv-web/vlc-thumbs/work/upstream/vlc-master-story005/extras/package/macosx/../../../modules/video_filter/opencv_wrapper.cpp:30:
In file included from ../config.h:896:
In file included from /Users/cam/Documents/Projects/ultima-iv-web/vlc-thumbs/work/upstream/vlc-master-story005/extras/package/macosx/../../../include/vlc_fixups.h:166:
In file included from /Applications/Xcode.app/Contents/Developer/Platforms/MacOSX.platform/Developer/SDKs/MacOSX27.0.sdk/usr/include/c++/v1/stddef.h:30:
In file included from /Applications/Xcode.app/Contents/Developer/Platforms/MacOSX.platform/Developer/SDKs/MacOSX27.0.sdk/usr/include/c++/v1/__config:15:
/Applications/Xcode.app/Contents/Developer/Platforms/MacOSX.platform/Developer/SDKs/MacOSX27.0.sdk/usr/include/c++/v1/__configuration/availability.h:204:4: warning: "The selected platform is no longer supported by libc++." [-W#warnings]
  204 | #  warning "The selected platform is no longer supported by libc++."
      |    ^
  CXX      video_filter/blend.lo
In file included from /Users/cam/Documents/Projects/ultima-iv-web/vlc-thumbs/work/upstream/vlc-master-story005/extras/package/macosx/../../../modules/video_filter/blend.cpp:27:
In file included from ../config.h:896:
In file included from /Users/cam/Documents/Projects/ultima-iv-web/vlc-thumbs/work/upstream/vlc-master-story005/extras/package/macosx/../../../include/vlc_fixups.h:166:
In file included from /Applications/Xcode.app/Contents/Developer/Platforms/MacOSX.platform/Developer/SDKs/MacOSX27.0.sdk/usr/include/c++/v1/stddef.h:30:
In file included from /Applications/Xcode.app/Contents/Developer/Platforms/MacOSX.platform/Developer/SDKs/MacOSX27.0.sdk/usr/include/c++/v1/__config:15:
/Applications/Xcode.app/Contents/Developer/Platforms/MacOSX.platform/Developer/SDKs/MacOSX27.0.sdk/usr/include/c++/v1/__configuration/availability.h:204:4: warning: "The selected platform is no longer supported by libc++." [-W#warnings]
  204 | #  warning "The selected platform is no longer supported by libc++."
      |    ^
  CXX      video_filter/libopencv_example_plugin_la-opencv_example.lo
  CC       video_filter/libgladjust_plugin_la-gladjust.lo
In file included from /Users/cam/Documents/Projects/ultima-iv-web/vlc-thumbs/work/upstream/vlc-master-story005/extras/package/macosx/../../../modules/video_filter/opencv_example.cpp:32:
In file included from ../config.h:896:
In file included from /Users/cam/Documents/Projects/ultima-iv-web/vlc-thumbs/work/upstream/vlc-master-story005/extras/package/macosx/../../../include/vlc_fixups.h:166:
In file included from /Applications/Xcode.app/Contents/Developer/Platforms/MacOSX.platform/Developer/SDKs/MacOSX27.0.sdk/usr/include/c++/v1/stddef.h:30:
In file included from /Applications/Xcode.app/Contents/Developer/Platforms/MacOSX.platform/Developer/SDKs/MacOSX27.0.sdk/usr/include/c++/v1/__config:15:
/Applications/Xcode.app/Contents/Developer/Platforms/MacOSX.platform/Developer/SDKs/MacOSX27.0.sdk/usr/include/c++/v1/__configuration/availability.h:204:4: warning: "The selected platform is no longer supported by libc++." [-W#warnings]
  204 | #  warning "The selected platform is no longer supported by libc++."
      |    ^
  CC       video_output/opengl/libpl_scale_plugin_la-pl_scale.lo
/Users/cam/Documents/Projects/ultima-iv-web/vlc-thumbs/work/upstream/vlc-master-story005/extras/package/macosx/../../../modules/video_output/opengl/pl_scale.c:190:28: warning: passing 'int32_t[5]' (aka 'int[5]') to parameter of type 'const uint32_t *' (aka 'const unsigned int *') converts between pointers to integer types with different sign [-Wpointer-sign]
  190 |                            sampler->tex_widths, sampler->tex_heights,
      |                            ^~~~~~~~~~~~~~~~~~~
/Users/cam/Documents/Projects/ultima-iv-web/vlc-thumbs/work/upstream/vlc-master-story005/extras/package/macosx/../../../modules/video_output/opengl/pl_scale.c:83:29: note: passing argument to parameter 'tex_widths' here
   83 |              const uint32_t tex_widths[], const uint32_t tex_heights[],
      |                             ^
/Users/cam/Documents/Projects/ultima-iv-web/vlc-thumbs/work/upstream/vlc-master-story005/extras/package/macosx/../../../modules/video_output/opengl/pl_scale.c:190:49: warning: passing 'int32_t[5]' (aka 'int[5]') to parameter of type 'const uint32_t *' (aka 'const unsigned int *') converts between pointers to integer types with different sign [-Wpointer-sign]
  190 |                            sampler->tex_widths, sampler->tex_heights,
      |                                                 ^~~~~~~~~~~~~~~~~~~~
/Users/cam/Documents/Projects/ultima-iv-web/vlc-thumbs/work/upstream/vlc-master-story005/extras/package/macosx/../../../modules/video_output/opengl/pl_scale.c:83:58: note: passing argument to parameter 'tex_heights' here
   83 |              const uint32_t tex_widths[], const uint32_t tex_heights[],
      |                                                          ^
2 warnings generated.
  CC       video_output/libplacebo/libplacebo_plugin_la-instance.lo
  CC       video_output/libplacebo/libplacebo_plugin_la-display.lo
1 warning generated.
  CC       video_output/libplacebo/libplacebo_gl_plugin_la-instance_opengl.lo
  CC       video_output/opengl/libglsampler_builtin_plugin_la-sampler.lo
  CC       video_output/opengl/libglinterop_sw_plugin_la-interop_sw.lo
1 warning generated.
  CC       video_output/opengl/libgl_plugin_la-display.lo
  CC       video_output/opengl/libgl_plugin_la-renderer.lo
  CC       video_output/opengl/libgl_plugin_la-sub_renderer.lo
  CC       video_output/opengl/libgl_plugin_la-vout_helper.lo
1 warning generated.
  CC       video_output/opengl/libglfilter_draw_plugin_la-filter_draw.lo
  CXX      stream_out/sdi/libdecklinkoutput_plugin_la-Ancillary.lo
  CXX      stream_out/sdi/libdecklinkoutput_plugin_la-DBMHelper.lo
In file included from /Users/cam/Documents/Projects/ultima-iv-web/vlc-thumbs/work/upstream/vlc-master-story005/extras/package/macosx/../../../modules/stream_out/sdi/Ancillary.cpp:22:
In file included from ../config.h:896:
In file included from /Users/cam/Documents/Projects/ultima-iv-web/vlc-thumbs/work/upstream/vlc-master-story005/extras/package/macosx/../../../include/vlc_fixups.h:166:
In file included from /Applications/Xcode.app/Contents/Developer/Platforms/MacOSX.platform/Developer/SDKs/MacOSX27.0.sdk/usr/include/c++/v1/stddef.h:30:
In file included from /Applications/Xcode.app/Contents/Developer/Platforms/MacOSX.platform/Developer/SDKs/MacOSX27.0.sdk/usr/include/c++/v1/__config:15:
/Applications/Xcode.app/Contents/Developer/Platforms/MacOSX.platform/Developer/SDKs/MacOSX27.0.sdk/usr/include/c++/v1/__configuration/availability.h:204:4: warning: "The selected platform is no longer supported by libc++." [-W#warnings]
  204 | #  warning "The selected platform is no longer supported by libc++."
      |    ^
In file included from /Users/cam/Documents/Projects/ultima-iv-web/vlc-thumbs/work/upstream/vlc-master-story005/extras/package/macosx/../../../modules/stream_out/sdi/DBMHelper.cpp:22:
In file included from ../config.h:896:
In file included from /Users/cam/Documents/Projects/ultima-iv-web/vlc-thumbs/work/upstream/vlc-master-story005/extras/package/macosx/../../../include/vlc_fixups.h:166:
In file included from /Applications/Xcode.app/Contents/Developer/Platforms/MacOSX.platform/Developer/SDKs/MacOSX27.0.sdk/usr/include/c++/v1/stddef.h:30:
In file included from /Applications/Xcode.app/Contents/Developer/Platforms/MacOSX.platform/Developer/SDKs/MacOSX27.0.sdk/usr/include/c++/v1/__config:15:
/Applications/Xcode.app/Contents/Developer/Platforms/MacOSX.platform/Developer/SDKs/MacOSX27.0.sdk/usr/include/c++/v1/__configuration/availability.h:204:4: warning: "The selected platform is no longer supported by libc++." [-W#warnings]
  204 | #  warning "The selected platform is no longer supported by libc++."
      |    ^
  CXX      stream_out/sdi/libdecklinkoutput_plugin_la-SDIGenerator.lo
In file included from /Users/cam/Documents/Projects/ultima-iv-web/vlc-thumbs/work/upstream/vlc-master-story005/extras/package/macosx/../../../modules/stream_out/sdi/SDIGenerator.cpp:22:
In file included from ../config.h:896:
In file included from /Users/cam/Documents/Projects/ultima-iv-web/vlc-thumbs/work/upstream/vlc-master-story005/extras/package/macosx/../../../include/vlc_fixups.h:166:
In file included from /Applications/Xcode.app/Contents/Developer/Platforms/MacOSX.platform/Developer/SDKs/MacOSX27.0.sdk/usr/include/c++/v1/stddef.h:30:
In file included from /Applications/Xcode.app/Contents/Developer/Platforms/MacOSX.platform/Developer/SDKs/MacOSX27.0.sdk/usr/include/c++/v1/__config:15:
/Applications/Xcode.app/Contents/Developer/Platforms/MacOSX.platform/Developer/SDKs/MacOSX27.0.sdk/usr/include/c++/v1/__configuration/availability.h:204:4: warning: "The selected platform is no longer supported by libc++." [-W#warnings]
  204 | #  warning "The selected platform is no longer supported by libc++."
      |    ^
  CXX      stream_out/sdi/libdecklinkoutput_plugin_la-V210.lo
In file included from /Users/cam/Documents/Projects/ultima-iv-web/vlc-thumbs/work/upstream/vlc-master-story005/extras/package/macosx/../../../modules/stream_out/sdi/V210.cpp:22:
In file included from ../config.h:896:
In file included from /Users/cam/Documents/Projects/ultima-iv-web/vlc-thumbs/work/upstream/vlc-master-story005/extras/package/macosx/../../../include/vlc_fixups.h:166:
In file included from /Applications/Xcode.app/Contents/Developer/Platforms/MacOSX.platform/Developer/SDKs/MacOSX27.0.sdk/usr/include/c++/v1/stddef.h:30:
In file included from /Applications/Xcode.app/Contents/Developer/Platforms/MacOSX.platform/Developer/SDKs/MacOSX27.0.sdk/usr/include/c++/v1/__config:15:
/Applications/Xcode.app/Contents/Developer/Platforms/MacOSX.platform/Developer/SDKs/MacOSX27.0.sdk/usr/include/c++/v1/__configuration/availability.h:204:4: warning: "The selected platform is no longer supported by libc++." [-W#warnings]
  204 | #  warning "The selected platform is no longer supported by libc++."
      |    ^
1 warning generated.
  OBJC     video_output/opengl/libglinterop_cvpx_plugin_la-interop_cvpx.lo
1 warning generated.
  OBJC     video_output/libvout_macosx_plugin_la-macosx.lo
1 warning generated.
  CC       video_output/opengl/libvout_macosx_plugin_la-renderer.lo
In file included from /Users/cam/Documents/Projects/ultima-iv-web/vlc-thumbs/work/upstream/vlc-master-story005/extras/package/macosx/../../../modules/video_output/opengl/interop_cvpx.m:27:
In file included from /Users/cam/Documents/Projects/ultima-iv-web/vlc-thumbs/work/upstream/vlc-master-story005/extras/package/macosx/../../../modules/video_output/opengl/gl_util.h:31:
/Users/cam/Documents/Projects/ultima-iv-web/vlc-thumbs/work/upstream/vlc-master-story005/extras/package/macosx/../../../modules/video_output/opengl/gl_common.h:377:5: warning: 'glCreateShader' is deprecated: first deprecated in macOS 10.14 - OpenGL API deprecated. (Define GL_SILENCE_DEPRECATION to silence these warnings) [-Wdeprecated-declarations]
  377 |     PFNGLCREATESHADERPROC   CreateShader;
      |     ^
/Users/cam/Documents/Projects/ultima-iv-web/vlc-thumbs/work/upstream/vlc-master-story005/extras/package/macosx/../../../modules/video_output/opengl/gl_common.h:299:53: note: expanded from macro 'PFNGLCREATESHADERPROC'
  299 | #   define PFNGLCREATESHADERPROC             typeof(glCreateShader)*
      |                                                     ^
/Applications/Xcode.app/Contents/Developer/Platforms/MacOSX.platform/Developer/SDKs/MacOSX27.0.sdk/System/Library/Frameworks/OpenGL.framework/Headers/gl.h:2925:15: note: 'glCreateShader' has been explicitly marked deprecated here
 2925 | extern GLuint glCreateShader (GLenum type) OPENGL_DEPRECATED(10.0, 10.14);
      |               ^
In file included from /Users/cam/Documents/Projects/ultima-iv-web/vlc-thumbs/work/upstream/vlc-master-story005/extras/package/macosx/../../../modules/video_output/opengl/interop_cvpx.m:27:
In file included from /Users/cam/Documents/Projects/ultima-iv-web/vlc-thumbs/work/upstream/vlc-master-story005/extras/package/macosx/../../../modules/video_output/opengl/gl_util.h:31:
/Users/cam/Documents/Projects/ultima-iv-web/vlc-thumbs/work/upstream/vlc-master-story005/extras/package/macosx/../../../modules/video_output/opengl/gl_common.h:378:5: warning: 'glShaderSource' is deprecated: first deprecated in macOS 10.14 - OpenGL API deprecated. (Define GL_SILENCE_DEPRECATION to silence these warnings) [-Wdeprecated-declarations]
  378 |     PFNGLSHADERSOURCEPROC   ShaderSource;
      |     ^
/Users/cam/Documents/Projects/ultima-iv-web/vlc-thumbs/work/upstream/vlc-master-story005/extras/package/macosx/../../../modules/video_output/opengl/gl_common.h:300:53: note: expanded from macro 'PFNGLSHADERSOURCEPROC'
  300 | #   define PFNGLSHADERSOURCEPROC             typeof(glShaderSource)*
      |                                                     ^
/Applications/Xcode.app/Contents/Developer/Platforms/MacOSX.platform/Developer/SDKs/MacOSX27.0.sdk/System/Library/Frameworks/OpenGL.framework/Headers/gl.h:2926:13: note: 'glShaderSource' has been explicitly marked deprecated here
 2926 | extern void glShaderSource (GLuint shader, GLsizei count, const GLchar* const *string, const GLint *length) OPENGL_DEPRECATED(10.0, 10.14);
      |             ^
In file included from /Users/cam/Documents/Projects/ultima-iv-web/vlc-thumbs/work/upstream/vlc-master-story005/extras/package/macosx/../../../modules/video_output/opengl/interop_cvpx.m:27:
In file included from /Users/cam/Documents/Projects/ultima-iv-web/vlc-thumbs/work/upstream/vlc-master-story005/extras/package/macosx/../../../modules/video_output/opengl/gl_util.h:31:
/Users/cam/Documents/Projects/ultima-iv-web/vlc-thumbs/work/upstream/vlc-master-story005/extras/package/macosx/../../../modules/video_output/opengl/gl_common.h:379:5: warning: 'glCompileShader' is deprecated: first deprecated in macOS 10.14 - OpenGL API deprecated. (Define GL_SILENCE_DEPRECATION to silence these warnings) [-Wdeprecated-declarations]
  379 |     PFNGLCOMPILESHADERPROC  CompileShader;
      |     ^
/Users/cam/Documents/Projects/ultima-iv-web/vlc-thumbs/work/upstream/vlc-master-story005/extras/package/macosx/../../../modules/video_output/opengl/gl_common.h:301:53: note: expanded from macro 'PFNGLCOMPILESHADERPROC'
  301 | #   define PFNGLCOMPILESHADERPROC            typeof(glCompileShader)*
      |                                                     ^
/Applications/Xcode.app/Contents/Developer/Platforms/MacOSX.platform/Developer/SDKs/MacOSX27.0.sdk/System/Library/Frameworks/OpenGL.framework/Headers/gl.h:2927:13: note: 'glCompileShader' has been explicitly marked deprecated here
 2927 | extern void glCompileShader (GLuint shader) OPENGL_DEPRECATED(10.0, 10.14);
      |             ^
In file included from /Users/cam/Documents/Projects/ultima-iv-web/vlc-thumbs/work/upstream/vlc-master-story005/extras/package/macosx/../../../modules/video_output/opengl/interop_cvpx.m:27:
In file included from /Users/cam/Documents/Projects/ultima-iv-web/vlc-thumbs/work/upstream/vlc-master-story005/extras/package/macosx/../../../modules/video_output/opengl/gl_util.h:31:
/Users/cam/Documents/Projects/ultima-iv-web/vlc-thumbs/work/upstream/vlc-master-story005/extras/package/macosx/../../../modules/video_output/opengl/gl_common.h:380:5: warning: 'glAttachShader' is deprecated: first deprecated in macOS 10.14 - OpenGL API deprecated. (Define GL_SILENCE_DEPRECATION to silence these warnings) [-Wdeprecated-declarations]
  380 |     PFNGLATTACHSHADERPROC   AttachShader;
      |     ^
/Users/cam/Documents/Projects/ultima-iv-web/vlc-thumbs/work/upstream/vlc-master-story005/extras/package/macosx/../../../modules/video_output/opengl/gl_common.h:307:53: note: expanded from macro 'PFNGLATTACHSHADERPROC'
  307 | #   define PFNGLATTACHSHADERPROC             typeof(glAttachShader)*
      |                                                     ^
/Applications/Xcode.app/Contents/Developer/Platforms/MacOSX.platform/Developer/SDKs/MacOSX27.0.sdk/System/Library/Frameworks/OpenGL.framework/Headers/gl.h:2929:13: note: 'glAttachShader' has been explicitly marked deprecated here
 2929 | extern void glAttachShader (GLuint program, GLuint shader) OPENGL_DEPRECATED(10.0, 10.14);
      |             ^
In file included from /Users/cam/Documents/Projects/ultima-iv-web/vlc-thumbs/work/upstream/vlc-master-story005/extras/package/macosx/../../../modules/video_output/opengl/interop_cvpx.m:27:
In file included from /Users/cam/Documents/Projects/ultima-iv-web/vlc-thumbs/work/upstream/vlc-master-story005/extras/package/macosx/../../../modules/video_output/opengl/gl_util.h:31:
/Users/cam/Documents/Projects/ultima-iv-web/vlc-thumbs/work/upstream/vlc-master-story005/extras/package/macosx/../../../modules/video_output/opengl/gl_common.h:381:5: warning: 'glDeleteShader' is deprecated: first deprecated in macOS 10.14 - OpenGL API deprecated. (Define GL_SILENCE_DEPRECATION to silence these warnings) [-Wdeprecated-declarations]
  381 |     PFNGLDELETESHADERPROC   DeleteShader;
      |     ^
/Users/cam/Documents/Projects/ultima-iv-web/vlc-thumbs/work/upstream/vlc-master-story005/extras/package/macosx/../../../modules/video_output/opengl/gl_common.h:302:53: note: expanded from macro 'PFNGLDELETESHADERPROC'
  302 | #   define PFNGLDELETESHADERPROC             typeof(glDeleteShader)*
      |                                                     ^
/Applications/Xcode.app/Contents/Developer/Platforms/MacOSX.platform/Developer/SDKs/MacOSX27.0.sdk/System/Library/Frameworks/OpenGL.framework/Headers/gl.h:2923:13: note: 'glDeleteShader' has been explicitly marked deprecated here
 2923 | extern void glDeleteShader (GLuint shader) OPENGL_DEPRECATED(10.0, 10.14);
      |             ^
In file included from /Users/cam/Documents/Projects/ultima-iv-web/vlc-thumbs/work/upstream/vlc-master-story005/extras/package/macosx/../../../modules/video_output/opengl/interop_cvpx.m:27:
In file included from /Users/cam/Documents/Projects/ultima-iv-web/vlc-thumbs/work/upstream/vlc-master-story005/extras/package/macosx/../../../modules/video_output/opengl/gl_util.h:31:
/Users/cam/Documents/Projects/ultima-iv-web/vlc-thumbs/work/upstream/vlc-master-story005/extras/package/macosx/../../../modules/video_output/opengl/gl_common.h:384:5: warning: 'glGetProgramiv' is deprecated: first deprecated in macOS 10.14 - OpenGL API deprecated. (Define GL_SILENCE_DEPRECATION to silence these warnings) [-Wdeprecated-declarations]
  384 |     PFNGLGETPROGRAMIVPROC       GetProgramiv;
      |     ^
/Users/cam/Documents/Projects/ultima-iv-web/vlc-thumbs/work/upstream/vlc-master-story005/extras/package/macosx/../../../modules/video_output/opengl/gl_common.h:277:53: note: expanded from macro 'PFNGLGETPROGRAMIVPROC'
  277 | #   define PFNGLGETPROGRAMIVPROC             typeof(glGetProgramiv)*
      |                                                     ^
/Applications/Xcode.app/Contents/Developer/Platforms/MacOSX.platform/Developer/SDKs/MacOSX27.0.sdk/System/Library/Frameworks/OpenGL.framework/Headers/gl.h:2956:13: note: 'glGetProgramiv' has been explicitly marked deprecated here
 2956 | extern void glGetProgramiv (GLuint program, GLenum pname, GLint *params) OPENGL_DEPRECATED(10.0, 10.14);
      |             ^
In file included from /Users/cam/Documents/Projects/ultima-iv-web/vlc-thumbs/work/upstream/vlc-master-story005/extras/package/macosx/../../../modules/video_output/opengl/interop_cvpx.m:27:
In file included from /Users/cam/Documents/Projects/ultima-iv-web/vlc-thumbs/work/upstream/vlc-master-story005/extras/package/macosx/../../../modules/video_output/opengl/gl_util.h:31:
/Users/cam/Documents/Projects/ultima-iv-web/vlc-thumbs/work/upstream/vlc-master-story005/extras/package/macosx/../../../modules/video_output/opengl/gl_common.h:385:5: warning: 'glGetShaderiv' is deprecated: first deprecated in macOS 10.14 - OpenGL API deprecated. (Define GL_SILENCE_DEPRECATION to silence these warnings) [-Wdeprecated-declarations]
  385 |     PFNGLGETSHADERIVPROC        GetShaderiv;
      |     ^
/Users/cam/Documents/Projects/ultima-iv-web/vlc-thumbs/work/upstream/vlc-master-story005/extras/package/macosx/../../../modules/video_output/opengl/gl_common.h:281:53: note: expanded from macro 'PFNGLGETSHADERIVPROC'
  281 | #   define PFNGLGETSHADERIVPROC              typeof(glGetShaderiv)*
      |                                                     ^
/Applications/Xcode.app/Contents/Developer/Platforms/MacOSX.platform/Developer/SDKs/MacOSX27.0.sdk/System/Library/Frameworks/OpenGL.framework/Headers/gl.h:2955:13: note: 'glGetShaderiv' has been explicitly marked deprecated here
 2955 | extern void glGetShaderiv (GLuint shader, GLenum pname, GLint *params) OPENGL_DEPRECATED(10.0, 10.14);
      |             ^
In file included from /Users/cam/Documents/Projects/ultima-iv-web/vlc-thumbs/work/upstream/vlc-master-story005/extras/package/macosx/../../../modules/video_output/opengl/interop_cvpx.m:27:
In file included from /Users/cam/Documents/Projects/ultima-iv-web/vlc-thumbs/work/upstream/vlc-master-story005/extras/package/macosx/../../../modules/video_output/opengl/gl_util.h:31:
/Users/cam/Documents/Projects/ultima-iv-web/vlc-thumbs/work/upstream/vlc-master-story005/extras/package/macosx/../../../modules/video_output/opengl/gl_common.h:386:5: warning: 'glGetProgramInfoLog' is deprecated: first deprecated in macOS 10.14 - OpenGL API deprecated. (Define GL_SILENCE_DEPRECATION to silence these warnings) [-Wdeprecated-declarations]
  386 |     PFNGLGETPROGRAMINFOLOGPROC  GetProgramInfoLog;
      |     ^
/Users/cam/Documents/Projects/ultima-iv-web/vlc-thumbs/work/upstream/vlc-master-story005/extras/package/macosx/../../../modules/video_output/opengl/gl_common.h:278:53: note: expanded from macro 'PFNGLGETPROGRAMINFOLOGPROC'
  278 | #   define PFNGLGETPROGRAMINFOLOGPROC        typeof(glGetProgramInfoLog)*
      |                                                     ^
/Applications/Xcode.app/Contents/Developer/Platforms/MacOSX.platform/Developer/SDKs/MacOSX27.0.sdk/System/Library/Frameworks/OpenGL.framework/Headers/gl.h:2959:13: note: 'glGetProgramInfoLog' has been explicitly marked deprecated here
 2959 | extern void glGetProgramInfoLog (GLuint program, GLsizei bufSize, GLsizei *length, GLchar *infoLog) OPENGL_DEPRECATED(10.0, 10.14);
      |             ^
In file included from /Users/cam/Documents/Projects/ultima-iv-web/vlc-thumbs/work/upstream/vlc-master-story005/extras/package/macosx/../../../modules/video_output/opengl/interop_cvpx.m:27:
In file included from /Users/cam/Documents/Projects/ultima-iv-web/vlc-thumbs/work/upstream/vlc-master-story005/extras/package/macosx/../../../modules/video_output/opengl/gl_util.h:31:
/Users/cam/Documents/Projects/ultima-iv-web/vlc-thumbs/work/upstream/vlc-master-story005/extras/package/macosx/../../../modules/video_output/opengl/gl_common.h:387:5: warning: 'glGetShaderInfoLog' is deprecated: first deprecated in macOS 10.14 - OpenGL API deprecated. (Define GL_SILENCE_DEPRECATION to silence these warnings) [-Wdeprecated-declarations]
  387 |     PFNGLGETSHADERINFOLOGPROC   GetShaderInfoLog;
      |     ^
/Users/cam/Documents/Projects/ultima-iv-web/vlc-thumbs/work/upstream/vlc-master-story005/extras/package/macosx/../../../modules/video_output/opengl/gl_common.h:282:53: note: expanded from macro 'PFNGLGETSHADERINFOLOGPROC'
  282 | #   define PFNGLGETSHADERINFOLOGPROC         typeof(glGetShaderInfoLog)*
      |                                                     ^
/Applications/Xcode.app/Contents/Developer/Platforms/MacOSX.platform/Developer/SDKs/MacOSX27.0.sdk/System/Library/Frameworks/OpenGL.framework/Headers/gl.h:2958:13: note: 'glGetShaderInfoLog' has been explicitly marked deprecated here
 2958 | extern void glGetShaderInfoLog (GLuint shader, GLsizei bufSize, GLsizei *length, GLchar *infoLog) OPENGL_DEPRECATED(10.0, 10.14);
      |             ^
In file included from /Users/cam/Documents/Projects/ultima-iv-web/vlc-thumbs/work/upstream/vlc-master-story005/extras/package/macosx/../../../modules/video_output/opengl/interop_cvpx.m:27:
In file included from /Users/cam/Documents/Projects/ultima-iv-web/vlc-thumbs/work/upstream/vlc-master-story005/extras/package/macosx/../../../modules/video_output/opengl/gl_util.h:31:
/Users/cam/Documents/Projects/ultima-iv-web/vlc-thumbs/work/upstream/vlc-master-story005/extras/package/macosx/../../../modules/video_output/opengl/gl_common.h:388:5: warning: 'glGetShaderSource' is deprecated: first deprecated in macOS 10.14 - OpenGL API deprecated. (Define GL_SILENCE_DEPRECATION to silence these warnings) [-Wdeprecated-declarations]
  388 |     PFNGLGETSHADERSOURCEPROC    GetShaderSource;
      |     ^
/Users/cam/Documents/Projects/ultima-iv-web/vlc-thumbs/work/upstream/vlc-master-story005/extras/package/macosx/../../../modules/video_output/opengl/gl_common.h:280:53: note: expanded from macro 'PFNGLGETSHADERSOURCEPROC'
  280 | #   define PFNGLGETSHADERSOURCEPROC          typeof(glGetShaderSource)*
      |                                                     ^
/Applications/Xcode.app/Contents/Developer/Platforms/MacOSX.platform/Developer/SDKs/MacOSX27.0.sdk/System/Library/Frameworks/OpenGL.framework/Headers/gl.h:2964:13: note: 'glGetShaderSource' has been explicitly marked deprecated here
 2964 | extern void glGetShaderSource (GLuint shader, GLsizei bufSize, GLsizei *length, GLchar *source) OPENGL_DEPRECATED(10.0, 10.14);
      |             ^
In file included from /Users/cam/Documents/Projects/ultima-iv-web/vlc-thumbs/work/upstream/vlc-master-story005/extras/package/macosx/../../../modules/video_output/opengl/interop_cvpx.m:27:
In file included from /Users/cam/Documents/Projects/ultima-iv-web/vlc-thumbs/work/upstream/vlc-master-story005/extras/package/macosx/../../../modules/video_output/opengl/gl_util.h:31:
/Users/cam/Documents/Projects/ultima-iv-web/vlc-thumbs/work/upstream/vlc-master-story005/extras/package/macosx/../../../modules/video_output/opengl/gl_common.h:391:5: warning: 'glGetUniformLocation' is deprecated: first deprecated in macOS 10.14 - OpenGL API deprecated. (Define GL_SILENCE_DEPRECATION to silence these warnings) [-Wdeprecated-declarations]
  391 |     PFNGLGETUNIFORMLOCATIONPROC      GetUniformLocation;
      |     ^
/Users/cam/Documents/Projects/ultima-iv-web/vlc-thumbs/work/upstream/vlc-master-story005/extras/package/macosx/../../../modules/video_output/opengl/gl_common.h:283:53: note: expanded from macro 'PFNGLGETUNIFORMLOCATIONPROC'
  283 | #   define PFNGLGETUNIFORMLOCATIONPROC       typeof(glGetUniformLocation)*
      |                                                     ^
/Applications/Xcode.app/Contents/Developer/Platforms/MacOSX.platform/Developer/SDKs/MacOSX27.0.sdk/System/Library/Frameworks/OpenGL.framework/Headers/gl.h:2960:14: note: 'glGetUniformLocation' has been explicitly marked deprecated here
 2960 | extern GLint glGetUniformLocation (GLuint program, const GLchar *name) OPENGL_DEPRECATED(10.0, 10.14);
      |              ^
In file included from /Users/cam/Documents/Projects/ultima-iv-web/vlc-thumbs/work/upstream/vlc-master-story005/extras/package/macosx/../../../modules/video_output/opengl/interop_cvpx.m:27:
In file included from /Users/cam/Documents/Projects/ultima-iv-web/vlc-thumbs/work/upstream/vlc-master-story005/extras/package/macosx/../../../modules/video_output/opengl/gl_util.h:31:
/Users/cam/Documents/Projects/ultima-iv-web/vlc-thumbs/work/upstream/vlc-master-story005/extras/package/macosx/../../../modules/video_output/opengl/gl_common.h:392:5: warning: 'glGetAttribLocation' is deprecated: first deprecated in macOS 10.14 - OpenGL API deprecated. (Define GL_SILENCE_DEPRECATION to silence these warnings) [-Wdeprecated-declarations]
  392 |     PFNGLGETATTRIBLOCATIONPROC       GetAttribLocation;
      |     ^
/Users/cam/Documents/Projects/ultima-iv-web/vlc-thumbs/work/upstream/vlc-master-story005/extras/package/macosx/../../../modules/video_output/opengl/gl_common.h:284:53: note: expanded from macro 'PFNGLGETATTRIBLOCATIONPROC'
  284 | #   define PFNGLGETATTRIBLOCATIONPROC        typeof(glGetAttribLocation)*
      |                                                     ^
/Applications/Xcode.app/Contents/Developer/Platforms/MacOSX.platform/Developer/SDKs/MacOSX27.0.sdk/System/Library/Frameworks/OpenGL.framework/Headers/gl.h:2967:14: note: 'glGetAttribLocation' has been explicitly marked deprecated here
 2967 | extern GLint glGetAttribLocation (GLuint program, const GLchar *name) OPENGL_DEPRECATED(10.0, 10.14);
      |              ^
In file included from /Users/cam/Documents/Projects/ultima-iv-web/vlc-thumbs/work/upstream/vlc-master-story005/extras/package/macosx/../../../modules/video_output/opengl/interop_cvpx.m:27:
In file included from /Users/cam/Documents/Projects/ultima-iv-web/vlc-thumbs/work/upstream/vlc-master-story005/extras/package/macosx/../../../modules/video_output/opengl/gl_util.h:31:
/Users/cam/Documents/Projects/ultima-iv-web/vlc-thumbs/work/upstream/vlc-master-story005/extras/package/macosx/../../../modules/video_output/opengl/gl_common.h:393:5: warning: 'glVertexAttribPointer' is deprecated: first deprecated in macOS 10.14 - OpenGL API deprecated. (Define GL_SILENCE_DEPRECATION to silence these warnings) [-Wdeprecated-declarations]
  393 |     PFNGLVERTEXATTRIBPOINTERPROC     VertexAttribPointer;
      |     ^
/Users/cam/Documents/Projects/ultima-iv-web/vlc-thumbs/work/upstream/vlc-master-story005/extras/package/macosx/../../../modules/video_output/opengl/gl_common.h:285:53: note: expanded from macro 'PFNGLVERTEXATTRIBPOINTERPROC'
  285 | #   define PFNGLVERTEXATTRIBPOINTERPROC      typeof(glVertexAttribPointer)*
      |                                                     ^
/Applications/Xcode.app/Contents/Developer/Platforms/MacOSX.platform/Developer/SDKs/MacOSX27.0.sdk/System/Library/Frameworks/OpenGL.framework/Headers/gl.h:2916:13: note: 'glVertexAttribPointer' has been explicitly marked deprecated here
 2916 | extern void glVertexAttribPointer (GLuint index, GLint size, GLenum type, GLboolean normalized, GLsizei stride, const GLvoid *pointer) OPENGL_DEPRECATED(10.0, 10.14);
      |             ^
In file included from /Users/cam/Documents/Projects/ultima-iv-web/vlc-thumbs/work/upstream/vlc-master-story005/extras/package/macosx/../../../modules/video_output/opengl/interop_cvpx.m:27:
In file included from /Users/cam/Documents/Projects/ultima-iv-web/vlc-thumbs/work/upstream/vlc-master-story005/extras/package/macosx/../../../modules/video_output/opengl/gl_util.h:31:
/Users/cam/Documents/Projects/ultima-iv-web/vlc-thumbs/work/upstream/vlc-master-story005/extras/package/macosx/../../../modules/video_output/opengl/gl_common.h:394:5: warning: 'glEnableVertexAttribArray' is deprecated: first deprecated in macOS 10.14 - OpenGL API deprecated. (Define GL_SILENCE_DEPRECATION to silence these warnings) [-Wdeprecated-declarations]
  394 |     PFNGLENABLEVERTEXATTRIBARRAYPROC EnableVertexAttribArray;
      |     ^
/Users/cam/Documents/Projects/ultima-iv-web/vlc-thumbs/work/upstream/vlc-master-story005/extras/package/macosx/../../../modules/video_output/opengl/gl_common.h:286:53: note: expanded from macro 'PFNGLENABLEVERTEXATTRIBARRAYPROC'
  286 | #   define PFNGLENABLEVERTEXATTRIBARRAYPROC  typeof(glEnableVertexAttribArray)*
      |                                                     ^
/Applications/Xcode.app/Contents/Developer/Platforms/MacOSX.platform/Developer/SDKs/MacOSX27.0.sdk/System/Library/Frameworks/OpenGL.framework/Headers/gl.h:2917:13: note: 'glEnableVertexAttribArray' has been explicitly marked deprecated here
 2917 | extern void glEnableVertexAttribArray (GLuint index) OPENGL_DEPRECATED(10.0, 10.14);
      |             ^
In file included from /Users/cam/Documents/Projects/ultima-iv-web/vlc-thumbs/work/upstream/vlc-master-story005/extras/package/macosx/../../../modules/video_output/opengl/interop_cvpx.m:27:
In file included from /Users/cam/Documents/Projects/ultima-iv-web/vlc-thumbs/work/upstream/vlc-master-story005/extras/package/macosx/../../../modules/video_output/opengl/gl_util.h:31:
/Users/cam/Documents/Projects/ultima-iv-web/vlc-thumbs/work/upstream/vlc-master-story005/extras/package/macosx/../../../modules/video_output/opengl/gl_common.h:395:5: warning: 'glUniformMatrix4fv' is deprecated: first deprecated in macOS 10.14 - OpenGL API deprecated. (Define GL_SILENCE_DEPRECATION to silence these warnings) [-Wdeprecated-declarations]
  395 |     PFNGLUNIFORMMATRIX4FVPROC        UniformMatrix4fv;
      |     ^
/Users/cam/Documents/Projects/ultima-iv-web/vlc-thumbs/work/upstream/vlc-master-story005/extras/package/macosx/../../../modules/video_output/opengl/gl_common.h:287:53: note: expanded from macro 'PFNGLUNIFORMMATRIX4FVPROC'
  287 | #   define PFNGLUNIFORMMATRIX4FVPROC         typeof(glUniformMatrix4fv)*
      |                                                     ^
/Applications/Xcode.app/Contents/Developer/Platforms/MacOSX.platform/Developer/SDKs/MacOSX27.0.sdk/System/Library/Frameworks/OpenGL.framework/Headers/gl.h:2952:13: note: 'glUniformMatrix4fv' has been explicitly marked deprecated here
 2952 | extern void glUniformMatrix4fv (GLint location, GLsizei count, GLboolean transpose, const GLfloat *value) OPENGL_DEPRECATED(10.0, 10.14);
      |             ^
In file included from /Users/cam/Documents/Projects/ultima-iv-web/vlc-thumbs/work/upstream/vlc-master-story005/extras/package/macosx/../../../modules/video_output/opengl/interop_cvpx.m:27:
In file included from /Users/cam/Documents/Projects/ultima-iv-web/vlc-thumbs/work/upstream/vlc-master-story005/extras/package/macosx/../../../modules/video_output/opengl/gl_util.h:31:
/Users/cam/Documents/Projects/ultima-iv-web/vlc-thumbs/work/upstream/vlc-master-story005/extras/package/macosx/../../../modules/video_output/opengl/gl_common.h:396:5: warning: 'glUniformMatrix3fv' is deprecated: first deprecated in macOS 10.14 - OpenGL API deprecated. (Define GL_SILENCE_DEPRECATION to silence these warnings) [-Wdeprecated-declarations]
  396 |     PFNGLUNIFORMMATRIX3FVPROC        UniformMatrix3fv;
      |     ^
/Users/cam/Documents/Projects/ultima-iv-web/vlc-thumbs/work/upstream/vlc-master-story005/extras/package/macosx/../../../modules/video_output/opengl/gl_common.h:288:53: note: expanded from macro 'PFNGLUNIFORMMATRIX3FVPROC'
  288 | #   define PFNGLUNIFORMMATRIX3FVPROC         typeof(glUniformMatrix3fv)*
      |                                                     ^
/Applications/Xcode.app/Contents/Developer/Platforms/MacOSX.platform/Developer/SDKs/MacOSX27.0.sdk/System/Library/Frameworks/OpenGL.framework/Headers/gl.h:2951:13: note: 'glUniformMatrix3fv' has been explicitly marked deprecated here
 2951 | extern void glUniformMatrix3fv (GLint location, GLsizei count, GLboolean transpose, const GLfloat *value) OPENGL_DEPRECATED(10.0, 10.14);
      |             ^
In file included from /Users/cam/Documents/Projects/ultima-iv-web/vlc-thumbs/work/upstream/vlc-master-story005/extras/package/macosx/../../../modules/video_output/opengl/interop_cvpx.m:27:
In file included from /Users/cam/Documents/Projects/ultima-iv-web/vlc-thumbs/work/upstream/vlc-master-story005/extras/package/macosx/../../../modules/video_output/opengl/gl_util.h:31:
/Users/cam/Documents/Projects/ultima-iv-web/vlc-thumbs/work/upstream/vlc-master-story005/extras/package/macosx/../../../modules/video_output/opengl/gl_common.h:397:5: warning: 'glUniformMatrix2fv' is deprecated: first deprecated in macOS 10.14 - OpenGL API deprecated. (Define GL_SILENCE_DEPRECATION to silence these warnings) [-Wdeprecated-declarations]
  397 |     PFNGLUNIFORMMATRIX2FVPROC        UniformMatrix2fv;
      |     ^
/Users/cam/Documents/Projects/ultima-iv-web/vlc-thumbs/work/upstream/vlc-master-story005/extras/package/macosx/../../../modules/video_output/opengl/gl_common.h:289:53: note: expanded from macro 'PFNGLUNIFORMMATRIX2FVPROC'
  289 | #   define PFNGLUNIFORMMATRIX2FVPROC         typeof(glUniformMatrix2fv)*
      |                                                     ^
/Applications/Xcode.app/Contents/Developer/Platforms/MacOSX.platform/Developer/SDKs/MacOSX27.0.sdk/System/Library/Frameworks/OpenGL.framework/Headers/gl.h:2950:13: note: 'glUniformMatrix2fv' has been explicitly marked deprecated here
 2950 | extern void glUniformMatrix2fv (GLint location, GLsizei count, GLboolean transpose, const GLfloat *value) OPENGL_DEPRECATED(10.0, 10.14);
      |             ^
In file included from /Users/cam/Documents/Projects/ultima-iv-web/vlc-thumbs/work/upstream/vlc-master-story005/extras/package/macosx/../../../modules/video_output/opengl/interop_cvpx.m:27:
In file included from /Users/cam/Documents/Projects/ultima-iv-web/vlc-thumbs/work/upstream/vlc-master-story005/extras/package/macosx/../../../modules/video_output/opengl/gl_util.h:31:
/Users/cam/Documents/Projects/ultima-iv-web/vlc-thumbs/work/upstream/vlc-master-story005/extras/package/macosx/../../../modules/video_output/opengl/gl_common.h:398:5: warning: 'glUniform4fv' is deprecated: first deprecated in macOS 10.14 - OpenGL API deprecated. (Define GL_SILENCE_DEPRECATION to silence these warnings) [-Wdeprecated-declarations]
  398 |     PFNGLUNIFORM4FVPROC              Uniform4fv;
      |     ^
/Users/cam/Documents/Projects/ultima-iv-web/vlc-thumbs/work/upstream/vlc-master-story005/extras/package/macosx/../../../modules/video_output/opengl/gl_common.h:290:53: note: expanded from macro 'PFNGLUNIFORM4FVPROC'
  290 | #   define PFNGLUNIFORM4FVPROC               typeof(glUniform4fv)*
      |                                                     ^
/Applications/Xcode.app/Contents/Developer/Platforms/MacOSX.platform/Developer/SDKs/MacOSX27.0.sdk/System/Library/Frameworks/OpenGL.framework/Headers/gl.h:2945:13: note: 'glUniform4fv' has been explicitly marked deprecated here
 2945 | extern void glUniform4fv (GLint location, GLsizei count, const GLfloat *value) OPENGL_DEPRECATED(10.0, 10.14);
      |             ^
In file included from /Users/cam/Documents/Projects/ultima-iv-web/vlc-thumbs/work/upstream/vlc-master-story005/extras/package/macosx/../../../modules/video_output/opengl/interop_cvpx.m:27:
In file included from /Users/cam/Documents/Projects/ultima-iv-web/vlc-thumbs/work/upstream/vlc-master-story005/extras/package/macosx/../../../modules/video_output/opengl/gl_util.h:31:
/Users/cam/Documents/Projects/ultima-iv-web/vlc-thumbs/work/upstream/vlc-master-story005/extras/package/macosx/../../../modules/video_output/opengl/gl_common.h:399:5: warning: 'glUniform3fv' is deprecated: first deprecated in macOS 10.14 - OpenGL API deprecated. (Define GL_SILENCE_DEPRECATION to silence these warnings) [-Wdeprecated-declarations]
  399 |     PFNGLUNIFORM3FVPROC              Uniform3fv;
      |     ^
/Users/cam/Documents/Projects/ultima-iv-web/vlc-thumbs/work/upstream/vlc-master-story005/extras/package/macosx/../../../modules/video_output/opengl/gl_common.h:291:53: note: expanded from macro 'PFNGLUNIFORM3FVPROC'
  291 | #   define PFNGLUNIFORM3FVPROC               typeof(glUniform3fv)*
      |                                                     ^
/Applications/Xcode.app/Contents/Developer/Platforms/MacOSX.platform/Developer/SDKs/MacOSX27.0.sdk/System/Library/Frameworks/OpenGL.framework/Headers/gl.h:2944:13: note: 'glUniform3fv' has been explicitly marked deprecated here
 2944 | extern void glUniform3fv (GLint location, GLsizei count, const GLfloat *value) OPENGL_DEPRECATED(10.0, 10.14);
      |             ^
In file included from /Users/cam/Documents/Projects/ultima-iv-web/vlc-thumbs/work/upstream/vlc-master-story005/extras/package/macosx/../../../modules/video_output/opengl/interop_cvpx.m:27:
In file included from /Users/cam/Documents/Projects/ultima-iv-web/vlc-thumbs/work/upstream/vlc-master-story005/extras/package/macosx/../../../modules/video_output/opengl/gl_util.h:31:
/Users/cam/Documents/Projects/ultima-iv-web/vlc-thumbs/work/upstream/vlc-master-story005/extras/package/macosx/../../../modules/video_output/opengl/gl_common.h:400:5: warning: 'glUniform2fv' is deprecated: first deprecated in macOS 10.14 - OpenGL API deprecated. (Define GL_SILENCE_DEPRECATION to silence these warnings) [-Wdeprecated-declarations]
  400 |     PFNGLUNIFORM2FVPROC              Uniform2fv;
      |     ^
/Users/cam/Documents/Projects/ultima-iv-web/vlc-thumbs/work/upstream/vlc-master-story005/extras/package/macosx/../../../modules/video_output/opengl/gl_common.h:292:53: note: expanded from macro 'PFNGLUNIFORM2FVPROC'
  292 | #   define PFNGLUNIFORM2FVPROC               typeof(glUniform2fv)*
      |                                                     ^
/Applications/Xcode.app/Contents/Developer/Platforms/MacOSX.platform/Developer/SDKs/MacOSX27.0.sdk/System/Library/Frameworks/OpenGL.framework/Headers/gl.h:2943:13: note: 'glUniform2fv' has been explicitly marked deprecated here
 2943 | extern void glUniform2fv (GLint location, GLsizei count, const GLfloat *value) OPENGL_DEPRECATED(10.0, 10.14);
      |             ^
In file included from /Users/cam/Documents/Projects/ultima-iv-web/vlc-thumbs/work/upstream/vlc-master-story005/extras/package/macosx/../../../modules/video_output/opengl/interop_cvpx.m:27:
In file included from /Users/cam/Documents/Projects/ultima-iv-web/vlc-thumbs/work/upstream/vlc-master-story005/extras/package/macosx/../../../modules/video_output/opengl/gl_util.h:31:
/Users/cam/Documents/Projects/ultima-iv-web/vlc-thumbs/work/upstream/vlc-master-story005/extras/package/macosx/../../../modules/video_output/opengl/gl_common.h:401:5: warning: 'glUniform1fv' is deprecated: first deprecated in macOS 10.14 - OpenGL API deprecated. (Define GL_SILENCE_DEPRECATION to silence these warnings) [-Wdeprecated-declarations]
  401 |     PFNGLUNIFORM1FVPROC              Uniform1fv;
      |     ^
/Users/cam/Documents/Projects/ultima-iv-web/vlc-thumbs/work/upstream/vlc-master-story005/extras/package/macosx/../../../modules/video_output/opengl/gl_common.h:293:53: note: expanded from macro 'PFNGLUNIFORM1FVPROC'
  293 | #   define PFNGLUNIFORM1FVPROC               typeof(glUniform1fv)*
      |                                                     ^
/Applications/Xcode.app/Contents/Developer/Platforms/MacOSX.platform/Developer/SDKs/MacOSX27.0.sdk/System/Library/Frameworks/OpenGL.framework/Headers/gl.h:2942:13: note: 'glUniform1fv' has been explicitly marked deprecated here
 2942 | extern void glUniform1fv (GLint location, GLsizei count, const GLfloat *value) OPENGL_DEPRECATED(10.0, 10.14);
      |             ^
In file included from /Users/cam/Documents/Projects/ultima-iv-web/vlc-thumbs/work/upstream/vlc-master-story005/extras/package/macosx/../../../modules/video_output/opengl/interop_cvpx.m:27:
In file included from /Users/cam/Documents/Projects/ultima-iv-web/vlc-thumbs/work/upstream/vlc-master-story005/extras/package/macosx/../../../modules/video_output/opengl/gl_util.h:31:
/Users/cam/Documents/Projects/ultima-iv-web/vlc-thumbs/work/upstream/vlc-master-story005/extras/package/macosx/../../../modules/video_output/opengl/gl_common.h:402:5: warning: 'glUniform4f' is deprecated: first deprecated in macOS 10.14 - OpenGL API deprecated. (Define GL_SILENCE_DEPRECATION to silence these warnings) [-Wdeprecated-declarations]
  402 |     PFNGLUNIFORM4FPROC               Uniform4f;
      |     ^
/Users/cam/Documents/Projects/ultima-iv-web/vlc-thumbs/work/upstream/vlc-master-story005/extras/package/macosx/../../../modules/video_output/opengl/gl_common.h:294:53: note: expanded from macro 'PFNGLUNIFORM4FPROC'
  294 | #   define PFNGLUNIFORM4FPROC                typeof(glUniform4f)*
      |                                                     ^
/Applications/Xcode.app/Contents/Developer/Platforms/MacOSX.platform/Developer/SDKs/MacOSX27.0.sdk/System/Library/Frameworks/OpenGL.framework/Headers/gl.h:2937:13: note: 'glUniform4f' has been explicitly marked deprecated here
 2937 | extern void glUniform4f (GLint location, GLfloat v0, GLfloat v1, GLfloat v2, GLfloat v3) OPENGL_DEPRECATED(10.0, 10.14);
      |             ^
In file included from /Users/cam/Documents/Projects/ultima-iv-web/vlc-thumbs/work/upstream/vlc-master-story005/extras/package/macosx/../../../modules/video_output/opengl/interop_cvpx.m:27:
In file included from /Users/cam/Documents/Projects/ultima-iv-web/vlc-thumbs/work/upstream/vlc-master-story005/extras/package/macosx/../../../modules/video_output/opengl/gl_util.h:31:
/Users/cam/Documents/Projects/ultima-iv-web/vlc-thumbs/work/upstream/vlc-master-story005/extras/package/macosx/../../../modules/video_output/opengl/gl_common.h:403:5: warning: 'glUniform3f' is deprecated: first deprecated in macOS 10.14 - OpenGL API deprecated. (Define GL_SILENCE_DEPRECATION to silence these warnings) [-Wdeprecated-declarations]
  403 |     PFNGLUNIFORM3FPROC               Uniform3f;
      |     ^
/Users/cam/Documents/Projects/ultima-iv-web/vlc-thumbs/work/upstream/vlc-master-story005/extras/package/macosx/../../../modules/video_output/opengl/gl_common.h:295:53: note: expanded from macro 'PFNGLUNIFORM3FPROC'
  295 | #   define PFNGLUNIFORM3FPROC                typeof(glUniform3f)*
      |                                                     ^
/Applications/Xcode.app/Contents/Developer/Platforms/MacOSX.platform/Developer/SDKs/MacOSX27.0.sdk/System/Library/Frameworks/OpenGL.framework/Headers/gl.h:2936:13: note: 'glUniform3f' has been explicitly marked deprecated here
 2936 | extern void glUniform3f (GLint location, GLfloat v0, GLfloat v1, GLfloat v2) OPENGL_DEPRECATED(10.0, 10.14);
      |             ^
In file included from /Users/cam/Documents/Projects/ultima-iv-web/vlc-thumbs/work/upstream/vlc-master-story005/extras/package/macosx/../../../modules/video_output/opengl/interop_cvpx.m:27:
In file included from /Users/cam/Documents/Projects/ultima-iv-web/vlc-thumbs/work/upstream/vlc-master-story005/extras/package/macosx/../../../modules/video_output/opengl/gl_util.h:31:
/Users/cam/Documents/Projects/ultima-iv-web/vlc-thumbs/work/upstream/vlc-master-story005/extras/package/macosx/../../../modules/video_output/opengl/gl_common.h:404:5: warning: 'glUniform2f' is deprecated: first deprecated in macOS 10.14 - OpenGL API deprecated. (Define GL_SILENCE_DEPRECATION to silence these warnings) [-Wdeprecated-declarations]
  404 |     PFNGLUNIFORM2FPROC               Uniform2f;
      |     ^
/Users/cam/Documents/Projects/ultima-iv-web/vlc-thumbs/work/upstream/vlc-master-story005/extras/package/macosx/../../../modules/video_output/opengl/gl_common.h:296:53: note: expanded from macro 'PFNGLUNIFORM2FPROC'
  296 | #   define PFNGLUNIFORM2FPROC                typeof(glUniform2f)*
      |                                                     ^
/Applications/Xcode.app/Contents/Developer/Platforms/MacOSX.platform/Developer/SDKs/MacOSX27.0.sdk/System/Library/Frameworks/OpenGL.framework/Headers/gl.h:2935:13: note: 'glUniform2f' has been explicitly marked deprecated here
 2935 | extern void glUniform2f (GLint location, GLfloat v0, GLfloat v1) OPENGL_DEPRECATED(10.0, 10.14);
      |             ^
In file included from /Users/cam/Documents/Projects/ultima-iv-web/vlc-thumbs/work/upstream/vlc-master-story005/extras/package/macosx/../../../modules/video_output/opengl/interop_cvpx.m:27:
In file included from /Users/cam/Documents/Projects/ultima-iv-web/vlc-thumbs/work/upstream/vlc-master-story005/extras/package/macosx/../../../modules/video_output/opengl/gl_util.h:31:
/Users/cam/Documents/Projects/ultima-iv-web/vlc-thumbs/work/upstream/vlc-master-story005/extras/package/macosx/../../../modules/video_output/opengl/gl_common.h:405:5: warning: 'glUniform1f' is deprecated: first deprecated in macOS 10.14 - OpenGL API deprecated. (Define GL_SILENCE_DEPRECATION to silence these warnings) [-Wdeprecated-declarations]
  405 |     PFNGLUNIFORM1FPROC               Uniform1f;
      |     ^
/Users/cam/Documents/Projects/ultima-iv-web/vlc-thumbs/work/upstream/vlc-master-story005/extras/package/macosx/../../../modules/video_output/opengl/gl_common.h:297:53: note: expanded from macro 'PFNGLUNIFORM1FPROC'
  297 | #   define PFNGLUNIFORM1FPROC                typeof(glUniform1f)*
      |                                                     ^
/Applications/Xcode.app/Contents/Developer/Platforms/MacOSX.platform/Developer/SDKs/MacOSX27.0.sdk/System/Library/Frameworks/OpenGL.framework/Headers/gl.h:2934:13: note: 'glUniform1f' has been explicitly marked deprecated here
 2934 | extern void glUniform1f (GLint location, GLfloat v0) OPENGL_DEPRECATED(10.0, 10.14);
      |             ^
In file included from /Users/cam/Documents/Projects/ultima-iv-web/vlc-thumbs/work/upstream/vlc-master-story005/extras/package/macosx/../../../modules/video_output/opengl/interop_cvpx.m:27:
In file included from /Users/cam/Documents/Projects/ultima-iv-web/vlc-thumbs/work/upstream/vlc-master-story005/extras/package/macosx/../../../modules/video_output/opengl/gl_util.h:31:
/Users/cam/Documents/Projects/ultima-iv-web/vlc-thumbs/work/upstream/vlc-master-story005/extras/package/macosx/../../../modules/video_output/opengl/gl_common.h:406:5: warning: 'glUniform1i' is deprecated: first deprecated in macOS 10.14 - OpenGL API deprecated. (Define GL_SILENCE_DEPRECATION to silence these warnings) [-Wdeprecated-declarations]
  406 |     PFNGLUNIFORM1IPROC               Uniform1i;
      |     ^
/Users/cam/Documents/Projects/ultima-iv-web/vlc-thumbs/work/upstream/vlc-master-story005/extras/package/macosx/../../../modules/video_output/opengl/gl_common.h:298:53: note: expanded from macro 'PFNGLUNIFORM1IPROC'
  298 | #   define PFNGLUNIFORM1IPROC                typeof(glUniform1i)*
      |                                                     ^
/Applications/Xcode.app/Contents/Developer/Platforms/MacOSX.platform/Developer/SDKs/MacOSX27.0.sdk/System/Library/Frameworks/OpenGL.framework/Headers/gl.h:2938:13: note: 'glUniform1i' has been explicitly marked deprecated here
 2938 | extern void glUniform1i (GLint location, GLint v0) OPENGL_DEPRECATED(10.0, 10.14);
      |             ^
In file included from /Users/cam/Documents/Projects/ultima-iv-web/vlc-thumbs/work/upstream/vlc-master-story005/extras/package/macosx/../../../modules/video_output/opengl/interop_cvpx.m:27:
In file included from /Users/cam/Documents/Projects/ultima-iv-web/vlc-thumbs/work/upstream/vlc-master-story005/extras/package/macosx/../../../modules/video_output/opengl/gl_util.h:31:
/Users/cam/Documents/Projects/ultima-iv-web/vlc-thumbs/work/upstream/vlc-master-story005/extras/package/macosx/../../../modules/video_output/opengl/gl_common.h:409:5: warning: 'glCreateProgram' is deprecated: first deprecated in macOS 10.14 - OpenGL API deprecated. (Define GL_SILENCE_DEPRECATION to silence these warnings) [-Wdeprecated-declarations]
  409 |     PFNGLCREATEPROGRAMPROC CreateProgram;
      |     ^
/Users/cam/Documents/Projects/ultima-iv-web/vlc-thumbs/work/upstream/vlc-master-story005/extras/package/macosx/../../../modules/video_output/opengl/gl_common.h:303:53: note: expanded from macro 'PFNGLCREATEPROGRAMPROC'
  303 | #   define PFNGLCREATEPROGRAMPROC            typeof(glCreateProgram)*
      |                                                     ^
/Applications/Xcode.app/Contents/Developer/Platforms/MacOSX.platform/Developer/SDKs/MacOSX27.0.sdk/System/Library/Frameworks/OpenGL.framework/Headers/gl.h:2928:15: note: 'glCreateProgram' has been explicitly marked deprecated here
 2928 | extern GLuint glCreateProgram (void) OPENGL_DEPRECATED(10.0, 10.14);
      |               ^
In file included from /Users/cam/Documents/Projects/ultima-iv-web/vlc-thumbs/work/upstream/vlc-master-story005/extras/package/macosx/../../../modules/video_output/opengl/interop_cvpx.m:27:
In file included from /Users/cam/Documents/Projects/ultima-iv-web/vlc-thumbs/work/upstream/vlc-master-story005/extras/package/macosx/../../../modules/video_output/opengl/gl_util.h:31:
/Users/cam/Documents/Projects/ultima-iv-web/vlc-thumbs/work/upstream/vlc-master-story005/extras/package/macosx/../../../modules/video_output/opengl/gl_common.h:410:5: warning: 'glLinkProgram' is deprecated: first deprecated in macOS 10.14 - OpenGL API deprecated. (Define GL_SILENCE_DEPRECATION to silence these warnings) [-Wdeprecated-declarations]
  410 |     PFNGLLINKPROGRAMPROC   LinkProgram;
      |     ^
/Users/cam/Documents/Projects/ultima-iv-web/vlc-thumbs/work/upstream/vlc-master-story005/extras/package/macosx/../../../modules/video_output/opengl/gl_common.h:304:53: note: expanded from macro 'PFNGLLINKPROGRAMPROC'
  304 | #   define PFNGLLINKPROGRAMPROC              typeof(glLinkProgram)*
      |                                                     ^
/Applications/Xcode.app/Contents/Developer/Platforms/MacOSX.platform/Developer/SDKs/MacOSX27.0.sdk/System/Library/Frameworks/OpenGL.framework/Headers/gl.h:2930:13: note: 'glLinkProgram' has been explicitly marked deprecated here
 2930 | extern void glLinkProgram (GLuint program) OPENGL_DEPRECATED(10.0, 10.14);
      |             ^
In file included from /Users/cam/Documents/Projects/ultima-iv-web/vlc-thumbs/work/upstream/vlc-master-story005/extras/package/macosx/../../../modules/video_output/opengl/interop_cvpx.m:27:
In file included from /Users/cam/Documents/Projects/ultima-iv-web/vlc-thumbs/work/upstream/vlc-master-story005/extras/package/macosx/../../../modules/video_output/opengl/gl_util.h:31:
/Users/cam/Documents/Projects/ultima-iv-web/vlc-thumbs/work/upstream/vlc-master-story005/extras/package/macosx/../../../modules/video_output/opengl/gl_common.h:411:5: warning: 'glUseProgram' is deprecated: first deprecated in macOS 10.14 - OpenGL API deprecated. (Define GL_SILENCE_DEPRECATION to silence these warnings) [-Wdeprecated-declarations]
  411 |     PFNGLUSEPROGRAMPROC    UseProgram;
      |     ^
/Users/cam/Documents/Projects/ultima-iv-web/vlc-thumbs/work/upstream/vlc-master-story005/extras/package/macosx/../../../modules/video_output/opengl/gl_common.h:305:53: note: expanded from macro 'PFNGLUSEPROGRAMPROC'
  305 | #   define PFNGLUSEPROGRAMPROC               typeof(glUseProgram)*
      |                                                     ^
/Applications/Xcode.app/Contents/Developer/Platforms/MacOSX.platform/Developer/SDKs/MacOSX27.0.sdk/System/Library/Frameworks/OpenGL.framework/Headers/gl.h:2931:13: note: 'glUseProgram' has been explicitly marked deprecated here
 2931 | extern void glUseProgram (GLuint program) OPENGL_DEPRECATED(10.0, 10.14);
      |             ^
In file included from /Users/cam/Documents/Projects/ultima-iv-web/vlc-thumbs/work/upstream/vlc-master-story005/extras/package/macosx/../../../modules/video_output/opengl/interop_cvpx.m:27:
In file included from /Users/cam/Documents/Projects/ultima-iv-web/vlc-thumbs/work/upstream/vlc-master-story005/extras/package/macosx/../../../modules/video_output/opengl/gl_util.h:31:
/Users/cam/Documents/Projects/ultima-iv-web/vlc-thumbs/work/upstream/vlc-master-story005/extras/package/macosx/../../../modules/video_output/opengl/gl_common.h:412:5: warning: 'glDeleteProgram' is deprecated: first deprecated in macOS 10.14 - OpenGL API deprecated. (Define GL_SILENCE_DEPRECATION to silence these warnings) [-Wdeprecated-declarations]
  412 |     PFNGLDELETEPROGRAMPROC DeleteProgram;
      |     ^
/Users/cam/Documents/Projects/ultima-iv-web/vlc-thumbs/work/upstream/vlc-master-story005/extras/package/macosx/../../../modules/video_output/opengl/gl_common.h:306:53: note: expanded from macro 'PFNGLDELETEPROGRAMPROC'
  306 | #   define PFNGLDELETEPROGRAMPROC            typeof(glDeleteProgram)*
      |                                                     ^
/Applications/Xcode.app/Contents/Developer/Platforms/MacOSX.platform/Developer/SDKs/MacOSX27.0.sdk/System/Library/Frameworks/OpenGL.framework/Headers/gl.h:2932:13: note: 'glDeleteProgram' has been explicitly marked deprecated here
 2932 | extern void glDeleteProgram (GLuint program) OPENGL_DEPRECATED(10.0, 10.14);
      |             ^
In file included from /Users/cam/Documents/Projects/ultima-iv-web/vlc-thumbs/work/upstream/vlc-master-story005/extras/package/macosx/../../../modules/video_output/opengl/interop_cvpx.m:27:
In file included from /Users/cam/Documents/Projects/ultima-iv-web/vlc-thumbs/work/upstream/vlc-master-story005/extras/package/macosx/../../../modules/video_output/opengl/gl_util.h:31:
/Users/cam/Documents/Projects/ultima-iv-web/vlc-thumbs/work/upstream/vlc-master-story005/extras/package/macosx/../../../modules/video_output/opengl/gl_common.h:413:5: warning: 'glGetAttachedShaders' is deprecated: first deprecated in macOS 10.14 - OpenGL API deprecated. (Define GL_SILENCE_DEPRECATION to silence these warnings) [-Wdeprecated-declarations]
  413 |     PFNGLGETATTACHEDSHADERPROC GetAttachedShaders;
      |     ^
/Users/cam/Documents/Projects/ultima-iv-web/vlc-thumbs/work/upstream/vlc-master-story005/extras/package/macosx/../../../modules/video_output/opengl/gl_common.h:279:53: note: expanded from macro 'PFNGLGETATTACHEDSHADERPROC'
  279 | #   define PFNGLGETATTACHEDSHADERPROC        typeof(glGetAttachedShaders)*
      |                                                     ^
/Applications/Xcode.app/Contents/Developer/Platforms/MacOSX.platform/Developer/SDKs/MacOSX27.0.sdk/System/Library/Frameworks/OpenGL.framework/Headers/gl.h:2957:13: note: 'glGetAttachedShaders' has been explicitly marked deprecated here
 2957 | extern void glGetAttachedShaders (GLuint program, GLsizei maxCount, GLsizei *count, GLuint *shaders) OPENGL_DEPRECATED(10.0, 10.14);
      |             ^
In file included from /Users/cam/Documents/Projects/ultima-iv-web/vlc-thumbs/work/upstream/vlc-master-story005/extras/package/macosx/../../../modules/video_output/opengl/interop_cvpx.m:27:
In file included from /Users/cam/Documents/Projects/ultima-iv-web/vlc-thumbs/work/upstream/vlc-master-story005/extras/package/macosx/../../../modules/video_output/opengl/gl_util.h:31:
/Users/cam/Documents/Projects/ultima-iv-web/vlc-thumbs/work/upstream/vlc-master-story005/extras/package/macosx/../../../modules/video_output/opengl/gl_common.h:419:5: warning: 'glGenBuffers' is deprecated: first deprecated in macOS 10.14 - OpenGL API deprecated. (Define GL_SILENCE_DEPRECATION to silence these warnings) [-Wdeprecated-declarations]
  419 |     PFNGLGENBUFFERSPROC    GenBuffers;
      |     ^
/Users/cam/Documents/Projects/ultima-iv-web/vlc-thumbs/work/upstream/vlc-master-story005/extras/package/macosx/../../../modules/video_output/opengl/gl_common.h:308:53: note: expanded from macro 'PFNGLGENBUFFERSPROC'
  308 | #   define PFNGLGENBUFFERSPROC               typeof(glGenBuffers)*
      |                                                     ^
/Applications/Xcode.app/Contents/Developer/Platforms/MacOSX.platform/Developer/SDKs/MacOSX27.0.sdk/System/Library/Frameworks/OpenGL.framework/Headers/gl.h:2869:13: note: 'glGenBuffers' has been explicitly marked deprecated here
 2869 | extern void glGenBuffers (GLsizei n, GLuint *buffers) OPENGL_DEPRECATED(10.0, 10.14);
      |             ^
In file included from /Users/cam/Documents/Projects/ultima-iv-web/vlc-thumbs/work/upstream/vlc-master-story005/extras/package/macosx/../../../modules/video_output/opengl/interop_cvpx.m:27:
In file included from /Users/cam/Documents/Projects/ultima-iv-web/vlc-thumbs/work/upstream/vlc-master-story005/extras/package/macosx/../../../modules/video_output/opengl/gl_util.h:31:
/Users/cam/Documents/Projects/ultima-iv-web/vlc-thumbs/work/upstream/vlc-master-story005/extras/package/macosx/../../../modules/video_output/opengl/gl_common.h:420:5: warning: 'glBindBuffer' is deprecated: first deprecated in macOS 10.14 - OpenGL API deprecated. (Define GL_SILENCE_DEPRECATION to silence these warnings) [-Wdeprecated-declarations]
  420 |     PFNGLBINDBUFFERPROC    BindBuffer;
      |     ^
/Users/cam/Documents/Projects/ultima-iv-web/vlc-thumbs/work/upstream/vlc-master-story005/extras/package/macosx/../../../modules/video_output/opengl/gl_common.h:309:53: note: expanded from macro 'PFNGLBINDBUFFERPROC'
  309 | #   define PFNGLBINDBUFFERPROC               typeof(glBindBuffer)*
      |                                                     ^
/Applications/Xcode.app/Contents/Developer/Platforms/MacOSX.platform/Developer/SDKs/MacOSX27.0.sdk/System/Library/Frameworks/OpenGL.framework/Headers/gl.h:2867:13: note: 'glBindBuffer' has been explicitly marked deprecated here
 2867 | extern void glBindBuffer (GLenum target, GLuint buffer) OPENGL_DEPRECATED(10.0, 10.14);
      |             ^
In file included from /Users/cam/Documents/Projects/ultima-iv-web/vlc-thumbs/work/upstream/vlc-master-story005/extras/package/macosx/../../../modules/video_output/opengl/interop_cvpx.m:27:
In file included from /Users/cam/Documents/Projects/ultima-iv-web/vlc-thumbs/work/upstream/vlc-master-story005/extras/package/macosx/../../../modules/video_output/opengl/gl_util.h:31:
/Users/cam/Documents/Projects/ultima-iv-web/vlc-thumbs/work/upstream/vlc-master-story005/extras/package/macosx/../../../modules/video_output/opengl/gl_common.h:421:5: warning: 'glBufferData' is deprecated: first deprecated in macOS 10.14 - OpenGL API deprecated. (Define GL_SILENCE_DEPRECATION to silence these warnings) [-Wdeprecated-declarations]
  421 |     PFNGLBUFFERDATAPROC    BufferData;
      |     ^
/Users/cam/Documents/Projects/ultima-iv-web/vlc-thumbs/work/upstream/vlc-master-story005/extras/package/macosx/../../../modules/video_output/opengl/gl_common.h:310:53: note: expanded from macro 'PFNGLBUFFERDATAPROC'
  310 | #   define PFNGLBUFFERDATAPROC               typeof(glBufferData)*
      |                                                     ^
/Applications/Xcode.app/Contents/Developer/Platforms/MacOSX.platform/Developer/SDKs/MacOSX27.0.sdk/System/Library/Frameworks/OpenGL.framework/Headers/gl.h:2871:13: note: 'glBufferData' has been explicitly marked deprecated here
 2871 | extern void glBufferData (GLenum target, GLsizeiptr size, const GLvoid *data, GLenum usage) OPENGL_DEPRECATED(10.0, 10.14);
      |             ^
In file included from /Users/cam/Documents/Projects/ultima-iv-web/vlc-thumbs/work/upstream/vlc-master-story005/extras/package/macosx/../../../modules/video_output/opengl/interop_cvpx.m:27:
In file included from /Users/cam/Documents/Projects/ultima-iv-web/vlc-thumbs/work/upstream/vlc-master-story005/extras/package/macosx/../../../modules/video_output/opengl/gl_util.h:31:
/Users/cam/Documents/Projects/ultima-iv-web/vlc-thumbs/work/upstream/vlc-master-story005/extras/package/macosx/../../../modules/video_output/opengl/gl_common.h:422:5: warning: 'glDeleteBuffers' is deprecated: first deprecated in macOS 10.14 - OpenGL API deprecated. (Define GL_SILENCE_DEPRECATION to silence these warnings) [-Wdeprecated-declarations]
  422 |     PFNGLDELETEBUFFERSPROC DeleteBuffers;
      |     ^
/Users/cam/Documents/Projects/ultima-iv-web/vlc-thumbs/work/upstream/vlc-master-story005/extras/package/macosx/../../../modules/video_output/opengl/gl_common.h:312:53: note: expanded from macro 'PFNGLDELETEBUFFERSPROC'
  312 | #   define PFNGLDELETEBUFFERSPROC            typeof(glDeleteBuffers)*
      |                                                     ^
/Applications/Xcode.app/Contents/Developer/Platforms/MacOSX.platform/Developer/SDKs/MacOSX27.0.sdk/System/Library/Frameworks/OpenGL.framework/Headers/gl.h:2868:13: note: 'glDeleteBuffers' has been explicitly marked deprecated here
 2868 | extern void glDeleteBuffers (GLsizei n, const GLuint *buffers) OPENGL_DEPRECATED(10.0, 10.14);
      |             ^
In file included from /Users/cam/Documents/Projects/ultima-iv-web/vlc-thumbs/work/upstream/vlc-master-story005/extras/package/macosx/../../../modules/video_output/opengl/interop_cvpx.m:27:
In file included from /Users/cam/Documents/Projects/ultima-iv-web/vlc-thumbs/work/upstream/vlc-master-story005/extras/package/macosx/../../../modules/video_output/opengl/gl_util.h:31:
/Users/cam/Documents/Projects/ultima-iv-web/vlc-thumbs/work/upstream/vlc-master-story005/extras/package/macosx/../../../modules/video_output/opengl/gl_common.h:446:5: warning: 'glBufferSubData' is deprecated: first deprecated in macOS 10.14 - OpenGL API deprecated. (Define GL_SILENCE_DEPRECATION to silence these warnings) [-Wdeprecated-declarations]
  446 |     PFNGLBUFFERSUBDATAPROC          BufferSubData; /* can be NULL */
      |     ^
/Users/cam/Documents/Projects/ultima-iv-web/vlc-thumbs/work/upstream/vlc-master-story005/extras/package/macosx/../../../modules/video_output/opengl/gl_common.h:311:53: note: expanded from macro 'PFNGLBUFFERSUBDATAPROC'
  311 | #   define PFNGLBUFFERSUBDATAPROC            typeof(glBufferSubData)*
      |                                                     ^
/Applications/Xcode.app/Contents/Developer/Platforms/MacOSX.platform/Developer/SDKs/MacOSX27.0.sdk/System/Library/Frameworks/OpenGL.framework/Headers/gl.h:2872:13: note: 'glBufferSubData' has been explicitly marked deprecated here
 2872 | extern void glBufferSubData (GLenum target, GLintptr offset, GLsizeiptr size, const GLvoid *data) OPENGL_DEPRECATED(10.0, 10.14);
      |             ^
  CC       video_output/opengl/libvout_macosx_plugin_la-sub_renderer.lo
1 warning generated.
  CC       video_output/opengl/libvout_macosx_plugin_la-vout_helper.lo
  OBJC     video_output/libcaopengllayer_plugin_la-caopengllayer.lo
  CC       video_output/opengl/libcaopengllayer_plugin_la-renderer.lo
/Users/cam/Documents/Projects/ultima-iv-web/vlc-thumbs/work/upstream/vlc-master-story005/extras/package/macosx/../../../modules/video_output/opengl/interop_cvpx.m:147:21: warning: 'CGLErrorString' is deprecated: first deprecated in macOS 10.14 - OpenGL API deprecated. (Define GL_SILENCE_DEPRECATION to silence these warnings) [-Wdeprecated-declarations]
  147 |                     CGLErrorString(err));
      |                     ^
/Applications/Xcode.app/Contents/Developer/Platforms/MacOSX.platform/Developer/SDKs/MacOSX27.0.sdk/System/Library/Frameworks/OpenGL.framework/Headers/OpenGL.h:122:13: note: 'CGLErrorString' has been explicitly marked deprecated here
  122 | const char *CGLErrorString(CGLError error) OPENGL_DEPRECATED(10.0, 10.14);
      |             ^
/Users/cam/Documents/Projects/ultima-iv-web/vlc-thumbs/work/upstream/vlc-master-story005/extras/package/macosx/../../../modules/video_output/opengl/interop_cvpx.m:131:53: warning: comparison of integers of different signs: 'size_t' (aka 'unsigned long') and 'const int32_t' (aka 'const int') [-Wsign-compare]
  131 |         assert(IOSurfaceGetWidthOfPlane(surface, i) >= tex_width[i]);
      |                ~~~~~~~~~~~~~~~~~~~~~~~~~~~~~~~~~~~~ ^  ~~~~~~~~~~~~
/Applications/Xcode.app/Contents/Developer/Platforms/MacOSX.platform/Developer/SDKs/MacOSX27.0.sdk/usr/include/assert.h:72:25: note: expanded from macro 'assert'
   72 |     (__builtin_expect(!(e), 0) ? __assert_rtn(__func__, __ASSERT_FILE_NAME, __LINE__, #e) : (void)0)
      |                         ^
/Users/cam/Documents/Projects/ultima-iv-web/vlc-thumbs/work/upstream/vlc-master-story005/extras/package/macosx/../../../modules/video_output/opengl/interop_cvpx.m:132:54: warning: comparison of integers of different signs: 'size_t' (aka 'unsigned long') and 'const int32_t' (aka 'const int') [-Wsign-compare]
  132 |         assert(IOSurfaceGetHeightOfPlane(surface, i) >= tex_height[i]);
      |                ~~~~~~~~~~~~~~~~~~~~~~~~~~~~~~~~~~~~~ ^  ~~~~~~~~~~~~~
/Applications/Xcode.app/Contents/Developer/Platforms/MacOSX.platform/Developer/SDKs/MacOSX27.0.sdk/usr/include/assert.h:72:25: note: expanded from macro 'assert'
   72 |     (__builtin_expect(!(e), 0) ? __assert_rtn(__func__, __ASSERT_FILE_NAME, __LINE__, #e) : (void)0)
      |                         ^
39 warnings generated.
  CC       video_output/opengl/libcaopengllayer_plugin_la-sub_renderer.lo
  CC       video_output/opengl/libcaopengllayer_plugin_la-vout_helper.lo
/Users/cam/Documents/Projects/ultima-iv-web/vlc-thumbs/work/upstream/vlc-master-story005/extras/package/macosx/../../../modules/video_output/macosx.m:160:25: warning: unused variable 'sys' [-Wunused-variable]
  160 |     vout_display_sys_t *sys = vd->sys;
      |                         ^~~
/Users/cam/Documents/Projects/ultima-iv-web/vlc-thumbs/work/upstream/vlc-master-story005/extras/package/macosx/../../../modules/video_output/macosx.m:634:2: warning: Missing mouse handling, must be implemented in Vout Window [-W#warnings]
  634 | #warning Missing mouse handling, must be implemented in Vout Window
      |  ^
/Users/cam/Documents/Projects/ultima-iv-web/vlc-thumbs/work/upstream/vlc-master-story005/extras/package/macosx/../../../modules/video_output/macosx.m:470:80: warning: unused parameter 'notification' [-Wunused-parameter]
  470 |                                                   usingBlock:^(NSNotification *notification) {
      |                                                                                ^
3 warnings generated.
  OBJC     video_output/libwindow_macosx_plugin_la-window_macosx.lo
  CC       video_output/flaschen.lo
  CC       video_output/vdummy.lo
  CC       video_output/splitter.lo
  CC       video_output/vmem.lo
  CC       video_output/wdummy.lo
  CC       video_output/wextern.lo
/Users/cam/Documents/Projects/ultima-iv-web/vlc-thumbs/work/upstream/vlc-master-story005/extras/package/macosx/../../../modules/video_output/caopengllayer.m:306:46: warning: unused parameter 'width' [-Wunused-parameter]
  306 | static int OpenOpenGL(vlc_gl_t *gl, unsigned width, unsigned height,
      |                                              ^
/Users/cam/Documents/Projects/ultima-iv-web/vlc-thumbs/work/upstream/vlc-master-story005/extras/package/macosx/../../../modules/video_output/caopengllayer.m:306:62: warning: unused parameter 'height' [-Wunused-parameter]
  306 | static int OpenOpenGL(vlc_gl_t *gl, unsigned width, unsigned height,
      |                                                              ^
/Users/cam/Documents/Projects/ultima-iv-web/vlc-thumbs/work/upstream/vlc-master-story005/extras/package/macosx/../../../modules/video_output/caopengllayer.m:307:48: warning: unused parameter 'cfg' [-Wunused-parameter]
  307 |                       const struct vlc_gl_cfg *cfg)
      |                                                ^
/Users/cam/Documents/Projects/ultima-iv-web/vlc-thumbs/work/upstream/vlc-master-story005/extras/package/macosx/../../../modules/video_output/caopengllayer.m:469:25: warning: unused variable 'sys' [-Wunused-variable]
  469 |     vout_display_sys_t *sys;
      |                         ^~~
  CC       video_output/vgl.lo
  CC       video_output/yuv.lo
4 warnings generated.
  CC       isa/aarch64/simd/deinterlace.lo
  CPPAS    isa/aarch64/simd/merge.lo
  CC       isa/aarch64/sve/deinterlace.lo
  CPPAS    isa/aarch64/sve/merge.lo
  CC       access/data.lo
  CXX      access/dcp/libdcp_plugin_la-dcp.lo
  CXX      access/dcp/libdcp_plugin_la-dcpparser.lo
In file included from /Users/cam/Documents/Projects/ultima-iv-web/vlc-thumbs/work/upstream/vlc-master-story005/extras/package/macosx/../../../modules/access/dcp/dcpparser.cpp:In file included from /Users/cam/Documents/Projects/ultima-iv-web/vlc-thumbs/work/upstream/vlc-master-story005/extras/package/macosx/../../../modules/access/dcp/dcp.cpp:40:
In file included from ../config.h:896:
In file included from /Users/cam/Documents/Projects/ultima-iv-web/vlc-thumbs/work/upstream/vlc-master-story005/extras/package/macosx/../../../include/vlc_fixups.h:166:
In file included from 34:
In file included from /Applications/Xcode.app/Contents/Developer/Platforms/MacOSX.platform/Developer/SDKs/MacOSX27.0.sdk/usr/include/c++/v1/stddef.h:30:
In file included from /Applications/Xcode.app/Contents/Developer/Platforms/MacOSX.platform/Developer/SDKs/MacOSX27.0.sdk/usr/include/c++/v1/__config../config.h:896:
In file included from /Users/cam/Documents/Projects/ultima-iv-web/vlc-thumbs/work/upstream/vlc-master-story005/extras/package/macosx/../../../include/vlc_fixups.h:166:
In file included from /Applications/Xcode.app/Contents/Developer/Platforms/MacOSX.platform/Developer/SDKs/MacOSX27.0.sdk/usr/include/c++/v1/stddef.h:30:
In file included from /Applications/Xcode.app/Contents/Developer/Platforms/MacOSX.platform/Developer/SDKs/MacOSX27.0.sdk/usr/include/c++/v1/__config:15:
/Applications/Xcode.app/Contents/Developer/Platforms/MacOSX.platform/Developer/SDKs/MacOSX27.0.sdk/usr/include/c++/v1/__configuration/availability.h:204:4: warning: "The selected platform is no longer supported by libc++." [-W#warnings]
:15:
/Applications/Xcode.app/Contents/Developer/Platforms/MacOSX.platform/Developer/SDKs/MacOSX27.0.sdk/usr/include/c++/v1/__configuration/availability.h  204 | #  warning "The select:204:4: warning: "The selected platform is no longer supported by libc++." [-W#warnings]
e  204 | #  ward platforning "The selected platformm is no longer support is no longer supported by libc++."
      |    ^
ed by libc++."
      |    ^
  CXX      access/dcp/libdcp_plugin_la-dcpdecrypt.lo
In file included from /Users/cam/Documents/Projects/ultima-iv-web/vlc-thumbs/work/upstream/vlc-master-story005/extras/package/macosx/../../../modules/access/dcp/dcpdecrypt.cpp:34:
In file included from ../config.h:896:
In file included from /Users/cam/Documents/Projects/ultima-iv-web/vlc-thumbs/work/upstream/vlc-master-story005/extras/package/macosx/../../../include/vlc_fixups.h:166:
In file included from /Applications/Xcode.app/Contents/Developer/Platforms/MacOSX.platform/Developer/SDKs/MacOSX27.0.sdk/usr/include/c++/v1/stddef.h:30:
In file included from /Applications/Xcode.app/Contents/Developer/Platforms/MacOSX.platform/Developer/SDKs/MacOSX27.0.sdk/usr/include/c++/v1/__config:15:
/Applications/Xcode.app/Contents/Developer/Platforms/MacOSX.platform/Developer/SDKs/MacOSX27.0.sdk/usr/include/c++/v1/__configuration/availability.h:204:4: warning: "The selected platform is no longer supported by libc++." [-W#warnings]
  204 | #  warning "The selected platform is no longer supported by libc++."
      |    ^
/Users/cam/Documents/Projects/ultima-iv-web/vlc-thumbs/work/upstream/vlc-master-story005/extras/package/macosx/../../../modules/video_output/window_macosx.m:283:80: warning: semicolon before method body is ignored [-Wsemicolon-before-method-body]
  283 | - (instancetype)initWithModuleDelegate:(VLCVideoWindowModuleDelegate *)delegate;
      |                                                                                ^
/Users/cam/Documents/Projects/ultima-iv-web/vlc-thumbs/work/upstream/vlc-master-story005/extras/package/macosx/../../../modules/video_output/window_macosx.m:410:80: warning: semicolon before method body is ignored [-Wsemicolon-before-method-body]
  410 | - (instancetype)initWithModuleDelegate:(VLCVideoWindowModuleDelegate *)delegate;
      |                                                                                ^
/Users/cam/Documents/Projects/ultima-iv-web/vlc-thumbs/work/upstream/vlc-master-story005/extras/package/macosx/../../../modules/video_output/window_macosx.m:655:64: warning: unused parameter 'idstr' [-Wunused-parameter]
  655 | static void WindowSetFullscreen(vlc_window_t *wnd, const char *idstr)
      |                                                                ^
3 warnings generated.
  CC       access/libfilesystem_plugin_la-file.lo
  CC       access/libfilesystem_plugin_la-directory.lo
  CC       access/libfilesystem_plugin_la-fs.lo
  CC       access/idummy.lo
  CC       access/imem-access.lo
  CC       access/imem.lo
1 warning generated.
  CC       access/sdp.lo
  CC       access/timecode.lo
1 warning generated.
  CC       access/vdr.lo
  OBJC     access/libavaudiocapture_plugin_la-avaudiocapture.lo
  OBJC     access/libavcapture_plugin_la-avcapture.lo
  CXX      access/libdecklink_plugin_la-decklink.lo
In file included from /Users/cam/Documents/Projects/ultima-iv-web/vlc-thumbs/work/upstream/vlc-master-story005/extras/package/macosx/../../../modules/access/decklink.cpp:26:
In file included from ../config.h:896:
In file included from /Users/cam/Documents/Projects/ultima-iv-web/vlc-thumbs/work/upstream/vlc-master-story005/extras/package/macosx/../../../include/vlc_fixups.h:166:
In file included from /Applications/Xcode.app/Contents/Developer/Platforms/MacOSX.platform/Developer/SDKs/MacOSX27.0.sdk/usr/include/c++/v1/stddef.h:30:
In file included from /Applications/Xcode.app/Contents/Developer/Platforms/MacOSX.platform/Developer/SDKs/MacOSX27.0.sdk/usr/include/c++/v1/__config:15:
/Applications/Xcode.app/Contents/Developer/Platforms/MacOSX.platform/Developer/SDKs/MacOSX27.0.sdk/usr/include/c++/v1/__configuration/availability.h:204:4: warning: "The selected platform is no longer supported by libc++." [-W#warnings]
  204 | #  warning "The selected platform is no longer supported by libc++."
      |    ^
1 warning generated.
  CC       access/sdi.lo
  CC       access/shm.lo
  CC       access/screen/screen.lo
  CC       access/screen/mac.lo
1 warning generated.
  CC       access/vcd/libcdda_plugin_la-cdrom.lo
/Users/cam/Documents/Projects/ultima-iv-web/vlc-thumbs/work/upstream/vlc-master-story005/extras/package/macosx/../../../modules/access/avaudiocapture.m:190:55: warning: 'devicesWithMediaType:' is deprecated: first deprecated in macOS 10.15 - Use AVCaptureDeviceDiscoverySession instead. [-Wdeprecated-declarations]
  190 |         NSArray *knownAudioDevices = [AVCaptureDevice devicesWithMediaType:AVMediaTypeAudio];
      |                                                       ^
/Applications/Xcode.app/Contents/Developer/Platforms/MacOSX.platform/Developer/SDKs/MacOSX27.0.sdk/System/Library/Frameworks/AVFoundation.framework/Headers/AVCaptureDevice.h:168:1: note: 'devicesWithMediaType:' has been explicitly marked deprecated here
  168 | + (NSArray<AVCaptureDevice *> *)devicesWithMediaType:(AVMediaType)mediaType API_DEPRECATED("Use AVCaptureDeviceDiscoverySession instead.", ios(4.0, 10.0), macos(10.7, 10.15)) API_UNAVAILABLE(visionos) API_UNAVAILABLE(tvos);
      | ^
/Users/cam/Documents/Projects/ultima-iv-web/vlc-thumbs/work/upstream/vlc-master-story005/extras/package/macosx/../../../modules/access/avcapture.m:362:40: warning: 'devicesWithMediaType:' is deprecated: first deprecated in macOS 10.15 - Use AVCaptureDeviceDiscoverySession instead. [-Wdeprecated-declarations]
  362 |     myVideoDevices = [[AVCaptureDevice devicesWithMediaType:AVMediaTypeVideo]
      |                                        ^
/Applications/Xcode.app/Contents/Developer/Platforms/MacOSX.platform/Developer/SDKs/MacOSX27.0.sdk/System/Library/Frameworks/AVFoundation.framework/Headers/AVCaptureDevice.h:168:1: note: 'devicesWithMediaType:' has been explicitly marked deprecated here
  168 | + (NSArray<AVCaptureDevice *> *)devicesWithMediaType:(AVMediaType)mediaType API_DEPRECATED("Use AVCaptureDeviceDiscoverySession instead.", ios(4.0, 10.0), macos(10.7, 10.15)) API_UNAVAILABLE(visionos) API_UNAVAILABLE(tvos);
      | ^
/Users/cam/Documents/Projects/ultima-iv-web/vlc-thumbs/work/upstream/vlc-master-story005/extras/package/macosx/../../../modules/access/avcapture.m:363:71: warning: 'devicesWithMediaType:' is deprecated: first deprecated in macOS 10.15 - Use AVCaptureDeviceDiscoverySession instead. [-Wdeprecated-declarations]
  363 |                        arrayByAddingObjectsFromArray:[AVCaptureDevice devicesWithMediaType:AVMediaTypeMuxed]];
      |                                                                       ^
/Applications/Xcode.app/Contents/Developer/Platforms/MacOSX.platform/Developer/SDKs/MacOSX27.0.sdk/System/Library/Frameworks/AVFoundation.framework/Headers/AVCaptureDevice.h:168:1: note: 'devicesWithMediaType:' has been explicitly marked deprecated here
  168 | + (NSArray<AVCaptureDevice *> *)devicesWithMediaType:(AVMediaType)mediaType API_DEPRECATED("Use AVCaptureDeviceDiscoverySession instead.", ios(4.0, 10.0), macos(10.7, 10.15)) API_UNAVAILABLE(visionos) API_UNAVAILABLE(tvos);
      | ^
/Users/cam/Documents/Projects/ultima-iv-web/vlc-thumbs/work/upstream/vlc-master-story005/extras/package/macosx/../../../modules/access/avcapture.m:384:17: warning: comparison of integers of different signs: 'int' and 'NSUInteger' (aka 'unsigned long') [-Wsign-compare]
  384 |     if ( ivideo < [myVideoDevices count] )
      |          ~~~~~~ ^ ~~~~~~~~~~~~~~~~~~~~~~
/Users/cam/Documents/Projects/ultima-iv-web/vlc-thumbs/work/upstream/vlc-master-story005/extras/package/macosx/../../../modules/access/vcd/cdrom.c:862:1: warning: unused label 'unrecoverable' [-Wunused-label]
  862 | unrecoverable:
      | ^~~~~~~~~~~~~~
/Users/cam/Documents/Projects/ultima-iv-web/vlc-thumbs/work/upstream/vlc-master-story005/extras/package/macosx/../../../modules/access/vcd/cdrom.c:266:13: warning: unused function 'TracksRangeIsValid' [-Wunused-function]
  266 | static bool TracksRangeIsValid( int i_first, int i_last )
      |             ^~~~~~~~~~~~~~~~~~
1 warning generated.
3 warnings generated.
  CC       misc/webservices/libcdda_plugin_la-musicbrainz.lo
  CC       demux/json/libvlc_json_la-libvlc_json_la-lexicon.lo
  CC       demux/json/libvlc_json_la-grammar.lo
2 warnings generated.
  CC       demux/json/libvlc_json_la-json.lo
demux/json/grammar.c:1082:9: warning: variable 'jsonnerrs' set but not used [-Wunused-but-set-variable]
 1082 |     int yynerrs = 0;
      |         ^
demux/json/grammar.c:73:25: note: expanded from macro 'yynerrs'
   73 | #define yynerrs         jsonnerrs
      |                         ^
1 warning generated.
  CCLD     libvcd_plugin.la
  CCLD     libdvdnav_plugin.la
  CCLD     libdvdread_plugin.la
  CCLD     liblibbluray_plugin.la
  CCLD     libftp_plugin.la
  CCLD     libgopher_plugin.la
  CCLD     libhttp_plugin.la
  CC       access/http/libvlc_http_la-message.lo
  CC       access/http/libvlc_http_la-resource.lo
  CC       access/http/libvlc_http_la-file.lo
  CC       access/http/libvlc_http_la-live.lo
  CC       access/http/libvlc_http_la-outfile.lo
  CC       access/http/libvlc_http_la-hpack.lo
  CC       access/http/libvlc_http_la-hpackenc.lo
  CC       access/http/libvlc_http_la-h2frame.lo
  CC       access/http/libvlc_http_la-h2output.lo
  CC       access/http/libvlc_http_la-h2conn.lo
  CC       access/http/libvlc_http_la-h1conn.lo
  CC       access/http/libvlc_http_la-ports.lo
  CC       access/http/libvlc_http_la-chunked.lo
  CC       access/http/libvlc_http_la-tunnel.lo
  CC       access/http/libvlc_http_la-connmgr.lo
  CC       access/mms/asf.lo
  CC       access/mms/buffer.lo
/Users/cam/Documents/Projects/ultima-iv-web/vlc-thumbs/work/upstream/vlc-master-story005/extras/package/macosx/../../../modules/access/mms/asf.c:77:57: warning: comparison of integers of different signs: 'int' and 'uint64_t' (aka 'unsigned long long') [-Wsign-compare]
   77 |         if( i_size < 24 || var_buffer_remain( &buffer ) < i_size - 24 )
      |                            ~~~~~~~~~~~~~~~~~~~~~~~~~~~~ ^ ~~~~~~~~~~~
  CC       codec/opus_header.lo
1 warning generated.
  CCLD     libaccess_mms_plugin.la
  CCLD     libvlc_access_cache.la
  CCLD     libnoidea_plugin.la
  CCLD     libtcp_plugin.la
  CCLD     libudp_plugin.la
  CCLD     libamt_plugin.la
  CCLD     libsftp_plugin.la
  CCLD     libnfs_plugin.la
  CCLD     libsatip_plugin.la
  CCLD     libaccess_concat_plugin.la
  CCLD     libaccess_srt_plugin.la
  CCLD     librist_plugin.la
  CC       access/rtp/librtp_plugin_la-input.lo
  CC       access/rtp/librtp_plugin_la-sdp.lo
  CC       access/rtp/librtp_plugin_la-datagram.lo
  CC       access/rtp/librtp_plugin_la-rtp.lo
  CC       access/rtp/libvlc_rtp_la-rtpfmt.lo
  CC       access/rtp/libvlc_rtp_la-session.lo
  CC       access/rtp/libvlc_srtp_la-srtp.lo
  CC       access_output/dummy.lo
/Users/cam/Documents/Projects/ultima-iv-web/vlc-thumbs/work/upstream/vlc-master-story005/extras/package/macosx/../../../modules/access/rtp/srtp.c:219:23: warning: variable length array folded to constant array as an extension [-Wgnu-folding-constant]
  219 |         uint8_t dummy[ctrlen];
      |                       ^~~~~~
  CC       access_output/file.lo
  CC       access_output/http.lo
1 warning generated.
  CC       access_output/libaccess_output_livehttp_plugin_la-livehttp.lo
  CC       access_output/libaccess_output_shout_plugin_la-shout.lo
  CC       access_output/libaccess_http_put_plugin_la-http-put.lo
  CC       access_output/libaccess_output_srt_plugin_la-srt.lo
  CC       access_output/libaccess_output_rist_plugin_la-rist.lo
/Users/cam/Documents/Projects/ultima-iv-web/vlc-thumbs/work/upstream/vlc-master-story005/extras/package/macosx/../../../modules/access_output/srt.c:251:19: warning: variable length array folded to constant array as an extension [-Wgnu-folding-constant]
  251 |     uint8_t chunk[SRT_LIVE_MAX_PLSIZE];
      |                   ^~~~~~~~~~~~~~~~~~~
  CC       audio_output/adummy.lo
  CC       audio_output/libafile_plugin_la-file.lo
1 warning generated.
  CC       audio_output/amem.lo
  CC       audio_output/apple/auhal.lo
  CC       audio_output/apple/coreaudio_common.lo
  CC       audio_output/apple/channel_layout.lo
  OBJC     audio_output/apple/libavsamplebuffer_plugin_la-avsamplebuffer.lo
  CC       audio_filter/audiobargraph_a.lo
  CC       audio_filter/chorus_flanger.lo
  CC       audio_filter/compressor.lo
  CC       audio_filter/dynamics.lo
  CC       audio_filter/expander.lo
  CC       audio_filter/limiter.lo
  CC       audio_filter/equalizer.lo
  CC       audio_filter/gate.lo
  CC       audio_filter/karaoke.lo
  CC       audio_filter/normvol.lo
  CC       audio_filter/gain.lo
  CC       audio_filter/param_eq.lo
  CC       audio_filter/scaletempo.lo
  CC       audio_filter/libscaletempo_pitch_plugin_la-scaletempo.lo
  CXX      audio_filter/spatializer/allpass.lo
In file included from /Users/cam/Documents/Projects/ultima-iv-web/vlc-thumbs/work/upstream/vlc-master-story005/extras/package/macosx/../../../modules/audio_filter/spatializer/allpass.cpp:8:
In file included from /Applications/Xcode.app/Contents/Developer/Platforms/MacOSX.platform/Developer/SDKs/MacOSX27.0.sdk/usr/include/c++/v1/stddef.h:30:
In file included from /Applications/Xcode.app/Contents/Developer/Platforms/MacOSX.platform/Developer/SDKs/MacOSX27.0.sdk/usr/include/c++/v1/__config:15:
/Applications/Xcode.app/Contents/Developer/Platforms/MacOSX.platform/Developer/SDKs/MacOSX27.0.sdk/usr/include/c++/v1/__configuration/availability.h:204:4: warning: "The selected platform is no longer supported by libc++." [-W#warnings]
  204 | #  warning "The selected platform is no longer supported by libc++."
      |    ^
1 warning generated.
  CXX      audio_filter/spatializer/comb.lo
  CC       audio_filter/spatializer/denormals.lo
  CXX      audio_filter/spatializer/revmodel.lo
In file included from /Users/cam/Documents/Projects/ultima-iv-web/vlc-thumbs/work/upstream/vlc-master-story005/extras/package/macosx/../../../modules/audio_filter/spatializer/comb.cpp:8:
In file included from /Applications/Xcode.app/Contents/Developer/Platforms/MacOSX.platform/Developer/SDKs/MacOSX27.0.sdk/usr/include/c++/v1/stddef.h:30:
In file included from /Applications/Xcode.app/Contents/Developer/Platforms/MacOSX.platform/Developer/SDKs/MacOSX27.0.sdk/usr/include/c++/v1/__config:15:
/Applications/Xcode.app/Contents/Developer/Platforms/MacOSX.platform/Developer/SDKs/MacOSX27.0.sdk/usr/include/c++/v1/__configuration/availability.h:204:4: warning: "The selected platform is no longer supported by libc++." [-W#warnings]
  204 | #  warning "The selected platform is no longer supported by libc++."
      |    ^
1 warning generated.
In file included from /Users/cam/Documents/Projects/ultima-iv-web/vlc-thumbs/work/upstream/vlc-master-story005/extras/package/macosx/../../../modules/audio_filter/spatializer/revmodel.cpp:16:
In file included from /Applications/Xcode.app/Contents/Developer/Platforms/MacOSX.platform/Developer/SDKs/MacOSX27.0.sdk/usr/include/c++/v1/stdlib.h:79:
In file included from /Applications/Xcode.app/Contents/Developer/Platforms/MacOSX.platform/Developer/SDKs/MacOSX27.0.sdk/usr/include/c++/v1/__config:15:
/Applications/Xcode.app/Contents/Developer/Platforms/MacOSX.platform/Developer/SDKs/MacOSX27.0.sdk/usr/include/c++/v1/__configuration/availability.h:204:4: warning: "The selected platform is no longer supported by libc++." [-W#warnings]
  204 | #  warning "The selected platform is no longer supported by libc++."
      |    ^
  CXX      audio_filter/spatializer/spatializer.lo
  CCLD     libstereo_widen_plugin.la
In file included from /Users/cam/Documents/Projects/ultima-iv-web/vlc-thumbs/work/upstream/vlc-master-story005/extras/package/macosx/../../../modules/audio_filter/spatializer/spatializer.cpp:31:
In file included from ../config.h:896:
In file included from /Users/cam/Documents/Projects/ultima-iv-web/vlc-thumbs/work/upstream/vlc-master-story005/extras/package/macosx/../../../include/vlc_fixups.h:166:
In file included from /Applications/Xcode.app/Contents/Developer/Platforms/MacOSX.platform/Developer/SDKs/MacOSX27.0.sdk/usr/include/c++/v1/stddef.h:30:
In file included from /Applications/Xcode.app/Contents/Developer/Platforms/MacOSX.platform/Developer/SDKs/MacOSX27.0.sdk/usr/include/c++/v1/__config:15:
/Applications/Xcode.app/Contents/Developer/Platforms/MacOSX.platform/Developer/SDKs/MacOSX27.0.sdk/usr/include/c++/v1/__configuration/availability.h:204:4: warning: "The selected platform is no longer supported by libc++." [-W#warnings]
  204 | #  warning "The selected platform is no longer supported by libc++."
      |    ^
1 warning generated.
  CCLD     libcenter_plugin.la
  CCLD     libstereopan_plugin.la
1 warning generated.
  CC       audio_filter/channel_mixer/dolby.lo
  CC       audio_filter/channel_mixer/headphone.lo
  CC       audio_filter/channel_mixer/mono.lo
  CC       audio_filter/channel_mixer/remap.lo
  CC       audio_filter/channel_mixer/libsimple_channel_mixer_plugin_la-simple.lo
  CC       audio_filter/channel_mixer/trivial.lo
  CXX      audio_filter/channel_mixer/libspatialaudio_plugin_la-spatialaudio.lo
  CC       audio_filter/converter/tospdif.lo
In file included from /Users/cam/Documents/Projects/ultima-iv-web/vlc-thumbs/work/upstream/vlc-master-story005/extras/package/macosx/../../../modules/audio_filter/channel_mixer/spatialaudio.cpp:28:
In file included from ../config.h:896:
In file included from /Users/cam/Documents/Projects/ultima-iv-web/vlc-thumbs/work/upstream/vlc-master-story005/extras/package/macosx/../../../include/vlc_fixups.h:166:
In file included from /Applications/Xcode.app/Contents/Developer/Platforms/MacOSX.platform/Developer/SDKs/MacOSX27.0.sdk/usr/include/c++/v1/stddef.h:30:
In file included from /Applications/Xcode.app/Contents/Developer/Platforms/MacOSX.platform/Developer/SDKs/MacOSX27.0.sdk/usr/include/c++/v1/__config:15:
/Applications/Xcode.app/Contents/Developer/Platforms/MacOSX.platform/Developer/SDKs/MacOSX27.0.sdk/usr/include/c++/v1/__configuration/availability.h:204:4: warning: "The selected platform is no longer supported by libc++." [-W#warnings]
  204 | #  warning "The selected platform is no longer supported by libc++."
      |    ^
  CC       packetizer/dts_header.lo
  CCLD     libaudio_format_plugin.la
  CC       audio_filter/resampler/libsamplerate_plugin_la-src.lo
  CC       audio_filter/resampler/libsoxr_plugin_la-soxr.lo
  CCLD     libebur128_plugin.la
  CC       audio_filter/resampler/ugly.lo
  CC       audio_filter/resampler/libspeex_resampler_plugin_la-speex.lo
In file included from /Users/cam/Documents/Projects/ultima-iv-web/vlc-thumbs/work/upstream/vlc-master-story005/extras/package/macosx/../../../modules/audio_filter/channel_mixer/spatialaudio.cpp:44:
In file included from /Users/cam/Documents/Projects/ultima-iv-web/vlc-thumbs/work/story005-master-baseline/contrib/aarch64-apple-darwin19/include/spatialaudio/Ambisonics.h:27:
/Users/cam/Documents/Projects/ultima-iv-web/vlc-thumbs/work/story005-master-baseline/contrib/aarch64-apple-darwin19/include/spatialaudio/AmbisonicDecoder.h:57:10: warning: 'CAmbisonicDecoder::Configure' hides overloaded virtual function [-Woverloaded-virtual]
   57 |     bool Configure(unsigned nOrder, bool b3D, int nSpeakerSetUp, unsigned nSpeakers = 0);
      |          ^
/Users/cam/Documents/Projects/ultima-iv-web/vlc-thumbs/work/story005-master-baseline/contrib/aarch64-apple-darwin19/include/spatialaudio/AmbisonicBase.h:49:18: note: hidden overloaded virtual function 'CAmbisonicBase::Configure' declared here: different number of parameters (3 vs 4)
   49 |     virtual bool Configure(unsigned nOrder, bool b3D, unsigned nMisc);
      |                  ^
In file included from /Users/cam/Documents/Projects/ultima-iv-web/vlc-thumbs/work/upstream/vlc-master-story005/extras/package/macosx/../../../modules/audio_filter/channel_mixer/spatialaudio.cpp:44:
In file included from /Users/cam/Documents/Projects/ultima-iv-web/vlc-thumbs/work/story005-master-baseline/contrib/aarch64-apple-darwin19/include/spatialaudio/Ambisonics.h:28:
/Users/cam/Documents/Projects/ultima-iv-web/vlc-thumbs/work/story005-master-baseline/contrib/aarch64-apple-darwin19/include/spatialaudio/AmbisonicProcessor.h:126:10: warning: 'CAmbisonicProcessor::Configure' hides overloaded virtual function [-Woverloaded-virtual]
  126 |     bool Configure(unsigned nOrder, bool b3D, unsigned nBlockSize, unsigned nMisc);
      |          ^
/Users/cam/Documents/Projects/ultima-iv-web/vlc-thumbs/work/story005-master-baseline/contrib/aarch64-apple-darwin19/include/spatialaudio/AmbisonicBase.h:49:18: note: hidden overloaded virtual function 'CAmbisonicBase::Configure' declared here: different number of parameters (3 vs 4)
   49 |     virtual bool Configure(unsigned nOrder, bool b3D, unsigned nMisc);
      |                  ^
  CCLD     librnnoise_plugin.la
In file included from /Users/cam/Documents/Projects/ultima-iv-web/vlc-thumbs/work/upstream/vlc-master-story005/extras/package/macosx/../../../modules/audio_filter/channel_mixer/spatialaudio.cpp:44:
In file included from /Users/cam/Documents/Projects/ultima-iv-web/vlc-thumbs/work/story005-master-baseline/contrib/aarch64-apple-darwin19/include/spatialaudio/Ambisonics.h:29:
/Users/cam/Documents/Projects/ultima-iv-web/vlc-thumbs/work/story005-master-baseline/contrib/aarch64-apple-darwin19/include/spatialaudio/AmbisonicBinauralizer.h:44:18: warning: 'CAmbisonicBinauralizer::Configure' hides overloaded virtual function [-Woverloaded-virtual]
   44 |     virtual bool Configure(unsigned nOrder,
      |                  ^
/Users/cam/Documents/Projects/ultima-iv-web/vlc-thumbs/work/story005-master-baseline/contrib/aarch64-apple-darwin19/include/spatialaudio/AmbisonicBase.h:49:18: note: hidden overloaded virtual function 'CAmbisonicBase::Configure' declared here: different number of parameters (3 vs 6)
   49 |     virtual bool Configure(unsigned nOrder, bool b3D, unsigned nMisc);
      |                  ^
In file included from /Users/cam/Documents/Projects/ultima-iv-web/vlc-thumbs/work/upstream/vlc-master-story005/extras/package/macosx/../../../modules/audio_filter/channel_mixer/spatialaudio.cpp:45:
/Users/cam/Documents/Projects/ultima-iv-web/vlc-thumbs/work/story005-master-baseline/contrib/aarch64-apple-darwin19/include/spatialaudio/SpeakersBinauralizer.h:18:10: warning: 'SpeakersBinauralizer::Configure' hides overloaded virtual function [-Woverloaded-virtual]
   18 |     bool Configure(unsigned nSampleRate,
      |          ^
/Users/cam/Documents/Projects/ultima-iv-web/vlc-thumbs/work/story005-master-baseline/contrib/aarch64-apple-darwin19/include/spatialaudio/AmbisonicBinauralizer.h:44:18: note: hidden overloaded virtual function 'CAmbisonicBinauralizer::Configure' declared here: type mismatch at 2nd parameter ('bool' vs 'unsigned int')
   44 |     virtual bool Configure(unsigned nOrder,
      |                  ^
  CC       audio_mixer/libfloat_mixer_plugin_la-float.lo
  CC       audio_mixer/libinteger_mixer_plugin_la-integer.lo
5 warnings generated.
  CC       video_chroma/i420_rgb.lo
  CC       video_chroma/i420_rgb8.lo
  CC       video_chroma/i420_rgb16.lo
  CC       video_chroma/libi420_nv12_plugin_la-i420_nv12.lo
  CC       video_chroma/copy.lo
  CC       video_chroma/i422_i420.lo
  CC       video_chroma/grey_yuv.lo
  CC       video_chroma/yuy2_i420.lo
  CC       video_chroma/yuy2_i422.lo
  CC       video_chroma/rv32.lo
  CC       video_chroma/chain.lo
  CC       video_chroma/yuvp.lo
  CC       video_chroma/orient.lo
  CC       video_chroma/libswscale_plugin_la-swscale.lo
  CC       codec/avcodec/libswscale_plugin_la-chroma.lo
  CCLD     libddummy_plugin.la
  CCLD     libedummy_plugin.la
  CCLD     libspdif_plugin.la
  CCLD     libadpcm_plugin.la
  CCLD     libaes3_plugin.la
  CCLD     libaraw_plugin.la
  CCLD     libfaad_plugin.la
  CCLD     libg711_plugin.la
  CCLD     libfluidsynth_plugin.la
  CCLD     libaudiotoolboxmidi_plugin.la
  CCLD     liblpcm_plugin.la
  CCLD     libmad_plugin.la
  CCLD     libmpg123_plugin.la
  CCLD     libuleaddvaudio_plugin.la
  CCLD     libcdg_plugin.la
  CCLD     librawvideo_plugin.la
  CCLD     librtpvideo_plugin.la
  CCLD     libopenapv_plugin.la
  CCLD     librtp_rawvid_plugin.la
  CCLD     libpng_plugin.la
ld: warning: search path '/Users/cam/Documents/Projects/ultima-iv-web/vlc-thumbs/work/story005-master-baseline/contrib/aarch64-apple-darwin19/lib/oapv' not found
  CCLD     libjpeg_plugin.la
  CCLD     liblibass_plugin.la
  CCLD     libcc_plugin.la
  CCLD     libcvdsub_plugin.la
  CCLD     libdvbsub_plugin.la
  CC       codec/arib/libaribcaption_plugin_la-libaribcaption.lo
  CC       codec/arib/libaribsub_plugin_la-aribsub.lo
  CCLD     libscte18_plugin.la
  CCLD     libscte27_plugin.la
  CC       codec/spudec/libspudec_plugin_la-spudec.lo
  CC       codec/spudec/libspudec_plugin_la-parse.lo
  CCLD     libstl_plugin.la
  CCLD     libsubsdec_plugin.la
  CCLD     libsubsusf_plugin.la
  CC       codec/ttml/substtml.lo
  CC       demux/ttml.lo
  CC       codec/webvtt/libwebvtt_plugin_la-subsvtt.lo
  CC       codec/webvtt/libwebvtt_plugin_la-webvtt.lo
  CC       mux/libwebvtt_plugin_la-webvtt.lo
  CC       codec/webvtt/libwebvtt_plugin_la-libwebvtt_plugin_la-CSSLexer.lo
  CCLD     libsvcdsub_plugin.la
  CCLD     libt140_plugin.la
  CCLD     libtelx_plugin.la
  CCLD     libtextst_plugin.la
  CCLD     libzvbi_plugin.la
  CCLD     libsubstx3g_plugin.la
  CCLD     libflac_plugin.la
  CCLD     libkate_plugin.la
  CCLD     libopus_plugin.la
  CCLD     libspeex_plugin.la
  CCLD     libtheora_plugin.la
  CCLD     libvorbis_plugin.la
  CCLD     liboggspots_plugin.la
  CC       codec/videotoolbox/libvideotoolbox_plugin_la-decoder.lo
  CC       codec/videotoolbox/libvideotoolbox_plugin_la-dpb.lo
  CC       codec/videotoolbox/libvideotoolbox_plugin_la-pacer.lo
  CCLD     libvlc_hxxxhelper.la
  OBJCLD   libvlc_vtutils.la
  CC       demux/avformat/libavcodec_plugin_la-demux.lo
  CCLD     libavcodec_common.la
  CCLD     libx265_plugin.la
  CCLD     libx264_plugin.la
  CCLD     libx26410b_plugin.la
  CCLD     libvpx_plugin.la
  CXXLD    libvpx_alpha_plugin.la
  CCLD     libaom_plugin.la
  CCLD     libtwolame_plugin.la
  CCLD     libdav1d_plugin.la
  CC       control/dummy.lo
  CC       control/gestures.lo
  CC       control/hotkeys.lo
  CC       control/cli/player.lo
  CC       control/cli/playlist.lo
  CC       control/cli/cli.lo
  CCLD     libxiph_metadata.la
  CCLD     libdemuxdump_plugin.la
  CCLD     librawdv_plugin.la
  CCLD     librawvid_plugin.la
  CCLD     libg64rtp_plugin.la
  CCLD     libau_plugin.la
  CCLD     librawaud_plugin.la
  CCLD     libwav_plugin.la
  CCLD     libnsv_plugin.la
  CCLD     libhx_plugin.la
  CC       demux/mpeg/ps.lo
  CCLD     libmod_plugin.la
  CCLD     libpva_plugin.la
  CCLD     libaiff_plugin.la
  CCLD     libmjpeg_plugin.la
  CCLD     libsubtitle_plugin.la
  CCLD     libty_plugin.la
  CCLD     libvobsub_plugin.la
  CCLD     libvoc_plugin.la
  CCLD     libxa_plugin.la
  CCLD     libnuv_plugin.la
  CCLD     libtta_plugin.la
  CCLD     libvc1_plugin.la
  CCLD     libdemux_cdg_plugin.la
  CCLD     libsmf_plugin.la
  CCLD     libdmxmus_plugin.la
  CCLD     libgme_plugin.la
  CXXLD    libsid_plugin.la
  CCLD     libimage_plugin.la
  CCLD     libdemux_stl_plugin.la
  CC       demux/asf/asf.lo
libtool: warning: library '/Users/cam/Documents/Projects/ultima-iv-web/vlc-thumbs/work/story005-master-baseline/contrib/aarch64-apple-darwin19/lib/libresid-builder.la' was moved.
  CC       demux/asf/libasf.lo
  CC       demux/asf/asfpacket.lo
  CC       demux/avi/avi.lo
  CC       demux/avi/libavi.lo
  CCLD     libcaf_plugin.la
/Users/cam/Documents/Projects/ultima-iv-web/vlc-thumbs/work/upstream/vlc-master-story005/extras/package/macosx/../../../modules/demux/avi/avi.c:1754:13: warning: ignoring return value of function declared with 'warn_unused_result' attribute [-Wunused-result]
 1754 |             vlc_stream_Seek( p_demux->s, i_pos_backup );
      |             ^~~~~~~~~~~~~~~  ~~~~~~~~~~~~~~~~~~~~~~~~
/Users/cam/Documents/Projects/ultima-iv-web/vlc-thumbs/work/upstream/vlc-master-story005/extras/package/macosx/../../../modules/demux/avi/avi.c:2828:5: warning: ignoring return value of function declared with 'warn_unused_result' attribute [-Wunused-result]
 2828 |     vlc_stream_Seek( p_demux->s, p_movi->i_chunk_pos + 12 );
      |     ^~~~~~~~~~~~~~~  ~~~~~~~~~~~~~~~~~~~~~~~~~~~~~~~~~~~~
  CCLD     libdirectory_demux_plugin.la
  CCLD     libes_plugin.la
  CCLD     libh26x_plugin.la
2 warnings generated.
  CXX      demux/mkv/libmkv_plugin_la-util.lo
In file included from /Users/cam/Documents/Projects/ultima-iv-web/vlc-thumbs/work/upstream/vlc-master-story005/extras/package/macosx/../../../modules/demux/mkv/util.cpp:23:
In file included from /Users/cam/Documents/Projects/ultima-iv-web/vlc-thumbs/work/upstream/vlc-master-story005/extras/package/macosx/../../../modules/demux/mkv/mkv.hpp:32:
In file included from ../config.h:896:
In file included from /Users/cam/Documents/Projects/ultima-iv-web/vlc-thumbs/work/upstream/vlc-master-story005/extras/package/macosx/../../../include/vlc_fixups.h:166:
In file included from /Applications/Xcode.app/Contents/Developer/Platforms/MacOSX.platform/Developer/SDKs/MacOSX27.0.sdk/usr/include/c++/v1/stddef.h:30:
In file included from /Applications/Xcode.app/Contents/Developer/Platforms/MacOSX.platform/Developer/SDKs/MacOSX27.0.sdk/usr/include/c++/v1/__config:15:
/Applications/Xcode.app/Contents/Developer/Platforms/MacOSX.platform/Developer/SDKs/MacOSX27.0.sdk/usr/include/c++/v1/__configuration/availability.h:204:4: warning: "The selected platform is no longer supported by libc++." [-W#warnings]
  204 | #  warning "The selected platform is no longer supported by libc++."
      |    ^
  CXX      demux/mkv/libmkv_plugin_la-virtual_segment.lo
  CXX      demux/mkv/libmkv_plugin_la-matroska_segment.lo
In file included from /Users/cam/Documents/Projects/ultima-iv-web/vlc-thumbs/work/upstream/vlc-master-story005/extras/package/macosx/../../../modules/demux/mkv/virtual_segment.cpp:25:
In file included from /Users/cam/Documents/Projects/ultima-iv-web/vlc-thumbs/work/upstream/vlc-master-story005/extras/package/macosx/../../../modules/demux/mkv/virtual_segment.hpp:28:
In file included from /Users/cam/Documents/Projects/ultima-iv-web/vlc-thumbs/work/upstream/vlc-master-story005/extras/package/macosx/../../../modules/demux/mkv/mkv.hpp:32:
In file included from ../config.h:896:
In file included from /Users/cam/Documents/Projects/ultima-iv-web/vlc-thumbs/work/upstream/vlc-master-story005/extras/package/macosx/../../../include/vlc_fixups.h:166:
In file included from /Applications/Xcode.app/Contents/Developer/Platforms/MacOSX.platform/Developer/SDKs/MacOSX27.0.sdk/usr/include/c++/v1/stddef.h:30:
In file included from /Applications/Xcode.app/Contents/Developer/Platforms/MacOSX.platform/Developer/SDKs/MacOSX27.0.sdk/usr/include/c++/v1/__config:15:
/Applications/Xcode.app/Contents/Developer/Platforms/MacOSX.platform/Developer/SDKs/MacOSX27.0.sdk/usr/include/c++/v1/__configuration/availability.h:204:4: warning: "The selected platform is no longer supported by libc++." [-W#warnings]
  204 | #  warning "The selected platform is no longer supported by libc++."
      |    ^
In file included from /Users/cam/Documents/Projects/ultima-iv-web/vlc-thumbs/work/upstream/vlc-master-story005/extras/package/macosx/../../../modules/demux/mkv/matroska_segment.cpp:24:
In file included from /Users/cam/Documents/Projects/ultima-iv-web/vlc-thumbs/work/upstream/vlc-master-story005/extras/package/macosx/../../../modules/demux/mkv/matroska_segment.hpp:27:
In file included from /Users/cam/Documents/Projects/ultima-iv-web/vlc-thumbs/work/upstream/vlc-master-story005/extras/package/macosx/../../../modules/demux/mkv/demux.hpp:27:
In file included from /Users/cam/Documents/Projects/ultima-iv-web/vlc-thumbs/work/upstream/vlc-master-story005/extras/package/macosx/../../../modules/demux/mkv/mkv.hpp:32:
In file included from ../config.h:896:
In file included from /Users/cam/Documents/Projects/ultima-iv-web/vlc-thumbs/work/upstream/vlc-master-story005/extras/package/macosx/../../../include/vlc_fixups.h:166:
In file included from /Applications/Xcode.app/Contents/Developer/Platforms/MacOSX.platform/Developer/SDKs/MacOSX27.0.sdk/usr/include/c++/v1/stddef.h:30:
In file included from /Applications/Xcode.app/Contents/Developer/Platforms/MacOSX.platform/Developer/SDKs/MacOSX27.0.sdk/usr/include/c++/v1/__config:15:
/Applications/Xcode.app/Contents/Developer/Platforms/MacOSX.platform/Developer/SDKs/MacOSX27.0.sdk/usr/include/c++/v1/__configuration/availability.h:204:4: warning: "The selected platform is no longer supported by libc++." [-W#warnings]
  204 | #  warning "The selected platform is no longer supported by libc++."
      |    ^
  CXX      demux/mkv/libmkv_plugin_la-matroska_segment_parse.lo
In file included from /Users/cam/Documents/Projects/ultima-iv-web/vlc-thumbs/work/upstream/vlc-master-story005/extras/package/macosx/../../../modules/demux/mkv/matroska_segment_parse.cpp:23:
In file included from /Users/cam/Documents/Projects/ultima-iv-web/vlc-thumbs/work/upstream/vlc-master-story005/extras/package/macosx/../../../modules/demux/mkv/mkv.hpp:32:
In file included from ../config.h:896:
In file included from /Users/cam/Documents/Projects/ultima-iv-web/vlc-thumbs/work/upstream/vlc-master-story005/extras/package/macosx/../../../include/vlc_fixups.h:166:
In file included from /Applications/Xcode.app/Contents/Developer/Platforms/MacOSX.platform/Developer/SDKs/MacOSX27.0.sdk/usr/include/c++/v1/stddef.h:30:
In file included from /Applications/Xcode.app/Contents/Developer/Platforms/MacOSX.platform/Developer/SDKs/MacOSX27.0.sdk/usr/include/c++/v1/__config:15:
/Applications/Xcode.app/Contents/Developer/Platforms/MacOSX.platform/Developer/SDKs/MacOSX27.0.sdk/usr/include/c++/v1/__configuration/availability.h:204:4: warning: "The selected platform is no longer supported by libc++." [-W#warnings]
  204 | #  warning "The selected platform is no longer supported by libc++."
      |    ^
1 warning generated.
  CXX      demux/mkv/libmkv_plugin_la-matroska_segment_seeker.lo
In file included from /Users/cam/Documents/Projects/ultima-iv-web/vlc-thumbs/work/upstream/vlc-master-story005/extras/package/macosx/../../../modules/demux/mkv/matroska_segment_seeker.cpp:23:
In file included from /Users/cam/Documents/Projects/ultima-iv-web/vlc-thumbs/work/upstream/vlc-master-story005/extras/package/macosx/../../../modules/demux/mkv/matroska_segment_seeker.hpp:26:
In file included from /Users/cam/Documents/Projects/ultima-iv-web/vlc-thumbs/work/upstream/vlc-master-story005/extras/package/macosx/../../../modules/demux/mkv/mkv.hpp:32:
In file included from ../config.h:896:
In file included from /Users/cam/Documents/Projects/ultima-iv-web/vlc-thumbs/work/upstream/vlc-master-story005/extras/package/macosx/../../../include/vlc_fixups.h:166:
In file included from /Applications/Xcode.app/Contents/Developer/Platforms/MacOSX.platform/Developer/SDKs/MacOSX27.0.sdk/usr/include/c++/v1/stddef.h:30:
In file included from /Applications/Xcode.app/Contents/Developer/Platforms/MacOSX.platform/Developer/SDKs/MacOSX27.0.sdk/usr/include/c++/v1/__config:15:
/Applications/Xcode.app/Contents/Developer/Platforms/MacOSX.platform/Developer/SDKs/MacOSX27.0.sdk/usr/include/c++/v1/__configuration/availability.h:204:4: warning: "The selected platform is no longer supported by libc++." [-W#warnings]
  204 | #  warning "The selected platform is no longer supported by libc++."
      |    ^
1 warning generated.
  CXX      demux/mkv/libmkv_plugin_la-demux.lo
In file included from /Users/cam/Documents/Projects/ultima-iv-web/vlc-thumbs/work/upstream/vlc-master-story005/extras/package/macosx/../../../modules/demux/mkv/demux.cpp:25:
In file included from /Users/cam/Documents/Projects/ultima-iv-web/vlc-thumbs/work/upstream/vlc-master-story005/extras/package/macosx/../../../modules/demux/mkv/demux.hpp:27:
In file included from /Users/cam/Documents/Projects/ultima-iv-web/vlc-thumbs/work/upstream/vlc-master-story005/extras/package/macosx/../../../modules/demux/mkv/mkv.hpp:32:
In file included from ../config.h:896:
In file included from /Users/cam/Documents/Projects/ultima-iv-web/vlc-thumbs/work/upstream/vlc-master-story005/extras/package/macosx/../../../include/vlc_fixups.h:166:
In file included from /Applications/Xcode.app/Contents/Developer/Platforms/MacOSX.platform/Developer/SDKs/MacOSX27.0.sdk/usr/include/c++/v1/stddef.h:30:
In file included from /Applications/Xcode.app/Contents/Developer/Platforms/MacOSX.platform/Developer/SDKs/MacOSX27.0.sdk/usr/include/c++/v1/__config:15:
/Applications/Xcode.app/Contents/Developer/Platforms/MacOSX.platform/Developer/SDKs/MacOSX27.0.sdk/usr/include/c++/v1/__configuration/availability.h:204:4: warning: "The selected platform is no longer supported by libc++." [-W#warnings]
  204 | #  warning "The selected platform is no longer supported by libc++."
      |    ^
1 warning generated.
  CXX      demux/mkv/libmkv_plugin_la-events.lo
In file included from /Users/cam/Documents/Projects/ultima-iv-web/vlc-thumbs/work/upstream/vlc-master-story005/extras/package/macosx/../../../modules/demux/mkv/events.cpp:24:
In file included from /Users/cam/Documents/Projects/ultima-iv-web/vlc-thumbs/work/upstream/vlc-master-story005/extras/package/macosx/../../../modules/demux/mkv/mkv.hpp:32:
In file included from ../config.h:896:
In file included from /Users/cam/Documents/Projects/ultima-iv-web/vlc-thumbs/work/upstream/vlc-master-story005/extras/package/macosx/../../../include/vlc_fixups.h:166:
In file included from /Applications/Xcode.app/Contents/Developer/Platforms/MacOSX.platform/Developer/SDKs/MacOSX27.0.sdk/usr/include/c++/v1/stddef.h:30:
In file included from /Applications/Xcode.app/Contents/Developer/Platforms/MacOSX.platform/Developer/SDKs/MacOSX27.0.sdk/usr/include/c++/v1/__config:15:
/Applications/Xcode.app/Contents/Developer/Platforms/MacOSX.platform/Developer/SDKs/MacOSX27.0.sdk/usr/include/c++/v1/__configuration/availability.h:204:4: warning: "The selected platform is no longer supported by libc++." [-W#warnings]
  204 | #  warning "The selected platform is no longer supported by libc++."
      |    ^
1 warning generated.
  CXX      demux/mkv/libmkv_plugin_la-Ebml_parser.lo
1 warning generated.
In file included from /Users/cam/Documents/Projects/ultima-iv-web/vlc-thumbs/work/upstream/vlc-master-story005/extras/package/macosx/../../../modules/demux/mkv/Ebml_parser.cpp:25:
In file included from /Users/cam/Documents/Projects/ultima-iv-web/vlc-thumbs/work/upstream/vlc-master-story005/extras/package/macosx/../../../modules/demux/mkv/Ebml_parser.hpp:27:
In file included from /Users/cam/Documents/Projects/ultima-iv-web/vlc-thumbs/work/upstream/vlc-master-story005/extras/package/macosx/../../../modules/demux/mkv/mkv.hpp:32:
In file included from ../config.h:896:
In file included from /Users/cam/Documents/Projects/ultima-iv-web/vlc-thumbs/work/upstream/vlc-master-story005/extras/package/macosx/../../../include/vlc_fixups.h:166:
In file included from /Applications/Xcode.app/Contents/Developer/Platforms/MacOSX.platform/Developer/SDKs/MacOSX27.0.sdk/usr/include/c++/v1/stddef.h:30:
In file included from /Applications/Xcode.app/Contents/Developer/Platforms/MacOSX.platform/Developer/SDKs/MacOSX27.0.sdk/usr/include/c++/v1/__config:15:
/Applications/Xcode.app/Contents/Developer/Platforms/MacOSX.platform/Developer/SDKs/MacOSX27.0.sdk/usr/include/c++/v1/__configuration/availability.h:204:4: warning: "The selected platform is no longer supported by libc++." [-W#warnings]
  204 | #  warning "The selected platform is no longer supported by libc++."
      |    ^
  CXX      demux/mkv/libmkv_plugin_la-chapters.lo
In file included from /Users/cam/Documents/Projects/ultima-iv-web/vlc-thumbs/work/upstream/vlc-master-story005/extras/package/macosx/../../../modules/demux/mkv/chapters.cpp:24:
In file included from /Users/cam/Documents/Projects/ultima-iv-web/vlc-thumbs/work/upstream/vlc-master-story005/extras/package/macosx/../../../modules/demux/mkv/chapters.hpp:29:
In file included from /Users/cam/Documents/Projects/ultima-iv-web/vlc-thumbs/work/upstream/vlc-master-story005/extras/package/macosx/../../../modules/demux/mkv/mkv.hpp:32:
In file included from ../config.h:896:
In file included from /Users/cam/Documents/Projects/ultima-iv-web/vlc-thumbs/work/upstream/vlc-master-story005/extras/package/macosx/../../../include/vlc_fixups.h:166:
In file included from /Applications/Xcode.app/Contents/Developer/Platforms/MacOSX.platform/Developer/SDKs/MacOSX27.0.sdk/usr/include/c++/v1/stddef.h:30:
In file included from /Applications/Xcode.app/Contents/Developer/Platforms/MacOSX.platform/Developer/SDKs/MacOSX27.0.sdk/usr/include/c++/v1/__config:15:
/Applications/Xcode.app/Contents/Developer/Platforms/MacOSX.platform/Developer/SDKs/MacOSX27.0.sdk/usr/include/c++/v1/__configuration/availability.h:204:4: warning: "The selected platform is no longer supported by libc++." [-W#warnings]
  204 | #  warning "The selected platform is no longer supported by libc++."
      |    ^
1 warning generated.
  CXX      demux/mkv/libmkv_plugin_la-chapter_command.lo
In file included from /Users/cam/Documents/Projects/ultima-iv-web/vlc-thumbs/work/upstream/vlc-master-story005/extras/package/macosx/../../../modules/demux/mkv/chapter_command.cpp:24:
In file included from /Users/cam/Documents/Projects/ultima-iv-web/vlc-thumbs/work/upstream/vlc-master-story005/extras/package/macosx/../../../modules/demux/mkv/chapter_command.hpp:27:
In file included from /Users/cam/Documents/Projects/ultima-iv-web/vlc-thumbs/work/upstream/vlc-master-story005/extras/package/macosx/../../../modules/demux/mkv/mkv.hpp:32:
In file included from ../config.h:896:
In file included from /Users/cam/Documents/Projects/ultima-iv-web/vlc-thumbs/work/upstream/vlc-master-story005/extras/package/macosx/../../../include/vlc_fixups.h:166:
In file included from /Applications/Xcode.app/Contents/Developer/Platforms/MacOSX.platform/Developer/SDKs/MacOSX27.0.sdk/usr/include/c++/v1/stddef.h:30:
In file included from /Applications/Xcode.app/Contents/Developer/Platforms/MacOSX.platform/Developer/SDKs/MacOSX27.0.sdk/usr/include/c++/v1/__config:15:
/Applications/Xcode.app/Contents/Developer/Platforms/MacOSX.platform/Developer/SDKs/MacOSX27.0.sdk/usr/include/c++/v1/__configuration/availability.h:204:4: warning: "The selected platform is no longer supported by libc++." [-W#warnings]
  204 | #  warning "The selected platform is no longer supported by libc++."
      |    ^
1 warning generated.
  CXX      demux/mkv/libmkv_plugin_la-chapter_command_dvd.lo
In file included from /Users/cam/Documents/Projects/ultima-iv-web/vlc-thumbs/work/upstream/vlc-master-story005/extras/package/macosx/../../../modules/demux/mkv/chapter_command_dvd.cpp:9:
In file included from /Users/cam/Documents/Projects/ultima-iv-web/vlc-thumbs/work/upstream/vlc-master-story005/extras/package/macosx/../../../modules/demux/mkv/chapter_command_dvd.hpp:12:
In file included from /Users/cam/Documents/Projects/ultima-iv-web/vlc-thumbs/work/upstream/vlc-master-story005/extras/package/macosx/../../../modules/demux/mkv/chapter_command.hpp:27:
In file included from /Users/cam/Documents/Projects/ultima-iv-web/vlc-thumbs/work/upstream/vlc-master-story005/extras/package/macosx/../../../modules/demux/mkv/mkv.hpp:32:
In file included from ../config.h:896:
In file included from /Users/cam/Documents/Projects/ultima-iv-web/vlc-thumbs/work/upstream/vlc-master-story005/extras/package/macosx/../../../include/vlc_fixups.h:166:
In file included from /Applications/Xcode.app/Contents/Developer/Platforms/MacOSX.platform/Developer/SDKs/MacOSX27.0.sdk/usr/include/c++/v1/stddef.h:30:
In file included from /Applications/Xcode.app/Contents/Developer/Platforms/MacOSX.platform/Developer/SDKs/MacOSX27.0.sdk/usr/include/c++/v1/__config:15:
/Applications/Xcode.app/Contents/Developer/Platforms/MacOSX.platform/Developer/SDKs/MacOSX27.0.sdk/usr/include/c++/v1/__configuration/availability.h:204:4: warning: "The selected platform is no longer supported by libc++." [-W#warnings]
  204 | #  warning "The selected platform is no longer supported by libc++."
      |    ^
1 warning generated.
  CXX      demux/mkv/libmkv_plugin_la-chapter_command_script.lo
In file included from /Users/cam/Documents/Projects/ultima-iv-web/vlc-thumbs/work/upstream/vlc-master-story005/extras/package/macosx/../../../modules/demux/mkv/chapter_command_script.cpp:9:
In file included from /Users/cam/Documents/Projects/ultima-iv-web/vlc-thumbs/work/upstream/vlc-master-story005/extras/package/macosx/../../../modules/demux/mkv/chapter_command_script.hpp:11:
In file included from /Users/cam/Documents/Projects/ultima-iv-web/vlc-thumbs/work/upstream/vlc-master-story005/extras/package/macosx/../../../modules/demux/mkv/chapter_command_script_common.hpp:11:
In file included from /Users/cam/Documents/Projects/ultima-iv-web/vlc-thumbs/work/upstream/vlc-master-story005/extras/package/macosx/../../../modules/demux/mkv/chapter_command.hpp:27:
In file included from /Users/cam/Documents/Projects/ultima-iv-web/vlc-thumbs/work/upstream/vlc-master-story005/extras/package/macosx/../../../modules/demux/mkv/mkv.hpp:32:
In file included from ../config.h:896:
In file included from /Users/cam/Documents/Projects/ultima-iv-web/vlc-thumbs/work/upstream/vlc-master-story005/extras/package/macosx/../../../include/vlc_fixups.h:166:
In file included from /Applications/Xcode.app/Contents/Developer/Platforms/MacOSX.platform/Developer/SDKs/MacOSX27.0.sdk/usr/include/c++/v1/stddef.h:30:
In file included from /Applications/Xcode.app/Contents/Developer/Platforms/MacOSX.platform/Developer/SDKs/MacOSX27.0.sdk/usr/include/c++/v1/__config:15:
/Applications/Xcode.app/Contents/Developer/Platforms/MacOSX.platform/Developer/SDKs/MacOSX27.0.sdk/usr/include/c++/v1/__configuration/availability.h:204:4: warning: "The selected platform is no longer supported by libc++." [-W#warnings]
  204 | #  warning "The selected platform is no longer supported by libc++."
      |    ^
1 warning generated.
  CXX      demux/mkv/libmkv_plugin_la-chapter_command_script_common.lo
In file included from /Users/cam/Documents/Projects/ultima-iv-web/vlc-thumbs/work/upstream/vlc-master-story005/extras/package/macosx/../../../modules/demux/mkv/chapter_command_script_common.cpp:11:
In file included from /Users/cam/Documents/Projects/ultima-iv-web/vlc-thumbs/work/upstream/vlc-master-story005/extras/package/macosx/../../../modules/demux/mkv/chapter_command_script_common.hpp:11:
In file included from /Users/cam/Documents/Projects/ultima-iv-web/vlc-thumbs/work/upstream/vlc-master-story005/extras/package/macosx/../../../modules/demux/mkv/chapter_command.hpp:27:
In file included from /Users/cam/Documents/Projects/ultima-iv-web/vlc-thumbs/work/upstream/vlc-master-story005/extras/package/macosx/../../../modules/demux/mkv/mkv.hpp:32:
In file included from ../config.h:896:
In file included from /Users/cam/Documents/Projects/ultima-iv-web/vlc-thumbs/work/upstream/vlc-master-story005/extras/package/macosx/../../../include/vlc_fixups.h:166:
In file included from /Applications/Xcode.app/Contents/Developer/Platforms/MacOSX.platform/Developer/SDKs/MacOSX27.0.sdk/usr/include/c++/v1/stddef.h:30:
In file included from /Applications/Xcode.app/Contents/Developer/Platforms/MacOSX.platform/Developer/SDKs/MacOSX27.0.sdk/usr/include/c++/v1/__config:15:
/Applications/Xcode.app/Contents/Developer/Platforms/MacOSX.platform/Developer/SDKs/MacOSX27.0.sdk/usr/include/c++/v1/__configuration/availability.h:204:4: warning: "The selected platform is no longer supported by libc++." [-W#warnings]
  204 | #  warning "The selected platform is no longer supported by libc++."
      |    ^
1 warning generated.
  CXX      demux/mkv/libmkv_plugin_la-stream_io_callback.lo
In file included from /Users/cam/Documents/Projects/ultima-iv-web/vlc-thumbs/work/upstream/vlc-master-story005/extras/package/macosx/../../../modules/demux/mkv/stream_io_callback.cpp:24:
In file included from /Users/cam/Documents/Projects/ultima-iv-web/vlc-thumbs/work/upstream/vlc-master-story005/extras/package/macosx/../../../modules/demux/mkv/stream_io_callback.hpp:28:
In file included from ../config.h:896:
In file included from /Users/cam/Documents/Projects/ultima-iv-web/vlc-thumbs/work/upstream/vlc-master-story005/extras/package/macosx/../../../include/vlc_fixups.h:166:
In file included from /Applications/Xcode.app/Contents/Developer/Platforms/MacOSX.platform/Developer/SDKs/MacOSX27.0.sdk/usr/include/c++/v1/stddef.h:30:
In file included from /Applications/Xcode.app/Contents/Developer/Platforms/MacOSX.platform/Developer/SDKs/MacOSX27.0.sdk/usr/include/c++/v1/__config:15:
/Applications/Xcode.app/Contents/Developer/Platforms/MacOSX.platform/Developer/SDKs/MacOSX27.0.sdk/usr/include/c++/v1/__configuration/availability.h:204:4: warning: "The selected platform is no longer supported by libc++." [-W#warnings]
  204 | #  warning "The selected platform is no longer supported by libc++."
      |    ^
1 warning generated.
  CC       demux/mkv/libmkv_plugin_la-vlc_colors.lo
1 warning generated.
  CXX      demux/mkv/libmkv_plugin_la-lzokay.lo
  CXX      demux/mkv/libmkv_plugin_la-mkv.lo
1 warning generated.
  CC       demux/mp4/libvlc_mp4_la-libmp4.lo
In file included from /Users/cam/Documents/Projects/ultima-iv-web/vlc-thumbs/work/upstream/vlc-master-story005/extras/package/macosx/../../../modules/demux/mkv/lzokay.cpp:8:
In file included from ../config.h:896:
In file included from /Users/cam/Documents/Projects/ultima-iv-web/vlc-thumbs/work/upstream/vlc-master-story005/extras/package/macosx/../../../include/vlc_fixups.h:166:
In file included from /Applications/Xcode.app/Contents/Developer/Platforms/MacOSX.platform/Developer/SDKs/MacOSX27.0.sdk/usr/include/c++/v1/stddef.h:30:
In file included from /Applications/Xcode.app/Contents/Developer/Platforms/MacOSX.platform/Developer/SDKs/MacOSX27.0.sdk/usr/include/c++/v1/__config:15:
/Applications/Xcode.app/Contents/Developer/Platforms/MacOSX.platform/Developer/SDKs/MacOSX27.0.sdk/usr/include/c++/v1/__configuration/availability.h:204:4: warning: "The selected platform is no longer supported by libc++." [-W#warnings]
  204 | #  warning "The selected platform is no longer supported by libc++."
      |    ^
In file included from /Users/cam/Documents/Projects/ultima-iv-web/vlc-thumbs/work/upstream/vlc-master-story005/extras/package/macosx/../../../modules/demux/mkv/mkv.cpp:24:
In file included from /Users/cam/Documents/Projects/ultima-iv-web/vlc-thumbs/work/upstream/vlc-master-story005/extras/package/macosx/../../../modules/demux/mkv/mkv.hpp:32:
In file included from ../config.h:896:
In file included from /Users/cam/Documents/Projects/ultima-iv-web/vlc-thumbs/work/upstream/vlc-master-story005/extras/package/macosx/../../../include/vlc_fixups.h:166:
In file included from /Applications/Xcode.app/Contents/Developer/Platforms/MacOSX.platform/Developer/SDKs/MacOSX27.0.sdk/usr/include/c++/v1/stddef.h:30:
In file included from /Applications/Xcode.app/Contents/Developer/Platforms/MacOSX.platform/Developer/SDKs/MacOSX27.0.sdk/usr/include/c++/v1/__config:15:
/Applications/Xcode.app/Contents/Developer/Platforms/MacOSX.platform/Developer/SDKs/MacOSX27.0.sdk/usr/include/c++/v1/__configuration/availability.h:204:4: warning: "The selected platform is no longer supported by libc++." [-W#warnings]
  204 | #  warning "The selected platform is no longer supported by libc++."
      |    ^
1 warning generated.
  CC       demux/mp4/mp4.lo
1 warning generated.
  CC       demux/mp4/fragments.lo
  CC       demux/mp4/attachments.lo
  CC       demux/mp4/heif.lo
  CC       demux/mp4/essetup.lo
/Users/cam/Documents/Projects/ultima-iv-web/vlc-thumbs/work/upstream/vlc-master-story005/extras/package/macosx/../../../modules/demux/mp4/essetup.c:1386:33: warning: unused parameter 'p_cfg' [-Wunused-parameter]
 1386 |                 track_config_t *p_cfg )
      |                                 ^
  CC       demux/mp4/meta.lo
  CCLD     libmpgv_plugin.la
1 warning generated.
  CC       demux/playlist/asx.lo
1 warning generated.
  CC       demux/playlist/b4s.lo
  CC       demux/playlist/bdmv.lo
  CC       demux/playlist/dvb.lo
  CC       demux/playlist/ifo.lo
  CC       demux/playlist/itml.lo
  CC       demux/playlist/m3u.lo
  CC       demux/playlist/pls.lo
  CC       demux/playlist/podcast.lo
  CC       demux/playlist/qtl.lo
  CC       demux/playlist/ram.lo
  CC       demux/playlist/sgimb.lo
  CC       demux/playlist/wms.lo
  CC       demux/playlist/wpl.lo
  CC       demux/playlist/xspf.lo
  CC       demux/playlist/playlist.lo
  CC       mux/mpeg/libts_plugin_la-csa.lo
  CC       mux/mpeg/libts_plugin_la-tables.lo
  CC       mux/mpeg/libts_plugin_la-tsutil.lo
  CXX      demux/adaptive/libadaptive_plugin_la-adaptive.lo
  CXX      demux/adaptive/playlist/libvlc_adaptive_la-BaseAdaptationSet.lo
In file included from /Users/cam/Documents/Projects/ultima-iv-web/vlc-thumbs/work/upstream/vlc-master-story005/extras/package/macosx/../../../modules/demux/adaptive/adaptive.cpp:26:
In file included from ../config.h:896:
In file included from /Users/cam/Documents/Projects/ultima-iv-web/vlc-thumbs/work/upstream/vlc-master-story005/extras/package/macosx/../../../include/vlc_fixups.h:166:
In file included from /Applications/Xcode.app/Contents/Developer/Platforms/MacOSX.platform/Developer/SDKs/MacOSX27.0.sdk/usr/include/c++/v1/stddef.h:30:
In file included from /Applications/Xcode.app/Contents/Developer/Platforms/MacOSX.platform/Developer/SDKs/MacOSX27.0.sdk/usr/include/c++/v1/__config:15:
/Applications/Xcode.app/Contents/Developer/Platforms/MacOSX.platform/Developer/SDKs/MacOSX27.0.sdk/usr/include/c++/v1/__configuration/availability.h:204:4: warning: "The selected platform is no longer supported by libc++." [-W#warnings]
  204 | #  warning "The selected platform is no longer supported by libc++."
      |    ^
In file included from /Users/cam/Documents/Projects/ultima-iv-web/vlc-thumbs/work/upstream/vlc-master-story005/extras/package/macosx/../../../modules/demux/adaptive/playlist/BaseAdaptationSet.cpp:26:
In file included from ../config.h:896:
In file included from /Users/cam/Documents/Projects/ultima-iv-web/vlc-thumbs/work/upstream/vlc-master-story005/extras/package/macosx/../../../include/vlc_fixups.h:166:
In file included from /Applications/Xcode.app/Contents/Developer/Platforms/MacOSX.platform/Developer/SDKs/MacOSX27.0.sdk/usr/include/c++/v1/stddef.h:30:
In file included from /Applications/Xcode.app/Contents/Developer/Platforms/MacOSX.platform/Developer/SDKs/MacOSX27.0.sdk/usr/include/c++/v1/__config:15:
/Applications/Xcode.app/Contents/Developer/Platforms/MacOSX.platform/Developer/SDKs/MacOSX27.0.sdk/usr/include/c++/v1/__configuration/availability.h:204:4: warning: "The selected platform is no longer supported by libc++." [-W#warnings]
  204 | #  warning "The selected platform is no longer supported by libc++."
      |    ^
  CXX      demux/adaptive/playlist/libvlc_adaptive_la-BasePeriod.lo
In file included from /Users/cam/Documents/Projects/ultima-iv-web/vlc-thumbs/work/upstream/vlc-master-story005/extras/package/macosx/../../../modules/demux/adaptive/playlist/BasePeriod.cpp:26:
In file included from ../config.h:896:
In file included from /Users/cam/Documents/Projects/ultima-iv-web/vlc-thumbs/work/upstream/vlc-master-story005/extras/package/macosx/../../../include/vlc_fixups.h:166:
In file included from /Applications/Xcode.app/Contents/Developer/Platforms/MacOSX.platform/Developer/SDKs/MacOSX27.0.sdk/usr/include/c++/v1/stddef.h:30:
In file included from /Applications/Xcode.app/Contents/Developer/Platforms/MacOSX.platform/Developer/SDKs/MacOSX27.0.sdk/usr/include/c++/v1/__config:15:
/Applications/Xcode.app/Contents/Developer/Platforms/MacOSX.platform/Developer/SDKs/MacOSX27.0.sdk/usr/include/c++/v1/__configuration/availability.h:204:4: warning: "The selected platform is no longer supported by libc++." [-W#warnings]
  204 | #  warning "The selected platform is no longer supported by libc++."
      |    ^
  CXX      demux/adaptive/playlist/libvlc_adaptive_la-BasePlaylist.lo
In file included from /Users/cam/Documents/Projects/ultima-iv-web/vlc-thumbs/work/upstream/vlc-master-story005/extras/package/macosx/../../../modules/demux/adaptive/playlist/BasePlaylist.cpp:22:
In file included from ../config.h:896:
In file included from /Users/cam/Documents/Projects/ultima-iv-web/vlc-thumbs/work/upstream/vlc-master-story005/extras/package/macosx/../../../include/vlc_fixups.h:166:
In file included from /Applications/Xcode.app/Contents/Developer/Platforms/MacOSX.platform/Developer/SDKs/MacOSX27.0.sdk/usr/include/c++/v1/stddef.h:30:
In file included from /Applications/Xcode.app/Contents/Developer/Platforms/MacOSX.platform/Developer/SDKs/MacOSX27.0.sdk/usr/include/c++/v1/__config:15:
/Applications/Xcode.app/Contents/Developer/Platforms/MacOSX.platform/Developer/SDKs/MacOSX27.0.sdk/usr/include/c++/v1/__configuration/availability.h:204:4: warning: "The selected platform is no longer supported by libc++." [-W#warnings]
  204 | #  warning "The selected platform is no longer supported by libc++."
      |    ^
1 warning generated.
  CXX      demux/adaptive/playlist/libvlc_adaptive_la-BaseRepresentation.lo
1 warning generated.
  CXX      demux/adaptive/playlist/libvlc_adaptive_la-CodecDescription.lo
In file included from /Users/cam/Documents/Projects/ultima-iv-web/vlc-thumbs/work/upstream/vlc-master-story005/extras/package/macosx/../../../modules/demux/adaptive/playlist/BaseRepresentation.cpp:25:
In file included from ../config.h:896:
In file included from /Users/cam/Documents/Projects/ultima-iv-web/vlc-thumbs/work/upstream/vlc-master-story005/extras/package/macosx/../../../include/vlc_fixups.h:166:
In file included from /Applications/Xcode.app/Contents/Developer/Platforms/MacOSX.platform/Developer/SDKs/MacOSX27.0.sdk/usr/include/c++/v1/stddef.h:30:
In file included from /Applications/Xcode.app/Contents/Developer/Platforms/MacOSX.platform/Developer/SDKs/MacOSX27.0.sdk/usr/include/c++/v1/__config:15:
/Applications/Xcode.app/Contents/Developer/Platforms/MacOSX.platform/Developer/SDKs/MacOSX27.0.sdk/usr/include/c++/v1/__configuration/availability.h:204:4: warning: "The selected platform is no longer supported by libc++." [-W#warnings]
  204 | #  warning "The selected platform is no longer supported by libc++."
      |    ^
1 warning generated.
In file included from /Users/cam/Documents/Projects/ultima-iv-web/vlc-thumbs/work/upstream/vlc-master-story005/extras/package/macosx/../../../modules/demux/adaptive/playlist/CodecDescription.cpp:21:
In file included from ../config.h:896:
In file included from /Users/cam/Documents/Projects/ultima-iv-web/vlc-thumbs/work/upstream/vlc-master-story005/extras/package/macosx/../../../include/vlc_fixups.h:166:
In file included from /Applications/Xcode.app/Contents/Developer/Platforms/MacOSX.platform/Developer/SDKs/MacOSX27.0.sdk/usr/include/c++/v1/stddef.h:30:
In file included from /Applications/Xcode.app/Contents/Developer/Platforms/MacOSX.platform/Developer/SDKs/MacOSX27.0.sdk/usr/include/c++/v1/__config:15:
/Applications/Xcode.app/Contents/Developer/Platforms/MacOSX.platform/Developer/SDKs/MacOSX27.0.sdk/usr/include/c++/v1/__configuration/availability.h:204:4: warning: "The selected platform is no longer supported by libc++." [-W#warnings]
  204 | #  warning "The selected platform is no longer supported by libc++."
      |    ^
  CXX      demux/adaptive/playlist/libvlc_adaptive_la-CommonAttributesElements.lo
In file included from /Users/cam/Documents/Projects/ultima-iv-web/vlc-thumbs/work/upstream/vlc-master-story005/extras/package/macosx/../../../modules/demux/adaptive/playlist/CommonAttributesElements.cpp:25:
In file included from ../config.h:896:
In file included from /Users/cam/Documents/Projects/ultima-iv-web/vlc-thumbs/work/upstream/vlc-master-story005/extras/package/macosx/../../../include/vlc_fixups.h:166:
In file included from /Applications/Xcode.app/Contents/Developer/Platforms/MacOSX.platform/Developer/SDKs/MacOSX27.0.sdk/usr/include/c++/v1/stddef.h:30:
In file included from /Applications/Xcode.app/Contents/Developer/Platforms/MacOSX.platform/Developer/SDKs/MacOSX27.0.sdk/usr/include/c++/v1/__config:15:
/Applications/Xcode.app/Contents/Developer/Platforms/MacOSX.platform/Developer/SDKs/MacOSX27.0.sdk/usr/include/c++/v1/__configuration/availability.h:204:4: warning: "The selected platform is no longer supported by libc++." [-W#warnings]
  204 | #  warning "The selected platform is no longer supported by libc++."
      |    ^
1 warning generated.
  CXX      demux/adaptive/playlist/libvlc_adaptive_la-Inheritables.lo
1 warning generated.
  CXX      demux/adaptive/playlist/libvlc_adaptive_la-Role.lo
In file included from /Users/cam/Documents/Projects/ultima-iv-web/vlc-thumbs/work/upstream/vlc-master-story005/extras/package/macosx/../../../modules/demux/adaptive/playlist/Inheritables.cpp:22:
In file included from ../config.h:896:
In file included from /Users/cam/Documents/Projects/ultima-iv-web/vlc-thumbs/work/upstream/vlc-master-story005/extras/package/macosx/../../../include/vlc_fixups.h:166:
In file included from /Applications/Xcode.app/Contents/Developer/Platforms/MacOSX.platform/Developer/SDKs/MacOSX27.0.sdk/usr/include/c++/v1/stddef.h:30:
In file included from /Applications/Xcode.app/Contents/Developer/Platforms/MacOSX.platform/Developer/SDKs/MacOSX27.0.sdk/usr/include/c++/v1/__config:15:
/Applications/Xcode.app/Contents/Developer/Platforms/MacOSX.platform/Developer/SDKs/MacOSX27.0.sdk/usr/include/c++/v1/__configuration/availability.h:204:4: warning: "The selected platform is no longer supported by libc++." [-W#warnings]
  204 | #  warning "The selected platform is no longer supported by libc++."
      |    ^
In file included from /Users/cam/Documents/Projects/ultima-iv-web/vlc-thumbs/work/upstream/vlc-master-story005/extras/package/macosx/../../../modules/demux/adaptive/playlist/Role.cpp:21:
In file included from ../config.h:896:
In file included from /Users/cam/Documents/Projects/ultima-iv-web/vlc-thumbs/work/upstream/vlc-master-story005/extras/package/macosx/../../../include/vlc_fixups.h:166:
In file included from /Applications/Xcode.app/Contents/Developer/Platforms/MacOSX.platform/Developer/SDKs/MacOSX27.0.sdk/usr/include/c++/v1/stddef.h:30:
In file included from /Applications/Xcode.app/Contents/Developer/Platforms/MacOSX.platform/Developer/SDKs/MacOSX27.0.sdk/usr/include/c++/v1/__config:15:
/Applications/Xcode.app/Contents/Developer/Platforms/MacOSX.platform/Developer/SDKs/MacOSX27.0.sdk/usr/include/c++/v1/__configuration/availability.h:204:4: warning: "The selected platform is no longer supported by libc++." [-W#warnings]
  204 | #  warning "The selected platform is no longer supported by libc++."
      |    ^
1 warning generated.
1 warning generated.
  CXX      demux/adaptive/playlist/libvlc_adaptive_la-Segment.lo
  CXX      demux/adaptive/playlist/libvlc_adaptive_la-SegmentBase.lo
In file included from /Users/cam/Documents/Projects/ultima-iv-web/vlc-thumbs/work/upstream/vlc-master-story005/extras/package/macosx/../../../modules/demux/adaptive/playlist/Segment.cpp:26:
In file included from ../config.h:896:
In file included from /Users/cam/Documents/Projects/ultima-iv-web/vlc-thumbs/work/upstream/vlc-master-story005/extras/package/macosx/../../../include/vlc_fixups.h:166:
In file included from /Applications/Xcode.app/Contents/Developer/Platforms/MacOSX.platform/Developer/SDKs/MacOSX27.0.sdk/usr/include/c++/v1/stddef.h:30:
In file included from /Applications/Xcode.app/Contents/Developer/Platforms/MacOSX.platform/Developer/SDKs/MacOSX27.0.sdk/usr/include/c++/v1/__config:15:
/Applications/Xcode.app/Contents/Developer/Platforms/MacOSX.platform/Developer/SDKs/MacOSX27.0.sdk/usr/include/c++/v1/__configuration/availability.h:204:4: warning: "The selected platform is no longer supported by libc++." [-W#warnings]
  204 | #  warning "The selected platform is no longer supported by libc++."
      |    ^
In file included from /Users/cam/Documents/Projects/ultima-iv-web/vlc-thumbs/work/upstream/vlc-master-story005/extras/package/macosx/../../../modules/demux/adaptive/playlist/SegmentBase.cpp:25:
In file included from ../config.h:896:
In file included from /Users/cam/Documents/Projects/ultima-iv-web/vlc-thumbs/work/upstream/vlc-master-story005/extras/package/macosx/../../../include/vlc_fixups.h:166:
In file included from /Applications/Xcode.app/Contents/Developer/Platforms/MacOSX.platform/Developer/SDKs/MacOSX27.0.sdk/usr/include/c++/v1/stddef.h:30:
In file included from /Applications/Xcode.app/Contents/Developer/Platforms/MacOSX.platform/Developer/SDKs/MacOSX27.0.sdk/usr/include/c++/v1/__config:15:
/Applications/Xcode.app/Contents/Developer/Platforms/MacOSX.platform/Developer/SDKs/MacOSX27.0.sdk/usr/include/c++/v1/__configuration/availability.h:204:4: warning: "The selected platform is no longer supported by libc++." [-W#warnings]
  204 | #  warning "The selected platform is no longer supported by libc++."
      |    ^
1 warning generated.
  CXX      demux/adaptive/playlist/libvlc_adaptive_la-SegmentBaseType.lo
In file included from /Users/cam/Documents/Projects/ultima-iv-web/vlc-thumbs/work/upstream/vlc-master-story005/extras/package/macosx/../../../modules/demux/adaptive/playlist/SegmentBaseType.cpp:21:
In file included from ../config.h:896:
In file included from /Users/cam/Documents/Projects/ultima-iv-web/vlc-thumbs/work/upstream/vlc-master-story005/extras/package/macosx/../../../include/vlc_fixups.h:166:
In file included from /Applications/Xcode.app/Contents/Developer/Platforms/MacOSX.platform/Developer/SDKs/MacOSX27.0.sdk/usr/include/c++/v1/stddef.h:30:
In file included from /Applications/Xcode.app/Contents/Developer/Platforms/MacOSX.platform/Developer/SDKs/MacOSX27.0.sdk/usr/include/c++/v1/__config:15:
/Applications/Xcode.app/Contents/Developer/Platforms/MacOSX.platform/Developer/SDKs/MacOSX27.0.sdk/usr/include/c++/v1/__configuration/availability.h:204:4: warning: "The selected platform is no longer supported by libc++." [-W#warnings]
  204 | #  warning "The selected platform is no longer supported by libc++."
      |    ^
1 warning generated.
  CXX      demux/adaptive/playlist/libvlc_adaptive_la-SegmentChunk.lo
In file included from /Users/cam/Documents/Projects/ultima-iv-web/vlc-thumbs/work/upstream/vlc-master-story005/extras/package/macosx/../../../modules/demux/adaptive/playlist/SegmentChunk.cpp:21:
In file included from ../config.h:896:
In file included from /Users/cam/Documents/Projects/ultima-iv-web/vlc-thumbs/work/upstream/vlc-master-story005/extras/package/macosx/../../../include/vlc_fixups.h:166:
In file included from /Applications/Xcode.app/Contents/Developer/Platforms/MacOSX.platform/Developer/SDKs/MacOSX27.0.sdk/usr/include/c++/v1/stddef.h:30:
In file included from /Applications/Xcode.app/Contents/Developer/Platforms/MacOSX.platform/Developer/SDKs/MacOSX27.0.sdk/usr/include/c++/v1/__config:15:
/Applications/Xcode.app/Contents/Developer/Platforms/MacOSX.platform/Developer/SDKs/MacOSX27.0.sdk/usr/include/c++/v1/__configuration/availability.h:204:4: warning: "The selected platform is no longer supported by libc++." [-W#warnings]
  204 | #  warning "The selected platform is no longer supported by libc++."
      |    ^
1 warning generated.
  CXX      demux/adaptive/playlist/libvlc_adaptive_la-SegmentList.lo
In file included from /Users/cam/Documents/Projects/ultima-iv-web/vlc-thumbs/work/upstream/vlc-master-story005/extras/package/macosx/../../../modules/demux/adaptive/playlist/SegmentList.cpp:25:
In file included from ../config.h:896:
In file included from /Users/cam/Documents/Projects/ultima-iv-web/vlc-thumbs/work/upstream/vlc-master-story005/extras/package/macosx/../../../include/vlc_fixups.h:166:
In file included from /Applications/Xcode.app/Contents/Developer/Platforms/MacOSX.platform/Developer/SDKs/MacOSX27.0.sdk/usr/include/c++/v1/stddef.h:30:
In file included from /Applications/Xcode.app/Contents/Developer/Platforms/MacOSX.platform/Developer/SDKs/MacOSX27.0.sdk/usr/include/c++/v1/__config:15:
/Applications/Xcode.app/Contents/Developer/Platforms/MacOSX.platform/Developer/SDKs/MacOSX27.0.sdk/usr/include/c++/v1/__configuration/availability.h:204:4: warning: "The selected platform is no longer supported by libc++." [-W#warnings]
  204 | #  warning "The selected platform is no longer supported by libc++."
      |    ^
1 warning generated.
  CXX      demux/adaptive/playlist/libvlc_adaptive_la-SegmentTimeline.lo
In file included from /Users/cam/Documents/Projects/ultima-iv-web/vlc-thumbs/work/upstream/vlc-master-story005/extras/package/macosx/../../../modules/demux/adaptive/playlist/SegmentTimeline.cpp:23:
In file included from ../config.h:896:
In file included from /Users/cam/Documents/Projects/ultima-iv-web/vlc-thumbs/work/upstream/vlc-master-story005/extras/package/macosx/../../../include/vlc_fixups.h:166:
In file included from /Applications/Xcode.app/Contents/Developer/Platforms/MacOSX.platform/Developer/SDKs/MacOSX27.0.sdk/usr/include/c++/v1/stddef.h:30:
In file included from /Applications/Xcode.app/Contents/Developer/Platforms/MacOSX.platform/Developer/SDKs/MacOSX27.0.sdk/usr/include/c++/v1/__config:15:
/Applications/Xcode.app/Contents/Developer/Platforms/MacOSX.platform/Developer/SDKs/MacOSX27.0.sdk/usr/include/c++/v1/__configuration/availability.h:204:4: warning: "The selected platform is no longer supported by libc++." [-W#warnings]
  204 | #  warning "The selected platform is no longer supported by libc++."
      |    ^
1 warning generated.
  CXX      demux/adaptive/playlist/libvlc_adaptive_la-SegmentInformation.lo
In file included from /Users/cam/Documents/Projects/ultima-iv-web/vlc-thumbs/work/upstream/vlc-master-story005/extras/package/macosx/../../../modules/demux/adaptive/playlist/SegmentInformation.cpp:21:
In file included from ../config.h:896:
In file included from /Users/cam/Documents/Projects/ultima-iv-web/vlc-thumbs/work/upstream/vlc-master-story005/extras/package/macosx/../../../include/vlc_fixups.h:166:
In file included from /Applications/Xcode.app/Contents/Developer/Platforms/MacOSX.platform/Developer/SDKs/MacOSX27.0.sdk/usr/include/c++/v1/stddef.h:30:
In file included from /Applications/Xcode.app/Contents/Developer/Platforms/MacOSX.platform/Developer/SDKs/MacOSX27.0.sdk/usr/include/c++/v1/__config:15:
/Applications/Xcode.app/Contents/Developer/Platforms/MacOSX.platform/Developer/SDKs/MacOSX27.0.sdk/usr/include/c++/v1/__configuration/availability.h:204:4: warning: "The selected platform is no longer supported by libc++." [-W#warnings]
  204 | #  warning "The selected platform is no longer supported by libc++."
      |    ^
1 warning generated.
  CXX      demux/adaptive/playlist/libvlc_adaptive_la-SegmentTemplate.lo
In file included from /Users/cam/Documents/Projects/ultima-iv-web/vlc-thumbs/work/upstream/vlc-master-story005/extras/package/macosx/../../../modules/demux/adaptive/playlist/SegmentTemplate.cpp:23:
In file included from ../config.h:896:
In file included from /Users/cam/Documents/Projects/ultima-iv-web/vlc-thumbs/work/upstream/vlc-master-story005/extras/package/macosx/../../../include/vlc_fixups.h:166:
In file included from /Applications/Xcode.app/Contents/Developer/Platforms/MacOSX.platform/Developer/SDKs/MacOSX27.0.sdk/usr/include/c++/v1/stddef.h:30:
In file included from /Applications/Xcode.app/Contents/Developer/Platforms/MacOSX.platform/Developer/SDKs/MacOSX27.0.sdk/usr/include/c++/v1/__config:15:
/Applications/Xcode.app/Contents/Developer/Platforms/MacOSX.platform/Developer/SDKs/MacOSX27.0.sdk/usr/include/c++/v1/__configuration/availability.h:204:4: warning: "The selected platform is no longer supported by libc++." [-W#warnings]
  204 | #  warning "The selected platform is no longer supported by libc++."
      |    ^
1 warning generated.
  CXX      demux/adaptive/playlist/libvlc_adaptive_la-Url.lo
In file included from /Users/cam/Documents/Projects/ultima-iv-web/vlc-thumbs/work/upstream/vlc-master-story005/extras/package/macosx/../../../modules/demux/adaptive/playlist/Url.cpp:21:
In file included from ../config.h:896:
In file included from /Users/cam/Documents/Projects/ultima-iv-web/vlc-thumbs/work/upstream/vlc-master-story005/extras/package/macosx/../../../include/vlc_fixups.h:166:
In file included from /Applications/Xcode.app/Contents/Developer/Platforms/MacOSX.platform/Developer/SDKs/MacOSX27.0.sdk/usr/include/c++/v1/stddef.h:30:
In file included from /Applications/Xcode.app/Contents/Developer/Platforms/MacOSX.platform/Developer/SDKs/MacOSX27.0.sdk/usr/include/c++/v1/__config:15:
/Applications/Xcode.app/Contents/Developer/Platforms/MacOSX.platform/Developer/SDKs/MacOSX27.0.sdk/usr/include/c++/v1/__configuration/availability.h:204:4: warning: "The selected platform is no longer supported by libc++." [-W#warnings]
  204 | #  warning "The selected platform is no longer supported by libc++."
      |    ^
1 warning generated.
  CXX      demux/adaptive/encryption/libvlc_adaptive_la-CommonEncryption.lo
In file included from /Users/cam/Documents/Projects/ultima-iv-web/vlc-thumbs/work/upstream/vlc-master-story005/extras/package/macosx/../../../modules/demux/adaptive/encryption/CommonEncryption.cpp:22:
In file included from ../config.h:896:
In file included from /Users/cam/Documents/Projects/ultima-iv-web/vlc-thumbs/work/upstream/vlc-master-story005/extras/package/macosx/../../../include/vlc_fixups.h:166:
In file included from /Applications/Xcode.app/Contents/Developer/Platforms/MacOSX.platform/Developer/SDKs/MacOSX27.0.sdk/usr/include/c++/v1/stddef.h:30:
In file included from /Applications/Xcode.app/Contents/Developer/Platforms/MacOSX.platform/Developer/SDKs/MacOSX27.0.sdk/usr/include/c++/v1/__config:15:
/Applications/Xcode.app/Contents/Developer/Platforms/MacOSX.platform/Developer/SDKs/MacOSX27.0.sdk/usr/include/c++/v1/__configuration/availability.h:204:4: warning: "The selected platform is no longer supported by libc++." [-W#warnings]
  204 | #  warning "The selected platform is no longer supported by libc++."
      |    ^
1 warning generated.
  CXX      demux/adaptive/encryption/libvlc_adaptive_la-Keyring.lo
In file included from /Users/cam/Documents/Projects/ultima-iv-web/vlc-thumbs/work/upstream/vlc-master-story005/extras/package/macosx/../../../modules/demux/adaptive/encryption/Keyring.cpp:22:
In file included from ../config.h:896:
In file included from /Users/cam/Documents/Projects/ultima-iv-web/vlc-thumbs/work/upstream/vlc-master-story005/extras/package/macosx/../../../include/vlc_fixups.h:166:
In file included from /Applications/Xcode.app/Contents/Developer/Platforms/MacOSX.platform/Developer/SDKs/MacOSX27.0.sdk/usr/include/c++/v1/stddef.h:30:
In file included from /Applications/Xcode.app/Contents/Developer/Platforms/MacOSX.platform/Developer/SDKs/MacOSX27.0.sdk/usr/include/c++/v1/__config:15:
/Applications/Xcode.app/Contents/Developer/Platforms/MacOSX.platform/Developer/SDKs/MacOSX27.0.sdk/usr/include/c++/v1/__configuration/availability.h:204:4: warning: "The selected platform is no longer supported by libc++." [-W#warnings]
  204 | #  warning "The selected platform is no longer supported by libc++."
      |    ^
1 warning generated.
  CXX      demux/adaptive/logic/libvlc_adaptive_la-AbstractAdaptationLogic.lo
In file included from /Users/cam/Documents/Projects/ultima-iv-web/vlc-thumbs/work/upstream/vlc-master-story005/extras/package/macosx/../../../modules/demux/adaptive/logic/AbstractAdaptationLogic.cpp:25:
In file included from ../config.h:896:
In file included from /Users/cam/Documents/Projects/ultima-iv-web/vlc-thumbs/work/upstream/vlc-master-story005/extras/package/macosx/../../../include/vlc_fixups.h:166:
In file included from /Applications/Xcode.app/Contents/Developer/Platforms/MacOSX.platform/Developer/SDKs/MacOSX27.0.sdk/usr/include/c++/v1/stddef.h:30:
In file included from /Applications/Xcode.app/Contents/Developer/Platforms/MacOSX.platform/Developer/SDKs/MacOSX27.0.sdk/usr/include/c++/v1/__config:15:
/Applications/Xcode.app/Contents/Developer/Platforms/MacOSX.platform/Developer/SDKs/MacOSX27.0.sdk/usr/include/c++/v1/__configuration/availability.h:204:4: warning: "The selected platform is no longer supported by libc++." [-W#warnings]
  204 | #  warning "The selected platform is no longer supported by libc++."
      |    ^
1 warning generated.
  CXX      demux/adaptive/logic/libvlc_adaptive_la-AlwaysBestAdaptationLogic.lo
1 warning generated.
  CXX      demux/adaptive/logic/libvlc_adaptive_la-AlwaysLowestAdaptationLogic.lo
In file included from /Users/cam/Documents/Projects/ultima-iv-web/vlc-thumbs/work/upstream/vlc-master-story005/extras/package/macosx/../../../modules/demux/adaptive/logic/AlwaysBestAdaptationLogic.cpp:25:
In file included from ../config.h:896:
In file included from /Users/cam/Documents/Projects/ultima-iv-web/vlc-thumbs/work/upstream/vlc-master-story005/extras/package/macosx/../../../include/vlc_fixups.h:166:
In file included from /Applications/Xcode.app/Contents/Developer/Platforms/MacOSX.platform/Developer/SDKs/MacOSX27.0.sdk/usr/include/c++/v1/stddef.h:30:
In file included from /Applications/Xcode.app/Contents/Developer/Platforms/MacOSX.platform/Developer/SDKs/MacOSX27.0.sdk/usr/include/c++/v1/__config:15:
/Applications/Xcode.app/Contents/Developer/Platforms/MacOSX.platform/Developer/SDKs/MacOSX27.0.sdk/usr/include/c++/v1/__configuration/availability.h:204:4: warning: "The selected platform is no longer supported by libc++." [-W#warnings]
  204 | #  warning "The selected platform is no longer supported by libc++."
      |    ^
In file included from /Users/cam/Documents/Projects/ultima-iv-web/vlc-thumbs/work/upstream/vlc-master-story005/extras/package/macosx/../../../modules/demux/adaptive/logic/AlwaysLowestAdaptationLogic.cpp:21:
In file included from ../config.h:896:
In file included from /Users/cam/Documents/Projects/ultima-iv-web/vlc-thumbs/work/upstream/vlc-master-story005/extras/package/macosx/../../../include/vlc_fixups.h:166:
In file included from /Applications/Xcode.app/Contents/Developer/Platforms/MacOSX.platform/Developer/SDKs/MacOSX27.0.sdk/usr/include/c++/v1/stddef.h:30:
In file included from /Applications/Xcode.app/Contents/Developer/Platforms/MacOSX.platform/Developer/SDKs/MacOSX27.0.sdk/usr/include/c++/v1/__config:15:
/Applications/Xcode.app/Contents/Developer/Platforms/MacOSX.platform/Developer/SDKs/MacOSX27.0.sdk/usr/include/c++/v1/__configuration/availability.h:204:4: warning: "The selected platform is no longer supported by libc++." [-W#warnings]
  204 | #  warning "The selected platform is no longer supported by libc++."
      |    ^
1 warning generated.
1 warning generated.
  CXX      demux/adaptive/logic/libvlc_adaptive_la-BufferingLogic.lo
  CXX      demux/adaptive/logic/libvlc_adaptive_la-NearOptimalAdaptationLogic.lo
In file included from /Users/cam/Documents/Projects/ultima-iv-web/vlc-thumbs/work/upstream/vlc-master-story005/extras/package/macosx/../../../modules/demux/adaptive/logic/BufferingLogic.cpp:21:
In file included from ../config.h:896:
In file included from /Users/cam/Documents/Projects/ultima-iv-web/vlc-thumbs/work/upstream/vlc-master-story005/extras/package/macosx/../../../include/vlc_fixups.h:166:
In file included from /Applications/Xcode.app/Contents/Developer/Platforms/MacOSX.platform/Developer/SDKs/MacOSX27.0.sdk/usr/include/c++/v1/stddef.h:30:
In file included from /Applications/Xcode.app/Contents/Developer/Platforms/MacOSX.platform/Developer/SDKs/MacOSX27.0.sdk/usr/include/c++/v1/__config:15:
/Applications/Xcode.app/Contents/Developer/Platforms/MacOSX.platform/Developer/SDKs/MacOSX27.0.sdk/usr/include/c++/v1/__configuration/availability.h:204:4: warning: "The selected platform is no longer supported by libc++." [-W#warnings]
  204 | #  warning "The selected platform is no longer supported by libc++."
      |    ^
In file included from /Users/cam/Documents/Projects/ultima-iv-web/vlc-thumbs/work/upstream/vlc-master-story005/extras/package/macosx/../../../modules/demux/adaptive/logic/NearOptimalAdaptationLogic.cpp:21:
In file included from ../config.h:896:
In file included from /Users/cam/Documents/Projects/ultima-iv-web/vlc-thumbs/work/upstream/vlc-master-story005/extras/package/macosx/../../../include/vlc_fixups.h:166:
In file included from /Applications/Xcode.app/Contents/Developer/Platforms/MacOSX.platform/Developer/SDKs/MacOSX27.0.sdk/usr/include/c++/v1/stddef.h:30:
In file included from /Applications/Xcode.app/Contents/Developer/Platforms/MacOSX.platform/Developer/SDKs/MacOSX27.0.sdk/usr/include/c++/v1/__config:15:
/Applications/Xcode.app/Contents/Developer/Platforms/MacOSX.platform/Developer/SDKs/MacOSX27.0.sdk/usr/include/c++/v1/__configuration/availability.h:204:4: warning: "The selected platform is no longer supported by libc++." [-W#warnings]
  204 | #  warning "The selected platform is no longer supported by libc++."
      |    ^
1 warning generated.
  CXX      demux/adaptive/logic/libvlc_adaptive_la-PredictiveAdaptationLogic.lo
1 warning generated.
  CXX      demux/adaptive/logic/libvlc_adaptive_la-RateBasedAdaptationLogic.lo
In file included from /Users/cam/Documents/Projects/ultima-iv-web/vlc-thumbs/work/upstream/vlc-master-story005/extras/package/macosx/../../../modules/demux/adaptive/logic/PredictiveAdaptationLogic.cpp:21:
In file included from ../config.h:896:
In file included from /Users/cam/Documents/Projects/ultima-iv-web/vlc-thumbs/work/upstream/vlc-master-story005/extras/package/macosx/../../../include/vlc_fixups.h:166:
In file included from /Applications/Xcode.app/Contents/Developer/Platforms/MacOSX.platform/Developer/SDKs/MacOSX27.0.sdk/usr/include/c++/v1/stddef.h:30:
In file included from /Applications/Xcode.app/Contents/Developer/Platforms/MacOSX.platform/Developer/SDKs/MacOSX27.0.sdk/usr/include/c++/v1/__config:15:
/Applications/Xcode.app/Contents/Developer/Platforms/MacOSX.platform/Developer/SDKs/MacOSX27.0.sdk/usr/include/c++/v1/__configuration/availability.h:204:4: warning: "The selected platform is no longer supported by libc++." [-W#warnings]
  204 | #  warning "The selected platform is no longer supported by libc++."
      |    ^
In file included from /Users/cam/Documents/Projects/ultima-iv-web/vlc-thumbs/work/upstream/vlc-master-story005/extras/package/macosx/../../../modules/demux/adaptive/logic/RateBasedAdaptationLogic.cpp:25:
In file included from ../config.h:896:
In file included from /Users/cam/Documents/Projects/ultima-iv-web/vlc-thumbs/work/upstream/vlc-master-story005/extras/package/macosx/../../../include/vlc_fixups.h:166:
In file included from /Applications/Xcode.app/Contents/Developer/Platforms/MacOSX.platform/Developer/SDKs/MacOSX27.0.sdk/usr/include/c++/v1/stddef.h:30:
In file included from /Applications/Xcode.app/Contents/Developer/Platforms/MacOSX.platform/Developer/SDKs/MacOSX27.0.sdk/usr/include/c++/v1/__config:15:
/Applications/Xcode.app/Contents/Developer/Platforms/MacOSX.platform/Developer/SDKs/MacOSX27.0.sdk/usr/include/c++/v1/__configuration/availability.h:204:4: warning: "The selected platform is no longer supported by libc++." [-W#warnings]
  204 | #  warning "The selected platform is no longer supported by libc++."
      |    ^
1 warning generated.
  CXX      demux/adaptive/logic/libvlc_adaptive_la-Representationselectors.lo
In file included from /Users/cam/Documents/Projects/ultima-iv-web/vlc-thumbs/work/upstream/vlc-master-story005/extras/package/macosx/../../../modules/demux/adaptive/logic/Representationselectors.cpp:21:
In file included from ../config.h:896:
In file included from /Users/cam/Documents/Projects/ultima-iv-web/vlc-thumbs/work/upstream/vlc-master-story005/extras/package/macosx/../../../include/vlc_fixups.h:166:
In file included from /Applications/Xcode.app/Contents/Developer/Platforms/MacOSX.platform/Developer/SDKs/MacOSX27.0.sdk/usr/include/c++/v1/stddef.h:30:
In file included from /Applications/Xcode.app/Contents/Developer/Platforms/MacOSX.platform/Developer/SDKs/MacOSX27.0.sdk/usr/include/c++/v1/__config:15:
/Applications/Xcode.app/Contents/Developer/Platforms/MacOSX.platform/Developer/SDKs/MacOSX27.0.sdk/usr/include/c++/v1/__configuration/availability.h:204:4: warning: "The selected platform is no longer supported by libc++." [-W#warnings]
  204 | #  warning "The selected platform is no longer supported by libc++."
      |    ^
1 warning generated.
  CXX      demux/adaptive/logic/libvlc_adaptive_la-RoundRobinLogic.lo
1 warning generated.
In file included from /Users/cam/Documents/Projects/ultima-iv-web/vlc-thumbs/work/upstream/vlc-master-story005/extras/package/macosx/../../../modules/demux/adaptive/logic/RoundRobinLogic.cpp:2:
In file included from ../config.h:896:
In file included from /Users/cam/Documents/Projects/ultima-iv-web/vlc-thumbs/work/upstream/vlc-master-story005/extras/package/macosx/../../../include/vlc_fixups.h:166:
In file included from /Applications/Xcode.app/Contents/Developer/Platforms/MacOSX.platform/Developer/SDKs/MacOSX27.0.sdk/usr/include/c++/v1/stddef.h:30:
In file included from /Applications/Xcode.app/Contents/Developer/Platforms/MacOSX.platform/Developer/SDKs/MacOSX27.0.sdk/usr/include/c++/v1/__config:15:
/Applications/Xcode.app/Contents/Developer/Platforms/MacOSX.platform/Developer/SDKs/MacOSX27.0.sdk/usr/include/c++/v1/__configuration/availability.h:204:4: warning: "The selected platform is no longer supported by libc++." [-W#warnings]
  204 | #  warning "The selected platform is no longer supported by libc++."
      |    ^
  CXX      demux/adaptive/mp4/libvlc_adaptive_la-AtomsReader.lo
1 warning generated.
  CXX      demux/adaptive/http/libvlc_adaptive_la-AuthStorage.lo
In file included from /Users/cam/Documents/Projects/ultima-iv-web/vlc-thumbs/work/upstream/vlc-master-story005/extras/package/macosx/../../../modules/demux/adaptive/mp4/AtomsReader.cpp:21:
In file included from ../config.h:896:
In file included from /Users/cam/Documents/Projects/ultima-iv-web/vlc-thumbs/work/upstream/vlc-master-story005/extras/package/macosx/../../../include/vlc_fixups.h:166:
In file included from /Applications/Xcode.app/Contents/Developer/Platforms/MacOSX.platform/Developer/SDKs/MacOSX27.0.sdk/usr/include/c++/v1/stddef.h:30:
In file included from /Applications/Xcode.app/Contents/Developer/Platforms/MacOSX.platform/Developer/SDKs/MacOSX27.0.sdk/usr/include/c++/v1/__config:15:
/Applications/Xcode.app/Contents/Developer/Platforms/MacOSX.platform/Developer/SDKs/MacOSX27.0.sdk/usr/include/c++/v1/__configuration/availability.h:204:4: warning: "The selected platform is no longer supported by libc++." [-W#warnings]
  204 | #  warning "The selected platform is no longer supported by libc++."
      |    ^
In file included from /Users/cam/Documents/Projects/ultima-iv-web/vlc-thumbs/work/upstream/vlc-master-story005/extras/package/macosx/../../../modules/demux/adaptive/http/AuthStorage.cpp:21:
In file included from ../config.h:896:
In file included from /Users/cam/Documents/Projects/ultima-iv-web/vlc-thumbs/work/upstream/vlc-master-story005/extras/package/macosx/../../../include/vlc_fixups.h:166:
In file included from /Applications/Xcode.app/Contents/Developer/Platforms/MacOSX.platform/Developer/SDKs/MacOSX27.0.sdk/usr/include/c++/v1/stddef.h:30:
In file included from /Applications/Xcode.app/Contents/Developer/Platforms/MacOSX.platform/Developer/SDKs/MacOSX27.0.sdk/usr/include/c++/v1/__config:15:
/Applications/Xcode.app/Contents/Developer/Platforms/MacOSX.platform/Developer/SDKs/MacOSX27.0.sdk/usr/include/c++/v1/__configuration/availability.h:204:4: warning: "The selected platform is no longer supported by libc++." [-W#warnings]
  204 | #  warning "The selected platform is no longer supported by libc++."
      |    ^
1 warning generated.
  CXX      demux/adaptive/http/libvlc_adaptive_la-BytesRange.lo
1 warning generated.
  CXX      demux/adaptive/http/libvlc_adaptive_la-Chunk.lo
In file included from /Users/cam/Documents/Projects/ultima-iv-web/vlc-thumbs/work/upstream/vlc-master-story005/extras/package/macosx/../../../modules/demux/adaptive/http/BytesRange.cpp:22:
In file included from ../config.h:896:
In file included from /Users/cam/Documents/Projects/ultima-iv-web/vlc-thumbs/work/upstream/vlc-master-story005/extras/package/macosx/../../../include/vlc_fixups.h:166:
In file included from /Applications/Xcode.app/Contents/Developer/Platforms/MacOSX.platform/Developer/SDKs/MacOSX27.0.sdk/usr/include/c++/v1/stddef.h:30:
In file included from /Applications/Xcode.app/Contents/Developer/Platforms/MacOSX.platform/Developer/SDKs/MacOSX27.0.sdk/usr/include/c++/v1/__config:15:
/Applications/Xcode.app/Contents/Developer/Platforms/MacOSX.platform/Developer/SDKs/MacOSX27.0.sdk/usr/include/c++/v1/__configuration/availability.h:204:4: warning: "The selected platform is no longer supported by libc++." [-W#warnings]
  204 | #  warning "The selected platform is no longer supported by libc++."
      |    ^
In file included from /Users/cam/Documents/Projects/ultima-iv-web/vlc-thumbs/work/upstream/vlc-master-story005/extras/package/macosx/../../../modules/demux/adaptive/http/Chunk.cpp:25:
In file included from ../config.h:896:
In file included from /Users/cam/Documents/Projects/ultima-iv-web/vlc-thumbs/work/upstream/vlc-master-story005/extras/package/macosx/../../../include/vlc_fixups.h:166:
In file included from /Applications/Xcode.app/Contents/Developer/Platforms/MacOSX.platform/Developer/SDKs/MacOSX27.0.sdk/usr/include/c++/v1/stddef.h:30:
In file included from /Applications/Xcode.app/Contents/Developer/Platforms/MacOSX.platform/Developer/SDKs/MacOSX27.0.sdk/usr/include/c++/v1/__config:15:
/Applications/Xcode.app/Contents/Developer/Platforms/MacOSX.platform/Developer/SDKs/MacOSX27.0.sdk/usr/include/c++/v1/__configuration/availability.h:204:4: warning: "The selected platform is no longer supported by libc++." [-W#warnings]
  204 | #  warning "The selected platform is no longer supported by libc++."
      |    ^
1 warning generated.
  CXX      demux/adaptive/http/libvlc_adaptive_la-ConnectionParams.lo
1 warning generated.
In file included from /Users/cam/Documents/Projects/ultima-iv-web/vlc-thumbs/work/upstream/vlc-master-story005/extras/package/macosx/../../../modules/demux/adaptive/http/ConnectionParams.cpp:21:
In file included from ../config.h:896:
In file included from /Users/cam/Documents/Projects/ultima-iv-web/vlc-thumbs/work/upstream/vlc-master-story005/extras/package/macosx/../../../include/vlc_fixups.h:166:
In file included from /Applications/Xcode.app/Contents/Developer/Platforms/MacOSX.platform/Developer/SDKs/MacOSX27.0.sdk/usr/include/c++/v1/stddef.h:30:
In file included from /Applications/Xcode.app/Contents/Developer/Platforms/MacOSX.platform/Developer/SDKs/MacOSX27.0.sdk/usr/include/c++/v1/__config:15:
/Applications/Xcode.app/Contents/Developer/Platforms/MacOSX.platform/Developer/SDKs/MacOSX27.0.sdk/usr/include/c++/v1/__configuration/availability.h:204:4: warning: "The selected platform is no longer supported by libc++." [-W#warnings]
  204 | #  warning "The selected platform is no longer supported by libc++."
      |    ^
  CXX      demux/adaptive/http/libvlc_adaptive_la-Downloader.lo
In file included from /Users/cam/Documents/Projects/ultima-iv-web/vlc-thumbs/work/upstream/vlc-master-story005/extras/package/macosx/../../../modules/demux/adaptive/http/Downloader.cpp:21:
In file included from ../config.h:896:
In file included from /Users/cam/Documents/Projects/ultima-iv-web/vlc-thumbs/work/upstream/vlc-master-story005/extras/package/macosx/../../../include/vlc_fixups.h:166:
In file included from /Applications/Xcode.app/Contents/Developer/Platforms/MacOSX.platform/Developer/SDKs/MacOSX27.0.sdk/usr/include/c++/v1/stddef.h:30:
In file included from /Applications/Xcode.app/Contents/Developer/Platforms/MacOSX.platform/Developer/SDKs/MacOSX27.0.sdk/usr/include/c++/v1/__config:15:
/Applications/Xcode.app/Contents/Developer/Platforms/MacOSX.platform/Developer/SDKs/MacOSX27.0.sdk/usr/include/c++/v1/__configuration/availability.h:204:4: warning: "The selected platform is no longer supported by libc++." [-W#warnings]
  204 | #  warning "The selected platform is no longer supported by libc++."
      |    ^
1 warning generated.
  CXX      demux/adaptive/http/libvlc_adaptive_la-HTTPConnection.lo
In file included from /Users/cam/Documents/Projects/ultima-iv-web/vlc-thumbs/work/upstream/vlc-master-story005/extras/package/macosx/../../../modules/demux/adaptive/http/HTTPConnection.cpp:21:
In file included from ../config.h:896:
In file included from /Users/cam/Documents/Projects/ultima-iv-web/vlc-thumbs/work/upstream/vlc-master-story005/extras/package/macosx/../../../include/vlc_fixups.h:166:
In file included from /Applications/Xcode.app/Contents/Developer/Platforms/MacOSX.platform/Developer/SDKs/MacOSX27.0.sdk/usr/include/c++/v1/stddef.h:30:
In file included from /Applications/Xcode.app/Contents/Developer/Platforms/MacOSX.platform/Developer/SDKs/MacOSX27.0.sdk/usr/include/c++/v1/__config:15:
/Applications/Xcode.app/Contents/Developer/Platforms/MacOSX.platform/Developer/SDKs/MacOSX27.0.sdk/usr/include/c++/v1/__configuration/availability.h:204:4: warning: "The selected platform is no longer supported by libc++." [-W#warnings]
  204 | #  warning "The selected platform is no longer supported by libc++."
      |    ^
1 warning generated.
  CXX      demux/adaptive/http/libvlc_adaptive_la-HTTPConnectionManager.lo
In file included from /Users/cam/Documents/Projects/ultima-iv-web/vlc-thumbs/work/upstream/vlc-master-story005/extras/package/macosx/../../../modules/demux/adaptive/http/HTTPConnectionManager.cpp:25:
In file included from ../config.h:896:
In file included from /Users/cam/Documents/Projects/ultima-iv-web/vlc-thumbs/work/upstream/vlc-master-story005/extras/package/macosx/../../../include/vlc_fixups.h:166:
In file included from /Applications/Xcode.app/Contents/Developer/Platforms/MacOSX.platform/Developer/SDKs/MacOSX27.0.sdk/usr/include/c++/v1/stddef.h:30:
In file included from /Applications/Xcode.app/Contents/Developer/Platforms/MacOSX.platform/Developer/SDKs/MacOSX27.0.sdk/usr/include/c++/v1/__config:15:
/Applications/Xcode.app/Contents/Developer/Platforms/MacOSX.platform/Developer/SDKs/MacOSX27.0.sdk/usr/include/c++/v1/__configuration/availability.h:204:4: warning: "The selected platform is no longer supported by libc++." [-W#warnings]
  204 | #  warning "The selected platform is no longer supported by libc++."
      |    ^
1 warning generated.
  CXX      demux/adaptive/plumbing/libvlc_adaptive_la-CommandsQueue.lo
1 warning generated.
  CXX      demux/adaptive/plumbing/libvlc_adaptive_la-Demuxer.lo
In file included from /Users/cam/Documents/Projects/ultima-iv-web/vlc-thumbs/work/upstream/vlc-master-story005/extras/package/macosx/../../../modules/demux/adaptive/plumbing/CommandsQueue.cpp:21:
In file included from ../config.h:896:
In file included from /Users/cam/Documents/Projects/ultima-iv-web/vlc-thumbs/work/upstream/vlc-master-story005/extras/package/macosx/../../../include/vlc_fixups.h:166:
In file included from /Applications/Xcode.app/Contents/Developer/Platforms/MacOSX.platform/Developer/SDKs/MacOSX27.0.sdk/usr/include/c++/v1/stddef.h:30:
In file included from /Applications/Xcode.app/Contents/Developer/Platforms/MacOSX.platform/Developer/SDKs/MacOSX27.0.sdk/usr/include/c++/v1/__config:15:
/Applications/Xcode.app/Contents/Developer/Platforms/MacOSX.platform/Developer/SDKs/MacOSX27.0.sdk/usr/include/c++/v1/__configuration/availability.h:204:4: warning: "The selected platform is no longer supported by libc++." [-W#warnings]
  204 | #  warning "The selected platform is no longer supported by libc++."
      |    ^
In file included from /Users/cam/Documents/Projects/ultima-iv-web/vlc-thumbs/work/upstream/vlc-master-story005/extras/package/macosx/../../../modules/demux/adaptive/plumbing/Demuxer.cpp:22:
In file included from ../config.h:896:
In file included from /Users/cam/Documents/Projects/ultima-iv-web/vlc-thumbs/work/upstream/vlc-master-story005/extras/package/macosx/../../../include/vlc_fixups.h:166:
In file included from /Applications/Xcode.app/Contents/Developer/Platforms/MacOSX.platform/Developer/SDKs/MacOSX27.0.sdk/usr/include/c++/v1/stddef.h:30:
In file included from /Applications/Xcode.app/Contents/Developer/Platforms/MacOSX.platform/Developer/SDKs/MacOSX27.0.sdk/usr/include/c++/v1/__config:15:
/Applications/Xcode.app/Contents/Developer/Platforms/MacOSX.platform/Developer/SDKs/MacOSX27.0.sdk/usr/include/c++/v1/__configuration/availability.h:204:4: warning: "The selected platform is no longer supported by libc++." [-W#warnings]
  204 | #  warning "The selected platform is no longer supported by libc++."
      |    ^
1 warning generated.
  CXX      demux/adaptive/plumbing/libvlc_adaptive_la-FakeESOut.lo
In file included from /Users/cam/Documents/Projects/ultima-iv-web/vlc-thumbs/work/upstream/vlc-master-story005/extras/package/macosx/../../../modules/demux/adaptive/plumbing/FakeESOut.cpp:22:
In file included from ../config.h:896:
In file included from /Users/cam/Documents/Projects/ultima-iv-web/vlc-thumbs/work/upstream/vlc-master-story005/extras/package/macosx/../../../include/vlc_fixups.h:166:
In file included from /Applications/Xcode.app/Contents/Developer/Platforms/MacOSX.platform/Developer/SDKs/MacOSX27.0.sdk/usr/include/c++/v1/stddef.h:30:
In file included from /Applications/Xcode.app/Contents/Developer/Platforms/MacOSX.platform/Developer/SDKs/MacOSX27.0.sdk/usr/include/c++/v1/__config:15:
/Applications/Xcode.app/Contents/Developer/Platforms/MacOSX.platform/Developer/SDKs/MacOSX27.0.sdk/usr/include/c++/v1/__configuration/availability.h:204:4: warning: "The selected platform is no longer supported by libc++." [-W#warnings]
  204 | #  warning "The selected platform is no longer supported by libc++."
      |    ^
1 warning generated.
  CXX      demux/adaptive/plumbing/libvlc_adaptive_la-FakeESOutID.lo
In file included from /Users/cam/Documents/Projects/ultima-iv-web/vlc-thumbs/work/upstream/vlc-master-story005/extras/package/macosx/../../../modules/demux/adaptive/plumbing/FakeESOutID.cpp:22:
In file included from ../config.h:896:
In file included from /Users/cam/Documents/Projects/ultima-iv-web/vlc-thumbs/work/upstream/vlc-master-story005/extras/package/macosx/../../../include/vlc_fixups.h:166:
In file included from /Applications/Xcode.app/Contents/Developer/Platforms/MacOSX.platform/Developer/SDKs/MacOSX27.0.sdk/usr/include/c++/v1/stddef.h:30:
In file included from /Applications/Xcode.app/Contents/Developer/Platforms/MacOSX.platform/Developer/SDKs/MacOSX27.0.sdk/usr/include/c++/v1/__config:15:
/Applications/Xcode.app/Contents/Developer/Platforms/MacOSX.platform/Developer/SDKs/MacOSX27.0.sdk/usr/include/c++/v1/__configuration/availability.h:204:4: warning: "The selected platform is no longer supported by libc++." [-W#warnings]
  204 | #  warning "The selected platform is no longer supported by libc++."
      |    ^
1 warning generated.
  CXX      demux/adaptive/plumbing/libvlc_adaptive_la-SourceStream.lo
In file included from /Users/cam/Documents/Projects/ultima-iv-web/vlc-thumbs/work/upstream/vlc-master-story005/extras/package/macosx/../../../modules/demux/adaptive/plumbing/SourceStream.cpp:22:
In file included from ../config.h:896:
In file included from /Users/cam/Documents/Projects/ultima-iv-web/vlc-thumbs/work/upstream/vlc-master-story005/extras/package/macosx/../../../include/vlc_fixups.h:166:
In file included from /Applications/Xcode.app/Contents/Developer/Platforms/MacOSX.platform/Developer/SDKs/MacOSX27.0.sdk/usr/include/c++/v1/stddef.h:30:
In file included from /Applications/Xcode.app/Contents/Developer/Platforms/MacOSX.platform/Developer/SDKs/MacOSX27.0.sdk/usr/include/c++/v1/__config:15:
/Applications/Xcode.app/Contents/Developer/Platforms/MacOSX.platform/Developer/SDKs/MacOSX27.0.sdk/usr/include/c++/v1/__configuration/availability.h:204:4: warning: "The selected platform is no longer supported by libc++." [-W#warnings]
  204 | #  warning "The selected platform is no longer supported by libc++."
      |    ^
1 warning generated.
  CXX      demux/adaptive/tools/libvlc_adaptive_la-Conversions.lo
1 warning generated.
  CXX      demux/adaptive/tools/libvlc_adaptive_la-FormatNamespace.lo
In file included from /Users/cam/Documents/Projects/ultima-iv-web/vlc-thumbs/work/upstream/vlc-master-story005/extras/package/macosx/../../../modules/demux/adaptive/tools/Conversions.cpp:22:
In file included from ../config.h:896:
In file included from /Users/cam/Documents/Projects/ultima-iv-web/vlc-thumbs/work/upstream/vlc-master-story005/extras/package/macosx/../../../include/vlc_fixups.h:166:
In file included from /Applications/Xcode.app/Contents/Developer/Platforms/MacOSX.platform/Developer/SDKs/MacOSX27.0.sdk/usr/include/c++/v1/stddef.h:30:
In file included from /Applications/Xcode.app/Contents/Developer/Platforms/MacOSX.platform/Developer/SDKs/MacOSX27.0.sdk/usr/include/c++/v1/__config:15:
/Applications/Xcode.app/Contents/Developer/Platforms/MacOSX.platform/Developer/SDKs/MacOSX27.0.sdk/usr/include/c++/v1/__configuration/availability.h:204:4: warning: "The selected platform is no longer supported by libc++." [-W#warnings]
  204 | #  warning "The selected platform is no longer supported by libc++."
      |    ^
In file included from /Users/cam/Documents/Projects/ultima-iv-web/vlc-thumbs/work/upstream/vlc-master-story005/extras/package/macosx/../../../modules/demux/adaptive/tools/FormatNamespace.cpp:21:
In file included from ../config.h:896:
In file included from /Users/cam/Documents/Projects/ultima-iv-web/vlc-thumbs/work/upstream/vlc-master-story005/extras/package/macosx/../../../include/vlc_fixups.h:166:
In file included from /Applications/Xcode.app/Contents/Developer/Platforms/MacOSX.platform/Developer/SDKs/MacOSX27.0.sdk/usr/include/c++/v1/stddef.h:30:
In file included from /Applications/Xcode.app/Contents/Developer/Platforms/MacOSX.platform/Developer/SDKs/MacOSX27.0.sdk/usr/include/c++/v1/__config:15:
/Applications/Xcode.app/Contents/Developer/Platforms/MacOSX.platform/Developer/SDKs/MacOSX27.0.sdk/usr/include/c++/v1/__configuration/availability.h:204:4: warning: "The selected platform is no longer supported by libc++." [-W#warnings]
  204 | #  warning "The selected platform is no longer supported by libc++."
      |    ^
1 warning generated.
  CXX      demux/adaptive/tools/libvlc_adaptive_la-Helper.lo
1 warning generated.
  CXX      demux/adaptive/tools/libvlc_adaptive_la-Retrieve.lo
In file included from /Users/cam/Documents/Projects/ultima-iv-web/vlc-thumbs/work/upstream/vlc-master-story005/extras/package/macosx/../../../modules/demux/adaptive/tools/Helper.cpp:25:
In file included from ../config.h:896:
In file included from /Users/cam/Documents/Projects/ultima-iv-web/vlc-thumbs/work/upstream/vlc-master-story005/extras/package/macosx/../../../include/vlc_fixups.h:166:
In file included from /Applications/Xcode.app/Contents/Developer/Platforms/MacOSX.platform/Developer/SDKs/MacOSX27.0.sdk/usr/include/c++/v1/stddef.h:30:
In file included from /Applications/Xcode.app/Contents/Developer/Platforms/MacOSX.platform/Developer/SDKs/MacOSX27.0.sdk/usr/include/c++/v1/__config:15:
/Applications/Xcode.app/Contents/Developer/Platforms/MacOSX.platform/Developer/SDKs/MacOSX27.0.sdk/usr/include/c++/v1/__configuration/availability.h:204:4: warning: "The selected platform is no longer supported by libc++." [-W#warnings]
  204 | #  warning "The selected platform is no longer supported by libc++."
      |    ^
In file included from /Users/cam/Documents/Projects/ultima-iv-web/vlc-thumbs/work/upstream/vlc-master-story005/extras/package/macosx/../../../modules/demux/adaptive/tools/Retrieve.cpp:22:
In file included from ../config.h:896:
In file included from /Users/cam/Documents/Projects/ultima-iv-web/vlc-thumbs/work/upstream/vlc-master-story005/extras/package/macosx/../../../include/vlc_fixups.h:166:
In file included from /Applications/Xcode.app/Contents/Developer/Platforms/MacOSX.platform/Developer/SDKs/MacOSX27.0.sdk/usr/include/c++/v1/stddef.h:30:
In file included from /Applications/Xcode.app/Contents/Developer/Platforms/MacOSX.platform/Developer/SDKs/MacOSX27.0.sdk/usr/include/c++/v1/__config:15:
/Applications/Xcode.app/Contents/Developer/Platforms/MacOSX.platform/Developer/SDKs/MacOSX27.0.sdk/usr/include/c++/v1/__configuration/availability.h:204:4: warning: "The selected platform is no longer supported by libc++." [-W#warnings]
  204 | #  warning "The selected platform is no longer supported by libc++."
      |    ^
In file included from /Users/cam/Documents/Projects/ultima-iv-web/vlc-thumbs/work/upstream/vlc-master-story005/extras/package/macosx/../../../modules/demux/adaptive/tools/FormatNamespace.cpp:26:
/Users/cam/Documents/Projects/ultima-iv-web/vlc-thumbs/work/upstream/vlc-master-story005/extras/package/macosx/../../../modules/demux/adaptive/tools/../../../packetizer/mpeg4audio.h:86:5: warning: array designators are a C99 extension [-Wc99-designator]
   86 |     [0] = 0, /* Set later */
      |     ^~~
2 warnings generated.
  CXX      demux/adaptive/xml/libvlc_adaptive_la-DOMHelper.lo
1 warning generated.
  CXX      demux/adaptive/xml/libvlc_adaptive_la-DOMParser.lo
In file included from /Users/cam/Documents/Projects/ultima-iv-web/vlc-thumbs/work/upstream/vlc-master-story005/extras/package/macosx/../../../modules/demux/adaptive/xml/DOMHelper.cpp:25:
In file included from ../config.h:896:
In file included from /Users/cam/Documents/Projects/ultima-iv-web/vlc-thumbs/work/upstream/vlc-master-story005/extras/package/macosx/../../../include/vlc_fixups.h:166:
In file included from /Applications/Xcode.app/Contents/Developer/Platforms/MacOSX.platform/Developer/SDKs/MacOSX27.0.sdk/usr/include/c++/v1/stddef.h:30:
In file included from /Applications/Xcode.app/Contents/Developer/Platforms/MacOSX.platform/Developer/SDKs/MacOSX27.0.sdk/usr/include/c++/v1/__config:15:
/Applications/Xcode.app/Contents/Developer/Platforms/MacOSX.platform/Developer/SDKs/MacOSX27.0.sdk/usr/include/c++/v1/__configuration/availability.h:204:4: warning: "The selected platform is no longer supported by libc++." [-W#warnings]
  204 | #  warning "The selected platform is no longer supported by libc++."
      |    ^
In file included from /Users/cam/Documents/Projects/ultima-iv-web/vlc-thumbs/work/upstream/vlc-master-story005/extras/package/macosx/../../../modules/demux/adaptive/xml/DOMParser.cpp:25:
In file included from ../config.h:896:
In file included from /Users/cam/Documents/Projects/ultima-iv-web/vlc-thumbs/work/upstream/vlc-master-story005/extras/package/macosx/../../../include/vlc_fixups.h:166:
In file included from /Applications/Xcode.app/Contents/Developer/Platforms/MacOSX.platform/Developer/SDKs/MacOSX27.0.sdk/usr/include/c++/v1/stddef.h:30:
In file included from /Applications/Xcode.app/Contents/Developer/Platforms/MacOSX.platform/Developer/SDKs/MacOSX27.0.sdk/usr/include/c++/v1/__config:15:
/Applications/Xcode.app/Contents/Developer/Platforms/MacOSX.platform/Developer/SDKs/MacOSX27.0.sdk/usr/include/c++/v1/__configuration/availability.h:204:4: warning: "The selected platform is no longer supported by libc++." [-W#warnings]
  204 | #  warning "The selected platform is no longer supported by libc++."
      |    ^
1 warning generated.
  CXX      demux/adaptive/xml/libvlc_adaptive_la-Namespaces.lo
In file included from /Users/cam/Documents/Projects/ultima-iv-web/vlc-thumbs/work/upstream/vlc-master-story005/extras/package/macosx/../../../modules/demux/adaptive/xml/Namespaces.cpp:21:
In file included from ../config.h:896:
In file included from /Users/cam/Documents/Projects/ultima-iv-web/vlc-thumbs/work/upstream/vlc-master-story005/extras/package/macosx/../../../include/vlc_fixups.h:166:
In file included from /Applications/Xcode.app/Contents/Developer/Platforms/MacOSX.platform/Developer/SDKs/MacOSX27.0.sdk/usr/include/c++/v1/stddef.h:30:
In file included from /Applications/Xcode.app/Contents/Developer/Platforms/MacOSX.platform/Developer/SDKs/MacOSX27.0.sdk/usr/include/c++/v1/__config:15:
/Applications/Xcode.app/Contents/Developer/Platforms/MacOSX.platform/Developer/SDKs/MacOSX27.0.sdk/usr/include/c++/v1/__configuration/availability.h:204:4: warning: "The selected platform is no longer supported by libc++." [-W#warnings]
  204 | #  warning "The selected platform is no longer supported by libc++."
      |    ^
1 warning generated.
  CXX      demux/adaptive/xml/libvlc_adaptive_la-Node.lo
In file included from /Users/cam/Documents/Projects/ultima-iv-web/vlc-thumbs/work/upstream/vlc-master-story005/extras/package/macosx/../../../modules/demux/adaptive/xml/Node.cpp:25:
In file included from ../config.h:896:
In file included from /Users/cam/Documents/Projects/ultima-iv-web/vlc-thumbs/work/upstream/vlc-master-story005/extras/package/macosx/../../../include/vlc_fixups.h:166:
In file included from /Applications/Xcode.app/Contents/Developer/Platforms/MacOSX.platform/Developer/SDKs/MacOSX27.0.sdk/usr/include/c++/v1/stddef.h:30:
In file included from /Applications/Xcode.app/Contents/Developer/Platforms/MacOSX.platform/Developer/SDKs/MacOSX27.0.sdk/usr/include/c++/v1/__config:15:
/Applications/Xcode.app/Contents/Developer/Platforms/MacOSX.platform/Developer/SDKs/MacOSX27.0.sdk/usr/include/c++/v1/__configuration/availability.h:204:4: warning: "The selected platform is no longer supported by libc++." [-W#warnings]
  204 | #  warning "The selected platform is no longer supported by libc++."
      |    ^
1 warning generated.
  CXX      demux/dash/mpd/libvlc_adaptive_la-AdaptationSet.lo
In file included from /Users/cam/Documents/Projects/ultima-iv-web/vlc-thumbs/work/upstream/vlc-master-story005/extras/package/macosx/../../../modules/demux/dash/mpd/AdaptationSet.cpp:25:
In file included from ../config.h:896:
In file included from /Users/cam/Documents/Projects/ultima-iv-web/vlc-thumbs/work/upstream/vlc-master-story005/extras/package/macosx/../../../include/vlc_fixups.h:166:
In file included from /Applications/Xcode.app/Contents/Developer/Platforms/MacOSX.platform/Developer/SDKs/MacOSX27.0.sdk/usr/include/c++/v1/stddef.h:30:
In file included from /Applications/Xcode.app/Contents/Developer/Platforms/MacOSX.platform/Developer/SDKs/MacOSX27.0.sdk/usr/include/c++/v1/__config:15:
/Applications/Xcode.app/Contents/Developer/Platforms/MacOSX.platform/Developer/SDKs/MacOSX27.0.sdk/usr/include/c++/v1/__configuration/availability.h:204:4: warning: "The selected platform is no longer supported by libc++." [-W#warnings]
  204 | #  warning "The selected platform is no longer supported by libc++."
      |    ^
1 warning generated.
  CXX      demux/dash/mpd/libvlc_adaptive_la-DASHCommonAttributesElements.lo
In file included from /Users/cam/Documents/Projects/ultima-iv-web/vlc-thumbs/work/upstream/vlc-master-story005/extras/package/macosx/../../../modules/demux/dash/mpd/DASHCommonAttributesElements.cpp:25:
In file included from ../config.h:896:
In file included from /Users/cam/Documents/Projects/ultima-iv-web/vlc-thumbs/work/upstream/vlc-master-story005/extras/package/macosx/../../../include/vlc_fixups.h:166:
In file included from /Applications/Xcode.app/Contents/Developer/Platforms/MacOSX.platform/Developer/SDKs/MacOSX27.0.sdk/usr/include/c++/v1/stddef.h:30:
In file included from /Applications/Xcode.app/Contents/Developer/Platforms/MacOSX.platform/Developer/SDKs/MacOSX27.0.sdk/usr/include/c++/v1/__config:15:
/Applications/Xcode.app/Contents/Developer/Platforms/MacOSX.platform/Developer/SDKs/MacOSX27.0.sdk/usr/include/c++/v1/__configuration/availability.h:204:4: warning: "The selected platform is no longer supported by libc++." [-W#warnings]
  204 | #  warning "The selected platform is no longer supported by libc++."
      |    ^
1 warning generated.
  CXX      demux/dash/mpd/libvlc_adaptive_la-DASHSegment.lo
In file included from /Users/cam/Documents/Projects/ultima-iv-web/vlc-thumbs/work/upstream/vlc-master-story005/extras/package/macosx/../../../modules/demux/dash/mpd/DASHSegment.cpp:26:
In file included from ../config.h:896:
In file included from /Users/cam/Documents/Projects/ultima-iv-web/vlc-thumbs/work/upstream/vlc-master-story005/extras/package/macosx/../../../include/vlc_fixups.h:166:
In file included from /Applications/Xcode.app/Contents/Developer/Platforms/MacOSX.platform/Developer/SDKs/MacOSX27.0.sdk/usr/include/c++/v1/stddef.h:30:
In file included from /Applications/Xcode.app/Contents/Developer/Platforms/MacOSX.platform/Developer/SDKs/MacOSX27.0.sdk/usr/include/c++/v1/__config:15:
/Applications/Xcode.app/Contents/Developer/Platforms/MacOSX.platform/Developer/SDKs/MacOSX27.0.sdk/usr/include/c++/v1/__configuration/availability.h:204:4: warning: "The selected platform is no longer supported by libc++." [-W#warnings]
  204 | #  warning "The selected platform is no longer supported by libc++."
      |    ^
1 warning generated.
  CXX      demux/dash/mpd/libvlc_adaptive_la-ContentDescription.lo
In file included from /Users/cam/Documents/Projects/ultima-iv-web/vlc-thumbs/work/upstream/vlc-master-story005/extras/package/macosx/../../../modules/demux/dash/mpd/ContentDescription.cpp:25:
In file included from ../config.h:896:
In file included from /Users/cam/Documents/Projects/ultima-iv-web/vlc-thumbs/work/upstream/vlc-master-story005/extras/package/macosx/../../../include/vlc_fixups.h:166:
In file included from /Applications/Xcode.app/Contents/Developer/Platforms/MacOSX.platform/Developer/SDKs/MacOSX27.0.sdk/usr/include/c++/v1/stddef.h:30:
In file included from /Applications/Xcode.app/Contents/Developer/Platforms/MacOSX.platform/Developer/SDKs/MacOSX27.0.sdk/usr/include/c++/v1/__config:15:
/Applications/Xcode.app/Contents/Developer/Platforms/MacOSX.platform/Developer/SDKs/MacOSX27.0.sdk/usr/include/c++/v1/__configuration/availability.h:204:4: warning: "The selected platform is no longer supported by libc++." [-W#warnings]
  204 | #  warning "The selected platform is no longer supported by libc++."
      |    ^
1 warning generated.
  CXX      demux/dash/mpd/libvlc_adaptive_la-IsoffMainParser.lo
In file included from /Users/cam/Documents/Projects/ultima-iv-web/vlc-thumbs/work/upstream/vlc-master-story005/extras/package/macosx/../../../modules/demux/dash/mpd/IsoffMainParser.cpp:26:
In file included from ../config.h:896:
In file included from /Users/cam/Documents/Projects/ultima-iv-web/vlc-thumbs/work/upstream/vlc-master-story005/extras/package/macosx/../../../include/vlc_fixups.h:166:
In file included from /Applications/Xcode.app/Contents/Developer/Platforms/MacOSX.platform/Developer/SDKs/MacOSX27.0.sdk/usr/include/c++/v1/stddef.h:30:
In file included from /Applications/Xcode.app/Contents/Developer/Platforms/MacOSX.platform/Developer/SDKs/MacOSX27.0.sdk/usr/include/c++/v1/__config:15:
/Applications/Xcode.app/Contents/Developer/Platforms/MacOSX.platform/Developer/SDKs/MacOSX27.0.sdk/usr/include/c++/v1/__configuration/availability.h:204:4: warning: "The selected platform is no longer supported by libc++." [-W#warnings]
  204 | #  warning "The selected platform is no longer supported by libc++."
      |    ^
1 warning generated.
  CXX      demux/dash/mpd/libvlc_adaptive_la-MPD.lo
1 warning generated.
  CXX      demux/dash/mpd/libvlc_adaptive_la-Profile.lo
In file included from /Users/cam/Documents/Projects/ultima-iv-web/vlc-thumbs/work/upstream/vlc-master-story005/extras/package/macosx/../../../modules/demux/dash/mpd/MPD.cpp:25:
In file included from ../config.h:896:
In file included from /Users/cam/Documents/Projects/ultima-iv-web/vlc-thumbs/work/upstream/vlc-master-story005/extras/package/macosx/../../../include/vlc_fixups.h:166:
In file included from /Applications/Xcode.app/Contents/Developer/Platforms/MacOSX.platform/Developer/SDKs/MacOSX27.0.sdk/usr/include/c++/v1/stddef.h:30:
In file included from /Applications/Xcode.app/Contents/Developer/Platforms/MacOSX.platform/Developer/SDKs/MacOSX27.0.sdk/usr/include/c++/v1/__config:15:
/Applications/Xcode.app/Contents/Developer/Platforms/MacOSX.platform/Developer/SDKs/MacOSX27.0.sdk/usr/include/c++/v1/__configuration/availability.h:204:4: warning: "The selected platform is no longer supported by libc++." [-W#warnings]
  204 | #  warning "The selected platform is no longer supported by libc++."
      |    ^
In file included from /Users/cam/Documents/Projects/ultima-iv-web/vlc-thumbs/work/upstream/vlc-master-story005/extras/package/macosx/../../../modules/demux/dash/mpd/Profile.cpp:21:
In file included from ../config.h:896:
In file included from /Users/cam/Documents/Projects/ultima-iv-web/vlc-thumbs/work/upstream/vlc-master-story005/extras/package/macosx/../../../include/vlc_fixups.h:166:
In file included from /Applications/Xcode.app/Contents/Developer/Platforms/MacOSX.platform/Developer/SDKs/MacOSX27.0.sdk/usr/include/c++/v1/stddef.h:30:
In file included from /Applications/Xcode.app/Contents/Developer/Platforms/MacOSX.platform/Developer/SDKs/MacOSX27.0.sdk/usr/include/c++/v1/__config:15:
/Applications/Xcode.app/Contents/Developer/Platforms/MacOSX.platform/Developer/SDKs/MacOSX27.0.sdk/usr/include/c++/v1/__configuration/availability.h:204:4: warning: "The selected platform is no longer supported by libc++." [-W#warnings]
  204 | #  warning "The selected platform is no longer supported by libc++."
      |    ^
1 warning generated.
  CXX      demux/dash/mpd/libvlc_adaptive_la-ProgramInformation.lo
In file included from /Users/cam/Documents/Projects/ultima-iv-web/vlc-thumbs/work/upstream/vlc-master-story005/extras/package/macosx/../../../modules/demux/dash/mpd/ProgramInformation.cpp:25:
In file included from ../config.h:896:
In file included from /Users/cam/Documents/Projects/ultima-iv-web/vlc-thumbs/work/upstream/vlc-master-story005/extras/package/macosx/../../../include/vlc_fixups.h:166:
In file included from /Applications/Xcode.app/Contents/Developer/Platforms/MacOSX.platform/Developer/SDKs/MacOSX27.0.sdk/usr/include/c++/v1/stddef.h:30:
In file included from /Applications/Xcode.app/Contents/Developer/Platforms/MacOSX.platform/Developer/SDKs/MacOSX27.0.sdk/usr/include/c++/v1/__config:15:
/Applications/Xcode.app/Contents/Developer/Platforms/MacOSX.platform/Developer/SDKs/MacOSX27.0.sdk/usr/include/c++/v1/__configuration/availability.h:204:4: warning: "The selected platform is no longer supported by libc++." [-W#warnings]
  204 | #  warning "The selected platform is no longer supported by libc++."
      |    ^
1 warning generated.
  CXX      demux/dash/mpd/libvlc_adaptive_la-Representation.lo
In file included from /Users/cam/Documents/Projects/ultima-iv-web/vlc-thumbs/work/upstream/vlc-master-story005/extras/package/macosx/../../../modules/demux/dash/mpd/Representation.cpp:25:
In file included from ../config.h:896:
In file included from /Users/cam/Documents/Projects/ultima-iv-web/vlc-thumbs/work/upstream/vlc-master-story005/extras/package/macosx/../../../include/vlc_fixups.h:166:
In file included from /Applications/Xcode.app/Contents/Developer/Platforms/MacOSX.platform/Developer/SDKs/MacOSX27.0.sdk/usr/include/c++/v1/stddef.h:30:
In file included from /Applications/Xcode.app/Contents/Developer/Platforms/MacOSX.platform/Developer/SDKs/MacOSX27.0.sdk/usr/include/c++/v1/__config:15:
/Applications/Xcode.app/Contents/Developer/Platforms/MacOSX.platform/Developer/SDKs/MacOSX27.0.sdk/usr/include/c++/v1/__configuration/availability.h:204:4: warning: "The selected platform is no longer supported by libc++." [-W#warnings]
  204 | #  warning "The selected platform is no longer supported by libc++."
      |    ^
1 warning generated.
  CXX      demux/dash/mpd/libvlc_adaptive_la-TemplatedUri.lo
In file included from /Users/cam/Documents/Projects/ultima-iv-web/vlc-thumbs/work/upstream/vlc-master-story005/extras/package/macosx/../../../modules/demux/dash/mpd/TemplatedUri.cpp:22:
In file included from ../config.h:896:
In file included from /Users/cam/Documents/Projects/ultima-iv-web/vlc-thumbs/work/upstream/vlc-master-story005/extras/package/macosx/../../../include/vlc_fixups.h:166:
In file included from /Applications/Xcode.app/Contents/Developer/Platforms/MacOSX.platform/Developer/SDKs/MacOSX27.0.sdk/usr/include/c++/v1/stddef.h:30:
In file included from /Applications/Xcode.app/Contents/Developer/Platforms/MacOSX.platform/Developer/SDKs/MacOSX27.0.sdk/usr/include/c++/v1/__config:15:
/Applications/Xcode.app/Contents/Developer/Platforms/MacOSX.platform/Developer/SDKs/MacOSX27.0.sdk/usr/include/c++/v1/__configuration/availability.h:204:4: warning: "The selected platform is no longer supported by libc++." [-W#warnings]
  204 | #  warning "The selected platform is no longer supported by libc++."
      |    ^
1 warning generated.
  CXX      demux/dash/mp4/libvlc_adaptive_la-IndexReader.lo
In file included from /Users/cam/Documents/Projects/ultima-iv-web/vlc-thumbs/work/upstream/vlc-master-story005/extras/package/macosx/../../../modules/demux/dash/mp4/IndexReader.cpp:21:
In file included from ../config.h:896:
In file included from /Users/cam/Documents/Projects/ultima-iv-web/vlc-thumbs/work/upstream/vlc-master-story005/extras/package/macosx/../../../include/vlc_fixups.h:166:
In file included from /Applications/Xcode.app/Contents/Developer/Platforms/MacOSX.platform/Developer/SDKs/MacOSX27.0.sdk/usr/include/c++/v1/stddef.h:30:
In file included from /Applications/Xcode.app/Contents/Developer/Platforms/MacOSX.platform/Developer/SDKs/MacOSX27.0.sdk/usr/include/c++/v1/__config:15:
/Applications/Xcode.app/Contents/Developer/Platforms/MacOSX.platform/Developer/SDKs/MacOSX27.0.sdk/usr/include/c++/v1/__configuration/availability.h:204:4: warning: "The selected platform is no longer supported by libc++." [-W#warnings]
  204 | #  warning "The selected platform is no longer supported by libc++."
      |    ^
1 warning generated.
  CXX      demux/dash/libvlc_adaptive_la-DASHManager.lo
In file included from /Users/cam/Documents/Projects/ultima-iv-web/vlc-thumbs/work/upstream/vlc-master-story005/extras/package/macosx/../../../modules/demux/dash/DASHManager.cpp:26:
In file included from ../config.h:896:
In file included from /Users/cam/Documents/Projects/ultima-iv-web/vlc-thumbs/work/upstream/vlc-master-story005/extras/package/macosx/../../../include/vlc_fixups.h:166:
In file included from /Applications/Xcode.app/Contents/Developer/Platforms/MacOSX.platform/Developer/SDKs/MacOSX27.0.sdk/usr/include/c++/v1/stddef.h:30:
In file included from /Applications/Xcode.app/Contents/Developer/Platforms/MacOSX.platform/Developer/SDKs/MacOSX27.0.sdk/usr/include/c++/v1/__config:15:
/Applications/Xcode.app/Contents/Developer/Platforms/MacOSX.platform/Developer/SDKs/MacOSX27.0.sdk/usr/include/c++/v1/__configuration/availability.h:204:4: warning: "The selected platform is no longer supported by libc++." [-W#warnings]
  204 | #  warning "The selected platform is no longer supported by libc++."
      |    ^
1 warning generated.
  CXX      demux/dash/libvlc_adaptive_la-DASHStream.lo
1 warning generated.
In file included from /Users/cam/Documents/Projects/ultima-iv-web/vlc-thumbs/work/upstream/vlc-master-story005/extras/package/macosx/../../../modules/demux/dash/DASHStream.cpp:21:
In file included from ../config.h:896:
In file included from /Users/cam/Documents/Projects/ultima-iv-web/vlc-thumbs/work/upstream/vlc-master-story005/extras/package/macosx/../../../include/vlc_fixups.h:166:
In file included from /Applications/Xcode.app/Contents/Developer/Platforms/MacOSX.platform/Developer/SDKs/MacOSX27.0.sdk/usr/include/c++/v1/stddef.h:30:
In file included from /Applications/Xcode.app/Contents/Developer/Platforms/MacOSX.platform/Developer/SDKs/MacOSX27.0.sdk/usr/include/c++/v1/__config:15:
/Applications/Xcode.app/Contents/Developer/Platforms/MacOSX.platform/Developer/SDKs/MacOSX27.0.sdk/usr/include/c++/v1/__configuration/availability.h:204:4: warning: "The selected platform is no longer supported by libc++." [-W#warnings]
  204 | #  warning "The selected platform is no longer supported by libc++."
      |    ^
  CXX      demux/hls/playlist/libvlc_adaptive_la-M3U8.lo
In file included from /Users/cam/Documents/Projects/ultima-iv-web/vlc-thumbs/work/upstream/vlc-master-story005/extras/package/macosx/../../../modules/demux/hls/playlist/M3U8.cpp:21:
In file included from ../config.h:896:
In file included from /Users/cam/Documents/Projects/ultima-iv-web/vlc-thumbs/work/upstream/vlc-master-story005/extras/package/macosx/../../../include/vlc_fixups.h:166:
In file included from /Applications/Xcode.app/Contents/Developer/Platforms/MacOSX.platform/Developer/SDKs/MacOSX27.0.sdk/usr/include/c++/v1/stddef.h:30:
In file included from /Applications/Xcode.app/Contents/Developer/Platforms/MacOSX.platform/Developer/SDKs/MacOSX27.0.sdk/usr/include/c++/v1/__config:15:
/Applications/Xcode.app/Contents/Developer/Platforms/MacOSX.platform/Developer/SDKs/MacOSX27.0.sdk/usr/include/c++/v1/__configuration/availability.h:204:4: warning: "The selected platform is no longer supported by libc++." [-W#warnings]
  204 | #  warning "The selected platform is no longer supported by libc++."
      |    ^
1 warning generated.
  CXX      demux/hls/playlist/libvlc_adaptive_la-Parser.lo
In file included from /Users/cam/Documents/Projects/ultima-iv-web/vlc-thumbs/work/upstream/vlc-master-story005/extras/package/macosx/../../../modules/demux/hls/playlist/Parser.cpp:21:
In file included from ../config.h:896:
In file included from /Users/cam/Documents/Projects/ultima-iv-web/vlc-thumbs/work/upstream/vlc-master-story005/extras/package/macosx/../../../include/vlc_fixups.h:166:
In file included from /Applications/Xcode.app/Contents/Developer/Platforms/MacOSX.platform/Developer/SDKs/MacOSX27.0.sdk/usr/include/c++/v1/stddef.h:30:
In file included from /Applications/Xcode.app/Contents/Developer/Platforms/MacOSX.platform/Developer/SDKs/MacOSX27.0.sdk/usr/include/c++/v1/__config:15:
/Applications/Xcode.app/Contents/Developer/Platforms/MacOSX.platform/Developer/SDKs/MacOSX27.0.sdk/usr/include/c++/v1/__configuration/availability.h:204:4: warning: "The selected platform is no longer supported by libc++." [-W#warnings]
  204 | #  warning "The selected platform is no longer supported by libc++."
      |    ^
1 warning generated.
  CXX      demux/hls/playlist/libvlc_adaptive_la-HLSRepresentation.lo
1 warning generated.
  CXX      demux/hls/playlist/libvlc_adaptive_la-HLSSegment.lo
In file included from /Users/cam/Documents/Projects/ultima-iv-web/vlc-thumbs/work/upstream/vlc-master-story005/extras/package/macosx/../../../modules/demux/hls/playlist/HLSRepresentation.cpp:21:
In file included from ../config.h:896:
In file included from /Users/cam/Documents/Projects/ultima-iv-web/vlc-thumbs/work/upstream/vlc-master-story005/extras/package/macosx/../../../include/vlc_fixups.h:166:
In file included from /Applications/Xcode.app/Contents/Developer/Platforms/MacOSX.platform/Developer/SDKs/MacOSX27.0.sdk/usr/include/c++/v1/stddef.h:30:
In file included from /Applications/Xcode.app/Contents/Developer/Platforms/MacOSX.platform/Developer/SDKs/MacOSX27.0.sdk/usr/include/c++/v1/__config:15:
/Applications/Xcode.app/Contents/Developer/Platforms/MacOSX.platform/Developer/SDKs/MacOSX27.0.sdk/usr/include/c++/v1/__configuration/availability.h:204:4: warning: "The selected platform is no longer supported by libc++." [-W#warnings]
  204 | #  warning "The selected platform is no longer supported by libc++."
      |    ^
In file included from /Users/cam/Documents/Projects/ultima-iv-web/vlc-thumbs/work/upstream/vlc-master-story005/extras/package/macosx/../../../modules/demux/hls/playlist/HLSSegment.cpp:21:
In file included from ../config.h:896:
In file included from /Users/cam/Documents/Projects/ultima-iv-web/vlc-thumbs/work/upstream/vlc-master-story005/extras/package/macosx/../../../include/vlc_fixups.h:166:
In file included from /Applications/Xcode.app/Contents/Developer/Platforms/MacOSX.platform/Developer/SDKs/MacOSX27.0.sdk/usr/include/c++/v1/stddef.h:30:
In file included from /Applications/Xcode.app/Contents/Developer/Platforms/MacOSX.platform/Developer/SDKs/MacOSX27.0.sdk/usr/include/c++/v1/__config:15:
/Applications/Xcode.app/Contents/Developer/Platforms/MacOSX.platform/Developer/SDKs/MacOSX27.0.sdk/usr/include/c++/v1/__configuration/availability.h:204:4: warning: "The selected platform is no longer supported by libc++." [-W#warnings]
  204 | #  warning "The selected platform is no longer supported by libc++."
      |    ^
1 warning generated.
  CXX      demux/hls/playlist/libvlc_adaptive_la-Tags.lo
In file included from /Users/cam/Documents/Projects/ultima-iv-web/vlc-thumbs/work/upstream/vlc-master-story005/extras/package/macosx/../../../modules/demux/hls/playlist/Tags.cpp:21:
In file included from ../config.h:896:
In file included from /Users/cam/Documents/Projects/ultima-iv-web/vlc-thumbs/work/upstream/vlc-master-story005/extras/package/macosx/../../../include/vlc_fixups.h:166:
In file included from /Applications/Xcode.app/Contents/Developer/Platforms/MacOSX.platform/Developer/SDKs/MacOSX27.0.sdk/usr/include/c++/v1/stddef.h:30:
In file included from /Applications/Xcode.app/Contents/Developer/Platforms/MacOSX.platform/Developer/SDKs/MacOSX27.0.sdk/usr/include/c++/v1/__config:15:
/Applications/Xcode.app/Contents/Developer/Platforms/MacOSX.platform/Developer/SDKs/MacOSX27.0.sdk/usr/include/c++/v1/__configuration/availability.h:204:4: warning: "The selected platform is no longer supported by libc++." [-W#warnings]
  204 | #  warning "The selected platform is no longer supported by libc++."
      |    ^
1 warning generated.
  CXX      demux/hls/libvlc_adaptive_la-HLSManager.lo
1 warning generated.
In file included from /Users/cam/Documents/Projects/ultima-iv-web/vlc-thumbs/work/upstream/vlc-master-story005/extras/package/macosx/../../../modules/demux/hls/HLSManager.cpp:22:
In file included from ../config.h:896:
In file included from /Users/cam/Documents/Projects/ultima-iv-web/vlc-thumbs/work/upstream/vlc-master-story005/extras/package/macosx/../../../include/vlc_fixups.h:166:
In file included from /Applications/Xcode.app/Contents/Developer/Platforms/MacOSX.platform/Developer/SDKs/MacOSX27.0.sdk/usr/include/c++/v1/stddef.h:30:
In file included from /Applications/Xcode.app/Contents/Developer/Platforms/MacOSX.platform/Developer/SDKs/MacOSX27.0.sdk/usr/include/c++/v1/__config:15:
/Applications/Xcode.app/Contents/Developer/Platforms/MacOSX.platform/Developer/SDKs/MacOSX27.0.sdk/usr/include/c++/v1/__configuration/availability.h:204:4: warning: "The selected platform is no longer supported by libc++." [-W#warnings]
  204 | #  warning "The selected platform is no longer supported by libc++."
      |    ^
  CXX      demux/hls/libvlc_adaptive_la-HLSStreams.lo
In file included from /Users/cam/Documents/Projects/ultima-iv-web/vlc-thumbs/work/upstream/vlc-master-story005/extras/package/macosx/../../../modules/demux/hls/HLSStreams.cpp:21:
In file included from ../config.h:896:
In file included from /Users/cam/Documents/Projects/ultima-iv-web/vlc-thumbs/work/upstream/vlc-master-story005/extras/package/macosx/../../../include/vlc_fixups.h:166:
In file included from /Applications/Xcode.app/Contents/Developer/Platforms/MacOSX.platform/Developer/SDKs/MacOSX27.0.sdk/usr/include/c++/v1/stddef.h:30:
In file included from /Applications/Xcode.app/Contents/Developer/Platforms/MacOSX.platform/Developer/SDKs/MacOSX27.0.sdk/usr/include/c++/v1/__config:15:
/Applications/Xcode.app/Contents/Developer/Platforms/MacOSX.platform/Developer/SDKs/MacOSX27.0.sdk/usr/include/c++/v1/__configuration/availability.h:204:4: warning: "The selected platform is no longer supported by libc++." [-W#warnings]
  204 | #  warning "The selected platform is no longer supported by libc++."
      |    ^
1 warning generated.
  CXX      demux/smooth/mp4/libvlc_adaptive_la-SmoothIndexReader.lo
In file included from /Users/cam/Documents/Projects/ultima-iv-web/vlc-thumbs/work/upstream/vlc-master-story005/extras/package/macosx/../../../modules/demux/smooth/mp4/SmoothIndexReader.cpp:21:
In file included from ../config.h:896:
In file included from /Users/cam/Documents/Projects/ultima-iv-web/vlc-thumbs/work/upstream/vlc-master-story005/extras/package/macosx/../../../include/vlc_fixups.h:166:
In file included from /Applications/Xcode.app/Contents/Developer/Platforms/MacOSX.platform/Developer/SDKs/MacOSX27.0.sdk/usr/include/c++/v1/stddef.h:30:
In file included from /Applications/Xcode.app/Contents/Developer/Platforms/MacOSX.platform/Developer/SDKs/MacOSX27.0.sdk/usr/include/c++/v1/__config:15:
/Applications/Xcode.app/Contents/Developer/Platforms/MacOSX.platform/Developer/SDKs/MacOSX27.0.sdk/usr/include/c++/v1/__configuration/availability.h:204:4: warning: "The selected platform is no longer supported by libc++." [-W#warnings]
  204 | #  warning "The selected platform is no longer supported by libc++."
      |    ^
1 warning generated.
  CXX      demux/smooth/playlist/libvlc_adaptive_la-CodecParameters.lo
In file included from /Users/cam/Documents/Projects/ultima-iv-web/vlc-thumbs/work/upstream/vlc-master-story005/extras/package/macosx/../../../modules/demux/smooth/playlist/CodecParameters.cpp:21:
In file included from ../config.h:896:
In file included from /Users/cam/Documents/Projects/ultima-iv-web/vlc-thumbs/work/upstream/vlc-master-story005/extras/package/macosx/../../../include/vlc_fixups.h:166:
In file included from /Applications/Xcode.app/Contents/Developer/Platforms/MacOSX.platform/Developer/SDKs/MacOSX27.0.sdk/usr/include/c++/v1/stddef.h:30:
In file included from /Applications/Xcode.app/Contents/Developer/Platforms/MacOSX.platform/Developer/SDKs/MacOSX27.0.sdk/usr/include/c++/v1/__config:15:
/Applications/Xcode.app/Contents/Developer/Platforms/MacOSX.platform/Developer/SDKs/MacOSX27.0.sdk/usr/include/c++/v1/__configuration/availability.h:204:4: warning: "The selected platform is no longer supported by libc++." [-W#warnings]
  204 | #  warning "The selected platform is no longer supported by libc++."
      |    ^
1 warning generated.
  CXX      demux/smooth/playlist/libvlc_adaptive_la-ForgedInitSegment.lo
In file included from /Users/cam/Documents/Projects/ultima-iv-web/vlc-thumbs/work/upstream/vlc-master-story005/extras/package/macosx/../../../modules/demux/smooth/playlist/ForgedInitSegment.cpp:21:
In file included from ../config.h:896:
In file included from /Users/cam/Documents/Projects/ultima-iv-web/vlc-thumbs/work/upstream/vlc-master-story005/extras/package/macosx/../../../include/vlc_fixups.h:166:
In file included from /Applications/Xcode.app/Contents/Developer/Platforms/MacOSX.platform/Developer/SDKs/MacOSX27.0.sdk/usr/include/c++/v1/stddef.h:30:
In file included from /Applications/Xcode.app/Contents/Developer/Platforms/MacOSX.platform/Developer/SDKs/MacOSX27.0.sdk/usr/include/c++/v1/__config:15:
/Applications/Xcode.app/Contents/Developer/Platforms/MacOSX.platform/Developer/SDKs/MacOSX27.0.sdk/usr/include/c++/v1/__configuration/availability.h:204:4: warning: "The selected platform is no longer supported by libc++." [-W#warnings]
  204 | #  warning "The selected platform is no longer supported by libc++."
      |    ^
1 warning generated.
  CXX      demux/smooth/playlist/libvlc_adaptive_la-Manifest.lo
1 warning generated.
  CXX      demux/smooth/playlist/libvlc_adaptive_la-MemoryChunk.lo
1 warning generated.
In file included from /Users/cam/Documents/Projects/ultima-iv-web/vlc-thumbs/work/upstream/vlc-master-story005/extras/package/macosx/../../../modules/demux/smooth/playlist/Manifest.cpp:21:
In file included from ../config.h:896:
In file included from /Users/cam/Documents/Projects/ultima-iv-web/vlc-thumbs/work/upstream/vlc-master-story005/extras/package/macosx/../../../include/vlc_fixups.h:166:
In file included from /Applications/Xcode.app/Contents/Developer/Platforms/MacOSX.platform/Developer/SDKs/MacOSX27.0.sdk/usr/include/c++/v1/stddef.h:30:
In file included from /Applications/Xcode.app/Contents/Developer/Platforms/MacOSX.platform/Developer/SDKs/MacOSX27.0.sdk/usr/include/c++/v1/__config:15:
/Applications/Xcode.app/Contents/Developer/Platforms/MacOSX.platform/Developer/SDKs/MacOSX27.0.sdk/usr/include/c++/v1/__configuration/availability.h:204:4: warning: "The selected platform is no longer supported by libc++." [-W#warnings]
  204 | #  warning "The selected platform is no longer supported by libc++."
      |    ^
  CXX      demux/smooth/playlist/libvlc_adaptive_la-SmoothParser.lo
In file included from /Users/cam/Documents/Projects/ultima-iv-web/vlc-thumbs/work/upstream/vlc-master-story005/extras/package/macosx/../../../modules/demux/smooth/playlist/MemoryChunk.cpp:21:
In file included from ../config.h:896:
In file included from /Users/cam/Documents/Projects/ultima-iv-web/vlc-thumbs/work/upstream/vlc-master-story005/extras/package/macosx/../../../include/vlc_fixups.h:166:
In file included from /Applications/Xcode.app/Contents/Developer/Platforms/MacOSX.platform/Developer/SDKs/MacOSX27.0.sdk/usr/include/c++/v1/stddef.h:30:
In file included from /Applications/Xcode.app/Contents/Developer/Platforms/MacOSX.platform/Developer/SDKs/MacOSX27.0.sdk/usr/include/c++/v1/__config:15:
/Applications/Xcode.app/Contents/Developer/Platforms/MacOSX.platform/Developer/SDKs/MacOSX27.0.sdk/usr/include/c++/v1/__configuration/availability.h:204:4: warning: "The selected platform is no longer supported by libc++." [-W#warnings]
  204 | #  warning "The selected platform is no longer supported by libc++."
      |    ^
In file included from /Users/cam/Documents/Projects/ultima-iv-web/vlc-thumbs/work/upstream/vlc-master-story005/extras/package/macosx/../../../modules/demux/smooth/playlist/SmoothParser.cpp:21:
In file included from ../config.h:896:
In file included from /Users/cam/Documents/Projects/ultima-iv-web/vlc-thumbs/work/upstream/vlc-master-story005/extras/package/macosx/../../../include/vlc_fixups.h:166:
In file included from /Applications/Xcode.app/Contents/Developer/Platforms/MacOSX.platform/Developer/SDKs/MacOSX27.0.sdk/usr/include/c++/v1/stddef.h:30:
In file included from /Applications/Xcode.app/Contents/Developer/Platforms/MacOSX.platform/Developer/SDKs/MacOSX27.0.sdk/usr/include/c++/v1/__config:15:
/Applications/Xcode.app/Contents/Developer/Platforms/MacOSX.platform/Developer/SDKs/MacOSX27.0.sdk/usr/include/c++/v1/__configuration/availability.h:204:4: warning: "The selected platform is no longer supported by libc++." [-W#warnings]
  204 | #  warning "The selected platform is no longer supported by libc++."
      |    ^
1 warning generated.
  CXX      demux/smooth/playlist/libvlc_adaptive_la-QualityLevel.lo
1 warning generated.
  CXX      demux/smooth/playlist/libvlc_adaptive_la-SmoothSegment.lo
In file included from /Users/cam/Documents/Projects/ultima-iv-web/vlc-thumbs/work/upstream/vlc-master-story005/extras/package/macosx/../../../modules/demux/smooth/playlist/QualityLevel.cpp:21:
In file included from ../config.h:896:
In file included from /Users/cam/Documents/Projects/ultima-iv-web/vlc-thumbs/work/upstream/vlc-master-story005/extras/package/macosx/../../../include/vlc_fixups.h:166:
In file included from /Applications/Xcode.app/Contents/Developer/Platforms/MacOSX.platform/Developer/SDKs/MacOSX27.0.sdk/usr/include/c++/v1/stddef.h:30:
In file included from /Applications/Xcode.app/Contents/Developer/Platforms/MacOSX.platform/Developer/SDKs/MacOSX27.0.sdk/usr/include/c++/v1/__config:15:
/Applications/Xcode.app/Contents/Developer/Platforms/MacOSX.platform/Developer/SDKs/MacOSX27.0.sdk/usr/include/c++/v1/__configuration/availability.h:204:4: warning: "The selected platform is no longer supported by libc++." [-W#warnings]
  204 | #  warning "The selected platform is no longer supported by libc++."
      |    ^
In file included from /Users/cam/Documents/Projects/ultima-iv-web/vlc-thumbs/work/upstream/vlc-master-story005/extras/package/macosx/../../../modules/demux/smooth/playlist/SmoothSegment.cpp:21:
In file included from ../config.h:896:
In file included from /Users/cam/Documents/Projects/ultima-iv-web/vlc-thumbs/work/upstream/vlc-master-story005/extras/package/macosx/../../../include/vlc_fixups.h:166:
In file included from /Applications/Xcode.app/Contents/Developer/Platforms/MacOSX.platform/Developer/SDKs/MacOSX27.0.sdk/usr/include/c++/v1/stddef.h:30:
In file included from /Applications/Xcode.app/Contents/Developer/Platforms/MacOSX.platform/Developer/SDKs/MacOSX27.0.sdk/usr/include/c++/v1/__config:15:
/Applications/Xcode.app/Contents/Developer/Platforms/MacOSX.platform/Developer/SDKs/MacOSX27.0.sdk/usr/include/c++/v1/__configuration/availability.h:204:4: warning: "The selected platform is no longer supported by libc++." [-W#warnings]
  204 | #  warning "The selected platform is no longer supported by libc++."
      |    ^
1 warning generated.
  CXX      demux/smooth/libvlc_adaptive_la-SmoothManager.lo
In file included from /Users/cam/Documents/Projects/ultima-iv-web/vlc-thumbs/work/upstream/vlc-master-story005/extras/package/macosx/../../../modules/demux/smooth/SmoothManager.cpp:21:
In file included from ../config.h:896:
In file included from /Users/cam/Documents/Projects/ultima-iv-web/vlc-thumbs/work/upstream/vlc-master-story005/extras/package/macosx/../../../include/vlc_fixups.h:166:
In file included from /Applications/Xcode.app/Contents/Developer/Platforms/MacOSX.platform/Developer/SDKs/MacOSX27.0.sdk/usr/include/c++/v1/stddef.h:30:
In file included from /Applications/Xcode.app/Contents/Developer/Platforms/MacOSX.platform/Developer/SDKs/MacOSX27.0.sdk/usr/include/c++/v1/__config:15:
/Applications/Xcode.app/Contents/Developer/Platforms/MacOSX.platform/Developer/SDKs/MacOSX27.0.sdk/usr/include/c++/v1/__configuration/availability.h:204:4: warning: "The selected platform is no longer supported by libc++." [-W#warnings]
  204 | #  warning "The selected platform is no longer supported by libc++."
      |    ^
1 warning generated.
  CXX      demux/smooth/libvlc_adaptive_la-SmoothStream.lo
In file included from /Users/cam/Documents/Projects/ultima-iv-web/vlc-thumbs/work/upstream/vlc-master-story005/extras/package/macosx/../../../modules/demux/smooth/SmoothStream.cpp:21:
In file included from ../config.h:896:
In file included from /Users/cam/Documents/Projects/ultima-iv-web/vlc-thumbs/work/upstream/vlc-master-story005/extras/package/macosx/../../../include/vlc_fixups.h:166:
In file included from /Applications/Xcode.app/Contents/Developer/Platforms/MacOSX.platform/Developer/SDKs/MacOSX27.0.sdk/usr/include/c++/v1/stddef.h:30:
In file included from /Applications/Xcode.app/Contents/Developer/Platforms/MacOSX.platform/Developer/SDKs/MacOSX27.0.sdk/usr/include/c++/v1/__config:15:
/Applications/Xcode.app/Contents/Developer/Platforms/MacOSX.platform/Developer/SDKs/MacOSX27.0.sdk/usr/include/c++/v1/__configuration/availability.h:204:4: warning: "The selected platform is no longer supported by libc++." [-W#warnings]
  204 | #  warning "The selected platform is no longer supported by libc++."
      |    ^
1 warning generated.
  CC       mux/mp4/libmp4mux.lo
1 warning generated.
  CC       demux/filter/noseek.lo
1 warning generated.
  CXX      stream_out/chromecast/libdemux_chromecast_plugin_la-chromecast_demux.lo
  CC       gui/libncurses_plugin_la-ncurses.lo
In file included from /Users/cam/Documents/Projects/ultima-iv-web/vlc-thumbs/work/upstream/vlc-master-story005/extras/package/macosx/../../../modules/stream_out/chromecast/chromecast_demux.cpp:28:
In file included from ../config.h:896:
In file included from /Users/cam/Documents/Projects/ultima-iv-web/vlc-thumbs/work/upstream/vlc-master-story005/extras/package/macosx/../../../include/vlc_fixups.h:166:
In file included from /Applications/Xcode.app/Contents/Developer/Platforms/MacOSX.platform/Developer/SDKs/MacOSX27.0.sdk/usr/include/c++/v1/stddef.h:30:
In file included from /Applications/Xcode.app/Contents/Developer/Platforms/MacOSX.platform/Developer/SDKs/MacOSX27.0.sdk/usr/include/c++/v1/__config:15:
/Applications/Xcode.app/Contents/Developer/Platforms/MacOSX.platform/Developer/SDKs/MacOSX27.0.sdk/usr/include/c++/v1/__configuration/availability.h:204:4: warning: "The selected platform is no longer supported by libc++." [-W#warnings]
  204 | #  warning "The selected platform is no longer supported by libc++."
      |    ^
1 warning generated.
1 warning generated.
  OBJC     gui/macosx/coreinteraction/libmacosx_plugin_la-VLCHotkeysController.lo
  OBJC     gui/macosx/coreinteraction/libmacosx_plugin_la-VLCVideoFilterHelper.lo
  OBJC     gui/macosx/extensions/libmacosx_plugin_la-NSAppearance+VLCAdditions.lo
  OBJC     gui/macosx/extensions/libmacosx_plugin_la-NSAnimationContext+VLCAdditions.lo
  OBJC     gui/macosx/extensions/libmacosx_plugin_la-NSArray+VLCAdditions.lo
  OBJC     gui/macosx/extensions/libmacosx_plugin_la-NSColor+VLCAdditions.lo
  OBJC     gui/macosx/extensions/libmacosx_plugin_la-NSFont+VLCAdditions.lo
  OBJC     gui/macosx/extensions/libmacosx_plugin_la-NSImage+VLCAdditions.lo
  OBJC     gui/macosx/extensions/libmacosx_plugin_la-NSIndexSet+VLCAdditions.lo
  OBJC     gui/macosx/extensions/libmacosx_plugin_la-NSMenu+VLCAdditions.lo
  OBJC     gui/macosx/extensions/libmacosx_plugin_la-NSMenuItem+VLCAdditions.lo
/Users/cam/Documents/Projects/ultima-iv-web/vlc-thumbs/work/upstream/vlc-master-story005/extras/package/macosx/../../../modules/gui/macosx/extensions/NSImage+VLCAdditions.m:345:33: warning: 'QLThumbnailImageCreate' is deprecated: first deprecated in macOS 15.0 - Use QuickLookThumbnailing to generate thumbnails for files. [-Wdeprecated-declarations]
  345 |     CGImageRef qlThumbnailRef = QLThumbnailImageCreate(kCFAllocatorDefault,
      |                                 ^
/Applications/Xcode.app/Contents/Developer/Platforms/MacOSX.platform/Developer/SDKs/MacOSX27.0.sdk/System/Library/Frameworks/QuickLook.framework/Headers/QLThumbnailImage.h:30:22: note: 'QLThumbnailImageCreate' has been explicitly marked deprecated here
   30 | QL_EXPORT CGImageRef QLThumbnailImageCreate(CFAllocatorRef allocator, CFURLRef url, CGSize maxThumbnailSize, CFDictionaryRef options) API_DEPRECATED("Use QuickLookThumbnailing to generate thumbnails for files.", macos(10.6, 15.0));
      |                      ^
1 warning generated.
  OBJC     gui/macosx/extensions/libmacosx_plugin_la-NSScreen+VLCAdditions.lo
  OBJC     gui/macosx/extensions/libmacosx_plugin_la-NSScrollView+VLCAdditions.lo
  OBJC     gui/macosx/extensions/libmacosx_plugin_la-NSString+Helpers.lo
  OBJC     gui/macosx/extensions/libmacosx_plugin_la-NSView+VLCAdditions.lo
  OBJC     gui/macosx/extensions/libmacosx_plugin_la-NSWindow+VLCAdditions.lo
  OBJC     gui/macosx/extensions/libmacosx_plugin_la-NSPasteboardItem+VLCAdditions.lo
/Users/cam/Documents/Projects/ultima-iv-web/vlc-thumbs/work/upstream/vlc-master-story005/extras/package/macosx/../../../modules/gui/macosx/extensions/NSString+Helpers.m:396:61: warning: 'kIOMasterPortDefault' is deprecated: first deprecated in macOS 12.0 [-Wdeprecated-declarations]
  396 |     CFMutableDictionaryRef matchingDict = IOBSDNameMatching(kIOMasterPortDefault, 0, [bsdName UTF8String]);
      |                                                             ^~~~~~~~~~~~~~~~~~~~
      |                                                             kIOMainPortDefault
/Applications/Xcode.app/Contents/Developer/Platforms/MacOSX.platform/Developer/SDKs/MacOSX27.0.sdk/System/Library/Frameworks/IOKit.framework/Headers/IOKitLib.h:133:19: note: 'kIOMasterPortDefault' has been explicitly marked deprecated here
  133 | const mach_port_t kIOMasterPortDefault
      |                   ^
/Users/cam/Documents/Projects/ultima-iv-web/vlc-thumbs/work/upstream/vlc-master-story005/extras/package/macosx/../../../modules/gui/macosx/extensions/NSString+Helpers.m:399:56: warning: 'kIOMasterPortDefault' is deprecated: first deprecated in macOS 12.0 [-Wdeprecated-declarations]
  399 |     io_service_t service = IOServiceGetMatchingService(kIOMasterPortDefault, matchingDict);
      |                                                        ^~~~~~~~~~~~~~~~~~~~
      |                                                        kIOMainPortDefault
/Applications/Xcode.app/Contents/Developer/Platforms/MacOSX.platform/Developer/SDKs/MacOSX27.0.sdk/System/Library/Frameworks/IOKit.framework/Headers/IOKitLib.h:133:19: note: 'kIOMasterPortDefault' has been explicitly marked deprecated here
  133 | const mach_port_t kIOMasterPortDefault
      |                   ^
  OBJC     gui/macosx/extensions/libmacosx_plugin_la-NSTableCellView+VLCAdditions.lo
2 warnings generated.
  OBJC     gui/macosx/extensions/libmacosx_plugin_la-NSTextField+VLCAdditions.lo
  OBJC     gui/macosx/extensions/libmacosx_plugin_la-VLCHexNumberFormatter.lo
/Users/cam/Documents/Projects/ultima-iv-web/vlc-thumbs/work/upstream/vlc-master-story005/extras/package/macosx/../../../modules/gui/macosx/extensions/NSPasteboardItem+VLCAdditions.m:70:62: warning: 'NSFilenamesPboardType' is deprecated: first deprecated in macOS 10.14 - Create multiple pasteboard items with NSPasteboardTypeFileURL or kUTTypeFileURL instead [-Wdeprecated-declarations]
   70 |             [pboardItem setPropertyList:@[localPath] forType:NSFilenamesPboardType];
      |                                                              ^
/Applications/Xcode.app/Contents/Developer/Platforms/MacOSX.platform/Developer/SDKs/MacOSX27.0.sdk/System/Library/Frameworks/AppKit.framework/Headers/NSPasteboard.h:505:32: note: 'NSFilenamesPboardType' has been explicitly marked deprecated here
  505 | APPKIT_EXTERN NSPasteboardType NSFilenamesPboardType API_DEPRECATED("Create multiple pasteboard items with NSPasteboardTypeFileURL or kUTTypeFileURL instead", macos(10.0,10.14));
      |                                ^
1 warning generated.
  OBJC     gui/macosx/extensions/libmacosx_plugin_la-VLCPositionFormatter.lo
  OBJC     gui/macosx/imported/AppleRemote/libmacosx_plugin_la-AppleRemote.lo
  OBJC     gui/macosx/imported/SPMediaKeyTap/libmacosx_plugin_la-SPMediaKeyTap.lo
  OBJC     gui/macosx/library/libmacosx_plugin_la-VLCInputItem.lo
  OBJC     gui/macosx/library/libmacosx_plugin_la-VLCInputNode.lo
/Users/cam/Documents/Projects/ultima-iv-web/vlc-thumbs/work/upstream/vlc-master-story005/extras/package/macosx/../../../modules/gui/macosx/imported/SPMediaKeyTap/SPMediaKeyTap.m:257:53: warning: unused parameter 'proxy' [-Wunused-parameter]
  257 | static CGEventRef tapEventCallback2(CGEventTapProxy proxy, CGEventType type, CGEventRef event, void *refcon)
      |                                                     ^
1 warning generated.
  OBJC     gui/macosx/library/libmacosx_plugin_la-VLCInputNodePathControl.lo
  OBJC     gui/macosx/library/libmacosx_plugin_la-VLCInputNodePathControlItem.lo
/Users/cam/Documents/Projects/ultima-iv-web/vlc-thumbs/work/upstream/vlc-master-story005/extras/package/macosx/../../../modules/gui/macosx/imported/AppleRemote/AppleRemote.m:510:50: warning: 'kIOMasterPortDefault' is deprecated: first deprecated in macOS 12.0 [-Wdeprecated-declarations]
  510 |     ioReturnValue = IOServiceGetMatchingServices(kIOMasterPortDefault, hidMatchDictionary, &hidObjectIterator);
      |                                                  ^~~~~~~~~~~~~~~~~~~~
      |                                                  kIOMainPortDefault
/Applications/Xcode.app/Contents/Developer/Platforms/MacOSX.platform/Developer/SDKs/MacOSX27.0.sdk/System/Library/Frameworks/IOKit.framework/Headers/IOKitLib.h:133:19: note: 'kIOMasterPortDefault' has been explicitly marked deprecated here
  133 | const mach_port_t kIOMasterPortDefault
      |                   ^
1 warning generated.
  OBJC     gui/macosx/library/libmacosx_plugin_la-VLCLibraryAbstractGroupingDataSource.lo
  OBJC     gui/macosx/library/libmacosx_plugin_la-VLCLibraryAbstractMediaLibrarySegmentViewController.lo
  OBJC     gui/macosx/library/libmacosx_plugin_la-VLCLibraryAbstractSegmentViewController.lo
  OBJC     gui/macosx/library/libmacosx_plugin_la-VLCLibraryAddToPlaylistMenuController.lo
/Users/cam/Documents/Projects/ultima-iv-web/vlc-thumbs/work/upstream/vlc-master-story005/extras/package/macosx/../../../modules/gui/macosx/library/VLCLibraryAbstractGroupingDataSource.m:74:1: warning: writable atomic property 'libraryModel' cannot pair a synthesized getter with a user defined setter [-Watomic-property-with-user-defined-accessor]
   74 | - (void)setLibraryModel:(VLCLibraryModel *)libraryModel
      | ^
/Users/cam/Documents/Projects/ultima-iv-web/vlc-thumbs/work/upstream/vlc-master-story005/extras/package/macosx/../../../modules/gui/macosx/library/VLCLibraryAbstractGroupingDataSource.h:36:46: note: setter and getter must both be synthesized, or both be user defined, or the property must be nonatomic
   36 | @property (readwrite, weak) VLCLibraryModel *libraryModel;
      |                                              ^
      |            nonatomic, 
/Users/cam/Documents/Projects/ultima-iv-web/vlc-thumbs/work/upstream/vlc-master-story005/extras/package/macosx/../../../modules/gui/macosx/library/VLCLibraryAbstractGroupingDataSource.h:36:46: note: property declared here
1 warning generated.
  OBJC     gui/macosx/library/libmacosx_plugin_la-VLCLibraryCarouselViewItemView.lo
  OBJC     gui/macosx/library/libmacosx_plugin_la-VLCLibraryCollectionView.lo
  OBJC     gui/macosx/library/libmacosx_plugin_la-VLCLibraryCollectionViewDelegate.lo
  OBJC     gui/macosx/library/libmacosx_plugin_la-VLCLibraryCollectionViewFlowLayout.lo
  OBJC     gui/macosx/library/libmacosx_plugin_la-VLCLibraryCollectionViewItem.lo
  OBJC     gui/macosx/library/libmacosx_plugin_la-VLCLibraryCollectionViewMediaItemSupplementaryDetailView.lo
/Users/cam/Documents/Projects/ultima-iv-web/vlc-thumbs/work/upstream/vlc-master-story005/extras/package/macosx/../../../modules/gui/macosx/library/VLCLibraryCollectionViewDelegate.m:151:72: warning: 'NSFilenamesPboardType' is deprecated: first deprecated in macOS 10.14 - Create multiple pasteboard items with NSPasteboardTypeFileURL or kUTTypeFileURL instead [-Wdeprecated-declarations]
  151 |     [pasteboard declareTypes:@[VLCMediaLibraryMediaItemPasteboardType, NSFilenamesPboardType] owner:self];
      |                                                                        ^
/Applications/Xcode.app/Contents/Developer/Platforms/MacOSX.platform/Developer/SDKs/MacOSX27.0.sdk/System/Library/Frameworks/AppKit.framework/Headers/NSPasteboard.h:505:32: note: 'NSFilenamesPboardType' has been explicitly marked deprecated here
  505 | APPKIT_EXTERN NSPasteboardType NSFilenamesPboardType API_DEPRECATED("Create multiple pasteboard items with NSPasteboardTypeFileURL or kUTTypeFileURL instead", macos(10.0,10.14));
      |                                ^
/Users/cam/Documents/Projects/ultima-iv-web/vlc-thumbs/work/upstream/vlc-master-story005/extras/package/macosx/../../../modules/gui/macosx/library/VLCLibraryCollectionViewDelegate.m:152:56: warning: 'NSFilenamesPboardType' is deprecated: first deprecated in macOS 10.14 - Create multiple pasteboard items with NSPasteboardTypeFileURL or kUTTypeFileURL instead [-Wdeprecated-declarations]
  152 |     [pasteboard setPropertyList:filePathsArray forType:NSFilenamesPboardType];
      |                                                        ^
/Applications/Xcode.app/Contents/Developer/Platforms/MacOSX.platform/Developer/SDKs/MacOSX27.0.sdk/System/Library/Frameworks/AppKit.framework/Headers/NSPasteboard.h:505:32: note: 'NSFilenamesPboardType' has been explicitly marked deprecated here
  505 | APPKIT_EXTERN NSPasteboardType NSFilenamesPboardType API_DEPRECATED("Create multiple pasteboard items with NSPasteboardTypeFileURL or kUTTypeFileURL instead", macos(10.0,10.14));
      |                                ^
2 warnings generated.
  OBJC     gui/macosx/library/libmacosx_plugin_la-VLCLibraryCollectionViewMediaItemListSupplementaryDetailView.lo
/Users/cam/Documents/Projects/ultima-iv-web/vlc-thumbs/work/upstream/vlc-master-story005/extras/package/macosx/../../../modules/gui/macosx/library/VLCLibraryCollectionViewFlowLayout.m:456:35: warning: 'CVDisplayLinkCreateWithActiveCGDisplays' is deprecated: first deprecated in macOS 15.0 - use NSView.displayLink(target:selector:), NSWindow.displayLink(target:selector:), or NSScreen.displayLink(target:selector:)  [-Wdeprecated-declarations]
  456 |     const CVReturn createResult = CVDisplayLinkCreateWithActiveCGDisplays(&_displayLinkRef);
      |                                   ^
/Applications/Xcode.app/Contents/Developer/Platforms/MacOSX.platform/Developer/SDKs/MacOSX27.0.sdk/System/Library/Frameworks/CoreVideo.framework/Headers/CVDisplayLink.h:99:20: note: 'CVDisplayLinkCreateWithActiveCGDisplays' has been explicitly marked deprecated here
   99 | CV_EXPORT CVReturn CVDisplayLinkCreateWithActiveCGDisplays(
      |                    ^
/Users/cam/Documents/Projects/ultima-iv-web/vlc-thumbs/work/upstream/vlc-master-story005/extras/package/macosx/../../../modules/gui/macosx/library/VLCLibraryCollectionViewFlowLayout.m:466:36: warning: 'CVDisplayLinkSetOutputHandler' is deprecated: first deprecated in macOS 15.0 - use NSView.displayLink(target:selector:), NSWindow.displayLink(target:selector:), or NSScreen.displayLink(target:selector:)  [-Wdeprecated-declarations]
  466 |     const CVReturn handlerResult = CVDisplayLinkSetOutputHandler(_displayLinkRef, ^CVReturn(
      |                                    ^
/Applications/Xcode.app/Contents/Developer/Platforms/MacOSX.platform/Developer/SDKs/MacOSX27.0.sdk/System/Library/Frameworks/CoreVideo.framework/Headers/CVDisplayLink.h:154:20: note: 'CVDisplayLinkSetOutputHandler' has been explicitly marked deprecated here
  154 | CV_EXPORT CVReturn CVDisplayLinkSetOutputHandler( CVDisplayLinkRef CV_NONNULL displayLink, CVDisplayLinkOutputHandler CV_NONNULL handler );
      |                    ^
/Users/cam/Documents/Projects/ultima-iv-web/vlc-thumbs/work/upstream/vlc-master-story005/extras/package/macosx/../../../modules/gui/macosx/library/VLCLibraryCollectionViewFlowLayout.m:483:46: warning: 'CVDisplayLinkStart' is deprecated: first deprecated in macOS 15.0 - use NSView.displayLink(target:selector:), NSWindow.displayLink(target:selector:), or NSScreen.displayLink(target:selector:)  [-Wdeprecated-declarations]
  483 |     if (handlerResult != kCVReturnSuccess || CVDisplayLinkStart(_displayLinkRef) != kCVReturnSuccess) {
      |                                              ^
/Applications/Xcode.app/Contents/Developer/Platforms/MacOSX.platform/Developer/SDKs/MacOSX27.0.sdk/System/Library/Frameworks/CoreVideo.framework/Headers/CVDisplayLink.h:164:20: note: 'CVDisplayLinkStart' has been explicitly marked deprecated here
  164 | CV_EXPORT CVReturn CVDisplayLinkStart( CVDisplayLinkRef CV_NONNULL displayLink );
      |                    ^
/Users/cam/Documents/Projects/ultima-iv-web/vlc-thumbs/work/upstream/vlc-master-story005/extras/package/macosx/../../../modules/gui/macosx/library/VLCLibraryCollectionViewFlowLayout.m:528:5: warning: 'CVDisplayLinkStop' is deprecated: first deprecated in macOS 15.0 - use NSView.displayLink(target:selector:), NSWindow.displayLink(target:selector:), or NSScreen.displayLink(target:selector:)  [-Wdeprecated-declarations]
  528 |     CVDisplayLinkStop(displayLink);
      |     ^
/Applications/Xcode.app/Contents/Developer/Platforms/MacOSX.platform/Developer/SDKs/MacOSX27.0.sdk/System/Library/Frameworks/CoreVideo.framework/Headers/CVDisplayLink.h:173:20: note: 'CVDisplayLinkStop' has been explicitly marked deprecated here
  173 | CV_EXPORT CVReturn CVDisplayLinkStop( CVDisplayLinkRef CV_NONNULL displayLink );
      |                    ^
/Users/cam/Documents/Projects/ultima-iv-web/vlc-thumbs/work/upstream/vlc-master-story005/extras/package/macosx/../../../modules/gui/macosx/library/VLCLibraryCollectionViewFlowLayout.m:529:5: warning: 'CVDisplayLinkRelease' is deprecated: first deprecated in macOS 15.0 - use NSView.displayLink(target:selector:), NSWindow.displayLink(target:selector:), or NSScreen.displayLink(target:selector:)  [-Wdeprecated-declarations]
  529 |     CVDisplayLinkRelease(displayLink);
      |     ^
/Applications/Xcode.app/Contents/Developer/Platforms/MacOSX.platform/Developer/SDKs/MacOSX27.0.sdk/System/Library/Frameworks/CoreVideo.framework/Headers/CVDisplayLink.h:249:16: note: 'CVDisplayLinkRelease' has been explicitly marked deprecated here
  249 | CV_EXPORT void CVDisplayLinkRelease( CV_RELEASES_ARGUMENT CVDisplayLinkRef CV_NULLABLE displayLink );
      |                ^
5 warnings generated.
  OBJC     gui/macosx/library/libmacosx_plugin_la-VLCLibraryCollectionViewSupplementaryDetailView.lo
  OBJC     gui/macosx/library/libmacosx_plugin_la-VLCLibraryCollectionViewSupplementaryElementView.lo
/Users/cam/Documents/Projects/ultima-iv-web/vlc-thumbs/work/upstream/vlc-master-story005/extras/package/macosx/../../../modules/gui/macosx/library/VLCLibraryCollectionViewMediaItemSupplementaryDetailView.m:140:65: warning: 'NSOnState' is deprecated: first deprecated in macOS 10.14 [-Wdeprecated-declarations]
  140 |     self.mediaItemFavoriteButton.state = actualItem.favorited ? NSOnState : NSOffState;
      |                                                                 ^~~~~~~~~
      |                                                                 NSControlStateValueOn
/Applications/Xcode.app/Contents/Developer/Platforms/MacOSX.platform/Developer/SDKs/MacOSX27.0.sdk/System/Library/Frameworks/AppKit.framework/Headers/NSCell.h:355:34: note: 'NSOnState' has been explicitly marked deprecated here
  355 | static const NSControlStateValue NSOnState API_DEPRECATED_WITH_REPLACEMENT("NSControlStateValueOn", macos(10.0,10.14)) = NSControlStateValueOn;
      |                                  ^
/Users/cam/Documents/Projects/ultima-iv-web/vlc-thumbs/work/upstream/vlc-master-story005/extras/package/macosx/../../../modules/gui/macosx/library/VLCLibraryCollectionViewMediaItemSupplementaryDetailView.m:140:77: warning: 'NSOffState' is deprecated: first deprecated in macOS 10.14 [-Wdeprecated-declarations]
  140 |     self.mediaItemFavoriteButton.state = actualItem.favorited ? NSOnState : NSOffState;
      |                                                                             ^~~~~~~~~~
      |                                                                             NSControlStateValueOff
/Applications/Xcode.app/Contents/Developer/Platforms/MacOSX.platform/Developer/SDKs/MacOSX27.0.sdk/System/Library/Frameworks/AppKit.framework/Headers/NSCell.h:354:34: note: 'NSOffState' has been explicitly marked deprecated here
  354 | static const NSControlStateValue NSOffState API_DEPRECATED_WITH_REPLACEMENT("NSControlStateValueOff", macos(10.0,10.14)) = NSControlStateValueOff;
      |                                  ^
2 warnings generated.
  OBJC     gui/macosx/library/libmacosx_plugin_la-VLCLibraryController.lo
  OBJC     gui/macosx/library/libmacosx_plugin_la-VLCLibraryDataTypes.lo
  OBJC     gui/macosx/library/libmacosx_plugin_la-VLCLibraryNameCache.lo
  OBJC     gui/macosx/library/libmacosx_plugin_la-VLCLibraryHeroView.lo
  OBJC     gui/macosx/library/libmacosx_plugin_la-VLCLibraryImageCache.lo
  OBJC     gui/macosx/library/libmacosx_plugin_la-VLCThumbnailRequest.lo
  OBJC     gui/macosx/library/libmacosx_plugin_la-VLCLibraryItemInternalMediaItemsDataSource.lo
  OBJC     gui/macosx/library/libmacosx_plugin_la-VLCLibraryMasterDetailViewTableViewDelegate.lo
  OBJC     gui/macosx/library/libmacosx_plugin_la-VLCLibraryMenuController.lo
  OBJC     gui/macosx/library/libmacosx_plugin_la-VLCLibraryModel.lo
  OBJC     gui/macosx/library/libmacosx_plugin_la-VLCLibraryModelChangeDelegate.lo
  OBJC     gui/macosx/library/libmacosx_plugin_la-VLCLibraryRepresentedItem.lo
  OBJC     gui/macosx/library/libmacosx_plugin_la-VLCLibrarySegment.lo
  OBJC     gui/macosx/library/libmacosx_plugin_la-VLCLibrarySegmentBookmarkedLocation.lo
  OBJC     gui/macosx/library/libmacosx_plugin_la-VLCLibrarySortingMenuController.lo
  OBJC     gui/macosx/library/libmacosx_plugin_la-VLCLibraryTableView.lo
  OBJC     gui/macosx/library/libmacosx_plugin_la-VLCLibraryTableViewDelegate.lo
  OBJC     gui/macosx/library/libmacosx_plugin_la-VLCLibraryTableCellView.lo
  OBJC     gui/macosx/library/libmacosx_plugin_la-VLCLibraryTwoPaneSplitViewDelegate.lo
/Users/cam/Documents/Projects/ultima-iv-web/vlc-thumbs/work/upstream/vlc-master-story005/extras/package/macosx/../../../modules/gui/macosx/library/VLCLibrarySortingMenuController.m:97:26: warning: 'NSOffState' is deprecated: first deprecated in macOS 10.14 [-Wdeprecated-declarations]
   97 |         menuItem.state = NSOffState;
      |                          ^~~~~~~~~~
      |                          NSControlStateValueOff
/Applications/Xcode.app/Contents/Developer/Platforms/MacOSX.platform/Developer/SDKs/MacOSX27.0.sdk/System/Library/Frameworks/AppKit.framework/Headers/NSCell.h:354:34: note: 'NSOffState' has been explicitly marked deprecated here
  354 | static const NSControlStateValue NSOffState API_DEPRECATED_WITH_REPLACEMENT("NSControlStateValueOff", macos(10.0,10.14)) = NSControlStateValueOff;
      |                                  ^
/Users/cam/Documents/Projects/ultima-iv-web/vlc-thumbs/work/upstream/vlc-master-story005/extras/package/macosx/../../../modules/gui/macosx/library/VLCLibrarySortingMenuController.m:101:22: warning: 'NSOnState' is deprecated: first deprecated in macOS 10.14 [-Wdeprecated-declarations]
  101 |     menuItem.state = NSOnState;
      |                      ^~~~~~~~~
      |                      NSControlStateValueOn
/Applications/Xcode.app/Contents/Developer/Platforms/MacOSX.platform/Developer/SDKs/MacOSX27.0.sdk/System/Library/Frameworks/AppKit.framework/Headers/NSCell.h:355:34: note: 'NSOnState' has been explicitly marked deprecated here
  355 | static const NSControlStateValue NSOnState API_DEPRECATED_WITH_REPLACEMENT("NSControlStateValueOn", macos(10.0,10.14)) = NSControlStateValueOn;
      |                                  ^
/Users/cam/Documents/Projects/ultima-iv-web/vlc-thumbs/work/upstream/vlc-master-story005/extras/package/macosx/../../../modules/gui/macosx/library/VLCLibrarySortingMenuController.m:104:22: warning: 'NSOnState' is deprecated: first deprecated in macOS 10.14 [-Wdeprecated-declarations]
  104 |     menuItem.state = NSOnState;
      |                      ^~~~~~~~~
      |                      NSControlStateValueOn
/Applications/Xcode.app/Contents/Developer/Platforms/MacOSX.platform/Developer/SDKs/MacOSX27.0.sdk/System/Library/Frameworks/AppKit.framework/Headers/NSCell.h:355:34: note: 'NSOnState' has been explicitly marked deprecated here
  355 | static const NSControlStateValue NSOnState API_DEPRECATED_WITH_REPLACEMENT("NSControlStateValueOn", macos(10.0,10.14)) = NSControlStateValueOn;
      |                                  ^
3 warnings generated.
  OBJC     gui/macosx/library/libmacosx_plugin_la-VLCLibraryWindow.lo
  OBJC     gui/macosx/library/libmacosx_plugin_la-VLCLibraryWindowController.lo
  OBJC     gui/macosx/library/libmacosx_plugin_la-VLCLibraryWindowAbstractSidebarViewController.lo
  OBJC     gui/macosx/library/libmacosx_plugin_la-VLCLibraryWindowChaptersSidebarViewController.lo
  OBJC     gui/macosx/library/libmacosx_plugin_la-VLCLibraryWindowNavigationSidebarOutlineView.lo
  OBJC     gui/macosx/library/libmacosx_plugin_la-VLCLibraryWindowNavigationSidebarViewController.lo
  OBJC     gui/macosx/library/libmacosx_plugin_la-VLCLibraryWindowPersistentPreferences.lo
  OBJC     gui/macosx/library/libmacosx_plugin_la-VLCLibraryWindowPlayQueueSidebarViewController.lo
  OBJC     gui/macosx/library/libmacosx_plugin_la-VLCLibraryWindowSidebarRootViewController.lo
  OBJC     gui/macosx/library/libmacosx_plugin_la-VLCLibraryWindowSplitViewController.lo
  OBJC     gui/macosx/library/libmacosx_plugin_la-VLCLibraryWindowTitlesSidebarViewController.lo
  OBJC     gui/macosx/library/libmacosx_plugin_la-VLCLibraryWindowToolbarDelegate.lo
  OBJC     gui/macosx/library/libmacosx_plugin_la-VLCMediaLibraryFolderObserver.lo
  OBJC     gui/macosx/library/groups-library/libmacosx_plugin_la-VLCLibraryGroupsDataSource.lo
  OBJC     gui/macosx/library/groups-library/libmacosx_plugin_la-VLCLibraryGroupsViewController.lo
/Users/cam/Documents/Projects/ultima-iv-web/vlc-thumbs/work/upstream/vlc-master-story005/extras/package/macosx/../../../modules/gui/macosx/library/VLCMediaLibraryFolderObserver.m:37:44: warning: unused parameter 'streamRef' [-Wunused-parameter]
   37 | void fsEventCallback(ConstFSEventStreamRef streamRef,
      |                                            ^
/Users/cam/Documents/Projects/ultima-iv-web/vlc-thumbs/work/upstream/vlc-master-story005/extras/package/macosx/../../../modules/gui/macosx/library/VLCMediaLibraryFolderObserver.m:40:28: warning: unused parameter 'eventPaths' [-Wunused-parameter]
   40 |                      void *eventPaths,
      |                            ^
/Users/cam/Documents/Projects/ultima-iv-web/vlc-thumbs/work/upstream/vlc-master-story005/extras/package/macosx/../../../modules/gui/macosx/library/VLCMediaLibraryFolderObserver.m:41:52: warning: unused parameter 'eventFlags' [-Wunused-parameter]
   41 |                      const FSEventStreamEventFlags eventFlags[],
      |                                                    ^
3 warnings generated.
  OBJC     gui/macosx/library/home-library/libmacosx_plugin_la-VLCLibraryHomeViewActionButtonCell.lo
/Users/cam/Documents/Projects/ultima-iv-web/vlc-thumbs/work/upstream/vlc-master-story005/extras/package/macosx/../../../modules/gui/macosx/library/VLCLibraryWindowToolbarDelegate.m:76:29: warning: 'minSize' is deprecated: first deprecated in macOS 12.0 - This property is no longer recommended. Instead, let the system automatically measure the size of the view using constraints. [-Wdeprecated-declarations]
   76 |     self.vlcIconToolbarItem.minSize = NSMakeSize(18, 18);
      |                             ^
/Applications/Xcode.app/Contents/Developer/Platforms/MacOSX.platform/Developer/SDKs/MacOSX27.0.sdk/System/Library/Frameworks/AppKit.framework/Headers/NSToolbarItem.h:187:18: note: 'minSize' has been explicitly marked deprecated here
  187 | @property NSSize minSize API_DEPRECATED("This property is no longer recommended. Instead, let the system automatically measure the size of the view using constraints.", macos(10.0, 12.0)) API_UNAVAILABLE(ios);
      |                  ^
/Users/cam/Documents/Projects/ultima-iv-web/vlc-thumbs/work/upstream/vlc-master-story005/extras/package/macosx/../../../modules/gui/macosx/library/VLCLibraryWindowToolbarDelegate.m:77:29: warning: 'maxSize' is deprecated: first deprecated in macOS 12.0 - This property is no longer recommended. Instead, let the system automatically measure the size of the view using constraints. [-Wdeprecated-declarations]
   77 |     self.vlcIconToolbarItem.maxSize = NSMakeSize(18, 18);
      |                             ^
/Applications/Xcode.app/Contents/Developer/Platforms/MacOSX.platform/Developer/SDKs/MacOSX27.0.sdk/System/Library/Frameworks/AppKit.framework/Headers/NSToolbarItem.h:188:18: note: 'maxSize' has been explicitly marked deprecated here
  188 | @property NSSize maxSize API_DEPRECATED("This property is no longer recommended. Instead, let the system automatically measure the size of the view using constraints.", macos(10.0, 12.0)) API_UNAVAILABLE(ios);
      |                  ^
2 warnings generated.
  OBJC     gui/macosx/library/home-library/libmacosx_plugin_la-VLCLibraryHomeViewActionsView.lo
  OBJC     gui/macosx/library/home-library/libmacosx_plugin_la-VLCLibraryHomeViewAudioCarouselContainerView.lo
  OBJC     gui/macosx/library/home-library/libmacosx_plugin_la-VLCLibraryHomeViewBaseCarouselContainerView.lo
  OBJC     gui/macosx/library/home-library/libmacosx_plugin_la-VLCLibraryHomeViewStackViewController.lo
  OBJC     gui/macosx/library/home-library/libmacosx_plugin_la-VLCLibraryHomeViewController.lo
  OBJC     gui/macosx/library/home-library/libmacosx_plugin_la-VLCLibraryHomeViewVideoCarouselContainerView.lo
  OBJC     gui/macosx/library/home-library/libmacosx_plugin_la-VLCLibraryHomeViewVideoContainerViewDataSource.lo
  OBJC     gui/macosx/library/home-library/libmacosx_plugin_la-VLCLibraryHomeViewVideoGridContainerView.lo
  OBJC     gui/macosx/library/video-library/libmacosx_plugin_la-VLCLibraryMoviesDataSource.lo
  OBJC     gui/macosx/library/video-library/libmacosx_plugin_la-VLCLibraryShowsDataSource.lo
  OBJC     gui/macosx/library/video-library/libmacosx_plugin_la-VLCLibraryVideoViewController.lo
  OBJC     gui/macosx/library/video-library/libmacosx_plugin_la-VLCLibraryVideoGroupDescriptor.lo
  OBJC     gui/macosx/library/video-library/libmacosx_plugin_la-VLCLibraryVideoDataSource.lo
  OBJC     gui/macosx/library/video-library/libmacosx_plugin_la-VLCLibraryVideoTableViewDelegate.lo
  OBJC     gui/macosx/library/audio-library/libmacosx_plugin_la-VLCLibraryAlbumTableCellView.lo
  OBJC     gui/macosx/library/audio-library/libmacosx_plugin_la-VLCLibraryAlbumTracksTableViewDelegate.lo
  OBJC     gui/macosx/library/audio-library/libmacosx_plugin_la-VLCLibraryAllAudioGroupsMediaLibraryItem.lo
  OBJC     gui/macosx/library/audio-library/libmacosx_plugin_la-VLCLibraryAudioDataSource.lo
  OBJC     gui/macosx/library/audio-library/libmacosx_plugin_la-VLCLibraryAudioGroupDataSource.lo
  OBJC     gui/macosx/library/favorites-library/libmacosx_plugin_la-VLCLibraryFavoritesDataSource.lo
  OBJC     gui/macosx/library/favorites-library/libmacosx_plugin_la-VLCLibraryFavoritesTableViewDelegate.lo
  OBJC     gui/macosx/library/favorites-library/libmacosx_plugin_la-VLCLibraryFavoritesViewController.lo
  OBJC     gui/macosx/library/media-source/libmacosx_plugin_la-VLCLibraryMediaSourceViewController.lo
  OBJC     gui/macosx/library/media-source/libmacosx_plugin_la-VLCMediaSource.lo
  OBJC     gui/macosx/library/media-source/libmacosx_plugin_la-VLCLocalMediaSource.lo
  OBJC     gui/macosx/library/media-source/libmacosx_plugin_la-VLCLocalMediaSourceNodeObservation.lo
  OBJC     gui/macosx/library/media-source/libmacosx_plugin_la-VLCMediaSourceBaseDataSource.lo
  OBJC     gui/macosx/library/media-source/libmacosx_plugin_la-VLCMediaSourceCollectionViewItem.lo
  OBJC     gui/macosx/library/media-source/libmacosx_plugin_la-VLCMediaSourceDataSource.lo
  OBJC     gui/macosx/library/media-source/libmacosx_plugin_la-VLCMediaSourceDeviceCollectionViewItem.lo
/Users/cam/Documents/Projects/ultima-iv-web/vlc-thumbs/work/upstream/vlc-master-story005/extras/package/macosx/../../../modules/gui/macosx/library/media-source/VLCMediaSourceBaseDataSource.m:160:47: warning: 'NSFilenamesPboardType' is deprecated: first deprecated in macOS 10.14 - Create multiple pasteboard items with NSPasteboardTypeFileURL or kUTTypeFileURL instead [-Wdeprecated-declarations]
  160 |     [self.tableView registerForDraggedTypes:@[NSFilenamesPboardType]];
      |                                               ^
/Applications/Xcode.app/Contents/Developer/Platforms/MacOSX.platform/Developer/SDKs/MacOSX27.0.sdk/System/Library/Frameworks/AppKit.framework/Headers/NSPasteboard.h:505:32: note: 'NSFilenamesPboardType' has been explicitly marked deprecated here
  505 | APPKIT_EXTERN NSPasteboardType NSFilenamesPboardType API_DEPRECATED("Create multiple pasteboard items with NSPasteboardTypeFileURL or kUTTypeFileURL instead", macos(10.0,10.14));
      |                                ^
/Users/cam/Documents/Projects/ultima-iv-web/vlc-thumbs/work/upstream/vlc-master-story005/extras/package/macosx/../../../modules/gui/macosx/library/media-source/VLCMediaSourceBaseDataSource.m:559:74: warning: 'NSFilenamesPboardType' is deprecated: first deprecated in macOS 10.14 - Create multiple pasteboard items with NSPasteboardTypeFileURL or kUTTypeFileURL instead [-Wdeprecated-declarations]
  559 |     const id propertyList = [info.draggingPasteboard propertyListForType:NSFilenamesPboardType];
      |                                                                          ^
/Applications/Xcode.app/Contents/Developer/Platforms/MacOSX.platform/Developer/SDKs/MacOSX27.0.sdk/System/Library/Frameworks/AppKit.framework/Headers/NSPasteboard.h:505:32: note: 'NSFilenamesPboardType' has been explicitly marked deprecated here
  505 | APPKIT_EXTERN NSPasteboardType NSFilenamesPboardType API_DEPRECATED("Create multiple pasteboard items with NSPasteboardTypeFileURL or kUTTypeFileURL instead", macos(10.0,10.14));
      |                                ^
  OBJC     gui/macosx/library/media-source/libmacosx_plugin_la-VLCLibraryMediaSourceViewNavigationStack.lo
2 warnings generated.
  OBJC     gui/macosx/library/media-source/libmacosx_plugin_la-VLCLibraryMediaSourceViewNavigationState.lo
/Users/cam/Documents/Projects/ultima-iv-web/vlc-thumbs/work/upstream/vlc-master-story005/extras/package/macosx/../../../modules/gui/macosx/library/media-source/VLCMediaSourceDataSource.m:255:47: warning: 'NSFilenamesPboardType' is deprecated: first deprecated in macOS 10.14 - Create multiple pasteboard items with NSPasteboardTypeFileURL or kUTTypeFileURL instead [-Wdeprecated-declarations]
  255 |     [self.tableView registerForDraggedTypes:@[NSFilenamesPboardType]];
      |                                               ^
/Applications/Xcode.app/Contents/Developer/Platforms/MacOSX.platform/Developer/SDKs/MacOSX27.0.sdk/System/Library/Frameworks/AppKit.framework/Headers/NSPasteboard.h:505:32: note: 'NSFilenamesPboardType' has been explicitly marked deprecated here
  505 | APPKIT_EXTERN NSPasteboardType NSFilenamesPboardType API_DEPRECATED("Create multiple pasteboard items with NSPasteboardTypeFileURL or kUTTypeFileURL instead", macos(10.0,10.14));
      |                                ^
/Users/cam/Documents/Projects/ultima-iv-web/vlc-thumbs/work/upstream/vlc-master-story005/extras/package/macosx/../../../modules/gui/macosx/library/media-source/VLCMediaSourceDataSource.m:443:45: warning: 'UTTypeCreatePreferredIdentifierForTag' is deprecated: first deprecated in macOS 12.0 - Use the UTType class instead. [-Wdeprecated-declarations]
  443 |                     const CFStringRef uti = UTTypeCreatePreferredIdentifierForTag(kUTTagClassFilenameExtension, extCF, NULL);
      |                                             ^
/Applications/Xcode.app/Contents/Developer/Platforms/MacOSX.platform/Developer/SDKs/MacOSX27.0.sdk/System/Library/Frameworks/CoreServices.framework/Frameworks/LaunchServices.framework/Headers/UTType.h:317:1: note: 'UTTypeCreatePreferredIdentifierForTag' has been explicitly marked deprecated here
  317 | UTTypeCreatePreferredIdentifierForTag(
      | ^
/Users/cam/Documents/Projects/ultima-iv-web/vlc-thumbs/work/upstream/vlc-master-story005/extras/package/macosx/../../../modules/gui/macosx/library/media-source/VLCMediaSourceDataSource.m:443:83: warning: 'kUTTagClassFilenameExtension' is deprecated: first deprecated in macOS 12.0 - Use UTTagClassFilenameExtension instead. [-Wdeprecated-declarations]
  443 |                     const CFStringRef uti = UTTypeCreatePreferredIdentifierForTag(kUTTagClassFilenameExtension, extCF, NULL);
      |                                                                                   ^
/Applications/Xcode.app/Contents/Developer/Platforms/MacOSX.platform/Developer/SDKs/MacOSX27.0.sdk/System/Library/Frameworks/CoreServices.framework/Frameworks/LaunchServices.framework/Headers/UTType.h:258:26: note: 'kUTTagClassFilenameExtension' has been explicitly marked deprecated here
  258 | extern const CFStringRef kUTTagClassFilenameExtension                API_DEPRECATED("Use UTTagClassFilenameExtension instead.", ios(3.0, 15.0), macos(10.3, 12.0), tvos(9.0, 15.0), watchos(1.0, 8.0));
      |                          ^
/Users/cam/Documents/Projects/ultima-iv-web/vlc-thumbs/work/upstream/vlc-master-story005/extras/package/macosx/../../../modules/gui/macosx/library/media-source/VLCMediaSourceDataSource.m:445:53: warning: 'UTTypeCopyDescription' is deprecated: first deprecated in macOS 12.0 - Use UTType.localizedDescription instead. [-Wdeprecated-declarations]
  445 |                         CFStringRef descriptionCF = UTTypeCopyDescription(uti);
      |                                                     ^
/Applications/Xcode.app/Contents/Developer/Platforms/MacOSX.platform/Developer/SDKs/MacOSX27.0.sdk/System/Library/Frameworks/CoreServices.framework/Frameworks/LaunchServices.framework/Headers/UTType.h:496:1: note: 'UTTypeCopyDescription' has been explicitly marked deprecated here
  496 | UTTypeCopyDescription(CFStringRef inUTI)                             API_DEPRECATED("Use UTType.localizedDescription instead.", ios(3.0, 15.0), macos(10.3, 12.0), tvos(9.0, 15.0), watchos(1.0, 8.0));
      | ^
/Users/cam/Documents/Projects/ultima-iv-web/vlc-thumbs/work/upstream/vlc-master-story005/extras/package/macosx/../../../modules/gui/macosx/library/media-source/VLCMediaSourceDataSource.m:536:74: warning: 'NSFilenamesPboardType' is deprecated: first deprecated in macOS 10.14 - Create multiple pasteboard items with NSPasteboardTypeFileURL or kUTTypeFileURL instead [-Wdeprecated-declarations]
  536 |     const id propertyList = [info.draggingPasteboard propertyListForType:NSFilenamesPboardType];
      |                                                                          ^
/Applications/Xcode.app/Contents/Developer/Platforms/MacOSX.platform/Developer/SDKs/MacOSX27.0.sdk/System/Library/Frameworks/AppKit.framework/Headers/NSPasteboard.h:505:32: note: 'NSFilenamesPboardType' has been explicitly marked deprecated here
  505 | APPKIT_EXTERN NSPasteboardType NSFilenamesPboardType API_DEPRECATED("Create multiple pasteboard items with NSPasteboardTypeFileURL or kUTTypeFileURL instead", macos(10.0,10.14));
      |                                ^
  OBJC     gui/macosx/library/media-source/libmacosx_plugin_la-VLCMediaSourceProvider.lo
5 warnings generated.
  OBJC     gui/macosx/library/playlist-library/libmacosx_plugin_la-VLCLibraryPlaylistDataSource.lo
  OBJC     gui/macosx/library/playlist-library/libmacosx_plugin_la-VLCLibraryPlaylistViewController.lo
  OBJC     gui/macosx/library/search-library/libmacosx_plugin_la-VLCLibrarySearchDataSource.lo
  OBJC     gui/macosx/library/search-library/libmacosx_plugin_la-VLCLibrarySearchProvider.lo
  OBJC     gui/macosx/library/search-library/libmacosx_plugin_la-VLCLibrarySearchViewController.lo
  OBJC     gui/macosx/main/libmacosx_plugin_la-CompatibilityFixes.lo
  OBJC     gui/macosx/main/libmacosx_plugin_la-VLCApplication.lo
  OBJC     gui/macosx/main/libmacosx_plugin_la-VLCMain+Sparkle.lo
  OBJC     gui/macosx/main/libmacosx_plugin_la-VLCMain+OldPrefs.lo
/Users/cam/Documents/Projects/ultima-iv-web/vlc-thumbs/work/upstream/vlc-master-story005/extras/package/macosx/../../../modules/gui/macosx/main/VLCApplication.m:136:63: warning: 'NSWorkspaceLaunchNewInstance' is deprecated: first deprecated in macOS 11.0 - Use -[NSWorkspaceOpenConfiguration setCreatesNewApplicationInstance:YES] instead. [-Wdeprecated-declarations]
  136 |                                                       options:NSWorkspaceLaunchNewInstance
      |                                                               ^
/Applications/Xcode.app/Contents/Developer/Platforms/MacOSX.platform/Developer/SDKs/MacOSX27.0.sdk/System/Library/Frameworks/AppKit.framework/Headers/NSWorkspace.h:352:5: note: 'NSWorkspaceLaunchNewInstance' has been explicitly marked deprecated here
  352 |     NSWorkspaceLaunchNewInstance              API_DEPRECATED("Use -[NSWorkspaceOpenConfiguration setCreatesNewApplicationInstance:YES] instead.", macos(10.3, 11.0)) = 0x00080000,
      |     ^
/Users/cam/Documents/Projects/ultima-iv-web/vlc-thumbs/work/upstream/vlc-master-story005/extras/package/macosx/../../../modules/gui/macosx/main/VLCApplication.m:135:38: warning: 'launchApplicationAtURL:options:configuration:error:' is deprecated: first deprecated in macOS 11.0 - Use -[NSWorkspace openApplicationAtURL:configuration:completionHandler:] instead. [-Wdeprecated-declarations]
  135 |         [NSWorkspace.sharedWorkspace launchApplicationAtURL:_appLocationURL.absoluteURL
      |                                      ^
/Applications/Xcode.app/Contents/Developer/Platforms/MacOSX.platform/Developer/SDKs/MacOSX27.0.sdk/System/Library/Frameworks/AppKit.framework/Headers/NSWorkspace.h:385:1: note: 'launchApplicationAtURL:options:configuration:error:' has been explicitly marked deprecated here
  385 | - (nullable NSRunningApplication *)launchApplicationAtURL:(NSURL *)url options:(NSWorkspaceLaunchOptions)options configuration:(NSDictionary<NSWorkspaceLaunchConfigurationKey, id> *)configuration error:(NSError **)error API_DEPRECATED("Use -[NSWorkspace openApplicationAtURL:configuration:completionHandler:] instead.", macos(10.6, 11.0));
      | ^
  OBJC     gui/macosx/main/libmacosx_plugin_la-VLCMain.lo
2 warnings generated.
  OBJC     gui/macosx/main/libmacosx_plugin_la-macosx.lo
  OBJC     gui/macosx/menus/libmacosx_plugin_la-VLCMainMenu.lo
  OBJC     gui/macosx/menus/libmacosx_plugin_la-VLCRecentStreamsMenuController.lo
  OBJC     gui/macosx/menus/libmacosx_plugin_la-VLCStatusBarIcon.lo
/Users/cam/Documents/Projects/ultima-iv-web/vlc-thumbs/work/upstream/vlc-master-story005/extras/package/macosx/../../../modules/gui/macosx/main/VLCMain.m:336:43: warning: 'newLibraryWithFile:error:' is deprecated: first deprecated in macOS 13.0 - Use -newLibraryWithURL:error: instead [-Wdeprecated-declarations]
  336 |             _metalLibrary = [_metalDevice newLibraryWithFile:libraryPath error:&error];
      |                                           ^
/Applications/Xcode.app/Contents/Developer/Platforms/MacOSX.platform/Developer/SDKs/MacOSX27.0.sdk/System/Library/Frameworks/Metal.framework/Headers/MTLDevice.h:766:1: note: 'newLibraryWithFile:error:' has been explicitly marked deprecated here
  766 | - (nullable id <MTLLibrary>)newLibraryWithFile:(NSString *)filepath error:(__autoreleasing NSError **)error
      | ^
1 warning generated.
  OBJC     gui/macosx/menus/renderers/libmacosx_plugin_la-VLCRendererDiscovery.lo
/Users/cam/Documents/Projects/ultima-iv-web/vlc-thumbs/work/upstream/vlc-master-story005/extras/package/macosx/../../../modules/gui/macosx/menus/VLCMainMenu.m:162:33: warning: 'NSOnState' is deprecated: first deprecated in macOS 10.14 [-Wdeprecated-declarations]
  162 |     [_rendererNoneItem setState:NSOnState];
      |                                 ^~~~~~~~~
      |                                 NSControlStateValueOn
/Applications/Xcode.app/Contents/Developer/Platforms/MacOSX.platform/Developer/SDKs/MacOSX27.0.sdk/System/Library/Frameworks/AppKit.framework/Headers/NSCell.h:355:34: note: 'NSOnState' has been explicitly marked deprecated here
  355 | static const NSControlStateValue NSOnState API_DEPRECATED_WITH_REPLACEMENT("NSControlStateValueOn", macos(10.0,10.14)) = NSControlStateValueOn;
      |                                  ^
/Users/cam/Documents/Projects/ultima-iv-web/vlc-thumbs/work/upstream/vlc-master-story005/extras/package/macosx/../../../modules/gui/macosx/menus/VLCMainMenu.m:276:59: warning: 'NSOnState' is deprecated: first deprecated in macOS 10.14 [-Wdeprecated-declarations]
  276 |             [[_postprocessingMenu itemAtIndex:0] setState:NSOnState];
      |                                                           ^~~~~~~~~
      |                                                           NSControlStateValueOn
/Applications/Xcode.app/Contents/Developer/Platforms/MacOSX.platform/Developer/SDKs/MacOSX27.0.sdk/System/Library/Frameworks/AppKit.framework/Headers/NSCell.h:355:34: note: 'NSOnState' has been explicitly marked deprecated here
  355 | static const NSControlStateValue NSOnState API_DEPRECATED_WITH_REPLACEMENT("NSControlStateValueOn", macos(10.0,10.14)) = NSControlStateValueOn;
      |                                  ^
/Users/cam/Documents/Projects/ultima-iv-web/vlc-thumbs/work/upstream/vlc-master-story005/extras/package/macosx/../../../modules/gui/macosx/menus/VLCMainMenu.m:278:85: warning: 'NSOnState' is deprecated: first deprecated in macOS 10.14 [-Wdeprecated-declarations]
  278 |             [[_postprocessingMenu itemWithTag:config_GetInt("postproc-q")] setState:NSOnState];
      |                                                                                     ^~~~~~~~~
      |                                                                                     NSControlStateValueOn
/Applications/Xcode.app/Contents/Developer/Platforms/MacOSX.platform/Developer/SDKs/MacOSX27.0.sdk/System/Library/Frameworks/AppKit.framework/Headers/NSCell.h:355:34: note: 'NSOnState' has been explicitly marked deprecated here
  355 | static const NSControlStateValue NSOnState API_DEPRECATED_WITH_REPLACEMENT("NSControlStateValueOn", macos(10.0,10.14)) = NSControlStateValueOn;
      |                                  ^
/Users/cam/Documents/Projects/ultima-iv-web/vlc-thumbs/work/upstream/vlc-master-story005/extras/package/macosx/../../../modules/gui/macosx/menus/VLCMainMenu.m:281:55: warning: 'NSOnState' is deprecated: first deprecated in macOS 10.14 [-Wdeprecated-declarations]
  281 |         [[_postprocessingMenu itemAtIndex:0] setState:NSOnState];
      |                                                       ^~~~~~~~~
      |                                                       NSControlStateValueOn
/Applications/Xcode.app/Contents/Developer/Platforms/MacOSX.platform/Developer/SDKs/MacOSX27.0.sdk/System/Library/Frameworks/AppKit.framework/Headers/NSCell.h:355:34: note: 'NSOnState' has been explicitly marked deprecated here
  355 | static const NSControlStateValue NSOnState API_DEPRECATED_WITH_REPLACEMENT("NSControlStateValueOn", macos(10.0,10.14)) = NSControlStateValueOn;
      |                                  ^
/Users/cam/Documents/Projects/ultima-iv-web/vlc-thumbs/work/upstream/vlc-master-story005/extras/package/macosx/../../../modules/gui/macosx/menus/VLCMainMenu.m:337:26: warning: 'NSOnState' is deprecated: first deprecated in macOS 10.14 [-Wdeprecated-declarations]
  337 |             [mi setState:NSOnState];
      |                          ^~~~~~~~~
      |                          NSControlStateValueOn
/Applications/Xcode.app/Contents/Developer/Platforms/MacOSX.platform/Developer/SDKs/MacOSX27.0.sdk/System/Library/Frameworks/AppKit.framework/Headers/NSCell.h:355:34: note: 'NSOnState' has been explicitly marked deprecated here
  355 | static const NSControlStateValue NSOnState API_DEPRECATED_WITH_REPLACEMENT("NSControlStateValueOn", macos(10.0,10.14)) = NSControlStateValueOn;
      |                                  ^
/Users/cam/Documents/Projects/ultima-iv-web/vlc-thumbs/work/upstream/vlc-master-story005/extras/package/macosx/../../../modules/gui/macosx/menus/VLCMainMenu.m:849:84: warning: 'NSOnState' is deprecated: first deprecated in macOS 10.14 [-Wdeprecated-declarations]
  849 |     [[submenu itemWithTag: var_InheritInteger(getIntf(), "macosx-vdev")] setState: NSOnState];
      |                                                                                    ^~~~~~~~~
      |                                                                                    NSControlStateValueOn
/Applications/Xcode.app/Contents/Developer/Platforms/MacOSX.platform/Developer/SDKs/MacOSX27.0.sdk/System/Library/Frameworks/AppKit.framework/Headers/NSCell.h:355:34: note: 'NSOnState' has been explicitly marked deprecated here
  355 | static const NSControlStateValue NSOnState API_DEPRECATED_WITH_REPLACEMENT("NSControlStateValueOn", macos(10.0,10.14)) = NSControlStateValueOn;
      |                                  ^
/Users/cam/Documents/Projects/ultima-iv-web/vlc-thumbs/work/upstream/vlc-master-story005/extras/package/macosx/../../../modules/gui/macosx/menus/VLCMainMenu.m:993:69: warning: 'NSOnState' is deprecated: first deprecated in macOS 10.14 [-Wdeprecated-declarations]
  993 |     NSControlStateValue state = _playerController.enableRecording ? NSOnState : NSOffState;
      |                                                                     ^~~~~~~~~
      |                                                                     NSControlStateValueOn
/Applications/Xcode.app/Contents/Developer/Platforms/MacOSX.platform/Developer/SDKs/MacOSX27.0.sdk/System/Library/Frameworks/AppKit.framework/Headers/NSCell.h:355:34: note: 'NSOnState' has been explicitly marked deprecated here
  355 | static const NSControlStateValue NSOnState API_DEPRECATED_WITH_REPLACEMENT("NSControlStateValueOn", macos(10.0,10.14)) = NSControlStateValueOn;
      |                                  ^
/Users/cam/Documents/Projects/ultima-iv-web/vlc-thumbs/work/upstream/vlc-master-story005/extras/package/macosx/../../../modules/gui/macosx/menus/VLCMainMenu.m:993:81: warning: 'NSOffState' is deprecated: first deprecated in macOS 10.14 [-Wdeprecated-declarations]
  993 |     NSControlStateValue state = _playerController.enableRecording ? NSOnState : NSOffState;
      |                                                                                 ^~~~~~~~~~
      |                                                                                 NSControlStateValueOff
/Applications/Xcode.app/Contents/Developer/Platforms/MacOSX.platform/Developer/SDKs/MacOSX27.0.sdk/System/Library/Frameworks/AppKit.framework/Headers/NSCell.h:354:34: note: 'NSOffState' has been explicitly marked deprecated here
  354 | static const NSControlStateValue NSOffState API_DEPRECATED_WITH_REPLACEMENT("NSControlStateValueOff", macos(10.0,10.14)) = NSControlStateValueOff;
      |                                  ^
/Users/cam/Documents/Projects/ultima-iv-web/vlc-thumbs/work/upstream/vlc-master-story005/extras/package/macosx/../../../modules/gui/macosx/menus/VLCMainMenu.m:1131:32: warning: 'NSOnState' is deprecated: first deprecated in macOS 10.14 [-Wdeprecated-declarations]
 1131 |             [menuItem setState:NSOnState];
      |                                ^~~~~~~~~
      |                                NSControlStateValueOn
/Applications/Xcode.app/Contents/Developer/Platforms/MacOSX.platform/Developer/SDKs/MacOSX27.0.sdk/System/Library/Frameworks/AppKit.framework/Headers/NSCell.h:355:34: note: 'NSOnState' has been explicitly marked deprecated here
  355 | static const NSControlStateValue NSOnState API_DEPRECATED_WITH_REPLACEMENT("NSControlStateValueOn", macos(10.0,10.14)) = NSControlStateValueOn;
      |                                  ^
/Users/cam/Documents/Projects/ultima-iv-web/vlc-thumbs/work/upstream/vlc-master-story005/extras/package/macosx/../../../modules/gui/macosx/menus/VLCMainMenu.m:1133:32: warning: 'NSOffState' is deprecated: first deprecated in macOS 10.14 [-Wdeprecated-declarations]
 1133 |             [menuItem setState:NSOffState];
      |                                ^~~~~~~~~~
      |                                NSControlStateValueOff
/Applications/Xcode.app/Contents/Developer/Platforms/MacOSX.platform/Developer/SDKs/MacOSX27.0.sdk/System/Library/Frameworks/AppKit.framework/Headers/NSCell.h:354:34: note: 'NSOffState' has been explicitly marked deprecated here
  354 | static const NSControlStateValue NSOffState API_DEPRECATED_WITH_REPLACEMENT("NSControlStateValueOff", macos(10.0,10.14)) = NSControlStateValueOff;
      |                                  ^
/Users/cam/Documents/Projects/ultima-iv-web/vlc-thumbs/work/upstream/vlc-master-story005/extras/package/macosx/../../../modules/gui/macosx/menus/VLCMainMenu.m:1140:46: warning: 'NSOnState' is deprecated: first deprecated in macOS 10.14 [-Wdeprecated-declarations]
 1140 |         [menu.itemArray.firstObject setState:NSOnState];
      |                                              ^~~~~~~~~
      |                                              NSControlStateValueOn
/Applications/Xcode.app/Contents/Developer/Platforms/MacOSX.platform/Developer/SDKs/MacOSX27.0.sdk/System/Library/Frameworks/AppKit.framework/Headers/NSCell.h:355:34: note: 'NSOnState' has been explicitly marked deprecated here
  355 | static const NSControlStateValue NSOnState API_DEPRECATED_WITH_REPLACEMENT("NSControlStateValueOn", macos(10.0,10.14)) = NSControlStateValueOn;
      |                                  ^
/Users/cam/Documents/Projects/ultima-iv-web/vlc-thumbs/work/upstream/vlc-master-story005/extras/package/macosx/../../../modules/gui/macosx/menus/VLCMainMenu.m:1174:50: warning: 'NSOnState' is deprecated: first deprecated in macOS 10.14 [-Wdeprecated-declarations]
 1174 |         [menuItem setState: x == selectedIndex ? NSOnState : NSOffState];
      |                                                  ^~~~~~~~~
      |                                                  NSControlStateValueOn
/Applications/Xcode.app/Contents/Developer/Platforms/MacOSX.platform/Developer/SDKs/MacOSX27.0.sdk/System/Library/Frameworks/AppKit.framework/Headers/NSCell.h:355:34: note: 'NSOnState' has been explicitly marked deprecated here
  355 | static const NSControlStateValue NSOnState API_DEPRECATED_WITH_REPLACEMENT("NSControlStateValueOn", macos(10.0,10.14)) = NSControlStateValueOn;
      |                                  ^
/Users/cam/Documents/Projects/ultima-iv-web/vlc-thumbs/work/upstream/vlc-master-story005/extras/package/macosx/../../../modules/gui/macosx/menus/VLCMainMenu.m:1174:62: warning: 'NSOffState' is deprecated: first deprecated in macOS 10.14 [-Wdeprecated-declarations]
 1174 |         [menuItem setState: x == selectedIndex ? NSOnState : NSOffState];
      |                                                              ^~~~~~~~~~
      |                                                              NSControlStateValueOff
/Applications/Xcode.app/Contents/Developer/Platforms/MacOSX.platform/Developer/SDKs/MacOSX27.0.sdk/System/Library/Frameworks/AppKit.framework/Headers/NSCell.h:354:34: note: 'NSOffState' has been explicitly marked deprecated here
  354 | static const NSControlStateValue NSOffState API_DEPRECATED_WITH_REPLACEMENT("NSControlStateValueOff", macos(10.0,10.14)) = NSControlStateValueOff;
      |                                  ^
/Users/cam/Documents/Projects/ultima-iv-web/vlc-thumbs/work/upstream/vlc-master-story005/extras/package/macosx/../../../modules/gui/macosx/menus/VLCMainMenu.m:1192:50: warning: 'NSOnState' is deprecated: first deprecated in macOS 10.14 [-Wdeprecated-declarations]
 1192 |         [menuItem setState: x == selectedIndex ? NSOnState : NSOffState];
      |                                                  ^~~~~~~~~
      |                                                  NSControlStateValueOn
/Applications/Xcode.app/Contents/Developer/Platforms/MacOSX.platform/Developer/SDKs/MacOSX27.0.sdk/System/Library/Frameworks/AppKit.framework/Headers/NSCell.h:355:34: note: 'NSOnState' has been explicitly marked deprecated here
  355 | static const NSControlStateValue NSOnState API_DEPRECATED_WITH_REPLACEMENT("NSControlStateValueOn", macos(10.0,10.14)) = NSControlStateValueOn;
      |                                  ^
/Users/cam/Documents/Projects/ultima-iv-web/vlc-thumbs/work/upstream/vlc-master-story005/extras/package/macosx/../../../modules/gui/macosx/menus/VLCMainMenu.m:1192:62: warning: 'NSOffState' is deprecated: first deprecated in macOS 10.14 [-Wdeprecated-declarations]
 1192 |         [menuItem setState: x == selectedIndex ? NSOnState : NSOffState];
      |                                                              ^~~~~~~~~~
      |                                                              NSControlStateValueOff
/Applications/Xcode.app/Contents/Developer/Platforms/MacOSX.platform/Developer/SDKs/MacOSX27.0.sdk/System/Library/Frameworks/AppKit.framework/Headers/NSCell.h:354:34: note: 'NSOffState' has been explicitly marked deprecated here
  354 | static const NSControlStateValue NSOffState API_DEPRECATED_WITH_REPLACEMENT("NSControlStateValueOff", macos(10.0,10.14)) = NSControlStateValueOff;
      |                                  ^
/Users/cam/Documents/Projects/ultima-iv-web/vlc-thumbs/work/upstream/vlc-master-story005/extras/package/macosx/../../../modules/gui/macosx/menus/VLCMainMenu.m:1225:47: warning: 'NSOnState' is deprecated: first deprecated in macOS 10.14 [-Wdeprecated-declarations]
 1225 |         [menuItem setState:program.selected ? NSOnState : NSOffState];
      |                                               ^~~~~~~~~
      |                                               NSControlStateValueOn
/Applications/Xcode.app/Contents/Developer/Platforms/MacOSX.platform/Developer/SDKs/MacOSX27.0.sdk/System/Library/Frameworks/AppKit.framework/Headers/NSCell.h:355:34: note: 'NSOnState' has been explicitly marked deprecated here
  355 | static const NSControlStateValue NSOnState API_DEPRECATED_WITH_REPLACEMENT("NSControlStateValueOn", macos(10.0,10.14)) = NSControlStateValueOn;
      |                                  ^
/Users/cam/Documents/Projects/ultima-iv-web/vlc-thumbs/work/upstream/vlc-master-story005/extras/package/macosx/../../../modules/gui/macosx/menus/VLCMainMenu.m:1225:59: warning: 'NSOffState' is deprecated: first deprecated in macOS 10.14 [-Wdeprecated-declarations]
 1225 |         [menuItem setState:program.selected ? NSOnState : NSOffState];
      |                                                           ^~~~~~~~~~
      |                                                           NSControlStateValueOff
/Applications/Xcode.app/Contents/Developer/Platforms/MacOSX.platform/Developer/SDKs/MacOSX27.0.sdk/System/Library/Frameworks/AppKit.framework/Headers/NSCell.h:354:34: note: 'NSOffState' has been explicitly marked deprecated here
  354 | static const NSControlStateValue NSOffState API_DEPRECATED_WITH_REPLACEMENT("NSControlStateValueOff", macos(10.0,10.14)) = NSControlStateValueOff;
      |                                  ^
/Users/cam/Documents/Projects/ultima-iv-web/vlc-thumbs/work/upstream/vlc-master-story005/extras/package/macosx/../../../modules/gui/macosx/menus/VLCMainMenu.m:1265:106: warning: 'NSOnState' is deprecated: first deprecated in macOS 10.14 [-Wdeprecated-declarations]
 1265 |     [[_audioDeviceMenu itemWithTag:[[NSString stringWithFormat:@"%s", currentDevice] intValue]] setState:NSOnState];
      |                                                                                                          ^~~~~~~~~
      |                                                                                                          NSControlStateValueOn
/Applications/Xcode.app/Contents/Developer/Platforms/MacOSX.platform/Developer/SDKs/MacOSX27.0.sdk/System/Library/Frameworks/AppKit.framework/Headers/NSCell.h:355:34: note: 'NSOnState' has been explicitly marked deprecated here
  355 | static const NSControlStateValue NSOnState API_DEPRECATED_WITH_REPLACEMENT("NSControlStateValueOn", macos(10.0,10.14)) = NSControlStateValueOn;
      |                                  ^
/Users/cam/Documents/Projects/ultima-iv-web/vlc-thumbs/work/upstream/vlc-master-story005/extras/package/macosx/../../../modules/gui/macosx/menus/VLCMainMenu.m:1353:55: warning: 'NSOffState' is deprecated: first deprecated in macOS 10.14 [-Wdeprecated-declarations]
 1353 |         [[_postprocessingMenu itemAtIndex:x] setState:NSOffState];
      |                                                       ^~~~~~~~~~
      |                                                       NSControlStateValueOff
/Applications/Xcode.app/Contents/Developer/Platforms/MacOSX.platform/Developer/SDKs/MacOSX27.0.sdk/System/Library/Frameworks/AppKit.framework/Headers/NSCell.h:354:34: note: 'NSOffState' has been explicitly marked deprecated here
  354 | static const NSControlStateValue NSOffState API_DEPRECATED_WITH_REPLACEMENT("NSControlStateValueOff", macos(10.0,10.14)) = NSControlStateValueOff;
      |                                  ^
/Users/cam/Documents/Projects/ultima-iv-web/vlc-thumbs/work/upstream/vlc-master-story005/extras/package/macosx/../../../modules/gui/macosx/menus/VLCMainMenu.m:1357:26: warning: 'NSOnState' is deprecated: first deprecated in macOS 10.14 [-Wdeprecated-declarations]
 1357 |         [sender setState:NSOnState];
      |                          ^~~~~~~~~
      |                          NSControlStateValueOn
/Applications/Xcode.app/Contents/Developer/Platforms/MacOSX.platform/Developer/SDKs/MacOSX27.0.sdk/System/Library/Frameworks/AppKit.framework/Headers/NSCell.h:355:34: note: 'NSOnState' has been explicitly marked deprecated here
  355 | static const NSControlStateValue NSOnState API_DEPRECATED_WITH_REPLACEMENT("NSControlStateValueOn", macos(10.0,10.14)) = NSControlStateValueOn;
      |                                  ^
/Users/cam/Documents/Projects/ultima-iv-web/vlc-thumbs/work/upstream/vlc-master-story005/extras/package/macosx/../../../modules/gui/macosx/menus/VLCMainMenu.m:1360:26: warning: 'NSOnState' is deprecated: first deprecated in macOS 10.14 [-Wdeprecated-declarations]
 1360 |         [sender setState:NSOnState];
      |                          ^~~~~~~~~
      |                          NSControlStateValueOn
/Applications/Xcode.app/Contents/Developer/Platforms/MacOSX.platform/Developer/SDKs/MacOSX27.0.sdk/System/Library/Frameworks/AppKit.framework/Headers/NSCell.h:355:34: note: 'NSOnState' has been explicitly marked deprecated here
  355 | static const NSControlStateValue NSOnState API_DEPRECATED_WITH_REPLACEMENT("NSControlStateValueOn", macos(10.0,10.14)) = NSControlStateValueOn;
      |                                  ^
/Users/cam/Documents/Projects/ultima-iv-web/vlc-thumbs/work/upstream/vlc-master-story005/extras/package/macosx/../../../modules/gui/macosx/menus/VLCMainMenu.m:1382:16: warning: 'setAllowedFileTypes:' is deprecated: first deprecated in macOS 12.0 - Use -allowedContentTypes instead [-Wdeprecated-declarations]
 1382 |     [openPanel setAllowedFileTypes:[NSString extensionsArrayFromVLCStyleString:EXTENSIONS_SUBTITLE]];
      |                ^
/Applications/Xcode.app/Contents/Developer/Platforms/MacOSX.platform/Developer/SDKs/MacOSX27.0.sdk/System/Library/Frameworks/AppKit.framework/Headers/NSSavePanel.h:289:49: note: property 'allowedFileTypes' is declared deprecated here
  289 | @property (nullable, copy) NSArray<NSString *> *allowedFileTypes API_DEPRECATED("Use -allowedContentTypes instead", macos(10.3,12.0));
      |                                                 ^
/Applications/Xcode.app/Contents/Developer/Platforms/MacOSX.platform/Developer/SDKs/MacOSX27.0.sdk/System/Library/Frameworks/AppKit.framework/Headers/NSSavePanel.h:289:49: note: 'setAllowedFileTypes:' has been explicitly marked deprecated here
/Users/cam/Documents/Projects/ultima-iv-web/vlc-thumbs/work/upstream/vlc-master-story005/extras/package/macosx/../../../modules/gui/macosx/menus/VLCMainMenu.m:1423:38: warning: 'NSOffState' is deprecated: first deprecated in macOS 10.14 [-Wdeprecated-declarations]
 1423 |         [menu itemAtIndex:x].state = NSOffState;
      |                                      ^~~~~~~~~~
      |                                      NSControlStateValueOff
/Applications/Xcode.app/Contents/Developer/Platforms/MacOSX.platform/Developer/SDKs/MacOSX27.0.sdk/System/Library/Frameworks/AppKit.framework/Headers/NSCell.h:354:34: note: 'NSOffState' has been explicitly marked deprecated here
  354 | static const NSControlStateValue NSOffState API_DEPRECATED_WITH_REPLACEMENT("NSControlStateValueOff", macos(10.0,10.14)) = NSControlStateValueOff;
      |                                  ^
/Users/cam/Documents/Projects/ultima-iv-web/vlc-thumbs/work/upstream/vlc-master-story005/extras/package/macosx/../../../modules/gui/macosx/menus/VLCMainMenu.m:1425:41: warning: 'NSOnState' is deprecated: first deprecated in macOS 10.14 [-Wdeprecated-declarations]
 1425 |     [menu itemWithTag:intValue].state = NSOnState;
      |                                         ^~~~~~~~~
      |                                         NSControlStateValueOn
/Applications/Xcode.app/Contents/Developer/Platforms/MacOSX.platform/Developer/SDKs/MacOSX27.0.sdk/System/Library/Frameworks/AppKit.framework/Headers/NSCell.h:355:34: note: 'NSOnState' has been explicitly marked deprecated here
  355 | static const NSControlStateValue NSOnState API_DEPRECATED_WITH_REPLACEMENT("NSControlStateValueOn", macos(10.0,10.14)) = NSControlStateValueOn;
      |                                  ^
/Users/cam/Documents/Projects/ultima-iv-web/vlc-thumbs/work/upstream/vlc-master-story005/extras/package/macosx/../../../modules/gui/macosx/menus/VLCMainMenu.m:1515:16: warning: 'setAllowedFileTypes:' is deprecated: first deprecated in macOS 12.0 - Use -allowedContentTypes instead [-Wdeprecated-declarations]
 1515 |     [savePanel setAllowedFileTypes:allowedFileTypes];
      |                ^
/Applications/Xcode.app/Contents/Developer/Platforms/MacOSX.platform/Developer/SDKs/MacOSX27.0.sdk/System/Library/Frameworks/AppKit.framework/Headers/NSSavePanel.h:289:49: note: property 'allowedFileTypes' is declared deprecated here
  289 | @property (nullable, copy) NSArray<NSString *> *allowedFileTypes API_DEPRECATED("Use -allowedContentTypes instead", macos(10.3,12.0));
      |                                                 ^
/Applications/Xcode.app/Contents/Developer/Platforms/MacOSX.platform/Developer/SDKs/MacOSX27.0.sdk/System/Library/Frameworks/AppKit.framework/Headers/NSSavePanel.h:289:49: note: 'setAllowedFileTypes:' has been explicitly marked deprecated here
/Users/cam/Documents/Projects/ultima-iv-web/vlc-thumbs/work/upstream/vlc-master-story005/extras/package/macosx/../../../modules/gui/macosx/menus/VLCMainMenu.m:1736:24: warning: 'NSOnState' is deprecated: first deprecated in macOS 10.14 [-Wdeprecated-declarations]
 1736 |     [_repeat setState: NSOnState];
      |                        ^~~~~~~~~
      |                        NSControlStateValueOn
/Applications/Xcode.app/Contents/Developer/Platforms/MacOSX.platform/Developer/SDKs/MacOSX27.0.sdk/System/Library/Frameworks/AppKit.framework/Headers/NSCell.h:355:34: note: 'NSOnState' has been explicitly marked deprecated here
  355 | static const NSControlStateValue NSOnState API_DEPRECATED_WITH_REPLACEMENT("NSControlStateValueOn", macos(10.0,10.14)) = NSControlStateValueOn;
      |                                  ^
/Users/cam/Documents/Projects/ultima-iv-web/vlc-thumbs/work/upstream/vlc-master-story005/extras/package/macosx/../../../modules/gui/macosx/menus/VLCMainMenu.m:1742:24: warning: 'NSOnState' is deprecated: first deprecated in macOS 10.14 [-Wdeprecated-declarations]
 1742 |     [_repeat setState: NSOnState];
      |                        ^~~~~~~~~
      |                        NSControlStateValueOn
/Applications/Xcode.app/Contents/Developer/Platforms/MacOSX.platform/Developer/SDKs/MacOSX27.0.sdk/System/Library/Frameworks/AppKit.framework/Headers/NSCell.h:355:34: note: 'NSOnState' has been explicitly marked deprecated here
  355 | static const NSControlStateValue NSOnState API_DEPRECATED_WITH_REPLACEMENT("NSControlStateValueOn", macos(10.0,10.14)) = NSControlStateValueOn;
      |                                  ^
/Users/cam/Documents/Projects/ultima-iv-web/vlc-thumbs/work/upstream/vlc-master-story005/extras/package/macosx/../../../modules/gui/macosx/menus/VLCMainMenu.m:1748:24: warning: 'NSOffState' is deprecated: first deprecated in macOS 10.14 [-Wdeprecated-declarations]
 1748 |     [_repeat setState: NSOffState];
      |                        ^~~~~~~~~~
      |                        NSControlStateValueOff
/Applications/Xcode.app/Contents/Developer/Platforms/MacOSX.platform/Developer/SDKs/MacOSX27.0.sdk/System/Library/Frameworks/AppKit.framework/Headers/NSCell.h:354:34: note: 'NSOffState' has been explicitly marked deprecated here
  354 | static const NSControlStateValue NSOffState API_DEPRECATED_WITH_REPLACEMENT("NSControlStateValueOff", macos(10.0,10.14)) = NSControlStateValueOff;
      |                                  ^
/Users/cam/Documents/Projects/ultima-iv-web/vlc-thumbs/work/upstream/vlc-master-story005/extras/package/macosx/../../../modules/gui/macosx/menus/VLCMainMenu.m:1817:49: warning: 'NSOnState' is deprecated: first deprecated in macOS 10.14 [-Wdeprecated-declarations]
 1817 |                 [menuItem setState:val.b_bool ? NSOnState : NSOffState];
      |                                                 ^~~~~~~~~
      |                                                 NSControlStateValueOn
/Applications/Xcode.app/Contents/Developer/Platforms/MacOSX.platform/Developer/SDKs/MacOSX27.0.sdk/System/Library/Frameworks/AppKit.framework/Headers/NSCell.h:355:34: note: 'NSOnState' has been explicitly marked deprecated here
  355 | static const NSControlStateValue NSOnState API_DEPRECATED_WITH_REPLACEMENT("NSControlStateValueOn", macos(10.0,10.14)) = NSControlStateValueOn;
      |                                  ^
/Users/cam/Documents/Projects/ultima-iv-web/vlc-thumbs/work/upstream/vlc-master-story005/extras/package/macosx/../../../modules/gui/macosx/menus/VLCMainMenu.m:1817:61: warning: 'NSOffState' is deprecated: first deprecated in macOS 10.14 [-Wdeprecated-declarations]
 1817 |                 [menuItem setState:val.b_bool ? NSOnState : NSOffState];
      |                                                             ^~~~~~~~~~
      |                                                             NSControlStateValueOff
/Applications/Xcode.app/Contents/Developer/Platforms/MacOSX.platform/Developer/SDKs/MacOSX27.0.sdk/System/Library/Frameworks/AppKit.framework/Headers/NSCell.h:354:34: note: 'NSOffState' has been explicitly marked deprecated here
  354 | static const NSControlStateValue NSOffState API_DEPRECATED_WITH_REPLACEMENT("NSControlStateValueOff", macos(10.0,10.14)) = NSControlStateValueOff;
      |                                  ^
/Users/cam/Documents/Projects/ultima-iv-web/vlc-thumbs/work/upstream/vlc-master-story005/extras/package/macosx/../../../modules/gui/macosx/menus/VLCMainMenu.m:1920:35: warning: 'NSOnState' is deprecated: first deprecated in macOS 10.14 [-Wdeprecated-declarations]
 1920 |                     [lmi setState:NSOnState];
      |                                   ^~~~~~~~~
      |                                   NSControlStateValueOn
/Applications/Xcode.app/Contents/Developer/Platforms/MacOSX.platform/Developer/SDKs/MacOSX27.0.sdk/System/Library/Frameworks/AppKit.framework/Headers/NSCell.h:355:34: note: 'NSOnState' has been explicitly marked deprecated here
  355 | static const NSControlStateValue NSOnState API_DEPRECATED_WITH_REPLACEMENT("NSControlStateValueOn", macos(10.0,10.14)) = NSControlStateValueOn;
      |                                  ^
/Users/cam/Documents/Projects/ultima-iv-web/vlc-thumbs/work/upstream/vlc-master-story005/extras/package/macosx/../../../modules/gui/macosx/menus/VLCMainMenu.m:1941:35: warning: 'NSOnState' is deprecated: first deprecated in macOS 10.14 [-Wdeprecated-declarations]
 1941 |                     [lmi setState:NSOnState];
      |                                   ^~~~~~~~~
      |                                   NSControlStateValueOn
/Applications/Xcode.app/Contents/Developer/Platforms/MacOSX.platform/Developer/SDKs/MacOSX27.0.sdk/System/Library/Frameworks/AppKit.framework/Headers/NSCell.h:355:34: note: 'NSOnState' has been explicitly marked deprecated here
  355 | static const NSControlStateValue NSOnState API_DEPRECATED_WITH_REPLACEMENT("NSControlStateValueOn", macos(10.0,10.14)) = NSControlStateValueOn;
      |                                  ^
/Users/cam/Documents/Projects/ultima-iv-web/vlc-thumbs/work/upstream/vlc-master-story005/extras/package/macosx/../../../modules/gui/macosx/menus/VLCMainMenu.m:2107:74: warning: 'NSOnState' is deprecated: first deprecated in macOS 10.14 [-Wdeprecated-declarations]
 2107 |         mi.state = playbackOrder == VLC_PLAYLIST_PLAYBACK_ORDER_RANDOM ? NSOnState : NSOffState;
      |                                                                          ^~~~~~~~~
      |                                                                          NSControlStateValueOn
/Applications/Xcode.app/Contents/Developer/Platforms/MacOSX.platform/Developer/SDKs/MacOSX27.0.sdk/System/Library/Frameworks/AppKit.framework/Headers/NSCell.h:355:34: note: 'NSOnState' has been explicitly marked deprecated here
  355 | static const NSControlStateValue NSOnState API_DEPRECATED_WITH_REPLACEMENT("NSControlStateValueOn", macos(10.0,10.14)) = NSControlStateValueOn;
      |                                  ^
/Users/cam/Documents/Projects/ultima-iv-web/vlc-thumbs/work/upstream/vlc-master-story005/extras/package/macosx/../../../modules/gui/macosx/menus/VLCMainMenu.m:2107:86: warning: 'NSOffState' is deprecated: first deprecated in macOS 10.14 [-Wdeprecated-declarations]
 2107 |         mi.state = playbackOrder == VLC_PLAYLIST_PLAYBACK_ORDER_RANDOM ? NSOnState : NSOffState;
      |                                                                                      ^~~~~~~~~~
      |                                                                                      NSControlStateValueOff
/Applications/Xcode.app/Contents/Developer/Platforms/MacOSX.platform/Developer/SDKs/MacOSX27.0.sdk/System/Library/Frameworks/AppKit.framework/Headers/NSCell.h:354:34: note: 'NSOffState' has been explicitly marked deprecated here
  354 | static const NSControlStateValue NSOffState API_DEPRECATED_WITH_REPLACEMENT("NSControlStateValueOff", macos(10.0,10.14)) = NSControlStateValueOff;
      |                                  ^
/Users/cam/Documents/Projects/ultima-iv-web/vlc-thumbs/work/upstream/vlc-master-story005/extras/package/macosx/../../../modules/gui/macosx/menus/VLCMainMenu.m:2110:28: warning: 'NSOnState' is deprecated: first deprecated in macOS 10.14 [-Wdeprecated-declarations]
 2110 |         mi.state = state ? NSOnState : NSOffState;
      |                            ^~~~~~~~~
      |                            NSControlStateValueOn
/Applications/Xcode.app/Contents/Developer/Platforms/MacOSX.platform/Developer/SDKs/MacOSX27.0.sdk/System/Library/Frameworks/AppKit.framework/Headers/NSCell.h:355:34: note: 'NSOnState' has been explicitly marked deprecated here
  355 | static const NSControlStateValue NSOnState API_DEPRECATED_WITH_REPLACEMENT("NSControlStateValueOn", macos(10.0,10.14)) = NSControlStateValueOn;
      |                                  ^
/Users/cam/Documents/Projects/ultima-iv-web/vlc-thumbs/work/upstream/vlc-master-story005/extras/package/macosx/../../../modules/gui/macosx/menus/VLCMainMenu.m:2110:40: warning: 'NSOffState' is deprecated: first deprecated in macOS 10.14 [-Wdeprecated-declarations]
 2110 |         mi.state = state ? NSOnState : NSOffState;
      |                                        ^~~~~~~~~~
      |                                        NSControlStateValueOff
/Applications/Xcode.app/Contents/Developer/Platforms/MacOSX.platform/Developer/SDKs/MacOSX27.0.sdk/System/Library/Frameworks/AppKit.framework/Headers/NSCell.h:354:34: note: 'NSOffState' has been explicitly marked deprecated here
  354 | static const NSControlStateValue NSOffState API_DEPRECATED_WITH_REPLACEMENT("NSControlStateValueOff", macos(10.0,10.14)) = NSControlStateValueOff;
      |                                  ^
/Users/cam/Documents/Projects/ultima-iv-web/vlc-thumbs/work/upstream/vlc-master-story005/extras/package/macosx/../../../modules/gui/macosx/menus/VLCMainMenu.m:2114:51: warning: 'NSOnState' is deprecated: first deprecated in macOS 10.14 [-Wdeprecated-declarations]
 2114 |         mi.state = _playerController.showLyrics ? NSOnState : NSOffState;
      |                                                   ^~~~~~~~~
      |                                                   NSControlStateValueOn
/Applications/Xcode.app/Contents/Developer/Platforms/MacOSX.platform/Developer/SDKs/MacOSX27.0.sdk/System/Library/Frameworks/AppKit.framework/Headers/NSCell.h:355:34: note: 'NSOnState' has been explicitly marked deprecated here
  355 | static const NSControlStateValue NSOnState API_DEPRECATED_WITH_REPLACEMENT("NSControlStateValueOn", macos(10.0,10.14)) = NSControlStateValueOn;
      |                                  ^
/Users/cam/Documents/Projects/ultima-iv-web/vlc-thumbs/work/upstream/vlc-master-story005/extras/package/macosx/../../../modules/gui/macosx/menus/VLCMainMenu.m:2114:63: warning: 'NSOffState' is deprecated: first deprecated in macOS 10.14 [-Wdeprecated-declarations]
 2114 |         mi.state = _playerController.showLyrics ? NSOnState : NSOffState;
      |                                                               ^~~~~~~~~~
      |                                                               NSControlStateValueOff
/Applications/Xcode.app/Contents/Developer/Platforms/MacOSX.platform/Developer/SDKs/MacOSX27.0.sdk/System/Library/Frameworks/AppKit.framework/Headers/NSCell.h:354:34: note: 'NSOffState' has been explicitly marked deprecated here
  354 | static const NSControlStateValue NSOffState API_DEPRECATED_WITH_REPLACEMENT("NSControlStateValueOff", macos(10.0,10.14)) = NSControlStateValueOff;
      |                                  ^
/Users/cam/Documents/Projects/ultima-iv-web/vlc-thumbs/work/upstream/vlc-master-story005/extras/package/macosx/../../../modules/gui/macosx/menus/VLCMainMenu.m:2117:45: warning: 'NSOnState' is deprecated: first deprecated in macOS 10.14 [-Wdeprecated-declarations]
 2117 |         mi.state = _playerController.mute ? NSOnState : NSOffState;
      |                                             ^~~~~~~~~
      |                                             NSControlStateValueOn
/Applications/Xcode.app/Contents/Developer/Platforms/MacOSX.platform/Developer/SDKs/MacOSX27.0.sdk/System/Library/Frameworks/AppKit.framework/Headers/NSCell.h:355:34: note: 'NSOnState' has been explicitly marked deprecated here
  355 | static const NSControlStateValue NSOnState API_DEPRECATED_WITH_REPLACEMENT("NSControlStateValueOn", macos(10.0,10.14)) = NSControlStateValueOn;
      |                                  ^
/Users/cam/Documents/Projects/ultima-iv-web/vlc-thumbs/work/upstream/vlc-master-story005/extras/package/macosx/../../../modules/gui/macosx/menus/VLCMainMenu.m:2117:57: warning: 'NSOffState' is deprecated: first deprecated in macOS 10.14 [-Wdeprecated-declarations]
 2117 |         mi.state = _playerController.mute ? NSOnState : NSOffState;
      |                                                         ^~~~~~~~~~
      |                                                         NSControlStateValueOff
/Applications/Xcode.app/Contents/Developer/Platforms/MacOSX.platform/Developer/SDKs/MacOSX27.0.sdk/System/Library/Frameworks/AppKit.framework/Headers/NSCell.h:354:34: note: 'NSOffState' has been explicitly marked deprecated here
  354 | static const NSControlStateValue NSOffState API_DEPRECATED_WITH_REPLACEMENT("NSControlStateValueOff", macos(10.0,10.14)) = NSControlStateValueOff;
      |                                  ^
/Users/cam/Documents/Projects/ultima-iv-web/vlc-thumbs/work/upstream/vlc-master-story005/extras/package/macosx/../../../modules/gui/macosx/menus/VLCMainMenu.m:2137:66: warning: 'NSOnState' is deprecated: first deprecated in macOS 10.14 [-Wdeprecated-declarations]
 2137 |                 mi.state = var_GetBool(p_vout, "video-on-top") ? NSOnState : NSOffState;
      |                                                                  ^~~~~~~~~
      |                                                                  NSControlStateValueOn
/Applications/Xcode.app/Contents/Developer/Platforms/MacOSX.platform/Developer/SDKs/MacOSX27.0.sdk/System/Library/Frameworks/AppKit.framework/Headers/NSCell.h:355:34: note: 'NSOnState' has been explicitly marked deprecated here
  355 | static const NSControlStateValue NSOnState API_DEPRECATED_WITH_REPLACEMENT("NSControlStateValueOn", macos(10.0,10.14)) = NSControlStateValueOn;
      |                                  ^
/Users/cam/Documents/Projects/ultima-iv-web/vlc-thumbs/work/upstream/vlc-master-story005/extras/package/macosx/../../../modules/gui/macosx/menus/VLCMainMenu.m:2137:78: warning: 'NSOffState' is deprecated: first deprecated in macOS 10.14 [-Wdeprecated-declarations]
 2137 |                 mi.state = var_GetBool(p_vout, "video-on-top") ? NSOnState : NSOffState;
      |                                                                              ^~~~~~~~~~
      |                                                                              NSControlStateValueOff
/Applications/Xcode.app/Contents/Developer/Platforms/MacOSX.platform/Developer/SDKs/MacOSX27.0.sdk/System/Library/Frameworks/AppKit.framework/Headers/NSCell.h:354:34: note: 'NSOffState' has been explicitly marked deprecated here
  354 | static const NSControlStateValue NSOffState API_DEPRECATED_WITH_REPLACEMENT("NSControlStateValueOff", macos(10.0,10.14)) = NSControlStateValueOff;
      |                                  ^
/Users/cam/Documents/Projects/ultima-iv-web/vlc-thumbs/work/upstream/vlc-master-story005/extras/package/macosx/../../../modules/gui/macosx/menus/VLCMainMenu.m:2143:59: warning: 'NSOnState' is deprecated: first deprecated in macOS 10.14 [-Wdeprecated-declarations]
 2143 |                 mi.state = _playerController.fullscreen ? NSOnState : NSOffState;
      |                                                           ^~~~~~~~~
      |                                                           NSControlStateValueOn
/Applications/Xcode.app/Contents/Developer/Platforms/MacOSX.platform/Developer/SDKs/MacOSX27.0.sdk/System/Library/Frameworks/AppKit.framework/Headers/NSCell.h:355:34: note: 'NSOnState' has been explicitly marked deprecated here
  355 | static const NSControlStateValue NSOnState API_DEPRECATED_WITH_REPLACEMENT("NSControlStateValueOn", macos(10.0,10.14)) = NSControlStateValueOn;
      |                                  ^
/Users/cam/Documents/Projects/ultima-iv-web/vlc-thumbs/work/upstream/vlc-master-story005/extras/package/macosx/../../../modules/gui/macosx/menus/VLCMainMenu.m:2143:71: warning: 'NSOffState' is deprecated: first deprecated in macOS 10.14 [-Wdeprecated-declarations]
 2143 |                 mi.state = _playerController.fullscreen ? NSOnState : NSOffState;
      |                                                                       ^~~~~~~~~~
      |                                                                       NSControlStateValueOff
/Applications/Xcode.app/Contents/Developer/Platforms/MacOSX.platform/Developer/SDKs/MacOSX27.0.sdk/System/Library/Frameworks/AppKit.framework/Headers/NSCell.h:354:34: note: 'NSOffState' has been explicitly marked deprecated here
  354 | static const NSControlStateValue NSOffState API_DEPRECATED_WITH_REPLACEMENT("NSControlStateValueOff", macos(10.0,10.14)) = NSControlStateValueOff;
      |                                  ^
  OBJC     gui/macosx/menus/renderers/libmacosx_plugin_la-VLCRendererItem.lo
44 warnings generated.
  OBJC     gui/macosx/menus/renderers/libmacosx_plugin_la-VLCRendererMenuController.lo
/Users/cam/Documents/Projects/ultima-iv-web/vlc-thumbs/work/upstream/vlc-master-story005/extras/package/macosx/../../../modules/gui/macosx/menus/VLCStatusBarIcon.m:193:26: warning: 'setHighlightMode:' is deprecated: first deprecated in macOS 10.14 - Use the receiver's button.cell.highlightsBy instead [-Wdeprecated-declarations]
  193 |         [self.statusItem setHighlightMode:YES];
      |                          ^
/Applications/Xcode.app/Contents/Developer/Platforms/MacOSX.platform/Developer/SDKs/MacOSX27.0.sdk/System/Library/Frameworks/AppKit.framework/Headers/NSStatusItem.h:106:16: note: property 'highlightMode' is declared deprecated here
  106 | @property BOOL highlightMode API_DEPRECATED("Use the receiver's button.cell.highlightsBy instead", macos(10.0,10.14));
      |                ^
/Applications/Xcode.app/Contents/Developer/Platforms/MacOSX.platform/Developer/SDKs/MacOSX27.0.sdk/System/Library/Frameworks/AppKit.framework/Headers/NSStatusItem.h:106:16: note: 'setHighlightMode:' has been explicitly marked deprecated here
/Users/cam/Documents/Projects/ultima-iv-web/vlc-thumbs/work/upstream/vlc-master-story005/extras/package/macosx/../../../modules/gui/macosx/menus/VLCStatusBarIcon.m:194:26: warning: 'setEnabled:' is deprecated: first deprecated in macOS 10.14 - Use the receiver's button.enabled instead [-Wdeprecated-declarations]
  194 |         [self.statusItem setEnabled:YES];
      |                          ^
/Applications/Xcode.app/Contents/Developer/Platforms/MacOSX.platform/Developer/SDKs/MacOSX27.0.sdk/System/Library/Frameworks/AppKit.framework/Headers/NSStatusItem.h:105:35: note: property 'enabled' is declared deprecated here
  105 | @property (getter=isEnabled) BOOL enabled API_DEPRECATED("Use the receiver's button.enabled instead", macos(10.0,10.14));
      |                                   ^
/Applications/Xcode.app/Contents/Developer/Platforms/MacOSX.platform/Developer/SDKs/MacOSX27.0.sdk/System/Library/Frameworks/AppKit.framework/Headers/NSStatusItem.h:105:35: note: 'setEnabled:' has been explicitly marked deprecated here
/Users/cam/Documents/Projects/ultima-iv-web/vlc-thumbs/work/upstream/vlc-master-story005/extras/package/macosx/../../../modules/gui/macosx/menus/VLCStatusBarIcon.m:199:26: warning: 'setImage:' is deprecated: first deprecated in macOS 10.14 - Use the receiver's button.image instead [-Wdeprecated-declarations]
  199 |         [self.statusItem setImage:menuIcon];
      |                          ^
/Applications/Xcode.app/Contents/Developer/Platforms/MacOSX.platform/Developer/SDKs/MacOSX27.0.sdk/System/Library/Frameworks/AppKit.framework/Headers/NSStatusItem.h:103:39: note: property 'image' is declared deprecated here
  103 | @property (nullable, strong) NSImage *image API_DEPRECATED("Use the receiver's button.image instead", macos(10.0,10.14));
      |                                       ^
/Applications/Xcode.app/Contents/Developer/Platforms/MacOSX.platform/Developer/SDKs/MacOSX27.0.sdk/System/Library/Frameworks/AppKit.framework/Headers/NSStatusItem.h:103:39: note: 'setImage:' has been explicitly marked deprecated here
/Users/cam/Documents/Projects/ultima-iv-web/vlc-thumbs/work/upstream/vlc-master-story005/extras/package/macosx/../../../modules/gui/macosx/menus/VLCStatusBarIcon.m:407:125: warning: 'NSOnState' is deprecated: first deprecated in macOS 10.14 [-Wdeprecated-declarations]
  407 |     [randomButton setState:VLCMain.sharedInstance.playQueueController.playbackOrder == VLC_PLAYLIST_PLAYBACK_ORDER_RANDOM ? NSOnState : NSOffState];
      |                                                                                                                             ^~~~~~~~~
      |                                                                                                                             NSControlStateValueOn
/Applications/Xcode.app/Contents/Developer/Platforms/MacOSX.platform/Developer/SDKs/MacOSX27.0.sdk/System/Library/Frameworks/AppKit.framework/Headers/NSCell.h:355:34: note: 'NSOnState' has been explicitly marked deprecated here
  355 | static const NSControlStateValue NSOnState API_DEPRECATED_WITH_REPLACEMENT("NSControlStateValueOn", macos(10.0,10.14)) = NSControlStateValueOn;
      |                                  ^
/Users/cam/Documents/Projects/ultima-iv-web/vlc-thumbs/work/upstream/vlc-master-story005/extras/package/macosx/../../../modules/gui/macosx/menus/VLCStatusBarIcon.m:407:137: warning: 'NSOffState' is deprecated: first deprecated in macOS 10.14 [-Wdeprecated-declarations]
  407 |     [randomButton setState:VLCMain.sharedInstance.playQueueController.playbackOrder == VLC_PLAYLIST_PLAYBACK_ORDER_RANDOM ? NSOnState : NSOffState];
      |                                                                                                                                         ^~~~~~~~~~
      |                                                                                                                                         NSControlStateValueOff
/Applications/Xcode.app/Contents/Developer/Platforms/MacOSX.platform/Developer/SDKs/MacOSX27.0.sdk/System/Library/Frameworks/AppKit.framework/Headers/NSCell.h:354:34: note: 'NSOffState' has been explicitly marked deprecated here
  354 | static const NSControlStateValue NSOffState API_DEPRECATED_WITH_REPLACEMENT("NSControlStateValueOff", macos(10.0,10.14)) = NSControlStateValueOff;
      |                                  ^
/Users/cam/Documents/Projects/ultima-iv-web/vlc-thumbs/work/upstream/vlc-master-story005/extras/package/macosx/../../../modules/gui/macosx/menus/VLCStatusBarIcon.m:432:35: warning: 'NSOffState' is deprecated: first deprecated in macOS 10.14 [-Wdeprecated-declarations]
  432 |         [playPauseButton setState:NSOffState];
      |                                   ^~~~~~~~~~
      |                                   NSControlStateValueOff
/Applications/Xcode.app/Contents/Developer/Platforms/MacOSX.platform/Developer/SDKs/MacOSX27.0.sdk/System/Library/Frameworks/AppKit.framework/Headers/NSCell.h:354:34: note: 'NSOffState' has been explicitly marked deprecated here
  354 | static const NSControlStateValue NSOffState API_DEPRECATED_WITH_REPLACEMENT("NSControlStateValueOff", macos(10.0,10.14)) = NSControlStateValueOff;
      |                                  ^
/Users/cam/Documents/Projects/ultima-iv-web/vlc-thumbs/work/upstream/vlc-master-story005/extras/package/macosx/../../../modules/gui/macosx/menus/VLCStatusBarIcon.m:434:35: warning: 'NSOnState' is deprecated: first deprecated in macOS 10.14 [-Wdeprecated-declarations]
  434 |         [playPauseButton setState:NSOnState];
      |                                   ^~~~~~~~~
      |                                   NSControlStateValueOn
/Applications/Xcode.app/Contents/Developer/Platforms/MacOSX.platform/Developer/SDKs/MacOSX27.0.sdk/System/Library/Frameworks/AppKit.framework/Headers/NSCell.h:355:34: note: 'NSOnState' has been explicitly marked deprecated here
  355 | static const NSControlStateValue NSOnState API_DEPRECATED_WITH_REPLACEMENT("NSControlStateValueOn", macos(10.0,10.14)) = NSControlStateValueOn;
      |                                  ^
7 warnings generated.
  OBJC     gui/macosx/os-integration/libmacosx_plugin_la-VLCClickerManager.lo
  OBJC     gui/macosx/os-integration/libmacosx_plugin_la-VLCSystemVolume.lo
  OBJC     gui/macosx/os-integration/libmacosx_plugin_la-VLCDocumentController.lo
/Users/cam/Documents/Projects/ultima-iv-web/vlc-thumbs/work/upstream/vlc-master-story005/extras/package/macosx/../../../modules/gui/macosx/menus/renderers/VLCRendererMenuController.m:191:33: warning: 'NSOffState' is deprecated: first deprecated in macOS 10.14 [-Wdeprecated-declarations]
  191 |     [_rendererNoneItem setState:NSOffState];
      |                                 ^~~~~~~~~~
      |                                 NSControlStateValueOff
/Applications/Xcode.app/Contents/Developer/Platforms/MacOSX.platform/Developer/SDKs/MacOSX27.0.sdk/System/Library/Frameworks/AppKit.framework/Headers/NSCell.h:354:34: note: 'NSOffState' has been explicitly marked deprecated here
  354 | static const NSControlStateValue NSOffState API_DEPRECATED_WITH_REPLACEMENT("NSControlStateValueOff", macos(10.0,10.14)) = NSControlStateValueOff;
      |                                  ^
/Users/cam/Documents/Projects/ultima-iv-web/vlc-thumbs/work/upstream/vlc-master-story005/extras/package/macosx/../../../modules/gui/macosx/menus/renderers/VLCRendererMenuController.m:193:29: warning: 'NSOffState' is deprecated: first deprecated in macOS 10.14 [-Wdeprecated-declarations]
  193 |     [_selectedItem setState:NSOffState];
      |                             ^~~~~~~~~~
      |                             NSControlStateValueOff
/Applications/Xcode.app/Contents/Developer/Platforms/MacOSX.platform/Developer/SDKs/MacOSX27.0.sdk/System/Library/Frameworks/AppKit.framework/Headers/NSCell.h:354:34: note: 'NSOffState' has been explicitly marked deprecated here
  354 | static const NSControlStateValue NSOffState API_DEPRECATED_WITH_REPLACEMENT("NSControlStateValueOff", macos(10.0,10.14)) = NSControlStateValueOff;
      |                                  ^
/Users/cam/Documents/Projects/ultima-iv-web/vlc-thumbs/work/upstream/vlc-master-story005/extras/package/macosx/../../../modules/gui/macosx/menus/renderers/VLCRendererMenuController.m:194:22: warning: 'NSOnState' is deprecated: first deprecated in macOS 10.14 [-Wdeprecated-declarations]
  194 |     [sender setState:NSOnState];
      |                      ^~~~~~~~~
      |                      NSControlStateValueOn
/Applications/Xcode.app/Contents/Developer/Platforms/MacOSX.platform/Developer/SDKs/MacOSX27.0.sdk/System/Library/Frameworks/AppKit.framework/Headers/NSCell.h:355:34: note: 'NSOnState' has been explicitly marked deprecated here
  355 | static const NSControlStateValue NSOnState API_DEPRECATED_WITH_REPLACEMENT("NSControlStateValueOn", macos(10.0,10.14)) = NSControlStateValueOn;
      |                                  ^
3 warnings generated.
  OBJC     gui/macosx/os-integration/libmacosx_plugin_la-VLCKeyboardBacklightControl.lo
  OBJC     gui/macosx/os-integration/libmacosx_plugin_la-VLCRemoteControlService.lo
/Users/cam/Documents/Projects/ultima-iv-web/vlc-thumbs/work/upstream/vlc-master-story005/extras/package/macosx/../../../modules/gui/macosx/os-integration/VLCSystemVolume.m:32:19: warning: 'kAudioObjectPropertyElementMaster' is deprecated: first deprecated in macOS 12.0 [-Wdeprecated-declarations]
   32 |     .mElement   = kAudioObjectPropertyElementMaster,
      |                   ^~~~~~~~~~~~~~~~~~~~~~~~~~~~~~~~~
      |                   kAudioObjectPropertyElementMain
/Applications/Xcode.app/Contents/Developer/Platforms/MacOSX.platform/Developer/SDKs/MacOSX27.0.sdk/System/Library/Frameworks/CoreAudio.framework/Headers/AudioHardwareBase.h:208:5: note: 'kAudioObjectPropertyElementMaster' has been explicitly marked deprecated here
  208 |     kAudioObjectPropertyElementMaster API_DEPRECATED_WITH_REPLACEMENT("kAudioObjectPropertyElementMain", macos(10.0, 12.0), ios(2.0, 15.0), watchos(1.0, 8.0), tvos(9.0, 15.0))    = kAudioObjectPropertyElementMain
      |     ^
/Users/cam/Documents/Projects/ultima-iv-web/vlc-thumbs/work/upstream/vlc-master-story005/extras/package/macosx/../../../modules/gui/macosx/os-integration/VLCSystemVolume.m:42:23: warning: 'kAudioObjectPropertyElementMaster' is deprecated: first deprecated in macOS 12.0 [-Wdeprecated-declarations]
   42 |         .mElement   = kAudioObjectPropertyElementMaster,
      |                       ^~~~~~~~~~~~~~~~~~~~~~~~~~~~~~~~~
      |                       kAudioObjectPropertyElementMain
/Applications/Xcode.app/Contents/Developer/Platforms/MacOSX.platform/Developer/SDKs/MacOSX27.0.sdk/System/Library/Frameworks/CoreAudio.framework/Headers/AudioHardwareBase.h:208:5: note: 'kAudioObjectPropertyElementMaster' has been explicitly marked deprecated here
  208 |     kAudioObjectPropertyElementMaster API_DEPRECATED_WITH_REPLACEMENT("kAudioObjectPropertyElementMain", macos(10.0, 12.0), ios(2.0, 15.0), watchos(1.0, 8.0), tvos(9.0, 15.0))    = kAudioObjectPropertyElementMain
      |     ^
2 warnings generated.
  OBJC     gui/macosx/os-integration/libmacosx_plugin_la-applescript.lo
  OBJC     gui/macosx/panels/libmacosx_plugin_la-VLCAudioEffectsWindowController.lo
/Users/cam/Documents/Projects/ultima-iv-web/vlc-thumbs/work/upstream/vlc-master-story005/extras/package/macosx/../../../modules/gui/macosx/os-integration/VLCKeyboardBacklightControl.m:63:62: warning: 'kIOMasterPortDefault' is deprecated: first deprecated in macOS 12.0 [-Wdeprecated-declarations]
   63 |     io_service_t serviceObject = IOServiceGetMatchingService(kIOMasterPortDefault, IOServiceMatching("AppleLMUController"));
      |                                                              ^~~~~~~~~~~~~~~~~~~~
      |                                                              kIOMainPortDefault
/Applications/Xcode.app/Contents/Developer/Platforms/MacOSX.platform/Developer/SDKs/MacOSX27.0.sdk/System/Library/Frameworks/IOKit.framework/Headers/IOKitLib.h:133:19: note: 'kIOMasterPortDefault' has been explicitly marked deprecated here
  133 | const mach_port_t kIOMasterPortDefault
      |                   ^
1 warning generated.
  OBJC     gui/macosx/panels/libmacosx_plugin_la-VLCBookmarksWindowController.lo
  OBJC     gui/macosx/panels/libmacosx_plugin_la-VLCInformationWindowController.lo
  OBJC     gui/macosx/panels/libmacosx_plugin_la-VLCTimeSelectionPanelController.lo
/Users/cam/Documents/Projects/ultima-iv-web/vlc-thumbs/work/upstream/vlc-master-story005/extras/package/macosx/../../../modules/gui/macosx/panels/VLCAudioEffectsWindowController.m:446:40: warning: 'NSOffState' is deprecated: first deprecated in macOS 10.14 [-Wdeprecated-declarations]
  446 |     if (_applyProfileCheckbox.state == NSOffState)
      |                                        ^~~~~~~~~~
      |                                        NSControlStateValueOff
/Applications/Xcode.app/Contents/Developer/Platforms/MacOSX.platform/Developer/SDKs/MacOSX27.0.sdk/System/Library/Frameworks/AppKit.framework/Headers/NSCell.h:354:34: note: 'NSOffState' has been explicitly marked deprecated here
  354 | static const NSControlStateValue NSOffState API_DEPRECATED_WITH_REPLACEMENT("NSControlStateValueOff", macos(10.0,10.14)) = NSControlStateValueOff;
      |                                  ^
/Users/cam/Documents/Projects/ultima-iv-web/vlc-thumbs/work/upstream/vlc-master-story005/extras/package/macosx/../../../modules/gui/macosx/panels/VLCAudioEffectsWindowController.m:977:63: warning: 'NSOnState' is deprecated: first deprecated in macOS 10.14 [-Wdeprecated-declarations]
  977 |     [_compressorEnableCheckbox setState:(bEnable_compressor ? NSOnState : NSOffState)];
      |                                                               ^~~~~~~~~
      |                                                               NSControlStateValueOn
/Applications/Xcode.app/Contents/Developer/Platforms/MacOSX.platform/Developer/SDKs/MacOSX27.0.sdk/System/Library/Frameworks/AppKit.framework/Headers/NSCell.h:355:34: note: 'NSOnState' has been explicitly marked deprecated here
  355 | static const NSControlStateValue NSOnState API_DEPRECATED_WITH_REPLACEMENT("NSControlStateValueOn", macos(10.0,10.14)) = NSControlStateValueOn;
      |                                  ^
/Users/cam/Documents/Projects/ultima-iv-web/vlc-thumbs/work/upstream/vlc-master-story005/extras/package/macosx/../../../modules/gui/macosx/panels/VLCAudioEffectsWindowController.m:977:75: warning: 'NSOffState' is deprecated: first deprecated in macOS 10.14 [-Wdeprecated-declarations]
  977 |     [_compressorEnableCheckbox setState:(bEnable_compressor ? NSOnState : NSOffState)];
      |                                                                           ^~~~~~~~~~
      |                                                                           NSControlStateValueOff
/Applications/Xcode.app/Contents/Developer/Platforms/MacOSX.platform/Developer/SDKs/MacOSX27.0.sdk/System/Library/Frameworks/AppKit.framework/Headers/NSCell.h:354:34: note: 'NSOffState' has been explicitly marked deprecated here
  354 | static const NSControlStateValue NSOffState API_DEPRECATED_WITH_REPLACEMENT("NSControlStateValueOff", macos(10.0,10.14)) = NSControlStateValueOff;
      |                                  ^
/Users/cam/Documents/Projects/ultima-iv-web/vlc-thumbs/work/upstream/vlc-master-story005/extras/package/macosx/../../../modules/gui/macosx/panels/VLCAudioEffectsWindowController.m:1080:65: warning: 'NSOnState' is deprecated: first deprecated in macOS 10.14 [-Wdeprecated-declarations]
 1080 |     [_spatializerEnableCheckbox setState:(bEnable_spatializer ? NSOnState : NSOffState)];
      |                                                                 ^~~~~~~~~
      |                                                                 NSControlStateValueOn
/Applications/Xcode.app/Contents/Developer/Platforms/MacOSX.platform/Developer/SDKs/MacOSX27.0.sdk/System/Library/Frameworks/AppKit.framework/Headers/NSCell.h:355:34: note: 'NSOnState' has been explicitly marked deprecated here
  355 | static const NSControlStateValue NSOnState API_DEPRECATED_WITH_REPLACEMENT("NSControlStateValueOn", macos(10.0,10.14)) = NSControlStateValueOn;
      |                                  ^
/Users/cam/Documents/Projects/ultima-iv-web/vlc-thumbs/work/upstream/vlc-master-story005/extras/package/macosx/../../../modules/gui/macosx/panels/VLCAudioEffectsWindowController.m:1080:77: warning: 'NSOffState' is deprecated: first deprecated in macOS 10.14 [-Wdeprecated-declarations]
 1080 |     [_spatializerEnableCheckbox setState:(bEnable_spatializer ? NSOnState : NSOffState)];
      |                                                                             ^~~~~~~~~~
      |                                                                             NSControlStateValueOff
/Applications/Xcode.app/Contents/Developer/Platforms/MacOSX.platform/Developer/SDKs/MacOSX27.0.sdk/System/Library/Frameworks/AppKit.framework/Headers/NSCell.h:354:34: note: 'NSOffState' has been explicitly marked deprecated here
  354 | static const NSControlStateValue NSOffState API_DEPRECATED_WITH_REPLACEMENT("NSControlStateValueOff", macos(10.0,10.14)) = NSControlStateValueOff;
      |                                  ^
/Users/cam/Documents/Projects/ultima-iv-web/vlc-thumbs/work/upstream/vlc-master-story005/extras/package/macosx/../../../modules/gui/macosx/panels/VLCAudioEffectsWindowController.m:1172:45: warning: 'NSOffState' is deprecated: first deprecated in macOS 10.14 [-Wdeprecated-declarations]
 1172 |         [_filterHeadPhoneCheckbox setState: NSOffState];
      |                                             ^~~~~~~~~~
      |                                             NSControlStateValueOff
/Applications/Xcode.app/Contents/Developer/Platforms/MacOSX.platform/Developer/SDKs/MacOSX27.0.sdk/System/Library/Frameworks/AppKit.framework/Headers/NSCell.h:354:34: note: 'NSOffState' has been explicitly marked deprecated here
  354 | static const NSControlStateValue NSOffState API_DEPRECATED_WITH_REPLACEMENT("NSControlStateValueOff", macos(10.0,10.14)) = NSControlStateValueOff;
      |                                  ^
/Users/cam/Documents/Projects/ultima-iv-web/vlc-thumbs/work/upstream/vlc-master-story005/extras/package/macosx/../../../modules/gui/macosx/panels/VLCAudioEffectsWindowController.m:1173:43: warning: 'NSOffState' is deprecated: first deprecated in macOS 10.14 [-Wdeprecated-declarations]
 1173 |         [_filterKaraokeCheckbox setState: NSOffState];
      |                                           ^~~~~~~~~~
      |                                           NSControlStateValueOff
/Applications/Xcode.app/Contents/Developer/Platforms/MacOSX.platform/Developer/SDKs/MacOSX27.0.sdk/System/Library/Frameworks/AppKit.framework/Headers/NSCell.h:354:34: note: 'NSOffState' has been explicitly marked deprecated here
  354 | static const NSControlStateValue NSOffState API_DEPRECATED_WITH_REPLACEMENT("NSControlStateValueOff", macos(10.0,10.14)) = NSControlStateValueOff;
      |                                  ^
/Users/cam/Documents/Projects/ultima-iv-web/vlc-thumbs/work/upstream/vlc-master-story005/extras/package/macosx/../../../modules/gui/macosx/panels/VLCAudioEffectsWindowController.m:1174:46: warning: 'NSOffState' is deprecated: first deprecated in macOS 10.14 [-Wdeprecated-declarations]
 1174 |         [_filterScaleTempoCheckbox setState: NSOffState];
      |                                              ^~~~~~~~~~
      |                                              NSControlStateValueOff
/Applications/Xcode.app/Contents/Developer/Platforms/MacOSX.platform/Developer/SDKs/MacOSX27.0.sdk/System/Library/Frameworks/AppKit.framework/Headers/NSCell.h:354:34: note: 'NSOffState' has been explicitly marked deprecated here
  354 | static const NSControlStateValue NSOffState API_DEPRECATED_WITH_REPLACEMENT("NSControlStateValueOff", macos(10.0,10.14)) = NSControlStateValueOff;
      |                                  ^
/Users/cam/Documents/Projects/ultima-iv-web/vlc-thumbs/work/upstream/vlc-master-story005/extras/package/macosx/../../../modules/gui/macosx/panels/VLCAudioEffectsWindowController.m:1175:50: warning: 'NSOffState' is deprecated: first deprecated in macOS 10.14 [-Wdeprecated-declarations]
 1175 |         [_filterStereoEnhancerCheckbox setState: NSOffState];
      |                                                  ^~~~~~~~~~
      |                                                  NSControlStateValueOff
/Applications/Xcode.app/Contents/Developer/Platforms/MacOSX.platform/Developer/SDKs/MacOSX27.0.sdk/System/Library/Frameworks/AppKit.framework/Headers/NSCell.h:354:34: note: 'NSOffState' has been explicitly marked deprecated here
  354 | static const NSControlStateValue NSOffState API_DEPRECATED_WITH_REPLACEMENT("NSControlStateValueOff", macos(10.0,10.14)) = NSControlStateValueOff;
      |                                  ^
/Users/cam/Documents/Projects/ultima-iv-web/vlc-thumbs/work/upstream/vlc-master-story005/extras/package/macosx/../../../modules/gui/macosx/panels/VLCAudioEffectsWindowController.m:1180:59: warning: 'NSOnState' is deprecated: first deprecated in macOS 10.14 [-Wdeprecated-declarations]
 1180 |     [_filterNormLevelCheckbox setState:(bEnable_normvol ? NSOnState : NSOffState)];
      |                                                           ^~~~~~~~~
      |                                                           NSControlStateValueOn
/Applications/Xcode.app/Contents/Developer/Platforms/MacOSX.platform/Developer/SDKs/MacOSX27.0.sdk/System/Library/Frameworks/AppKit.framework/Headers/NSCell.h:355:34: note: 'NSOnState' has been explicitly marked deprecated here
  355 | static const NSControlStateValue NSOnState API_DEPRECATED_WITH_REPLACEMENT("NSControlStateValueOn", macos(10.0,10.14)) = NSControlStateValueOn;
      |                                  ^
/Users/cam/Documents/Projects/ultima-iv-web/vlc-thumbs/work/upstream/vlc-master-story005/extras/package/macosx/../../../modules/gui/macosx/panels/VLCAudioEffectsWindowController.m:1180:71: warning: 'NSOffState' is deprecated: first deprecated in macOS 10.14 [-Wdeprecated-declarations]
 1180 |     [_filterNormLevelCheckbox setState:(bEnable_normvol ? NSOnState : NSOffState)];
      |                                                                       ^~~~~~~~~~
      |                                                                       NSControlStateValueOff
/Applications/Xcode.app/Contents/Developer/Platforms/MacOSX.platform/Developer/SDKs/MacOSX27.0.sdk/System/Library/Frameworks/AppKit.framework/Headers/NSCell.h:354:34: note: 'NSOffState' has been explicitly marked deprecated here
  354 | static const NSControlStateValue NSOffState API_DEPRECATED_WITH_REPLACEMENT("NSControlStateValueOff", macos(10.0,10.14)) = NSControlStateValueOff;
      |                                  ^
11 warnings generated.
  OBJC     gui/macosx/panels/libmacosx_plugin_la-VLCTrackSynchronizationWindowController.lo
  OBJC     gui/macosx/panels/libmacosx_plugin_la-VLCVideoEffectsWindowController.lo
  OBJC     gui/macosx/panels/bookmarks/libmacosx_plugin_la-VLCBookmark.lo
/Users/cam/Documents/Projects/ultima-iv-web/vlc-thumbs/work/upstream/vlc-master-story005/extras/package/macosx/../../../modules/gui/macosx/panels/VLCInformationWindowController.m:689:12: warning: 'setAllowedFileTypes:' is deprecated: first deprecated in macOS 12.0 - Use -allowedContentTypes instead [-Wdeprecated-declarations]
  689 |     [panel setAllowedFileTypes:@[@"png", @"jpg", @"jpeg", @"gif", @"tiff", @"tif", @"bmp"]];
      |            ^
/Applications/Xcode.app/Contents/Developer/Platforms/MacOSX.platform/Developer/SDKs/MacOSX27.0.sdk/System/Library/Frameworks/AppKit.framework/Headers/NSSavePanel.h:289:49: note: property 'allowedFileTypes' is declared deprecated here
  289 | @property (nullable, copy) NSArray<NSString *> *allowedFileTypes API_DEPRECATED("Use -allowedContentTypes instead", macos(10.3,12.0));
      |                                                 ^
/Applications/Xcode.app/Contents/Developer/Platforms/MacOSX.platform/Developer/SDKs/MacOSX27.0.sdk/System/Library/Frameworks/AppKit.framework/Headers/NSSavePanel.h:289:49: note: 'setAllowedFileTypes:' has been explicitly marked deprecated here
1 warning generated.
  OBJC     gui/macosx/panels/bookmarks/libmacosx_plugin_la-VLCBookmarksTableViewDataSource.lo
  OBJC     gui/macosx/panels/bookmarks/libmacosx_plugin_la-VLCBookmarksTableViewDelegate.lo
  OBJC     gui/macosx/panels/dialogs/libmacosx_plugin_la-VLCCoreDialogProvider.lo
/Users/cam/Documents/Projects/ultima-iv-web/vlc-thumbs/work/upstream/vlc-master-story005/extras/package/macosx/../../../modules/gui/macosx/panels/VLCVideoEffectsWindowController.m:516:43: warning: 'NSOnState' is deprecated: first deprecated in macOS 10.14 [-Wdeprecated-declarations]
  516 |             [widget setState: val.i_int ? NSOnState : NSOffState];
      |                                           ^~~~~~~~~
      |                                           NSControlStateValueOn
/Applications/Xcode.app/Contents/Developer/Platforms/MacOSX.platform/Developer/SDKs/MacOSX27.0.sdk/System/Library/Frameworks/AppKit.framework/Headers/NSCell.h:355:34: note: 'NSOnState' has been explicitly marked deprecated here
  355 | static const NSControlStateValue NSOnState API_DEPRECATED_WITH_REPLACEMENT("NSControlStateValueOn", macos(10.0,10.14)) = NSControlStateValueOn;
      |                                  ^
/Users/cam/Documents/Projects/ultima-iv-web/vlc-thumbs/work/upstream/vlc-master-story005/extras/package/macosx/../../../modules/gui/macosx/panels/VLCVideoEffectsWindowController.m:516:55: warning: 'NSOffState' is deprecated: first deprecated in macOS 10.14 [-Wdeprecated-declarations]
  516 |             [widget setState: val.i_int ? NSOnState : NSOffState];
      |                                                       ^~~~~~~~~~
      |                                                       NSControlStateValueOff
/Applications/Xcode.app/Contents/Developer/Platforms/MacOSX.platform/Developer/SDKs/MacOSX27.0.sdk/System/Library/Frameworks/AppKit.framework/Headers/NSCell.h:354:34: note: 'NSOffState' has been explicitly marked deprecated here
  354 | static const NSControlStateValue NSOffState API_DEPRECATED_WITH_REPLACEMENT("NSControlStateValueOff", macos(10.0,10.14)) = NSControlStateValueOff;
      |                                  ^
/Users/cam/Documents/Projects/ultima-iv-web/vlc-thumbs/work/upstream/vlc-master-story005/extras/package/macosx/../../../modules/gui/macosx/panels/VLCVideoEffectsWindowController.m:590:36: warning: 'NSOffState' is deprecated: first deprecated in macOS 10.14 [-Wdeprecated-declarations]
  590 |         [_adjustCheckbox setState: NSOffState];
      |                                    ^~~~~~~~~~
      |                                    NSControlStateValueOff
/Applications/Xcode.app/Contents/Developer/Platforms/MacOSX.platform/Developer/SDKs/MacOSX27.0.sdk/System/Library/Frameworks/AppKit.framework/Headers/NSCell.h:354:34: note: 'NSOffState' has been explicitly marked deprecated here
  354 | static const NSControlStateValue NSOffState API_DEPRECATED_WITH_REPLACEMENT("NSControlStateValueOff", macos(10.0,10.14)) = NSControlStateValueOff;
      |                                  ^
/Users/cam/Documents/Projects/ultima-iv-web/vlc-thumbs/work/upstream/vlc-master-story005/extras/package/macosx/../../../modules/gui/macosx/panels/VLCVideoEffectsWindowController.m:591:37: warning: 'NSOffState' is deprecated: first deprecated in macOS 10.14 [-Wdeprecated-declarations]
  591 |         [_sharpenCheckbox setState: NSOffState];
      |                                     ^~~~~~~~~~
      |                                     NSControlStateValueOff
/Applications/Xcode.app/Contents/Developer/Platforms/MacOSX.platform/Developer/SDKs/MacOSX27.0.sdk/System/Library/Frameworks/AppKit.framework/Headers/NSCell.h:354:34: note: 'NSOffState' has been explicitly marked deprecated here
  354 | static const NSControlStateValue NSOffState API_DEPRECATED_WITH_REPLACEMENT("NSControlStateValueOff", macos(10.0,10.14)) = NSControlStateValueOff;
      |                                  ^
/Users/cam/Documents/Projects/ultima-iv-web/vlc-thumbs/work/upstream/vlc-master-story005/extras/package/macosx/../../../modules/gui/macosx/panels/VLCVideoEffectsWindowController.m:592:37: warning: 'NSOffState' is deprecated: first deprecated in macOS 10.14 [-Wdeprecated-declarations]
  592 |         [_bandingCheckbox setState: NSOffState];
      |                                     ^~~~~~~~~~
      |                                     NSControlStateValueOff
/Applications/Xcode.app/Contents/Developer/Platforms/MacOSX.platform/Developer/SDKs/MacOSX27.0.sdk/System/Library/Frameworks/AppKit.framework/Headers/NSCell.h:354:34: note: 'NSOffState' has been explicitly marked deprecated here
  354 | static const NSControlStateValue NSOffState API_DEPRECATED_WITH_REPLACEMENT("NSControlStateValueOff", macos(10.0,10.14)) = NSControlStateValueOff;
      |                                  ^
/Users/cam/Documents/Projects/ultima-iv-web/vlc-thumbs/work/upstream/vlc-master-story005/extras/package/macosx/../../../modules/gui/macosx/panels/VLCVideoEffectsWindowController.m:593:35: warning: 'NSOffState' is deprecated: first deprecated in macOS 10.14 [-Wdeprecated-declarations]
  593 |         [_grainCheckbox setState: NSOffState];
      |                                   ^~~~~~~~~~
      |                                   NSControlStateValueOff
/Applications/Xcode.app/Contents/Developer/Platforms/MacOSX.platform/Developer/SDKs/MacOSX27.0.sdk/System/Library/Frameworks/AppKit.framework/Headers/NSCell.h:354:34: note: 'NSOffState' has been explicitly marked deprecated here
  354 | static const NSControlStateValue NSOffState API_DEPRECATED_WITH_REPLACEMENT("NSControlStateValueOff", macos(10.0,10.14)) = NSControlStateValueOff;
      |                                  ^
/Users/cam/Documents/Projects/ultima-iv-web/vlc-thumbs/work/upstream/vlc-master-story005/extras/package/macosx/../../../modules/gui/macosx/panels/VLCVideoEffectsWindowController.m:594:39: warning: 'NSOffState' is deprecated: first deprecated in macOS 10.14 [-Wdeprecated-declarations]
  594 |         [_transformCheckbox setState: NSOffState];
      |                                       ^~~~~~~~~~
      |                                       NSControlStateValueOff
/Applications/Xcode.app/Contents/Developer/Platforms/MacOSX.platform/Developer/SDKs/MacOSX27.0.sdk/System/Library/Frameworks/AppKit.framework/Headers/NSCell.h:354:34: note: 'NSOffState' has been explicitly marked deprecated here
  354 | static const NSControlStateValue NSOffState API_DEPRECATED_WITH_REPLACEMENT("NSControlStateValueOff", macos(10.0,10.14)) = NSControlStateValueOff;
      |                                  ^
/Users/cam/Documents/Projects/ultima-iv-web/vlc-thumbs/work/upstream/vlc-master-story005/extras/package/macosx/../../../modules/gui/macosx/panels/VLCVideoEffectsWindowController.m:595:34: warning: 'NSOffState' is deprecated: first deprecated in macOS 10.14 [-Wdeprecated-declarations]
  595 |         [_zoomCheckbox setState: NSOffState];
      |                                  ^~~~~~~~~~
      |                                  NSControlStateValueOff
/Applications/Xcode.app/Contents/Developer/Platforms/MacOSX.platform/Developer/SDKs/MacOSX27.0.sdk/System/Library/Frameworks/AppKit.framework/Headers/NSCell.h:354:34: note: 'NSOffState' has been explicitly marked deprecated here
  354 | static const NSControlStateValue NSOffState API_DEPRECATED_WITH_REPLACEMENT("NSControlStateValueOff", macos(10.0,10.14)) = NSControlStateValueOff;
      |                                  ^
/Users/cam/Documents/Projects/ultima-iv-web/vlc-thumbs/work/upstream/vlc-master-story005/extras/package/macosx/../../../modules/gui/macosx/panels/VLCVideoEffectsWindowController.m:596:36: warning: 'NSOffState' is deprecated: first deprecated in macOS 10.14 [-Wdeprecated-declarations]
  596 |         [_puzzleCheckbox setState: NSOffState];
      |                                    ^~~~~~~~~~
      |                                    NSControlStateValueOff
/Applications/Xcode.app/Contents/Developer/Platforms/MacOSX.platform/Developer/SDKs/MacOSX27.0.sdk/System/Library/Frameworks/AppKit.framework/Headers/NSCell.h:354:34: note: 'NSOffState' has been explicitly marked deprecated here
  354 | static const NSControlStateValue NSOffState API_DEPRECATED_WITH_REPLACEMENT("NSControlStateValueOff", macos(10.0,10.14)) = NSControlStateValueOff;
      |                                  ^
/Users/cam/Documents/Projects/ultima-iv-web/vlc-thumbs/work/upstream/vlc-master-story005/extras/package/macosx/../../../modules/gui/macosx/panels/VLCVideoEffectsWindowController.m:597:39: warning: 'NSOffState' is deprecated: first deprecated in macOS 10.14 [-Wdeprecated-declarations]
  597 |         [_thresholdCheckbox setState: NSOffState];
      |                                       ^~~~~~~~~~
      |                                       NSControlStateValueOff
/Applications/Xcode.app/Contents/Developer/Platforms/MacOSX.platform/Developer/SDKs/MacOSX27.0.sdk/System/Library/Frameworks/AppKit.framework/Headers/NSCell.h:354:34: note: 'NSOffState' has been explicitly marked deprecated here
  354 | static const NSControlStateValue NSOffState API_DEPRECATED_WITH_REPLACEMENT("NSControlStateValueOff", macos(10.0,10.14)) = NSControlStateValueOff;
      |                                  ^
/Users/cam/Documents/Projects/ultima-iv-web/vlc-thumbs/work/upstream/vlc-master-story005/extras/package/macosx/../../../modules/gui/macosx/panels/VLCVideoEffectsWindowController.m:598:35: warning: 'NSOffState' is deprecated: first deprecated in macOS 10.14 [-Wdeprecated-declarations]
  598 |         [_sepiaCheckbox setState: NSOffState];
      |                                   ^~~~~~~~~~
      |                                   NSControlStateValueOff
/Applications/Xcode.app/Contents/Developer/Platforms/MacOSX.platform/Developer/SDKs/MacOSX27.0.sdk/System/Library/Frameworks/AppKit.framework/Headers/NSCell.h:354:34: note: 'NSOffState' has been explicitly marked deprecated here
  354 | static const NSControlStateValue NSOffState API_DEPRECATED_WITH_REPLACEMENT("NSControlStateValueOff", macos(10.0,10.14)) = NSControlStateValueOff;
      |                                  ^
/Users/cam/Documents/Projects/ultima-iv-web/vlc-thumbs/work/upstream/vlc-master-story005/extras/package/macosx/../../../modules/gui/macosx/panels/VLCVideoEffectsWindowController.m:599:38: warning: 'NSOffState' is deprecated: first deprecated in macOS 10.14 [-Wdeprecated-declarations]
  599 |         [_gradientCheckbox setState: NSOffState];
      |                                      ^~~~~~~~~~
      |                                      NSControlStateValueOff
/Applications/Xcode.app/Contents/Developer/Platforms/MacOSX.platform/Developer/SDKs/MacOSX27.0.sdk/System/Library/Frameworks/AppKit.framework/Headers/NSCell.h:354:34: note: 'NSOffState' has been explicitly marked deprecated here
  354 | static const NSControlStateValue NSOffState API_DEPRECATED_WITH_REPLACEMENT("NSControlStateValueOff", macos(10.0,10.14)) = NSControlStateValueOff;
      |                                  ^
/Users/cam/Documents/Projects/ultima-iv-web/vlc-thumbs/work/upstream/vlc-master-story005/extras/package/macosx/../../../modules/gui/macosx/panels/VLCVideoEffectsWindowController.m:600:37: warning: 'NSOffState' is deprecated: first deprecated in macOS 10.14 [-Wdeprecated-declarations]
  600 |         [_extractCheckbox setState: NSOffState];
      |                                     ^~~~~~~~~~
      |                                     NSControlStateValueOff
/Applications/Xcode.app/Contents/Developer/Platforms/MacOSX.platform/Developer/SDKs/MacOSX27.0.sdk/System/Library/Frameworks/AppKit.framework/Headers/NSCell.h:354:34: note: 'NSOffState' has been explicitly marked deprecated here
  354 | static const NSControlStateValue NSOffState API_DEPRECATED_WITH_REPLACEMENT("NSControlStateValueOff", macos(10.0,10.14)) = NSControlStateValueOff;
      |                                  ^
/Users/cam/Documents/Projects/ultima-iv-web/vlc-thumbs/work/upstream/vlc-master-story005/extras/package/macosx/../../../modules/gui/macosx/panels/VLCVideoEffectsWindowController.m:601:36: warning: 'NSOffState' is deprecated: first deprecated in macOS 10.14 [-Wdeprecated-declarations]
  601 |         [_invertCheckbox setState: NSOffState];
      |                                    ^~~~~~~~~~
      |                                    NSControlStateValueOff
/Applications/Xcode.app/Contents/Developer/Platforms/MacOSX.platform/Developer/SDKs/MacOSX27.0.sdk/System/Library/Frameworks/AppKit.framework/Headers/NSCell.h:354:34: note: 'NSOffState' has been explicitly marked deprecated here
  354 | static const NSControlStateValue NSOffState API_DEPRECATED_WITH_REPLACEMENT("NSControlStateValueOff", macos(10.0,10.14)) = NSControlStateValueOff;
      |                                  ^
/Users/cam/Documents/Projects/ultima-iv-web/vlc-thumbs/work/upstream/vlc-master-story005/extras/package/macosx/../../../modules/gui/macosx/panels/VLCVideoEffectsWindowController.m:602:39: warning: 'NSOffState' is deprecated: first deprecated in macOS 10.14 [-Wdeprecated-declarations]
  602 |         [_posterizeCheckbox setState: NSOffState];
      |                                       ^~~~~~~~~~
      |                                       NSControlStateValueOff
/Applications/Xcode.app/Contents/Developer/Platforms/MacOSX.platform/Developer/SDKs/MacOSX27.0.sdk/System/Library/Frameworks/AppKit.framework/Headers/NSCell.h:354:34: note: 'NSOffState' has been explicitly marked deprecated here
  354 | static const NSControlStateValue NSOffState API_DEPRECATED_WITH_REPLACEMENT("NSControlStateValueOff", macos(10.0,10.14)) = NSControlStateValueOff;
      |                                  ^
/Users/cam/Documents/Projects/ultima-iv-web/vlc-thumbs/work/upstream/vlc-master-story005/extras/package/macosx/../../../modules/gui/macosx/panels/VLCVideoEffectsWindowController.m:603:34: warning: 'NSOffState' is deprecated: first deprecated in macOS 10.14 [-Wdeprecated-declarations]
  603 |         [_blurCheckbox setState: NSOffState];
      |                                  ^~~~~~~~~~
      |                                  NSControlStateValueOff
/Applications/Xcode.app/Contents/Developer/Platforms/MacOSX.platform/Developer/SDKs/MacOSX27.0.sdk/System/Library/Frameworks/AppKit.framework/Headers/NSCell.h:354:34: note: 'NSOffState' has been explicitly marked deprecated here
  354 | static const NSControlStateValue NSOffState API_DEPRECATED_WITH_REPLACEMENT("NSControlStateValueOff", macos(10.0,10.14)) = NSControlStateValueOff;
      |                                  ^
/Users/cam/Documents/Projects/ultima-iv-web/vlc-thumbs/work/upstream/vlc-master-story005/extras/package/macosx/../../../modules/gui/macosx/panels/VLCVideoEffectsWindowController.m:604:42: warning: 'NSOffState' is deprecated: first deprecated in macOS 10.14 [-Wdeprecated-declarations]
  604 |         [_motiondetectCheckbox setState: NSOffState];
      |                                          ^~~~~~~~~~
      |                                          NSControlStateValueOff
/Applications/Xcode.app/Contents/Developer/Platforms/MacOSX.platform/Developer/SDKs/MacOSX27.0.sdk/System/Library/Frameworks/AppKit.framework/Headers/NSCell.h:354:34: note: 'NSOffState' has been explicitly marked deprecated here
  354 | static const NSControlStateValue NSOffState API_DEPRECATED_WITH_REPLACEMENT("NSControlStateValueOff", macos(10.0,10.14)) = NSControlStateValueOff;
      |                                  ^
/Users/cam/Documents/Projects/ultima-iv-web/vlc-thumbs/work/upstream/vlc-master-story005/extras/package/macosx/../../../modules/gui/macosx/panels/VLCVideoEffectsWindowController.m:605:41: warning: 'NSOffState' is deprecated: first deprecated in macOS 10.14 [-Wdeprecated-declarations]
  605 |         [_watereffectCheckbox setState: NSOffState];
      |                                         ^~~~~~~~~~
      |                                         NSControlStateValueOff
/Applications/Xcode.app/Contents/Developer/Platforms/MacOSX.platform/Developer/SDKs/MacOSX27.0.sdk/System/Library/Frameworks/AppKit.framework/Headers/NSCell.h:354:34: note: 'NSOffState' has been explicitly marked deprecated here
  354 | static const NSControlStateValue NSOffState API_DEPRECATED_WITH_REPLACEMENT("NSControlStateValueOff", macos(10.0,10.14)) = NSControlStateValueOff;
      |                                  ^
/Users/cam/Documents/Projects/ultima-iv-web/vlc-thumbs/work/upstream/vlc-master-story005/extras/package/macosx/../../../modules/gui/macosx/panels/VLCVideoEffectsWindowController.m:606:35: warning: 'NSOffState' is deprecated: first deprecated in macOS 10.14 [-Wdeprecated-declarations]
  606 |         [_wavesCheckbox setState: NSOffState];
      |                                   ^~~~~~~~~~
      |                                   NSControlStateValueOff
/Applications/Xcode.app/Contents/Developer/Platforms/MacOSX.platform/Developer/SDKs/MacOSX27.0.sdk/System/Library/Frameworks/AppKit.framework/Headers/NSCell.h:354:34: note: 'NSOffState' has been explicitly marked deprecated here
  354 | static const NSControlStateValue NSOffState API_DEPRECATED_WITH_REPLACEMENT("NSControlStateValueOff", macos(10.0,10.14)) = NSControlStateValueOff;
      |                                  ^
/Users/cam/Documents/Projects/ultima-iv-web/vlc-thumbs/work/upstream/vlc-master-story005/extras/package/macosx/../../../modules/gui/macosx/panels/VLCVideoEffectsWindowController.m:607:41: warning: 'NSOffState' is deprecated: first deprecated in macOS 10.14 [-Wdeprecated-declarations]
  607 |         [_psychedelicCheckbox setState: NSOffState];
      |                                         ^~~~~~~~~~
      |                                         NSControlStateValueOff
/Applications/Xcode.app/Contents/Developer/Platforms/MacOSX.platform/Developer/SDKs/MacOSX27.0.sdk/System/Library/Frameworks/AppKit.framework/Headers/NSCell.h:354:34: note: 'NSOffState' has been explicitly marked deprecated here
  354 | static const NSControlStateValue NSOffState API_DEPRECATED_WITH_REPLACEMENT("NSControlStateValueOff", macos(10.0,10.14)) = NSControlStateValueOff;
      |                                  ^
/Users/cam/Documents/Projects/ultima-iv-web/vlc-thumbs/work/upstream/vlc-master-story005/extras/package/macosx/../../../modules/gui/macosx/panels/VLCVideoEffectsWindowController.m:608:38: warning: 'NSOffState' is deprecated: first deprecated in macOS 10.14 [-Wdeprecated-declarations]
  608 |         [_anaglyphCheckbox setState: NSOffState];
      |                                      ^~~~~~~~~~
      |                                      NSControlStateValueOff
/Applications/Xcode.app/Contents/Developer/Platforms/MacOSX.platform/Developer/SDKs/MacOSX27.0.sdk/System/Library/Frameworks/AppKit.framework/Headers/NSCell.h:354:34: note: 'NSOffState' has been explicitly marked deprecated here
  354 | static const NSControlStateValue NSOffState API_DEPRECATED_WITH_REPLACEMENT("NSControlStateValueOff", macos(10.0,10.14)) = NSControlStateValueOff;
      |                                  ^
/Users/cam/Documents/Projects/ultima-iv-web/vlc-thumbs/work/upstream/vlc-master-story005/extras/package/macosx/../../../modules/gui/macosx/panels/VLCVideoEffectsWindowController.m:617:37: warning: 'NSOffState' is deprecated: first deprecated in macOS 10.14 [-Wdeprecated-declarations]
  617 |         [_addTextCheckbox setState: NSOffState];
      |                                     ^~~~~~~~~~
      |                                     NSControlStateValueOff
/Applications/Xcode.app/Contents/Developer/Platforms/MacOSX.platform/Developer/SDKs/MacOSX27.0.sdk/System/Library/Frameworks/AppKit.framework/Headers/NSCell.h:354:34: note: 'NSOffState' has been explicitly marked deprecated here
  354 | static const NSControlStateValue NSOffState API_DEPRECATED_WITH_REPLACEMENT("NSControlStateValueOff", macos(10.0,10.14)) = NSControlStateValueOff;
      |                                  ^
/Users/cam/Documents/Projects/ultima-iv-web/vlc-thumbs/work/upstream/vlc-master-story005/extras/package/macosx/../../../modules/gui/macosx/panels/VLCVideoEffectsWindowController.m:618:37: warning: 'NSOffState' is deprecated: first deprecated in macOS 10.14 [-Wdeprecated-declarations]
  618 |         [_addLogoCheckbox setState: NSOffState];
      |                                     ^~~~~~~~~~
      |                                     NSControlStateValueOff
/Applications/Xcode.app/Contents/Developer/Platforms/MacOSX.platform/Developer/SDKs/MacOSX27.0.sdk/System/Library/Frameworks/AppKit.framework/Headers/NSCell.h:354:34: note: 'NSOffState' has been explicitly marked deprecated here
  354 | static const NSControlStateValue NSOffState API_DEPRECATED_WITH_REPLACEMENT("NSControlStateValueOff", macos(10.0,10.14)) = NSControlStateValueOff;
      |                                  ^
/Users/cam/Documents/Projects/ultima-iv-web/vlc-thumbs/work/upstream/vlc-master-story005/extras/package/macosx/../../../modules/gui/macosx/panels/VLCVideoEffectsWindowController.m:627:35: warning: 'NSOffState' is deprecated: first deprecated in macOS 10.14 [-Wdeprecated-declarations]
  627 |         [_cloneCheckbox setState: NSOffState];
      |                                   ^~~~~~~~~~
      |                                   NSControlStateValueOff
/Applications/Xcode.app/Contents/Developer/Platforms/MacOSX.platform/Developer/SDKs/MacOSX27.0.sdk/System/Library/Frameworks/AppKit.framework/Headers/NSCell.h:354:34: note: 'NSOffState' has been explicitly marked deprecated here
  354 | static const NSControlStateValue NSOffState API_DEPRECATED_WITH_REPLACEMENT("NSControlStateValueOff", macos(10.0,10.14)) = NSControlStateValueOff;
      |                                  ^
/Users/cam/Documents/Projects/ultima-iv-web/vlc-thumbs/work/upstream/vlc-master-story005/extras/package/macosx/../../../modules/gui/macosx/panels/VLCVideoEffectsWindowController.m:628:34: warning: 'NSOffState' is deprecated: first deprecated in macOS 10.14 [-Wdeprecated-declarations]
  628 |         [_wallCheckbox setState: NSOffState];
      |                                  ^~~~~~~~~~
      |                                  NSControlStateValueOff
/Applications/Xcode.app/Contents/Developer/Platforms/MacOSX.platform/Developer/SDKs/MacOSX27.0.sdk/System/Library/Frameworks/AppKit.framework/Headers/NSCell.h:354:34: note: 'NSOffState' has been explicitly marked deprecated here
  354 | static const NSControlStateValue NSOffState API_DEPRECATED_WITH_REPLACEMENT("NSControlStateValueOff", macos(10.0,10.14)) = NSControlStateValueOff;
      |                                  ^
/Users/cam/Documents/Projects/ultima-iv-web/vlc-thumbs/work/upstream/vlc-master-story005/extras/package/macosx/../../../modules/gui/macosx/panels/VLCVideoEffectsWindowController.m:665:43: warning: 'NSOffState' is deprecated: first deprecated in macOS 10.14 [-Wdeprecated-declarations]
  665 |     [_cropSyncTopBottomCheckbox setState: NSOffState];
      |                                           ^~~~~~~~~~
      |                                           NSControlStateValueOff
/Applications/Xcode.app/Contents/Developer/Platforms/MacOSX.platform/Developer/SDKs/MacOSX27.0.sdk/System/Library/Frameworks/AppKit.framework/Headers/NSCell.h:354:34: note: 'NSOffState' has been explicitly marked deprecated here
  354 | static const NSControlStateValue NSOffState API_DEPRECATED_WITH_REPLACEMENT("NSControlStateValueOff", macos(10.0,10.14)) = NSControlStateValueOff;
      |                                  ^
/Users/cam/Documents/Projects/ultima-iv-web/vlc-thumbs/work/upstream/vlc-master-story005/extras/package/macosx/../../../modules/gui/macosx/panels/VLCVideoEffectsWindowController.m:666:43: warning: 'NSOffState' is deprecated: first deprecated in macOS 10.14 [-Wdeprecated-declarations]
  666 |     [_cropSyncLeftRightCheckbox setState: NSOffState];
      |                                           ^~~~~~~~~~
      |                                           NSControlStateValueOff
/Applications/Xcode.app/Contents/Developer/Platforms/MacOSX.platform/Developer/SDKs/MacOSX27.0.sdk/System/Library/Frameworks/AppKit.framework/Headers/NSCell.h:354:34: note: 'NSOffState' has been explicitly marked deprecated here
  354 | static const NSControlStateValue NSOffState API_DEPRECATED_WITH_REPLACEMENT("NSControlStateValueOff", macos(10.0,10.14)) = NSControlStateValueOff;
      |                                  ^
/Users/cam/Documents/Projects/ultima-iv-web/vlc-thumbs/work/upstream/vlc-master-story005/extras/package/macosx/../../../modules/gui/macosx/panels/VLCVideoEffectsWindowController.m:821:40: warning: 'NSOffState' is deprecated: first deprecated in macOS 10.14 [-Wdeprecated-declarations]
  821 |     if (_applyProfileCheckbox.state == NSOffState)
      |                                        ^~~~~~~~~~
      |                                        NSControlStateValueOff
/Applications/Xcode.app/Contents/Developer/Platforms/MacOSX.platform/Developer/SDKs/MacOSX27.0.sdk/System/Library/Frameworks/AppKit.framework/Headers/NSCell.h:354:34: note: 'NSOffState' has been explicitly marked deprecated here
  354 | static const NSControlStateValue NSOffState API_DEPRECATED_WITH_REPLACEMENT("NSControlStateValueOff", macos(10.0,10.14)) = NSControlStateValueOff;
      |                                  ^
/Users/cam/Documents/Projects/ultima-iv-web/vlc-thumbs/work/upstream/vlc-master-story005/extras/package/macosx/../../../modules/gui/macosx/panels/VLCVideoEffectsWindowController.m:1160:34: warning: 'NSOffState' is deprecated: first deprecated in macOS 10.14 [-Wdeprecated-declarations]
 1160 |         [_wallCheckbox setState: NSOffState];
      |                                  ^~~~~~~~~~
      |                                  NSControlStateValueOff
/Applications/Xcode.app/Contents/Developer/Platforms/MacOSX.platform/Developer/SDKs/MacOSX27.0.sdk/System/Library/Frameworks/AppKit.framework/Headers/NSCell.h:354:34: note: 'NSOffState' has been explicitly marked deprecated here
  354 | static const NSControlStateValue NSOffState API_DEPRECATED_WITH_REPLACEMENT("NSControlStateValueOff", macos(10.0,10.14)) = NSControlStateValueOff;
      |                                  ^
/Users/cam/Documents/Projects/ultima-iv-web/vlc-thumbs/work/upstream/vlc-master-story005/extras/package/macosx/../../../modules/gui/macosx/panels/VLCVideoEffectsWindowController.m:1180:35: warning: 'NSOffState' is deprecated: first deprecated in macOS 10.14 [-Wdeprecated-declarations]
 1180 |         [_cloneCheckbox setState: NSOffState];
      |                                   ^~~~~~~~~~
      |                                   NSControlStateValueOff
/Applications/Xcode.app/Contents/Developer/Platforms/MacOSX.platform/Developer/SDKs/MacOSX27.0.sdk/System/Library/Frameworks/AppKit.framework/Headers/NSCell.h:354:34: note: 'NSOffState' has been explicitly marked deprecated here
  354 | static const NSControlStateValue NSOffState API_DEPRECATED_WITH_REPLACEMENT("NSControlStateValueOff", macos(10.0,10.14)) = NSControlStateValueOff;
      |                                  ^
30 warnings generated.
  OBJC     gui/macosx/panels/dialogs/libmacosx_plugin_la-VLCCustomCropArWindowController.lo
  OBJC     gui/macosx/panels/dialogs/libmacosx_plugin_la-VLCPopupPanelController.lo
  OBJC     gui/macosx/panels/dialogs/libmacosx_plugin_la-VLCResumeDialogController.lo
/Users/cam/Documents/Projects/ultima-iv-web/vlc-thumbs/work/upstream/vlc-master-story005/extras/package/macosx/../../../modules/gui/macosx/panels/dialogs/VLCCoreDialogProvider.m:250:50: warning: 'NSOffState' is deprecated: first deprecated in macOS 10.14 [-Wdeprecated-declarations]
  250 |     _authenticationStorePasswordCheckbox.state = NSOffState;
      |                                                  ^~~~~~~~~~
      |                                                  NSControlStateValueOff
/Applications/Xcode.app/Contents/Developer/Platforms/MacOSX.platform/Developer/SDKs/MacOSX27.0.sdk/System/Library/Frameworks/AppKit.framework/Headers/NSCell.h:354:34: note: 'NSOffState' has been explicitly marked deprecated here
  354 | static const NSControlStateValue NSOffState API_DEPRECATED_WITH_REPLACEMENT("NSControlStateValueOff", macos(10.0,10.14)) = NSControlStateValueOff;
      |                                  ^
/Users/cam/Documents/Projects/ultima-iv-web/vlc-thumbs/work/upstream/vlc-master-story005/extras/package/macosx/../../../modules/gui/macosx/panels/dialogs/VLCCoreDialogProvider.m:264:80: warning: 'NSOnState' is deprecated: first deprecated in macOS 10.14 [-Wdeprecated-declarations]
  264 |                                  _authenticationStorePasswordCheckbox.state == NSOnState);
      |                                                                                ^~~~~~~~~
      |                                                                                NSControlStateValueOn
/Applications/Xcode.app/Contents/Developer/Platforms/MacOSX.platform/Developer/SDKs/MacOSX27.0.sdk/System/Library/Frameworks/AppKit.framework/Headers/NSCell.h:355:34: note: 'NSOnState' has been explicitly marked deprecated here
  355 | static const NSControlStateValue NSOnState API_DEPRECATED_WITH_REPLACEMENT("NSControlStateValueOn", macos(10.0,10.14)) = NSControlStateValueOn;
      |                                  ^
2 warnings generated.
  OBJC     gui/macosx/panels/dialogs/libmacosx_plugin_la-VLCTextfieldPanelController.lo
  OBJC     gui/macosx/playqueue/libmacosx_plugin_la-VLCPlaybackContinuityController.lo
/Users/cam/Documents/Projects/ultima-iv-web/vlc-thumbs/work/upstream/vlc-master-story005/extras/package/macosx/../../../modules/gui/macosx/panels/dialogs/VLCPopupPanelController.m:49:98: warning: semicolon before method body is ignored [-Wsemicolon-before-method-body]
   49 | - (void)runModalForWindow:(NSWindow *)window completionHandler:(PopupPanelCompletionBlock)handler;
      |                                                                                                  ^
1 warning generated.
  OBJC     gui/macosx/playqueue/libmacosx_plugin_la-VLCPlayerChapter.lo
/Users/cam/Documents/Projects/ultima-iv-web/vlc-thumbs/work/upstream/vlc-master-story005/extras/package/macosx/../../../modules/gui/macosx/panels/dialogs/VLCTextfieldPanelController.m:50:102: warning: semicolon before method body is ignored [-Wsemicolon-before-method-body]
   50 | - (void)runModalForWindow:(NSWindow *)window completionHandler:(TextfieldPanelCompletionBlock)handler;
      |                                                                                                      ^
1 warning generated.
  OBJC     gui/macosx/playqueue/libmacosx_plugin_la-VLCPlayerController.lo
/Users/cam/Documents/Projects/ultima-iv-web/vlc-thumbs/work/upstream/vlc-master-story005/extras/package/macosx/../../../modules/gui/macosx/panels/dialogs/VLCResumeDialogController.m:106:37: warning: 'NSOffState' is deprecated: first deprecated in macOS 10.14 [-Wdeprecated-declarations]
  106 |     [_alwaysResumeCheckbox setState:NSOffState];
      |                                     ^~~~~~~~~~
      |                                     NSControlStateValueOff
/Applications/Xcode.app/Contents/Developer/Platforms/MacOSX.platform/Developer/SDKs/MacOSX27.0.sdk/System/Library/Frameworks/AppKit.framework/Headers/NSCell.h:354:34: note: 'NSOffState' has been explicitly marked deprecated here
  354 | static const NSControlStateValue NSOffState API_DEPRECATED_WITH_REPLACEMENT("NSControlStateValueOff", macos(10.0,10.14)) = NSControlStateValueOff;
      |                                  ^
/Users/cam/Documents/Projects/ultima-iv-web/vlc-thumbs/work/upstream/vlc-master-story005/extras/package/macosx/../../../modules/gui/macosx/panels/dialogs/VLCResumeDialogController.m:143:38: warning: 'NSOnState' is deprecated: first deprecated in macOS 10.14 [-Wdeprecated-declarations]
  143 |     int newState = [sender state] == NSOnState ? 1 : 0;
      |                                      ^~~~~~~~~
      |                                      NSControlStateValueOn
/Applications/Xcode.app/Contents/Developer/Platforms/MacOSX.platform/Developer/SDKs/MacOSX27.0.sdk/System/Library/Frameworks/AppKit.framework/Headers/NSCell.h:355:34: note: 'NSOnState' has been explicitly marked deprecated here
  355 | static const NSControlStateValue NSOnState API_DEPRECATED_WITH_REPLACEMENT("NSControlStateValueOn", macos(10.0,10.14)) = NSControlStateValueOn;
      |                                  ^
2 warnings generated.
  OBJC     gui/macosx/playqueue/libmacosx_plugin_la-VLCPlayerTitle.lo
  OBJC     gui/macosx/playqueue/libmacosx_plugin_la-VLCPlayQueueController.lo
  OBJC     gui/macosx/playqueue/libmacosx_plugin_la-VLCPlayQueueDataSource.lo
  OBJC     gui/macosx/playqueue/libmacosx_plugin_la-VLCPlayQueueItem.lo
  OBJC     gui/macosx/playqueue/libmacosx_plugin_la-VLCPlayQueueMenuController.lo
/Users/cam/Documents/Projects/ultima-iv-web/vlc-thumbs/work/upstream/vlc-master-story005/extras/package/macosx/../../../modules/gui/macosx/playqueue/VLCPlayQueueDataSource.m:70:9: warning: 'NSFilenamesPboardType' is deprecated: first deprecated in macOS 10.14 - Create multiple pasteboard items with NSPasteboardTypeFileURL or kUTTypeFileURL instead [-Wdeprecated-declarations]
   70 |         NSFilenamesPboardType
      |         ^
/Applications/Xcode.app/Contents/Developer/Platforms/MacOSX.platform/Developer/SDKs/MacOSX27.0.sdk/System/Library/Frameworks/AppKit.framework/Headers/NSPasteboard.h:505:32: note: 'NSFilenamesPboardType' has been explicitly marked deprecated here
  505 | APPKIT_EXTERN NSPasteboardType NSFilenamesPboardType API_DEPRECATED("Create multiple pasteboard items with NSPasteboardTypeFileURL or kUTTypeFileURL instead", macos(10.0,10.14));
      |                                ^
1 warning generated.
  OBJC     gui/macosx/playqueue/libmacosx_plugin_la-VLCPlayQueueModel.lo
  OBJC     gui/macosx/playqueue/libmacosx_plugin_la-VLCPlayQueueSortingMenuController.lo
  OBJC     gui/macosx/playqueue/libmacosx_plugin_la-VLCPlayQueueTableCellView.lo
/Users/cam/Documents/Projects/ultima-iv-web/vlc-thumbs/work/upstream/vlc-master-story005/extras/package/macosx/../../../modules/gui/macosx/playqueue/VLCPlayQueueModel.m:64:28: warning: comparison of integers of different signs: 'NSInteger' (aka 'long') and 'NSUInteger' (aka 'unsigned long') [-Wsign-compare]
   64 |     if (index < 0 || index > _playQueueArray.count) {
      |                      ~~~~~ ^ ~~~~~~~~~~~~~~~~~~~~~
1 warning generated.
  OBJC     gui/macosx/playqueue/libmacosx_plugin_la-VLCPlayQueueTableView.lo
  OBJC     gui/macosx/preferences/libmacosx_plugin_la-VLCHotkeyChangeWindow.lo
/Users/cam/Documents/Projects/ultima-iv-web/vlc-thumbs/work/upstream/vlc-master-story005/extras/package/macosx/../../../modules/gui/macosx/playqueue/VLCPlayQueueSortingMenuController.m:93:26: warning: 'NSOffState' is deprecated: first deprecated in macOS 10.14 [-Wdeprecated-declarations]
   93 |         menuItem.state = NSOffState;
      |                          ^~~~~~~~~~
      |                          NSControlStateValueOff
/Applications/Xcode.app/Contents/Developer/Platforms/MacOSX.platform/Developer/SDKs/MacOSX27.0.sdk/System/Library/Frameworks/AppKit.framework/Headers/NSCell.h:354:34: note: 'NSOffState' has been explicitly marked deprecated here
  354 | static const NSControlStateValue NSOffState API_DEPRECATED_WITH_REPLACEMENT("NSControlStateValueOff", macos(10.0,10.14)) = NSControlStateValueOff;
      |                                  ^
/Users/cam/Documents/Projects/ultima-iv-web/vlc-thumbs/work/upstream/vlc-master-story005/extras/package/macosx/../../../modules/gui/macosx/playqueue/VLCPlayQueueSortingMenuController.m:97:22: warning: 'NSOnState' is deprecated: first deprecated in macOS 10.14 [-Wdeprecated-declarations]
   97 |     menuItem.state = NSOnState;
      |                      ^~~~~~~~~
      |                      NSControlStateValueOn
/Applications/Xcode.app/Contents/Developer/Platforms/MacOSX.platform/Developer/SDKs/MacOSX27.0.sdk/System/Library/Frameworks/AppKit.framework/Headers/NSCell.h:355:34: note: 'NSOnState' has been explicitly marked deprecated here
  355 | static const NSControlStateValue NSOnState API_DEPRECATED_WITH_REPLACEMENT("NSControlStateValueOn", macos(10.0,10.14)) = NSControlStateValueOn;
      |                                  ^
/Users/cam/Documents/Projects/ultima-iv-web/vlc-thumbs/work/upstream/vlc-master-story005/extras/package/macosx/../../../modules/gui/macosx/playqueue/VLCPlayQueueSortingMenuController.m:100:22: warning: 'NSOnState' is deprecated: first deprecated in macOS 10.14 [-Wdeprecated-declarations]
  100 |     menuItem.state = NSOnState;
      |                      ^~~~~~~~~
      |                      NSControlStateValueOn
/Applications/Xcode.app/Contents/Developer/Platforms/MacOSX.platform/Developer/SDKs/MacOSX27.0.sdk/System/Library/Frameworks/AppKit.framework/Headers/NSCell.h:355:34: note: 'NSOnState' has been explicitly marked deprecated here
  355 | static const NSControlStateValue NSOnState API_DEPRECATED_WITH_REPLACEMENT("NSControlStateValueOn", macos(10.0,10.14)) = NSControlStateValueOn;
      |                                  ^
3 warnings generated.
  OBJC     gui/macosx/preferences/libmacosx_plugin_la-VLCSimplePrefsController.lo
  OBJC     gui/macosx/preferences/libmacosx_plugin_la-VLCSimplePrefsWindow.lo
  OBJC     gui/macosx/preferences/libmacosx_plugin_la-prefs.lo
  OBJC     gui/macosx/preferences/libmacosx_plugin_la-prefs_widgets.lo
/Users/cam/Documents/Projects/ultima-iv-web/vlc-thumbs/work/upstream/vlc-master-story005/extras/package/macosx/../../../modules/gui/macosx/preferences/VLCSimplePrefsController.m:666:65: warning: 'NSOnState' is deprecated: first deprecated in macOS 10.14 [-Wdeprecated-declarations]
  666 |     [_intf_enableNotificationsCheckbox setState: growlEnabled ? NSOnState : NSOffState];
      |                                                                 ^~~~~~~~~
      |                                                                 NSControlStateValueOn
/Applications/Xcode.app/Contents/Developer/Platforms/MacOSX.platform/Developer/SDKs/MacOSX27.0.sdk/System/Library/Frameworks/AppKit.framework/Headers/NSCell.h:355:34: note: 'NSOnState' has been explicitly marked deprecated here
  355 | static const NSControlStateValue NSOnState API_DEPRECATED_WITH_REPLACEMENT("NSControlStateValueOn", macos(10.0,10.14)) = NSControlStateValueOn;
      |                                  ^
/Users/cam/Documents/Projects/ultima-iv-web/vlc-thumbs/work/upstream/vlc-master-story005/extras/package/macosx/../../../modules/gui/macosx/preferences/VLCSimplePrefsController.m:666:77: warning: 'NSOffState' is deprecated: first deprecated in macOS 10.14 [-Wdeprecated-declarations]
  666 |     [_intf_enableNotificationsCheckbox setState: growlEnabled ? NSOnState : NSOffState];
      |                                                                             ^~~~~~~~~~
      |                                                                             NSControlStateValueOff
/Applications/Xcode.app/Contents/Developer/Platforms/MacOSX.platform/Developer/SDKs/MacOSX27.0.sdk/System/Library/Frameworks/AppKit.framework/Headers/NSCell.h:354:34: note: 'NSOffState' has been explicitly marked deprecated here
  354 | static const NSControlStateValue NSOffState API_DEPRECATED_WITH_REPLACEMENT("NSControlStateValueOff", macos(10.0,10.14)) = NSControlStateValueOff;
      |                                  ^
/Users/cam/Documents/Projects/ultima-iv-web/vlc-thumbs/work/upstream/vlc-master-story005/extras/package/macosx/../../../modules/gui/macosx/preferences/VLCSimplePrefsController.m:669:58: warning: 'NSOnState' is deprecated: first deprecated in macOS 10.14 [-Wdeprecated-declarations]
  669 |     [_intf_enableluahttpCheckbox setState: httpEnabled ? NSOnState : NSOffState];
      |                                                          ^~~~~~~~~
      |                                                          NSControlStateValueOn
/Applications/Xcode.app/Contents/Developer/Platforms/MacOSX.platform/Developer/SDKs/MacOSX27.0.sdk/System/Library/Frameworks/AppKit.framework/Headers/NSCell.h:355:34: note: 'NSOnState' has been explicitly marked deprecated here
  355 | static const NSControlStateValue NSOnState API_DEPRECATED_WITH_REPLACEMENT("NSControlStateValueOn", macos(10.0,10.14)) = NSControlStateValueOn;
      |                                  ^
/Users/cam/Documents/Projects/ultima-iv-web/vlc-thumbs/work/upstream/vlc-master-story005/extras/package/macosx/../../../modules/gui/macosx/preferences/VLCSimplePrefsController.m:669:70: warning: 'NSOffState' is deprecated: first deprecated in macOS 10.14 [-Wdeprecated-declarations]
  669 |     [_intf_enableluahttpCheckbox setState: httpEnabled ? NSOnState : NSOffState];
      |                                                                      ^~~~~~~~~~
      |                                                                      NSControlStateValueOff
/Applications/Xcode.app/Contents/Developer/Platforms/MacOSX.platform/Developer/SDKs/MacOSX27.0.sdk/System/Library/Frameworks/AppKit.framework/Headers/NSCell.h:354:34: note: 'NSOffState' has been explicitly marked deprecated here
  354 | static const NSControlStateValue NSOffState API_DEPRECATED_WITH_REPLACEMENT("NSControlStateValueOff", macos(10.0,10.14)) = NSControlStateValueOff;
      |                                  ^
/Users/cam/Documents/Projects/ultima-iv-web/vlc-thumbs/work/upstream/vlc-master-story005/extras/package/macosx/../../../modules/gui/macosx/preferences/VLCSimplePrefsController.m:680:53: warning: 'NSOnState' is deprecated: first deprecated in macOS 10.14 [-Wdeprecated-declarations]
  680 |         [_audio_autosavevol_yesButtonCell setState: NSOnState];
      |                                                     ^~~~~~~~~
      |                                                     NSControlStateValueOn
/Applications/Xcode.app/Contents/Developer/Platforms/MacOSX.platform/Developer/SDKs/MacOSX27.0.sdk/System/Library/Frameworks/AppKit.framework/Headers/NSCell.h:355:34: note: 'NSOnState' has been explicitly marked deprecated here
  355 | static const NSControlStateValue NSOnState API_DEPRECATED_WITH_REPLACEMENT("NSControlStateValueOn", macos(10.0,10.14)) = NSControlStateValueOn;
      |                                  ^
/Users/cam/Documents/Projects/ultima-iv-web/vlc-thumbs/work/upstream/vlc-master-story005/extras/package/macosx/../../../modules/gui/macosx/preferences/VLCSimplePrefsController.m:681:52: warning: 'NSOffState' is deprecated: first deprecated in macOS 10.14 [-Wdeprecated-declarations]
  681 |         [_audio_autosavevol_noButtonCell setState: NSOffState];
      |                                                    ^~~~~~~~~~
      |                                                    NSControlStateValueOff
/Applications/Xcode.app/Contents/Developer/Platforms/MacOSX.platform/Developer/SDKs/MacOSX27.0.sdk/System/Library/Frameworks/AppKit.framework/Headers/NSCell.h:354:34: note: 'NSOffState' has been explicitly marked deprecated here
  354 | static const NSControlStateValue NSOffState API_DEPRECATED_WITH_REPLACEMENT("NSControlStateValueOff", macos(10.0,10.14)) = NSControlStateValueOff;
      |                                  ^
/Users/cam/Documents/Projects/ultima-iv-web/vlc-thumbs/work/upstream/vlc-master-story005/extras/package/macosx/../../../modules/gui/macosx/preferences/VLCSimplePrefsController.m:688:53: warning: 'NSOffState' is deprecated: first deprecated in macOS 10.14 [-Wdeprecated-declarations]
  688 |         [_audio_autosavevol_yesButtonCell setState: NSOffState];
      |                                                     ^~~~~~~~~~
      |                                                     NSControlStateValueOff
/Applications/Xcode.app/Contents/Developer/Platforms/MacOSX.platform/Developer/SDKs/MacOSX27.0.sdk/System/Library/Frameworks/AppKit.framework/Headers/NSCell.h:354:34: note: 'NSOffState' has been explicitly marked deprecated here
  354 | static const NSControlStateValue NSOffState API_DEPRECATED_WITH_REPLACEMENT("NSControlStateValueOff", macos(10.0,10.14)) = NSControlStateValueOff;
      |                                  ^
/Users/cam/Documents/Projects/ultima-iv-web/vlc-thumbs/work/upstream/vlc-master-story005/extras/package/macosx/../../../modules/gui/macosx/preferences/VLCSimplePrefsController.m:689:52: warning: 'NSOnState' is deprecated: first deprecated in macOS 10.14 [-Wdeprecated-declarations]
  689 |         [_audio_autosavevol_noButtonCell setState: NSOnState];
      |                                                    ^~~~~~~~~
      |                                                    NSControlStateValueOn
/Applications/Xcode.app/Contents/Developer/Platforms/MacOSX.platform/Developer/SDKs/MacOSX27.0.sdk/System/Library/Frameworks/AppKit.framework/Headers/NSCell.h:355:34: note: 'NSOnState' has been explicitly marked deprecated here
  355 | static const NSControlStateValue NSOnState API_DEPRECATED_WITH_REPLACEMENT("NSControlStateValueOn", macos(10.0,10.14)) = NSControlStateValueOn;
      |                                  ^
/Users/cam/Documents/Projects/ultima-iv-web/vlc-thumbs/work/upstream/vlc-master-story005/extras/package/macosx/../../../modules/gui/macosx/preferences/VLCSimplePrefsController.m:709:44: warning: 'NSOnState' is deprecated: first deprecated in macOS 10.14 [-Wdeprecated-declarations]
  709 |             [_audio_lastCheckbox setState: NSOnState];
      |                                            ^~~~~~~~~
      |                                            NSControlStateValueOn
/Applications/Xcode.app/Contents/Developer/Platforms/MacOSX.platform/Developer/SDKs/MacOSX27.0.sdk/System/Library/Frameworks/AppKit.framework/Headers/NSCell.h:355:34: note: 'NSOnState' has been explicitly marked deprecated here
  355 | static const NSControlStateValue NSOnState API_DEPRECATED_WITH_REPLACEMENT("NSControlStateValueOn", macos(10.0,10.14)) = NSControlStateValueOn;
      |                                  ^
/Users/cam/Documents/Projects/ultima-iv-web/vlc-thumbs/work/upstream/vlc-master-story005/extras/package/macosx/../../../modules/gui/macosx/preferences/VLCSimplePrefsController.m:713:44: warning: 'NSOffState' is deprecated: first deprecated in macOS 10.14 [-Wdeprecated-declarations]
  713 |             [_audio_lastCheckbox setState: NSOffState];
      |                                            ^~~~~~~~~~
      |                                            NSControlStateValueOff
/Applications/Xcode.app/Contents/Developer/Platforms/MacOSX.platform/Developer/SDKs/MacOSX27.0.sdk/System/Library/Frameworks/AppKit.framework/Headers/NSCell.h:354:34: note: 'NSOffState' has been explicitly marked deprecated here
  354 | static const NSControlStateValue NSOffState API_DEPRECATED_WITH_REPLACEMENT("NSControlStateValueOff", macos(10.0,10.14)) = NSControlStateValueOff;
      |                                  ^
/Users/cam/Documents/Projects/ultima-iv-web/vlc-thumbs/work/upstream/vlc-master-story005/extras/package/macosx/../../../modules/gui/macosx/preferences/VLCSimplePrefsController.m:991:109: warning: 'NSOnState' is deprecated: first deprecated in macOS 10.14 [-Wdeprecated-declarations]
  991 |         [self changeModule:@"growl" inConfig:@"control" enable:[_intf_enableNotificationsCheckbox state] == NSOnState];
      |                                                                                                             ^~~~~~~~~
      |                                                                                                             NSControlStateValueOn
/Applications/Xcode.app/Contents/Developer/Platforms/MacOSX.platform/Developer/SDKs/MacOSX27.0.sdk/System/Library/Frameworks/AppKit.framework/Headers/NSCell.h:355:34: note: 'NSOnState' has been explicitly marked deprecated here
  355 | static const NSControlStateValue NSOnState API_DEPRECATED_WITH_REPLACEMENT("NSControlStateValueOn", macos(10.0,10.14)) = NSControlStateValueOn;
      |                                  ^
/Users/cam/Documents/Projects/ultima-iv-web/vlc-thumbs/work/upstream/vlc-master-story005/extras/package/macosx/../../../modules/gui/macosx/preferences/VLCSimplePrefsController.m:993:104: warning: 'NSOnState' is deprecated: first deprecated in macOS 10.14 [-Wdeprecated-declarations]
  993 |         [self changeModule:@"http" inConfig:@"extraintf" enable:[_intf_enableluahttpCheckbox state] == NSOnState];
      |                                                                                                        ^~~~~~~~~
      |                                                                                                        NSControlStateValueOn
/Applications/Xcode.app/Contents/Developer/Platforms/MacOSX.platform/Developer/SDKs/MacOSX27.0.sdk/System/Library/Frameworks/AppKit.framework/Headers/NSCell.h:355:34: note: 'NSOnState' has been explicitly marked deprecated here
  355 | static const NSControlStateValue NSOnState API_DEPRECATED_WITH_REPLACEMENT("NSControlStateValueOn", macos(10.0,10.14)) = NSControlStateValueOn;
      |                                  ^
/Users/cam/Documents/Projects/ultima-iv-web/vlc-thumbs/work/upstream/vlc-master-story005/extras/package/macosx/../../../modules/gui/macosx/preferences/VLCSimplePrefsController.m:1018:48: warning: 'NSOnState' is deprecated: first deprecated in macOS 10.14 [-Wdeprecated-declarations]
 1018 |             if ([_audio_lastCheckbox state] == NSOnState)
      |                                                ^~~~~~~~~
      |                                                NSControlStateValueOn
/Applications/Xcode.app/Contents/Developer/Platforms/MacOSX.platform/Developer/SDKs/MacOSX27.0.sdk/System/Library/Frameworks/AppKit.framework/Headers/NSCell.h:355:34: note: 'NSOnState' has been explicitly marked deprecated here
  355 | static const NSControlStateValue NSOnState API_DEPRECATED_WITH_REPLACEMENT("NSControlStateValueOn", macos(10.0,10.14)) = NSControlStateValueOn;
      |                                  ^
/Users/cam/Documents/Projects/ultima-iv-web/vlc-thumbs/work/upstream/vlc-master-story005/extras/package/macosx/../../../modules/gui/macosx/preferences/VLCSimplePrefsController.m:1155:45: warning: 'NSOnState' is deprecated: first deprecated in macOS 10.14 [-Wdeprecated-declarations]
 1155 |         [_video_videodecoCheckbox setState: NSOnState];
      |                                             ^~~~~~~~~
      |                                             NSControlStateValueOn
/Applications/Xcode.app/Contents/Developer/Platforms/MacOSX.platform/Developer/SDKs/MacOSX27.0.sdk/System/Library/Frameworks/AppKit.framework/Headers/NSCell.h:355:34: note: 'NSOnState' has been explicitly marked deprecated here
  355 | static const NSControlStateValue NSOnState API_DEPRECATED_WITH_REPLACEMENT("NSControlStateValueOn", macos(10.0,10.14)) = NSControlStateValueOn;
      |                                  ^
/Users/cam/Documents/Projects/ultima-iv-web/vlc-thumbs/work/upstream/vlc-master-story005/extras/package/macosx/../../../modules/gui/macosx/preferences/VLCSimplePrefsController.m:1156:47: warning: 'NSOffState' is deprecated: first deprecated in macOS 10.14 [-Wdeprecated-declarations]
 1156 |         [_video_blackScreenCheckbox setState: NSOffState];
      |                                               ^~~~~~~~~~
      |                                               NSControlStateValueOff
/Applications/Xcode.app/Contents/Developer/Platforms/MacOSX.platform/Developer/SDKs/MacOSX27.0.sdk/System/Library/Frameworks/AppKit.framework/Headers/NSCell.h:354:34: note: 'NSOffState' has been explicitly marked deprecated here
  354 | static const NSControlStateValue NSOffState API_DEPRECATED_WITH_REPLACEMENT("NSControlStateValueOff", macos(10.0,10.14)) = NSControlStateValueOff;
      |                                  ^
/Users/cam/Documents/Projects/ultima-iv-web/vlc-thumbs/work/upstream/vlc-master-story005/extras/package/macosx/../../../modules/gui/macosx/preferences/VLCSimplePrefsController.m:1174:63: warning: 'NSOnState' is deprecated: first deprecated in macOS 10.14 [-Wdeprecated-declarations]
 1174 |         _intf_luahttppwdTextField.enabled = [sender state] == NSOnState;
      |                                                               ^~~~~~~~~
      |                                                               NSControlStateValueOn
/Applications/Xcode.app/Contents/Developer/Platforms/MacOSX.platform/Developer/SDKs/MacOSX27.0.sdk/System/Library/Frameworks/AppKit.framework/Headers/NSCell.h:355:34: note: 'NSOnState' has been explicitly marked deprecated here
  355 | static const NSControlStateValue NSOnState API_DEPRECATED_WITH_REPLACEMENT("NSControlStateValueOn", macos(10.0,10.14)) = NSControlStateValueOn;
      |                                  ^
/Users/cam/Documents/Projects/ultima-iv-web/vlc-thumbs/work/upstream/vlc-master-story005/extras/package/macosx/../../../modules/gui/macosx/preferences/VLCSimplePrefsController.m:1194:44: warning: 'NSOnState' is deprecated: first deprecated in macOS 10.14 [-Wdeprecated-declarations]
 1194 |         if ([_audio_lastCheckbox state] == NSOnState) {
      |                                            ^~~~~~~~~
      |                                            NSControlStateValueOn
/Applications/Xcode.app/Contents/Developer/Platforms/MacOSX.platform/Developer/SDKs/MacOSX27.0.sdk/System/Library/Frameworks/AppKit.framework/Headers/NSCell.h:355:34: note: 'NSOnState' has been explicitly marked deprecated here
  355 | static const NSControlStateValue NSOnState API_DEPRECATED_WITH_REPLACEMENT("NSControlStateValueOn", macos(10.0,10.14)) = NSControlStateValueOn;
      |                                  ^
/Users/cam/Documents/Projects/ultima-iv-web/vlc-thumbs/work/upstream/vlc-master-story005/extras/package/macosx/../../../modules/gui/macosx/preferences/VLCSimplePrefsController.m:1356:37: warning: 'fullPathForApplication:' is deprecated: first deprecated in macOS 11.0 - Use -[NSWorkspace URLForApplicationWithBundleIdentifier:] instead. [-Wdeprecated-declarations]
 1356 |     NSString * appPath = [workspace fullPathForApplication:appName];
      |                                     ^
/Applications/Xcode.app/Contents/Developer/Platforms/MacOSX.platform/Developer/SDKs/MacOSX27.0.sdk/System/Library/Frameworks/AppKit.framework/Headers/NSWorkspace.h:397:1: note: 'fullPathForApplication:' has been explicitly marked deprecated here
  397 | - (nullable NSString *)fullPathForApplication:(NSString *)appName API_DEPRECATED("Use -[NSWorkspace URLForApplicationWithBundleIdentifier:] instead.", macos(10.0, 11.0));
      | ^
/Users/cam/Documents/Projects/ultima-iv-web/vlc-thumbs/work/upstream/vlc-master-story005/extras/package/macosx/../../../modules/gui/macosx/preferences/VLCSimplePrefsController.m:1366:92: warning: 'absolutePathForAppBundleWithIdentifier:' is deprecated: first deprecated in macOS 11.0 - Use -[NSWorkspace URLForApplicationWithBundleIdentifier:] instead. [-Wdeprecated-declarations]
 1366 |     return [[[NSFileManager defaultManager] displayNameAtPath:[NSWorkspace.sharedWorkspace absolutePathForAppBundleWithIdentifier:bundleIdentifier]] stringByDeletingPathExtension];
      |                                                                                            ^
/Applications/Xcode.app/Contents/Developer/Platforms/MacOSX.platform/Developer/SDKs/MacOSX27.0.sdk/System/Library/Frameworks/AppKit.framework/Headers/NSWorkspace.h:400:1: note: 'absolutePathForAppBundleWithIdentifier:' has been explicitly marked deprecated here
  400 | - (nullable NSString *)absolutePathForAppBundleWithIdentifier:(NSString *)bundleIdentifier API_DEPRECATED("Use -[NSWorkspace URLForApplicationWithBundleIdentifier:] instead.", macos(10.0, 11.0));
      | ^
/Users/cam/Documents/Projects/ultima-iv-web/vlc-thumbs/work/upstream/vlc-master-story005/extras/package/macosx/../../../modules/gui/macosx/preferences/VLCSimplePrefsController.m:1373:55: warning: 'absolutePathForAppBundleWithIdentifier:' is deprecated: first deprecated in macOS 11.0 - Use -[NSWorkspace URLForApplicationWithBundleIdentifier:] instead. [-Wdeprecated-declarations]
 1373 |     NSImage *icon = [workspace iconForFile:[workspace absolutePathForAppBundleWithIdentifier:bundleIdentifier]];
      |                                                       ^
/Applications/Xcode.app/Contents/Developer/Platforms/MacOSX.platform/Developer/SDKs/MacOSX27.0.sdk/System/Library/Frameworks/AppKit.framework/Headers/NSWorkspace.h:400:1: note: 'absolutePathForAppBundleWithIdentifier:' has been explicitly marked deprecated here
  400 | - (nullable NSString *)absolutePathForAppBundleWithIdentifier:(NSString *)bundleIdentifier API_DEPRECATED("Use -[NSWorkspace URLForApplicationWithBundleIdentifier:] instead.", macos(10.0, 11.0));
      | ^
/Users/cam/Documents/Projects/ultima-iv-web/vlc-thumbs/work/upstream/vlc-master-story005/extras/package/macosx/../../../modules/gui/macosx/preferences/VLCSimplePrefsController.m:1384:62: warning: 'LSCopyAllHandlersForURLScheme' is deprecated: first deprecated in macOS 10.15 - Use -[NSWorkspace URLsForApplicationsToOpenURL:] instead. [-Wdeprecated-declarations]
 1384 |             NSArray *handlers = (__bridge_transfer NSArray *)LSCopyAllHandlersForURLScheme((__bridge CFStringRef)protocol);
      |                                                              ^
/Applications/Xcode.app/Contents/Developer/Platforms/MacOSX.platform/Developer/SDKs/MacOSX27.0.sdk/System/Library/Frameworks/CoreServices.framework/Frameworks/LaunchServices.framework/Headers/LSInfo.h:355:1: note: 'LSCopyAllHandlersForURLScheme' has been explicitly marked deprecated here
  355 | LSCopyAllHandlersForURLScheme(CFStringRef inURLScheme)               API_DEPRECATED("Use -[NSWorkspace URLsForApplicationsToOpenURL:] instead.", macos(10.4, 10.15)) API_UNAVAILABLE(ios, watchos, tvos);
      | ^
/Users/cam/Documents/Projects/ultima-iv-web/vlc-thumbs/work/upstream/vlc-master-story005/extras/package/macosx/../../../modules/gui/macosx/preferences/VLCSimplePrefsController.m:1397:89: warning: 'LSCopyDefaultHandlerForURLScheme' is deprecated: first deprecated in macOS 10.15 - Use -[NSWorkspace URLForApplicationToOpenURL:] instead. [-Wdeprecated-declarations]
 1397 |             [object selectItemAtIndex: [rawHandlers indexOfObject:(__bridge_transfer id)LSCopyDefaultHandlerForURLScheme((__bridge CFStringRef)protocol)]];
      |                                                                                         ^
/Applications/Xcode.app/Contents/Developer/Platforms/MacOSX.platform/Developer/SDKs/MacOSX27.0.sdk/System/Library/Frameworks/CoreServices.framework/Frameworks/LaunchServices.framework/Headers/LSInfo.h:337:1: note: 'LSCopyDefaultHandlerForURLScheme' has been explicitly marked deprecated here
  337 | LSCopyDefaultHandlerForURLScheme(CFStringRef inURLScheme)            API_DEPRECATED("Use -[NSWorkspace URLForApplicationToOpenURL:] instead.", macos(10.4, 10.15)) API_UNAVAILABLE(ios, watchos, tvos);
      | ^
  OBJC     gui/macosx/views/iCarousel/libmacosx_plugin_la-iCarousel.lo
22 warnings generated.
  OBJC     gui/macosx/views/libmacosx_plugin_la-VLCBasicView.lo
  OBJC     gui/macosx/views/libmacosx_plugin_la-VLCBottomBarView.lo
/Users/cam/Documents/Projects/ultima-iv-web/vlc-thumbs/work/upstream/vlc-master-story005/extras/package/macosx/../../../modules/gui/macosx/preferences/prefs_widgets.m:947:9: warning: 'NSMomentaryPushInButton' is deprecated: first deprecated in macOS 10.14 [-Wdeprecated-declarations]
  947 |         ADD_RIGHT_BUTTON(o_button, mainFrame, 0, 0, o_itemTooltip,
      |         ^
/Users/cam/Documents/Projects/ultima-iv-web/vlc-thumbs/work/upstream/vlc-master-story005/extras/package/macosx/../../../modules/gui/macosx/preferences/prefs_widgets.m:129:30: note: expanded from macro 'ADD_RIGHT_BUTTON'
  129 |     [o_button setButtonType: NSMomentaryPushInButton];                      \
      |                              ^
/Applications/Xcode.app/Contents/Developer/Platforms/MacOSX.platform/Developer/SDKs/MacOSX27.0.sdk/System/Library/Frameworks/AppKit.framework/Headers/NSButtonCell.h:147:27: note: 'NSMomentaryPushInButton' has been explicitly marked deprecated here
  147 | static const NSButtonType NSMomentaryPushInButton API_DEPRECATED_WITH_REPLACEMENT("NSButtonTypeMomentaryPushIn", macos(10.0,10.14)) = NSButtonTypeMomentaryPushIn;
      |                           ^
/Users/cam/Documents/Projects/ultima-iv-web/vlc-thumbs/work/upstream/vlc-master-story005/extras/package/macosx/../../../modules/gui/macosx/preferences/prefs_widgets.m:947:9: warning: 'NSRoundedBezelStyle' is deprecated: first deprecated in macOS 10.14 [-Wdeprecated-declarations]
  947 |         ADD_RIGHT_BUTTON(o_button, mainFrame, 0, 0, o_itemTooltip,
      |         ^
/Users/cam/Documents/Projects/ultima-iv-web/vlc-thumbs/work/upstream/vlc-master-story005/extras/package/macosx/../../../modules/gui/macosx/preferences/prefs_widgets.m:130:30: note: expanded from macro 'ADD_RIGHT_BUTTON'
  130 |     [o_button setBezelStyle: NSRoundedBezelStyle];                          \
      |                              ^
/Applications/Xcode.app/Contents/Developer/Platforms/MacOSX.platform/Developer/SDKs/MacOSX27.0.sdk/System/Library/Frameworks/AppKit.framework/Headers/NSButtonCell.h:155:27: note: 'NSRoundedBezelStyle' has been explicitly marked deprecated here
  155 | static const NSBezelStyle NSRoundedBezelStyle API_DEPRECATED_WITH_REPLACEMENT("NSBezelStylePush", macos(10.0,10.14)) = NSBezelStylePush;
      |                           ^
/Users/cam/Documents/Projects/ultima-iv-web/vlc-thumbs/work/upstream/vlc-master-story005/extras/package/macosx/../../../modules/gui/macosx/preferences/prefs_widgets.m:1674:9: warning: 'NSSwitchButton' is deprecated: first deprecated in macOS 10.14 [-Wdeprecated-declarations]
 1674 |         ADD_CHECKBOX(o_checkbox, mainFrame, 0,
      |         ^
/Users/cam/Documents/Projects/ultima-iv-web/vlc-thumbs/work/upstream/vlc-master-story005/extras/package/macosx/../../../modules/gui/macosx/preferences/prefs_widgets.m:203:32: note: expanded from macro 'ADD_CHECKBOX'
  203 |     [o_checkbox setButtonType: NSSwitchButton];                             \
      |                                ^
/Applications/Xcode.app/Contents/Developer/Platforms/MacOSX.platform/Developer/SDKs/MacOSX27.0.sdk/System/Library/Frameworks/AppKit.framework/Headers/NSButtonCell.h:143:27: note: 'NSSwitchButton' has been explicitly marked deprecated here
  143 | static const NSButtonType NSSwitchButton API_DEPRECATED_WITH_REPLACEMENT("NSButtonTypeSwitch", macos(10.0,10.14)) = NSButtonTypeSwitch;
      |                           ^
/Users/cam/Documents/Projects/ultima-iv-web/vlc-thumbs/work/upstream/vlc-master-story005/extras/package/macosx/../../../modules/gui/macosx/preferences/prefs_widgets.m:1910:2: warning: Reset prefs of the module selector is broken atm. [-W#warnings]
 1910 | #warning Reset prefs of the module selector is broken atm.
      |  ^
/Users/cam/Documents/Projects/ultima-iv-web/vlc-thumbs/work/upstream/vlc-master-story005/extras/package/macosx/../../../modules/gui/macosx/preferences/prefs_widgets.m:1817:46: warning: 'NSSwitchButton' is deprecated: first deprecated in macOS 10.14 [-Wdeprecated-declarations]
 1817 |     [(NSButtonCell*)o_dataCell setButtonType:NSSwitchButton];
      |                                              ^~~~~~~~~~~~~~
      |                                              NSButtonTypeSwitch
/Applications/Xcode.app/Contents/Developer/Platforms/MacOSX.platform/Developer/SDKs/MacOSX27.0.sdk/System/Library/Frameworks/AppKit.framework/Headers/NSButtonCell.h:143:27: note: 'NSSwitchButton' has been explicitly marked deprecated here
  143 | static const NSButtonType NSSwitchButton API_DEPRECATED_WITH_REPLACEMENT("NSButtonTypeSwitch", macos(10.0,10.14)) = NSButtonTypeSwitch;
      |                           ^
/Users/cam/Documents/Projects/ultima-iv-web/vlc-thumbs/work/upstream/vlc-master-story005/extras/package/macosx/../../../modules/gui/macosx/views/iCarousel/iCarousel.m:386:76: warning: cast from 'NSComparisonResult (*)(UIView *__strong, UIView *__strong, iCarousel *__strong)' (aka 'enum NSComparisonResult (*)(NSView *__strong, NSView *__strong, iCarousel *__strong)') to 'NSInteger (*)(__strong id, __strong id, void *)' (aka 'long (*)(__strong id, __strong id, void *)') converts to incompatible function type [-Wcast-function-type-mismatch]
  386 |     for (UIView *view in [[[_itemViews allValues] sortedArrayUsingFunction:(NSInteger (*)(id, id, void *))compareViewDepth context:(__bridge void *)self] reverseObjectEnumerator])
      |                                                                            ^~~~~~~~~~~~~~~~~~~~~~~~~~~~~~~~~~~~~~~~~~~~~~~
/Users/cam/Documents/Projects/ultima-iv-web/vlc-thumbs/work/upstream/vlc-master-story005/extras/package/macosx/../../../modules/gui/macosx/views/iCarousel/iCarousel.m:2234:156: warning: unused parameter 'timer' [-Wunused-parameter]
 2234 |             self.postInteractTimer = [NSTimer scheduledTimerWithTimeInterval:self.reenablePostInteractAutoscrollTimeout repeats:NO block:^(NSTimer * const timer){
      |                                                                                                                                                            ^
5 warnings generated.
  OBJC     gui/macosx/views/libmacosx_plugin_la-VLCDefaultValueSlider.lo
2 warnings generated.
  OBJC     gui/macosx/views/libmacosx_plugin_la-VLCDefaultValueSliderCell.lo
  OBJC     gui/macosx/views/libmacosx_plugin_la-VLCDragDropView.lo
  OBJC     gui/macosx/views/libmacosx_plugin_la-VLCFileDragRecognisingView.lo
  OBJC     gui/macosx/views/libmacosx_plugin_la-VLCImageButton.lo
  OBJC     gui/macosx/views/libmacosx_plugin_la-VLCImageView.lo
  OBJC     gui/macosx/views/libmacosx_plugin_la-VLCLibraryRatingIndicator.lo
/Users/cam/Documents/Projects/ultima-iv-web/vlc-thumbs/work/upstream/vlc-master-story005/extras/package/macosx/../../../modules/gui/macosx/views/VLCFileDragRecognisingView.m:96:61: warning: 'NSFilenamesPboardType' is deprecated: first deprecated in macOS 10.14 - Create multiple pasteboard items with NSPasteboardTypeFileURL or kUTTypeFileURL instead [-Wdeprecated-declarations]
   96 |     const id propertyList = [pasteboard propertyListForType:NSFilenamesPboardType];
      |                                                             ^
/Applications/Xcode.app/Contents/Developer/Platforms/MacOSX.platform/Developer/SDKs/MacOSX27.0.sdk/System/Library/Frameworks/AppKit.framework/Headers/NSPasteboard.h:505:32: note: 'NSFilenamesPboardType' has been explicitly marked deprecated here
  505 | APPKIT_EXTERN NSPasteboardType NSFilenamesPboardType API_DEPRECATED("Create multiple pasteboard items with NSPasteboardTypeFileURL or kUTTypeFileURL instead", macos(10.0,10.14));
      |                                ^
/Users/cam/Documents/Projects/ultima-iv-web/vlc-thumbs/work/upstream/vlc-master-story005/extras/package/macosx/../../../modules/gui/macosx/views/VLCFileDragRecognisingView.m:165:9: warning: 'NSFilenamesPboardType' is deprecated: first deprecated in macOS 10.14 - Create multiple pasteboard items with NSPasteboardTypeFileURL or kUTTypeFileURL instead [-Wdeprecated-declarations]
  165 |         NSFilenamesPboardType
      |         ^
/Applications/Xcode.app/Contents/Developer/Platforms/MacOSX.platform/Developer/SDKs/MacOSX27.0.sdk/System/Library/Frameworks/AppKit.framework/Headers/NSPasteboard.h:505:32: note: 'NSFilenamesPboardType' has been explicitly marked deprecated here
  505 | APPKIT_EXTERN NSPasteboardType NSFilenamesPboardType API_DEPRECATED("Create multiple pasteboard items with NSPasteboardTypeFileURL or kUTTypeFileURL instead", macos(10.0,10.14));
      |                                ^
2 warnings generated.
  OBJC     gui/macosx/views/libmacosx_plugin_la-VLCLinearProgressIndicator.lo
  OBJC     gui/macosx/views/libmacosx_plugin_la-VLCLoadingOverlayView.lo
  OBJC     gui/macosx/views/libmacosx_plugin_la-VLCMediaItemCollectionViewItem.lo
  OBJC     gui/macosx/views/libmacosx_plugin_la-VLCNoResultsLabel.lo
  OBJC     gui/macosx/views/libmacosx_plugin_la-VLCPlaybackEndViewController.lo
  OBJC     gui/macosx/views/libmacosx_plugin_la-VLCPlaybackProgressSlider.lo
  OBJC     gui/macosx/views/libmacosx_plugin_la-VLCPlaybackProgressSliderCell.lo
  OBJC     gui/macosx/views/libmacosx_plugin_la-VLCRoundedCornerTextField.lo
  OBJC     gui/macosx/views/libmacosx_plugin_la-VLCScrollingClipView.lo
  OBJC     gui/macosx/views/libmacosx_plugin_la-VLCSettingTextField.lo
  OBJC     gui/macosx/views/libmacosx_plugin_la-VLCSnowEffectView.lo
/Users/cam/Documents/Projects/ultima-iv-web/vlc-thumbs/work/upstream/vlc-master-story005/extras/package/macosx/../../../modules/gui/macosx/views/VLCPlaybackProgressSliderCell.m:94:5: warning: 'CVDisplayLinkRelease' is deprecated: first deprecated in macOS 15.0 - use NSView.displayLink(target:selector:), NSWindow.displayLink(target:selector:), or NSScreen.displayLink(target:selector:)  [-Wdeprecated-declarations]
   94 |     CVDisplayLinkRelease(_displayLink);
      |     ^
/Applications/Xcode.app/Contents/Developer/Platforms/MacOSX.platform/Developer/SDKs/MacOSX27.0.sdk/System/Library/Frameworks/CoreVideo.framework/Headers/CVDisplayLink.h:249:16: note: 'CVDisplayLinkRelease' has been explicitly marked deprecated here
  249 | CV_EXPORT void CVDisplayLinkRelease( CV_RELEASES_ARGUMENT CVDisplayLinkRef CV_NULLABLE displayLink );
      |                ^
/Users/cam/Documents/Projects/ultima-iv-web/vlc-thumbs/work/upstream/vlc-master-story005/extras/package/macosx/../../../modules/gui/macosx/views/VLCPlaybackProgressSliderCell.m:99:26: warning: 'CVDisplayLinkCreateWithActiveCGDisplays' is deprecated: first deprecated in macOS 15.0 - use NSView.displayLink(target:selector:), NSWindow.displayLink(target:selector:), or NSScreen.displayLink(target:selector:)  [-Wdeprecated-declarations]
   99 |     const CVReturn ret = CVDisplayLinkCreateWithActiveCGDisplays(&_displayLink);
      |                          ^
/Applications/Xcode.app/Contents/Developer/Platforms/MacOSX.platform/Developer/SDKs/MacOSX27.0.sdk/System/Library/Frameworks/CoreVideo.framework/Headers/CVDisplayLink.h:99:20: note: 'CVDisplayLinkCreateWithActiveCGDisplays' has been explicitly marked deprecated here
   99 | CV_EXPORT CVReturn CVDisplayLinkCreateWithActiveCGDisplays(
      |                    ^
/Users/cam/Documents/Projects/ultima-iv-web/vlc-thumbs/work/upstream/vlc-master-story005/extras/package/macosx/../../../modules/gui/macosx/views/VLCPlaybackProgressSliderCell.m:101:5: warning: 'CVDisplayLinkSetOutputCallback' is deprecated: first deprecated in macOS 15.0 - use NSView.displayLink(target:selector:), NSWindow.displayLink(target:selector:), or NSScreen.displayLink(target:selector:)  [-Wdeprecated-declarations]
  101 |     CVDisplayLinkSetOutputCallback(_displayLink, DisplayLinkCallback, (__bridge void*) self);
      |     ^
/Applications/Xcode.app/Contents/Developer/Platforms/MacOSX.platform/Developer/SDKs/MacOSX27.0.sdk/System/Library/Frameworks/CoreVideo.framework/Headers/CVDisplayLink.h:143:20: note: 'CVDisplayLinkSetOutputCallback' has been explicitly marked deprecated here
  143 | CV_EXPORT CVReturn CVDisplayLinkSetOutputCallback( CVDisplayLinkRef CV_NONNULL displayLink, CVDisplayLinkOutputCallback CV_NULLABLE callback, void * CV_NULLABLE userInfo );
      |                    ^
/Users/cam/Documents/Projects/ultima-iv-web/vlc-thumbs/work/upstream/vlc-master-story005/extras/package/macosx/../../../modules/gui/macosx/views/VLCPlaybackProgressSliderCell.m:268:26: warning: 'CVDisplayLinkStart' is deprecated: first deprecated in macOS 15.0 - use NSView.displayLink(target:selector:), NSWindow.displayLink(target:selector:), or NSScreen.displayLink(target:selector:)  [-Wdeprecated-declarations]
  268 |     const CVReturn err = CVDisplayLinkStart(_displayLink);
      |                          ^
/Applications/Xcode.app/Contents/Developer/Platforms/MacOSX.platform/Developer/SDKs/MacOSX27.0.sdk/System/Library/Frameworks/CoreVideo.framework/Headers/CVDisplayLink.h:164:20: note: 'CVDisplayLinkStart' has been explicitly marked deprecated here
  164 | CV_EXPORT CVReturn CVDisplayLinkStart( CVDisplayLinkRef CV_NONNULL displayLink );
      |                    ^
/Users/cam/Documents/Projects/ultima-iv-web/vlc-thumbs/work/upstream/vlc-master-story005/extras/package/macosx/../../../modules/gui/macosx/views/VLCPlaybackProgressSliderCell.m:276:5: warning: 'CVDisplayLinkStop' is deprecated: first deprecated in macOS 15.0 - use NSView.displayLink(target:selector:), NSWindow.displayLink(target:selector:), or NSScreen.displayLink(target:selector:)  [-Wdeprecated-declarations]
  276 |     CVDisplayLinkStop(_displayLink);
      |     ^
/Applications/Xcode.app/Contents/Developer/Platforms/MacOSX.platform/Developer/SDKs/MacOSX27.0.sdk/System/Library/Frameworks/CoreVideo.framework/Headers/CVDisplayLink.h:173:20: note: 'CVDisplayLinkStop' has been explicitly marked deprecated here
  173 | CV_EXPORT CVReturn CVDisplayLinkStop( CVDisplayLinkRef CV_NONNULL displayLink );
      |                    ^
5 warnings generated.
  OBJC     gui/macosx/views/libmacosx_plugin_la-VLCSpacingConstraint.lo
  OBJC     gui/macosx/views/libmacosx_plugin_la-VLCStackView.lo
  OBJC     gui/macosx/views/libmacosx_plugin_la-VLCStatusNotifierView.lo
  OBJC     gui/macosx/views/libmacosx_plugin_la-VLCSubScrollView.lo
  OBJC     gui/macosx/views/libmacosx_plugin_la-VLCTimeField.lo
  OBJC     gui/macosx/views/libmacosx_plugin_la-VLCTimeFormatter.lo
  OBJC     gui/macosx/views/libmacosx_plugin_la-VLCTrackingView.lo
  OBJC     gui/macosx/views/libmacosx_plugin_la-VLCUIUnits.lo
  OBJC     gui/macosx/views/libmacosx_plugin_la-VLCVolumeSlider.lo
/Users/cam/Documents/Projects/ultima-iv-web/vlc-thumbs/work/upstream/vlc-master-story005/extras/package/macosx/../../../modules/gui/macosx/views/VLCTrackingView.m:97:104: warning: unused parameter 'context' [-Wunused-parameter]
   97 |                                                                   changes:^(NSAnimationContext * const context) {
      |                                                                                                        ^
1 warning generated.
  OBJC     gui/macosx/views/libmacosx_plugin_la-VLCVolumeSliderCell.lo
  OBJC     gui/macosx/windows/libmacosx_plugin_la-VLCAboutWindowController.lo
  OBJC     gui/macosx/windows/libmacosx_plugin_la-VLCConnectToServerDialog.lo
  OBJC     gui/macosx/windows/libmacosx_plugin_la-VLCDetachedAudioWindow.lo
  OBJC     gui/macosx/windows/libmacosx_plugin_la-VLCErrorWindowController.lo
  OBJC     gui/macosx/windows/libmacosx_plugin_la-VLCHelpWindowController.lo
/Users/cam/Documents/Projects/ultima-iv-web/vlc-thumbs/work/upstream/vlc-master-story005/extras/package/macosx/../../../modules/gui/macosx/windows/VLCErrorWindowController.m:72:53: warning: 'iconForFileType:' is deprecated: first deprecated in macOS 12.0 - Use -[NSWorkspace iconForContentType:] instead. [-Wdeprecated-declarations]
   72 |     [_icons addObject: [NSWorkspace.sharedWorkspace iconForFileType:NSFileTypeForHFSTypeCode(kAlertStopIcon)]];
      |                                                     ^
/Applications/Xcode.app/Contents/Developer/Platforms/MacOSX.platform/Developer/SDKs/MacOSX27.0.sdk/System/Library/Frameworks/AppKit.framework/Headers/NSWorkspace.h:456:1: note: 'iconForFileType:' has been explicitly marked deprecated here
  456 | - (NSImage *)iconForFileType:(NSString *)fileType API_DEPRECATED("Use -[NSWorkspace iconForContentType:] instead.", macos(10.0, 12.0));
      | ^
1 warning generated.
  OBJC     gui/macosx/windows/libmacosx_plugin_la-VLCOpenInputMetadata.lo
  OBJC     gui/macosx/windows/libmacosx_plugin_la-VLCOpenWindowController.lo
  OBJC     gui/macosx/windows/addons/libmacosx_plugin_la-VLCAddonListItem.lo
  OBJC     gui/macosx/windows/addons/libmacosx_plugin_la-VLCAddonsWindowController.lo
  OBJC     gui/macosx/windows/convertandsave/libmacosx_plugin_la-VLCConvertAndSaveWindowController.lo
  OBJC     gui/macosx/windows/convertandsave/libmacosx_plugin_la-VLCOutput.lo
/Users/cam/Documents/Projects/ultima-iv-web/vlc-thumbs/work/upstream/vlc-master-story005/extras/package/macosx/../../../modules/gui/macosx/windows/VLCOpenWindowController.m:384:37: warning: 'NSOffState' is deprecated: first deprecated in macOS 10.14 [-Wdeprecated-declarations]
  384 |         [_fileSubCheckbox setState: NSOffState];
      |                                     ^~~~~~~~~~
      |                                     NSControlStateValueOff
/Applications/Xcode.app/Contents/Developer/Platforms/MacOSX.platform/Developer/SDKs/MacOSX27.0.sdk/System/Library/Frameworks/AppKit.framework/Headers/NSCell.h:354:34: note: 'NSOffState' has been explicitly marked deprecated here
  354 | static const NSControlStateValue NSOffState API_DEPRECATED_WITH_REPLACEMENT("NSControlStateValueOff", macos(10.0,10.14)) = NSControlStateValueOff;
      |                                  ^
/Users/cam/Documents/Projects/ultima-iv-web/vlc-thumbs/work/upstream/vlc-master-story005/extras/package/macosx/../../../modules/gui/macosx/windows/VLCOpenWindowController.m:403:37: warning: 'NSOnState' is deprecated: first deprecated in macOS 10.14 [-Wdeprecated-declarations]
  403 |     if ([_fileSubCheckbox state] == NSOnState) {
      |                                     ^~~~~~~~~
      |                                     NSControlStateValueOn
/Applications/Xcode.app/Contents/Developer/Platforms/MacOSX.platform/Developer/SDKs/MacOSX27.0.sdk/System/Library/Frameworks/AppKit.framework/Headers/NSCell.h:355:34: note: 'NSOnState' has been explicitly marked deprecated here
  355 | static const NSControlStateValue NSOnState API_DEPRECATED_WITH_REPLACEMENT("NSControlStateValueOn", macos(10.0,10.14)) = NSControlStateValueOn;
      |                                  ^
/Users/cam/Documents/Projects/ultima-iv-web/vlc-thumbs/work/upstream/vlc-master-story005/extras/package/macosx/../../../modules/gui/macosx/windows/VLCOpenWindowController.m:406:46: warning: 'NSOnState' is deprecated: first deprecated in macOS 10.14 [-Wdeprecated-declarations]
  406 |     if ([_fileCustomTimingCheckbox state] == NSOnState) {
      |                                              ^~~~~~~~~
      |                                              NSControlStateValueOn
/Applications/Xcode.app/Contents/Developer/Platforms/MacOSX.platform/Developer/SDKs/MacOSX27.0.sdk/System/Library/Frameworks/AppKit.framework/Headers/NSCell.h:355:34: note: 'NSOnState' has been explicitly marked deprecated here
  355 | static const NSControlStateValue NSOnState API_DEPRECATED_WITH_REPLACEMENT("NSControlStateValueOn", macos(10.0,10.14)) = NSControlStateValueOn;
      |                                  ^
/Users/cam/Documents/Projects/ultima-iv-web/vlc-thumbs/work/upstream/vlc-master-story005/extras/package/macosx/../../../modules/gui/macosx/windows/VLCOpenWindowController.m:409:36: warning: 'NSOnState' is deprecated: first deprecated in macOS 10.14 [-Wdeprecated-declarations]
  409 |     if ([_outputCheckbox state] == NSOnState) {
      |                                    ^~~~~~~~~
      |                                    NSControlStateValueOn
/Applications/Xcode.app/Contents/Developer/Platforms/MacOSX.platform/Developer/SDKs/MacOSX27.0.sdk/System/Library/Frameworks/AppKit.framework/Headers/NSCell.h:355:34: note: 'NSOnState' has been explicitly marked deprecated here
  355 | static const NSControlStateValue NSOnState API_DEPRECATED_WITH_REPLACEMENT("NSControlStateValueOn", macos(10.0,10.14)) = NSControlStateValueOn;
      |                                  ^
/Users/cam/Documents/Projects/ultima-iv-web/vlc-thumbs/work/upstream/vlc-master-story005/extras/package/macosx/../../../modules/gui/macosx/windows/VLCOpenWindowController.m:432:45: warning: 'NSOnState' is deprecated: first deprecated in macOS 10.14 [-Wdeprecated-declarations]
  432 |     if ([_fileSubOverrideCheckbox state] == NSOnState) {
      |                                             ^~~~~~~~~
      |                                             NSControlStateValueOn
/Applications/Xcode.app/Contents/Developer/Platforms/MacOSX.platform/Developer/SDKs/MacOSX27.0.sdk/System/Library/Frameworks/AppKit.framework/Headers/NSCell.h:355:34: note: 'NSOnState' has been explicitly marked deprecated here
  355 | static const NSControlStateValue NSOnState API_DEPRECATED_WITH_REPLACEMENT("NSControlStateValueOn", macos(10.0,10.14)) = NSControlStateValueOn;
      |                                  ^
/Users/cam/Documents/Projects/ultima-iv-web/vlc-thumbs/work/upstream/vlc-master-story005/extras/package/macosx/../../../modules/gui/macosx/windows/VLCOpenWindowController.m:508:35: warning: 'NSOffState' is deprecated: first deprecated in macOS 10.14 [-Wdeprecated-declarations]
  508 |         if ([_mrlButton state] == NSOffState) {
      |                                   ^~~~~~~~~~
      |                                   NSControlStateValueOff
/Applications/Xcode.app/Contents/Developer/Platforms/MacOSX.platform/Developer/SDKs/MacOSX27.0.sdk/System/Library/Frameworks/AppKit.framework/Headers/NSCell.h:354:34: note: 'NSOffState' has been explicitly marked deprecated here
  354 | static const NSControlStateValue NSOffState API_DEPRECATED_WITH_REPLACEMENT("NSControlStateValueOff", macos(10.0,10.14)) = NSControlStateValueOff;
      |                                  ^
/Users/cam/Documents/Projects/ultima-iv-web/vlc-thumbs/work/upstream/vlc-master-story005/extras/package/macosx/../../../modules/gui/macosx/windows/VLCOpenWindowController.m:552:16: warning: 'setAllowedFileTypes:' is deprecated: first deprecated in macOS 12.0 - Use -allowedContentTypes instead [-Wdeprecated-declarations]
  552 |     [openPanel setAllowedFileTypes:[NSString extensionsArrayFromVLCStyleString:EXTENSIONS_MEDIA]];
      |                ^
/Applications/Xcode.app/Contents/Developer/Platforms/MacOSX.platform/Developer/SDKs/MacOSX27.0.sdk/System/Library/Frameworks/AppKit.framework/Headers/NSSavePanel.h:289:49: note: property 'allowedFileTypes' is declared deprecated here
  289 | @property (nullable, copy) NSArray<NSString *> *allowedFileTypes API_DEPRECATED("Use -allowedContentTypes instead", macos(10.3,12.0));
      |                                                 ^
/Applications/Xcode.app/Contents/Developer/Platforms/MacOSX.platform/Developer/SDKs/MacOSX27.0.sdk/System/Library/Frameworks/AppKit.framework/Headers/NSSavePanel.h:289:49: note: 'setAllowedFileTypes:' has been explicitly marked deprecated here
/Users/cam/Documents/Projects/ultima-iv-web/vlc-thumbs/work/upstream/vlc-master-story005/extras/package/macosx/../../../modules/gui/macosx/windows/VLCOpenWindowController.m:635:16: warning: 'setAllowedFileTypes:' is deprecated: first deprecated in macOS 12.0 - Use -allowedContentTypes instead [-Wdeprecated-declarations]
  635 |     [openPanel setAllowedFileTypes:[NSString extensionsArrayFromVLCStyleString:EXTENSIONS_MEDIA]];
      |                ^
/Applications/Xcode.app/Contents/Developer/Platforms/MacOSX.platform/Developer/SDKs/MacOSX27.0.sdk/System/Library/Frameworks/AppKit.framework/Headers/NSSavePanel.h:289:49: note: property 'allowedFileTypes' is declared deprecated here
  289 | @property (nullable, copy) NSArray<NSString *> *allowedFileTypes API_DEPRECATED("Use -allowedContentTypes instead", macos(10.3,12.0));
      |                                                 ^
/Applications/Xcode.app/Contents/Developer/Platforms/MacOSX.platform/Developer/SDKs/MacOSX27.0.sdk/System/Library/Frameworks/AppKit.framework/Headers/NSSavePanel.h:289:49: note: 'setAllowedFileTypes:' has been explicitly marked deprecated here
/Users/cam/Documents/Projects/ultima-iv-web/vlc-thumbs/work/upstream/vlc-master-story005/extras/package/macosx/../../../modules/gui/macosx/windows/VLCOpenWindowController.m:660:20: warning: 'setAllowedFileTypes:' is deprecated: first deprecated in macOS 12.0 - Use -allowedContentTypes instead [-Wdeprecated-declarations]
  660 |         [openPanel setAllowedFileTypes:[NSString extensionsArrayFromVLCStyleString:EXTENSIONS_MEDIA]];
      |                    ^
/Applications/Xcode.app/Contents/Developer/Platforms/MacOSX.platform/Developer/SDKs/MacOSX27.0.sdk/System/Library/Frameworks/AppKit.framework/Headers/NSSavePanel.h:289:49: note: property 'allowedFileTypes' is declared deprecated here
  289 | @property (nullable, copy) NSArray<NSString *> *allowedFileTypes API_DEPRECATED("Use -allowedContentTypes instead", macos(10.3,12.0));
      |                                                 ^
/Applications/Xcode.app/Contents/Developer/Platforms/MacOSX.platform/Developer/SDKs/MacOSX27.0.sdk/System/Library/Frameworks/AppKit.framework/Headers/NSSavePanel.h:289:49: note: 'setAllowedFileTypes:' has been explicitly marked deprecated here
/Users/cam/Documents/Projects/ultima-iv-web/vlc-thumbs/work/upstream/vlc-master-story005/extras/package/macosx/../../../modules/gui/macosx/windows/VLCOpenWindowController.m:665:57: warning: 'NSOnState' is deprecated: first deprecated in macOS 10.14 [-Wdeprecated-declarations]
  665 |     if (_fileSlavePath && [_fileSlaveCheckbox state] == NSOnState) {
      |                                                         ^~~~~~~~~
      |                                                         NSControlStateValueOn
/Applications/Xcode.app/Contents/Developer/Platforms/MacOSX.platform/Developer/SDKs/MacOSX27.0.sdk/System/Library/Frameworks/AppKit.framework/Headers/NSCell.h:355:34: note: 'NSOnState' has been explicitly marked deprecated here
  355 | static const NSControlStateValue NSOnState API_DEPRECATED_WITH_REPLACEMENT("NSControlStateValueOn", macos(10.0,10.14)) = NSControlStateValueOn;
      |                                  ^
/Users/cam/Documents/Projects/ultima-iv-web/vlc-thumbs/work/upstream/vlc-master-story005/extras/package/macosx/../../../modules/gui/macosx/windows/VLCOpenWindowController.m:900:16: warning: 'setAllowedFileTypes:' is deprecated: first deprecated in macOS 12.0 - Use -allowedContentTypes instead [-Wdeprecated-declarations]
  900 |     [openPanel setAllowedFileTypes:[NSArray arrayWithObject:@"public.directory"]];
      |                ^
/Applications/Xcode.app/Contents/Developer/Platforms/MacOSX.platform/Developer/SDKs/MacOSX27.0.sdk/System/Library/Frameworks/AppKit.framework/Headers/NSSavePanel.h:289:49: note: property 'allowedFileTypes' is declared deprecated here
  289 | @property (nullable, copy) NSArray<NSString *> *allowedFileTypes API_DEPRECATED("Use -allowedContentTypes instead", macos(10.3,12.0));
      |                                                 ^
/Applications/Xcode.app/Contents/Developer/Platforms/MacOSX.platform/Developer/SDKs/MacOSX27.0.sdk/System/Library/Frameworks/AppKit.framework/Headers/NSSavePanel.h:289:49: note: 'setAllowedFileTypes:' has been explicitly marked deprecated here
/Users/cam/Documents/Projects/ultima-iv-web/vlc-thumbs/work/upstream/vlc-master-story005/extras/package/macosx/../../../modules/gui/macosx/windows/VLCOpenWindowController.m:1244:37: warning: 'NSOnState' is deprecated: first deprecated in macOS 10.14 [-Wdeprecated-declarations]
 1244 |     if ([_fileSubCheckbox state] == NSOnState) {
      |                                     ^~~~~~~~~
      |                                     NSControlStateValueOn
/Applications/Xcode.app/Contents/Developer/Platforms/MacOSX.platform/Developer/SDKs/MacOSX27.0.sdk/System/Library/Frameworks/AppKit.framework/Headers/NSCell.h:355:34: note: 'NSOnState' has been explicitly marked deprecated here
  355 | static const NSControlStateValue NSOnState API_DEPRECATED_WITH_REPLACEMENT("NSControlStateValueOn", macos(10.0,10.14)) = NSControlStateValueOn;
      |                                  ^
/Users/cam/Documents/Projects/ultima-iv-web/vlc-thumbs/work/upstream/vlc-master-story005/extras/package/macosx/../../../modules/gui/macosx/windows/VLCOpenWindowController.m:1273:16: warning: 'setAllowedFileTypes:' is deprecated: first deprecated in macOS 12.0 - Use -allowedContentTypes instead [-Wdeprecated-declarations]
 1273 |     [openPanel setAllowedFileTypes:[NSString extensionsArrayFromVLCStyleString:EXTENSIONS_SUBTITLE]];
      |                ^
/Applications/Xcode.app/Contents/Developer/Platforms/MacOSX.platform/Developer/SDKs/MacOSX27.0.sdk/System/Library/Frameworks/AppKit.framework/Headers/NSSavePanel.h:289:49: note: property 'allowedFileTypes' is declared deprecated here
  289 | @property (nullable, copy) NSArray<NSString *> *allowedFileTypes API_DEPRECATED("Use -allowedContentTypes instead", macos(10.3,12.0));
      |                                                 ^
/Applications/Xcode.app/Contents/Developer/Platforms/MacOSX.platform/Developer/SDKs/MacOSX27.0.sdk/System/Library/Frameworks/AppKit.framework/Headers/NSSavePanel.h:289:49: note: 'setAllowedFileTypes:' has been explicitly marked deprecated here
/Users/cam/Documents/Projects/ultima-iv-web/vlc-thumbs/work/upstream/vlc-master-story005/extras/package/macosx/../../../modules/gui/macosx/windows/VLCOpenWindowController.m:1322:41: warning: 'devicesWithMediaType:' is deprecated: first deprecated in macOS 10.15 - Use AVCaptureDeviceDiscoverySession instead. [-Wdeprecated-declarations]
 1322 |     _avvideoDevices = [[AVCaptureDevice devicesWithMediaType:AVMediaTypeVideo]
      |                                         ^
/Applications/Xcode.app/Contents/Developer/Platforms/MacOSX.platform/Developer/SDKs/MacOSX27.0.sdk/System/Library/Frameworks/AVFoundation.framework/Headers/AVCaptureDevice.h:168:1: note: 'devicesWithMediaType:' has been explicitly marked deprecated here
  168 | + (NSArray<AVCaptureDevice *> *)devicesWithMediaType:(AVMediaType)mediaType API_DEPRECATED("Use AVCaptureDeviceDiscoverySession instead.", ios(4.0, 10.0), macos(10.7, 10.15)) API_UNAVAILABLE(visionos) API_UNAVAILABLE(tvos);
      | ^
/Users/cam/Documents/Projects/ultima-iv-web/vlc-thumbs/work/upstream/vlc-master-story005/extras/package/macosx/../../../modules/gui/macosx/windows/VLCOpenWindowController.m:1323:73: warning: 'devicesWithMediaType:' is deprecated: first deprecated in macOS 10.15 - Use AVCaptureDeviceDiscoverySession instead. [-Wdeprecated-declarations]
 1323 |                          arrayByAddingObjectsFromArray:[AVCaptureDevice devicesWithMediaType:AVMediaTypeMuxed]];
      |                                                                         ^
/Applications/Xcode.app/Contents/Developer/Platforms/MacOSX.platform/Developer/SDKs/MacOSX27.0.sdk/System/Library/Frameworks/AVFoundation.framework/Headers/AVCaptureDevice.h:168:1: note: 'devicesWithMediaType:' has been explicitly marked deprecated here
  168 | + (NSArray<AVCaptureDevice *> *)devicesWithMediaType:(AVMediaType)mediaType API_DEPRECATED("Use AVCaptureDeviceDiscoverySession instead.", ios(4.0, 10.0), macos(10.7, 10.15)) API_UNAVAILABLE(visionos) API_UNAVAILABLE(tvos);
      | ^
/Users/cam/Documents/Projects/ultima-iv-web/vlc-thumbs/work/upstream/vlc-master-story005/extras/package/macosx/../../../modules/gui/macosx/windows/VLCOpenWindowController.m:1349:41: warning: 'devicesWithMediaType:' is deprecated: first deprecated in macOS 10.15 - Use AVCaptureDeviceDiscoverySession instead. [-Wdeprecated-declarations]
 1349 |     _avaudioDevices = [[AVCaptureDevice devicesWithMediaType:AVMediaTypeAudio]
      |                                         ^
/Applications/Xcode.app/Contents/Developer/Platforms/MacOSX.platform/Developer/SDKs/MacOSX27.0.sdk/System/Library/Frameworks/AVFoundation.framework/Headers/AVCaptureDevice.h:168:1: note: 'devicesWithMediaType:' has been explicitly marked deprecated here
  168 | + (NSArray<AVCaptureDevice *> *)devicesWithMediaType:(AVMediaType)mediaType API_DEPRECATED("Use AVCaptureDeviceDiscoverySession instead.", ios(4.0, 10.0), macos(10.7, 10.15)) API_UNAVAILABLE(visionos) API_UNAVAILABLE(tvos);
      | ^
/Users/cam/Documents/Projects/ultima-iv-web/vlc-thumbs/work/upstream/vlc-master-story005/extras/package/macosx/../../../modules/gui/macosx/windows/VLCOpenWindowController.m:1350:72: warning: 'devicesWithMediaType:' is deprecated: first deprecated in macOS 10.15 - Use AVCaptureDeviceDiscoverySession instead. [-Wdeprecated-declarations]
 1350 |                         arrayByAddingObjectsFromArray:[AVCaptureDevice devicesWithMediaType:AVMediaTypeMuxed]];
      |                                                                        ^
/Applications/Xcode.app/Contents/Developer/Platforms/MacOSX.platform/Developer/SDKs/MacOSX27.0.sdk/System/Library/Frameworks/AVFoundation.framework/Headers/AVCaptureDevice.h:168:1: note: 'devicesWithMediaType:' has been explicitly marked deprecated here
  168 | + (NSArray<AVCaptureDevice *> *)devicesWithMediaType:(AVMediaType)mediaType API_DEPRECATED("Use AVCaptureDeviceDiscoverySession instead.", ios(4.0, 10.0), macos(10.7, 10.15)) API_UNAVAILABLE(visionos) API_UNAVAILABLE(tvos);
      | ^
/Users/cam/Documents/Projects/ultima-iv-web/vlc-thumbs/work/upstream/vlc-master-story005/extras/package/macosx/../../../modules/gui/macosx/windows/addons/VLCAddonsWindowController.m:117:40: warning: 'NSOffState' is deprecated: first deprecated in macOS 10.14 [-Wdeprecated-declarations]
  117 |     [_localAddonsOnlyCheckbox setState:NSOffState];
      |                                        ^~~~~~~~~~
      |                                        NSControlStateValueOff
/Applications/Xcode.app/Contents/Developer/Platforms/MacOSX.platform/Developer/SDKs/MacOSX27.0.sdk/System/Library/Frameworks/AppKit.framework/Headers/NSCell.h:354:34: note: 'NSOffState' has been explicitly marked deprecated here
  354 | static const NSControlStateValue NSOffState API_DEPRECATED_WITH_REPLACEMENT("NSControlStateValueOff", macos(10.0,10.14)) = NSControlStateValueOff;
      |                                  ^
/Users/cam/Documents/Projects/ultima-iv-web/vlc-thumbs/work/upstream/vlc-master-story005/extras/package/macosx/../../../modules/gui/macosx/windows/addons/VLCAddonsWindowController.m:273:60: warning: 'NSOnState' is deprecated: first deprecated in macOS 10.14 [-Wdeprecated-declarations]
  273 |     BOOL installedOnly = _localAddonsOnlyCheckbox.state == NSOnState;
      |                                                            ^~~~~~~~~
      |                                                            NSControlStateValueOn
/Applications/Xcode.app/Contents/Developer/Platforms/MacOSX.platform/Developer/SDKs/MacOSX27.0.sdk/System/Library/Frameworks/AppKit.framework/Headers/NSCell.h:355:34: note: 'NSOnState' has been explicitly marked deprecated here
  355 | static const NSControlStateValue NSOnState API_DEPRECATED_WITH_REPLACEMENT("NSControlStateValueOn", macos(10.0,10.14)) = NSControlStateValueOn;
      |                                  ^
2 warnings generated.
  OBJC     gui/macosx/windows/extensions/libmacosx_plugin_la-VLCExtensionsDialogProvider.lo
17 warnings generated.
  OBJC     gui/macosx/windows/extensions/libmacosx_plugin_la-VLCExtensionsManager.lo
/Users/cam/Documents/Projects/ultima-iv-web/vlc-thumbs/work/upstream/vlc-master-story005/extras/package/macosx/../../../modules/gui/macosx/windows/convertandsave/VLCConvertAndSaveWindowController.m:234:34: warning: 'NSOffState' is deprecated: first deprecated in macOS 10.14 [-Wdeprecated-declarations]
  234 |     [_streamSAPCheckbox setState:NSOffState];
      |                                  ^~~~~~~~~~
      |                                  NSControlStateValueOff
/Applications/Xcode.app/Contents/Developer/Platforms/MacOSX.platform/Developer/SDKs/MacOSX27.0.sdk/System/Library/Frameworks/AppKit.framework/Headers/NSCell.h:354:34: note: 'NSOffState' has been explicitly marked deprecated here
  354 | static const NSControlStateValue NSOffState API_DEPRECATED_WITH_REPLACEMENT("NSControlStateValueOff", macos(10.0,10.14)) = NSControlStateValueOff;
      |                                  ^
/Users/cam/Documents/Projects/ultima-iv-web/vlc-thumbs/work/upstream/vlc-master-story005/extras/package/macosx/../../../modules/gui/macosx/windows/convertandsave/VLCConvertAndSaveWindowController.m:331:16: warning: 'setAllowedFileTypes:' is deprecated: first deprecated in macOS 12.0 - Use -allowedContentTypes instead [-Wdeprecated-declarations]
  331 |     [openPanel setAllowedFileTypes:[NSString extensionsArrayFromVLCStyleString:EXTENSIONS_MEDIA]];
      |                ^
/Applications/Xcode.app/Contents/Developer/Platforms/MacOSX.platform/Developer/SDKs/MacOSX27.0.sdk/System/Library/Frameworks/AppKit.framework/Headers/NSSavePanel.h:289:49: note: property 'allowedFileTypes' is declared deprecated here
  289 | @property (nullable, copy) NSArray<NSString *> *allowedFileTypes API_DEPRECATED("Use -allowedContentTypes instead", macos(10.3,12.0));
      |                                                 ^
/Applications/Xcode.app/Contents/Developer/Platforms/MacOSX.platform/Developer/SDKs/MacOSX27.0.sdk/System/Library/Frameworks/AppKit.framework/Headers/NSSavePanel.h:289:49: note: 'setAllowedFileTypes:' has been explicitly marked deprecated here
/Users/cam/Documents/Projects/ultima-iv-web/vlc-thumbs/work/upstream/vlc-master-story005/extras/package/macosx/../../../modules/gui/macosx/windows/convertandsave/VLCConvertAndSaveWindowController.m:446:24: warning: 'setAllowedFileTypes:' is deprecated: first deprecated in macOS 12.0 - Use -allowedContentTypes instead [-Wdeprecated-declarations]
  446 |         [saveFilePanel setAllowedFileTypes:[NSArray arrayWithObject:[self currentEncapsulationFormatAsFileExtension:YES]]];
      |                        ^
/Applications/Xcode.app/Contents/Developer/Platforms/MacOSX.platform/Developer/SDKs/MacOSX27.0.sdk/System/Library/Frameworks/AppKit.framework/Headers/NSSavePanel.h:289:49: note: property 'allowedFileTypes' is declared deprecated here
  289 | @property (nullable, copy) NSArray<NSString *> *allowedFileTypes API_DEPRECATED("Use -allowedContentTypes instead", macos(10.3,12.0));
      |                                                 ^
/Applications/Xcode.app/Contents/Developer/Platforms/MacOSX.platform/Developer/SDKs/MacOSX27.0.sdk/System/Library/Frameworks/AppKit.framework/Headers/NSSavePanel.h:289:49: note: 'setAllowedFileTypes:' has been explicitly marked deprecated here
/Users/cam/Documents/Projects/ultima-iv-web/vlc-thumbs/work/upstream/vlc-master-story005/extras/package/macosx/../../../modules/gui/macosx/windows/convertandsave/VLCConvertAndSaveWindowController.m:478:60: warning: 'NSOnState' is deprecated: first deprecated in macOS 10.14 [-Wdeprecated-declarations]
  478 |     bool enableSettings = [_customizeVidCheckbox state] == NSOnState && [_customizeVidKeepCheckbox state] == NSOffState;
      |                                                            ^~~~~~~~~
      |                                                            NSControlStateValueOn
/Applications/Xcode.app/Contents/Developer/Platforms/MacOSX.platform/Developer/SDKs/MacOSX27.0.sdk/System/Library/Frameworks/AppKit.framework/Headers/NSCell.h:355:34: note: 'NSOnState' has been explicitly marked deprecated here
  355 | static const NSControlStateValue NSOnState API_DEPRECATED_WITH_REPLACEMENT("NSControlStateValueOn", macos(10.0,10.14)) = NSControlStateValueOn;
      |                                  ^
/Users/cam/Documents/Projects/ultima-iv-web/vlc-thumbs/work/upstream/vlc-master-story005/extras/package/macosx/../../../modules/gui/macosx/windows/convertandsave/VLCConvertAndSaveWindowController.m:478:110: warning: 'NSOffState' is deprecated: first deprecated in macOS 10.14 [-Wdeprecated-declarations]
  478 |     bool enableSettings = [_customizeVidCheckbox state] == NSOnState && [_customizeVidKeepCheckbox state] == NSOffState;
      |                                                                                                              ^~~~~~~~~~
      |                                                                                                              NSControlStateValueOff
/Applications/Xcode.app/Contents/Developer/Platforms/MacOSX.platform/Developer/SDKs/MacOSX27.0.sdk/System/Library/Frameworks/AppKit.framework/Headers/NSCell.h:354:34: note: 'NSOffState' has been explicitly marked deprecated here
  354 | static const NSControlStateValue NSOffState API_DEPRECATED_WITH_REPLACEMENT("NSControlStateValueOff", macos(10.0,10.14)) = NSControlStateValueOff;
      |                                  ^
/Users/cam/Documents/Projects/ultima-iv-web/vlc-thumbs/work/upstream/vlc-master-story005/extras/package/macosx/../../../modules/gui/macosx/windows/convertandsave/VLCConvertAndSaveWindowController.m:480:76: warning: 'NSOnState' is deprecated: first deprecated in macOS 10.14 [-Wdeprecated-declarations]
  480 |     [_customizeVidKeepCheckbox setEnabled:[_customizeVidCheckbox state] == NSOnState];
      |                                                                            ^~~~~~~~~
      |                                                                            NSControlStateValueOn
/Applications/Xcode.app/Contents/Developer/Platforms/MacOSX.platform/Developer/SDKs/MacOSX27.0.sdk/System/Library/Frameworks/AppKit.framework/Headers/NSCell.h:355:34: note: 'NSOnState' has been explicitly marked deprecated here
  355 | static const NSControlStateValue NSOnState API_DEPRECATED_WITH_REPLACEMENT("NSControlStateValueOn", macos(10.0,10.14)) = NSControlStateValueOn;
      |                                  ^
/Users/cam/Documents/Projects/ultima-iv-web/vlc-thumbs/work/upstream/vlc-master-story005/extras/package/macosx/../../../modules/gui/macosx/windows/convertandsave/VLCConvertAndSaveWindowController.m:485:60: warning: 'NSOnState' is deprecated: first deprecated in macOS 10.14 [-Wdeprecated-declarations]
  485 |     bool enableSettings = [_customizeAudCheckbox state] == NSOnState && [_customizeAudKeepCheckbox state] == NSOffState;
      |                                                            ^~~~~~~~~
      |                                                            NSControlStateValueOn
/Applications/Xcode.app/Contents/Developer/Platforms/MacOSX.platform/Developer/SDKs/MacOSX27.0.sdk/System/Library/Frameworks/AppKit.framework/Headers/NSCell.h:355:34: note: 'NSOnState' has been explicitly marked deprecated here
  355 | static const NSControlStateValue NSOnState API_DEPRECATED_WITH_REPLACEMENT("NSControlStateValueOn", macos(10.0,10.14)) = NSControlStateValueOn;
      |                                  ^
/Users/cam/Documents/Projects/ultima-iv-web/vlc-thumbs/work/upstream/vlc-master-story005/extras/package/macosx/../../../modules/gui/macosx/windows/convertandsave/VLCConvertAndSaveWindowController.m:485:110: warning: 'NSOffState' is deprecated: first deprecated in macOS 10.14 [-Wdeprecated-declarations]
  485 |     bool enableSettings = [_customizeAudCheckbox state] == NSOnState && [_customizeAudKeepCheckbox state] == NSOffState;
      |                                                                                                              ^~~~~~~~~~
      |                                                                                                              NSControlStateValueOff
/Applications/Xcode.app/Contents/Developer/Platforms/MacOSX.platform/Developer/SDKs/MacOSX27.0.sdk/System/Library/Frameworks/AppKit.framework/Headers/NSCell.h:354:34: note: 'NSOffState' has been explicitly marked deprecated here
  354 | static const NSControlStateValue NSOffState API_DEPRECATED_WITH_REPLACEMENT("NSControlStateValueOff", macos(10.0,10.14)) = NSControlStateValueOff;
      |                                  ^
/Users/cam/Documents/Projects/ultima-iv-web/vlc-thumbs/work/upstream/vlc-master-story005/extras/package/macosx/../../../modules/gui/macosx/windows/convertandsave/VLCConvertAndSaveWindowController.m:487:76: warning: 'NSOnState' is deprecated: first deprecated in macOS 10.14 [-Wdeprecated-declarations]
  487 |     [_customizeAudKeepCheckbox setEnabled:[_customizeAudCheckbox state] == NSOnState];
      |                                                                            ^~~~~~~~~
      |                                                                            NSControlStateValueOn
/Applications/Xcode.app/Contents/Developer/Platforms/MacOSX.platform/Developer/SDKs/MacOSX27.0.sdk/System/Library/Frameworks/AppKit.framework/Headers/NSCell.h:355:34: note: 'NSOnState' has been explicitly marked deprecated here
  355 | static const NSControlStateValue NSOnState API_DEPRECATED_WITH_REPLACEMENT("NSControlStateValueOn", macos(10.0,10.14)) = NSControlStateValueOn;
      |                                  ^
/Users/cam/Documents/Projects/ultima-iv-web/vlc-thumbs/work/upstream/vlc-master-story005/extras/package/macosx/../../../modules/gui/macosx/windows/convertandsave/VLCConvertAndSaveWindowController.m:492:61: warning: 'NSOnState' is deprecated: first deprecated in macOS 10.14 [-Wdeprecated-declarations]
  492 |     bool enableSettings = [_customizeSubsCheckbox state] == NSOnState;
      |                                                             ^~~~~~~~~
      |                                                             NSControlStateValueOn
/Applications/Xcode.app/Contents/Developer/Platforms/MacOSX.platform/Developer/SDKs/MacOSX27.0.sdk/System/Library/Frameworks/AppKit.framework/Headers/NSCell.h:355:34: note: 'NSOnState' has been explicitly marked deprecated here
  355 | static const NSControlStateValue NSOnState API_DEPRECATED_WITH_REPLACEMENT("NSControlStateValueOn", macos(10.0,10.14)) = NSControlStateValueOn;
      |                                  ^
/Users/cam/Documents/Projects/ultima-iv-web/vlc-thumbs/work/upstream/vlc-master-story005/extras/package/macosx/../../../modules/gui/macosx/windows/convertandsave/VLCConvertAndSaveWindowController.m:630:20: warning: 'setAllowedFileTypes:' is deprecated: first deprecated in macOS 12.0 - Use -allowedContentTypes instead [-Wdeprecated-declarations]
  630 |     [saveFilePanel setAllowedFileTypes:[NSArray arrayWithObject:@"sdp"]];
      |                    ^
/Applications/Xcode.app/Contents/Developer/Platforms/MacOSX.platform/Developer/SDKs/MacOSX27.0.sdk/System/Library/Frameworks/AppKit.framework/Headers/NSSavePanel.h:289:49: note: property 'allowedFileTypes' is declared deprecated here
  289 | @property (nullable, copy) NSArray<NSString *> *allowedFileTypes API_DEPRECATED("Use -allowedContentTypes instead", macos(10.3,12.0));
      |                                                 ^
/Applications/Xcode.app/Contents/Developer/Platforms/MacOSX.platform/Developer/SDKs/MacOSX27.0.sdk/System/Library/Frameworks/AppKit.framework/Headers/NSSavePanel.h:289:49: note: 'setAllowedFileTypes:' has been explicitly marked deprecated here
/Users/cam/Documents/Projects/ultima-iv-web/vlc-thumbs/work/upstream/vlc-master-story005/extras/package/macosx/../../../modules/gui/macosx/windows/convertandsave/VLCConvertAndSaveWindowController.m:642:48: warning: 'NSFilenamesPboardType' is deprecated: first deprecated in macOS 10.14 - Create multiple pasteboard items with NSPasteboardTypeFileURL or kUTTypeFileURL instead [-Wdeprecated-declarations]
  642 |     NSArray *types = [NSArray arrayWithObjects:NSFilenamesPboardType, nil];
      |                                                ^
/Applications/Xcode.app/Contents/Developer/Platforms/MacOSX.platform/Developer/SDKs/MacOSX27.0.sdk/System/Library/Frameworks/AppKit.framework/Headers/NSPasteboard.h:505:32: note: 'NSFilenamesPboardType' has been explicitly marked deprecated here
  505 | APPKIT_EXTERN NSPasteboardType NSFilenamesPboardType API_DEPRECATED("Create multiple pasteboard items with NSPasteboardTypeFileURL or kUTTypeFileURL instead", macos(10.0,10.14));
      |                                ^
/Users/cam/Documents/Projects/ultima-iv-web/vlc-thumbs/work/upstream/vlc-master-story005/extras/package/macosx/../../../modules/gui/macosx/windows/convertandsave/VLCConvertAndSaveWindowController.m:649:39: warning: 'NSFilenamesPboardType' is deprecated: first deprecated in macOS 10.14 - Create multiple pasteboard items with NSPasteboardTypeFileURL or kUTTypeFileURL instead [-Wdeprecated-declarations]
  649 |     if ([desired_type isEqualToString:NSFilenamesPboardType]) {
      |                                       ^
/Applications/Xcode.app/Contents/Developer/Platforms/MacOSX.platform/Developer/SDKs/MacOSX27.0.sdk/System/Library/Frameworks/AppKit.framework/Headers/NSPasteboard.h:505:32: note: 'NSFilenamesPboardType' has been explicitly marked deprecated here
  505 | APPKIT_EXTERN NSPasteboardType NSFilenamesPboardType API_DEPRECATED("Create multiple pasteboard items with NSPasteboardTypeFileURL or kUTTypeFileURL instead", macos(10.0,10.14));
      |                                ^
/Users/cam/Documents/Projects/ultima-iv-web/vlc-thumbs/work/upstream/vlc-master-story005/extras/package/macosx/../../../modules/gui/macosx/windows/convertandsave/VLCConvertAndSaveWindowController.m:650:56: warning: 'NSFilenamesPboardType' is deprecated: first deprecated in macOS 10.14 - Create multiple pasteboard items with NSPasteboardTypeFileURL or kUTTypeFileURL instead [-Wdeprecated-declarations]
  650 |         NSArray *values = [[paste propertyListForType: NSFilenamesPboardType] sortedArrayUsingSelector:@selector(caseInsensitiveCompare:)];
      |                                                        ^
/Applications/Xcode.app/Contents/Developer/Platforms/MacOSX.platform/Developer/SDKs/MacOSX27.0.sdk/System/Library/Frameworks/AppKit.framework/Headers/NSPasteboard.h:505:32: note: 'NSFilenamesPboardType' has been explicitly marked deprecated here
  505 | APPKIT_EXTERN NSPasteboardType NSFilenamesPboardType API_DEPRECATED("Create multiple pasteboard items with NSPasteboardTypeFileURL or kUTTypeFileURL instead", macos(10.0,10.14));
      |                                ^
/Users/cam/Documents/Projects/ultima-iv-web/vlc-thumbs/work/upstream/vlc-master-story005/extras/package/macosx/../../../modules/gui/macosx/windows/convertandsave/VLCConvertAndSaveWindowController.m:1004:45: warning: 'NSOnState' is deprecated: first deprecated in macOS 10.14 [-Wdeprecated-declarations]
 1004 |     if([_customizeVidKeepCheckbox state] == NSOnState)
      |                                             ^~~~~~~~~
      |                                             NSControlStateValueOn
/Applications/Xcode.app/Contents/Developer/Platforms/MacOSX.platform/Developer/SDKs/MacOSX27.0.sdk/System/Library/Frameworks/AppKit.framework/Headers/NSCell.h:355:34: note: 'NSOnState' has been explicitly marked deprecated here
  355 | static const NSControlStateValue NSOnState API_DEPRECATED_WITH_REPLACEMENT("NSControlStateValueOn", macos(10.0,10.14)) = NSControlStateValueOn;
      |                                  ^
/Users/cam/Documents/Projects/ultima-iv-web/vlc-thumbs/work/upstream/vlc-master-story005/extras/package/macosx/../../../modules/gui/macosx/windows/convertandsave/VLCConvertAndSaveWindowController.m:1022:45: warning: 'NSOnState' is deprecated: first deprecated in macOS 10.14 [-Wdeprecated-declarations]
 1022 |     if([_customizeAudKeepCheckbox state] == NSOnState)
      |                                             ^~~~~~~~~
      |                                             NSControlStateValueOn
/Applications/Xcode.app/Contents/Developer/Platforms/MacOSX.platform/Developer/SDKs/MacOSX27.0.sdk/System/Library/Frameworks/AppKit.framework/Headers/NSCell.h:355:34: note: 'NSOnState' has been explicitly marked deprecated here
  355 | static const NSControlStateValue NSOnState API_DEPRECATED_WITH_REPLACEMENT("NSControlStateValueOn", macos(10.0,10.14)) = NSControlStateValueOn;
      |                                  ^
16 warnings generated.
  OBJC     gui/macosx/windows/extensions/libmacosx_plugin_la-VLCUIWidgets.lo
/Users/cam/Documents/Projects/ultima-iv-web/vlc-thumbs/work/upstream/vlc-master-story005/extras/package/macosx/../../../modules/gui/macosx/windows/convertandsave/VLCOutput.m:284:54: warning: 'NSOnState' is deprecated: first deprecated in macOS 10.14 [-Wdeprecated-declarations]
  284 |     if ([self.displayOnLocalScreenCheckbox state] == NSOnState)
      |                                                      ^~~~~~~~~
      |                                                      NSControlStateValueOn
/Applications/Xcode.app/Contents/Developer/Platforms/MacOSX.platform/Developer/SDKs/MacOSX27.0.sdk/System/Library/Frameworks/AppKit.framework/Headers/NSCell.h:355:34: note: 'NSOnState' has been explicitly marked deprecated here
  355 | static const NSControlStateValue NSOnState API_DEPRECATED_WITH_REPLACEMENT("NSControlStateValueOn", macos(10.0,10.14)) = NSControlStateValueOn;
      |                                  ^
/Users/cam/Documents/Projects/ultima-iv-web/vlc-thumbs/work/upstream/vlc-master-story005/extras/package/macosx/../../../modules/gui/macosx/windows/convertandsave/VLCOutput.m:304:42: warning: 'NSOnState' is deprecated: first deprecated in macOS 10.14 [-Wdeprecated-declarations]
  304 |         if ([self.dumpCheckbox state] == NSOnState) {
      |                                          ^~~~~~~~~
      |                                          NSControlStateValueOn
/Applications/Xcode.app/Contents/Developer/Platforms/MacOSX.platform/Developer/SDKs/MacOSX27.0.sdk/System/Library/Frameworks/AppKit.framework/Headers/NSCell.h:355:34: note: 'NSOnState' has been explicitly marked deprecated here
  355 | static const NSControlStateValue NSOnState API_DEPRECATED_WITH_REPLACEMENT("NSControlStateValueOn", macos(10.0,10.14)) = NSControlStateValueOn;
      |                                  ^
/Users/cam/Documents/Projects/ultima-iv-web/vlc-thumbs/work/upstream/vlc-master-story005/extras/package/macosx/../../../modules/gui/macosx/windows/convertandsave/VLCOutput.m:326:45: warning: 'NSOnState' is deprecated: first deprecated in macOS 10.14 [-Wdeprecated-declarations]
  326 |             if ([self.sapCheckbox state] == NSOnState) {
      |                                             ^~~~~~~~~
      |                                             NSControlStateValueOn
/Applications/Xcode.app/Contents/Developer/Platforms/MacOSX.platform/Developer/SDKs/MacOSX27.0.sdk/System/Library/Frameworks/AppKit.framework/Headers/NSCell.h:355:34: note: 'NSOnState' has been explicitly marked deprecated here
  355 | static const NSControlStateValue NSOnState API_DEPRECATED_WITH_REPLACEMENT("NSControlStateValueOn", macos(10.0,10.14)) = NSControlStateValueOn;
      |                                  ^
/Users/cam/Documents/Projects/ultima-iv-web/vlc-thumbs/work/upstream/vlc-master-story005/extras/package/macosx/../../../modules/gui/macosx/windows/convertandsave/VLCOutput.m:360:45: warning: 'NSOnState' is deprecated: first deprecated in macOS 10.14 [-Wdeprecated-declarations]
  360 |             if ([self.sapCheckbox state] == NSOnState)
      |                                             ^~~~~~~~~
      |                                             NSControlStateValueOn
/Applications/Xcode.app/Contents/Developer/Platforms/MacOSX.platform/Developer/SDKs/MacOSX27.0.sdk/System/Library/Frameworks/AppKit.framework/Headers/NSCell.h:355:34: note: 'NSOnState' has been explicitly marked deprecated here
  355 | static const NSControlStateValue NSOnState API_DEPRECATED_WITH_REPLACEMENT("NSControlStateValueOn", macos(10.0,10.14)) = NSControlStateValueOn;
      |                                  ^
/Users/cam/Documents/Projects/ultima-iv-web/vlc-thumbs/work/upstream/vlc-master-story005/extras/package/macosx/../../../modules/gui/macosx/windows/convertandsave/VLCOutput.m:363:46: warning: 'NSOnState' is deprecated: first deprecated in macOS 10.14 [-Wdeprecated-declarations]
  363 |             if ([self.rtspCheckbox state] == NSOnState)
      |                                              ^~~~~~~~~
      |                                              NSControlStateValueOn
/Applications/Xcode.app/Contents/Developer/Platforms/MacOSX.platform/Developer/SDKs/MacOSX27.0.sdk/System/Library/Frameworks/AppKit.framework/Headers/NSCell.h:355:34: note: 'NSOnState' has been explicitly marked deprecated here
  355 | static const NSControlStateValue NSOnState API_DEPRECATED_WITH_REPLACEMENT("NSControlStateValueOn", macos(10.0,10.14)) = NSControlStateValueOn;
      |                                  ^
/Users/cam/Documents/Projects/ultima-iv-web/vlc-thumbs/work/upstream/vlc-master-story005/extras/package/macosx/../../../modules/gui/macosx/windows/convertandsave/VLCOutput.m:366:46: warning: 'NSOnState' is deprecated: first deprecated in macOS 10.14 [-Wdeprecated-declarations]
  366 |             if ([self.httpCheckbox state] == NSOnState)
      |                                              ^~~~~~~~~
      |                                              NSControlStateValueOn
/Applications/Xcode.app/Contents/Developer/Platforms/MacOSX.platform/Developer/SDKs/MacOSX27.0.sdk/System/Library/Frameworks/AppKit.framework/Headers/NSCell.h:355:34: note: 'NSOnState' has been explicitly marked deprecated here
  355 | static const NSControlStateValue NSOnState API_DEPRECATED_WITH_REPLACEMENT("NSControlStateValueOn", macos(10.0,10.14)) = NSControlStateValueOn;
      |                                  ^
/Users/cam/Documents/Projects/ultima-iv-web/vlc-thumbs/work/upstream/vlc-master-story005/extras/package/macosx/../../../modules/gui/macosx/windows/convertandsave/VLCOutput.m:369:46: warning: 'NSOnState' is deprecated: first deprecated in macOS 10.14 [-Wdeprecated-declarations]
  369 |             if ([self.fileCheckbox state] == NSOnState)
      |                                              ^~~~~~~~~
      |                                              NSControlStateValueOn
/Applications/Xcode.app/Contents/Developer/Platforms/MacOSX.platform/Developer/SDKs/MacOSX27.0.sdk/System/Library/Frameworks/AppKit.framework/Headers/NSCell.h:355:34: note: 'NSOnState' has been explicitly marked deprecated here
  355 | static const NSControlStateValue NSOnState API_DEPRECATED_WITH_REPLACEMENT("NSControlStateValueOn", macos(10.0,10.14)) = NSControlStateValueOn;
      |                                  ^
/Users/cam/Documents/Projects/ultima-iv-web/vlc-thumbs/work/upstream/vlc-master-story005/extras/package/macosx/../../../modules/gui/macosx/windows/convertandsave/VLCOutput.m:378:54: warning: 'NSOnState' is deprecated: first deprecated in macOS 10.14 [-Wdeprecated-declarations]
  378 |     if ([self.displayOnLocalScreenCheckbox state] == NSOnState)
      |                                                      ^~~~~~~~~
      |                                                      NSControlStateValueOn
/Applications/Xcode.app/Contents/Developer/Platforms/MacOSX.platform/Developer/SDKs/MacOSX27.0.sdk/System/Library/Frameworks/AppKit.framework/Headers/NSCell.h:355:34: note: 'NSOnState' has been explicitly marked deprecated here
  355 | static const NSControlStateValue NSOnState API_DEPRECATED_WITH_REPLACEMENT("NSControlStateValueOn", macos(10.0,10.14)) = NSControlStateValueOn;
      |                                  ^
/Users/cam/Documents/Projects/ultima-iv-web/vlc-thumbs/work/upstream/vlc-master-story005/extras/package/macosx/../../../modules/gui/macosx/windows/convertandsave/VLCOutput.m:438:48: warning: 'NSOnState' is deprecated: first deprecated in macOS 10.14 [-Wdeprecated-declarations]
  438 |     if ([self.transcodeVideoCheckbox state] == NSOnState) {
      |                                                ^~~~~~~~~
      |                                                NSControlStateValueOn
/Applications/Xcode.app/Contents/Developer/Platforms/MacOSX.platform/Developer/SDKs/MacOSX27.0.sdk/System/Library/Frameworks/AppKit.framework/Headers/NSCell.h:355:34: note: 'NSOnState' has been explicitly marked deprecated here
  355 | static const NSControlStateValue NSOnState API_DEPRECATED_WITH_REPLACEMENT("NSControlStateValueOn", macos(10.0,10.14)) = NSControlStateValueOn;
      |                                  ^
/Users/cam/Documents/Projects/ultima-iv-web/vlc-thumbs/work/upstream/vlc-master-story005/extras/package/macosx/../../../modules/gui/macosx/windows/convertandsave/VLCOutput.m:447:48: warning: 'NSOnState' is deprecated: first deprecated in macOS 10.14 [-Wdeprecated-declarations]
  447 |     if ([self.transcodeAudioCheckbox state] == NSOnState) {
      |                                                ^~~~~~~~~
      |                                                NSControlStateValueOn
/Applications/Xcode.app/Contents/Developer/Platforms/MacOSX.platform/Developer/SDKs/MacOSX27.0.sdk/System/Library/Frameworks/AppKit.framework/Headers/NSCell.h:355:34: note: 'NSOnState' has been explicitly marked deprecated here
  355 | static const NSControlStateValue NSOnState API_DEPRECATED_WITH_REPLACEMENT("NSControlStateValueOn", macos(10.0,10.14)) = NSControlStateValueOn;
      |                                  ^
/Users/cam/Documents/Projects/ultima-iv-web/vlc-thumbs/work/upstream/vlc-master-story005/extras/package/macosx/../../../modules/gui/macosx/windows/convertandsave/VLCOutput.m:464:48: warning: 'NSOnState' is deprecated: first deprecated in macOS 10.14 [-Wdeprecated-declarations]
  464 |     if ([self.transcodeVideoCheckbox state] == NSOnState ||
      |                                                ^~~~~~~~~
      |                                                NSControlStateValueOn
/Applications/Xcode.app/Contents/Developer/Platforms/MacOSX.platform/Developer/SDKs/MacOSX27.0.sdk/System/Library/Frameworks/AppKit.framework/Headers/NSCell.h:355:34: note: 'NSOnState' has been explicitly marked deprecated here
  355 | static const NSControlStateValue NSOnState API_DEPRECATED_WITH_REPLACEMENT("NSControlStateValueOn", macos(10.0,10.14)) = NSControlStateValueOn;
      |                                  ^
/Users/cam/Documents/Projects/ultima-iv-web/vlc-thumbs/work/upstream/vlc-master-story005/extras/package/macosx/../../../modules/gui/macosx/windows/convertandsave/VLCOutput.m:465:48: warning: 'NSOnState' is deprecated: first deprecated in macOS 10.14 [-Wdeprecated-declarations]
  465 |         [self.transcodeAudioCheckbox state] == NSOnState) {
      |                                                ^~~~~~~~~
      |                                                NSControlStateValueOn
/Applications/Xcode.app/Contents/Developer/Platforms/MacOSX.platform/Developer/SDKs/MacOSX27.0.sdk/System/Library/Frameworks/AppKit.framework/Headers/NSCell.h:355:34: note: 'NSOnState' has been explicitly marked deprecated here
  355 | static const NSControlStateValue NSOnState API_DEPRECATED_WITH_REPLACEMENT("NSControlStateValueOn", macos(10.0,10.14)) = NSControlStateValueOn;
      |                                  ^
/Users/cam/Documents/Projects/ultima-iv-web/vlc-thumbs/work/upstream/vlc-master-story005/extras/package/macosx/../../../modules/gui/macosx/windows/convertandsave/VLCOutput.m:467:52: warning: 'NSOnState' is deprecated: first deprecated in macOS 10.14 [-Wdeprecated-declarations]
  467 |         if ([self.transcodeVideoCheckbox state] == NSOnState) {
      |                                                    ^~~~~~~~~
      |                                                    NSControlStateValueOn
/Applications/Xcode.app/Contents/Developer/Platforms/MacOSX.platform/Developer/SDKs/MacOSX27.0.sdk/System/Library/Frameworks/AppKit.framework/Headers/NSCell.h:355:34: note: 'NSOnState' has been explicitly marked deprecated here
  355 | static const NSControlStateValue NSOnState API_DEPRECATED_WITH_REPLACEMENT("NSControlStateValueOn", macos(10.0,10.14)) = NSControlStateValueOn;
      |                                  ^
/Users/cam/Documents/Projects/ultima-iv-web/vlc-thumbs/work/upstream/vlc-master-story005/extras/package/macosx/../../../modules/gui/macosx/windows/convertandsave/VLCOutput.m:473:56: warning: 'NSOnState' is deprecated: first deprecated in macOS 10.14 [-Wdeprecated-declarations]
  473 |             if ([self.transcodeAudioCheckbox state] == NSOnState)
      |                                                        ^~~~~~~~~
      |                                                        NSControlStateValueOn
/Applications/Xcode.app/Contents/Developer/Platforms/MacOSX.platform/Developer/SDKs/MacOSX27.0.sdk/System/Library/Frameworks/AppKit.framework/Headers/NSCell.h:355:34: note: 'NSOnState' has been explicitly marked deprecated here
  355 | static const NSControlStateValue NSOnState API_DEPRECATED_WITH_REPLACEMENT("NSControlStateValueOn", macos(10.0,10.14)) = NSControlStateValueOn;
      |                                  ^
/Users/cam/Documents/Projects/ultima-iv-web/vlc-thumbs/work/upstream/vlc-master-story005/extras/package/macosx/../../../modules/gui/macosx/windows/convertandsave/VLCOutput.m:476:52: warning: 'NSOnState' is deprecated: first deprecated in macOS 10.14 [-Wdeprecated-declarations]
  476 |         if ([self.transcodeAudioCheckbox state] == NSOnState) {
      |                                                    ^~~~~~~~~
      |                                                    NSControlStateValueOn
/Applications/Xcode.app/Contents/Developer/Platforms/MacOSX.platform/Developer/SDKs/MacOSX27.0.sdk/System/Library/Frameworks/AppKit.framework/Headers/NSCell.h:355:34: note: 'NSOnState' has been explicitly marked deprecated here
  355 | static const NSControlStateValue NSOnState API_DEPRECATED_WITH_REPLACEMENT("NSControlStateValueOn", macos(10.0,10.14)) = NSControlStateValueOn;
      |                                  ^
/Users/cam/Documents/Projects/ultima-iv-web/vlc-thumbs/work/upstream/vlc-master-story005/extras/package/macosx/../../../modules/gui/macosx/windows/convertandsave/VLCOutput.m:505:41: warning: 'NSOffState' is deprecated: first deprecated in macOS 10.14 [-Wdeprecated-declarations]
  505 |             [self.httpCheckbox setState:NSOffState];
      |                                         ^~~~~~~~~~
      |                                         NSControlStateValueOff
/Applications/Xcode.app/Contents/Developer/Platforms/MacOSX.platform/Developer/SDKs/MacOSX27.0.sdk/System/Library/Frameworks/AppKit.framework/Headers/NSCell.h:354:34: note: 'NSOffState' has been explicitly marked deprecated here
  354 | static const NSControlStateValue NSOffState API_DEPRECATED_WITH_REPLACEMENT("NSControlStateValueOff", macos(10.0,10.14)) = NSControlStateValueOff;
      |                                  ^
/Users/cam/Documents/Projects/ultima-iv-web/vlc-thumbs/work/upstream/vlc-master-story005/extras/package/macosx/../../../modules/gui/macosx/windows/convertandsave/VLCOutput.m:506:41: warning: 'NSOffState' is deprecated: first deprecated in macOS 10.14 [-Wdeprecated-declarations]
  506 |             [self.fileCheckbox setState:NSOffState];
      |                                         ^~~~~~~~~~
      |                                         NSControlStateValueOff
/Applications/Xcode.app/Contents/Developer/Platforms/MacOSX.platform/Developer/SDKs/MacOSX27.0.sdk/System/Library/Frameworks/AppKit.framework/Headers/NSCell.h:354:34: note: 'NSOffState' has been explicitly marked deprecated here
  354 | static const NSControlStateValue NSOffState API_DEPRECATED_WITH_REPLACEMENT("NSControlStateValueOff", macos(10.0,10.14)) = NSControlStateValueOff;
      |                                  ^
/Users/cam/Documents/Projects/ultima-iv-web/vlc-thumbs/work/upstream/vlc-master-story005/extras/package/macosx/../../../modules/gui/macosx/windows/convertandsave/VLCOutput.m:509:41: warning: 'NSOffState' is deprecated: first deprecated in macOS 10.14 [-Wdeprecated-declarations]
  509 |             [self.rtspCheckbox setState:NSOffState];
      |                                         ^~~~~~~~~~
      |                                         NSControlStateValueOff
/Applications/Xcode.app/Contents/Developer/Platforms/MacOSX.platform/Developer/SDKs/MacOSX27.0.sdk/System/Library/Frameworks/AppKit.framework/Headers/NSCell.h:354:34: note: 'NSOffState' has been explicitly marked deprecated here
  354 | static const NSControlStateValue NSOffState API_DEPRECATED_WITH_REPLACEMENT("NSControlStateValueOff", macos(10.0,10.14)) = NSControlStateValueOff;
      |                                  ^
/Users/cam/Documents/Projects/ultima-iv-web/vlc-thumbs/work/upstream/vlc-master-story005/extras/package/macosx/../../../modules/gui/macosx/windows/convertandsave/VLCOutput.m:510:41: warning: 'NSOffState' is deprecated: first deprecated in macOS 10.14 [-Wdeprecated-declarations]
  510 |             [self.fileCheckbox setState:NSOffState];
      |                                         ^~~~~~~~~~
      |                                         NSControlStateValueOff
/Applications/Xcode.app/Contents/Developer/Platforms/MacOSX.platform/Developer/SDKs/MacOSX27.0.sdk/System/Library/Frameworks/AppKit.framework/Headers/NSCell.h:354:34: note: 'NSOffState' has been explicitly marked deprecated here
  354 | static const NSControlStateValue NSOffState API_DEPRECATED_WITH_REPLACEMENT("NSControlStateValueOff", macos(10.0,10.14)) = NSControlStateValueOff;
      |                                  ^
/Users/cam/Documents/Projects/ultima-iv-web/vlc-thumbs/work/upstream/vlc-master-story005/extras/package/macosx/../../../modules/gui/macosx/windows/convertandsave/VLCOutput.m:512:41: warning: 'NSOffState' is deprecated: first deprecated in macOS 10.14 [-Wdeprecated-declarations]
  512 |             [self.rtspCheckbox setState:NSOffState];
      |                                         ^~~~~~~~~~
      |                                         NSControlStateValueOff
/Applications/Xcode.app/Contents/Developer/Platforms/MacOSX.platform/Developer/SDKs/MacOSX27.0.sdk/System/Library/Frameworks/AppKit.framework/Headers/NSCell.h:354:34: note: 'NSOffState' has been explicitly marked deprecated here
  354 | static const NSControlStateValue NSOffState API_DEPRECATED_WITH_REPLACEMENT("NSControlStateValueOff", macos(10.0,10.14)) = NSControlStateValueOff;
      |                                  ^
/Users/cam/Documents/Projects/ultima-iv-web/vlc-thumbs/work/upstream/vlc-master-story005/extras/package/macosx/../../../modules/gui/macosx/windows/convertandsave/VLCOutput.m:513:41: warning: 'NSOffState' is deprecated: first deprecated in macOS 10.14 [-Wdeprecated-declarations]
  513 |             [self.httpCheckbox setState:NSOffState];
      |                                         ^~~~~~~~~~
      |                                         NSControlStateValueOff
/Applications/Xcode.app/Contents/Developer/Platforms/MacOSX.platform/Developer/SDKs/MacOSX27.0.sdk/System/Library/Frameworks/AppKit.framework/Headers/NSCell.h:354:34: note: 'NSOffState' has been explicitly marked deprecated here
  354 | static const NSControlStateValue NSOffState API_DEPRECATED_WITH_REPLACEMENT("NSControlStateValueOff", macos(10.0,10.14)) = NSControlStateValueOff;
      |                                  ^
/Users/cam/Documents/Projects/ultima-iv-web/vlc-thumbs/work/upstream/vlc-master-story005/extras/package/macosx/../../../modules/gui/macosx/windows/convertandsave/VLCOutput.m:516:42: warning: 'NSOnState' is deprecated: first deprecated in macOS 10.14 [-Wdeprecated-declarations]
  516 |         if ([self.rtspCheckbox state] == NSOnState ||
      |                                          ^~~~~~~~~
      |                                          NSControlStateValueOn
/Applications/Xcode.app/Contents/Developer/Platforms/MacOSX.platform/Developer/SDKs/MacOSX27.0.sdk/System/Library/Frameworks/AppKit.framework/Headers/NSCell.h:355:34: note: 'NSOnState' has been explicitly marked deprecated here
  355 | static const NSControlStateValue NSOnState API_DEPRECATED_WITH_REPLACEMENT("NSControlStateValueOn", macos(10.0,10.14)) = NSControlStateValueOn;
      |                                  ^
/Users/cam/Documents/Projects/ultima-iv-web/vlc-thumbs/work/upstream/vlc-master-story005/extras/package/macosx/../../../modules/gui/macosx/windows/convertandsave/VLCOutput.m:517:42: warning: 'NSOnState' is deprecated: first deprecated in macOS 10.14 [-Wdeprecated-declarations]
  517 |             [self.httpCheckbox state] == NSOnState ||
      |                                          ^~~~~~~~~
      |                                          NSControlStateValueOn
/Applications/Xcode.app/Contents/Developer/Platforms/MacOSX.platform/Developer/SDKs/MacOSX27.0.sdk/System/Library/Frameworks/AppKit.framework/Headers/NSCell.h:355:34: note: 'NSOnState' has been explicitly marked deprecated here
  355 | static const NSControlStateValue NSOnState API_DEPRECATED_WITH_REPLACEMENT("NSControlStateValueOn", macos(10.0,10.14)) = NSControlStateValueOn;
      |                                  ^
/Users/cam/Documents/Projects/ultima-iv-web/vlc-thumbs/work/upstream/vlc-master-story005/extras/package/macosx/../../../modules/gui/macosx/windows/convertandsave/VLCOutput.m:518:42: warning: 'NSOnState' is deprecated: first deprecated in macOS 10.14 [-Wdeprecated-declarations]
  518 |             [self.fileCheckbox state] == NSOnState)
      |                                          ^~~~~~~~~
      |                                          NSControlStateValueOn
/Applications/Xcode.app/Contents/Developer/Platforms/MacOSX.platform/Developer/SDKs/MacOSX27.0.sdk/System/Library/Frameworks/AppKit.framework/Headers/NSCell.h:355:34: note: 'NSOnState' has been explicitly marked deprecated here
  355 | static const NSControlStateValue NSOnState API_DEPRECATED_WITH_REPLACEMENT("NSControlStateValueOn", macos(10.0,10.14)) = NSControlStateValueOn;
      |                                  ^
24 warnings generated.
  OBJC     gui/macosx/windows/logging/libmacosx_plugin_la-VLCLogMessage.lo
/Users/cam/Documents/Projects/ultima-iv-web/vlc-thumbs/work/upstream/vlc-master-story005/extras/package/macosx/../../../modules/gui/macosx/windows/extensions/VLCExtensionsDialogProvider.m:49:17: warning: 'WebView' is deprecated: first deprecated in macOS 10.14 - No longer supported; please adopt WKWebView. [-Wdeprecated-declarations]
   49 |                 WebView *webView = [[WebView alloc] initWithFrame:NSMakeRect (0,0,1,1)];
      |                 ^
/Applications/Xcode.app/Contents/Developer/Platforms/MacOSX.platform/Developer/SDKs/MacOSX27.0.sdk/System/Library/Frameworks/WebKit.framework/Headers/WebView.h:119:12: note: 'WebView' has been explicitly marked deprecated here
  119 | @interface WebView : NSView
      |            ^
/Users/cam/Documents/Projects/ultima-iv-web/vlc-thumbs/work/upstream/vlc-master-story005/extras/package/macosx/../../../modules/gui/macosx/windows/extensions/VLCExtensionsDialogProvider.m:49:46: warning: 'WebView' is deprecated: first deprecated in macOS 10.14 - No longer supported; please adopt WKWebView. [-Wdeprecated-declarations]
   49 |                 WebView *webView = [[WebView alloc] initWithFrame:NSMakeRect (0,0,1,1)];
      |                                              ^
/Applications/Xcode.app/Contents/Developer/Platforms/MacOSX.platform/Developer/SDKs/MacOSX27.0.sdk/System/Library/Frameworks/WebKit.framework/Headers/WebView.h:119:12: note: 'WebView' has been explicitly marked deprecated here
  119 | @interface WebView : NSView
      |            ^
/Users/cam/Documents/Projects/ultima-iv-web/vlc-thumbs/work/upstream/vlc-master-story005/extras/package/macosx/../../../modules/gui/macosx/windows/extensions/VLCExtensionsDialogProvider.m:91:39: warning: 'NSSwitchButton' is deprecated: first deprecated in macOS 10.14 [-Wdeprecated-declarations]
   91 |                 [button setButtonType:NSSwitchButton];
      |                                       ^~~~~~~~~~~~~~
      |                                       NSButtonTypeSwitch
/Applications/Xcode.app/Contents/Developer/Platforms/MacOSX.platform/Developer/SDKs/MacOSX27.0.sdk/System/Library/Frameworks/AppKit.framework/Headers/NSButtonCell.h:143:27: note: 'NSSwitchButton' has been explicitly marked deprecated here
  143 | static const NSButtonType NSSwitchButton API_DEPRECATED_WITH_REPLACEMENT("NSButtonTypeSwitch", macos(10.0,10.14)) = NSButtonTypeSwitch;
      |                           ^
/Users/cam/Documents/Projects/ultima-iv-web/vlc-thumbs/work/upstream/vlc-master-story005/extras/package/macosx/../../../modules/gui/macosx/windows/extensions/VLCExtensionsDialogProvider.m:103:39: warning: 'NSRoundedBezelStyle' is deprecated: first deprecated in macOS 10.14 [-Wdeprecated-declarations]
  103 |                 [button setBezelStyle:NSRoundedBezelStyle];
      |                                       ^~~~~~~~~~~~~~~~~~~
      |                                       NSBezelStylePush
/Applications/Xcode.app/Contents/Developer/Platforms/MacOSX.platform/Developer/SDKs/MacOSX27.0.sdk/System/Library/Frameworks/AppKit.framework/Headers/NSButtonCell.h:155:27: note: 'NSRoundedBezelStyle' has been explicitly marked deprecated here
  155 | static const NSBezelStyle NSRoundedBezelStyle API_DEPRECATED_WITH_REPLACEMENT("NSBezelStylePush", macos(10.0,10.14)) = NSBezelStylePush;
      |                           ^
/Users/cam/Documents/Projects/ultima-iv-web/vlc-thumbs/work/upstream/vlc-master-story005/extras/package/macosx/../../../modules/gui/macosx/windows/extensions/VLCExtensionsDialogProvider.m:150:35: warning: 'NSProgressIndicatorSpinningStyle' is deprecated: first deprecated in macOS 10.14 [-Wdeprecated-declarations]
  150 |                 [spinner setStyle:NSProgressIndicatorSpinningStyle];
      |                                   ^~~~~~~~~~~~~~~~~~~~~~~~~~~~~~~~
      |                                   NSProgressIndicatorStyleSpinning
/Applications/Xcode.app/Contents/Developer/Platforms/MacOSX.platform/Developer/SDKs/MacOSX27.0.sdk/System/Library/Frameworks/AppKit.framework/Headers/NSProgressIndicator.h:78:39: note: 'NSProgressIndicatorSpinningStyle' has been explicitly marked deprecated here
   78 | static const NSProgressIndicatorStyle NSProgressIndicatorSpinningStyle API_DEPRECATED_WITH_REPLACEMENT("NSProgressIndicatorStyleSpinning", macos(10.2,10.14)) = NSProgressIndicatorStyleSpinning;
      |                                       ^
/Users/cam/Documents/Projects/ultima-iv-web/vlc-thumbs/work/upstream/vlc-master-story005/extras/package/macosx/../../../modules/gui/macosx/windows/extensions/VLCExtensionsDialogProvider.m:172:56: warning: 'WebView' is deprecated: first deprecated in macOS 10.14 - No longer supported; please adopt WKWebView. [-Wdeprecated-declarations]
  172 |                 assert([control isKindOfClass:[WebView class]]);
      |                                                        ^
/Applications/Xcode.app/Contents/Developer/Platforms/MacOSX.platform/Developer/SDKs/MacOSX27.0.sdk/System/Library/Frameworks/WebKit.framework/Headers/WebView.h:119:12: note: 'WebView' has been explicitly marked deprecated here
  119 | @interface WebView : NSView
      |            ^
/Users/cam/Documents/Projects/ultima-iv-web/vlc-thumbs/work/upstream/vlc-master-story005/extras/package/macosx/../../../modules/gui/macosx/windows/extensions/VLCExtensionsDialogProvider.m:173:17: warning: 'WebView' is deprecated: first deprecated in macOS 10.14 - No longer supported; please adopt WKWebView. [-Wdeprecated-declarations]
  173 |                 WebView *webView = (WebView *)control;
      |                 ^
/Applications/Xcode.app/Contents/Developer/Platforms/MacOSX.platform/Developer/SDKs/MacOSX27.0.sdk/System/Library/Frameworks/WebKit.framework/Headers/WebView.h:119:12: note: 'WebView' has been explicitly marked deprecated here
  119 | @interface WebView : NSView
      |            ^
/Users/cam/Documents/Projects/ultima-iv-web/vlc-thumbs/work/upstream/vlc-master-story005/extras/package/macosx/../../../modules/gui/macosx/windows/extensions/VLCExtensionsDialogProvider.m:173:37: warning: 'WebView' is deprecated: first deprecated in macOS 10.14 - No longer supported; please adopt WKWebView. [-Wdeprecated-declarations]
  173 |                 WebView *webView = (WebView *)control;
      |                                     ^
/Applications/Xcode.app/Contents/Developer/Platforms/MacOSX.platform/Developer/SDKs/MacOSX27.0.sdk/System/Library/Frameworks/WebKit.framework/Headers/WebView.h:119:12: note: 'WebView' has been explicitly marked deprecated here
  119 | @interface WebView : NSView
      |            ^
/Users/cam/Documents/Projects/ultima-iv-web/vlc-thumbs/work/upstream/vlc-master-story005/extras/package/macosx/../../../modules/gui/macosx/windows/extensions/VLCExtensionsDialogProvider.m:199:58: warning: 'NSOnState' is deprecated: first deprecated in macOS 10.14 [-Wdeprecated-declarations]
  199 |                     [button setState:widget->b_checked ? NSOnState : NSOffState];
      |                                                          ^~~~~~~~~
      |                                                          NSControlStateValueOn
/Applications/Xcode.app/Contents/Developer/Platforms/MacOSX.platform/Developer/SDKs/MacOSX27.0.sdk/System/Library/Frameworks/AppKit.framework/Headers/NSCell.h:355:34: note: 'NSOnState' has been explicitly marked deprecated here
  355 | static const NSControlStateValue NSOnState API_DEPRECATED_WITH_REPLACEMENT("NSControlStateValueOn", macos(10.0,10.14)) = NSControlStateValueOn;
      |                                  ^
/Users/cam/Documents/Projects/ultima-iv-web/vlc-thumbs/work/upstream/vlc-master-story005/extras/package/macosx/../../../modules/gui/macosx/windows/extensions/VLCExtensionsDialogProvider.m:199:70: warning: 'NSOffState' is deprecated: first deprecated in macOS 10.14 [-Wdeprecated-declarations]
  199 |                     [button setState:widget->b_checked ? NSOnState : NSOffState];
      |                                                                      ^~~~~~~~~~
      |                                                                      NSControlStateValueOff
/Applications/Xcode.app/Contents/Developer/Platforms/MacOSX.platform/Developer/SDKs/MacOSX27.0.sdk/System/Library/Frameworks/AppKit.framework/Headers/NSCell.h:354:34: note: 'NSOffState' has been explicitly marked deprecated here
  354 | static const NSControlStateValue NSOffState API_DEPRECATED_WITH_REPLACEMENT("NSControlStateValueOff", macos(10.0,10.14)) = NSControlStateValueOff;
      |                                  ^
/Users/cam/Documents/Projects/ultima-iv-web/vlc-thumbs/work/upstream/vlc-master-story005/extras/package/macosx/../../../modules/gui/macosx/windows/extensions/VLCExtensionsDialogProvider.m:320:47: warning: 'NSOnState' is deprecated: first deprecated in macOS 10.14 [-Wdeprecated-declarations]
  320 |         widget->b_checked = [button state] == NSOnState;
      |                                               ^~~~~~~~~
      |                                               NSControlStateValueOn
/Applications/Xcode.app/Contents/Developer/Platforms/MacOSX.platform/Developer/SDKs/MacOSX27.0.sdk/System/Library/Frameworks/AppKit.framework/Headers/NSCell.h:355:34: note: 'NSOnState' has been explicitly marked deprecated here
  355 | static const NSControlStateValue NSOnState API_DEPRECATED_WITH_REPLACEMENT("NSControlStateValueOn", macos(10.0,10.14)) = NSControlStateValueOn;
      |                                  ^
11 warnings generated.
  OBJC     gui/macosx/windows/logging/libmacosx_plugin_la-VLCLogWindowController.lo
/Users/cam/Documents/Projects/ultima-iv-web/vlc-thumbs/work/upstream/vlc-master-story005/extras/package/macosx/../../../modules/gui/macosx/windows/extensions/VLCExtensionsManager.m:151:40: warning: 'NSOnState' is deprecated: first deprecated in macOS 10.14 [-Wdeprecated-declarations]
  151 |                     [menuItem setState:NSOnState];
      |                                        ^~~~~~~~~
      |                                        NSControlStateValueOn
/Applications/Xcode.app/Contents/Developer/Platforms/MacOSX.platform/Developer/SDKs/MacOSX27.0.sdk/System/Library/Frameworks/AppKit.framework/Headers/NSCell.h:355:34: note: 'NSOnState' has been explicitly marked deprecated here
  355 | static const NSControlStateValue NSOnState API_DEPRECATED_WITH_REPLACEMENT("NSControlStateValueOn", macos(10.0,10.14)) = NSControlStateValueOn;
      |                                  ^
1 warning generated.
  OBJC     gui/macosx/windows/controlsbar/libmacosx_plugin_la-VLCControlsBarCommon.lo
  OBJC     gui/macosx/windows/controlsbar/libmacosx_plugin_la-VLCMainVideoViewControlsBar.lo
  OBJC     gui/macosx/windows/controlsbar/libmacosx_plugin_la-VLCMainWindowControlsBar.lo
/Users/cam/Documents/Projects/ultima-iv-web/vlc-thumbs/work/upstream/vlc-master-story005/extras/package/macosx/../../../modules/gui/macosx/windows/logging/VLCLogWindowController.m:182:40: warning: 'NSOffState' is deprecated: first deprecated in macOS 10.14 [-Wdeprecated-declarations]
  182 |         [_toggleDetailsButton setState:NSOffState];
      |                                        ^~~~~~~~~~
      |                                        NSControlStateValueOff
/Applications/Xcode.app/Contents/Developer/Platforms/MacOSX.platform/Developer/SDKs/MacOSX27.0.sdk/System/Library/Frameworks/AppKit.framework/Headers/NSCell.h:354:34: note: 'NSOffState' has been explicitly marked deprecated here
  354 | static const NSControlStateValue NSOffState API_DEPRECATED_WITH_REPLACEMENT("NSControlStateValueOff", macos(10.0,10.14)) = NSControlStateValueOff;
      |                                  ^
/Users/cam/Documents/Projects/ultima-iv-web/vlc-thumbs/work/upstream/vlc-master-story005/extras/package/macosx/../../../modules/gui/macosx/windows/logging/VLCLogWindowController.m:184:40: warning: 'NSOnState' is deprecated: first deprecated in macOS 10.14 [-Wdeprecated-declarations]
  184 |         [_toggleDetailsButton setState:NSOnState];
      |                                        ^~~~~~~~~
      |                                        NSControlStateValueOn
/Applications/Xcode.app/Contents/Developer/Platforms/MacOSX.platform/Developer/SDKs/MacOSX27.0.sdk/System/Library/Frameworks/AppKit.framework/Headers/NSCell.h:355:34: note: 'NSOnState' has been explicitly marked deprecated here
  355 | static const NSControlStateValue NSOnState API_DEPRECATED_WITH_REPLACEMENT("NSControlStateValueOn", macos(10.0,10.14)) = NSControlStateValueOn;
      |                                  ^
/Users/cam/Documents/Projects/ultima-iv-web/vlc-thumbs/work/upstream/vlc-master-story005/extras/package/macosx/../../../modules/gui/macosx/windows/logging/VLCLogWindowController.m:199:22: warning: 'setAllowedFileTypes:' is deprecated: first deprecated in macOS 12.0 - Use -allowedContentTypes instead [-Wdeprecated-declarations]
  199 |     [saveFolderPanel setAllowedFileTypes: [NSArray arrayWithObject:@"txt"]];
      |                      ^
/Applications/Xcode.app/Contents/Developer/Platforms/MacOSX.platform/Developer/SDKs/MacOSX27.0.sdk/System/Library/Frameworks/AppKit.framework/Headers/NSSavePanel.h:289:49: note: property 'allowedFileTypes' is declared deprecated here
  289 | @property (nullable, copy) NSArray<NSString *> *allowedFileTypes API_DEPRECATED("Use -allowedContentTypes instead", macos(10.3,12.0));
      |                                                 ^
/Applications/Xcode.app/Contents/Developer/Platforms/MacOSX.platform/Developer/SDKs/MacOSX27.0.sdk/System/Library/Frameworks/AppKit.framework/Headers/NSSavePanel.h:289:49: note: 'setAllowedFileTypes:' has been explicitly marked deprecated here
3 warnings generated.
  OBJC     gui/macosx/windows/video/libmacosx_plugin_la-VLCAspectRatioRetainingVideoWindow.lo
  OBJC     gui/macosx/windows/video/libmacosx_plugin_la-VLCFullVideoViewWindow.lo
  OBJC     gui/macosx/windows/video/libmacosx_plugin_la-VLCMainVideoViewController.lo
  OBJC     gui/macosx/windows/video/libmacosx_plugin_la-VLCMainVideoViewAudioMediaDecorativeView.lo
  OBJC     gui/macosx/windows/video/libmacosx_plugin_la-VLCMainVideoViewOverlayView.lo
  OBJC     gui/macosx/windows/video/libmacosx_plugin_la-VLCVideoOutputProvider.lo
  OBJC     gui/macosx/windows/video/libmacosx_plugin_la-VLCVideoWindowCommon.lo
  OBJC     gui/macosx/windows/video/libmacosx_plugin_la-VLCVoutView.lo
  OBJC     gui/macosx/windows/video/libmacosx_plugin_la-VLCWindow.lo
  CXX      gui/skins2/commands/libskins2_plugin_la-async_queue.lo
In file included from /Users/cam/Documents/Projects/ultima-iv-web/vlc-thumbs/work/upstream/vlc-master-story005/extras/package/macosx/../../../modules/gui/skins2/commands/async_queue.cpp:24:
In file included from /Users/cam/Documents/Projects/ultima-iv-web/vlc-thumbs/work/upstream/vlc-master-story005/extras/package/macosx/../../../modules/gui/skins2/commands/async_queue.hpp:27:
In file included from /Users/cam/Documents/Projects/ultima-iv-web/vlc-thumbs/work/upstream/vlc-master-story005/extras/package/macosx/../../../modules/gui/skins2/commands/cmd_generic.hpp:27:
In file included from /Applications/Xcode.app/Contents/Developer/Platforms/MacOSX.platform/Developer/SDKs/MacOSX27.0.sdk/usr/include/c++/v1/string:594:
In file included from /Applications/Xcode.app/Contents/Developer/Platforms/MacOSX.platform/Developer/SDKs/MacOSX27.0.sdk/usr/include/c++/v1/__algorithm/max.h:12:
In file included from /Applications/Xcode.app/Contents/Developer/Platforms/MacOSX.platform/Developer/SDKs/MacOSX27.0.sdk/usr/include/c++/v1/__algorithm/comp.h:12:
In file included from /Applications/Xcode.app/Contents/Developer/Platforms/MacOSX.platform/Developer/SDKs/MacOSX27.0.sdk/usr/include/c++/v1/__config:15:
/Applications/Xcode.app/Contents/Developer/Platforms/MacOSX.platform/Developer/SDKs/MacOSX27.0.sdk/usr/include/c++/v1/__configuration/availability.h:204:4: warning: "The selected platform is no longer supported by libc++." [-W#warnings]
  204 | #  warning "The selected platform is no longer supported by libc++."
      |    ^
  CXX      gui/skins2/commands/libskins2_plugin_la-cmd_add_item.lo
In file included from /Users/cam/Documents/Projects/ultima-iv-web/vlc-thumbs/work/upstream/vlc-master-story005/extras/package/macosx/../../../modules/gui/skins2/commands/cmd_add_item.cpp:25:
In file included from ../config.h:896:
In file included from /Users/cam/Documents/Projects/ultima-iv-web/vlc-thumbs/work/upstream/vlc-master-story005/extras/package/macosx/../../../include/vlc_fixups.h:166:
In file included from /Applications/Xcode.app/Contents/Developer/Platforms/MacOSX.platform/Developer/SDKs/MacOSX27.0.sdk/usr/include/c++/v1/stddef.h:30:
In file included from /Applications/Xcode.app/Contents/Developer/Platforms/MacOSX.platform/Developer/SDKs/MacOSX27.0.sdk/usr/include/c++/v1/__config:15:
/Applications/Xcode.app/Contents/Developer/Platforms/MacOSX.platform/Developer/SDKs/MacOSX27.0.sdk/usr/include/c++/v1/__configuration/availability.h:204:4: warning: "The selected platform is no longer supported by libc++." [-W#warnings]
  204 | #  warning "The selected platform is no longer supported by libc++."
      |    ^
  CXX      gui/skins2/commands/libskins2_plugin_la-cmd_audio.lo
In file included from /Users/cam/Documents/Projects/ultima-iv-web/vlc-thumbs/work/upstream/vlc-master-story005/extras/package/macosx/../../../modules/gui/skins2/commands/cmd_audio.cpp:23:
In file included from /Users/cam/Documents/Projects/ultima-iv-web/vlc-thumbs/work/upstream/vlc-master-story005/extras/package/macosx/../../../modules/gui/skins2/commands/cmd_audio.hpp:26:
In file included from /Users/cam/Documents/Projects/ultima-iv-web/vlc-thumbs/work/upstream/vlc-master-story005/extras/package/macosx/../../../modules/gui/skins2/commands/cmd_generic.hpp:27:
In file included from /Applications/Xcode.app/Contents/Developer/Platforms/MacOSX.platform/Developer/SDKs/MacOSX27.0.sdk/usr/include/c++/v1/string:594:
In file included from /Applications/Xcode.app/Contents/Developer/Platforms/MacOSX.platform/Developer/SDKs/MacOSX27.0.sdk/usr/include/c++/v1/__algorithm/max.h:12:
In file included from /Applications/Xcode.app/Contents/Developer/Platforms/MacOSX.platform/Developer/SDKs/MacOSX27.0.sdk/usr/include/c++/v1/__algorithm/comp.h:12:
In file included from /Applications/Xcode.app/Contents/Developer/Platforms/MacOSX.platform/Developer/SDKs/MacOSX27.0.sdk/usr/include/c++/v1/__config:15:
/Applications/Xcode.app/Contents/Developer/Platforms/MacOSX.platform/Developer/SDKs/MacOSX27.0.sdk/usr/include/c++/v1/__configuration/availability.h:204:4: warning: "The selected platform is no longer supported by libc++." [-W#warnings]
  204 | #  warning "The selected platform is no longer supported by libc++."
      |    ^
1 warning generated.
  CXX      gui/skins2/commands/libskins2_plugin_la-cmd_dvd.lo
  CXX      gui/skins2/commands/libskins2_plugin_la-cmd_change_skin.lo
In file included from /Users/cam/Documents/Projects/ultima-iv-web/vlc-thumbs/work/upstream/vlc-master-story005/extras/package/macosx/../../../modules/gui/skins2/commands/cmd_dvd.cpp:23:
In file included from /Users/cam/Documents/Projects/ultima-iv-web/vlc-thumbs/work/upstream/vlc-master-story005/extras/package/macosx/../../../modules/gui/skins2/commands/cmd_dvd.hpp:26:
In file included from /Users/cam/Documents/Projects/ultima-iv-web/vlc-thumbs/work/upstream/vlc-master-story005/extras/package/macosx/../../../modules/gui/skins2/commands/cmd_generic.hpp:27:
In file included from /Applications/Xcode.app/Contents/Developer/Platforms/MacOSX.platform/Developer/SDKs/MacOSX27.0.sdk/usr/include/c++/v1/string:594:
In file included from /Applications/Xcode.app/Contents/Developer/Platforms/MacOSX.platform/Developer/SDKs/MacOSX27.0.sdk/usr/include/c++/v1/__algorithm/max.h:12:
In file included from /Applications/Xcode.app/Contents/Developer/Platforms/MacOSX.platform/Developer/SDKs/MacOSX27.0.sdk/usr/include/c++/v1/__algorithm/comp.h:12:
In file included from /Applications/Xcode.app/Contents/Developer/Platforms/MacOSX.platform/Developer/SDKs/MacOSX27.0.sdk/usr/include/c++/v1/__config:15:
/Applications/Xcode.app/Contents/Developer/Platforms/MacOSX.platform/Developer/SDKs/MacOSX27.0.sdk/usr/include/c++/v1/__configuration/availability.h:204:4: warning: "The selected platform is no longer supported by libc++." [-W#warnings]
In file included from /Users/cam/Documents/Projects/ultima-iv-web/vlc-thumbs/work/upstream/vlc-master-story005/extras/package/macosx/../../../modules/gui/skins2/commands/cmd_change_skin.cpp:24:
In file included from /Users/cam/Documents/Projects/ultima-iv-web/vlc-thumbs/work/upstream/vlc-master-story005/extras/package/macosx/../../../modules/gui/skins2/commands/cmd_change_skin.hpp:27:
In file included from /Users/cam/Documents/Projects/ultima-iv-web/vlc-thumbs/work/upstream/vlc-master-story005/extras/package/macosx/../../../modules/gui/skins2/commands/cmd_generic.hpp:27:
In file included from /Applications/Xcode.app/Contents/Developer/Platforms/MacOSX.platform/Developer/SDKs/MacOSX27.0.sdk/usr/include/c++/v1/string:594:
In file included from /Applications/Xcode.app/Contents/Developer/Platforms/MacOSX.platform/Developer/SDKs/MacOSX27.0.sdk/usr/include/c++/v1/__algorithm/max.h:12:
In file included from /Applications/Xcode.app/Contents/Developer/Platforms/MacOSX.platform/Developer/SDKs/MacOSX27.0.sdk/usr/include/c++/v1/__algorithm/comp.h:12:
In file included from /Applications/Xcode.app/Contents/Developer/Platforms/MacOSX.platform/Developer/SDKs/MacOSX27.0.sdk/usr/include/c++/v1/__config:15:
/Applications/Xcode.app/Contents/Developer/Platforms/MacOSX.platform/Developer/SDKs/MacOSX27.0.sdk/usr/include/c++/v1/__configuration/availability.h:204:4: warning: "The selected platform is no longer supported by libc++." [-W#warnings]
  204 | #  204 | #  warning "The   warselected platform is no loninnger supported byg " libc++."
      The selected |    ^
platform is no longer supported by libc++."
      |    ^
1 warning generated.
  CXX      gui/skins2/commands/libskins2_plugin_la-cmd_fullscreen.lo
1 warning generated.
  CXX      gui/skins2/commands/libskins2_plugin_la-cmd_input.lo
In file included from /Users/cam/Documents/Projects/ultima-iv-web/vlc-thumbs/work/upstream/vlc-master-story005/extras/package/macosx/../../../modules/gui/skins2/commands/cmd_fullscreen.cpp:24:
In file included from /Users/cam/Documents/Projects/ultima-iv-web/vlc-thumbs/work/upstream/vlc-master-story005/extras/package/macosx/../../../modules/gui/skins2/commands/cmd_fullscreen.hpp:27:
In file included from /Users/cam/Documents/Projects/ultima-iv-web/vlc-thumbs/work/upstream/vlc-master-story005/extras/package/macosx/../../../modules/gui/skins2/commands/cmd_generic.hpp:27:
In file included from /Applications/Xcode.app/Contents/Developer/Platforms/MacOSX.platform/Developer/SDKs/MacOSX27.0.sdk/usr/include/c++/v1/string:594:
In file included from /Applications/Xcode.app/Contents/Developer/Platforms/MacOSX.platform/Developer/SDKs/MacOSX27.0.sdk/usr/include/c++/v1/__algorithm/max.h:12:
In file included from /Applications/Xcode.app/Contents/Developer/Platforms/MacOSX.platform/Developer/SDKs/MacOSX27.0.sdk/usr/include/c++/v1/__algorithm/comp.h:12:
In file included from /Applications/Xcode.app/Contents/Developer/Platforms/MacOSX.platform/Developer/SDKs/MacOSX27.0.sdk/usr/include/c++/v1/__config:15:
/Applications/Xcode.app/Contents/Developer/Platforms/MacOSX.platform/Developer/SDKs/MacOSX27.0.sdk/usr/include/c++/v1/__configuration/availability.h:204:4: warning: "The selected platform is no longer supported by libc++." [-W#warnings]
  204 | #  warning "The selected platform is no longer supported by libc++."
      |    ^
In file included from /Users/cam/Documents/Projects/ultima-iv-web/vlc-thumbs/work/upstream/vlc-master-story005/extras/package/macosx/../../../modules/gui/skins2/commands/cmd_input.cpp:24:
In file included from /Users/cam/Documents/Projects/ultima-iv-web/vlc-thumbs/work/upstream/vlc-master-story005/extras/package/macosx/../../../modules/gui/skins2/commands/cmd_input.hpp:27:
In file included from /Users/cam/Documents/Projects/ultima-iv-web/vlc-thumbs/work/upstream/vlc-master-story005/extras/package/macosx/../../../modules/gui/skins2/commands/cmd_generic.hpp:27:
In file included from /Applications/Xcode.app/Contents/Developer/Platforms/MacOSX.platform/Developer/SDKs/MacOSX27.0.sdk/usr/include/c++/v1/string:594:
In file included from /Applications/Xcode.app/Contents/Developer/Platforms/MacOSX.platform/Developer/SDKs/MacOSX27.0.sdk/usr/include/c++/v1/__algorithm/max.h:12:
In file included from /Applications/Xcode.app/Contents/Developer/Platforms/MacOSX.platform/Developer/SDKs/MacOSX27.0.sdk/usr/include/c++/v1/__algorithm/comp.h:12:
In file included from /Applications/Xcode.app/Contents/Developer/Platforms/MacOSX.platform/Developer/SDKs/MacOSX27.0.sdk/usr/include/c++/v1/__config:15:
/Applications/Xcode.app/Contents/Developer/Platforms/MacOSX.platform/Developer/SDKs/MacOSX27.0.sdk/usr/include/c++/v1/__configuration/availability.h:204:4: warning: "The selected platform is no longer supported by libc++." [-W#warnings]
  204 | #  warning "The selected platform is no longer supported by libc++."
      |    ^
1 warning generated.
  CXX      gui/skins2/commands/libskins2_plugin_la-cmd_layout.lo
In file included from /Users/cam/Documents/Projects/ultima-iv-web/vlc-thumbs/work/upstream/vlc-master-story005/extras/package/macosx/../../../modules/gui/skins2/commands/cmd_layout.cpp:24:
In file included from /Users/cam/Documents/Projects/ultima-iv-web/vlc-thumbs/work/upstream/vlc-master-story005/extras/package/macosx/../../../modules/gui/skins2/commands/cmd_layout.hpp:27:
In file included from /Users/cam/Documents/Projects/ultima-iv-web/vlc-thumbs/work/upstream/vlc-master-story005/extras/package/macosx/../../../modules/gui/skins2/commands/cmd_generic.hpp:27:
In file included from /Applications/Xcode.app/Contents/Developer/Platforms/MacOSX.platform/Developer/SDKs/MacOSX27.0.sdk/usr/include/c++/v1/string:594:
In file included from /Applications/Xcode.app/Contents/Developer/Platforms/MacOSX.platform/Developer/SDKs/MacOSX27.0.sdk/usr/include/c++/v1/__algorithm/max.h:12:
In file included from /Applications/Xcode.app/Contents/Developer/Platforms/MacOSX.platform/Developer/SDKs/MacOSX27.0.sdk/usr/include/c++/v1/__algorithm/comp.h:12:
In file included from /Applications/Xcode.app/Contents/Developer/Platforms/MacOSX.platform/Developer/SDKs/MacOSX27.0.sdk/usr/include/c++/v1/__config:15:
/Applications/Xcode.app/Contents/Developer/Platforms/MacOSX.platform/Developer/SDKs/MacOSX27.0.sdk/usr/include/c++/v1/__configuration/availability.h:204:4: warning: "The selected platform is no longer supported by libc++." [-W#warnings]
  204 | #  warning "The selected platform is no longer supported by libc++."
      |    ^
1 warning generated.
  CXX      gui/skins2/commands/libskins2_plugin_la-cmd_muxer.lo
In file included from /Users/cam/Documents/Projects/ultima-iv-web/vlc-thumbs/work/upstream/vlc-master-story005/extras/package/macosx/../../../modules/gui/skins2/commands/cmd_muxer.cpp:23:
In file included from /Users/cam/Documents/Projects/ultima-iv-web/vlc-thumbs/work/upstream/vlc-master-story005/extras/package/macosx/../../../modules/gui/skins2/commands/cmd_muxer.hpp:26:
In file included from /Users/cam/Documents/Projects/ultima-iv-web/vlc-thumbs/work/upstream/vlc-master-story005/extras/package/macosx/../../../modules/gui/skins2/commands/cmd_generic.hpp:27:
In file included from /Applications/Xcode.app/Contents/Developer/Platforms/MacOSX.platform/Developer/SDKs/MacOSX27.0.sdk/usr/include/c++/v1/string:594:
In file included from /Applications/Xcode.app/Contents/Developer/Platforms/MacOSX.platform/Developer/SDKs/MacOSX27.0.sdk/usr/include/c++/v1/__algorithm/max.h:12:
In file included from /Applications/Xcode.app/Contents/Developer/Platforms/MacOSX.platform/Developer/SDKs/MacOSX27.0.sdk/usr/include/c++/v1/__algorithm/comp.h:12:
In file included from /Applications/Xcode.app/Contents/Developer/Platforms/MacOSX.platform/Developer/SDKs/MacOSX27.0.sdk/usr/include/c++/v1/__config:15:
/Applications/Xcode.app/Contents/Developer/Platforms/MacOSX.platform/Developer/SDKs/MacOSX27.0.sdk/usr/include/c++/v1/__configuration/availability.h:204:4: warning: "The selected platform is no longer supported by libc++." [-W#warnings]
  204 | #  warning "The selected platform is no longer supported by libc++."
      |    ^
1 warning generated.
  CXX      gui/skins2/commands/libskins2_plugin_la-cmd_on_top.lo
In file included from /Users/cam/Documents/Projects/ultima-iv-web/vlc-thumbs/work/upstream/vlc-master-story005/extras/package/macosx/../../../modules/gui/skins2/commands/cmd_on_top.cpp:24:
In file included from /Users/cam/Documents/Projects/ultima-iv-web/vlc-thumbs/work/upstream/vlc-master-story005/extras/package/macosx/../../../modules/gui/skins2/commands/cmd_on_top.hpp:27:
In file included from /Users/cam/Documents/Projects/ultima-iv-web/vlc-thumbs/work/upstream/vlc-master-story005/extras/package/macosx/../../../modules/gui/skins2/commands/cmd_generic.hpp:27:
In file included from /Applications/Xcode.app/Contents/Developer/Platforms/MacOSX.platform/Developer/SDKs/MacOSX27.0.sdk/usr/include/c++/v1/string:594:
In file included from /Applications/Xcode.app/Contents/Developer/Platforms/MacOSX.platform/Developer/SDKs/MacOSX27.0.sdk/usr/include/c++/v1/__algorithm/max.h:12:
In file included from /Applications/Xcode.app/Contents/Developer/Platforms/MacOSX.platform/Developer/SDKs/MacOSX27.0.sdk/usr/include/c++/v1/__algorithm/comp.h:12:
In file included from /Applications/Xcode.app/Contents/Developer/Platforms/MacOSX.platform/Developer/SDKs/MacOSX27.0.sdk/usr/include/c++/v1/__config:15:
/Applications/Xcode.app/Contents/Developer/Platforms/MacOSX.platform/Developer/SDKs/MacOSX27.0.sdk/usr/include/c++/v1/__configuration/availability.h:204:4: warning: "The selected platform is no longer supported by libc++." [-W#warnings]
  204 | #  warning "The selected platform is no longer supported by libc++."
      |    ^
1 warning generated.
  CXX      gui/skins2/commands/libskins2_plugin_la-cmd_playlist.lo
In file included from /Users/cam/Documents/Projects/ultima-iv-web/vlc-thumbs/work/upstream/vlc-master-story005/extras/package/macosx/../../../modules/gui/skins2/commands/cmd_playlist.cpp:24:
In file included from /Users/cam/Documents/Projects/ultima-iv-web/vlc-thumbs/work/upstream/vlc-master-story005/extras/package/macosx/../../../modules/gui/skins2/commands/cmd_playlist.hpp:27:
In file included from /Users/cam/Documents/Projects/ultima-iv-web/vlc-thumbs/work/upstream/vlc-master-story005/extras/package/macosx/../../../modules/gui/skins2/commands/cmd_generic.hpp:27:
In file included from /Applications/Xcode.app/Contents/Developer/Platforms/MacOSX.platform/Developer/SDKs/MacOSX27.0.sdk/usr/include/c++/v1/string:594:
In file included from /Applications/Xcode.app/Contents/Developer/Platforms/MacOSX.platform/Developer/SDKs/MacOSX27.0.sdk/usr/include/c++/v1/__algorithm/max.h:12:
In file included from /Applications/Xcode.app/Contents/Developer/Platforms/MacOSX.platform/Developer/SDKs/MacOSX27.0.sdk/usr/include/c++/v1/__algorithm/comp.h:12:
In file included from /Applications/Xcode.app/Contents/Developer/Platforms/MacOSX.platform/Developer/SDKs/MacOSX27.0.sdk/usr/include/c++/v1/__config:15:
/Applications/Xcode.app/Contents/Developer/Platforms/MacOSX.platform/Developer/SDKs/MacOSX27.0.sdk/usr/include/c++/v1/__configuration/availability.h:204:4: warning: "The selected platform is no longer supported by libc++." [-W#warnings]
  204 | #  warning "The selected platform is no longer supported by libc++."
      |    ^
1 warning generated.
  CXX      gui/skins2/commands/libskins2_plugin_la-cmd_playtree.lo
In file included from /Users/cam/Documents/Projects/ultima-iv-web/vlc-thumbs/work/upstream/vlc-master-story005/extras/package/macosx/../../../modules/gui/skins2/commands/cmd_playtree.cpp:24:
In file included from /Users/cam/Documents/Projects/ultima-iv-web/vlc-thumbs/work/upstream/vlc-master-story005/extras/package/macosx/../../../modules/gui/skins2/commands/cmd_playtree.hpp:27:
In file included from /Users/cam/Documents/Projects/ultima-iv-web/vlc-thumbs/work/upstream/vlc-master-story005/extras/package/macosx/../../../modules/gui/skins2/commands/cmd_generic.hpp:27:
In file included from /Applications/Xcode.app/Contents/Developer/Platforms/MacOSX.platform/Developer/SDKs/MacOSX27.0.sdk/usr/include/c++/v1/string:594:
In file included from /Applications/Xcode.app/Contents/Developer/Platforms/MacOSX.platform/Developer/SDKs/MacOSX27.0.sdk/usr/include/c++/v1/__algorithm/max.h:12:
In file included from /Applications/Xcode.app/Contents/Developer/Platforms/MacOSX.platform/Developer/SDKs/MacOSX27.0.sdk/usr/include/c++/v1/__algorithm/comp.h:12:
In file included from /Applications/Xcode.app/Contents/Developer/Platforms/MacOSX.platform/Developer/SDKs/MacOSX27.0.sdk/usr/include/c++/v1/__config:15:
/Applications/Xcode.app/Contents/Developer/Platforms/MacOSX.platform/Developer/SDKs/MacOSX27.0.sdk/usr/include/c++/v1/__configuration/availability.h:204:4: warning: "The selected platform is no longer supported by libc++." [-W#warnings]
  204 | #  warning "The selected platform is no longer supported by libc++."
      |    ^
1 warning generated.
  CXX      gui/skins2/commands/libskins2_plugin_la-cmd_minimize.lo
In file included from /Users/cam/Documents/Projects/ultima-iv-web/vlc-thumbs/work/upstream/vlc-master-story005/extras/package/macosx/../../../modules/gui/skins2/commands/cmd_minimize.cpp:24:
In file included from /Users/cam/Documents/Projects/ultima-iv-web/vlc-thumbs/work/upstream/vlc-master-story005/extras/package/macosx/../../../modules/gui/skins2/commands/cmd_minimize.hpp:26:
In file included from /Users/cam/Documents/Projects/ultima-iv-web/vlc-thumbs/work/upstream/vlc-master-story005/extras/package/macosx/../../../modules/gui/skins2/commands/cmd_generic.hpp:27:
In file included from /Applications/Xcode.app/Contents/Developer/Platforms/MacOSX.platform/Developer/SDKs/MacOSX27.0.sdk/usr/include/c++/v1/string:594:
In file included from /Applications/Xcode.app/Contents/Developer/Platforms/MacOSX.platform/Developer/SDKs/MacOSX27.0.sdk/usr/include/c++/v1/__algorithm/max.h:12:
In file included from /Applications/Xcode.app/Contents/Developer/Platforms/MacOSX.platform/Developer/SDKs/MacOSX27.0.sdk/usr/include/c++/v1/__algorithm/comp.h:12:
In file included from /Applications/Xcode.app/Contents/Developer/Platforms/MacOSX.platform/Developer/SDKs/MacOSX27.0.sdk/usr/include/c++/v1/__config:15:
/Applications/Xcode.app/Contents/Developer/Platforms/MacOSX.platform/Developer/SDKs/MacOSX27.0.sdk/usr/include/c++/v1/__configuration/availability.h:204:4: warning: "The selected platform is no longer supported by libc++." [-W#warnings]
  204 | #  warning "The selected platform is no longer supported by libc++."
      |    ^
1 warning generated.
  CXX      gui/skins2/commands/libskins2_plugin_la-cmd_quit.lo
1 warning generated.
In file included from /Users/cam/Documents/Projects/ultima-iv-web/vlc-thumbs/work/upstream/vlc-master-story005/extras/package/macosx/../../../modules/gui/skins2/commands/cmd_quit.cpp:25:
In file included from ../config.h:896:
In file included from /Users/cam/Documents/Projects/ultima-iv-web/vlc-thumbs/work/upstream/vlc-master-story005/extras/package/macosx/../../../include/vlc_fixups.h:166:
In file included from /Applications/Xcode.app/Contents/Developer/Platforms/MacOSX.platform/Developer/SDKs/MacOSX27.0.sdk/usr/include/c++/v1/stddef.h:30:
In file included from /Applications/Xcode.app/Contents/Developer/Platforms/MacOSX.platform/Developer/SDKs/MacOSX27.0.sdk/usr/include/c++/v1/__config:15:
/Applications/Xcode.app/Contents/Developer/Platforms/MacOSX.platform/Developer/SDKs/MacOSX27.0.sdk/usr/include/c++/v1/__configuration/availability.h:204:4: warning: "The selected platform is no longer supported by libc++." [-W#warnings]
  204 | #  warning "The selected platform is no longer supported by libc++."
      |    ^
  CXX      gui/skins2/commands/libskins2_plugin_la-cmd_resize.lo
In file included from /Users/cam/Documents/Projects/ultima-iv-web/vlc-thumbs/work/upstream/vlc-master-story005/extras/package/macosx/../../../modules/gui/skins2/commands/cmd_resize.cpp:24:
In file included from /Users/cam/Documents/Projects/ultima-iv-web/vlc-thumbs/work/upstream/vlc-master-story005/extras/package/macosx/../../../modules/gui/skins2/commands/cmd_resize.hpp:27:
In file included from /Users/cam/Documents/Projects/ultima-iv-web/vlc-thumbs/work/upstream/vlc-master-story005/extras/package/macosx/../../../modules/gui/skins2/commands/cmd_generic.hpp:27:
In file included from /Applications/Xcode.app/Contents/Developer/Platforms/MacOSX.platform/Developer/SDKs/MacOSX27.0.sdk/usr/include/c++/v1/string:594:
In file included from /Applications/Xcode.app/Contents/Developer/Platforms/MacOSX.platform/Developer/SDKs/MacOSX27.0.sdk/usr/include/c++/v1/__algorithm/max.h:12:
In file included from /Applications/Xcode.app/Contents/Developer/Platforms/MacOSX.platform/Developer/SDKs/MacOSX27.0.sdk/usr/include/c++/v1/__algorithm/comp.h:12:
In file included from /Applications/Xcode.app/Contents/Developer/Platforms/MacOSX.platform/Developer/SDKs/MacOSX27.0.sdk/usr/include/c++/v1/__config:15:
/Applications/Xcode.app/Contents/Developer/Platforms/MacOSX.platform/Developer/SDKs/MacOSX27.0.sdk/usr/include/c++/v1/__configuration/availability.h:204:4: warning: "The selected platform is no longer supported by libc++." [-W#warnings]
  204 | #  warning "The selected platform is no longer supported by libc++."
      |    ^
1 warning generated.
  CXX      gui/skins2/commands/libskins2_plugin_la-cmd_snapshot.lo
1 warning generated.
  CXX      gui/skins2/commands/libskins2_plugin_la-cmd_vars.lo
In file included from /Users/cam/Documents/Projects/ultima-iv-web/vlc-thumbs/work/upstream/vlc-master-story005/extras/package/macosx/../../../modules/gui/skins2/commands/cmd_snapshot.cpp:23:
In file included from /Users/cam/Documents/Projects/ultima-iv-web/vlc-thumbs/work/upstream/vlc-master-story005/extras/package/macosx/../../../modules/gui/skins2/commands/cmd_snapshot.hpp:26:
In file included from /Users/cam/Documents/Projects/ultima-iv-web/vlc-thumbs/work/upstream/vlc-master-story005/extras/package/macosx/../../../modules/gui/skins2/commands/cmd_generic.hpp:27:
In file included from /Applications/Xcode.app/Contents/Developer/Platforms/MacOSX.platform/Developer/SDKs/MacOSX27.0.sdk/usr/include/c++/v1/string:594:
In file included from /Applications/Xcode.app/Contents/Developer/Platforms/MacOSX.platform/Developer/SDKs/MacOSX27.0.sdk/usr/include/c++/v1/__algorithm/max.h:12:
In file included from /Applications/Xcode.app/Contents/Developer/Platforms/MacOSX.platform/Developer/SDKs/MacOSX27.0.sdk/usr/include/c++/v1/__algorithm/comp.h:12:
In file included from /Applications/Xcode.app/Contents/Developer/Platforms/MacOSX.platform/Developer/SDKs/MacOSX27.0.sdk/usr/include/c++/v1/__config:15:
/Applications/Xcode.app/Contents/Developer/Platforms/MacOSX.platform/Developer/SDKs/MacOSX27.0.sdk/usr/include/c++/v1/__configuration/availability.h:204:4: warning: "The selected platform is no longer supported by libc++." [-W#warnings]
  204 | #  warning "The selected platform is no longer supported by libc++."
      |    ^
In file included from /Users/cam/Documents/Projects/ultima-iv-web/vlc-thumbs/work/upstream/vlc-master-story005/extras/package/macosx/../../../modules/gui/skins2/commands/cmd_vars.cpp:23:
In file included from /Users/cam/Documents/Projects/ultima-iv-web/vlc-thumbs/work/upstream/vlc-master-story005/extras/package/macosx/../../../modules/gui/skins2/commands/cmd_vars.hpp:27:
In file included from ../config.h:896:
In file included from /Users/cam/Documents/Projects/ultima-iv-web/vlc-thumbs/work/upstream/vlc-master-story005/extras/package/macosx/../../../include/vlc_fixups.h:166:
In file included from /Applications/Xcode.app/Contents/Developer/Platforms/MacOSX.platform/Developer/SDKs/MacOSX27.0.sdk/usr/include/c++/v1/stddef.h:30:
In file included from /Applications/Xcode.app/Contents/Developer/Platforms/MacOSX.platform/Developer/SDKs/MacOSX27.0.sdk/usr/include/c++/v1/__config:15:
/Applications/Xcode.app/Contents/Developer/Platforms/MacOSX.platform/Developer/SDKs/MacOSX27.0.sdk/usr/include/c++/v1/__configuration/availability.h:204:4: warning: "The selected platform is no longer supported by libc++." [-W#warnings]
  204 | #  warning "The selected platform is no longer supported by libc++."
      |    ^
1 warning generated.
  CXX      gui/skins2/controls/libskins2_plugin_la-ctrl_button.lo
In file included from /Users/cam/Documents/Projects/ultima-iv-web/vlc-thumbs/work/upstream/vlc-master-story005/extras/package/macosx/../../../modules/gui/skins2/controls/ctrl_button.cpp:24:
In file included from /Users/cam/Documents/Projects/ultima-iv-web/vlc-thumbs/work/upstream/vlc-master-story005/extras/package/macosx/../../../modules/gui/skins2/controls/ctrl_button.hpp:27:
In file included from /Users/cam/Documents/Projects/ultima-iv-web/vlc-thumbs/work/upstream/vlc-master-story005/extras/package/macosx/../../../modules/gui/skins2/controls/ctrl_generic.hpp:27:
In file included from /Users/cam/Documents/Projects/ultima-iv-web/vlc-thumbs/work/upstream/vlc-master-story005/extras/package/macosx/../../../modules/gui/skins2/controls/../src/skin_common.hpp:28:
In file included from ../config.h:896:
In file included from /Users/cam/Documents/Projects/ultima-iv-web/vlc-thumbs/work/upstream/vlc-master-story005/extras/package/macosx/../../../include/vlc_fixups.h:166:
In file included from /Applications/Xcode.app/Contents/Developer/Platforms/MacOSX.platform/Developer/SDKs/MacOSX27.0.sdk/usr/include/c++/v1/stddef.h:30:
In file included from /Applications/Xcode.app/Contents/Developer/Platforms/MacOSX.platform/Developer/SDKs/MacOSX27.0.sdk/usr/include/c++/v1/__config:15:
/Applications/Xcode.app/Contents/Developer/Platforms/MacOSX.platform/Developer/SDKs/MacOSX27.0.sdk/usr/include/c++/v1/__configuration/availability.h:204:4: warning: "The selected platform is no longer supported by libc++." [-W#warnings]
  204 | #  warning "The selected platform is no longer supported by libc++."
      |    ^
1 warning generated.
  CXX      gui/skins2/controls/libskins2_plugin_la-ctrl_checkbox.lo
1 warning generated.
  CXX      gui/skins2/controls/libskins2_plugin_la-ctrl_generic.lo
In file included from /Users/cam/Documents/Projects/ultima-iv-web/vlc-thumbs/work/upstream/vlc-master-story005/extras/package/macosx/../../../modules/gui/skins2/controls/ctrl_checkbox.cpp:24:
In file included from /Users/cam/Documents/Projects/ultima-iv-web/vlc-thumbs/work/upstream/vlc-master-story005/extras/package/macosx/../../../modules/gui/skins2/controls/ctrl_checkbox.hpp:27:
In file included from /Users/cam/Documents/Projects/ultima-iv-web/vlc-thumbs/work/upstream/vlc-master-story005/extras/package/macosx/../../../modules/gui/skins2/controls/ctrl_generic.hpp:27:
In file included from /Users/cam/Documents/Projects/ultima-iv-web/vlc-thumbs/work/upstream/vlc-master-story005/extras/package/macosx/../../../modules/gui/skins2/controls/../src/skin_common.hpp:28:
In file included from ../config.h:896:
In file included from /Users/cam/Documents/Projects/ultima-iv-web/vlc-thumbs/work/upstream/vlc-master-story005/extras/package/macosx/../../../include/vlc_fixups.h:166:
In file included from /Applications/Xcode.app/Contents/Developer/Platforms/MacOSX.platform/Developer/SDKs/MacOSX27.0.sdk/usr/include/c++/v1/stddef.h:30:
In file included from /Applications/Xcode.app/Contents/Developer/Platforms/MacOSX.platform/Developer/SDKs/MacOSX27.0.sdk/usr/include/c++/v1/__config:15:
/Applications/Xcode.app/Contents/Developer/Platforms/MacOSX.platform/Developer/SDKs/MacOSX27.0.sdk/usr/include/c++/v1/__configuration/availability.h:204:4: warning: "The selected platform is no longer supported by libc++." [-W#warnings]
  204 | #  warning "The selected platform is no longer supported by libc++."
      |    ^
In file included from /Users/cam/Documents/Projects/ultima-iv-web/vlc-thumbs/work/upstream/vlc-master-story005/extras/package/macosx/../../../modules/gui/skins2/controls/ctrl_generic.cpp:24:
In file included from /Users/cam/Documents/Projects/ultima-iv-web/vlc-thumbs/work/upstream/vlc-master-story005/extras/package/macosx/../../../modules/gui/skins2/controls/ctrl_generic.hpp:27:
In file included from /Users/cam/Documents/Projects/ultima-iv-web/vlc-thumbs/work/upstream/vlc-master-story005/extras/package/macosx/../../../modules/gui/skins2/controls/../src/skin_common.hpp:28:
In file included from ../config.h:896:
In file included from /Users/cam/Documents/Projects/ultima-iv-web/vlc-thumbs/work/upstream/vlc-master-story005/extras/package/macosx/../../../include/vlc_fixups.h:166:
In file included from /Applications/Xcode.app/Contents/Developer/Platforms/MacOSX.platform/Developer/SDKs/MacOSX27.0.sdk/usr/include/c++/v1/stddef.h:30:
In file included from /Applications/Xcode.app/Contents/Developer/Platforms/MacOSX.platform/Developer/SDKs/MacOSX27.0.sdk/usr/include/c++/v1/__config:15:
/Applications/Xcode.app/Contents/Developer/Platforms/MacOSX.platform/Developer/SDKs/MacOSX27.0.sdk/usr/include/c++/v1/__configuration/availability.h:204:4: warning: "The selected platform is no longer supported by libc++." [-W#warnings]
  204 | #  warning "The selected platform is no longer supported by libc++."
      |    ^
1 warning generated.
  CXX      gui/skins2/controls/libskins2_plugin_la-ctrl_image.lo
In file included from /Users/cam/Documents/Projects/ultima-iv-web/vlc-thumbs/work/upstream/vlc-master-story005/extras/package/macosx/../../../modules/gui/skins2/controls/ctrl_image.cpp:24:
In file included from /Users/cam/Documents/Projects/ultima-iv-web/vlc-thumbs/work/upstream/vlc-master-story005/extras/package/macosx/../../../modules/gui/skins2/controls/ctrl_image.hpp:27:
In file included from /Users/cam/Documents/Projects/ultima-iv-web/vlc-thumbs/work/upstream/vlc-master-story005/extras/package/macosx/../../../modules/gui/skins2/controls/../commands/cmd_generic.hpp:27:
In file included from /Applications/Xcode.app/Contents/Developer/Platforms/MacOSX.platform/Developer/SDKs/MacOSX27.0.sdk/usr/include/c++/v1/string:594:
In file included from /Applications/Xcode.app/Contents/Developer/Platforms/MacOSX.platform/Developer/SDKs/MacOSX27.0.sdk/usr/include/c++/v1/__algorithm/max.h:12:
In file included from /Applications/Xcode.app/Contents/Developer/Platforms/MacOSX.platform/Developer/SDKs/MacOSX27.0.sdk/usr/include/c++/v1/__algorithm/comp.h:12:
In file included from /Applications/Xcode.app/Contents/Developer/Platforms/MacOSX.platform/Developer/SDKs/MacOSX27.0.sdk/usr/include/c++/v1/__config:15:
/Applications/Xcode.app/Contents/Developer/Platforms/MacOSX.platform/Developer/SDKs/MacOSX27.0.sdk/usr/include/c++/v1/__configuration/availability.h:204:4: warning: "The selected platform is no longer supported by libc++." [-W#warnings]
  204 | #  warning "The selected platform is no longer supported by libc++."
      |    ^
1 warning generated.
1 warning generated.
  CXX      gui/skins2/controls/libskins2_plugin_la-ctrl_tree.lo
  CXX      gui/skins2/controls/libskins2_plugin_la-ctrl_list.lo
In file included from /Users/cam/Documents/Projects/ultima-iv-web/vlc-thumbs/work/upstream/vlc-master-story005/extras/package/macosx/../../../modules/gui/skins2/controls/ctrl_list.cpp:24:
In file included from /Applications/Xcode.app/Contents/Developer/Platforms/MacOSX.platform/Developer/SDKs/MacOSX27.0.sdk/usr/include/c++/v1/math.h:297In file included from /Users/cam/Documents/Projects/ultima-iv-web/vlc-thumbs/work/upstream/vlc-master-story005/extras/package/macosx/../../../modules/gui/skins2/controls/ctrl_tree.cpp:25:
In file included from /Applications/Xcode.app/Contents/Developer/Platforms/MacOSX.platform/Developer/SDKs/MacOSX27.0.sdk/usr/include/c++/v1/algorithm:
In file included from /Applications/Xcode.app/Contents/Developer/Platforms/MacOSX.platform/Developer/SDKs/MacOSX27.0.sdk/usr/include/c++/v1/__config:15:
/Applications/Xcode.app/Contents/Developer/Platforms/MacOSX.platform/Developer/SDKs/MacOSX27.0.sdk/usr/include/c++/v1/__configuration/availability.h:204::1840:
4: In file included from /Applications/Xcode.app/Contents/Developer/Platforms/MacOSX.platform/Developer/SDKs/MacOSX27.0.sdk/usr/include/c++/v1/__config:15:
/Applications/Xcode.app/Contents/Developer/Platforms/MacOSX.platform/Developer/SDKs/MacOSX27.0.sdk/usr/include/c++/v1/__configuration/availability.h:204:warning: 4: warning: "The selected platform is no longer supported by libc++." [-W#warnings]
"The selected platform is no longer supported by libc++." [-W#warnings]  204 | #  
warn  204 | #  waring "The selected plning "The selatform is no lected platform is no lononger supported by libcger supported by li++bc++."
      |    ^
."
      |    ^
1 warning generated.
  CXX      gui/skins2/controls/libskins2_plugin_la-ctrl_move.lo
In file included from /Users/cam/Documents/Projects/ultima-iv-web/vlc-thumbs/work/upstream/vlc-master-story005/extras/package/macosx/../../../modules/gui/skins2/controls/ctrl_move.cpp:24:
In file included from /Users/cam/Documents/Projects/ultima-iv-web/vlc-thumbs/work/upstream/vlc-master-story005/extras/package/macosx/../../../modules/gui/skins2/controls/ctrl_move.hpp:27:
In file included from /Users/cam/Documents/Projects/ultima-iv-web/vlc-thumbs/work/upstream/vlc-master-story005/extras/package/macosx/../../../modules/gui/skins2/controls/../commands/cmd_generic.hpp:27:
In file included from /Applications/Xcode.app/Contents/Developer/Platforms/MacOSX.platform/Developer/SDKs/MacOSX27.0.sdk/usr/include/c++/v1/string:594:
In file included from /Applications/Xcode.app/Contents/Developer/Platforms/MacOSX.platform/Developer/SDKs/MacOSX27.0.sdk/usr/include/c++/v1/__algorithm/max.h:12:
In file included from /Applications/Xcode.app/Contents/Developer/Platforms/MacOSX.platform/Developer/SDKs/MacOSX27.0.sdk/usr/include/c++/v1/__algorithm/comp.h:12:
In file included from /Applications/Xcode.app/Contents/Developer/Platforms/MacOSX.platform/Developer/SDKs/MacOSX27.0.sdk/usr/include/c++/v1/__config:15:
/Applications/Xcode.app/Contents/Developer/Platforms/MacOSX.platform/Developer/SDKs/MacOSX27.0.sdk/usr/include/c++/v1/__configuration/availability.h:204:4: warning: "The selected platform is no longer supported by libc++." [-W#warnings]
  204 | #  warning "The selected platform is no longer supported by libc++."
      |    ^
1 warning generated.
  CXX      gui/skins2/controls/libskins2_plugin_la-ctrl_resize.lo
In file included from /Users/cam/Documents/Projects/ultima-iv-web/vlc-thumbs/work/upstream/vlc-master-story005/extras/package/macosx/../../../modules/gui/skins2/controls/ctrl_resize.cpp:24:
In file included from /Users/cam/Documents/Projects/ultima-iv-web/vlc-thumbs/work/upstream/vlc-master-story005/extras/package/macosx/../../../modules/gui/skins2/controls/ctrl_resize.hpp:27:
In file included from /Users/cam/Documents/Projects/ultima-iv-web/vlc-thumbs/work/upstream/vlc-master-story005/extras/package/macosx/../../../modules/gui/skins2/controls/ctrl_flat.hpp:27:
In file included from /Users/cam/Documents/Projects/ultima-iv-web/vlc-thumbs/work/upstream/vlc-master-story005/extras/package/macosx/../../../modules/gui/skins2/controls/ctrl_generic.hpp:27:
In file included from /Users/cam/Documents/Projects/ultima-iv-web/vlc-thumbs/work/upstream/vlc-master-story005/extras/package/macosx/../../../modules/gui/skins2/controls/../src/skin_common.hpp:28:
In file included from ../config.h:896:
In file included from /Users/cam/Documents/Projects/ultima-iv-web/vlc-thumbs/work/upstream/vlc-master-story005/extras/package/macosx/../../../include/vlc_fixups.h:166:
In file included from /Applications/Xcode.app/Contents/Developer/Platforms/MacOSX.platform/Developer/SDKs/MacOSX27.0.sdk/usr/include/c++/v1/stddef.h:30:
In file included from /Applications/Xcode.app/Contents/Developer/Platforms/MacOSX.platform/Developer/SDKs/MacOSX27.0.sdk/usr/include/c++/v1/__config:15:
/Applications/Xcode.app/Contents/Developer/Platforms/MacOSX.platform/Developer/SDKs/MacOSX27.0.sdk/usr/include/c++/v1/__configuration/availability.h:204:4: warning: "The selected platform is no longer supported by libc++." [-W#warnings]
  204 | #  warning "The selected platform is no longer supported by libc++."
      |    ^
1 warning generated.
  CXX      gui/skins2/controls/libskins2_plugin_la-ctrl_slider.lo
1 warning generated.
  CXX      gui/skins2/controls/libskins2_plugin_la-ctrl_radialslider.lo
1 warning generated.
In file included from /Users/cam/Documents/Projects/ultima-iv-web/vlc-thumbs/work/upstream/vlc-master-story005/extras/package/macosx/../../../modules/gui/skins2/controls/ctrl_slider.cpp:25:
In file included from /Users/cam/Documents/Projects/ultima-iv-web/vlc-thumbs/work/upstream/vlc-master-story005/extras/package/macosx/../../../modules/gui/skins2/controls/ctrl_slider.hpp:27:
In file included from /Users/cam/Documents/Projects/ultima-iv-web/vlc-thumbs/work/upstream/vlc-master-story005/extras/package/macosx/../../../modules/gui/skins2/controls/ctrl_generic.hpp:27:
In file included from /Users/cam/Documents/Projects/ultima-iv-web/vlc-thumbs/work/upstream/vlc-master-story005/extras/package/macosx/../../../modules/gui/skins2/controls/../src/skin_common.hpp:28:
In file included from ../config.h:896:
In file included from /Users/cam/Documents/Projects/ultima-iv-web/vlc-thumbs/work/upstream/vlc-master-story005/extras/package/macosx/../../../include/vlc_fixups.h:166:
In file included from /Applications/Xcode.app/Contents/Developer/Platforms/MacOSX.platform/Developer/SDKs/MacOSX27.0.sdk/usr/include/c++/v1/stddef.h:30:
In file included from /Applications/Xcode.app/Contents/Developer/Platforms/MacOSX.platform/Developer/SDKs/MacOSX27.0.sdk/usr/include/c++/v1/__config:15:
/Applications/Xcode.app/Contents/Developer/Platforms/MacOSX.platform/Developer/SDKs/MacOSX27.0.sdk/usr/include/c++/v1/__configuration/availability.h:204:4: warning: "The selected platform is no longer supported by libc++." [-W#warnings]
  204 | #  warning "The selected platform is no longer supported by libc++."
      |    ^
  CXX      gui/skins2/controls/libskins2_plugin_la-ctrl_text.lo
In file included from /Users/cam/Documents/Projects/ultima-iv-web/vlc-thumbs/work/upstream/vlc-master-story005/extras/package/macosx/../../../modules/gui/skins2/controls/ctrl_radialslider.cpp:24:
In file included from /Applications/Xcode.app/Contents/Developer/Platforms/MacOSX.platform/Developer/SDKs/MacOSX27.0.sdk/usr/include/c++/v1/math.h:297:
In file included from /Applications/Xcode.app/Contents/Developer/Platforms/MacOSX.platform/Developer/SDKs/MacOSX27.0.sdk/usr/include/c++/v1/__config:15:
/Applications/Xcode.app/Contents/Developer/Platforms/MacOSX.platform/Developer/SDKs/MacOSX27.0.sdk/usr/include/c++/v1/__configuration/availability.h:204:4: warning: "The selected platform is no longer supported by libc++." [-W#warnings]
  204 | #  warning "The selected platform is no longer supported by libc++."
      |    ^
In file included from /Users/cam/Documents/Projects/ultima-iv-web/vlc-thumbs/work/upstream/vlc-master-story005/extras/package/macosx/../../../modules/gui/skins2/controls/ctrl_text.cpp:25:
In file included from /Users/cam/Documents/Projects/ultima-iv-web/vlc-thumbs/work/upstream/vlc-master-story005/extras/package/macosx/../../../modules/gui/skins2/controls/ctrl_text.hpp:27:
In file included from /Users/cam/Documents/Projects/ultima-iv-web/vlc-thumbs/work/upstream/vlc-master-story005/extras/package/macosx/../../../modules/gui/skins2/controls/ctrl_generic.hpp:27:
In file included from /Users/cam/Documents/Projects/ultima-iv-web/vlc-thumbs/work/upstream/vlc-master-story005/extras/package/macosx/../../../modules/gui/skins2/controls/../src/skin_common.hpp:28:
In file included from ../config.h:896:
In file included from /Users/cam/Documents/Projects/ultima-iv-web/vlc-thumbs/work/upstream/vlc-master-story005/extras/package/macosx/../../../include/vlc_fixups.h:166:
In file included from /Applications/Xcode.app/Contents/Developer/Platforms/MacOSX.platform/Developer/SDKs/MacOSX27.0.sdk/usr/include/c++/v1/stddef.h:30:
In file included from /Applications/Xcode.app/Contents/Developer/Platforms/MacOSX.platform/Developer/SDKs/MacOSX27.0.sdk/usr/include/c++/v1/__config:15:
/Applications/Xcode.app/Contents/Developer/Platforms/MacOSX.platform/Developer/SDKs/MacOSX27.0.sdk/usr/include/c++/v1/__configuration/availability.h:204:4: warning: "The selected platform is no longer supported by libc++." [-W#warnings]
  204 | #  warning "The selected platform is no longer supported by libc++."
      |    ^
1 warning generated.
  CXX      gui/skins2/controls/libskins2_plugin_la-ctrl_video.lo
In file included from /Users/cam/Documents/Projects/ultima-iv-web/vlc-thumbs/work/upstream/vlc-master-story005/extras/package/macosx/../../../modules/gui/skins2/controls/ctrl_video.cpp:23:
In file included from /Users/cam/Documents/Projects/ultima-iv-web/vlc-thumbs/work/upstream/vlc-master-story005/extras/package/macosx/../../../modules/gui/skins2/controls/ctrl_video.hpp:26:
In file included from /Users/cam/Documents/Projects/ultima-iv-web/vlc-thumbs/work/upstream/vlc-master-story005/extras/package/macosx/../../../modules/gui/skins2/controls/ctrl_generic.hpp:27:
In file included from /Users/cam/Documents/Projects/ultima-iv-web/vlc-thumbs/work/upstream/vlc-master-story005/extras/package/macosx/../../../modules/gui/skins2/controls/../src/skin_common.hpp:28:
In file included from ../config.h:896:
In file included from /Users/cam/Documents/Projects/ultima-iv-web/vlc-thumbs/work/upstream/vlc-master-story005/extras/package/macosx/../../../include/vlc_fixups.h:166:
In file included from /Applications/Xcode.app/Contents/Developer/Platforms/MacOSX.platform/Developer/SDKs/MacOSX27.0.sdk/usr/include/c++/v1/stddef.h:30:
In file included from /Applications/Xcode.app/Contents/Developer/Platforms/MacOSX.platform/Developer/SDKs/MacOSX27.0.sdk/usr/include/c++/v1/__config:15:
/Applications/Xcode.app/Contents/Developer/Platforms/MacOSX.platform/Developer/SDKs/MacOSX27.0.sdk/usr/include/c++/v1/__configuration/availability.h:204:4: warning: "The selected platform is no longer supported by libc++." [-W#warnings]
  204 | #  warning "The selected platform is no longer supported by libc++."
      |    ^
1 warning generated.
  CXX      gui/skins2/events/libskins2_plugin_la-evt_input.lo
In file included from /Users/cam/Documents/Projects/ultima-iv-web/vlc-thumbs/work/upstream/vlc-master-story005/extras/package/macosx/../../../modules/gui/skins2/events/evt_input.cpp:24:
In file included from /Users/cam/Documents/Projects/ultima-iv-web/vlc-thumbs/work/upstream/vlc-master-story005/extras/package/macosx/../../../modules/gui/skins2/events/evt_input.hpp:27:
In file included from /Users/cam/Documents/Projects/ultima-iv-web/vlc-thumbs/work/upstream/vlc-master-story005/extras/package/macosx/../../../modules/gui/skins2/events/evt_generic.hpp:27:
In file included from /Users/cam/Documents/Projects/ultima-iv-web/vlc-thumbs/work/upstream/vlc-master-story005/extras/package/macosx/../../../modules/gui/skins2/events/../src/skin_common.hpp:28:
In file included from ../config.h:896:
In file included from /Users/cam/Documents/Projects/ultima-iv-web/vlc-thumbs/work/upstream/vlc-master-story005/extras/package/macosx/../../../include/vlc_fixups.h:166:
In file included from /Applications/Xcode.app/Contents/Developer/Platforms/MacOSX.platform/Developer/SDKs/MacOSX27.0.sdk/usr/include/c++/v1/stddef.h:30:
In file included from /Applications/Xcode.app/Contents/Developer/Platforms/MacOSX.platform/Developer/SDKs/MacOSX27.0.sdk/usr/include/c++/v1/__config:15:
/Applications/Xcode.app/Contents/Developer/Platforms/MacOSX.platform/Developer/SDKs/MacOSX27.0.sdk/usr/include/c++/v1/__configuration/availability.h:204:4: warning: "The selected platform is no longer supported by libc++." [-W#warnings]
  204 | #  warning "The selected platform is no longer supported by libc++."
      |    ^
1 warning generated.
  CXX      gui/skins2/events/libskins2_plugin_la-evt_key.lo
1 warning generated.
  CXX      gui/skins2/events/libskins2_plugin_la-evt_mouse.lo
In file included from /Users/cam/Documents/Projects/ultima-iv-web/vlc-thumbs/work/upstream/vlc-master-story005/extras/package/macosx/../../../modules/gui/skins2/events/evt_key.cpp:24:
In file included from /Users/cam/Documents/Projects/ultima-iv-web/vlc-thumbs/work/upstream/vlc-master-story005/extras/package/macosx/../../../modules/gui/skins2/events/evt_key.hpp:27:
In file included from /Users/cam/Documents/Projects/ultima-iv-web/vlc-thumbs/work/upstream/vlc-master-story005/extras/package/macosx/../../../modules/gui/skins2/events/evt_input.hpp:27:
In file included from /Users/cam/Documents/Projects/ultima-iv-web/vlc-thumbs/work/upstream/vlc-master-story005/extras/package/macosx/../../../modules/gui/skins2/events/evt_generic.hpp:27:
In file included from /Users/cam/Documents/Projects/ultima-iv-web/vlc-thumbs/work/upstream/vlc-master-story005/extras/package/macosx/../../../modules/gui/skins2/events/../src/skin_common.hpp:28:
In file included from ../config.h:896:
In file included from /Users/cam/Documents/Projects/ultima-iv-web/vlc-thumbs/work/upstream/vlc-master-story005/extras/package/macosx/../../../include/vlc_fixups.h:166:
In file included from /Applications/Xcode.app/Contents/Developer/Platforms/MacOSX.platform/Developer/SDKs/MacOSX27.0.sdk/usr/include/c++/v1/stddef.h:30:
In file included from /Applications/Xcode.app/Contents/Developer/Platforms/MacOSX.platform/Developer/SDKs/MacOSX27.0.sdk/usr/include/c++/v1/__config:15:
/Applications/Xcode.app/Contents/Developer/Platforms/MacOSX.platform/Developer/SDKs/MacOSX27.0.sdk/usr/include/c++/v1/__configuration/availability.h:204:4: warning: "The selected platform is no longer supported by libc++." [-W#warnings]
  204 | #  warning "The selected platform is no longer supported by libc++."
      |    ^
In file included from /Users/cam/Documents/Projects/ultima-iv-web/vlc-thumbs/work/upstream/vlc-master-story005/extras/package/macosx/../../../modules/gui/skins2/events/evt_mouse.cpp:24:
In file included from /Users/cam/Documents/Projects/ultima-iv-web/vlc-thumbs/work/upstream/vlc-master-story005/extras/package/macosx/../../../modules/gui/skins2/events/evt_mouse.hpp:27:
In file included from /Users/cam/Documents/Projects/ultima-iv-web/vlc-thumbs/work/upstream/vlc-master-story005/extras/package/macosx/../../../modules/gui/skins2/events/evt_input.hpp:27:
In file included from /Users/cam/Documents/Projects/ultima-iv-web/vlc-thumbs/work/upstream/vlc-master-story005/extras/package/macosx/../../../modules/gui/skins2/events/evt_generic.hpp:27:
In file included from /Users/cam/Documents/Projects/ultima-iv-web/vlc-thumbs/work/upstream/vlc-master-story005/extras/package/macosx/../../../modules/gui/skins2/events/../src/skin_common.hpp:28:
In file included from ../config.h:896:
In file included from /Users/cam/Documents/Projects/ultima-iv-web/vlc-thumbs/work/upstream/vlc-master-story005/extras/package/macosx/../../../include/vlc_fixups.h:166:
In file included from /Applications/Xcode.app/Contents/Developer/Platforms/MacOSX.platform/Developer/SDKs/MacOSX27.0.sdk/usr/include/c++/v1/stddef.h:30:
In file included from /Applications/Xcode.app/Contents/Developer/Platforms/MacOSX.platform/Developer/SDKs/MacOSX27.0.sdk/usr/include/c++/v1/__config:15:
/Applications/Xcode.app/Contents/Developer/Platforms/MacOSX.platform/Developer/SDKs/MacOSX27.0.sdk/usr/include/c++/v1/__configuration/availability.h:204:4: warning: "The selected platform is no longer supported by libc++." [-W#warnings]
  204 | #  warning "The selected platform is no longer supported by libc++."
      |    ^
1 warning generated.
  CXX      gui/skins2/events/libskins2_plugin_la-evt_special.lo
1 warning generated.
  CXX      gui/skins2/events/libskins2_plugin_la-evt_scroll.lo
In file included from /Users/cam/Documents/Projects/ultima-iv-web/vlc-thumbs/work/upstream/vlc-master-story005/extras/package/macosx/../../../modules/gui/skins2/events/evt_special.cpp:24:
In file included from /Users/cam/Documents/Projects/ultima-iv-web/vlc-thumbs/work/upstream/vlc-master-story005/extras/package/macosx/../../../modules/gui/skins2/events/evt_special.hpp:27:
In file included from /Users/cam/Documents/Projects/ultima-iv-web/vlc-thumbs/work/upstream/vlc-master-story005/extras/package/macosx/../../../modules/gui/skins2/events/evt_generic.hpp:27:
In file included from /Users/cam/Documents/Projects/ultima-iv-web/vlc-thumbs/work/upstream/vlc-master-story005/extras/package/macosx/../../../modules/gui/skins2/events/../src/skin_common.hpp:28:
In file included from ../config.h:896:
In file included from /Users/cam/Documents/Projects/ultima-iv-web/vlc-thumbs/work/upstream/vlc-master-story005/extras/package/macosx/../../../include/vlc_fixups.h:166:
In file included from /Applications/Xcode.app/Contents/Developer/Platforms/MacOSX.platform/Developer/SDKs/MacOSX27.0.sdk/usr/include/c++/v1/stddef.h:30:
In file included from /Applications/Xcode.app/Contents/Developer/Platforms/MacOSX.platform/Developer/SDKs/MacOSX27.0.sdk/usr/include/c++/v1/__config:15:
/Applications/Xcode.app/Contents/Developer/Platforms/MacOSX.platform/Developer/SDKs/MacOSX27.0.sdk/usr/include/c++/v1/__configuration/availability.h:204:4: warning: "The selected platform is no longer supported by libc++." [-W#warnings]
  204 | #  warning "The selected platform is no longer supported by libc++."
      |    ^
1 warning generated.
  CXX      gui/skins2/parser/libskins2_plugin_la-builder.lo
1 warning generated.
In file included from /Users/cam/Documents/Projects/ultima-iv-web/vlc-thumbs/work/upstream/vlc-master-story005/extras/package/macosx/../../../modules/gui/skins2/events/evt_scroll.cpp:24:
In file included from /Users/cam/Documents/Projects/ultima-iv-web/vlc-thumbs/work/upstream/vlc-master-story005/extras/package/macosx/../../../modules/gui/skins2/events/evt_scroll.hpp:27:
In file included from /Users/cam/Documents/Projects/ultima-iv-web/vlc-thumbs/work/upstream/vlc-master-story005/extras/package/macosx/../../../modules/gui/skins2/events/evt_input.hpp:27:
In file included from /Users/cam/Documents/Projects/ultima-iv-web/vlc-thumbs/work/upstream/vlc-master-story005/extras/package/macosx/../../../modules/gui/skins2/events/evt_generic.hpp:27:
In file included from /Users/cam/Documents/Projects/ultima-iv-web/vlc-thumbs/work/upstream/vlc-master-story005/extras/package/macosx/../../../modules/gui/skins2/events/../src/skin_common.hpp:28:
In file included from ../config.h:896:
In file included from /Users/cam/Documents/Projects/ultima-iv-web/vlc-thumbs/work/upstream/vlc-master-story005/extras/package/macosx/../../../include/vlc_fixups.h:166:
In file included from /Applications/Xcode.app/Contents/Developer/Platforms/MacOSX.platform/Developer/SDKs/MacOSX27.0.sdk/usr/include/c++/v1/stddef.h:30:
In file included from /Applications/Xcode.app/Contents/Developer/Platforms/MacOSX.platform/Developer/SDKs/MacOSX27.0.sdk/usr/include/c++/v1/__config:15:
/Applications/Xcode.app/Contents/Developer/Platforms/MacOSX.platform/Developer/SDKs/MacOSX27.0.sdk/usr/include/c++/v1/__configuration/availability.h:204:4: warning: "The selected platform is no longer supported by libc++." [-W#warnings]
  204 | #  warning "The selected platform is no longer supported by libc++."
      |    ^
  CXX      gui/skins2/parser/libskins2_plugin_la-expr_evaluator.lo
In file included from /Users/cam/Documents/Projects/ultima-iv-web/vlc-thumbs/work/upstream/vlc-master-story005/extras/package/macosx/../../../modules/gui/skins2/parser/builder.cpp:24:
In file included from /Users/cam/Documents/Projects/ultima-iv-web/vlc-thumbs/work/upstream/vlc-master-story005/extras/package/macosx/../../../modules/gui/skins2/parser/builder.hpp:25:
In file included from ../config.h:896:
In file included from /Users/cam/Documents/Projects/ultima-iv-web/vlc-thumbs/work/upstream/vlc-master-story005/extras/package/macosx/../../../include/vlc_fixups.h:166:
In file included from /Applications/Xcode.app/Contents/Developer/Platforms/MacOSX.platform/Developer/SDKs/MacOSX27.0.sdk/usr/include/c++/v1/stddef.h:30:
In file included from /Applications/Xcode.app/Contents/Developer/Platforms/MacOSX.platform/Developer/SDKs/MacOSX27.0.sdk/usr/include/c++/v1/__config:15:
/Applications/Xcode.app/Contents/Developer/Platforms/MacOSX.platform/Developer/SDKs/MacOSX27.0.sdk/usr/include/c++/v1/__configuration/availability.h:204:4: warning: "The selected platform is no longer supported by libc++." [-W#warnings]
  204 | #  warning "The selected platform is no longer supported by libc++."
      |    ^
In file included from /Users/cam/Documents/Projects/ultima-iv-web/vlc-thumbs/work/upstream/vlc-master-story005/extras/package/macosx/../../../modules/gui/skins2/parser/expr_evaluator.cpp:23:
In file included from /Users/cam/Documents/Projects/ultima-iv-web/vlc-thumbs/work/upstream/vlc-master-story005/extras/package/macosx/../../../modules/gui/skins2/parser/expr_evaluator.hpp:26:
In file included from /Users/cam/Documents/Projects/ultima-iv-web/vlc-thumbs/work/upstream/vlc-master-story005/extras/package/macosx/../../../modules/gui/skins2/parser/../src/skin_common.hpp:28:
In file included from ../config.h:896:
In file included from /Users/cam/Documents/Projects/ultima-iv-web/vlc-thumbs/work/upstream/vlc-master-story005/extras/package/macosx/../../../include/vlc_fixups.h:166:
In file included from /Applications/Xcode.app/Contents/Developer/Platforms/MacOSX.platform/Developer/SDKs/MacOSX27.0.sdk/usr/include/c++/v1/stddef.h:30:
In file included from /Applications/Xcode.app/Contents/Developer/Platforms/MacOSX.platform/Developer/SDKs/MacOSX27.0.sdk/usr/include/c++/v1/__config:15:
/Applications/Xcode.app/Contents/Developer/Platforms/MacOSX.platform/Developer/SDKs/MacOSX27.0.sdk/usr/include/c++/v1/__configuration/availability.h:204:4: warning: "The selected platform is no longer supported by libc++." [-W#warnings]
  204 | #  warning "The selected platform is no longer supported by libc++."
      |    ^
1 warning generated.
  CXX      gui/skins2/parser/libskins2_plugin_la-interpreter.lo
1 warning generated.
  CXX      gui/skins2/parser/libskins2_plugin_la-skin_parser.lo
In file included from /Users/cam/Documents/Projects/ultima-iv-web/vlc-thumbs/work/upstream/vlc-master-story005/extras/package/macosx/../../../modules/gui/skins2/parser/interpreter.cpp:24:
In file included from /Users/cam/Documents/Projects/ultima-iv-web/vlc-thumbs/work/upstream/vlc-master-story005/extras/package/macosx/../../../modules/gui/skins2/parser/interpreter.hpp:27:
In file included from /Users/cam/Documents/Projects/ultima-iv-web/vlc-thumbs/work/upstream/vlc-master-story005/extras/package/macosx/../../../modules/gui/skins2/parser/../commands/cmd_generic.hpp:27:
In file included from /Applications/Xcode.app/Contents/Developer/Platforms/MacOSX.platform/Developer/SDKs/MacOSX27.0.sdk/usr/include/c++/v1/string:594:
In file included from /Applications/Xcode.app/Contents/Developer/Platforms/MacOSX.platform/Developer/SDKs/MacOSX27.0.sdk/usr/include/c++/v1/__algorithm/max.h:12:
In file included from /Applications/Xcode.app/Contents/Developer/Platforms/MacOSX.platform/Developer/SDKs/MacOSX27.0.sdk/usr/include/c++/v1/__algorithm/comp.h:12:
In file included from /Applications/Xcode.app/Contents/Developer/Platforms/MacOSX.platform/Developer/SDKs/MacOSX27.0.sdk/usr/include/c++/v1/__config:15:
/Applications/Xcode.app/Contents/Developer/Platforms/MacOSX.platform/Developer/SDKs/MacOSX27.0.sdk/usr/include/c++/v1/__configuration/availability.h:204:4: warning: "The selected platform is no longer supported by libc++." [-W#warnings]
  204 | #  warning "The selected platform is no longer supported by libc++."
      |    ^
In file included from /Users/cam/Documents/Projects/ultima-iv-web/vlc-thumbs/work/upstream/vlc-master-story005/extras/package/macosx/../../../modules/gui/skins2/parser/skin_parser.cpp:23:
In file included from /Users/cam/Documents/Projects/ultima-iv-web/vlc-thumbs/work/upstream/vlc-master-story005/extras/package/macosx/../../../modules/gui/skins2/parser/skin_parser.hpp:26:
In file included from /Users/cam/Documents/Projects/ultima-iv-web/vlc-thumbs/work/upstream/vlc-master-story005/extras/package/macosx/../../../modules/gui/skins2/parser/xmlparser.hpp:26:
In file included from /Users/cam/Documents/Projects/ultima-iv-web/vlc-thumbs/work/upstream/vlc-master-story005/extras/package/macosx/../../../modules/gui/skins2/parser/../src/skin_common.hpp:28:
In file included from ../config.h:896:
In file included from /Users/cam/Documents/Projects/ultima-iv-web/vlc-thumbs/work/upstream/vlc-master-story005/extras/package/macosx/../../../include/vlc_fixups.h:166:
In file included from /Applications/Xcode.app/Contents/Developer/Platforms/MacOSX.platform/Developer/SDKs/MacOSX27.0.sdk/usr/include/c++/v1/stddef.h:30:
In file included from /Applications/Xcode.app/Contents/Developer/Platforms/MacOSX.platform/Developer/SDKs/MacOSX27.0.sdk/usr/include/c++/v1/__config:15:
/Applications/Xcode.app/Contents/Developer/Platforms/MacOSX.platform/Developer/SDKs/MacOSX27.0.sdk/usr/include/c++/v1/__configuration/availability.h:204:4: warning: "The selected platform is no longer supported by libc++." [-W#warnings]
  204 | #  warning "The selected platform is no longer supported by libc++."
      |    ^
1 warning generated.
  CXX      gui/skins2/parser/libskins2_plugin_la-xmlparser.lo
In file included from /Users/cam/Documents/Projects/ultima-iv-web/vlc-thumbs/work/upstream/vlc-master-story005/extras/package/macosx/../../../modules/gui/skins2/parser/xmlparser.cpp:23:
In file included from /Users/cam/Documents/Projects/ultima-iv-web/vlc-thumbs/work/upstream/vlc-master-story005/extras/package/macosx/../../../modules/gui/skins2/parser/xmlparser.hpp:26:
In file included from /Users/cam/Documents/Projects/ultima-iv-web/vlc-thumbs/work/upstream/vlc-master-story005/extras/package/macosx/../../../modules/gui/skins2/parser/../src/skin_common.hpp:28:
In file included from ../config.h:896:
In file included from /Users/cam/Documents/Projects/ultima-iv-web/vlc-thumbs/work/upstream/vlc-master-story005/extras/package/macosx/../../../include/vlc_fixups.h:166:
In file included from /Applications/Xcode.app/Contents/Developer/Platforms/MacOSX.platform/Developer/SDKs/MacOSX27.0.sdk/usr/include/c++/v1/stddef.h:30:
In file included from /Applications/Xcode.app/Contents/Developer/Platforms/MacOSX.platform/Developer/SDKs/MacOSX27.0.sdk/usr/include/c++/v1/__config:15:
/Applications/Xcode.app/Contents/Developer/Platforms/MacOSX.platform/Developer/SDKs/MacOSX27.0.sdk/usr/include/c++/v1/__configuration/availability.h:204:4: warning: "The selected platform is no longer supported by libc++." [-W#warnings]
  204 | #  warning "The selected platform is no longer supported by libc++."
      |    ^
1 warning generated.
  CXX      gui/skins2/src/libskins2_plugin_la-anchor.lo
In file included from /Users/cam/Documents/Projects/ultima-iv-web/vlc-thumbs/work/upstream/vlc-master-story005/extras/package/macosx/../../../modules/gui/skins2/src/anchor.cpp:24:
In file included from /Users/cam/Documents/Projects/ultima-iv-web/vlc-thumbs/work/upstream/vlc-master-story005/extras/package/macosx/../../../modules/gui/skins2/src/anchor.hpp:27:
In file included from /Users/cam/Documents/Projects/ultima-iv-web/vlc-thumbs/work/upstream/vlc-master-story005/extras/package/macosx/../../../modules/gui/skins2/src/skin_common.hpp:28:
In file included from ../config.h:896:
In file included from /Users/cam/Documents/Projects/ultima-iv-web/vlc-thumbs/work/upstream/vlc-master-story005/extras/package/macosx/../../../include/vlc_fixups.h:166:
In file included from /Applications/Xcode.app/Contents/Developer/Platforms/MacOSX.platform/Developer/SDKs/MacOSX27.0.sdk/usr/include/c++/v1/stddef.h:30:
In file included from /Applications/Xcode.app/Contents/Developer/Platforms/MacOSX.platform/Developer/SDKs/MacOSX27.0.sdk/usr/include/c++/v1/__config:15:
/Applications/Xcode.app/Contents/Developer/Platforms/MacOSX.platform/Developer/SDKs/MacOSX27.0.sdk/usr/include/c++/v1/__configuration/availability.h:204:4: warning: "The selected platform is no longer supported by libc++." [-W#warnings]
  204 | #  warning "The selected platform is no longer supported by libc++."
      |    ^
1 warning generated.
  CXX      gui/skins2/src/libskins2_plugin_la-anim_bitmap.lo
In file included from /Users/cam/Documents/Projects/ultima-iv-web/vlc-thumbs/work/upstream/vlc-master-story005/extras/package/macosx/../../../modules/gui/skins2/src/anim_bitmap.cpp:23:
In file included from /Users/cam/Documents/Projects/ultima-iv-web/vlc-thumbs/work/upstream/vlc-master-story005/extras/package/macosx/../../../modules/gui/skins2/src/anim_bitmap.hpp:26:
In file included from /Users/cam/Documents/Projects/ultima-iv-web/vlc-thumbs/work/upstream/vlc-master-story005/extras/package/macosx/../../../modules/gui/skins2/src/../commands/cmd_generic.hpp:27:
In file included from /Applications/Xcode.app/Contents/Developer/Platforms/MacOSX.platform/Developer/SDKs/MacOSX27.0.sdk/usr/include/c++/v1/string:594:
In file included from /Applications/Xcode.app/Contents/Developer/Platforms/MacOSX.platform/Developer/SDKs/MacOSX27.0.sdk/usr/include/c++/v1/__algorithm/max.h:12:
In file included from /Applications/Xcode.app/Contents/Developer/Platforms/MacOSX.platform/Developer/SDKs/MacOSX27.0.sdk/usr/include/c++/v1/__algorithm/comp.h:12:
In file included from /Applications/Xcode.app/Contents/Developer/Platforms/MacOSX.platform/Developer/SDKs/MacOSX27.0.sdk/usr/include/c++/v1/__config:15:
/Applications/Xcode.app/Contents/Developer/Platforms/MacOSX.platform/Developer/SDKs/MacOSX27.0.sdk/usr/include/c++/v1/__configuration/availability.h:204:4: warning: "The selected platform is no longer supported by libc++." [-W#warnings]
  204 | #  warning "The selected platform is no longer supported by libc++."
      |    ^
1 warning generated.
  CXX      gui/skins2/src/libskins2_plugin_la-bitmap_font.lo
1 warning generated.
In file included from /Users/cam/Documents/Projects/ultima-iv-web/vlc-thumbs/work/upstream/vlc-master-story005/extras/package/macosx/../../../modules/gui/skins2/src/bitmap_font.cpp:23:
In file included from /Users/cam/Documents/Projects/ultima-iv-web/vlc-thumbs/work/upstream/vlc-master-story005/extras/package/macosx/../../../modules/gui/skins2/src/bitmap_font.hpp:26:
In file included from /Users/cam/Documents/Projects/ultima-iv-web/vlc-thumbs/work/upstream/vlc-master-story005/extras/package/macosx/../../../modules/gui/skins2/src/generic_font.hpp:27:
In file included from /Users/cam/Documents/Projects/ultima-iv-web/vlc-thumbs/work/upstream/vlc-master-story005/extras/package/macosx/../../../modules/gui/skins2/src/skin_common.hpp:28:
In file included from ../config.h:896:
In file included from /Users/cam/Documents/Projects/ultima-iv-web/vlc-thumbs/work/upstream/vlc-master-story005/extras/package/macosx/../../../include/vlc_fixups.h:166:
In file included from /Applications/Xcode.app/Contents/Developer/Platforms/MacOSX.platform/Developer/SDKs/MacOSX27.0.sdk/usr/include/c++/v1/stddef.h:30:
In file included from /Applications/Xcode.app/Contents/Developer/Platforms/MacOSX.platform/Developer/SDKs/MacOSX27.0.sdk/usr/include/c++/v1/__config:15:
/Applications/Xcode.app/Contents/Developer/Platforms/MacOSX.platform/Developer/SDKs/MacOSX27.0.sdk/usr/include/c++/v1/__configuration/availability.h:204:4: warning: "The selected platform is no longer supported by libc++." [-W#warnings]
  204 | #  warning "The selected platform is no longer supported by libc++."
      |    ^
  CXX      gui/skins2/src/libskins2_plugin_la-dialogs.lo
In file included from /Users/cam/Documents/Projects/ultima-iv-web/vlc-thumbs/work/upstream/vlc-master-story005/extras/package/macosx/../../../modules/gui/skins2/src/dialogs.cpp:24:
In file included from /Applications/Xcode.app/Contents/Developer/Platforms/MacOSX.platform/Developer/SDKs/MacOSX27.0.sdk/usr/include/c++/v1/sstream:318:
In file included from /Applications/Xcode.app/Contents/Developer/Platforms/MacOSX.platform/Developer/SDKs/MacOSX27.0.sdk/usr/include/c++/v1/__config:15:
/Applications/Xcode.app/Contents/Developer/Platforms/MacOSX.platform/Developer/SDKs/MacOSX27.0.sdk/usr/include/c++/v1/__configuration/availability.h:204:4: warning: "The selected platform is no longer supported by libc++." [-W#warnings]
  204 | #  warning "The selected platform is no longer supported by libc++."
      |    ^
1 warning generated.
  CXX      gui/skins2/src/libskins2_plugin_la-file_bitmap.lo
1 warning generated.
  CXX      gui/skins2/src/libskins2_plugin_la-art_manager.lo
In file included from /Users/cam/Documents/Projects/ultima-iv-web/vlc-thumbs/work/upstream/vlc-master-story005/extras/package/macosx/../../../modules/gui/skins2/src/file_bitmap.cpp:25:
In file included from ../config.h:896:
In file included from /Users/cam/Documents/Projects/ultima-iv-web/vlc-thumbs/work/upstream/vlc-master-story005/extras/package/macosx/../../../include/vlc_fixups.h:166:
In file included from /Applications/Xcode.app/Contents/Developer/Platforms/MacOSX.platform/Developer/SDKs/MacOSX27.0.sdk/usr/include/c++/v1/stddef.h:30:
In file included from /Applications/Xcode.app/Contents/Developer/Platforms/MacOSX.platform/Developer/SDKs/MacOSX27.0.sdk/usr/include/c++/v1/__config:15:
/Applications/Xcode.app/Contents/Developer/Platforms/MacOSX.platform/Developer/SDKs/MacOSX27.0.sdk/usr/include/c++/v1/__configuration/availability.h:204:4: warning: "The selected platform is no longer supported by libc++." [-W#warnings]
  204 | #  warning "The selected platform is no longer supported by libc++."
      |    ^
In file included from /Users/cam/Documents/Projects/ultima-iv-web/vlc-thumbs/work/upstream/vlc-master-story005/extras/package/macosx/../../../modules/gui/skins2/src/art_manager.cpp:24:
In file included from ../config.h:896:
In file included from /Users/cam/Documents/Projects/ultima-iv-web/vlc-thumbs/work/upstream/vlc-master-story005/extras/package/macosx/../../../include/vlc_fixups.h:166:
In file included from /Applications/Xcode.app/Contents/Developer/Platforms/MacOSX.platform/Developer/SDKs/MacOSX27.0.sdk/usr/include/c++/v1/stddef.h:30:
In file included from /Applications/Xcode.app/Contents/Developer/Platforms/MacOSX.platform/Developer/SDKs/MacOSX27.0.sdk/usr/include/c++/v1/__config:15:
/Applications/Xcode.app/Contents/Developer/Platforms/MacOSX.platform/Developer/SDKs/MacOSX27.0.sdk/usr/include/c++/v1/__configuration/availability.h:204:4: warning: "The selected platform is no longer supported by libc++." [-W#warnings]
  204 | #  warning "The selected platform is no longer supported by libc++."
      |    ^
1 warning generated.
  CXX      gui/skins2/src/libskins2_plugin_la-ft2_bitmap.lo
In file included from /Users/cam/Documents/Projects/ultima-iv-web/vlc-thumbs/work/upstream/vlc-master-story005/extras/package/macosx/../../../modules/gui/skins2/src/ft2_bitmap.cpp:24:
In file included from /Users/cam/Documents/Projects/ultima-iv-web/vlc-thumbs/work/upstream/vlc-master-story005/extras/package/macosx/../../../modules/gui/skins2/src/ft2_bitmap.hpp:28:
In file included from /Users/cam/Documents/Projects/ultima-iv-web/vlc-thumbs/work/story005-master-baseline/contrib/aarch64-apple-darwin19/include/freetype2/freetype/freetype.h:24:
In file included from /Users/cam/Documents/Projects/ultima-iv-web/vlc-thumbs/work/story005-master-baseline/contrib/aarch64-apple-darwin19/include/freetype2/freetype/config/ftconfig.h:42:
In file included from /Users/cam/Documents/Projects/ultima-iv-web/vlc-thumbs/work/story005-master-baseline/contrib/aarch64-apple-darwin19/include/freetype2/freetype/config/ftstdlib.h:35:
In file included from /Applications/Xcode.app/Contents/Developer/Platforms/MacOSX.platform/Developer/SDKs/MacOSX27.0.sdk/usr/include/c++/v1/stddef.h:30:
In file included from /Applications/Xcode.app/Contents/Developer/Platforms/MacOSX.platform/Developer/SDKs/MacOSX27.0.sdk/usr/include/c++/v1/__config:15:
/Applications/Xcode.app/Contents/Developer/Platforms/MacOSX.platform/Developer/SDKs/MacOSX27.0.sdk/usr/include/c++/v1/__configuration/availability.h:204:4: warning: "The selected platform is no longer supported by libc++." [-W#warnings]
  204 | #  warning "The selected platform is no longer supported by libc++."
      |    ^
1 warning generated.
  CXX      gui/skins2/src/libskins2_plugin_la-ft2_font.lo
In file included from /Users/cam/Documents/Projects/ultima-iv-web/vlc-thumbs/work/upstream/vlc-master-story005/extras/package/macosx/../../../modules/gui/skins2/src/ft2_font.cpp:24:
In file included from /Applications/Xcode.app/Contents/Developer/Platforms/MacOSX.platform/Developer/SDKs/MacOSX27.0.sdk/usr/include/c++/v1/errno.h:28:
In file included from /Applications/Xcode.app/Contents/Developer/Platforms/MacOSX.platform/Developer/SDKs/MacOSX27.0.sdk/usr/include/c++/v1/__config:15:
/Applications/Xcode.app/Contents/Developer/Platforms/MacOSX.platform/Developer/SDKs/MacOSX27.0.sdk/usr/include/c++/v1/__configuration/availability.h:204:4: warning: "The selected platform is no longer supported by libc++." [-W#warnings]
  204 | #  warning "The selected platform is no longer supported by libc++."
      |    ^
1 warning generated.
  CC       gui/skins2/src/libskins2_plugin_la-ft2_err.lo
1 warning generated.
  CXX      gui/skins2/src/libskins2_plugin_la-generic_bitmap.lo
  CXX      gui/skins2/src/libskins2_plugin_la-generic_layout.lo
1 warning generated.
In file included from /Users/cam/Documents/Projects/ultima-iv-web/vlc-thumbs/work/upstream/vlc-master-story005/extras/package/macosx/../../../modules/gui/skins2/src/generic_bitmap.cpp:23:
In file included from /Users/cam/Documents/Projects/ultima-iv-web/vlc-thumbs/work/upstream/vlc-master-story005/extras/package/macosx/../../../modules/gui/skins2/src/generic_bitmap.hpp:27:
In file included from /Users/cam/Documents/Projects/ultima-iv-web/vlc-thumbs/work/upstream/vlc-master-story005/extras/package/macosx/../../../modules/gui/skins2/src/skin_common.hpp:28:
In file included from ../config.h:896:
In file included from /Users/cam/Documents/Projects/ultima-iv-web/vlc-thumbs/work/upstream/vlc-master-story005/extras/package/macosx/../../../include/vlc_fixups.h:166:
In file included from /Applications/Xcode.app/Contents/Developer/Platforms/MacOSX.platform/Developer/SDKs/MacOSX27.0.sdk/usr/include/c++/v1/stddef.h:30:
In file included from /Applications/Xcode.app/Contents/Developer/Platforms/MacOSX.platform/Developer/SDKs/MacOSX27.0.sdk/usr/include/c++/v1/__config:15:
/Applications/Xcode.app/Contents/Developer/Platforms/MacOSX.platform/Developer/SDKs/MacOSX27.0.sdk/usr/include/c++/v1/__configuration/availability.h:204:4: warning: "The selected platform is no longer supported by libc++." [-W#warnings]
  204 | #  warning "The selected platform is no longer supported by libc++."
      |    ^
  CXX      gui/skins2/src/libskins2_plugin_la-generic_window.lo
In file included from /Users/cam/Documents/Projects/ultima-iv-web/vlc-thumbs/work/upstream/vlc-master-story005/extras/package/macosx/../../../modules/gui/skins2/src/generic_layout.cpp:24:
In file included from /Users/cam/Documents/Projects/ultima-iv-web/vlc-thumbs/work/upstream/vlc-master-story005/extras/package/macosx/../../../modules/gui/skins2/src/generic_layout.hpp:27:
In file included from /Users/cam/Documents/Projects/ultima-iv-web/vlc-thumbs/work/upstream/vlc-master-story005/extras/package/macosx/../../../modules/gui/skins2/src/skin_common.hpp:28:
In file included from ../config.h:896:
In file included from /Users/cam/Documents/Projects/ultima-iv-web/vlc-thumbs/work/upstream/vlc-master-story005/extras/package/macosx/../../../include/vlc_fixups.h:166:
In file included from /Applications/Xcode.app/Contents/Developer/Platforms/MacOSX.platform/Developer/SDKs/MacOSX27.0.sdk/usr/include/c++/v1/stddef.h:30:
In file included from /Applications/Xcode.app/Contents/Developer/Platforms/MacOSX.platform/Developer/SDKs/MacOSX27.0.sdk/usr/include/c++/v1/__config:15:
/Applications/Xcode.app/Contents/Developer/Platforms/MacOSX.platform/Developer/SDKs/MacOSX27.0.sdk/usr/include/c++/v1/__configuration/availability.h:204:4: warning: "The selected platform is no longer supported by libc++." [-W#warnings]
  204 | #  warning "The selected platform is no longer supported by libc++."
      |    ^
In file included from /Users/cam/Documents/Projects/ultima-iv-web/vlc-thumbs/work/upstream/vlc-master-story005/extras/package/macosx/../../../modules/gui/skins2/src/generic_window.cpp:24:
In file included from /Users/cam/Documents/Projects/ultima-iv-web/vlc-thumbs/work/upstream/vlc-master-story005/extras/package/macosx/../../../modules/gui/skins2/src/generic_window.hpp:27:
In file included from /Users/cam/Documents/Projects/ultima-iv-web/vlc-thumbs/work/upstream/vlc-master-story005/extras/package/macosx/../../../modules/gui/skins2/src/skin_common.hpp:28:
In file included from ../config.h:896:
In file included from /Users/cam/Documents/Projects/ultima-iv-web/vlc-thumbs/work/upstream/vlc-master-story005/extras/package/macosx/../../../include/vlc_fixups.h:166:
In file included from /Applications/Xcode.app/Contents/Developer/Platforms/MacOSX.platform/Developer/SDKs/MacOSX27.0.sdk/usr/include/c++/v1/stddef.h:30:
In file included from /Applications/Xcode.app/Contents/Developer/Platforms/MacOSX.platform/Developer/SDKs/MacOSX27.0.sdk/usr/include/c++/v1/__config:15:
/Applications/Xcode.app/Contents/Developer/Platforms/MacOSX.platform/Developer/SDKs/MacOSX27.0.sdk/usr/include/c++/v1/__configuration/availability.h:204:4: warning: "The selected platform is no longer supported by libc++." [-W#warnings]
  204 | #  warning "The selected platform is no longer supported by libc++."
      |    ^
1 warning generated.
  CXX      gui/skins2/src/libskins2_plugin_la-ini_file.lo
In file included from /Users/cam/Documents/Projects/ultima-iv-web/vlc-thumbs/work/upstream/vlc-master-story005/extras/package/macosx/../../../modules/gui/skins2/src/ini_file.cpp:23:
In file included from /Users/cam/Documents/Projects/ultima-iv-web/vlc-thumbs/work/upstream/vlc-master-story005/extras/package/macosx/../../../modules/gui/skins2/src/ini_file.hpp:26:
In file included from /Users/cam/Documents/Projects/ultima-iv-web/vlc-thumbs/work/upstream/vlc-master-story005/extras/package/macosx/../../../modules/gui/skins2/src/skin_common.hpp:28:
In file included from ../config.h:896:
In file included from /Users/cam/Documents/Projects/ultima-iv-web/vlc-thumbs/work/upstream/vlc-master-story005/extras/package/macosx/../../../include/vlc_fixups.h:166:
In file included from /Applications/Xcode.app/Contents/Developer/Platforms/MacOSX.platform/Developer/SDKs/MacOSX27.0.sdk/usr/include/c++/v1/stddef.h:30:
In file included from /Applications/Xcode.app/Contents/Developer/Platforms/MacOSX.platform/Developer/SDKs/MacOSX27.0.sdk/usr/include/c++/v1/__config:15:
/Applications/Xcode.app/Contents/Developer/Platforms/MacOSX.platform/Developer/SDKs/MacOSX27.0.sdk/usr/include/c++/v1/__configuration/availability.h:204:4: warning: "The selected platform is no longer supported by libc++." [-W#warnings]
  204 | #  warning "The selected platform is no longer supported by libc++."
      |    ^
1 warning generated.
  CXX      gui/skins2/src/libskins2_plugin_la-logger.lo
In file included from /Users/cam/Documents/Projects/ultima-iv-web/vlc-thumbs/work/upstream/vlc-master-story005/extras/package/macosx/../../../modules/gui/skins2/src/logger.cpp:24:
In file included from /Users/cam/Documents/Projects/ultima-iv-web/vlc-thumbs/work/upstream/vlc-master-story005/extras/package/macosx/../../../modules/gui/skins2/src/logger.hpp:27:
In file included from /Users/cam/Documents/Projects/ultima-iv-web/vlc-thumbs/work/upstream/vlc-master-story005/extras/package/macosx/../../../modules/gui/skins2/src/skin_common.hpp:28:
In file included from ../config.h:896:
In file included from /Users/cam/Documents/Projects/ultima-iv-web/vlc-thumbs/work/upstream/vlc-master-story005/extras/package/macosx/../../../include/vlc_fixups.h:166:
In file included from /Applications/Xcode.app/Contents/Developer/Platforms/MacOSX.platform/Developer/SDKs/MacOSX27.0.sdk/usr/include/c++/v1/stddef.h:30:
In file included from /Applications/Xcode.app/Contents/Developer/Platforms/MacOSX.platform/Developer/SDKs/MacOSX27.0.sdk/usr/include/c++/v1/__config:15:
/Applications/Xcode.app/Contents/Developer/Platforms/MacOSX.platform/Developer/SDKs/MacOSX27.0.sdk/usr/include/c++/v1/__configuration/availability.h:204:4: warning: "The selected platform is no longer supported by libc++." [-W#warnings]
  204 | #  warning "The selected platform is no longer supported by libc++."
      |    ^
1 warning generated.
1 warning generated.
  CXX      gui/skins2/src/libskins2_plugin_la-os_factory.lo
  CXX      gui/skins2/src/libskins2_plugin_la-popup.lo
In file included from /Users/cam/Documents/Projects/ultima-iv-web/vlc-thumbs/work/upstream/vlc-master-story005/extras/package/macosx/../../../modules/gui/skins2/src/os_factory.cpp:24:
In file included from /Users/cam/Documents/Projects/ultima-iv-web/vlc-thumbs/work/upstream/vlc-master-story005/extras/package/macosx/../../../modules/gui/skins2/src/os_factory.hpp:27:
In file included from /Users/cam/Documents/Projects/ultima-iv-web/vlc-thumbs/work/upstream/vlc-master-story005/extras/package/macosx/../../../modules/gui/skins2/src/skin_common.hpp:28:
In file included from ../config.h:896:
In file included from /Users/cam/Documents/Projects/ultima-iv-web/vlc-thumbs/work/upstream/vlc-master-story005/extras/package/macosx/../../../include/vlc_fixups.h:166:
In file included from /Applications/Xcode.app/Contents/Developer/Platforms/MacOSX.platform/Developer/SDKs/MacOSX27.0.sdk/usr/include/c++/v1/stddef.h:30:
In file included from /Applications/Xcode.app/Contents/Developer/Platforms/MacOSX.platform/Developer/SDKs/MacOSX27.0.sdk/usr/include/c++/v1/__config:15:
/Applications/Xcode.app/Contents/Developer/Platforms/MacOSX.platform/Developer/SDKs/MacOSX27.0.sdk/usr/include/c++/v1/__configuration/availability.h:204:4: warning: "The selected platform is no longer supported by libc++." [-W#warnings]
  204 | #  warning "The selected platform is no longer supported by libc++."
      |    ^
In file included from /Users/cam/Documents/Projects/ultima-iv-web/vlc-thumbs/work/upstream/vlc-master-story005/extras/package/macosx/../../../modules/gui/skins2/src/popup.cpp:23:
In file included from /Users/cam/Documents/Projects/ultima-iv-web/vlc-thumbs/work/upstream/vlc-master-story005/extras/package/macosx/../../../modules/gui/skins2/src/popup.hpp:26:
In file included from /Users/cam/Documents/Projects/ultima-iv-web/vlc-thumbs/work/upstream/vlc-master-story005/extras/package/macosx/../../../modules/gui/skins2/src/skin_common.hpp:28:
In file included from ../config.h:896:
In file included from /Users/cam/Documents/Projects/ultima-iv-web/vlc-thumbs/work/upstream/vlc-master-story005/extras/package/macosx/../../../include/vlc_fixups.h:166:
In file included from /Applications/Xcode.app/Contents/Developer/Platforms/MacOSX.platform/Developer/SDKs/MacOSX27.0.sdk/usr/include/c++/v1/stddef.h:30:
In file included from /Applications/Xcode.app/Contents/Developer/Platforms/MacOSX.platform/Developer/SDKs/MacOSX27.0.sdk/usr/include/c++/v1/__config:15:
/Applications/Xcode.app/Contents/Developer/Platforms/MacOSX.platform/Developer/SDKs/MacOSX27.0.sdk/usr/include/c++/v1/__configuration/availability.h:204:4: warning: "The selected platform is no longer supported by libc++." [-W#warnings]
  204 | #  warning "The selected platform is no longer supported by libc++."
      |    ^
1 warning generated.
  CXX      gui/skins2/src/libskins2_plugin_la-scaled_bitmap.lo
In file included from /Users/cam/Documents/Projects/ultima-iv-web/vlc-thumbs/work/upstream/vlc-master-story005/extras/package/macosx/../../../modules/gui/skins2/src/scaled_bitmap.cpp:24:
In file included from /Users/cam/Documents/Projects/ultima-iv-web/vlc-thumbs/work/upstream/vlc-master-story005/extras/package/macosx/../../../modules/gui/skins2/src/scaled_bitmap.hpp:27:
In file included from /Users/cam/Documents/Projects/ultima-iv-web/vlc-thumbs/work/upstream/vlc-master-story005/extras/package/macosx/../../../modules/gui/skins2/src/generic_bitmap.hpp:27:
In file included from /Users/cam/Documents/Projects/ultima-iv-web/vlc-thumbs/work/upstream/vlc-master-story005/extras/package/macosx/../../../modules/gui/skins2/src/skin_common.hpp:28:
In file included from ../config.h:896:
In file included from /Users/cam/Documents/Projects/ultima-iv-web/vlc-thumbs/work/upstream/vlc-master-story005/extras/package/macosx/../../../include/vlc_fixups.h:166:
In file included from /Applications/Xcode.app/Contents/Developer/Platforms/MacOSX.platform/Developer/SDKs/MacOSX27.0.sdk/usr/include/c++/v1/stddef.h:30:
In file included from /Applications/Xcode.app/Contents/Developer/Platforms/MacOSX.platform/Developer/SDKs/MacOSX27.0.sdk/usr/include/c++/v1/__config:15:
/Applications/Xcode.app/Contents/Developer/Platforms/MacOSX.platform/Developer/SDKs/MacOSX27.0.sdk/usr/include/c++/v1/__configuration/availability.h:204:4: warning: "The selected platform is no longer supported by libc++." [-W#warnings]
  204 | #  warning "The selected platform is no longer supported by libc++."
      |    ^
1 warning generated.
  CXX      gui/skins2/src/libskins2_plugin_la-skin_main.lo
1 warning generated.
  CXX      gui/skins2/src/libskins2_plugin_la-theme.lo
In file included from /Users/cam/Documents/Projects/ultima-iv-web/vlc-thumbs/work/upstream/vlc-master-story005/extras/package/macosx/../../../modules/gui/skins2/src/skin_main.cpp:25:
In file included from ../config.h:896:
In file included from /Users/cam/Documents/Projects/ultima-iv-web/vlc-thumbs/work/upstream/vlc-master-story005/extras/package/macosx/../../../include/vlc_fixups.h:166:
In file included from /Applications/Xcode.app/Contents/Developer/Platforms/MacOSX.platform/Developer/SDKs/MacOSX27.0.sdk/usr/include/c++/v1/stddef.h:30:
In file included from /Applications/Xcode.app/Contents/Developer/Platforms/MacOSX.platform/Developer/SDKs/MacOSX27.0.sdk/usr/include/c++/v1/__config:15:
/Applications/Xcode.app/Contents/Developer/Platforms/MacOSX.platform/Developer/SDKs/MacOSX27.0.sdk/usr/include/c++/v1/__configuration/availability.h:204:4: warning: "The selected platform is no longer supported by libc++." [-W#warnings]
  204 | #  warning "The selected platform is no longer supported by libc++."
      |    ^
In file included from /Users/cam/Documents/Projects/ultima-iv-web/vlc-thumbs/work/upstream/vlc-master-story005/extras/package/macosx/../../../modules/gui/skins2/src/theme.cpp:24:
In file included from /Users/cam/Documents/Projects/ultima-iv-web/vlc-thumbs/work/upstream/vlc-master-story005/extras/package/macosx/../../../modules/gui/skins2/src/theme.hpp:27:
In file included from /Users/cam/Documents/Projects/ultima-iv-web/vlc-thumbs/work/upstream/vlc-master-story005/extras/package/macosx/../../../modules/gui/skins2/src/generic_bitmap.hpp:27:
In file included from /Users/cam/Documents/Projects/ultima-iv-web/vlc-thumbs/work/upstream/vlc-master-story005/extras/package/macosx/../../../modules/gui/skins2/src/skin_common.hpp:28:
In file included from ../config.h:896:
In file included from /Users/cam/Documents/Projects/ultima-iv-web/vlc-thumbs/work/upstream/vlc-master-story005/extras/package/macosx/../../../include/vlc_fixups.h:166:
In file included from /Applications/Xcode.app/Contents/Developer/Platforms/MacOSX.platform/Developer/SDKs/MacOSX27.0.sdk/usr/include/c++/v1/stddef.h:30:
In file included from /Applications/Xcode.app/Contents/Developer/Platforms/MacOSX.platform/Developer/SDKs/MacOSX27.0.sdk/usr/include/c++/v1/__config:15:
/Applications/Xcode.app/Contents/Developer/Platforms/MacOSX.platform/Developer/SDKs/MacOSX27.0.sdk/usr/include/c++/v1/__configuration/availability.h:204:4: warning: "The selected platform is no longer supported by libc++." [-W#warnings]
  204 | #  warning "The selected platform is no longer supported by libc++."
      |    ^
1 warning generated.
  CXX      gui/skins2/src/libskins2_plugin_la-theme_loader.lo
In file included from /Users/cam/Documents/Projects/ultima-iv-web/vlc-thumbs/work/upstream/vlc-master-story005/extras/package/macosx/../../../modules/gui/skins2/src/theme_loader.cpp:25:
In file included from ../config.h:896:
In file included from /Users/cam/Documents/Projects/ultima-iv-web/vlc-thumbs/work/upstream/vlc-master-story005/extras/package/macosx/../../../include/vlc_fixups.h:166:
In file included from /Applications/Xcode.app/Contents/Developer/Platforms/MacOSX.platform/Developer/SDKs/MacOSX27.0.sdk/usr/include/c++/v1/stddef.h:30:
In file included from /Applications/Xcode.app/Contents/Developer/Platforms/MacOSX.platform/Developer/SDKs/MacOSX27.0.sdk/usr/include/c++/v1/__config:15:
/Applications/Xcode.app/Contents/Developer/Platforms/MacOSX.platform/Developer/SDKs/MacOSX27.0.sdk/usr/include/c++/v1/__configuration/availability.h:204:4: warning: "The selected platform is no longer supported by libc++." [-W#warnings]
  204 | #  warning "The selected platform is no longer supported by libc++."
      |    ^
1 warning generated.
  CXX      gui/skins2/src/libskins2_plugin_la-theme_repository.lo
In file included from /Users/cam/Documents/Projects/ultima-iv-web/vlc-thumbs/work/upstream/vlc-master-story005/extras/package/macosx/../../../modules/gui/skins2/src/theme_repository.cpp:23:
In file included from /Users/cam/Documents/Projects/ultima-iv-web/vlc-thumbs/work/upstream/vlc-master-story005/extras/package/macosx/../../../modules/gui/skins2/src/theme_repository.hpp:26:
In file included from /Users/cam/Documents/Projects/ultima-iv-web/vlc-thumbs/work/upstream/vlc-master-story005/extras/package/macosx/../../../modules/gui/skins2/src/skin_common.hpp:28:
In file included from ../config.h:896:
In file included from /Users/cam/Documents/Projects/ultima-iv-web/vlc-thumbs/work/upstream/vlc-master-story005/extras/package/macosx/../../../include/vlc_fixups.h:166:
In file included from /Applications/Xcode.app/Contents/Developer/Platforms/MacOSX.platform/Developer/SDKs/MacOSX27.0.sdk/usr/include/c++/v1/stddef.h:30:
In file included from /Applications/Xcode.app/Contents/Developer/Platforms/MacOSX.platform/Developer/SDKs/MacOSX27.0.sdk/usr/include/c++/v1/__config:15:
/Applications/Xcode.app/Contents/Developer/Platforms/MacOSX.platform/Developer/SDKs/MacOSX27.0.sdk/usr/include/c++/v1/__configuration/availability.h:204:4: warning: "The selected platform is no longer supported by libc++." [-W#warnings]
  204 | #  warning "The selected platform is no longer supported by libc++."
      |    ^
1 warning generated.
  CXX      gui/skins2/src/libskins2_plugin_la-tooltip.lo
In file included from /Users/cam/Documents/Projects/ultima-iv-web/vlc-thumbs/work/upstream/vlc-master-story005/extras/package/macosx/../../../modules/gui/skins2/src/tooltip.cpp:24:
In file included from /Users/cam/Documents/Projects/ultima-iv-web/vlc-thumbs/work/upstream/vlc-master-story005/extras/package/macosx/../../../modules/gui/skins2/src/tooltip.hpp:27:
In file included from /Users/cam/Documents/Projects/ultima-iv-web/vlc-thumbs/work/upstream/vlc-master-story005/extras/package/macosx/../../../modules/gui/skins2/src/../utils/var_text.hpp:27:
In file included from /Users/cam/Documents/Projects/ultima-iv-web/vlc-thumbs/work/upstream/vlc-master-story005/extras/package/macosx/../../../modules/gui/skins2/src/../utils/variable.hpp:27:
In file included from /Users/cam/Documents/Projects/ultima-iv-web/vlc-thumbs/work/upstream/vlc-master-story005/extras/package/macosx/../../../modules/gui/skins2/src/../utils/../src/skin_common.hpp:28:
In file included from ../config.h:896:
In file included from /Users/cam/Documents/Projects/ultima-iv-web/vlc-thumbs/work/upstream/vlc-master-story005/extras/package/macosx/../../../include/vlc_fixups.h:166:
In file included from /Applications/Xcode.app/Contents/Developer/Platforms/MacOSX.platform/Developer/SDKs/MacOSX27.0.sdk/usr/include/c++/v1/stddef.h:30:
In file included from /Applications/Xcode.app/Contents/Developer/Platforms/MacOSX.platform/Developer/SDKs/MacOSX27.0.sdk/usr/include/c++/v1/__config:15:
/Applications/Xcode.app/Contents/Developer/Platforms/MacOSX.platform/Developer/SDKs/MacOSX27.0.sdk/usr/include/c++/v1/__configuration/availability.h:204:4: warning: "The selected platform is no longer supported by libc++." [-W#warnings]
  204 | #  warning "The selected platform is no longer supported by libc++."
      |    ^
1 warning generated.
  CXX      gui/skins2/src/libskins2_plugin_la-top_window.lo
In file included from /Users/cam/Documents/Projects/ultima-iv-web/vlc-thumbs/work/upstream/vlc-master-story005/extras/package/macosx/../../../modules/gui/skins2/src/top_window.cpp:24:
In file included from /Users/cam/Documents/Projects/ultima-iv-web/vlc-thumbs/work/upstream/vlc-master-story005/extras/package/macosx/../../../modules/gui/skins2/src/top_window.hpp:27:
In file included from /Users/cam/Documents/Projects/ultima-iv-web/vlc-thumbs/work/upstream/vlc-master-story005/extras/package/macosx/../../../modules/gui/skins2/src/generic_window.hpp:27:
In file included from /Users/cam/Documents/Projects/ultima-iv-web/vlc-thumbs/work/upstream/vlc-master-story005/extras/package/macosx/../../../modules/gui/skins2/src/skin_common.hpp:28:
In file included from ../config.h:896:
In file included from /Users/cam/Documents/Projects/ultima-iv-web/vlc-thumbs/work/upstream/vlc-master-story005/extras/package/macosx/../../../include/vlc_fixups.h:166:
In file included from /Applications/Xcode.app/Contents/Developer/Platforms/MacOSX.platform/Developer/SDKs/MacOSX27.0.sdk/usr/include/c++/v1/stddef.h:30:
In file included from /Applications/Xcode.app/Contents/Developer/Platforms/MacOSX.platform/Developer/SDKs/MacOSX27.0.sdk/usr/include/c++/v1/__config:15:
/Applications/Xcode.app/Contents/Developer/Platforms/MacOSX.platform/Developer/SDKs/MacOSX27.0.sdk/usr/include/c++/v1/__configuration/availability.h:204:4: warning: "The selected platform is no longer supported by libc++." [-W#warnings]
  204 | #  warning "The selected platform is no longer supported by libc++."
      |    ^
1 warning generated.
  CXX      gui/skins2/src/libskins2_plugin_la-fsc_window.lo
In file included from /Users/cam/Documents/Projects/ultima-iv-web/vlc-thumbs/work/upstream/vlc-master-story005/extras/package/macosx/../../../modules/gui/skins2/src/fsc_window.cpp:22:
In file included from /Users/cam/Documents/Projects/ultima-iv-web/vlc-thumbs/work/upstream/vlc-master-story005/extras/package/macosx/../../../modules/gui/skins2/src/fsc_window.hpp:26:
In file included from /Users/cam/Documents/Projects/ultima-iv-web/vlc-thumbs/work/upstream/vlc-master-story005/extras/package/macosx/../../../modules/gui/skins2/src/../src/top_window.hpp:27:
In file included from /Users/cam/Documents/Projects/ultima-iv-web/vlc-thumbs/work/upstream/vlc-master-story005/extras/package/macosx/../../../modules/gui/skins2/src/../src/generic_window.hpp:27:
In file included from /Users/cam/Documents/Projects/ultima-iv-web/vlc-thumbs/work/upstream/vlc-master-story005/extras/package/macosx/../../../modules/gui/skins2/src/../src/skin_common.hpp:28:
In file included from ../config.h:896:
In file included from /Users/cam/Documents/Projects/ultima-iv-web/vlc-thumbs/work/upstream/vlc-master-story005/extras/package/macosx/../../../include/vlc_fixups.h:166:
In file included from /Applications/Xcode.app/Contents/Developer/Platforms/MacOSX.platform/Developer/SDKs/MacOSX27.0.sdk/usr/include/c++/v1/stddef.h:30:
In file included from /Applications/Xcode.app/Contents/Developer/Platforms/MacOSX.platform/Developer/SDKs/MacOSX27.0.sdk/usr/include/c++/v1/__config:15:
/Applications/Xcode.app/Contents/Developer/Platforms/MacOSX.platform/Developer/SDKs/MacOSX27.0.sdk/usr/include/c++/v1/__configuration/availability.h:204:4: warning: "The selected platform is no longer supported by libc++." [-W#warnings]
  204 | #  warning "The selected platform is no longer supported by libc++."
      |    ^
1 warning generated.
  CXX      gui/skins2/src/libskins2_plugin_la-var_manager.lo
In file included from /Users/cam/Documents/Projects/ultima-iv-web/vlc-thumbs/work/upstream/vlc-master-story005/extras/package/macosx/../../../modules/gui/skins2/src/var_manager.cpp:24:
In file included from /Users/cam/Documents/Projects/ultima-iv-web/vlc-thumbs/work/upstream/vlc-master-story005/extras/package/macosx/../../../modules/gui/skins2/src/var_manager.hpp:27:
In file included from /Users/cam/Documents/Projects/ultima-iv-web/vlc-thumbs/work/upstream/vlc-master-story005/extras/package/macosx/../../../modules/gui/skins2/src/../utils/var_text.hpp:27:
In file included from /Users/cam/Documents/Projects/ultima-iv-web/vlc-thumbs/work/upstream/vlc-master-story005/extras/package/macosx/../../../modules/gui/skins2/src/../utils/variable.hpp:27:
In file included from /Users/cam/Documents/Projects/ultima-iv-web/vlc-thumbs/work/upstream/vlc-master-story005/extras/package/macosx/../../../modules/gui/skins2/src/../utils/../src/skin_common.hpp:28:
In file included from ../config.h:896:
In file included from /Users/cam/Documents/Projects/ultima-iv-web/vlc-thumbs/work/upstream/vlc-master-story005/extras/package/macosx/../../../include/vlc_fixups.h:166:
In file included from /Applications/Xcode.app/Contents/Developer/Platforms/MacOSX.platform/Developer/SDKs/MacOSX27.0.sdk/usr/include/c++/v1/stddef.h:30:
In file included from /Applications/Xcode.app/Contents/Developer/Platforms/MacOSX.platform/Developer/SDKs/MacOSX27.0.sdk/usr/include/c++/v1/__config:15:
/Applications/Xcode.app/Contents/Developer/Platforms/MacOSX.platform/Developer/SDKs/MacOSX27.0.sdk/usr/include/c++/v1/__configuration/availability.h:204:4: warning: "The selected platform is no longer supported by libc++." [-W#warnings]
  204 | #  warning "The selected platform is no longer supported by libc++."
      |    ^
1 warning generated.
  CXX      gui/skins2/src/libskins2_plugin_la-vlcproc.lo
In file included from /Users/cam/Documents/Projects/ultima-iv-web/vlc-thumbs/work/upstream/vlc-master-story005/extras/package/macosx/../../../modules/gui/skins2/src/vlcproc.cpp:26:
In file included from ../config.h:896:
In file included from /Users/cam/Documents/Projects/ultima-iv-web/vlc-thumbs/work/upstream/vlc-master-story005/extras/package/macosx/../../../include/vlc_fixups.h:166:
In file included from /Applications/Xcode.app/Contents/Developer/Platforms/MacOSX.platform/Developer/SDKs/MacOSX27.0.sdk/usr/include/c++/v1/stddef.h:30:
In file included from /Applications/Xcode.app/Contents/Developer/Platforms/MacOSX.platform/Developer/SDKs/MacOSX27.0.sdk/usr/include/c++/v1/__config:15:
/Applications/Xcode.app/Contents/Developer/Platforms/MacOSX.platform/Developer/SDKs/MacOSX27.0.sdk/usr/include/c++/v1/__configuration/availability.h:204:4: warning: "The selected platform is no longer supported by libc++." [-W#warnings]
  204 | #  warning "The selected platform is no longer supported by libc++."
      |    ^
1 warning generated.
  CXX      gui/skins2/src/libskins2_plugin_la-vout_window.lo
In file included from /Users/cam/Documents/Projects/ultima-iv-web/vlc-thumbs/work/upstream/vlc-master-story005/extras/package/macosx/../../../modules/gui/skins2/src/vout_window.cpp:23:
In file included from /Users/cam/Documents/Projects/ultima-iv-web/vlc-thumbs/work/upstream/vlc-master-story005/extras/package/macosx/../../../modules/gui/skins2/src/vout_window.hpp:26:
In file included from /Users/cam/Documents/Projects/ultima-iv-web/vlc-thumbs/work/upstream/vlc-master-story005/extras/package/macosx/../../../modules/gui/skins2/src/generic_window.hpp:27:
In file included from /Users/cam/Documents/Projects/ultima-iv-web/vlc-thumbs/work/upstream/vlc-master-story005/extras/package/macosx/../../../modules/gui/skins2/src/skin_common.hpp:28:
In file included from ../config.h:896:
In file included from /Users/cam/Documents/Projects/ultima-iv-web/vlc-thumbs/work/upstream/vlc-master-story005/extras/package/macosx/../../../include/vlc_fixups.h:166:
In file included from /Applications/Xcode.app/Contents/Developer/Platforms/MacOSX.platform/Developer/SDKs/MacOSX27.0.sdk/usr/include/c++/v1/stddef.h:30:
In file included from /Applications/Xcode.app/Contents/Developer/Platforms/MacOSX.platform/Developer/SDKs/MacOSX27.0.sdk/usr/include/c++/v1/__config:15:
/Applications/Xcode.app/Contents/Developer/Platforms/MacOSX.platform/Developer/SDKs/MacOSX27.0.sdk/usr/include/c++/v1/__configuration/availability.h:204:4: warning: "The selected platform is no longer supported by libc++." [-W#warnings]
  204 | #  warning "The selected platform is no longer supported by libc++."
      |    ^
1 warning generated.
  CXX      gui/skins2/src/libskins2_plugin_la-vout_manager.lo
In file included from /Users/cam/Documents/Projects/ultima-iv-web/vlc-thumbs/work/upstream/vlc-master-story005/extras/package/macosx/../../../modules/gui/skins2/src/vout_manager.cpp:24:
In file included from ../config.h:896:
In file included from /Users/cam/Documents/Projects/ultima-iv-web/vlc-thumbs/work/upstream/vlc-master-story005/extras/package/macosx/../../../include/vlc_fixups.h:166:
In file included from /Applications/Xcode.app/Contents/Developer/Platforms/MacOSX.platform/Developer/SDKs/MacOSX27.0.sdk/usr/include/c++/v1/stddef.h:30:
In file included from /Applications/Xcode.app/Contents/Developer/Platforms/MacOSX.platform/Developer/SDKs/MacOSX27.0.sdk/usr/include/c++/v1/__config:15:
/Applications/Xcode.app/Contents/Developer/Platforms/MacOSX.platform/Developer/SDKs/MacOSX27.0.sdk/usr/include/c++/v1/__configuration/availability.h:204:4: warning: "The selected platform is no longer supported by libc++." [-W#warnings]
  204 | #  warning "The selected platform is no longer supported by libc++."
      |    ^
1 warning generated.
  CXX      gui/skins2/src/libskins2_plugin_la-window_manager.lo
In file included from /Users/cam/Documents/Projects/ultima-iv-web/vlc-thumbs/work/upstream/vlc-master-story005/extras/package/macosx/../../../modules/gui/skins2/src/window_manager.cpp:24:
In file included from /Users/cam/Documents/Projects/ultima-iv-web/vlc-thumbs/work/upstream/vlc-master-story005/extras/package/macosx/../../../modules/gui/skins2/src/window_manager.hpp:27:
In file included from /Users/cam/Documents/Projects/ultima-iv-web/vlc-thumbs/work/upstream/vlc-master-story005/extras/package/macosx/../../../modules/gui/skins2/src/skin_common.hpp:28:
In file included from ../config.h:896:
In file included from /Users/cam/Documents/Projects/ultima-iv-web/vlc-thumbs/work/upstream/vlc-master-story005/extras/package/macosx/../../../include/vlc_fixups.h:166:
In file included from /Applications/Xcode.app/Contents/Developer/Platforms/MacOSX.platform/Developer/SDKs/MacOSX27.0.sdk/usr/include/c++/v1/stddef.h:30:
In file included from /Applications/Xcode.app/Contents/Developer/Platforms/MacOSX.platform/Developer/SDKs/MacOSX27.0.sdk/usr/include/c++/v1/__config:15:
/Applications/Xcode.app/Contents/Developer/Platforms/MacOSX.platform/Developer/SDKs/MacOSX27.0.sdk/usr/include/c++/v1/__configuration/availability.h:204:4: warning: "The selected platform is no longer supported by libc++." [-W#warnings]
  204 | #  warning "The selected platform is no longer supported by libc++."
      |    ^
1 warning generated.
  CXX      gui/skins2/utils/libskins2_plugin_la-bezier.lo
In file included from /Users/cam/Documents/Projects/ultima-iv-web/vlc-thumbs/work/upstream/vlc-master-story005/extras/package/macosx/../../../modules/gui/skins2/utils/bezier.cpp:25:
In file included from ../config.h:896:
In file included from /Users/cam/Documents/Projects/ultima-iv-web/vlc-thumbs/work/upstream/vlc-master-story005/extras/package/macosx/../../../include/vlc_fixups.h:166:
In file included from /Applications/Xcode.app/Contents/Developer/Platforms/MacOSX.platform/Developer/SDKs/MacOSX27.0.sdk/usr/include/c++/v1/stddef.h:30:
In file included from /Applications/Xcode.app/Contents/Developer/Platforms/MacOSX.platform/Developer/SDKs/MacOSX27.0.sdk/usr/include/c++/v1/__config:15:
/Applications/Xcode.app/Contents/Developer/Platforms/MacOSX.platform/Developer/SDKs/MacOSX27.0.sdk/usr/include/c++/v1/__configuration/availability.h:204:4: warning: "The selected platform is no longer supported by libc++." [-W#warnings]
  204 | #  warning "The selected platform is no longer supported by libc++."
      |    ^
1 warning generated.
  CXX      gui/skins2/utils/libskins2_plugin_la-fsm.lo
In file included from /Users/cam/Documents/Projects/ultima-iv-web/vlc-thumbs/work/upstream/vlc-master-story005/extras/package/macosx/../../../modules/gui/skins2/utils/fsm.cpp:24:
In file included from /Users/cam/Documents/Projects/ultima-iv-web/vlc-thumbs/work/upstream/vlc-master-story005/extras/package/macosx/../../../modules/gui/skins2/utils/fsm.hpp:27:
In file included from /Users/cam/Documents/Projects/ultima-iv-web/vlc-thumbs/work/upstream/vlc-master-story005/extras/package/macosx/../../../modules/gui/skins2/utils/../src/skin_common.hpp:28:
In file included from ../config.h:896:
In file included from /Users/cam/Documents/Projects/ultima-iv-web/vlc-thumbs/work/upstream/vlc-master-story005/extras/package/macosx/../../../include/vlc_fixups.h:166:
In file included from /Applications/Xcode.app/Contents/Developer/Platforms/MacOSX.platform/Developer/SDKs/MacOSX27.0.sdk/usr/include/c++/v1/stddef.h:30:
In file included from /Applications/Xcode.app/Contents/Developer/Platforms/MacOSX.platform/Developer/SDKs/MacOSX27.0.sdk/usr/include/c++/v1/__config:15:
/Applications/Xcode.app/Contents/Developer/Platforms/MacOSX.platform/Developer/SDKs/MacOSX27.0.sdk/usr/include/c++/v1/__configuration/availability.h:204:4: warning: "The selected platform is no longer supported by libc++." [-W#warnings]
  204 | #  warning "The selected platform is no longer supported by libc++."
      |    ^
1 warning generated.
  CXX      gui/skins2/utils/libskins2_plugin_la-position.lo
In file included from /Users/cam/Documents/Projects/ultima-iv-web/vlc-thumbs/work/upstream/vlc-master-story005/extras/package/macosx/../../../modules/gui/skins2/utils/position.cpp:24:
In file included from /Users/cam/Documents/Projects/ultima-iv-web/vlc-thumbs/work/upstream/vlc-master-story005/extras/package/macosx/../../../modules/gui/skins2/utils/position.hpp:27:
In file included from /Users/cam/Documents/Projects/ultima-iv-web/vlc-thumbs/work/upstream/vlc-master-story005/extras/package/macosx/../../../modules/gui/skins2/utils/variable.hpp:27:
In file included from /Users/cam/Documents/Projects/ultima-iv-web/vlc-thumbs/work/upstream/vlc-master-story005/extras/package/macosx/../../../modules/gui/skins2/utils/../src/skin_common.hpp:28:
In file included from ../config.h:896:
In file included from /Users/cam/Documents/Projects/ultima-iv-web/vlc-thumbs/work/upstream/vlc-master-story005/extras/package/macosx/../../../include/vlc_fixups.h:166:
In file included from /Applications/Xcode.app/Contents/Developer/Platforms/MacOSX.platform/Developer/SDKs/MacOSX27.0.sdk/usr/include/c++/v1/stddef.h:30:
In file included from /Applications/Xcode.app/Contents/Developer/Platforms/MacOSX.platform/Developer/SDKs/MacOSX27.0.sdk/usr/include/c++/v1/__config:15:
/Applications/Xcode.app/Contents/Developer/Platforms/MacOSX.platform/Developer/SDKs/MacOSX27.0.sdk/usr/include/c++/v1/__configuration/availability.h:204:4: warning: "The selected platform is no longer supported by libc++." [-W#warnings]
  204 | #  warning "The selected platform is no longer supported by libc++."
      |    ^
1 warning generated.
  CXX      gui/skins2/utils/libskins2_plugin_la-ustring.lo
In file included from /Users/cam/Documents/Projects/ultima-iv-web/vlc-thumbs/work/upstream/vlc-master-story005/extras/package/macosx/../../../modules/gui/skins2/utils/ustring.cpp:24:
In file included from /Applications/Xcode.app/Contents/Developer/Platforms/MacOSX.platform/Developer/SDKs/MacOSX27.0.sdk/usr/include/c++/v1/sstream:318:
In file included from /Applications/Xcode.app/Contents/Developer/Platforms/MacOSX.platform/Developer/SDKs/MacOSX27.0.sdk/usr/include/c++/v1/__config:15:
/Applications/Xcode.app/Contents/Developer/Platforms/MacOSX.platform/Developer/SDKs/MacOSX27.0.sdk/usr/include/c++/v1/__configuration/availability.h:204:4: warning: "The selected platform is no longer supported by libc++." [-W#warnings]
  204 | #  warning "The selected platform is no longer supported by libc++."
      |    ^
1 warning generated.
  CXX      gui/skins2/utils/libskins2_plugin_la-var_bool.lo
In file included from /Users/cam/Documents/Projects/ultima-iv-web/vlc-thumbs/work/upstream/vlc-master-story005/extras/package/macosx/../../../modules/gui/skins2/utils/var_bool.cpp:24:
In file included from /Users/cam/Documents/Projects/ultima-iv-web/vlc-thumbs/work/upstream/vlc-master-story005/extras/package/macosx/../../../modules/gui/skins2/utils/var_bool.hpp:27:
In file included from /Users/cam/Documents/Projects/ultima-iv-web/vlc-thumbs/work/upstream/vlc-master-story005/extras/package/macosx/../../../modules/gui/skins2/utils/variable.hpp:27:
In file included from /Users/cam/Documents/Projects/ultima-iv-web/vlc-thumbs/work/upstream/vlc-master-story005/extras/package/macosx/../../../modules/gui/skins2/utils/../src/skin_common.hpp:28:
In file included from ../config.h:896:
In file included from /Users/cam/Documents/Projects/ultima-iv-web/vlc-thumbs/work/upstream/vlc-master-story005/extras/package/macosx/../../../include/vlc_fixups.h:166:
In file included from /Applications/Xcode.app/Contents/Developer/Platforms/MacOSX.platform/Developer/SDKs/MacOSX27.0.sdk/usr/include/c++/v1/stddef.h:30:
In file included from /Applications/Xcode.app/Contents/Developer/Platforms/MacOSX.platform/Developer/SDKs/MacOSX27.0.sdk/usr/include/c++/v1/__config:15:
/Applications/Xcode.app/Contents/Developer/Platforms/MacOSX.platform/Developer/SDKs/MacOSX27.0.sdk/usr/include/c++/v1/__configuration/availability.h:204:4: warning: "The selected platform is no longer supported by libc++." [-W#warnings]
  204 | #  warning "The selected platform is no longer supported by libc++."
      |    ^
1 warning generated.
  CXX      gui/skins2/utils/libskins2_plugin_la-var_list.lo
In file included from /Users/cam/Documents/Projects/ultima-iv-web/vlc-thumbs/work/upstream/vlc-master-story005/extras/package/macosx/../../../modules/gui/skins2/utils/var_list.cpp:24:
In file included from /Users/cam/Documents/Projects/ultima-iv-web/vlc-thumbs/work/upstream/vlc-master-story005/extras/package/macosx/../../../modules/gui/skins2/utils/var_list.hpp:27:
In file included from /Applications/Xcode.app/Contents/Developer/Platforms/MacOSX.platform/Developer/SDKs/MacOSX27.0.sdk/usr/include/c++/v1/list:203:
In file included from /Applications/Xcode.app/Contents/Developer/Platforms/MacOSX.platform/Developer/SDKs/MacOSX27.0.sdk/usr/include/c++/v1/__algorithm/comp.h:12:
In file included from /Applications/Xcode.app/Contents/Developer/Platforms/MacOSX.platform/Developer/SDKs/MacOSX27.0.sdk/usr/include/c++/v1/__config:15:
/Applications/Xcode.app/Contents/Developer/Platforms/MacOSX.platform/Developer/SDKs/MacOSX27.0.sdk/usr/include/c++/v1/__configuration/availability.h:204:4: warning: "The selected platform is no longer supported by libc++." [-W#warnings]
  204 | #  warning "The selected platform is no longer supported by libc++."
      |    ^
1 warning generated.
  CXX      gui/skins2/utils/libskins2_plugin_la-var_percent.lo
In file included from /Users/cam/Documents/Projects/ultima-iv-web/vlc-thumbs/work/upstream/vlc-master-story005/extras/package/macosx/../../../modules/gui/skins2/utils/var_percent.cpp:24:
In file included from /Users/cam/Documents/Projects/ultima-iv-web/vlc-thumbs/work/upstream/vlc-master-story005/extras/package/macosx/../../../modules/gui/skins2/utils/var_percent.hpp:27:
In file included from /Users/cam/Documents/Projects/ultima-iv-web/vlc-thumbs/work/upstream/vlc-master-story005/extras/package/macosx/../../../modules/gui/skins2/utils/variable.hpp:27:
In file included from /Users/cam/Documents/Projects/ultima-iv-web/vlc-thumbs/work/upstream/vlc-master-story005/extras/package/macosx/../../../modules/gui/skins2/utils/../src/skin_common.hpp:28:
In file included from ../config.h:896:
In file included from /Users/cam/Documents/Projects/ultima-iv-web/vlc-thumbs/work/upstream/vlc-master-story005/extras/package/macosx/../../../include/vlc_fixups.h:166:
In file included from /Applications/Xcode.app/Contents/Developer/Platforms/MacOSX.platform/Developer/SDKs/MacOSX27.0.sdk/usr/include/c++/v1/stddef.h:30:
In file included from /Applications/Xcode.app/Contents/Developer/Platforms/MacOSX.platform/Developer/SDKs/MacOSX27.0.sdk/usr/include/c++/v1/__config:15:
/Applications/Xcode.app/Contents/Developer/Platforms/MacOSX.platform/Developer/SDKs/MacOSX27.0.sdk/usr/include/c++/v1/__configuration/availability.h:204:4: warning: "The selected platform is no longer supported by libc++." [-W#warnings]
  204 | #  warning "The selected platform is no longer supported by libc++."
      |    ^
1 warning generated.
  CXX      gui/skins2/utils/libskins2_plugin_la-var_text.lo
In file included from /Users/cam/Documents/Projects/ultima-iv-web/vlc-thumbs/work/upstream/vlc-master-story005/extras/package/macosx/../../../modules/gui/skins2/utils/var_text.cpp:24:
In file included from /Users/cam/Documents/Projects/ultima-iv-web/vlc-thumbs/work/upstream/vlc-master-story005/extras/package/macosx/../../../modules/gui/skins2/utils/var_text.hpp:27:
In file included from /Users/cam/Documents/Projects/ultima-iv-web/vlc-thumbs/work/upstream/vlc-master-story005/extras/package/macosx/../../../modules/gui/skins2/utils/variable.hpp:27:
In file included from /Users/cam/Documents/Projects/ultima-iv-web/vlc-thumbs/work/upstream/vlc-master-story005/extras/package/macosx/../../../modules/gui/skins2/utils/../src/skin_common.hpp:28:
In file included from ../config.h:896:
In file included from /Users/cam/Documents/Projects/ultima-iv-web/vlc-thumbs/work/upstream/vlc-master-story005/extras/package/macosx/../../../include/vlc_fixups.h:166:
In file included from /Applications/Xcode.app/Contents/Developer/Platforms/MacOSX.platform/Developer/SDKs/MacOSX27.0.sdk/usr/include/c++/v1/stddef.h:30:
In file included from /Applications/Xcode.app/Contents/Developer/Platforms/MacOSX.platform/Developer/SDKs/MacOSX27.0.sdk/usr/include/c++/v1/__config:15:
/Applications/Xcode.app/Contents/Developer/Platforms/MacOSX.platform/Developer/SDKs/MacOSX27.0.sdk/usr/include/c++/v1/__configuration/availability.h:204:4: warning: "The selected platform is no longer supported by libc++." [-W#warnings]
  204 | #  warning "The selected platform is no longer supported by libc++."
      |    ^
1 warning generated.
  CXX      gui/skins2/utils/libskins2_plugin_la-var_string.lo
In file included from /Users/cam/Documents/Projects/ultima-iv-web/vlc-thumbs/work/upstream/vlc-master-story005/extras/package/macosx/../../../modules/gui/skins2/utils/var_string.cpp:23:
In file included from /Users/cam/Documents/Projects/ultima-iv-web/vlc-thumbs/work/upstream/vlc-master-story005/extras/package/macosx/../../../modules/gui/skins2/utils/var_string.hpp:26:
In file included from /Users/cam/Documents/Projects/ultima-iv-web/vlc-thumbs/work/upstream/vlc-master-story005/extras/package/macosx/../../../modules/gui/skins2/utils/variable.hpp:27:
In file included from /Users/cam/Documents/Projects/ultima-iv-web/vlc-thumbs/work/upstream/vlc-master-story005/extras/package/macosx/../../../modules/gui/skins2/utils/../src/skin_common.hpp:28:
In file included from ../config.h:896:
In file included from /Users/cam/Documents/Projects/ultima-iv-web/vlc-thumbs/work/upstream/vlc-master-story005/extras/package/macosx/../../../include/vlc_fixups.h:166:
In file included from /Applications/Xcode.app/Contents/Developer/Platforms/MacOSX.platform/Developer/SDKs/MacOSX27.0.sdk/usr/include/c++/v1/stddef.h:30:
In file included from /Applications/Xcode.app/Contents/Developer/Platforms/MacOSX.platform/Developer/SDKs/MacOSX27.0.sdk/usr/include/c++/v1/__config:15:
/Applications/Xcode.app/Contents/Developer/Platforms/MacOSX.platform/Developer/SDKs/MacOSX27.0.sdk/usr/include/c++/v1/__configuration/availability.h:204:4: warning: "The selected platform is no longer supported by libc++." [-W#warnings]
  204 | #  warning "The selected platform is no longer supported by libc++."
      |    ^
1 warning generated.
1 warning generated.
  CXX      gui/skins2/utils/libskins2_plugin_la-var_tree.lo
  CXX      gui/skins2/vars/libskins2_plugin_la-equalizer.lo
In file included from /Users/cam/Documents/Projects/ultima-iv-web/vlc-thumbs/work/upstream/vlc-master-story005/extras/package/macosx/../../../modules/gui/skins2/utils/var_tree.cpp:25:
In file included from /Users/cam/Documents/Projects/ultima-iv-web/vlc-thumbs/work/upstream/vlc-master-story005/extras/package/macosx/../../../modules/gui/skins2/utils/var_tree.hpp:27:
In file included from /Applications/Xcode.app/Contents/Developer/Platforms/MacOSX.platform/Developer/SDKs/MacOSX27.0.sdk/usr/include/c++/v1/list:203:
In file included from /Applications/Xcode.app/Contents/Developer/Platforms/MacOSX.platform/Developer/SDKs/MacOSX27.0.sdk/usr/include/c++/v1/__algorithm/comp.h:12:
In file included from /Applications/Xcode.app/Contents/Developer/Platforms/MacOSX.platform/Developer/SDKs/MacOSX27.0.sdk/usr/include/c++/v1/__config:15:
/Applications/Xcode.app/Contents/Developer/Platforms/MacOSX.platform/Developer/SDKs/MacOSX27.0.sdk/usr/include/c++/v1/__configuration/availability.h:204:4: warning: "The selected platform is no longer supported by libc++." [-W#warnings]
  204 | #  warning "The selected platform is no longer supported by libc++."
      |    ^
In file included from /Users/cam/Documents/Projects/ultima-iv-web/vlc-thumbs/work/upstream/vlc-master-story005/extras/package/macosx/../../../modules/gui/skins2/vars/equalizer.cpp:24:
In file included from ../config.h:896:
In file included from /Users/cam/Documents/Projects/ultima-iv-web/vlc-thumbs/work/upstream/vlc-master-story005/extras/package/macosx/../../../include/vlc_fixups.h:166:
In file included from /Applications/Xcode.app/Contents/Developer/Platforms/MacOSX.platform/Developer/SDKs/MacOSX27.0.sdk/usr/include/c++/v1/stddef.h:30:
In file included from /Applications/Xcode.app/Contents/Developer/Platforms/MacOSX.platform/Developer/SDKs/MacOSX27.0.sdk/usr/include/c++/v1/__config:15:
/Applications/Xcode.app/Contents/Developer/Platforms/MacOSX.platform/Developer/SDKs/MacOSX27.0.sdk/usr/include/c++/v1/__configuration/availability.h:204:4: warning: "The selected platform is no longer supported by libc++." [-W#warnings]
  204 | #  warning "The selected platform is no longer supported by libc++."
      |    ^
1 warning generated.
  CXX      gui/skins2/vars/libskins2_plugin_la-playtree.lo
In file included from /Users/cam/Documents/Projects/ultima-iv-web/vlc-thumbs/work/upstream/vlc-master-story005/extras/package/macosx/../../../modules/gui/skins2/vars/playtree.cpp:26:
In file included from ../config.h:896:
In file included from /Users/cam/Documents/Projects/ultima-iv-web/vlc-thumbs/work/upstream/vlc-master-story005/extras/package/macosx/../../../include/vlc_fixups.h:166:
In file included from /Applications/Xcode.app/Contents/Developer/Platforms/MacOSX.platform/Developer/SDKs/MacOSX27.0.sdk/usr/include/c++/v1/stddef.h:30:
In file included from /Applications/Xcode.app/Contents/Developer/Platforms/MacOSX.platform/Developer/SDKs/MacOSX27.0.sdk/usr/include/c++/v1/__config:15:
/Applications/Xcode.app/Contents/Developer/Platforms/MacOSX.platform/Developer/SDKs/MacOSX27.0.sdk/usr/include/c++/v1/__configuration/availability.h:204:4: warning: "The selected platform is no longer supported by libc++." [-W#warnings]
  204 | #  warning "The selected platform is no longer supported by libc++."
      |    ^
1 warning generated.
  CXX      gui/skins2/vars/libskins2_plugin_la-time.lo
In file included from /Users/cam/Documents/Projects/ultima-iv-web/vlc-thumbs/work/upstream/vlc-master-story005/extras/package/macosx/../../../modules/gui/skins2/vars/time.cpp:24:
In file included from /Users/cam/Documents/Projects/ultima-iv-web/vlc-thumbs/work/upstream/vlc-master-story005/extras/package/macosx/../../../modules/gui/skins2/vars/time.hpp:27:
In file included from /Users/cam/Documents/Projects/ultima-iv-web/vlc-thumbs/work/upstream/vlc-master-story005/extras/package/macosx/../../../modules/gui/skins2/vars/../utils/var_percent.hpp:27:
In file included from /Users/cam/Documents/Projects/ultima-iv-web/vlc-thumbs/work/upstream/vlc-master-story005/extras/package/macosx/../../../modules/gui/skins2/vars/../utils/variable.hpp:27:
In file included from /Users/cam/Documents/Projects/ultima-iv-web/vlc-thumbs/work/upstream/vlc-master-story005/extras/package/macosx/../../../modules/gui/skins2/vars/../utils/../src/skin_common.hpp:28:
In file included from ../config.h:896:
In file included from /Users/cam/Documents/Projects/ultima-iv-web/vlc-thumbs/work/upstream/vlc-master-story005/extras/package/macosx/../../../include/vlc_fixups.h:166:
In file included from /Applications/Xcode.app/Contents/Developer/Platforms/MacOSX.platform/Developer/SDKs/MacOSX27.0.sdk/usr/include/c++/v1/stddef.h:30:
In file included from /Applications/Xcode.app/Contents/Developer/Platforms/MacOSX.platform/Developer/SDKs/MacOSX27.0.sdk/usr/include/c++/v1/__config:15:
/Applications/Xcode.app/Contents/Developer/Platforms/MacOSX.platform/Developer/SDKs/MacOSX27.0.sdk/usr/include/c++/v1/__configuration/availability.h:204:4: warning: "The selected platform is no longer supported by libc++." [-W#warnings]
  204 | #  warning "The selected platform is no longer supported by libc++."
      |    ^
1 warning generated.
  CXX      gui/skins2/vars/libskins2_plugin_la-volume.lo
1 warning generated.
  OBJCXX   gui/skins2/macosx/libskins2_plugin_la-macosx_dragdrop.lo
In file included from /Users/cam/Documents/Projects/ultima-iv-web/vlc-thumbs/work/upstream/vlc-master-story005/extras/package/macosx/../../../modules/gui/skins2/vars/volume.cpp:26:
In file included from ../config.h:896:
In file included from /Users/cam/Documents/Projects/ultima-iv-web/vlc-thumbs/work/upstream/vlc-master-story005/extras/package/macosx/../../../include/vlc_fixups.h:166:
In file included from /Applications/Xcode.app/Contents/Developer/Platforms/MacOSX.platform/Developer/SDKs/MacOSX27.0.sdk/usr/include/c++/v1/stddef.h:30:
In file included from /Applications/Xcode.app/Contents/Developer/Platforms/MacOSX.platform/Developer/SDKs/MacOSX27.0.sdk/usr/include/c++/v1/__config:15:
/Applications/Xcode.app/Contents/Developer/Platforms/MacOSX.platform/Developer/SDKs/MacOSX27.0.sdk/usr/include/c++/v1/__configuration/availability.h:204:4: warning: "The selected platform is no longer supported by libc++." [-W#warnings]
  204 | #  warning "The selected platform is no longer supported by libc++."
      |    ^
1 warning generated.
  OBJCXX   gui/skins2/macosx/libskins2_plugin_la-macosx_factory.lo
1 warning generated.
  OBJCXX   gui/skins2/macosx/libskins2_plugin_la-macosx_graphics.lo
1 warning generated.
  OBJCXX   gui/skins2/macosx/libskins2_plugin_la-macosx_loop.lo
  OBJCXX   gui/skins2/macosx/libskins2_plugin_la-macosx_popup.lo
  OBJCXX   gui/skins2/macosx/libskins2_plugin_la-macosx_timer.lo
  OBJCXX   gui/skins2/macosx/libskins2_plugin_la-macosx_tooltip.lo
  OBJCXX   gui/skins2/macosx/libskins2_plugin_la-macosx_window.lo
  OBJC     gui/skins2/macosx/libmacosx_dialogs_plugin_la-macosx_dialogs.lo
  CC       keystore/memory.lo
  CC       keystore/list_util.lo
  CC       keystore/file.lo
  OBJC     keystore/libkeychain_plugin_la-keychain.lo
  CC       logger/console.lo
  CC       logger/file.lo
  CC       logger/syslog.lo
  CC       logger/json.lo
  CC       lua/liblua_plugin_la-extension.lo
  CC       lua/liblua_plugin_la-extension_thread.lo
  CC       lua/liblua_plugin_la-intf.lo
  CC       lua/liblua_plugin_la-meta.lo
  CC       lua/liblua_plugin_la-stream_filter.lo
/Users/cam/Documents/Projects/ultima-iv-web/vlc-thumbs/work/upstream/vlc-master-story005/extras/package/macosx/../../../modules/keystore/keychain.m:193:23: warning: 'kSecAttrAccessibleAlways' is deprecated: first deprecated in macOS 10.14 - Use an accessibility level that provides some user protection, such as kSecAttrAccessibleAfterFirstUnlock [-Wdeprecated-declarations]
  193 |             secattr = kSecAttrAccessibleAlways;
      |                       ^
/Applications/Xcode.app/Contents/Developer/Platforms/MacOSX.platform/Developer/SDKs/MacOSX27.0.sdk/System/Library/Frameworks/Security.framework/Headers/SecItem.h:609:26: note: 'kSecAttrAccessibleAlways' has been explicitly marked deprecated here
  609 | extern const CFStringRef kSecAttrAccessibleAlways
      |                          ^
/Users/cam/Documents/Projects/ultima-iv-web/vlc-thumbs/work/upstream/vlc-master-story005/extras/package/macosx/../../../modules/keystore/keychain.m:199:23: warning: 'kSecAttrAccessibleAlwaysThisDeviceOnly' is deprecated: first deprecated in macOS 10.14 - Use an accessibility level that provides some user protection, such as kSecAttrAccessibleAfterFirstUnlockThisDeviceOnly [-Wdeprecated-declarations]
  199 |             secattr = kSecAttrAccessibleAlwaysThisDeviceOnly;
      |                       ^
/Applications/Xcode.app/Contents/Developer/Platforms/MacOSX.platform/Developer/SDKs/MacOSX27.0.sdk/System/Library/Frameworks/Security.framework/Headers/SecItem.h:617:26: note: 'kSecAttrAccessibleAlwaysThisDeviceOnly' has been explicitly marked deprecated here
  617 | extern const CFStringRef kSecAttrAccessibleAlwaysThisDeviceOnly
      |                          ^
2 warnings generated.
  CC       lua/liblua_plugin_la-services_discovery.lo
  CC       lua/liblua_plugin_la-vlc.lo
  CC       lua/libs/liblua_plugin_la-configuration.lo
  CC       lua/libs/liblua_plugin_la-equalizer.lo
  CC       lua/libs/liblua_plugin_la-gettext.lo
  CC       lua/libs/liblua_plugin_la-dialog.lo
  CC       lua/libs/liblua_plugin_la-httpd.lo
  CC       lua/libs/liblua_plugin_la-input.lo
  CC       lua/libs/liblua_plugin_la-messages.lo
  CC       lua/libs/liblua_plugin_la-misc.lo
  CC       lua/libs/liblua_plugin_la-net.lo
  CC       lua/libs/liblua_plugin_la-objects.lo
  CC       lua/libs/liblua_plugin_la-osd.lo
  CC       lua/libs/liblua_plugin_la-playlist.lo
  CC       lua/libs/liblua_plugin_la-sd.lo
  CC       lua/libs/liblua_plugin_la-stream.lo
  CC       lua/libs/liblua_plugin_la-strings.lo
  CC       lua/libs/liblua_plugin_la-tcp.lo
  CC       lua/libs/liblua_plugin_la-variables.lo
  CC       lua/libs/liblua_plugin_la-video.lo
  CC       lua/libs/liblua_plugin_la-vlm.lo
  CC       lua/libs/liblua_plugin_la-volume.lo
  CC       lua/libs/liblua_plugin_la-xml.lo
  CC       lua/libs/liblua_plugin_la-io.lo
  CC       lua/libs/liblua_plugin_la-errno.lo
  CC       lua/libs/liblua_plugin_la-rand.lo
  CC       lua/libs/liblua_plugin_la-renderers.lo
  CC       lua/libs/liblua_plugin_la-medialibrary.lo
  CC       meta_engine/folder.lo
  CXX      meta_engine/libtaglib_plugin_la-taglib.lo
In file included from /Users/cam/Documents/Projects/ultima-iv-web/vlc-thumbs/work/upstream/vlc-master-story005/extras/package/macosx/../../../modules/meta_engine/taglib.cpp:26:
In file included from ../config.h:896:
In file included from /Users/cam/Documents/Projects/ultima-iv-web/vlc-thumbs/work/upstream/vlc-master-story005/extras/package/macosx/../../../include/vlc_fixups.h:166:
In file included from /Applications/Xcode.app/Contents/Developer/Platforms/MacOSX.platform/Developer/SDKs/MacOSX27.0.sdk/usr/include/c++/v1/stddef.h:30:
In file included from /Applications/Xcode.app/Contents/Developer/Platforms/MacOSX.platform/Developer/SDKs/MacOSX27.0.sdk/usr/include/c++/v1/__config:15:
/Applications/Xcode.app/Contents/Developer/Platforms/MacOSX.platform/Developer/SDKs/MacOSX27.0.sdk/usr/include/c++/v1/__configuration/availability.h:204:4: warning: "The selected platform is no longer supported by libc++." [-W#warnings]
  204 | #  warning "The selected platform is no longer supported by libc++."
      |    ^
  CC       misc/stats.lo
  CC       misc/audioscrobbler.lo
  CC       misc/playlist/html.lo
  CC       misc/playlist/m3u.lo
  CC       misc/playlist/xspf.lo
  CC       misc/playlist/export.lo
  CCLD     libsecuretransport_plugin.la
  CCLD     libgnutls_plugin.la
  CC       misc/inhibit/iokit-inhibit.lo
  CC       misc/addons/vorepository.lo
/Users/cam/Documents/Projects/ultima-iv-web/vlc-thumbs/work/upstream/vlc-master-story005/extras/package/macosx/../../../modules/misc/addons/vorepository.c:401:37: warning: 'tempnam' is deprecated: This function is provided for compatibility reasons only.  Due to security concerns inherent in the design of tempnam(3), it is highly recommended that you use mkstemp(3) instead. [-Wdeprecated-declarations]
  401 |     p_finder->p_sys->psz_tempfile = tempnam( NULL, "vlp" );
      |                                     ^
/Applications/Xcode.app/Contents/Developer/Platforms/MacOSX.platform/Developer/SDKs/MacOSX27.0.sdk/usr/include/_stdio.h:407:1: note: 'tempnam' has been explicitly marked deprecated here
  407 | __deprecated_msg("This function is provided for compatibility reasons only.  Due to security concerns inherent in the design of tempnam(3), it is highly recommended that you use mkstemp(3) instead.")
      | ^
/Applications/Xcode.app/Contents/Developer/Platforms/MacOSX.platform/Developer/SDKs/MacOSX27.0.sdk/usr/include/sys/cdefs.h:227:48: note: expanded from macro '__deprecated_msg'
  227 |         #define __deprecated_msg(_msg) __attribute__((__deprecated__(_msg)))
      |                                                       ^
In file included from /Users/cam/Documents/Projects/ultima-iv-web/vlc-thumbs/work/upstream/vlc-master-story005/extras/package/macosx/../../../modules/meta_engine/taglib.cpp:81:
/Users/cam/Documents/Projects/ultima-iv-web/vlc-thumbs/work/upstream/vlc-master-story005/extras/package/macosx/../../../modules/meta_engine/ID3Pictures.h:53:5: warning: array designators are a C99 extension [-Wc99-designator]
   53 |     [ID3_PICTURE_OTHER]                 = 0,
      |     ^~~~~~~~~~~~~~~~~~~
1 warning generated.
  CC       misc/addons/fsstorage.lo
  CC       misc/xml/libxml_plugin_la-libxml.lo
  CXX      misc/medialibrary/libmedialibrary_plugin_la-medialibrary.lo
  CXX      misc/medialibrary/libmedialibrary_plugin_la-MetadataExtractor.lo
  CXX      misc/medialibrary/libmedialibrary_plugin_la-entities.lo
In file included from /Users/cam/Documents/Projects/ultima-iv-web/vlc-thumbs/work/upstream/vlc-master-story005/extras/package/macosx/../../../modules/misc/medialibrary/medialibrary.cpp:22:
In file included from ../config.h:896:
In file included from /Users/cam/Documents/Projects/ultima-iv-web/vlc-thumbs/work/upstream/vlc-master-story005/extras/package/macosx/../../../include/vlc_fixups.h:166:
In file included from /Applications/Xcode.app/Contents/Developer/Platforms/MacOSX.platform/Developer/SDKs/MacOSX27.0.sdk/usr/include/c++/v1/stddef.h:30:
In file included from /Applications/Xcode.app/Contents/Developer/Platforms/MacOSX.platform/Developer/SDKs/MacOSX27.0.sdk/usr/include/c++/v1/__config:15:
/Applications/Xcode.app/Contents/Developer/Platforms/MacOSX.platform/Developer/SDKs/MacOSX27.0.sdk/usr/include/c++/v1/__configuration/availability.h:204:4: warning: "The selected platform is no longer supported by libc++." [-W#warnings]
  204 | #  warning "The selected platform is no longer supported by libc++."
      |    ^
In file included from /Users/cam/Documents/Projects/ultima-iv-web/vlc-thumbs/work/upstream/vlc-master-story005/extras/package/macosx/../../../modules/misc/medialibrary/MetadataExtractor.cpp:22:
In file included from ../config.h:896:
In file included from /Users/cam/Documents/Projects/ultima-iv-web/vlc-thumbs/work/upstream/vlc-master-story005/extras/package/macosx/../../../include/vlc_fixups.h:166:
In file included from /Applications/Xcode.app/Contents/Developer/Platforms/MacOSX.platform/Developer/SDKs/MacOSX27.0.sdk/usr/include/c++/v1/stddef.h:30:
In file included from /Applications/Xcode.app/Contents/Developer/Platforms/MacOSX.platform/Developer/SDKs/MacOSX27.0.sdk/usr/include/c++/v1/__config:15:
/Applications/Xcode.app/Contents/Developer/Platforms/MacOSX.platform/Developer/SDKs/MacOSX27.0.sdk/usr/include/c++/v1/__configuration/availability.h:204:4: warning: "The selected platform is no longer supported by libc++." [-W#warnings]
  204 | #  warning "The selected platform is no longer supported by libc++."
      |    ^
In file included from /Users/cam/Documents/Projects/ultima-iv-web/vlc-thumbs/work/upstream/vlc-master-story005/extras/package/macosx/../../../modules/misc/medialibrary/entities.cpp:22:
In file included from ../config.h:896:
In file included from /Users/cam/Documents/Projects/ultima-iv-web/vlc-thumbs/work/upstream/vlc-master-story005/extras/package/macosx/../../../include/vlc_fixups.h:166:
In file included from /Applications/Xcode.app/Contents/Developer/Platforms/MacOSX.platform/Developer/SDKs/MacOSX27.0.sdk/usr/include/c++/v1/stddef.h:30:
In file included from /Applications/Xcode.app/Contents/Developer/Platforms/MacOSX.platform/Developer/SDKs/MacOSX27.0.sdk/usr/include/c++/v1/__config:15:
/Applications/Xcode.app/Contents/Developer/Platforms/MacOSX.platform/Developer/SDKs/MacOSX27.0.sdk/usr/include/c++/v1/__configuration/availability.h:204:4: warning: "The selected platform is no longer supported by libc++." [-W#warnings]
  204 | #  warning "The selected platform is no longer supported by libc++."
      |    ^
2 warnings generated.
  CXX      misc/medialibrary/libmedialibrary_plugin_la-Thumbnailer.lo
1 warning generated.
  CXX      misc/medialibrary/fs/libmedialibrary_plugin_la-device.lo
In file included from /Users/cam/Documents/Projects/ultima-iv-web/vlc-thumbs/work/upstream/vlc-master-story005/extras/package/macosx/../../../modules/misc/medialibrary/Thumbnailer.cpp:22:
In file included from ../config.h:896:
In file included from /Users/cam/Documents/Projects/ultima-iv-web/vlc-thumbs/work/upstream/vlc-master-story005/extras/package/macosx/../../../include/vlc_fixups.h:166:
In file included from /Applications/Xcode.app/Contents/Developer/Platforms/MacOSX.platform/Developer/SDKs/MacOSX27.0.sdk/usr/include/c++/v1/stddef.h:30:
In file included from /Applications/Xcode.app/Contents/Developer/Platforms/MacOSX.platform/Developer/SDKs/MacOSX27.0.sdk/usr/include/c++/v1/__config:15:
/Applications/Xcode.app/Contents/Developer/Platforms/MacOSX.platform/Developer/SDKs/MacOSX27.0.sdk/usr/include/c++/v1/__configuration/availability.h:204:4: warning: "The selected platform is no longer supported by libc++." [-W#warnings]
  204 | #  warning "The selected platform is no longer supported by libc++."
      |    ^
In file included from /Users/cam/Documents/Projects/ultima-iv-web/vlc-thumbs/work/upstream/vlc-master-story005/extras/package/macosx/../../../modules/misc/medialibrary/fs/device.cpp:22:
In file included from ../config.h:896:
In file included from /Users/cam/Documents/Projects/ultima-iv-web/vlc-thumbs/work/upstream/vlc-master-story005/extras/package/macosx/../../../include/vlc_fixups.h:166:
In file included from /Applications/Xcode.app/Contents/Developer/Platforms/MacOSX.platform/Developer/SDKs/MacOSX27.0.sdk/usr/include/c++/v1/stddef.h:30:
In file included from /Applications/Xcode.app/Contents/Developer/Platforms/MacOSX.platform/Developer/SDKs/MacOSX27.0.sdk/usr/include/c++/v1/__config:15:
/Applications/Xcode.app/Contents/Developer/Platforms/MacOSX.platform/Developer/SDKs/MacOSX27.0.sdk/usr/include/c++/v1/__configuration/availability.h:204:4: warning: "The selected platform is no longer supported by libc++." [-W#warnings]
  204 | #  warning "The selected platform is no longer supported by libc++."
      |    ^
1 warning generated.
  CXX      misc/medialibrary/fs/libmedialibrary_plugin_la-directory.lo
In file included from /Users/cam/Documents/Projects/ultima-iv-web/vlc-thumbs/work/upstream/vlc-master-story005/extras/package/macosx/../../../modules/misc/medialibrary/fs/directory.cpp:22:
In file included from ../config.h:896:
In file included from /Users/cam/Documents/Projects/ultima-iv-web/vlc-thumbs/work/upstream/vlc-master-story005/extras/package/macosx/../../../include/vlc_fixups.h:166:
In file included from /Applications/Xcode.app/Contents/Developer/Platforms/MacOSX.platform/Developer/SDKs/MacOSX27.0.sdk/usr/include/c++/v1/stddef.h:30:
In file included from /Applications/Xcode.app/Contents/Developer/Platforms/MacOSX.platform/Developer/SDKs/MacOSX27.0.sdk/usr/include/c++/v1/__config:15:
/Applications/Xcode.app/Contents/Developer/Platforms/MacOSX.platform/Developer/SDKs/MacOSX27.0.sdk/usr/include/c++/v1/__configuration/availability.h:204:4: warning: "The selected platform is no longer supported by libc++." [-W#warnings]
  204 | #  warning "The selected platform is no longer supported by libc++."
      |    ^
1 warning generated.
  CXX      misc/medialibrary/fs/libmedialibrary_plugin_la-file.lo
In file included from /Users/cam/Documents/Projects/ultima-iv-web/vlc-thumbs/work/upstream/vlc-master-story005/extras/package/macosx/../../../modules/misc/medialibrary/fs/file.cpp:22:
In file included from ../config.h:896:
In file included from /Users/cam/Documents/Projects/ultima-iv-web/vlc-thumbs/work/upstream/vlc-master-story005/extras/package/macosx/../../../include/vlc_fixups.h:166:
In file included from /Applications/Xcode.app/Contents/Developer/Platforms/MacOSX.platform/Developer/SDKs/MacOSX27.0.sdk/usr/include/c++/v1/stddef.h:30:
In file included from /Applications/Xcode.app/Contents/Developer/Platforms/MacOSX.platform/Developer/SDKs/MacOSX27.0.sdk/usr/include/c++/v1/__config:15:
/Applications/Xcode.app/Contents/Developer/Platforms/MacOSX.platform/Developer/SDKs/MacOSX27.0.sdk/usr/include/c++/v1/__configuration/availability.h:204:4: warning: "The selected platform is no longer supported by libc++." [-W#warnings]
  204 | #  warning "The selected platform is no longer supported by libc++."
      |    ^
1 warning generated.
  CXX      misc/medialibrary/fs/libmedialibrary_plugin_la-fs.lo
In file included from /Users/cam/Documents/Projects/ultima-iv-web/vlc-thumbs/work/upstream/vlc-master-story005/extras/package/macosx/../../../modules/misc/medialibrary/fs/fs.cpp:22:
In file included from ../config.h:896:
In file included from /Users/cam/Documents/Projects/ultima-iv-web/vlc-thumbs/work/upstream/vlc-master-story005/extras/package/macosx/../../../include/vlc_fixups.h:166:
In file included from /Applications/Xcode.app/Contents/Developer/Platforms/MacOSX.platform/Developer/SDKs/MacOSX27.0.sdk/usr/include/c++/v1/stddef.h:30:
In file included from /Applications/Xcode.app/Contents/Developer/Platforms/MacOSX.platform/Developer/SDKs/MacOSX27.0.sdk/usr/include/c++/v1/__config:15:
/Applications/Xcode.app/Contents/Developer/Platforms/MacOSX.platform/Developer/SDKs/MacOSX27.0.sdk/usr/include/c++/v1/__configuration/availability.h:204:4: warning: "The selected platform is no longer supported by libc++." [-W#warnings]
  204 | #  warning "The selected platform is no longer supported by libc++."
      |    ^
1 warning generated.
1 warning generated.
  CXX      misc/medialibrary/fs/libmedialibrary_plugin_la-devicelister.lo
  CXX      misc/medialibrary/fs/libmedialibrary_plugin_la-util.lo
In file included from /Users/cam/Documents/Projects/ultima-iv-web/vlc-thumbs/work/upstream/vlc-master-story005/extras/package/macosx/../../../modules/misc/medialibrary/fs/devicelister.cpp:22:
In file included from ../config.h:896:
In file included from /Users/cam/Documents/Projects/ultima-iv-web/vlc-thumbs/work/upstream/vlc-master-story005/extras/package/macosx/../../../include/vlc_fixups.h:166:
In file included from /Applications/Xcode.app/Contents/Developer/Platforms/MacOSX.platform/Developer/SDKs/MacOSX27.0.sdk/usr/include/c++/v1/stddef.h:30:
In file included from /Applications/Xcode.app/Contents/Developer/Platforms/MacOSX.platform/Developer/SDKs/MacOSX27.0.sdk/usr/include/c++/v1/__config:15:
/Applications/Xcode.app/Contents/Developer/Platforms/MacOSX.platform/Developer/SDKs/MacOSX27.0.sdk/usr/include/c++/v1/__configuration/availability.h:204:4: warning: "The selected platform is no longer supported by libc++." [-W#warnings]
  204 | #  warning "The selected platform is no longer supported by libc++."
      |    ^
In file included from /Users/cam/Documents/Projects/ultima-iv-web/vlc-thumbs/work/upstream/vlc-master-story005/extras/package/macosx/../../../modules/misc/medialibrary/fs/util.cpp:20:
In file included from ../config.h:896:
In file included from /Users/cam/Documents/Projects/ultima-iv-web/vlc-thumbs/work/upstream/vlc-master-story005/extras/package/macosx/../../../include/vlc_fixups.h:166:
In file included from /Applications/Xcode.app/Contents/Developer/Platforms/MacOSX.platform/Developer/SDKs/MacOSX27.0.sdk/usr/include/c++/v1/stddef.h:30:
In file included from /Applications/Xcode.app/Contents/Developer/Platforms/MacOSX.platform/Developer/SDKs/MacOSX27.0.sdk/usr/include/c++/v1/__config:15:
/Applications/Xcode.app/Contents/Developer/Platforms/MacOSX.platform/Developer/SDKs/MacOSX27.0.sdk/usr/include/c++/v1/__configuration/availability.h:204:4: warning: "The selected platform is no longer supported by libc++." [-W#warnings]
  204 | #  warning "The selected platform is no longer supported by libc++."
      |    ^
1 warning generated.
  CC       misc/preparser_serializer/json/libpreparserserializer_json_plugin_la-serializer.lo
1 warning generated.
  CC       misc/preparser_serializer/json/libpreparserserializer_json_plugin_la-fromjson.lo
1 warning generated.
  CC       misc/preparser_serializer/json/libpreparserserializer_json_plugin_la-tojson.lo
  CCLD     libmux_dummy_plugin.la
1 warning generated.
  CCLD     libmux_asf_plugin.la
  CCLD     libmux_avi_plugin.la
  CCLD     libmux_mp4_plugin.la
  CCLD     libmux_mpjpeg_plugin.la
  CCLD     libmux_ps_plugin.la
  CCLD     libmux_wav_plugin.la
  CCLD     libmux_ogg_plugin.la
  CCLD     libmux_ts_plugin.la
  CCLD     libvlc_motion.la
  CC       video_filter/deinterlace/common.lo
  CC       video_output/libplacebo/libplacebo_utils_la-utils.lo
  CC       video_output/opengl/libvlc_opengl_la-filter.lo
  CC       video_output/opengl/libvlc_opengl_la-filters.lo
  CC       video_output/opengl/libvlc_opengl_la-gl_api.lo
  CC       video_output/opengl/libvlc_opengl_la-gl_util.lo
  CC       video_output/opengl/libvlc_opengl_la-importer.lo
  CC       video_output/opengl/libvlc_opengl_la-interop.lo
  CC       video_output/opengl/libvlc_opengl_la-sampler_loader.lo
  CCLD     libhxxxhelper_testdec_plugin.la
  CCLD     libdemux_mock_plugin.la
  OBJC     notify/libosx_notifications_plugin_la-osx_notifications.lo
  CCLD     libpacketizer_av1_plugin.la
  CCLD     libpacketizer_mpegvideo_plugin.la
  CCLD     libpacketizer_mpeg4video_plugin.la
  CCLD     libpacketizer_mjpeg_plugin.la
  CCLD     libpacketizer_mpeg4audio_plugin.la
  CCLD     libpacketizer_mpegaudio_plugin.la
/Users/cam/Documents/Projects/ultima-iv-web/vlc-thumbs/work/upstream/vlc-master-story005/extras/package/macosx/../../../modules/notify/osx_notifications.m:48:5: warning: 'NSUserNotification' is deprecated: first deprecated in macOS 11.0 - All NSUserNotifications API should be replaced with UserNotifications.frameworks API [-Wdeprecated-declarations]
   48 |     NSUserNotification * _Nullable _lastNotification;
      |     ^
/Applications/Xcode.app/Contents/Developer/Platforms/MacOSX.platform/Developer/SDKs/MacOSX27.0.sdk/System/Library/Frameworks/Foundation.framework/Headers/NSUserNotification.h:40:12: note: 'NSUserNotification' has been explicitly marked deprecated here
   40 | @interface NSUserNotification : NSObject <NSCopying> {
      |            ^
/Users/cam/Documents/Projects/ultima-iv-web/vlc-thumbs/work/upstream/vlc-master-story005/extras/package/macosx/../../../modules/notify/osx_notifications.m:77:52: warning: unused parameter 'player' [-Wunused-parameter]
   77 | static void on_current_media_changed(vlc_player_t *player,
      |                                                    ^
/Users/cam/Documents/Projects/ultima-iv-web/vlc-thumbs/work/upstream/vlc-master-story005/extras/package/macosx/../../../modules/notify/osx_notifications.m:128:34: warning: variable 'notificationDelegate' set but not used [-Wunused-but-set-variable]
  128 |         VLCNotificationDelegate *notificationDelegate =
      |                                  ^
/Users/cam/Documents/Projects/ultima-iv-web/vlc-thumbs/work/upstream/vlc-master-story005/extras/package/macosx/../../../modules/notify/osx_notifications.m:262:33: warning: 'NSUserNotificationCenter' is deprecated: first deprecated in macOS 11.0 - All NSUserNotifications API should be replaced with UserNotifications.frameworks API [-Wdeprecated-declarations]
  262 | - (void)userNotificationCenter:(NSUserNotificationCenter *)center
      |                                 ^
/Applications/Xcode.app/Contents/Developer/Platforms/MacOSX.platform/Developer/SDKs/MacOSX27.0.sdk/System/Library/Frameworks/Foundation.framework/Headers/NSUserNotification.h:231:12: note: 'NSUserNotificationCenter' has been explicitly marked deprecated here
  231 | @interface NSUserNotificationCenter : NSObject {
      |            ^
/Users/cam/Documents/Projects/ultima-iv-web/vlc-thumbs/work/upstream/vlc-master-story005/extras/package/macosx/../../../modules/notify/osx_notifications.m:263:33: warning: 'NSUserNotification' is deprecated: first deprecated in macOS 11.0 - All NSUserNotifications API should be replaced with UserNotifications.frameworks API [-Wdeprecated-declarations]
  263 |        didActivateNotification:(NSUserNotification *)notification
      |                                 ^
/Applications/Xcode.app/Contents/Developer/Platforms/MacOSX.platform/Developer/SDKs/MacOSX27.0.sdk/System/Library/Frameworks/Foundation.framework/Headers/NSUserNotification.h:40:12: note: 'NSUserNotification' has been explicitly marked deprecated here
   40 | @interface NSUserNotification : NSObject <NSCopying> {
      |            ^
/Users/cam/Documents/Projects/ultima-iv-web/vlc-thumbs/work/upstream/vlc-master-story005/extras/package/macosx/../../../modules/notify/osx_notifications.m:277:33: warning: 'NSUserNotificationCenter' is deprecated: first deprecated in macOS 11.0 - All NSUserNotifications API should be replaced with UserNotifications.frameworks API [-Wdeprecated-declarations]
  277 | - (void)userNotificationCenter:(NSUserNotificationCenter *)center
      |                                 ^
/Applications/Xcode.app/Contents/Developer/Platforms/MacOSX.platform/Developer/SDKs/MacOSX27.0.sdk/System/Library/Frameworks/Foundation.framework/Headers/NSUserNotification.h:231:12: note: 'NSUserNotificationCenter' has been explicitly marked deprecated here
  231 | @interface NSUserNotificationCenter : NSObject {
      |            ^
/Users/cam/Documents/Projects/ultima-iv-web/vlc-thumbs/work/upstream/vlc-master-story005/extras/package/macosx/../../../modules/notify/osx_notifications.m:278:33: warning: 'NSUserNotification' is deprecated: first deprecated in macOS 11.0 - All NSUserNotifications API should be replaced with UserNotifications.frameworks API [-Wdeprecated-declarations]
  278 |         didDeliverNotification:(NSUserNotification *)notification
      |                                 ^
/Applications/Xcode.app/Contents/Developer/Platforms/MacOSX.platform/Developer/SDKs/MacOSX27.0.sdk/System/Library/Frameworks/Foundation.framework/Headers/NSUserNotification.h:40:12: note: 'NSUserNotification' has been explicitly marked deprecated here
   40 | @interface NSUserNotification : NSObject <NSCopying> {
      |            ^
/Users/cam/Documents/Projects/ultima-iv-web/vlc-thumbs/work/upstream/vlc-master-story005/extras/package/macosx/../../../modules/notify/osx_notifications.m:184:36: warning: 'NSUserNotificationCenter' is deprecated: first deprecated in macOS 11.0 - All NSUserNotifications API should be replaced with UserNotifications.frameworks API [-Wdeprecated-declarations]
  184 |         [[NSUserNotificationCenter defaultUserNotificationCenter] setDelegate:self];
      |                                    ^
/Applications/Xcode.app/Contents/Developer/Platforms/MacOSX.platform/Developer/SDKs/MacOSX27.0.sdk/System/Library/Frameworks/Foundation.framework/Headers/NSUserNotification.h:231:12: note: 'NSUserNotificationCenter' has been explicitly marked deprecated here
  231 | @interface NSUserNotificationCenter : NSObject {
      |            ^
/Users/cam/Documents/Projects/ultima-iv-web/vlc-thumbs/work/upstream/vlc-master-story005/extras/package/macosx/../../../modules/notify/osx_notifications.m:196:36: warning: 'NSUserNotificationCenter' is deprecated: first deprecated in macOS 11.0 - All NSUserNotifications API should be replaced with UserNotifications.frameworks API [-Wdeprecated-declarations]
  196 |         [[NSUserNotificationCenter defaultUserNotificationCenter]
      |                                    ^
/Applications/Xcode.app/Contents/Developer/Platforms/MacOSX.platform/Developer/SDKs/MacOSX27.0.sdk/System/Library/Frameworks/Foundation.framework/Headers/NSUserNotification.h:231:12: note: 'NSUserNotificationCenter' has been explicitly marked deprecated here
  231 | @interface NSUserNotificationCenter : NSObject {
      |            ^
/Users/cam/Documents/Projects/ultima-iv-web/vlc-thumbs/work/upstream/vlc-master-story005/extras/package/macosx/../../../modules/notify/osx_notifications.m:266:40: warning: 'NSUserNotificationActivationTypeActionButtonClicked' is deprecated: first deprecated in macOS 11.0 - All NSUserNotifications API should be replaced with UserNotifications.frameworks API [-Wdeprecated-declarations]
  266 |     if (notification.activationType == NSUserNotificationActivationTypeActionButtonClicked) {
      |                                        ^
/Applications/Xcode.app/Contents/Developer/Platforms/MacOSX.platform/Developer/SDKs/MacOSX27.0.sdk/System/Library/Frameworks/Foundation.framework/Headers/NSUserNotification.h:15:28: note: 'NSUserNotificationActivationType' has been explicitly marked deprecated here
   15 | typedef NS_ENUM(NSInteger, NSUserNotificationActivationType) {
      |                            ^
/Users/cam/Documents/Projects/ultima-iv-web/vlc-thumbs/work/upstream/vlc-master-story005/extras/package/macosx/../../../modules/notify/osx_notifications.m:302:5: warning: 'NSUserNotification' is deprecated: first deprecated in macOS 11.0 - All NSUserNotifications API should be replaced with UserNotifications.frameworks API [-Wdeprecated-declarations]
  302 |     NSUserNotification *notification = [NSUserNotification new];
      |     ^
/Applications/Xcode.app/Contents/Developer/Platforms/MacOSX.platform/Developer/SDKs/MacOSX27.0.sdk/System/Library/Frameworks/Foundation.framework/Headers/NSUserNotification.h:40:12: note: 'NSUserNotification' has been explicitly marked deprecated here
   40 | @interface NSUserNotification : NSObject <NSCopying> {
      |            ^
/Users/cam/Documents/Projects/ultima-iv-web/vlc-thumbs/work/upstream/vlc-master-story005/extras/package/macosx/../../../modules/notify/osx_notifications.m:302:60: warning: 'NSUserNotification' is deprecated: first deprecated in macOS 11.0 - All NSUserNotifications API should be replaced with UserNotifications.frameworks API [-Wdeprecated-declarations]
  302 |     NSUserNotification *notification = [NSUserNotification new];
      |                                                            ^
/Applications/Xcode.app/Contents/Developer/Platforms/MacOSX.platform/Developer/SDKs/MacOSX27.0.sdk/System/Library/Frameworks/Foundation.framework/Headers/NSUserNotification.h:40:12: note: 'NSUserNotification' has been explicitly marked deprecated here
   40 | @interface NSUserNotification : NSObject <NSCopying> {
      |            ^
/Users/cam/Documents/Projects/ultima-iv-web/vlc-thumbs/work/upstream/vlc-master-story005/extras/package/macosx/../../../modules/notify/osx_notifications.m:323:32: warning: 'NSUserNotificationCenter' is deprecated: first deprecated in macOS 11.0 - All NSUserNotifications API should be replaced with UserNotifications.frameworks API [-Wdeprecated-declarations]
  323 |     [[NSUserNotificationCenter defaultUserNotificationCenter]
      |                                ^
/Applications/Xcode.app/Contents/Developer/Platforms/MacOSX.platform/Developer/SDKs/MacOSX27.0.sdk/System/Library/Frameworks/Foundation.framework/Headers/NSUserNotification.h:231:12: note: 'NSUserNotificationCenter' has been explicitly marked deprecated here
  231 | @interface NSUserNotificationCenter : NSObject {
      |            ^
  CCLD     libpacketizer_h264_plugin.la
13 warnings generated.
  CCLD     libpacketizer_h266_plugin.la
  CCLD     libpacketizer_hevc_plugin.la
  CCLD     libpacketizer_vc1_plugin.la
  CCLD     libpacketizer_mlp_plugin.la
  CCLD     libpacketizer_flac_plugin.la
  CCLD     libpacketizer_copy_plugin.la
  CCLD     libpacketizer_a52_plugin.la
  CCLD     libpacketizer_dts_plugin.la
  CCLD     librtp_ac3_plugin.la
  CCLD     librtp_mpeg12_plugin.la
  CCLD     librtp_mpeg4_plugin.la
  CCLD     librtp_pcm_plugin.la
  CCLD     librtp_raw_plugin.la
  CCLD     librtp_h264_plugin.la
  CCLD     librtp_h265_plugin.la
  CCLD     librtp_opus_plugin.la
  CCLD     librtp_xiph_plugin.la
  CC       services_discovery/podcast.lo
  CC       services_discovery/radio.lo
  CC       services_discovery/libsap_plugin_la-sap.lo
  CXX      services_discovery/libupnp_plugin_la-upnp.lo
  CXX      services_discovery/libupnp_plugin_la-upnp-wrapper.lo
In file included from /Users/cam/Documents/Projects/ultima-iv-web/vlc-thumbs/work/upstream/vlc-master-story005/extras/package/macosx/../../../modules/services_discovery/upnp.cpp:32:
In file included from ../config.h:896:
In file included from /Users/cam/Documents/Projects/ultima-iv-web/vlc-thumbs/work/upstream/vlc-master-story005/extras/package/macosx/../../../include/vlc_fixups.h:166:
In file included from /Applications/Xcode.app/Contents/Developer/Platforms/MacOSX.platform/Developer/SDKs/MacOSX27.0.sdk/usr/include/c++/v1/stddef.h:30:
In file included from /Applications/Xcode.app/Contents/Developer/Platforms/MacOSX.platform/Developer/SDKs/MacOSX27.0.sdk/usr/include/c++/v1/__config:15:
/Applications/Xcode.app/Contents/Developer/Platforms/MacOSX.platform/Developer/SDKs/MacOSX27.0.sdk/usr/include/c++/v1/__configuration/availability.h:204:4: warning: "The selected platform is no longer supported by libc++." [-W#warnings]
  204 | #  warning "The selected platform is no longer supported by libc++."
      |    ^
In file included from /Users/cam/Documents/Projects/ultima-iv-web/vlc-thumbs/work/upstream/vlc-master-story005/extras/package/macosx/../../../modules/services_discovery/upnp-wrapper.cpp:28:
In file included from ../config.h:896:
In file included from /Users/cam/Documents/Projects/ultima-iv-web/vlc-thumbs/work/upstream/vlc-master-story005/extras/package/macosx/../../../include/vlc_fixups.h:166:
In file included from /Applications/Xcode.app/Contents/Developer/Platforms/MacOSX.platform/Developer/SDKs/MacOSX27.0.sdk/usr/include/c++/v1/stddef.h:30:
In file included from /Applications/Xcode.app/Contents/Developer/Platforms/MacOSX.platform/Developer/SDKs/MacOSX27.0.sdk/usr/include/c++/v1/__config:15:
/Applications/Xcode.app/Contents/Developer/Platforms/MacOSX.platform/Developer/SDKs/MacOSX27.0.sdk/usr/include/c++/v1/__configuration/availability.h:204:4: warning: "The selected platform is no longer supported by libc++." [-W#warnings]
  204 | #  warning "The selected platform is no longer supported by libc++."
      |    ^
  CXX      stream_out/libupnp_plugin_la-renderer_common.lo
In file included from /Users/cam/Documents/Projects/ultima-iv-web/vlc-thumbs/work/upstream/vlc-master-story005/extras/package/macosx/../../../modules/stream_out/renderer_common.cpp:27:
In file included from ../config.h:896:
In file included from /Users/cam/Documents/Projects/ultima-iv-web/vlc-thumbs/work/upstream/vlc-master-story005/extras/package/macosx/../../../include/vlc_fixups.h:166:
In file included from /Applications/Xcode.app/Contents/Developer/Platforms/MacOSX.platform/Developer/SDKs/MacOSX27.0.sdk/usr/include/c++/v1/stddef.h:30:
In file included from /Applications/Xcode.app/Contents/Developer/Platforms/MacOSX.platform/Developer/SDKs/MacOSX27.0.sdk/usr/include/c++/v1/__config:15:
/Applications/Xcode.app/Contents/Developer/Platforms/MacOSX.platform/Developer/SDKs/MacOSX27.0.sdk/usr/include/c++/v1/__configuration/availability.h:204:4: warning: "The selected platform is no longer supported by libc++." [-W#warnings]
  204 | #  warning "The selected platform is no longer supported by libc++."
      |    ^
  CXX      stream_out/dlna/libupnp_plugin_la-dlna.lo
In file included from /Users/cam/Documents/Projects/ultima-iv-web/vlc-thumbs/work/upstream/vlc-master-story005/extras/package/macosx/../../../modules/stream_out/dlna/dlna.cpp:25:
In file included from ../config.h:896:
In file included from /Users/cam/Documents/Projects/ultima-iv-web/vlc-thumbs/work/upstream/vlc-master-story005/extras/package/macosx/../../../include/vlc_fixups.h:166:
In file included from /Applications/Xcode.app/Contents/Developer/Platforms/MacOSX.platform/Developer/SDKs/MacOSX27.0.sdk/usr/include/c++/v1/stddef.h:30:
In file included from /Applications/Xcode.app/Contents/Developer/Platforms/MacOSX.platform/Developer/SDKs/MacOSX27.0.sdk/usr/include/c++/v1/__config:15:
/Applications/Xcode.app/Contents/Developer/Platforms/MacOSX.platform/Developer/SDKs/MacOSX27.0.sdk/usr/include/c++/v1/__configuration/availability.h:204:4: warning: "The selected platform is no longer supported by libc++." [-W#warnings]
  204 | #  warning "The selected platform is no longer supported by libc++."
      |    ^
1 warning generated.
  CXX      control/upnp_server/cds/libupnp_plugin_la-FixedContainer.lo
In file included from /Users/cam/Documents/Projects/ultima-iv-web/vlc-thumbs/work/upstream/vlc-master-story005/extras/package/macosx/../../../modules/control/upnp_server/cds/FixedContainer.cpp:23:
In file included from ../config.h:896:
In file included from /Users/cam/Documents/Projects/ultima-iv-web/vlc-thumbs/work/upstream/vlc-master-story005/extras/package/macosx/../../../include/vlc_fixups.h:166:
In file included from /Applications/Xcode.app/Contents/Developer/Platforms/MacOSX.platform/Developer/SDKs/MacOSX27.0.sdk/usr/include/c++/v1/stddef.h:30:
In file included from /Applications/Xcode.app/Contents/Developer/Platforms/MacOSX.platform/Developer/SDKs/MacOSX27.0.sdk/usr/include/c++/v1/__config:15:
/Applications/Xcode.app/Contents/Developer/Platforms/MacOSX.platform/Developer/SDKs/MacOSX27.0.sdk/usr/include/c++/v1/__configuration/availability.h:204:4: warning: "The selected platform is no longer supported by libc++." [-W#warnings]
  204 | #  warning "The selected platform is no longer supported by libc++."
      |    ^
1 warning generated.
  CXX      control/upnp_server/cds/libupnp_plugin_la-Item.lo
In file included from /Users/cam/Documents/Projects/ultima-iv-web/vlc-thumbs/work/upstream/vlc-master-story005/extras/package/macosx/../../../modules/control/upnp_server/cds/Item.cpp:23:
In file included from ../config.h:896:
In file included from /Users/cam/Documents/Projects/ultima-iv-web/vlc-thumbs/work/upstream/vlc-master-story005/extras/package/macosx/../../../include/vlc_fixups.h:166:
In file included from /Applications/Xcode.app/Contents/Developer/Platforms/MacOSX.platform/Developer/SDKs/MacOSX27.0.sdk/usr/include/c++/v1/stddef.h:30:
In file included from /Applications/Xcode.app/Contents/Developer/Platforms/MacOSX.platform/Developer/SDKs/MacOSX27.0.sdk/usr/include/c++/v1/__config:15:
/Applications/Xcode.app/Contents/Developer/Platforms/MacOSX.platform/Developer/SDKs/MacOSX27.0.sdk/usr/include/c++/v1/__configuration/availability.h:204:4: warning: "The selected platform is no longer supported by libc++." [-W#warnings]
  204 | #  warning "The selected platform is no longer supported by libc++."
      |    ^
1 warning generated.
  CXX      control/upnp_server/cds/libupnp_plugin_la-cds.lo
In file included from /Users/cam/Documents/Projects/ultima-iv-web/vlc-thumbs/work/upstream/vlc-master-story005/extras/package/macosx/../../../modules/control/upnp_server/cds/cds.cpp:23:
In file included from ../config.h:896:
In file included from /Users/cam/Documents/Projects/ultima-iv-web/vlc-thumbs/work/upstream/vlc-master-story005/extras/package/macosx/../../../include/vlc_fixups.h:166:
In file included from /Applications/Xcode.app/Contents/Developer/Platforms/MacOSX.platform/Developer/SDKs/MacOSX27.0.sdk/usr/include/c++/v1/stddef.h:30:
In file included from /Applications/Xcode.app/Contents/Developer/Platforms/MacOSX.platform/Developer/SDKs/MacOSX27.0.sdk/usr/include/c++/v1/__config:15:
/Applications/Xcode.app/Contents/Developer/Platforms/MacOSX.platform/Developer/SDKs/MacOSX27.0.sdk/usr/include/c++/v1/__configuration/availability.h:204:4: warning: "The selected platform is no longer supported by libc++." [-W#warnings]
  204 | #  warning "The selected platform is no longer supported by libc++."
      |    ^
1 warning generated.
  CXX      control/upnp_server/libupnp_plugin_la-utils.lo
In file included from /Users/cam/Documents/Projects/ultima-iv-web/vlc-thumbs/work/upstream/vlc-master-story005/extras/package/macosx/../../../modules/control/upnp_server/utils.cpp:23:
In file included from ../config.h:896:
In file included from /Users/cam/Documents/Projects/ultima-iv-web/vlc-thumbs/work/upstream/vlc-master-story005/extras/package/macosx/../../../include/vlc_fixups.h:166:
In file included from /Applications/Xcode.app/Contents/Developer/Platforms/MacOSX.platform/Developer/SDKs/MacOSX27.0.sdk/usr/include/c++/v1/stddef.h:30:
In file included from /Applications/Xcode.app/Contents/Developer/Platforms/MacOSX.platform/Developer/SDKs/MacOSX27.0.sdk/usr/include/c++/v1/__config:15:
/Applications/Xcode.app/Contents/Developer/Platforms/MacOSX.platform/Developer/SDKs/MacOSX27.0.sdk/usr/include/c++/v1/__configuration/availability.h:204:4: warning: "The selected platform is no longer supported by libc++." [-W#warnings]
  204 | #  warning "The selected platform is no longer supported by libc++."
      |    ^
1 warning generated.
  CXX      control/upnp_server/libupnp_plugin_la-FileHandler.lo
In file included from /Users/cam/Documents/Projects/ultima-iv-web/vlc-thumbs/work/upstream/vlc-master-story005/extras/package/macosx/../../../modules/control/upnp_server/FileHandler.cpp:23:
In file included from ../config.h:896:
In file included from /Users/cam/Documents/Projects/ultima-iv-web/vlc-thumbs/work/upstream/vlc-master-story005/extras/package/macosx/../../../include/vlc_fixups.h:166:
In file included from /Applications/Xcode.app/Contents/Developer/Platforms/MacOSX.platform/Developer/SDKs/MacOSX27.0.sdk/usr/include/c++/v1/stddef.h:30:
In file included from /Applications/Xcode.app/Contents/Developer/Platforms/MacOSX.platform/Developer/SDKs/MacOSX27.0.sdk/usr/include/c++/v1/__config:15:
/Applications/Xcode.app/Contents/Developer/Platforms/MacOSX.platform/Developer/SDKs/MacOSX27.0.sdk/usr/include/c++/v1/__configuration/availability.h:204:4: warning: "The selected platform is no longer supported by libc++." [-W#warnings]
  204 | #  warning "The selected platform is no longer supported by libc++."
      |    ^
1 warning generated.
  CXX      control/upnp_server/libupnp_plugin_la-upnp_server.lo
In file included from /Users/cam/Documents/Projects/ultima-iv-web/vlc-thumbs/work/upstream/vlc-master-story005/extras/package/macosx/../../../modules/control/upnp_server/upnp_server.cpp:24:
In file included from ../config.h:896:
In file included from /Users/cam/Documents/Projects/ultima-iv-web/vlc-thumbs/work/upstream/vlc-master-story005/extras/package/macosx/../../../include/vlc_fixups.h:166:
In file included from /Applications/Xcode.app/Contents/Developer/Platforms/MacOSX.platform/Developer/SDKs/MacOSX27.0.sdk/usr/include/c++/v1/stddef.h:30:
In file included from /Applications/Xcode.app/Contents/Developer/Platforms/MacOSX.platform/Developer/SDKs/MacOSX27.0.sdk/usr/include/c++/v1/__config:15:
/Applications/Xcode.app/Contents/Developer/Platforms/MacOSX.platform/Developer/SDKs/MacOSX27.0.sdk/usr/include/c++/v1/__configuration/availability.h:204:4: warning: "The selected platform is no longer supported by libc++." [-W#warnings]
  204 | #  warning "The selected platform is no longer supported by libc++."
      |    ^
In file included from /Users/cam/Documents/Projects/ultima-iv-web/vlc-thumbs/work/upstream/vlc-master-story005/extras/package/macosx/../../../modules/control/upnp_server/FileHandler.cpp:31:
/Users/cam/Documents/Projects/ultima-iv-web/vlc-thumbs/work/upstream/vlc-master-story005/extras/package/macosx/../../../include/vlc_addons.h:215:13: warning: 'sprintf' is deprecated: This function is provided for compatibility reasons only.  Due to security concerns inherent in the design of sprintf(3), it is highly recommended that you use snprintf(3) instead. [-Wdeprecated-declarations]
  215 |             sprintf( p, "%02x", v );
      |             ^
/Applications/Xcode.app/Contents/Developer/Platforms/MacOSX.platform/Developer/SDKs/MacOSX27.0.sdk/usr/include/_stdio.h:278:1: note: 'sprintf' has been explicitly marked deprecated here
  278 | __deprecated_msg("This function is provided for compatibility reasons only.  Due to security concerns inherent in the design of sprintf(3), it is highly recommended that you use snprintf(3) instead.")
      | ^
/Applications/Xcode.app/Contents/Developer/Platforms/MacOSX.platform/Developer/SDKs/MacOSX27.0.sdk/usr/include/sys/cdefs.h:227:48: note: expanded from macro '__deprecated_msg'
  227 |         #define __deprecated_msg(_msg) __attribute__((__deprecated__(_msg)))
      |                                                       ^
In file included from /Users/cam/Documents/Projects/ultima-iv-web/vlc-thumbs/work/upstream/vlc-master-story005/extras/package/macosx/../../../modules/control/upnp_server/upnp_server.cpp:33:
/Users/cam/Documents/Projects/ultima-iv-web/vlc-thumbs/work/upstream/vlc-master-story005/extras/package/macosx/../../../include/vlc_addons.h:215:13: warning: 'sprintf' is deprecated: This function is provided for compatibility reasons only.  Due to security concerns inherent in the design of sprintf(3), it is highly recommended that you use snprintf(3) instead. [-Wdeprecated-declarations]
  215 |             sprintf( p, "%02x", v );
      |             ^
/Applications/Xcode.app/Contents/Developer/Platforms/MacOSX.platform/Developer/SDKs/MacOSX27.0.sdk/usr/include/_stdio.h:278:1: note: 'sprintf' has been explicitly marked deprecated here
  278 | __deprecated_msg("This function is provided for compatibility reasons only.  Due to security concerns inherent in the design of sprintf(3), it is highly recommended that you use snprintf(3) instead.")
      | ^
/Applications/Xcode.app/Contents/Developer/Platforms/MacOSX.platform/Developer/SDKs/MacOSX27.0.sdk/usr/include/sys/cdefs.h:227:48: note: expanded from macro '__deprecated_msg'
  227 |         #define __deprecated_msg(_msg) __attribute__((__deprecated__(_msg)))
      |                                                       ^
2 warnings generated.
  OBJCLD   libbonjour_plugin.la
1 warning generated.
  CCLD     libstream_out_dummy_plugin.la
1 warning generated.
  CCLD     libstream_out_cycle_plugin.la
2 warnings generated.
  CCLD     libstream_out_delay_plugin.la
  CCLD     libstream_out_stats_plugin.la
  CCLD     libstream_out_standard_plugin.la
  CCLD     libstream_out_duplicate_plugin.la
  CCLD     libstream_out_es_plugin.la
  CCLD     libstream_out_display_plugin.la
  CCLD     libstream_out_gather_plugin.la
  CCLD     libstream_out_bridge_plugin.la
  CCLD     libstream_out_mosaic_bridge_plugin.la
  CCLD     libstream_out_autodel_plugin.la
  CCLD     libstream_out_record_plugin.la
  CCLD     libstream_out_smem_plugin.la
  CCLD     libstream_out_setid_plugin.la
  CCLD     libstream_out_trace_plugin.la
  CC       stream_out/transcode/transcode.lo
  CC       stream_out/transcode/encoder/encoder.lo
  CC       stream_out/transcode/encoder/audio.lo
  CC       stream_out/transcode/encoder/spu.lo
  CC       stream_out/transcode/encoder/video.lo
  CC       stream_out/transcode/spu.lo
  CC       stream_out/transcode/audio.lo
  CC       stream_out/transcode/video.lo
  CC       stream_out/transcode/pcr_sync.lo
  CC       stream_out/transcode/pcr_helper.lo
  CC       stream_out/hls/hls.lo
  CC       stream_out/hls/variant_maps.lo
  CC       stream_out/hls/storage.lo
  CC       stream_out/hls/segments.lo
  CC       stream_out/hls/codecs.lo
  CC       stream_out/hls/subtitles_segmenter.lo
  CCLD     libstream_out_udp_plugin.la
  CXX      stream_out/sdi/libstream_out_sdi_plugin_la-sdiout.lo
  CXX      stream_out/sdi/libstream_out_sdi_plugin_la-Ancillary.lo
  CXX      stream_out/sdi/libstream_out_sdi_plugin_la-AES3Audio.lo
In file included from /Users/cam/Documents/Projects/ultima-iv-web/vlc-thumbs/work/upstream/vlc-master-story005/extras/package/macosx/../../../modules/stream_out/sdi/sdiout.cpp:22:
In file included from ../config.h:896:
In file included from /Users/cam/Documents/Projects/ultima-iv-web/vlc-thumbs/work/upstream/vlc-master-story005/extras/package/macosx/../../../include/vlc_fixups.h:166:
In file included from /Applications/Xcode.app/Contents/Developer/Platforms/MacOSX.platform/Developer/SDKs/MacOSX27.0.sdk/usr/include/c++/v1/stddef.h:30:
In file included from /Applications/Xcode.app/Contents/Developer/Platforms/MacOSX.platform/Developer/SDKs/MacOSX27.0.sdk/usr/include/c++/v1/__config:15:
/Applications/Xcode.app/Contents/Developer/Platforms/MacOSX.platform/Developer/SDKs/MacOSX27.0.sdk/usr/include/c++/v1/__configuration/availability.h:204:4: warning: "The selected platform is no longer supported by libc++." [-W#warnings]
  204 | #  warning "The selected platform is no longer supported by libc++."
      |    ^
In file included from /Users/cam/Documents/Projects/ultima-iv-web/vlc-thumbs/work/upstream/vlc-master-story005/extras/package/macosx/../../../modules/stream_out/sdi/Ancillary.cpp:22:
In file included from ../config.h:896:
In file included from /Users/cam/Documents/Projects/ultima-iv-web/vlc-thumbs/work/upstream/vlc-master-story005/extras/package/macosx/../../../include/vlc_fixups.h:166:
In file included from /Applications/Xcode.app/Contents/Developer/Platforms/MacOSX.platform/Developer/SDKs/MacOSX27.0.sdk/usr/include/c++/v1/stddef.h:30:
In file included from /Applications/Xcode.app/Contents/Developer/Platforms/MacOSX.platform/Developer/SDKs/MacOSX27.0.sdk/usr/include/c++/v1/__config:15:
/Applications/Xcode.app/Contents/Developer/Platforms/MacOSX.platform/Developer/SDKs/MacOSX27.0.sdk/usr/include/c++/v1/__configuration/availability.h:204:4: warning: "The selected platform is no longer supported by libc++." [-W#warnings]
  204 | #  warning "The selected platform is no longer supported by libc++."
      |    ^
In file included from /Users/cam/Documents/Projects/ultima-iv-web/vlc-thumbs/work/upstream/vlc-master-story005/extras/package/macosx/../../../modules/stream_out/sdi/AES3Audio.cpp:21:
In file included from ../config.h:896:
In file included from /Users/cam/Documents/Projects/ultima-iv-web/vlc-thumbs/work/upstream/vlc-master-story005/extras/package/macosx/../../../include/vlc_fixups.h:166:
In file included from /Applications/Xcode.app/Contents/Developer/Platforms/MacOSX.platform/Developer/SDKs/MacOSX27.0.sdk/usr/include/c++/v1/stddef.h:30:
In file included from /Applications/Xcode.app/Contents/Developer/Platforms/MacOSX.platform/Developer/SDKs/MacOSX27.0.sdk/usr/include/c++/v1/__config:15:
/Applications/Xcode.app/Contents/Developer/Platforms/MacOSX.platform/Developer/SDKs/MacOSX27.0.sdk/usr/include/c++/v1/__configuration/availability.h:204:4: warning: "The selected platform is no longer supported by libc++." [-W#warnings]
  204 | #  warning "The selected platform is no longer supported by libc++."
      |    ^
  CXX      stream_out/sdi/libstream_out_sdi_plugin_la-DBMHelper.lo
In file included from /Users/cam/Documents/Projects/ultima-iv-web/vlc-thumbs/work/upstream/vlc-master-story005/extras/package/macosx/../../../modules/stream_out/sdi/DBMHelper.cpp:22:
In file included from ../config.h:896:
In file included from /Users/cam/Documents/Projects/ultima-iv-web/vlc-thumbs/work/upstream/vlc-master-story005/extras/package/macosx/../../../include/vlc_fixups.h:166:
In file included from /Applications/Xcode.app/Contents/Developer/Platforms/MacOSX.platform/Developer/SDKs/MacOSX27.0.sdk/usr/include/c++/v1/stddef.h:30:
In file included from /Applications/Xcode.app/Contents/Developer/Platforms/MacOSX.platform/Developer/SDKs/MacOSX27.0.sdk/usr/include/c++/v1/__config:15:
/Applications/Xcode.app/Contents/Developer/Platforms/MacOSX.platform/Developer/SDKs/MacOSX27.0.sdk/usr/include/c++/v1/__configuration/availability.h:204:4: warning: "The selected platform is no longer supported by libc++." [-W#warnings]
  204 | #  warning "The selected platform is no longer supported by libc++."
      |    ^
1 warning generated.
  CXX      stream_out/sdi/libstream_out_sdi_plugin_la-DBMSDIOutput.lo
In file included from /Users/cam/Documents/Projects/ultima-iv-web/vlc-thumbs/work/upstream/vlc-master-story005/extras/package/macosx/../../../modules/stream_out/sdi/DBMSDIOutput.cpp:22:
In file included from ../config.h:896:
In file included from /Users/cam/Documents/Projects/ultima-iv-web/vlc-thumbs/work/upstream/vlc-master-story005/extras/package/macosx/../../../include/vlc_fixups.h:166:
In file included from /Applications/Xcode.app/Contents/Developer/Platforms/MacOSX.platform/Developer/SDKs/MacOSX27.0.sdk/usr/include/c++/v1/stddef.h:30:
In file included from /Applications/Xcode.app/Contents/Developer/Platforms/MacOSX.platform/Developer/SDKs/MacOSX27.0.sdk/usr/include/c++/v1/__config:15:
/Applications/Xcode.app/Contents/Developer/Platforms/MacOSX.platform/Developer/SDKs/MacOSX27.0.sdk/usr/include/c++/v1/__configuration/availability.h:204:4: warning: "The selected platform is no longer supported by libc++." [-W#warnings]
  204 | #  warning "The selected platform is no longer supported by libc++."
      |    ^
1 warning generated.
  CXX      stream_out/sdi/libstream_out_sdi_plugin_la-SDIAudioMultiplex.lo
In file included from /Users/cam/Documents/Projects/ultima-iv-web/vlc-thumbs/work/upstream/vlc-master-story005/extras/package/macosx/../../../modules/stream_out/sdi/SDIAudioMultiplex.cpp:21:
In file included from ../config.h:896:
In file included from /Users/cam/Documents/Projects/ultima-iv-web/vlc-thumbs/work/upstream/vlc-master-story005/extras/package/macosx/../../../include/vlc_fixups.h:166:
In file included from /Applications/Xcode.app/Contents/Developer/Platforms/MacOSX.platform/Developer/SDKs/MacOSX27.0.sdk/usr/include/c++/v1/stddef.h:30:
In file included from /Applications/Xcode.app/Contents/Developer/Platforms/MacOSX.platform/Developer/SDKs/MacOSX27.0.sdk/usr/include/c++/v1/__config:15:
/Applications/Xcode.app/Contents/Developer/Platforms/MacOSX.platform/Developer/SDKs/MacOSX27.0.sdk/usr/include/c++/v1/__configuration/availability.h:204:4: warning: "The selected platform is no longer supported by libc++." [-W#warnings]
  204 | #  warning "The selected platform is no longer supported by libc++."
      |    ^
1 warning generated.
  CXX      stream_out/sdi/libstream_out_sdi_plugin_la-SDIGenerator.lo
1 warning generated.
In file included from /Users/cam/Documents/Projects/ultima-iv-web/vlc-thumbs/work/upstream/vlc-master-story005/extras/package/macosx/../../../modules/stream_out/sdi/SDIGenerator.cpp:22:
In file included from ../config.h:896:
In file included from /Users/cam/Documents/Projects/ultima-iv-web/vlc-thumbs/work/upstream/vlc-master-story005/extras/package/macosx/../../../include/vlc_fixups.h:166:
In file included from /Applications/Xcode.app/Contents/Developer/Platforms/MacOSX.platform/Developer/SDKs/MacOSX27.0.sdk/usr/include/c++/v1/stddef.h:30:
In file included from /Applications/Xcode.app/Contents/Developer/Platforms/MacOSX.platform/Developer/SDKs/MacOSX27.0.sdk/usr/include/c++/v1/__config:15:
/Applications/Xcode.app/Contents/Developer/Platforms/MacOSX.platform/Developer/SDKs/MacOSX27.0.sdk/usr/include/c++/v1/__configuration/availability.h:204:4: warning: "The selected platform is no longer supported by libc++." [-W#warnings]
  204 | #  warning "The selected platform is no longer supported by libc++."
      |    ^
  CXX      stream_out/sdi/libstream_out_sdi_plugin_la-SDIOutput.lo
In file included from /Users/cam/Documents/Projects/ultima-iv-web/vlc-thumbs/work/upstream/vlc-master-story005/extras/package/macosx/../../../modules/stream_out/sdi/SDIOutput.cpp:21:
In file included from ../config.h:896:
In file included from /Users/cam/Documents/Projects/ultima-iv-web/vlc-thumbs/work/upstream/vlc-master-story005/extras/package/macosx/../../../include/vlc_fixups.h:166:
In file included from /Applications/Xcode.app/Contents/Developer/Platforms/MacOSX.platform/Developer/SDKs/MacOSX27.0.sdk/usr/include/c++/v1/stddef.h:30:
In file included from /Applications/Xcode.app/Contents/Developer/Platforms/MacOSX.platform/Developer/SDKs/MacOSX27.0.sdk/usr/include/c++/v1/__config:15:
/Applications/Xcode.app/Contents/Developer/Platforms/MacOSX.platform/Developer/SDKs/MacOSX27.0.sdk/usr/include/c++/v1/__configuration/availability.h:204:4: warning: "The selected platform is no longer supported by libc++." [-W#warnings]
  204 | #  warning "The selected platform is no longer supported by libc++."
      |    ^
1 warning generated.
  CXX      stream_out/sdi/libstream_out_sdi_plugin_la-SDIStream.lo
In file included from /Users/cam/Documents/Projects/ultima-iv-web/vlc-thumbs/work/upstream/vlc-master-story005/extras/package/macosx/../../../modules/stream_out/sdi/SDIStream.cpp:21:
In file included from ../config.h:896:
In file included from /Users/cam/Documents/Projects/ultima-iv-web/vlc-thumbs/work/upstream/vlc-master-story005/extras/package/macosx/../../../include/vlc_fixups.h:166:
In file included from /Applications/Xcode.app/Contents/Developer/Platforms/MacOSX.platform/Developer/SDKs/MacOSX27.0.sdk/usr/include/c++/v1/stddef.h:30:
In file included from /Applications/Xcode.app/Contents/Developer/Platforms/MacOSX.platform/Developer/SDKs/MacOSX27.0.sdk/usr/include/c++/v1/__config:15:
/Applications/Xcode.app/Contents/Developer/Platforms/MacOSX.platform/Developer/SDKs/MacOSX27.0.sdk/usr/include/c++/v1/__configuration/availability.h:204:4: warning: "The selected platform is no longer supported by libc++." [-W#warnings]
  204 | #  warning "The selected platform is no longer supported by libc++."
      |    ^
1 warning generated.
  CXX      stream_out/sdi/libstream_out_sdi_plugin_la-V210.lo
In file included from /Users/cam/Documents/Projects/ultima-iv-web/vlc-thumbs/work/upstream/vlc-master-story005/extras/package/macosx/../../../modules/stream_out/sdi/V210.cpp:22:
In file included from ../config.h:896:
In file included from /Users/cam/Documents/Projects/ultima-iv-web/vlc-thumbs/work/upstream/vlc-master-story005/extras/package/macosx/../../../include/vlc_fixups.h:166:
In file included from /Applications/Xcode.app/Contents/Developer/Platforms/MacOSX.platform/Developer/SDKs/MacOSX27.0.sdk/usr/include/c++/v1/stddef.h:30:
In file included from /Applications/Xcode.app/Contents/Developer/Platforms/MacOSX.platform/Developer/SDKs/MacOSX27.0.sdk/usr/include/c++/v1/__config:15:
/Applications/Xcode.app/Contents/Developer/Platforms/MacOSX.platform/Developer/SDKs/MacOSX27.0.sdk/usr/include/c++/v1/__configuration/availability.h:204:4: warning: "The selected platform is no longer supported by libc++." [-W#warnings]
  204 | #  warning "The selected platform is no longer supported by libc++."
      |    ^
1 warning generated.
  CCLD     libstream_out_chromaprint_plugin.la
1 warning generated.
  CXX      stream_out/chromecast/3.21.1/libstream_out_chromecast_plugin_la-cast_channel.pb.lo
In file included from stream_out/chromecast/3.21.1/cast_channel.pb.cc:4:
In file included from stream_out/chromecast/3.21.1/cast_channel.pb.h:7:
In file included from /Applications/Xcode.app/Contents/Developer/Platforms/MacOSX.platform/Developer/SDKs/MacOSX27.0.sdk/usr/include/c++/v1/limits:108:
In file included from /Applications/Xcode.app/Contents/Developer/Platforms/MacOSX.platform/Developer/SDKs/MacOSX27.0.sdk/usr/include/c++/v1/__config:15:
/Applications/Xcode.app/Contents/Developer/Platforms/MacOSX.platform/Developer/SDKs/MacOSX27.0.sdk/usr/include/c++/v1/__configuration/availability.h:204:4: warning: "The selected platform is no longer supported by libc++." [-W#warnings]
  204 | #  warning "The selected platform is no longer supported by libc++."
      |    ^
1 warning generated.
  CC       video_splitter/clone.lo
  CC       video_splitter/wall.lo
  CC       spu/subsdelay.lo
ld: warning: search path '/Applications/Xcode.app/Contents/Developer/Platforms/MacOSX.platform/Developer/SDKs/MacOSX26.2.sdk/System/Library/Frameworks/Accelerate.framework' not found
1 warning generated.
  CC       spu/audiobargraph_v.lo
  CC       spu/logo.lo
In file included from stream_out/chromecast/3.21.1/cast_channel.pb.cc:4:
In file included from stream_out/chromecast/3.21.1/cast_channel.pb.h:23:
In file included from /Users/cam/Documents/Projects/ultima-iv-web/vlc-thumbs/work/story005-master-baseline/contrib/aarch64-apple-darwin19/include/google/protobuf/io/coded_stream.h:134:
/Users/cam/Documents/Projects/ultima-iv-web/vlc-thumbs/work/story005-master-baseline/contrib/aarch64-apple-darwin19/include/google/protobuf/port.h:46:41: warning: unused parameter 'size' [-Wunused-parameter]
   46 | inline void SizedDelete(void* p, size_t size) {
      |                                         ^
/Users/cam/Documents/Projects/ultima-iv-web/vlc-thumbs/work/story005-master-baseline/contrib/aarch64-apple-darwin19/include/google/protobuf/port.h:53:46: warning: unused parameter 'size' [-Wunused-parameter]
   53 | inline void SizedArrayDelete(void* p, size_t size) {
      |                                              ^
In file included from stream_out/chromecast/3.21.1/cast_channel.pb.cc:4:
In file included from stream_out/chromecast/3.21.1/cast_channel.pb.h:30:
In file included from /Users/cam/Documents/Projects/ultima-iv-web/vlc-thumbs/work/story005-master-baseline/contrib/aarch64-apple-darwin19/include/google/protobuf/extension_set.h:53:
In file included from /Users/cam/Documents/Projects/ultima-iv-web/vlc-thumbs/work/story005-master-baseline/contrib/aarch64-apple-darwin19/include/google/protobuf/parse_context.h:47:
/Users/cam/Documents/Projects/ultima-iv-web/vlc-thumbs/work/story005-master-baseline/contrib/aarch64-apple-darwin19/include/google/protobuf/inlined_string_field.h:430:5: warning: 'GOOGLE_PROTOBUF_INTERNAL_DONATE_STEAL_INLINE' is not defined, evaluates to 0 [-Wundef]
  430 | #if GOOGLE_PROTOBUF_INTERNAL_DONATE_STEAL_INLINE
      |     ^
  CC       spu/marq.lo
In file included from stream_out/chromecast/3.21.1/cast_channel.pb.cc:4:
In file included from stream_out/chromecast/3.21.1/cast_channel.pb.h:30:
/Users/cam/Documents/Projects/ultima-iv-web/vlc-thumbs/work/story005-master-baseline/contrib/aarch64-apple-darwin19/include/google/protobuf/extension_set.h:1264:46: warning: unused parameter 'fn' [-Wunused-parameter]
 1264 |                        LazyEagerVerifyFnType fn) {
      |                                              ^
/Users/cam/Documents/Projects/ultima-iv-web/vlc-thumbs/work/story005-master-baseline/contrib/aarch64-apple-darwin19/include/google/protobuf/extension_set.h:1330:46: warning: unused parameter 'fn' [-Wunused-parameter]
 1330 |                        LazyEagerVerifyFnType fn) {
      |                                              ^
  CC       spu/mosaic.lo
  CC       spu/rss.lo
  CC       spu/dynamicoverlay/dynamicoverlay_buffer.lo
  CC       spu/dynamicoverlay/dynamicoverlay_queue.lo
  CC       spu/dynamicoverlay/dynamicoverlay_commands.lo
  CC       spu/dynamicoverlay/dynamicoverlay.lo
  CC       stream_extractor/libarchive_plugin_la-archive.lo
6 warnings generated.
  CC       stream_filter/cache_read.lo
  CC       stream_filter/decomp.lo
  CC       stream_filter/inflate.lo
  CC       stream_filter/prefetch.lo
  CC       stream_filter/hds/hds.lo
  CCLD     librecord_plugin.la
  CCLD     libadf_plugin.la
  CCLD     libskiptags_plugin.la
  CC       text_renderer/tdummy.lo
  CC       text_renderer/freetype/libfreetype_plugin_la-platform_fonts.lo
  CC       text_renderer/freetype/libfreetype_plugin_la-freetype.lo
  CC       text_renderer/freetype/libfreetype_plugin_la-ftcache.lo
  CC       text_renderer/freetype/libfreetype_plugin_la-text_layout.lo
  CC       text_renderer/freetype/libfreetype_plugin_la-lru.lo
  CC       text_renderer/freetype/fonts/libfreetype_plugin_la-darwin.lo
  OBJCLD   libnsspeechsynthesizer_plugin.la
  CC       video_filter/adjust.lo
  CC       video_filter/adjust_sat_hue.lo
  CC       video_filter/alphamask.lo
  CC       video_filter/ball.lo
  CC       video_filter/blendbench.lo
  CC       video_filter/bluescreen.lo
  CC       video_filter/canvas.lo
  CC       video_filter/colorthres.lo
  CC       video_filter/croppadd.lo
  CC       video_filter/edgedetection.lo
  CC       video_filter/erase.lo
  CC       video_filter/extract.lo
  CC       video_filter/gradient.lo
  CC       video_filter/grain.lo
  CC       video_filter/gaussianblur.lo
  CC       video_filter/invert.lo
  CC       video_filter/magnify.lo
  CC       video_filter/formatcrop.lo
  CC       video_filter/mirror.lo
  CC       video_filter/motionblur.lo
  CC       video_filter/motiondetect.lo
  CC       video_filter/posterize.lo
  CC       video_filter/psychedelic.lo
  CC       video_filter/ripple.lo
  CC       video_filter/scale.lo
  CC       video_filter/scene.lo
  CC       video_filter/sepia.lo
  CC       video_filter/sharpen.lo
/Users/cam/Documents/Projects/ultima-iv-web/vlc-thumbs/work/upstream/vlc-master-story005/extras/package/macosx/../../../modules/video_filter/scale.c:75:2: warning: Converter cannot (really) change output format. [-W#warnings]
   75 | #warning Converter cannot (really) change output format.
      |  ^
/Users/cam/Documents/Projects/ultima-iv-web/vlc-thumbs/work/upstream/vlc-master-story005/extras/package/macosx/../../../modules/video_filter/scale.c:92:2: warning: Converter cannot (really) change output format. [-W#warnings]
   92 | #warning Converter cannot (really) change output format.
      |  ^
2 warnings generated.
  CC       video_filter/transform.lo
  CC       video_filter/wave.lo
  CC       video_filter/gradfun.lo
  CC       video_filter/antiflicker.lo
/Users/cam/Documents/Projects/ultima-iv-web/vlc-thumbs/work/upstream/vlc-master-story005/extras/package/macosx/../../../modules/video_filter/gradfun.c:176:23: warning: 'aligned_alloc' is only available on macOS 10.15 or newer [-Wunguarded-availability-new]
  176 |         cfg->buf    = aligned_alloc(16,
      |                       ^~~~~~~~~~~~~
/Applications/Xcode.app/Contents/Developer/Platforms/MacOSX.platform/Developer/SDKs/MacOSX27.0.sdk/usr/include/malloc/_malloc.h:67:35: note: 'aligned_alloc' has been marked as being introduced in macOS 10.15 here, but the deployment target is macOS 10.13.0
   67 | void * __sized_by_or_null(__size) aligned_alloc(size_t __alignment, size_t __size) __result_use_check __alloc_align(1) __alloc_size(2) _MALLOC_TYPED(malloc_type_aligned_alloc, 2) __OSX_AVAILABLE(10.15) __IOS_AVAILABLE(13.0) __TVOS_AVAILABLE(13.0) __WATCHOS_AVAILABLE(6.0);
      |                                   ^
/Users/cam/Documents/Projects/ultima-iv-web/vlc-thumbs/work/upstream/vlc-master-story005/extras/package/macosx/../../../modules/video_filter/gradfun.c:176:23: note: enclose 'aligned_alloc' in a __builtin_available check to silence this warning
  176 |         cfg->buf    = aligned_alloc(16,
      |                       ^~~~~~~~~~~~~
  177 |                                    (((fmt->i_width + 15) & ~15) * (cfg->radius + 1) / 2 + 32) * sizeof(*cfg->buf));
      |                                                                                                                    
  CC       video_filter/hqdn3d.lo
  CC       video_filter/anaglyph.lo
  CC       video_filter/oldmovie.lo
1 warning generated.
  CC       video_filter/vhs.lo
  CC       video_filter/fps.lo
  CC       video_filter/freeze.lo
  CC       video_filter/puzzle/puzzle.lo
  CC       video_filter/puzzle/puzzle_bezier.lo
  CC       video_filter/puzzle/puzzle_lib.lo
  CC       video_filter/puzzle/puzzle_mgt.lo
  CC       video_filter/puzzle/puzzle_pce.lo
  CCLD     librotate_plugin.la
  CCLD     libdither_plugin.la
  OBJCLD   libci_filters_plugin.la
  CXXLD    libopencv_wrapper_plugin.la
  CCLD     libpostproc_plugin.la
  CXXLD    libblend_plugin.la
  CXXLD    libopencv_example_plugin.la
  CC       visualization/libgoom_plugin_la-goom.lo
  CC       visualization/visual/effects.lo
  CC       visualization/visual/visual.lo
  CC       visualization/visual/fft.lo
/Users/cam/Documents/Projects/ultima-iv-web/vlc-thumbs/work/upstream/vlc-master-story005/extras/package/macosx/../../../modules/visualization/visual/effects.c:220:48: warning: implicit conversion from 'uint64_t' (aka 'unsigned long long') to 'float' changes value from 140728898551808 to 140728898420736 [-Wimplicit-const-int-float-conversion]
  220 |         p_dest[i] = p_output[i] * UINT16_MAX / FFT_SCALING_VALUE;
      |                                              ~ ^~~~~~~~~~~~~~~~~
/Users/cam/Documents/Projects/ultima-iv-web/vlc-thumbs/work/upstream/vlc-master-story005/extras/package/macosx/../../../modules/visualization/visual/fft.h:33:72: note: expanded from macro 'FFT_SCALING_VALUE'
   33 | #define FFT_SCALING_VALUE (FFT_MAX_VALUE_OUTPUT * FFT_MAX_VALUE_OUTPUT * 2)
      |                            ~~~~~~~~~~~~~~~~~~~~~~~~~~~~~~~~~~~~~~~~~~~~^~~
  CC       visualization/visual/window.lo
  CXX      video_output/libdecklinkoutput_plugin_la-decklink.lo
In file included from /Users/cam/Documents/Projects/ultima-iv-web/vlc-thumbs/work/upstream/vlc-master-story005/extras/package/macosx/../../../modules/video_output/decklink.cpp:30:
In file included from ../config.h:896:
In file included from /Users/cam/Documents/Projects/ultima-iv-web/vlc-thumbs/work/upstream/vlc-master-story005/extras/package/macosx/../../../include/vlc_fixups.h:166:
In file included from /Applications/Xcode.app/Contents/Developer/Platforms/MacOSX.platform/Developer/SDKs/MacOSX27.0.sdk/usr/include/c++/v1/stddef.h:30:
In file included from /Applications/Xcode.app/Contents/Developer/Platforms/MacOSX.platform/Developer/SDKs/MacOSX27.0.sdk/usr/include/c++/v1/__config:15:
/Applications/Xcode.app/Contents/Developer/Platforms/MacOSX.platform/Developer/SDKs/MacOSX27.0.sdk/usr/include/c++/v1/__configuration/availability.h:204:4: warning: "The selected platform is no longer supported by libc++." [-W#warnings]
  204 | #  warning "The selected platform is no longer supported by libc++."
      |    ^
1 warning generated.
  OBJCLD   libglinterop_cvpx_plugin.la
  OBJCLD   libwindow_macosx_plugin.la
  OBJC     video_output/apple/libsamplebufferdisplay_plugin_la-VLCSampleBufferDisplay.lo
1 warning generated.
  OBJC     video_output/apple/libcvpx_gl_plugin_la-VLCCVOpenGLProvider.lo
  CCLD     libflaschen_plugin.la
  CCLD     libvdummy_plugin.la
  CCLD     libvmem_plugin.la
  CCLD     libvideo_splitter_plugin.la
/Users/cam/Documents/Projects/ultima-iv-web/vlc-thumbs/work/upstream/vlc-master-story005/extras/package/macosx/../../../modules/video_output/apple/VLCSampleBufferDisplay.m:177:23: warning: 'CVBufferGetAttachments' is deprecated: first deprecated in macOS 12.0 [-Wdeprecated-declarations]
  177 |         attachments = CVBufferGetAttachments(pixelBuffer, kCVAttachmentMode_ShouldPropagate);
      |                       ^~~~~~~~~~~~~~~~~~~~~~
      |                       CVBufferCopyAttachments
/Applications/Xcode.app/Contents/Developer/Platforms/MacOSX.platform/Developer/SDKs/MacOSX27.0.sdk/System/Library/Frameworks/CoreVideo.framework/Headers/CVBuffer.h:133:63: note: 'CVBufferGetAttachments' has been explicitly marked deprecated here
  133 | CV_EXPORT CFDictionaryRef CF_RETURNS_NOT_RETAINED CV_NULLABLE CVBufferGetAttachments( CVBufferRef CV_NONNULL buffer, CVAttachmentMode attachmentMode ) API_DEPRECATED_WITH_REPLACEMENT("CVBufferCopyAttachments", macos(10.4, 12.0), ios(4.0,15.0), tvos(9.0, 15.0), watchos(4.0, 8.0));
      |                                                               ^
/Users/cam/Documents/Projects/ultima-iv-web/vlc-thumbs/work/upstream/vlc-master-story005/extras/package/macosx/../../../modules/video_output/apple/VLCSampleBufferDisplay.m:1007:26: warning: 'status' is deprecated: first deprecated in macOS 15.0 - Use sampleBufferRenderer's status instead [-Wdeprecated-declarations]
 1007 |         if (displayLayer.status != AVQueuedSampleBufferRenderingStatusFailed)
      |                          ^
/Applications/Xcode.app/Contents/Developer/Platforms/MacOSX.platform/Developer/SDKs/MacOSX27.0.sdk/System/Library/Frameworks/AVFoundation.framework/Headers/AVSampleBufferDisplayLayer.h:80:69: note: 'status' has been explicitly marked deprecated here
   80 | @property (nonatomic, readonly) AVQueuedSampleBufferRenderingStatus status API_DEPRECATED("Use sampleBufferRenderer's status instead", macos(10.10, 15.0), ios(8.0, 18.0), tvos(10.2, 18.0), visionos(1.0, 2.0)) API_UNAVAILABLE(watchos);
      |                                                                     ^
/Users/cam/Documents/Projects/ultima-iv-web/vlc-thumbs/work/upstream/vlc-master-story005/extras/package/macosx/../../../modules/video_output/apple/VLCSampleBufferDisplay.m:1012:31: warning: 'requiresFlushToResumeDecoding' is deprecated: first deprecated in macOS 15.0 - Use sampleBufferRenderer's requiresFlushToResumeDecoding instead [-Wdeprecated-declarations]
 1012 |             if (!displayLayer.requiresFlushToResumeDecoding) {
      |                               ^
/Applications/Xcode.app/Contents/Developer/Platforms/MacOSX.platform/Developer/SDKs/MacOSX27.0.sdk/System/Library/Frameworks/AVFoundation.framework/Headers/AVSampleBufferDisplayLayer.h:134:38: note: 'requiresFlushToResumeDecoding' has been explicitly marked deprecated here
  134 | @property (nonatomic, readonly) BOOL requiresFlushToResumeDecoding API_DEPRECATED("Use sampleBufferRenderer's requiresFlushToResumeDecoding instead", macos(11.0, 15.0), ios(14.0, 18.0), tvos(14.0, 18.0), visionos(1.0, 2.0)) API_UNAVAILABLE(watchos);
      |                                      ^
/Users/cam/Documents/Projects/ultima-iv-web/vlc-thumbs/work/upstream/vlc-master-story005/extras/package/macosx/../../../modules/video_output/apple/VLCSampleBufferDisplay.m:1014:38: warning: 'error' is deprecated: first deprecated in macOS 15.0 - Use sampleBufferRenderer's error instead [-Wdeprecated-declarations]
 1014 |                         displayLayer.error.localizedDescription.UTF8String);
      |                                      ^
/Applications/Xcode.app/Contents/Developer/Platforms/MacOSX.platform/Developer/SDKs/MacOSX27.0.sdk/System/Library/Frameworks/AVFoundation.framework/Headers/AVSampleBufferDisplayLayer.h:85:52: note: 'error' has been explicitly marked deprecated here
   85 | @property (nonatomic, readonly, nullable) NSError *error API_DEPRECATED("Use sampleBufferRenderer's error instead", macos(10.10, 15.0), ios(8.0, 18.0), tvos(10.2, 18.0), visionos(1.0, 2.0)) API_UNAVAILABLE(watchos);
      |                                                    ^
/Users/cam/Documents/Projects/ultima-iv-web/vlc-thumbs/work/upstream/vlc-master-story005/extras/package/macosx/../../../modules/video_output/apple/VLCSampleBufferDisplay.m:1019:23: warning: 'flush' is deprecated: first deprecated in macOS 15.0 - Use sampleBufferRenderer's flush instead [-Wdeprecated-declarations]
 1019 |         [displayLayer flush];
      |                       ^
/Applications/Xcode.app/Contents/Developer/Platforms/MacOSX.platform/Developer/SDKs/MacOSX27.0.sdk/System/Library/Frameworks/AVFoundation.framework/Headers/AVSampleBufferDisplayLayer.h:119:1: note: 'flush' has been explicitly marked deprecated here
  119 | - (void)flush API_DEPRECATED("Use sampleBufferRenderer's flush instead", macos(10.8, 15.0), ios(8.0, 18.0), tvos(10.2, 18.0), visionos(1.0, 2.0)) API_UNAVAILABLE(watchos);
      | ^
  CCLD     libwdummy_plugin.la
  CCLD     libwextern_plugin.la
/Users/cam/Documents/Projects/ultima-iv-web/vlc-thumbs/work/upstream/vlc-master-story005/extras/package/macosx/../../../modules/video_output/apple/VLCSampleBufferDisplay.m:1096:30: warning: 'status' is deprecated: first deprecated in macOS 15.0 - Use sampleBufferRenderer's status instead [-Wdeprecated-declarations]
 1096 |         if (sys.displayLayer.status == AVQueuedSampleBufferRenderingStatusFailed)
      |                              ^
/Applications/Xcode.app/Contents/Developer/Platforms/MacOSX.platform/Developer/SDKs/MacOSX27.0.sdk/System/Library/Frameworks/AVFoundation.framework/Headers/AVSampleBufferDisplayLayer.h:80:69: note: 'status' has been explicitly marked deprecated here
   80 | @property (nonatomic, readonly) AVQueuedSampleBufferRenderingStatus status API_DEPRECATED("Use sampleBufferRenderer's status instead", macos(10.10, 15.0), ios(8.0, 18.0), tvos(10.2, 18.0), visionos(1.0, 2.0)) API_UNAVAILABLE(watchos);
      |                                                                     ^
/Users/cam/Documents/Projects/ultima-iv-web/vlc-thumbs/work/upstream/vlc-master-story005/extras/package/macosx/../../../modules/video_output/apple/VLCSampleBufferDisplay.m:1169:27: warning: 'enqueueSampleBuffer:' is deprecated: first deprecated in macOS 15.0 - Use sampleBufferRenderer's enqueueSampleBuffer: instead [-Wdeprecated-declarations]
 1169 |         [sys.displayLayer enqueueSampleBuffer:sampleBuffer];
      |                           ^
/Applications/Xcode.app/Contents/Developer/Platforms/MacOSX.platform/Developer/SDKs/MacOSX27.0.sdk/System/Library/Frameworks/AVFoundation.framework/Headers/AVSampleBufferDisplayLayer.h:112:1: note: 'enqueueSampleBuffer:' has been explicitly marked deprecated here
  112 | - (void)enqueueSampleBuffer:(CMSampleBufferRef)sampleBuffer API_DEPRECATED("Use sampleBufferRenderer's enqueueSampleBuffer: instead", macos(10.8, 15.0), ios(8.0, 18.0), tvos(10.2, 18.0), visionos(1.0, 2.0)) API_UNAVAILABLE(watchos);
      | ^
/Users/cam/Documents/Projects/ultima-iv-web/vlc-thumbs/work/upstream/vlc-master-story005/extras/package/macosx/../../../modules/video_output/apple/VLCSampleBufferDisplay.m:1328:37: warning: unused parameter 'vd' [-Wunused-parameter]
 1328 | static void Display(vout_display_t *vd, picture_t *pic)
      |                                     ^
/Users/cam/Documents/Projects/ultima-iv-web/vlc-thumbs/work/upstream/vlc-master-story005/extras/package/macosx/../../../modules/video_output/apple/VLCSampleBufferDisplay.m:1328:52: warning: unused parameter 'pic' [-Wunused-parameter]
 1328 | static void Display(vout_display_t *vd, picture_t *pic)
      |                                                    ^
/Users/cam/Documents/Projects/ultima-iv-web/vlc-thumbs/work/upstream/vlc-master-story005/extras/package/macosx/../../../modules/video_output/apple/VLCSampleBufferDisplay.m:1346:74: warning: unused parameter 'cbs_opaque' [-Wunused-parameter]
 1346 | static pip_controller_t * CreatePipController( vout_display_t *vd, void *cbs_opaque )
      |                                                                          ^
  CCLD     libvgl_plugin.la
10 warnings generated.
  CCLD     libyuv_plugin.la
  CCLD     libdeinterlace_aarch64_plugin.la
  CCLD     libdeinterlace_sve_plugin.la
  CCLD     libdata_plugin.la
  CXXLD    libdcp_plugin.la
  CCLD     libfilesystem_plugin.la
  CCLD     libidummy_plugin.la
  CCLD     libimem_plugin.la
ld: warning: search path '/Users/cam/Documents/Projects/ultima-iv-web/vlc-thumbs/work/story005-master-baseline/contrib/aarch64-apple-darwin19/lib64' not found
  CCLD     libaccess_imem_plugin.la
  CCLD     libsdp_plugin.la
  CCLD     libtimecode_plugin.la
  CCLD     libvdr_plugin.la
  OBJCLD   libavaudiocapture_plugin.la
  OBJCLD   libavcapture_plugin.la
  CXXLD    libdecklink_plugin.la
  CCLD     libshm_plugin.la
  CCLD     libscreen_plugin.la
  CCLD     libvlc_json.la
  CCLD     libvlc_http.la
  CXXLD    liblive555_plugin.la
  CCLD     libsmb2_plugin.la
  CCLD     libvlc_rtp.la
  CCLD     libvlc_srtp.la
  CCLD     libaccess_output_dummy_plugin.la
  CCLD     libaccess_output_file_plugin.la
  CCLD     libaccess_output_http_plugin.la
  CCLD     libaccess_output_livehttp_plugin.la
  CCLD     libaccess_output_shout_plugin.la
  CCLD     libaccess_http_put_plugin.la
  CCLD     libaccess_output_srt_plugin.la
  CCLD     libaccess_output_rist_plugin.la
  CCLD     libadummy_plugin.la
  CCLD     libafile_plugin.la
  CCLD     libamem_plugin.la
  CCLD     libauhal_plugin.la
  OBJCLD   libavsamplebuffer_plugin.la
  CCLD     libaudiobargraph_a_plugin.la
  CCLD     libchorus_flanger_plugin.la
  CCLD     libdynamics_common.la
  CCLD     libequalizer_plugin.la
  CCLD     libgate_plugin.la
  CCLD     libkaraoke_plugin.la
  CCLD     libnormvol_plugin.la
  CCLD     libgain_plugin.la
  CCLD     libparam_eq_plugin.la
  CCLD     libscaletempo_plugin.la
  CCLD     libscaletempo_pitch_plugin.la
  CXXLD    libspatializer_plugin.la
  CCLD     libdolby_surround_decoder_plugin.la
  CCLD     libheadphone_channel_mixer_plugin.la
  CCLD     libmono_plugin.la
  CCLD     libremap_plugin.la
  CCLD     libsimple_channel_mixer_plugin.la
  CCLD     libtrivial_channel_mixer_plugin.la
  CXXLD    libspatialaudio_plugin.la
  CCLD     libtospdif_plugin.la
  CCLD     libsamplerate_plugin.la
  CCLD     libsoxr_plugin.la
  CCLD     libugly_resampler_plugin.la
  CCLD     libspeex_resampler_plugin.la
  CCLD     libfloat_mixer_plugin.la
  CCLD     libinteger_mixer_plugin.la
  CCLD     libi420_rgb_plugin.la
  CCLD     libchroma_copy.la
  CCLD     libi422_i420_plugin.la
  CCLD     libgrey_yuv_plugin.la
  CCLD     libyuy2_i420_plugin.la
  CCLD     libyuy2_i422_plugin.la
  CCLD     librv32_plugin.la
  CCLD     libchain_plugin.la
  CCLD     libyuvp_plugin.la
  CCLD     liborient_plugin.la
  CCLD     libswscale_plugin.la
  CCLD     libcvpx_plugin.la
  CCLD     libaribcaption_plugin.la
  CCLD     libaribsub_plugin.la
  CCLD     libspudec_plugin.la
  CCLD     libttml_plugin.la
  CCLD     libwebvtt_plugin.la
  CCLD     libvideotoolbox_plugin.la
  CCLD     libvideotoolbox_enc_plugin.la
  CCLD     libavcodec_plugin.la
  CCLD     libdummy_plugin.la
ld: warning: object file (/Users/cam/Documents/Projects/ultima-iv-web/vlc-thumbs/work/story005-master-baseline/modules/.libs/libvlc_vtutils.a[3](vt_utils_native.o)) was built for newer 'macOS' version (27.0) than being linked (11.0)
  CCLD     libgestures_plugin.la
ld: warning: object file (/Users/cam/Documents/Projects/ultima-iv-web/vlc-thumbs/work/story005-master-baseline/modules/.libs/libvlc_vtutils.a[3](vt_utils_native.o)) was built for newer 'macOS' version (27.0) than being linked (11.0)
  CCLD     libhotkeys_plugin.la
  CCLD     librc_plugin.la
  CCLD     libflacsys_plugin.la
  CCLD     libogg_plugin.la
  CCLD     libps_plugin.la
  CCLD     libasf_plugin.la
  CCLD     libavi_plugin.la
  CCLD     libvlc_mp4.la
  CCLD     libplaylist_plugin.la
  CCLD     libts_plugin.la
  CCLD     libytdl_plugin.la
  CCLD     libnoseek_plugin.la
  CXXLD    libdemux_chromecast_plugin.la
  CCLD     libncurses_plugin.la
  OBJCLD   libmacosx_plugin.la
  OBJCXXLD libskins2_plugin.la
  OBJCLD   libmacosx_dialogs_plugin.la
clang: warning: no such sysroot directory: '/Applications/Xcode.app/Contents/Developer/Platforms/MacOSX.platform/Developer/SDKs/MacOSX26.2.sdk' [-Wmissing-sysroot]
ld: library 'm' not found
clang: error: linker command failed with exit code 1 (use -v to see invocation)
make[4]: *** [libncurses_plugin.la] Error 1
make[4]: *** Waiting for unfinished jobs....
ld: warning: object file (/Users/cam/Documents/Projects/ultima-iv-web/vlc-thumbs/work/story005-master-baseline/modules/gui/skins2/macosx/.libs/libskins2_plugin_la-macosx_dragdrop.o) was built for newer 'macOS' version (27.0) than being linked (11.0)
ld: warning: object file (/Users/cam/Documents/Projects/ultima-iv-web/vlc-thumbs/work/story005-master-baseline/modules/gui/skins2/macosx/.libs/libskins2_plugin_la-macosx_factory.o) was built for newer 'macOS' version (27.0) than being linked (11.0)
ld: warning: object file (/Users/cam/Documents/Projects/ultima-iv-web/vlc-thumbs/work/story005-master-baseline/modules/gui/skins2/macosx/.libs/libskins2_plugin_la-macosx_graphics.o) was built for newer 'macOS' version (27.0) than being linked (11.0)
ld: warning: object file (/Users/cam/Documents/Projects/ultima-iv-web/vlc-thumbs/work/story005-master-baseline/modules/gui/skins2/macosx/.libs/libskins2_plugin_la-macosx_loop.o) was built for newer 'macOS' version (27.0) than being linked (11.0)
ld: warning: object file (/Users/cam/Documents/Projects/ultima-iv-web/vlc-thumbs/work/story005-master-baseline/modules/gui/skins2/macosx/.libs/libskins2_plugin_la-macosx_popup.o) was built for newer 'macOS' version (27.0) than being linked (11.0)
ld: warning: object file (/Users/cam/Documents/Projects/ultima-iv-web/vlc-thumbs/work/story005-master-baseline/modules/gui/skins2/macosx/.libs/libskins2_plugin_la-macosx_timer.o) was built for newer 'macOS' version (27.0) than being linked (11.0)
ld: warning: object file (/Users/cam/Documents/Projects/ultima-iv-web/vlc-thumbs/work/story005-master-baseline/modules/gui/skins2/macosx/.libs/libskins2_plugin_la-macosx_tooltip.o) was built for newer 'macOS' version (27.0) than being linked (11.0)
ld: warning: object file (/Users/cam/Documents/Projects/ultima-iv-web/vlc-thumbs/work/story005-master-baseline/modules/gui/skins2/macosx/.libs/libskins2_plugin_la-macosx_window.o) was built for newer 'macOS' version (27.0) than being linked (11.0)
make[3]: *** [all-recursive] Error 1
make[2]: *** [all] Error 2
make[1]: *** [all-recursive] Error 1
make: *** [all] Error 2
