Setting base environment
Using VLC root dir /Users/cam/Documents/Projects/ultima-iv-web/vlc-thumbs/work/upstream/vlc-master-story005-candidate, build triplet aarch64-apple-darwin19 and host triplet aarch64-apple-darwin19
Setting contrib environment with minimum macOS version 10.13 and SDK 27.0 at /Applications/Xcode.app/Contents/Developer/Platforms/MacOSX.platform/Developer/SDKs/MacOSX27.0.sdk using Xcode 27.0
Build version 27A266a
grep -- " ffmpeg-9.0.tar.xz$" "../../../upstream/vlc-master-story005-candidate/contrib/src/ffmpeg/SHA512SUMS" && (cd ../../../upstream/vlc-master-story005-candidate/contrib/tarballs && sha512sum --check /dev/stdin) < "../../../upstream/vlc-master-story005-candidate/contrib/src/ffmpeg/SHA512SUMS"
touch .dep-zlib
grep -- " gsm-1.0-pl22.tar.gz$" "../../../upstream/vlc-master-story005-candidate/contrib/src/gsm/SHA512SUMS" && (cd ../../../upstream/vlc-master-story005-candidate/contrib/tarballs && sha512sum --check /dev/stdin) < "../../../upstream/vlc-master-story005-candidate/contrib/src/gsm/SHA512SUMS"
grep -- " openjpeg-2.5.4.tar.gz$" "../../../upstream/vlc-master-story005-candidate/contrib/src/openjpeg/SHA512SUMS" && (cd ../../../upstream/vlc-master-story005-candidate/contrib/tarballs && sha512sum --check /dev/stdin) < "../../../upstream/vlc-master-story005-candidate/contrib/src/openjpeg/SHA512SUMS"
CC="/Applications/Xcode.app/Contents/Developer/Toolchains/XcodeDefault.xctoolchain/usr/bin/clang" CXX="/Applications/Xcode.app/Contents/Developer/Toolchains/XcodeDefault.xctoolchain/usr/bin/clang++" OBJC="/Applications/Xcode.app/Contents/Developer/Toolchains/XcodeDefault.xctoolchain/usr/bin/clang" OBJCXX="/Applications/Xcode.app/Contents/Developer/Toolchains/XcodeDefault.xctoolchain/usr/bin/clang++" LD="ld" AR="/Applications/Xcode.app/Contents/Developer/Toolchains/XcodeDefault.xctoolchain/usr/bin/ar" CCAS="/Applications/Xcode.app/Contents/Developer/Toolchains/XcodeDefault.xctoolchain/usr/bin/clang -c" RANLIB="/Applications/Xcode.app/Contents/Developer/Toolchains/XcodeDefault.xctoolchain/usr/bin/ranlib" STRIP="/Applications/Xcode.app/Contents/Developer/Toolchains/XcodeDefault.xctoolchain/usr/bin/strip" PKG_CONFIG="pkg-config" HOST_ARCH="aarch64" SYSTEM_NAME="Darwin" OSX_ARCHITECTURES="arm64" OSX_DEPLOYMENT_TARGET="10.13" OSX_SYSROOT="/Applications/Xcode.app/Contents/Developer/Platforms/MacOSX.platform/Developer/SDKs/MacOSX27.0.sdk" FIND_ROOT_PATH="/Users/cam/Documents/Projects/ultima-iv-web/vlc-thumbs/work/story005-master-candidate/contrib/aarch64-apple-darwin19" ../../../upstream/vlc-master-story005-candidate/contrib/src/gen-cmake-toolchain.py toolchain.cmake
2e2fea606b290c306bdef13b4c8efb7a4b138ffa16f94f608f85877f5e7ca93980bda8219eeeed8343c463d302c7a2c46b14902ccbbe1e53483f9411b31b9c69  ffmpeg-9.0.tar.xz
f4284f096ed4d606ddece5c1b28edb63feacc26a0b664f1350c040dbf50113d27bedfd9896bf1620cb4fc3a6c8f6a5244955a6c625ded833dcee607c63c97dd2  gsm-1.0-pl22.tar.gz
702a10e20caaf8209684ded7c9fcf32f5ba6a972cf2d9fcf2611cdc6a446d2c3bb60324205758e6b6f92278c8cf4ef0fbae511e6ffb45ed6e8df514db0c6ab25  openjpeg-2.5.4.tar.gz
gsm-1.0-pl22.tar.gz: OK
touch .sum-gsm
grep -- " lame-3.100.tar.gz$" "../../../upstream/vlc-master-story005-candidate/contrib/src/lame/SHA512SUMS" && (cd ../../../upstream/vlc-master-story005-candidate/contrib/tarballs && sha512sum --check /dev/stdin) < "../../../upstream/vlc-master-story005-candidate/contrib/src/lame/SHA512SUMS"
openjpeg-2.5.4.tar.gz: OK
touch .sum-openjpeg
rm -f -R gsm gsm-1.0-pl22  && tar xfo ../../../upstream/vlc-master-story005-candidate/contrib/tarballs/gsm-1.0-pl22.tar.gz 
0844b9eadb4aacf8000444621451277de365041cc1d97b7f7a589da0b7a23899310afd4e4d81114b9912aa97832621d20588034715573d417b2923948c08634b  lame-3.100.tar.gz
lame-3.100.tar.gz: OK
ffmpeg-9.0.tar.xz: OK
touch .sum-lame
touch .sum-ffmpeg
rm -f -R openjpeg openjpeg-2.5.4  && tar xfo ../../../upstream/vlc-master-story005-candidate/contrib/tarballs/openjpeg-2.5.4.tar.gz 
rm -f -R lame lame-3.100  && tar xfo ../../../upstream/vlc-master-story005-candidate/contrib/tarballs/lame-3.100.tar.gz 
# allow overriding hardcoded compiler variables
sed -i.orig 's,^CC	,#CC,' "gsm-1.0-pl22/Makefile"
sed -i.orig 's,^LD	,#LD,' "gsm-1.0-pl22/Makefile"
sed -i.orig 's,^AR	,#AR,' "gsm-1.0-pl22/Makefile"
sed -i.orig 's,^RANLIB	,#RANLIB,' "gsm-1.0-pl22/Makefile"
# allow overriding hardcoded install variables
sed -i.orig 's,GSM_INSTALL_ROOT =,GSM_INSTALL_ROOT ?=,' "gsm-1.0-pl22/Makefile"
sed -i.orig 's,GSM_INSTALL_INC =,GSM_INSTALL_INC ?=,' "gsm-1.0-pl22/Makefile"
sed -i.orig 's,GSM_INSTALL_MAN =,GSM_INSTALL_MAN ?=,' "gsm-1.0-pl22/Makefile"
# use the default make rules (use CPPFLAGS)
sed -i.orig 's,^.c.o:,#.c.o:,' "gsm-1.0-pl22/Makefile"
sed -i.orig 's,^		$(CC),#		$(CC),' "gsm-1.0-pl22/Makefile"
sed -i.orig 's,^		@-mv,#		@-mv,' "gsm-1.0-pl22/Makefile"
# for dir in /Users/cam/Documents/Projects/ultima-iv-web/vlc-thumbs/work/upstream/vlc-master-story005-candidate/extras/tools/build/share/autoconf-vlc/build-aux /Users/cam/Documents/Projects/ultima-iv-web/vlc-thumbs/work/upstream/vlc-master-story005/extras/tools/build/share/autoconf-vlc/build-aux /Users/cam/Documents/Projects/ultima-iv-web/vlc-thumbs/work/upstream/vlc-master-story005/extras/tools/build/share/autoconf/build-aux      ; do if test -f "${dir}/config.sub" -a -f "${dir}/config.guess"; then install -p "${dir}/config.guess" "lame-3.100/./"; install -p "${dir}/config.sub"   "lame-3.100/./"; break; fi; done
sed -i.orig 's,make \$,$(MAKE) \$,' "gsm-1.0-pl22/Makefile"
(cd lame-3.100 && patch -fp1) < ../../../upstream/vlc-master-story005-candidate/contrib/src/lame/lame-forceinline.patch
mv gsm-1.0-pl22 gsm && touch gsm
patching file 'libmp3lame/vbrquantize.c'
(cd lame-3.100 && patch -fp1) < ../../../upstream/vlc-master-story005-candidate/contrib/src/lame/sse.patch
rm -f -R ffmpeg ffmpeg-9.0  && tar xfo ../../../upstream/vlc-master-story005-candidate/contrib/tarballs/ffmpeg-9.0.tar.xz 
patching file 'libmp3lame/vector/xmm_quantize_sub.c'
(cd lame-3.100 && patch -fp1) < ../../../upstream/vlc-master-story005-candidate/contrib/src/lame/lame-fix-i386-on-aarch64.patch
(cd openjpeg-2.5.4 && patch -fp1) < ../../../upstream/vlc-master-story005-candidate/contrib/src/openjpeg/5e258319332800f7a9937dc0b8b16b19a07dea8f.patch
patching file configure.in
# Avoid relying on iconv.m4 from gettext, when reconfiguring.
# This is only used by the frontend which we disable.
patching file CMakeLists.txt
(cd openjpeg-2.5.4 && patch -fp1) < ../../../upstream/vlc-master-story005-candidate/contrib/src/openjpeg/7b508bb00f7fc5e7b61a6035fc4e2622d4ddff0d.patch
sed -i.orig 's/^AM_ICONV/#&/' lame-3.100/configure.in
mv lame-3.100 lame && touch lame
patching file CMakeLists.txt
(cd openjpeg-2.5.4 && patch -fp1) < ../../../upstream/vlc-master-story005-candidate/contrib/src/openjpeg/839936aa33eb8899bbbd80fda02796bb65068951.patch
install -d "/Users/cam/Documents/Projects/ultima-iv-web/vlc-thumbs/work/story005-master-candidate/contrib/aarch64-apple-darwin19/lib" "/Users/cam/Documents/Projects/ultima-iv-web/vlc-thumbs/work/story005-master-candidate/contrib/aarch64-apple-darwin19/include/gsm" "/Users/cam/Documents/Projects/ultima-iv-web/vlc-thumbs/work/story005-master-candidate/contrib/aarch64-apple-darwin19/share/man/man3"
patching file 'src/lib/openjp2/pi.c'
(cd openjpeg-2.5.4 && ../../../../upstream/vlc-master-story005-candidate/contrib/src/pkg-static.sh "./src/lib/openjp2/libopenjp2.pc.cmake.in")
CC="/Applications/Xcode.app/Contents/Developer/Toolchains/XcodeDefault.xctoolchain/usr/bin/clang" CXX="/Applications/Xcode.app/Contents/Developer/Toolchains/XcodeDefault.xctoolchain/usr/bin/clang++" OBJC="/Applications/Xcode.app/Contents/Developer/Toolchains/XcodeDefault.xctoolchain/usr/bin/clang" OBJCXX="/Applications/Xcode.app/Contents/Developer/Toolchains/XcodeDefault.xctoolchain/usr/bin/clang++" LD="ld" AR="/Applications/Xcode.app/Contents/Developer/Toolchains/XcodeDefault.xctoolchain/usr/bin/ar" CCAS="/Applications/Xcode.app/Contents/Developer/Toolchains/XcodeDefault.xctoolchain/usr/bin/clang -c" RANLIB="/Applications/Xcode.app/Contents/Developer/Toolchains/XcodeDefault.xctoolchain/usr/bin/ranlib" STRIP="/Applications/Xcode.app/Contents/Developer/Toolchains/XcodeDefault.xctoolchain/usr/bin/strip" PKG_CONFIG="pkg-config" CPPFLAGS=" -isysroot /Applications/Xcode.app/Contents/Developer/Platforms/MacOSX.platform/Developer/SDKs/MacOSX27.0.sdk -mmacosx-version-min=10.13 -DMACOSX_DEPLOYMENT_TARGET=10.13 -arch arm64 -I/Users/cam/Documents/Projects/ultima-iv-web/vlc-thumbs/work/story005-master-candidate/contrib/aarch64-apple-darwin19/include -fPIC" CFLAGS="-Werror=partial-availability -isysroot /Applications/Xcode.app/Contents/Developer/Platforms/MacOSX.platform/Developer/SDKs/MacOSX27.0.sdk -mmacosx-version-min=10.13 -DMACOSX_DEPLOYMENT_TARGET=10.13 -arch arm64 -I/Users/cam/Documents/Projects/ultima-iv-web/vlc-thumbs/work/story005-master-candidate/contrib/aarch64-apple-darwin19/include  -g -O2 -fPIC" CXXFLAGS="-Werror=partial-availability -isysroot /Applications/Xcode.app/Contents/Developer/Platforms/MacOSX.platform/Developer/SDKs/MacOSX27.0.sdk -mmacosx-version-min=10.13 -DMACOSX_DEPLOYMENT_TARGET=10.13 -arch arm64 -I/Users/cam/Documents/Projects/ultima-iv-web/vlc-thumbs/work/story005-master-candidate/contrib/aarch64-apple-darwin19/include -stdlib=libc++  -g -O2 -fPIC" LDFLAGS=" -L/Users/cam/Documents/Projects/ultima-iv-web/vlc-thumbs/work/story005-master-candidate/contrib/aarch64-apple-darwin19/lib -isysroot /Applications/Xcode.app/Contents/Developer/Platforms/MacOSX.platform/Developer/SDKs/MacOSX27.0.sdk -mmacosx-version-min=10.13 -DMACOSX_DEPLOYMENT_TARGET=10.13 -arch arm64" GSM_INSTALL_ROOT="/Users/cam/Documents/Projects/ultima-iv-web/vlc-thumbs/work/story005-master-candidate/contrib/aarch64-apple-darwin19" GSM_INSTALL_INC="/Users/cam/Documents/Projects/ultima-iv-web/vlc-thumbs/work/story005-master-candidate/contrib/aarch64-apple-darwin19/include/gsm" GSM_INSTALL_MAN="/Users/cam/Documents/Projects/ultima-iv-web/vlc-thumbs/work/story005-master-candidate/contrib/aarch64-apple-darwin19/share/man/man3" /Applications/Xcode.app/Contents/Developer/usr/bin/make -C gsm gsminstall
cat toolchain.cmake
# CMake toolchain automatically generated by contrib makefile
set(CMAKE_SYSTEM_PROCESSOR aarch64)
set(CMAKE_SYSTEM_NAME Darwin)
set(CMAKE_RANLIB /Applications/Xcode.app/Contents/Developer/Toolchains/XcodeDefault.xctoolchain/usr/bin/ranlib)
set(CMAKE_C_COMPILER_RANLIB /Applications/Xcode.app/Contents/Developer/Toolchains/XcodeDefault.xctoolchain/usr/bin/ranlib)
set(CMAKE_CXX_COMPILER_RANLIB /Applications/Xcode.app/Contents/Developer/Toolchains/XcodeDefault.xctoolchain/usr/bin/ranlib)
set(CMAKE_AR /Applications/Xcode.app/Contents/Developer/Toolchains/XcodeDefault.xctoolchain/usr/bin/ar)
set(CMAKE_C_COMPILER_AR /Applications/Xcode.app/Contents/Developer/Toolchains/XcodeDefault.xctoolchain/usr/bin/ar)
set(CMAKE_CXX_COMPILER_AR /Applications/Xcode.app/Contents/Developer/Toolchains/XcodeDefault.xctoolchain/usr/bin/ar)
set(CMAKE_LINKER ld)
set(CMAKE_OSX_SYSROOT "/Applications/Xcode.app/Contents/Developer/Platforms/MacOSX.platform/Developer/SDKs/MacOSX27.0.sdk" CACHE STRING "")
set(CMAKE_OSX_ARCHITECTURES "arm64" CACHE STRING "")
set(CMAKE_OSX_DEPLOYMENT_TARGET "10.13" CACHE STRING "")
set(CMAKE_C_COMPILER /Applications/Xcode.app/Contents/Developer/Toolchains/XcodeDefault.xctoolchain/usr/bin/clang)
set(CMAKE_CXX_COMPILER /Applications/Xcode.app/Contents/Developer/Toolchains/XcodeDefault.xctoolchain/usr/bin/clang++)
set(PKG_CONFIG_EXECUTABLE pkg-config)
set(CMAKE_FIND_ROOT_PATH /Users/cam/Documents/Projects/ultima-iv-web/vlc-thumbs/work/story005-master-candidate/contrib/aarch64-apple-darwin19)
set(CMAKE_FIND_ROOT_PATH_MODE_PROGRAM NEVER)
mkdir -p -- /Users/cam/Documents/Projects/ultima-iv-web/vlc-thumbs/work/story005-master-candidate/contrib/aarch64-apple-darwin19/share/aclocal && cd lame && autom4te_buildauxdir=/Users/cam/Documents/Projects/ultima-iv-web/vlc-thumbs/work/upstream/vlc-master-story005-candidate/extras/tools/build/share/autoconf-vlc/build-aux GTKDOCIZE=true autoreconf -fiv
if [ x"/Users/cam/Documents/Projects/ultima-iv-web/vlc-thumbs/work/story005-master-candidate/contrib/aarch64-apple-darwin19" != x ] ; then	\
			/Applications/Xcode.app/Contents/Developer/usr/bin/make /Users/cam/Documents/Projects/ultima-iv-web/vlc-thumbs/work/story005-master-candidate/contrib/aarch64-apple-darwin19/lib/libgsm.a /Users/cam/Documents/Projects/ultima-iv-web/vlc-thumbs/work/story005-master-candidate/contrib/aarch64-apple-darwin19/include/gsm/gsm.h /Users/cam/Documents/Projects/ultima-iv-web/vlc-thumbs/work/story005-master-candidate/contrib/aarch64-apple-darwin19/share/man/man3/gsm.3 /Users/cam/Documents/Projects/ultima-iv-web/vlc-thumbs/work/story005-master-candidate/contrib/aarch64-apple-darwin19/share/man/man3/gsm_explode.3 /Users/cam/Documents/Projects/ultima-iv-web/vlc-thumbs/work/story005-master-candidate/contrib/aarch64-apple-darwin19/share/man/man3/gsm_option.3 /Users/cam/Documents/Projects/ultima-iv-web/vlc-thumbs/work/story005-master-candidate/contrib/aarch64-apple-darwin19/share/man/man3/gsm_print.3 ;	\
		fi
/Applications/Xcode.app/Contents/Developer/Toolchains/XcodeDefault.xctoolchain/usr/bin/clang -c -O2 -DNeedFunctionPrototypes=1 -Wall -Wno-comment -DSASR     -DWAV49  -I./inc  -isysroot /Applications/Xcode.app/Contents/Developer/Platforms/MacOSX.platform/Developer/SDKs/MacOSX27.0.sdk -mmacosx-version-min=10.13 -DMACOSX_DEPLOYMENT_TARGET=10.13 -arch arm64 -I/Users/cam/Documents/Projects/ultima-iv-web/vlc-thumbs/work/story005-master-candidate/contrib/aarch64-apple-darwin19/include -fPIC  -c -o src/add.o src/add.c
/Applications/Xcode.app/Contents/Developer/Toolchains/XcodeDefault.xctoolchain/usr/bin/clang -c -O2 -DNeedFunctionPrototypes=1 -Wall -Wno-comment -DSASR     -DWAV49  -I./inc  -isysroot /Applications/Xcode.app/Contents/Developer/Platforms/MacOSX.platform/Developer/SDKs/MacOSX27.0.sdk -mmacosx-version-min=10.13 -DMACOSX_DEPLOYMENT_TARGET=10.13 -arch arm64 -I/Users/cam/Documents/Projects/ultima-iv-web/vlc-thumbs/work/story005-master-candidate/contrib/aarch64-apple-darwin19/include -fPIC  -c -o src/code.o src/code.c
autoreconf: export WARNINGS=
autoreconf: warning: autoconf input should be named 'configure.ac', not 'configure.in'
autoreconf: Entering directory '.'
autoreconf: configure.in: no obvious need to run autopoint
/Applications/Xcode.app/Contents/Developer/Toolchains/XcodeDefault.xctoolchain/usr/bin/clang -c -O2 -DNeedFunctionPrototypes=1 -Wall -Wno-comment -DSASR     -DWAV49  -I./inc  -isysroot /Applications/Xcode.app/Contents/Developer/Platforms/MacOSX.platform/Developer/SDKs/MacOSX27.0.sdk -mmacosx-version-min=10.13 -DMACOSX_DEPLOYMENT_TARGET=10.13 -arch arm64 -I/Users/cam/Documents/Projects/ultima-iv-web/vlc-thumbs/work/story005-master-candidate/contrib/aarch64-apple-darwin19/include -fPIC  -c -o src/debug.o src/debug.c
mv openjpeg-2.5.4 openjpeg && touch openjpeg
/Applications/Xcode.app/Contents/Developer/Toolchains/XcodeDefault.xctoolchain/usr/bin/clang -c -O2 -DNeedFunctionPrototypes=1 -Wall -Wno-comment -DSASR     -DWAV49  -I./inc  -isysroot /Applications/Xcode.app/Contents/Developer/Platforms/MacOSX.platform/Developer/SDKs/MacOSX27.0.sdk -mmacosx-version-min=10.13 -DMACOSX_DEPLOYMENT_TARGET=10.13 -arch arm64 -I/Users/cam/Documents/Projects/ultima-iv-web/vlc-thumbs/work/story005-master-candidate/contrib/aarch64-apple-darwin19/include -fPIC  -c -o src/decode.o src/decode.c
/Applications/Xcode.app/Contents/Developer/Toolchains/XcodeDefault.xctoolchain/usr/bin/clang -c -O2 -DNeedFunctionPrototypes=1 -Wall -Wno-comment -DSASR     -DWAV49  -I./inc  -isysroot /Applications/Xcode.app/Contents/Developer/Platforms/MacOSX.platform/Developer/SDKs/MacOSX27.0.sdk -mmacosx-version-min=10.13 -DMACOSX_DEPLOYMENT_TARGET=10.13 -arch arm64 -I/Users/cam/Documents/Projects/ultima-iv-web/vlc-thumbs/work/story005-master-candidate/contrib/aarch64-apple-darwin19/include -fPIC  -c -o src/long_term.o src/long_term.c
/Applications/Xcode.app/Contents/Developer/Toolchains/XcodeDefault.xctoolchain/usr/bin/clang -c -O2 -DNeedFunctionPrototypes=1 -Wall -Wno-comment -DSASR     -DWAV49  -I./inc  -isysroot /Applications/Xcode.app/Contents/Developer/Platforms/MacOSX.platform/Developer/SDKs/MacOSX27.0.sdk -mmacosx-version-min=10.13 -DMACOSX_DEPLOYMENT_TARGET=10.13 -arch arm64 -I/Users/cam/Documents/Projects/ultima-iv-web/vlc-thumbs/work/story005-master-candidate/contrib/aarch64-apple-darwin19/include -fPIC  -c -o src/lpc.o src/lpc.c
/Applications/Xcode.app/Contents/Developer/Toolchains/XcodeDefault.xctoolchain/usr/bin/clang -c -O2 -DNeedFunctionPrototypes=1 -Wall -Wno-comment -DSASR     -DWAV49  -I./inc  -isysroot /Applications/Xcode.app/Contents/Developer/Platforms/MacOSX.platform/Developer/SDKs/MacOSX27.0.sdk -mmacosx-version-min=10.13 -DMACOSX_DEPLOYMENT_TARGET=10.13 -arch arm64 -I/Users/cam/Documents/Projects/ultima-iv-web/vlc-thumbs/work/story005-master-candidate/contrib/aarch64-apple-darwin19/include -fPIC  -c -o src/preprocess.o src/preprocess.c
rm -f openjpeg/vlc_build/CMakeCache.txt
CPPFLAGS=" -isysroot /Applications/Xcode.app/Contents/Developer/Platforms/MacOSX.platform/Developer/SDKs/MacOSX27.0.sdk -mmacosx-version-min=10.13 -DMACOSX_DEPLOYMENT_TARGET=10.13 -arch arm64 -I/Users/cam/Documents/Projects/ultima-iv-web/vlc-thumbs/work/story005-master-candidate/contrib/aarch64-apple-darwin19/include" CFLAGS="-Werror=partial-availability -isysroot /Applications/Xcode.app/Contents/Developer/Platforms/MacOSX.platform/Developer/SDKs/MacOSX27.0.sdk -mmacosx-version-min=10.13 -DMACOSX_DEPLOYMENT_TARGET=10.13 -arch arm64 -I/Users/cam/Documents/Projects/ultima-iv-web/vlc-thumbs/work/story005-master-candidate/contrib/aarch64-apple-darwin19/include" CXXFLAGS="-Werror=partial-availability -isysroot /Applications/Xcode.app/Contents/Developer/Platforms/MacOSX.platform/Developer/SDKs/MacOSX27.0.sdk -mmacosx-version-min=10.13 -DMACOSX_DEPLOYMENT_TARGET=10.13 -arch arm64 -I/Users/cam/Documents/Projects/ultima-iv-web/vlc-thumbs/work/story005-master-candidate/contrib/aarch64-apple-darwin19/include -stdlib=libc++" LDFLAGS=" -L/Users/cam/Documents/Projects/ultima-iv-web/vlc-thumbs/work/story005-master-candidate/contrib/aarch64-apple-darwin19/lib -isysroot /Applications/Xcode.app/Contents/Developer/Platforms/MacOSX.platform/Developer/SDKs/MacOSX27.0.sdk -mmacosx-version-min=10.13 -DMACOSX_DEPLOYMENT_TARGET=10.13 -arch arm64" cmake -S openjpeg -B openjpeg/vlc_build -DCMAKE_POSITION_INDEPENDENT_CODE=ON -DBUILD_SHARED_LIBS:BOOL=OFF -DCMAKE_INSTALL_LIBDIR:STRING=lib -DBUILD_TESTING:BOOL=OFF -G Ninja -DCMAKE_TOOLCHAIN_FILE=/Users/cam/Documents/Projects/ultima-iv-web/vlc-thumbs/work/story005-master-candidate/contrib/contrib-aarch64-apple-darwin19/toolchain.cmake -DCMAKE_INSTALL_PREFIX:STRING=/Users/cam/Documents/Projects/ultima-iv-web/vlc-thumbs/work/story005-master-candidate/contrib/aarch64-apple-darwin19 -DCMAKE_BUILD_TYPE=RelWithDebInfo -DCMAKE_REQUIRED_FLAGS="-Werror=partial-availability" -DCMAKE_IGNORE_PATH="/sw/lib;/opt/local/lib;/usr/local/lib;/sw/include;/opt/local/include;/usr/local/include" -DBUILD_PKGCONFIG_FILES=ON -DBUILD_CODEC:bool=OFF
/Applications/Xcode.app/Contents/Developer/Toolchains/XcodeDefault.xctoolchain/usr/bin/clang -c -O2 -DNeedFunctionPrototypes=1 -Wall -Wno-comment -DSASR     -DWAV49  -I./inc  -isysroot /Applications/Xcode.app/Contents/Developer/Platforms/MacOSX.platform/Developer/SDKs/MacOSX27.0.sdk -mmacosx-version-min=10.13 -DMACOSX_DEPLOYMENT_TARGET=10.13 -arch arm64 -I/Users/cam/Documents/Projects/ultima-iv-web/vlc-thumbs/work/story005-master-candidate/contrib/aarch64-apple-darwin19/include -fPIC  -c -o src/rpe.o src/rpe.c
/Applications/Xcode.app/Contents/Developer/Toolchains/XcodeDefault.xctoolchain/usr/bin/clang -c -O2 -DNeedFunctionPrototypes=1 -Wall -Wno-comment -DSASR     -DWAV49  -I./inc  -isysroot /Applications/Xcode.app/Contents/Developer/Platforms/MacOSX.platform/Developer/SDKs/MacOSX27.0.sdk -mmacosx-version-min=10.13 -DMACOSX_DEPLOYMENT_TARGET=10.13 -arch arm64 -I/Users/cam/Documents/Projects/ultima-iv-web/vlc-thumbs/work/story005-master-candidate/contrib/aarch64-apple-darwin19/include -fPIC  -c -o src/gsm_destroy.o src/gsm_destroy.c
/Applications/Xcode.app/Contents/Developer/Toolchains/XcodeDefault.xctoolchain/usr/bin/clang -c -O2 -DNeedFunctionPrototypes=1 -Wall -Wno-comment -DSASR     -DWAV49  -I./inc  -isysroot /Applications/Xcode.app/Contents/Developer/Platforms/MacOSX.platform/Developer/SDKs/MacOSX27.0.sdk -mmacosx-version-min=10.13 -DMACOSX_DEPLOYMENT_TARGET=10.13 -arch arm64 -I/Users/cam/Documents/Projects/ultima-iv-web/vlc-thumbs/work/story005-master-candidate/contrib/aarch64-apple-darwin19/include -fPIC  -c -o src/gsm_decode.o src/gsm_decode.c
/Applications/Xcode.app/Contents/Developer/Toolchains/XcodeDefault.xctoolchain/usr/bin/clang -c -O2 -DNeedFunctionPrototypes=1 -Wall -Wno-comment -DSASR     -DWAV49  -I./inc  -isysroot /Applications/Xcode.app/Contents/Developer/Platforms/MacOSX.platform/Developer/SDKs/MacOSX27.0.sdk -mmacosx-version-min=10.13 -DMACOSX_DEPLOYMENT_TARGET=10.13 -arch arm64 -I/Users/cam/Documents/Projects/ultima-iv-web/vlc-thumbs/work/story005-master-candidate/contrib/aarch64-apple-darwin19/include -fPIC  -c -o src/gsm_encode.o src/gsm_encode.c
/Applications/Xcode.app/Contents/Developer/Toolchains/XcodeDefault.xctoolchain/usr/bin/clang -c -O2 -DNeedFunctionPrototypes=1 -Wall -Wno-comment -DSASR     -DWAV49  -I./inc  -isysroot /Applications/Xcode.app/Contents/Developer/Platforms/MacOSX.platform/Developer/SDKs/MacOSX27.0.sdk -mmacosx-version-min=10.13 -DMACOSX_DEPLOYMENT_TARGET=10.13 -arch arm64 -I/Users/cam/Documents/Projects/ultima-iv-web/vlc-thumbs/work/story005-master-candidate/contrib/aarch64-apple-darwin19/include -fPIC  -c -o src/gsm_explode.o src/gsm_explode.c
/Applications/Xcode.app/Contents/Developer/Toolchains/XcodeDefault.xctoolchain/usr/bin/clang -c -O2 -DNeedFunctionPrototypes=1 -Wall -Wno-comment -DSASR     -DWAV49  -I./inc  -isysroot /Applications/Xcode.app/Contents/Developer/Platforms/MacOSX.platform/Developer/SDKs/MacOSX27.0.sdk -mmacosx-version-min=10.13 -DMACOSX_DEPLOYMENT_TARGET=10.13 -arch arm64 -I/Users/cam/Documents/Projects/ultima-iv-web/vlc-thumbs/work/story005-master-candidate/contrib/aarch64-apple-darwin19/include -fPIC  -c -o src/gsm_implode.o src/gsm_implode.c
/Applications/Xcode.app/Contents/Developer/Toolchains/XcodeDefault.xctoolchain/usr/bin/clang -c -O2 -DNeedFunctionPrototypes=1 -Wall -Wno-comment -DSASR     -DWAV49  -I./inc  -isysroot /Applications/Xcode.app/Contents/Developer/Platforms/MacOSX.platform/Developer/SDKs/MacOSX27.0.sdk -mmacosx-version-min=10.13 -DMACOSX_DEPLOYMENT_TARGET=10.13 -arch arm64 -I/Users/cam/Documents/Projects/ultima-iv-web/vlc-thumbs/work/story005-master-candidate/contrib/aarch64-apple-darwin19/include -fPIC  -c -o src/gsm_create.o src/gsm_create.c
src/gsm_create.c:7:19: warning: unused variable 'ident' [-Wunused-const-variable]
    7 | static char const       ident[] = "$Header: /tmp_amd/presto/export/kbs/jutta/src/gsm/RCS/gsm_create.c,v 1.4 1996/07/02 09:59:05 jutta Exp $";
      |                         ^~~~~
1 warning generated.
/Applications/Xcode.app/Contents/Developer/Toolchains/XcodeDefault.xctoolchain/usr/bin/clang -c -O2 -DNeedFunctionPrototypes=1 -Wall -Wno-comment -DSASR     -DWAV49  -I./inc  -isysroot /Applications/Xcode.app/Contents/Developer/Platforms/MacOSX.platform/Developer/SDKs/MacOSX27.0.sdk -mmacosx-version-min=10.13 -DMACOSX_DEPLOYMENT_TARGET=10.13 -arch arm64 -I/Users/cam/Documents/Projects/ultima-iv-web/vlc-thumbs/work/story005-master-candidate/contrib/aarch64-apple-darwin19/include -fPIC  -c -o src/gsm_print.o src/gsm_print.c
/Applications/Xcode.app/Contents/Developer/Toolchains/XcodeDefault.xctoolchain/usr/bin/clang -c -O2 -DNeedFunctionPrototypes=1 -Wall -Wno-comment -DSASR     -DWAV49  -I./inc  -isysroot /Applications/Xcode.app/Contents/Developer/Platforms/MacOSX.platform/Developer/SDKs/MacOSX27.0.sdk -mmacosx-version-min=10.13 -DMACOSX_DEPLOYMENT_TARGET=10.13 -arch arm64 -I/Users/cam/Documents/Projects/ultima-iv-web/vlc-thumbs/work/story005-master-candidate/contrib/aarch64-apple-darwin19/include -fPIC  -c -o src/gsm_option.o src/gsm_option.c
/Applications/Xcode.app/Contents/Developer/Toolchains/XcodeDefault.xctoolchain/usr/bin/clang -c -O2 -DNeedFunctionPrototypes=1 -Wall -Wno-comment -DSASR     -DWAV49  -I./inc  -isysroot /Applications/Xcode.app/Contents/Developer/Platforms/MacOSX.platform/Developer/SDKs/MacOSX27.0.sdk -mmacosx-version-min=10.13 -DMACOSX_DEPLOYMENT_TARGET=10.13 -arch arm64 -I/Users/cam/Documents/Projects/ultima-iv-web/vlc-thumbs/work/story005-master-candidate/contrib/aarch64-apple-darwin19/include -fPIC  -c -o src/short_term.o src/short_term.c
/Applications/Xcode.app/Contents/Developer/Toolchains/XcodeDefault.xctoolchain/usr/bin/clang -c -O2 -DNeedFunctionPrototypes=1 -Wall -Wno-comment -DSASR     -DWAV49  -I./inc  -isysroot /Applications/Xcode.app/Contents/Developer/Platforms/MacOSX.platform/Developer/SDKs/MacOSX27.0.sdk -mmacosx-version-min=10.13 -DMACOSX_DEPLOYMENT_TARGET=10.13 -arch arm64 -I/Users/cam/Documents/Projects/ultima-iv-web/vlc-thumbs/work/story005-master-candidate/contrib/aarch64-apple-darwin19/include -fPIC  -c -o src/table.o src/table.c
make[2]: `/Users/cam/Documents/Projects/ultima-iv-web/vlc-thumbs/work/story005-master-candidate/contrib/aarch64-apple-darwin19/include/gsm/gsm.h' is up to date.
rm -f /Users/cam/Documents/Projects/ultima-iv-web/vlc-thumbs/work/story005-master-candidate/contrib/aarch64-apple-darwin19/share/man/man3/gsm.3
cp man/gsm.3 /Users/cam/Documents/Projects/ultima-iv-web/vlc-thumbs/work/story005-master-candidate/contrib/aarch64-apple-darwin19/share/man/man3/gsm.3
chmod 444 /Users/cam/Documents/Projects/ultima-iv-web/vlc-thumbs/work/story005-master-candidate/contrib/aarch64-apple-darwin19/share/man/man3/gsm.3
rm -f /Users/cam/Documents/Projects/ultima-iv-web/vlc-thumbs/work/story005-master-candidate/contrib/aarch64-apple-darwin19/share/man/man3/gsm_explode.3
cp man/gsm_explode.3 /Users/cam/Documents/Projects/ultima-iv-web/vlc-thumbs/work/story005-master-candidate/contrib/aarch64-apple-darwin19/share/man/man3/gsm_explode.3
chmod 444 /Users/cam/Documents/Projects/ultima-iv-web/vlc-thumbs/work/story005-master-candidate/contrib/aarch64-apple-darwin19/share/man/man3/gsm_explode.3
rm -f /Users/cam/Documents/Projects/ultima-iv-web/vlc-thumbs/work/story005-master-candidate/contrib/aarch64-apple-darwin19/share/man/man3/gsm_option.3
cp man/gsm_option.3 /Users/cam/Documents/Projects/ultima-iv-web/vlc-thumbs/work/story005-master-candidate/contrib/aarch64-apple-darwin19/share/man/man3/gsm_option.3
chmod 444 /Users/cam/Documents/Projects/ultima-iv-web/vlc-thumbs/work/story005-master-candidate/contrib/aarch64-apple-darwin19/share/man/man3/gsm_option.3
rm -f /Users/cam/Documents/Projects/ultima-iv-web/vlc-thumbs/work/story005-master-candidate/contrib/aarch64-apple-darwin19/share/man/man3/gsm_print.3
cp man/gsm_print.3 /Users/cam/Documents/Projects/ultima-iv-web/vlc-thumbs/work/story005-master-candidate/contrib/aarch64-apple-darwin19/share/man/man3/gsm_print.3
chmod 444 /Users/cam/Documents/Projects/ultima-iv-web/vlc-thumbs/work/story005-master-candidate/contrib/aarch64-apple-darwin19/share/man/man3/gsm_print.3
rm -f ./lib/libgsm.a
/Applications/Xcode.app/Contents/Developer/Toolchains/XcodeDefault.xctoolchain/usr/bin/ar cr ./lib/libgsm.a ./src/add.o ./src/code.o ./src/debug.o ./src/decode.o ./src/long_term.o ./src/lpc.o ./src/preprocess.o ./src/rpe.o ./src/gsm_destroy.o ./src/gsm_decode.o ./src/gsm_encode.o ./src/gsm_explode.o ./src/gsm_implode.o ./src/gsm_create.o ./src/gsm_print.o ./src/gsm_option.o ./src/short_term.o ./src/table.o
/Applications/Xcode.app/Contents/Developer/Toolchains/XcodeDefault.xctoolchain/usr/bin/ranlib ./lib/libgsm.a
rm -f /Users/cam/Documents/Projects/ultima-iv-web/vlc-thumbs/work/story005-master-candidate/contrib/aarch64-apple-darwin19/lib/libgsm.a
cp lib/libgsm.a /Users/cam/Documents/Projects/ultima-iv-web/vlc-thumbs/work/story005-master-candidate/contrib/aarch64-apple-darwin19/lib/libgsm.a
chmod 444 /Users/cam/Documents/Projects/ultima-iv-web/vlc-thumbs/work/story005-master-candidate/contrib/aarch64-apple-darwin19/lib/libgsm.a
touch .gsm
touch -r .gsm .dep-gsm
-- The C compiler identification is AppleClang 21.0.0.21000334
autoreconf: running: aclocal --force 
aclocal: warning: autoconf input should be named 'configure.ac', not 'configure.in'
-- Detecting C compiler ABI info
autoreconf: configure.in: tracing
-- Detecting C compiler ABI info - done
-- Check for working C compiler: /Applications/Xcode.app/Contents/Developer/Toolchains/XcodeDefault.xctoolchain/usr/bin/clang - skipped
-- Detecting C compile features
-- Detecting C compile features - done
-- Looking for string.h
-- Looking for string.h - found
-- Looking for memory.h
(cd ffmpeg-9.0 && patch -fp1) < ../../../upstream/vlc-master-story005-candidate/contrib/src/ffmpeg/matroska-track-number.patch
patching file 'libavformat/matroskadec.c'
(cd ffmpeg-9.0 && patch -fp1) < ../../../upstream/vlc-master-story005-candidate/contrib/src/ffmpeg/dxva_vc1_crash.patch
patching file 'libavcodec/dxva2_mpeg2.c'
(cd ffmpeg-9.0 && patch -fp1) < ../../../upstream/vlc-master-story005-candidate/contrib/src/ffmpeg/h264_early_SAR.patch
patching file 'libavcodec/h264_slice.c'
(cd ffmpeg-9.0 && patch -fp1) < ../../../upstream/vlc-master-story005-candidate/contrib/src/ffmpeg/0001-avcodec-dxva2-add-support-for-HEVC-RExt-DXVA-profile.patch
patching file 'libavcodec/Makefile'
patching file 'libavcodec/d3d12va_hevc.c'
patching file 'libavcodec/dxva2.c'
patching file 'libavcodec/dxva2_hevc.c'
patching file 'libavcodec/dxva2_internal.h'
patching file 'libavcodec/hevc/hevcdec.c'
(cd ffmpeg-9.0 && patch -fp1) < ../../../upstream/vlc-master-story005-candidate/contrib/src/ffmpeg/0001-avcodec-mpeg12dec-don-t-call-hw-end_frame-when-start.patch
patching file 'libavcodec/mpeg12dec.c'
(cd ffmpeg-9.0 && patch -fp1) < ../../../upstream/vlc-master-story005-candidate/contrib/src/ffmpeg/0002-avcodec-mpeg12dec-don-t-end-a-slice-without-first_sl.patch
patching file 'libavcodec/mpeg12dec.c'
(cd ffmpeg-9.0 && patch -fp1) < ../../../upstream/vlc-master-story005-candidate/contrib/src/ffmpeg/0001-fix-mf_utils-compilation-with-mingw64.patch
patching file 'libavcodec/mf_utils.c'
patching file 'libavcodec/mfenc.c'
(cd ffmpeg-9.0 && patch -fp1) < ../../../upstream/vlc-master-story005-candidate/contrib/src/ffmpeg/0011-avcodec-videotoolboxenc-disable-calls-on-unsupported.patch
patching file 'libavcodec/videotoolboxenc.c'
(cd ffmpeg-9.0 && patch -fp1) < ../../../upstream/vlc-master-story005-candidate/contrib/src/ffmpeg/avcodec-fix-compilation-visionos.patch
patching file 'libavcodec/videotoolbox.c'
(cd ffmpeg-9.0 && patch -fp1) < ../../../upstream/vlc-master-story005-candidate/contrib/src/ffmpeg/0009-swscale-x86-use-HOSTCPPFLAGS-instead-of-CPPFLAGS-for.patch
patching file 'libswscale/x86/Makefile'
mv ffmpeg-9.0 ffmpeg && touch ffmpeg
autoreconf: running: libtoolize --copy --force
-- Looking for memory.h - found
-- Looking for stdlib.h
libtoolize: putting auxiliary files in '.'.
libtoolize: copying file './ltmain.sh'
-- Looking for stdlib.h - found
-- Looking for stdio.h
libtoolize: Consider adding 'AC_CONFIG_MACRO_DIRS([m4])' to configure.in,
libtoolize: and rerunning libtoolize and aclocal.
libtoolize: Consider adding '-I m4' to ACLOCAL_AMFLAGS in Makefile.am.
autoreconf: configure.in: not using Intltool
autoreconf: configure.in: not using Gtkdoc
autoreconf: configure.in: no need to run autopoint (confirmed)
autoreconf: running: aclocal --force 
aclocal: warning: autoconf input should be named 'configure.ac', not 'configure.in'
autoreconf: running: /Users/cam/Documents/Projects/ultima-iv-web/vlc-thumbs/work/upstream/vlc-master-story005/extras/tools/build/bin/autoconf --force
-- Looking for stdio.h - found
-- Looking for math.h
configure.in:40: warning: The macro 'AC_AIX' is obsolete.
configure.in:40: You should run autoupdate.
./lib/autoconf/specific.m4:724: AC_AIX is expanded from...
configure.in:40: the top level
configure.in:41: warning: The macro 'AC_ISC_POSIX' is obsolete.
configure.in:41: You should run autoupdate.
./lib/autoconf/specific.m4:734: AC_ISC_POSIX is expanded from...
configure.in:41: the top level
configure.in:42: warning: The macro 'AC_MINIX' is obsolete.
configure.in:42: You should run autoupdate.
./lib/autoconf/specific.m4:729: AC_MINIX is expanded from...
configure.in:42: the top level
configure.in:50: warning: The macro 'AC_PROG_LIBTOOL' is obsolete.
configure.in:50: You should run autoupdate.
aclocal.m4:122: AC_PROG_LIBTOOL is expanded from...
configure.in:50: the top level
configure.in:125: warning: The macro 'AC_HEADER_STDC' is obsolete.
configure.in:125: You should run autoupdate.
./lib/autoconf/headers.m4:664: AC_HEADER_STDC is expanded from...
configure.in:125: the top level
configure.in:185: warning: The macro 'AC_C_LONG_DOUBLE' is obsolete.
configure.in:185: You should run autoupdate.
./lib/autoconf/types.m4:479: AC_C_LONG_DOUBLE is expanded from...
configure.in:185: the top level
configure.in:316: warning: The macro 'AC_TRY_RUN' is obsolete.
configure.in:316: You should run autoupdate.
./lib/autoconf/general.m4:3053: AC_TRY_RUN is expanded from...
lib/m4sugar/m4sh.m4:689: _AS_IF_ELSE is expanded from...
lib/m4sugar/m4sh.m4:696: AS_IF is expanded from...
./lib/autoconf/general.m4:2305: AC_CACHE_VAL is expanded from...
./lib/autoconf/general.m4:2326: AC_CACHE_CHECK is expanded from...
acinclude.m4:58: alex_IEEE854_FLOAT80 is expanded from...
configure.in:316: the top level
configure.in:374: warning: The macro 'AC_HEADER_TIME' is obsolete.
configure.in:374: You should run autoupdate.
./lib/autoconf/headers.m4:703: AC_HEADER_TIME is expanded from...
configure.in:374: the top level
configure.in:442: warning: The macro 'AC_TRY_RUN' is obsolete.
configure.in:442: You should run autoupdate.
./lib/autoconf/general.m4:3053: AC_TRY_RUN is expanded from...
acinclude.m4:94: AM_PATH_GTK is expanded from...
configure.in:442: the top level
configure.in:442: warning: The macro 'AC_TRY_LINK' is obsolete.
configure.in:442: You should run autoupdate.
./lib/autoconf/general.m4:2976: AC_TRY_LINK is expanded from...
acinclude.m4:94: AM_PATH_GTK is expanded from...
configure.in:442: the top level
autoreconf: running: /Users/cam/Documents/Projects/ultima-iv-web/vlc-thumbs/work/upstream/vlc-master-story005/extras/tools/build/bin/autoheader --force
autoheader: warning: autoconf input should be named 'configure.ac', not 'configure.in'
-- Looking for math.h - found
-- Looking for float.h
autoreconf: running: automake --add-missing --copy --force-missing
automake: warning: autoconf input should be named 'configure.ac', not 'configure.in'
-- Looking for float.h - found
-- Looking for time.h
configure.in:40: installing './compile'
configure.in:29: installing './missing'
configure.in:1205: warning: 'INCLUDES' is the old name for 'AM_CPPFLAGS' (or '*_CPPFLAGS')
configure.in:1205: warning: 'INCLUDES' is the old name for 'AM_CPPFLAGS' (or '*_CPPFLAGS')
configure.in:1205: warning: 'INCLUDES' is the old name for 'AM_CPPFLAGS' (or '*_CPPFLAGS')
configure.in:1205: warning: 'INCLUDES' is the old name for 'AM_CPPFLAGS' (or '*_CPPFLAGS')
configure.in:1205: warning: 'INCLUDES' is the old name for 'AM_CPPFLAGS' (or '*_CPPFLAGS')
configure.in:1205: warning: 'INCLUDES' is the old name for 'AM_CPPFLAGS' (or '*_CPPFLAGS')
configure.in:1205: warning: 'INCLUDES' is the old name for 'AM_CPPFLAGS' (or '*_CPPFLAGS')
configure.in:1205: warning: 'INCLUDES' is the old name for 'AM_CPPFLAGS' (or '*_CPPFLAGS')
automake: warning: autoconf input should be named 'configure.ac', not 'configure.in'
configure.in:1205: warning: 'INCLUDES' is the old name for 'AM_CPPFLAGS' (or '*_CPPFLAGS')
configure.in:1205: warning: 'INCLUDES' is the old name for 'AM_CPPFLAGS' (or '*_CPPFLAGS')
frontend/Makefile.am:41: warning: 'INCLUDES' is the old name for 'AM_CPPFLAGS' (or '*_CPPFLAGS')
frontend/Makefile.am: installing './depcomp'
configure.in:1205: warning: 'INCLUDES' is the old name for 'AM_CPPFLAGS' (or '*_CPPFLAGS')
libmp3lame/Makefile.am:28: warning: 'INCLUDES' is the old name for 'AM_CPPFLAGS' (or '*_CPPFLAGS')
libmp3lame/i386/Makefile.am:28: warning: 'INCLUDES' is the old name for 'AM_CPPFLAGS' (or '*_CPPFLAGS')
libmp3lame/vector/Makefile.am:12: warning: 'INCLUDES' is the old name for 'AM_CPPFLAGS' (or '*_CPPFLAGS')
configure.in:1205: warning: 'INCLUDES' is the old name for 'AM_CPPFLAGS' (or '*_CPPFLAGS')
configure.in:1205: warning: 'INCLUDES' is the old name for 'AM_CPPFLAGS' (or '*_CPPFLAGS')
configure.in:1205: warning: 'INCLUDES' is the old name for 'AM_CPPFLAGS' (or '*_CPPFLAGS')
configure.in:1205: warning: 'INCLUDES' is the old name for 'AM_CPPFLAGS' (or '*_CPPFLAGS')
configure.in:1205: warning: 'INCLUDES' is the old name for 'AM_CPPFLAGS' (or '*_CPPFLAGS')
mpglib/Makefile.am:5: warning: 'INCLUDES' is the old name for 'AM_CPPFLAGS' (or '*_CPPFLAGS')
configure.in:1205: warning: 'INCLUDES' is the old name for 'AM_CPPFLAGS' (or '*_CPPFLAGS')
autoreconf: configure.in: not running make: --make not given
autoreconf: Leaving directory '.'
mkdir -p lame/vlc_build && rm -f lame/vlc_build/config.status && test ! -f lame/config.status || /Applications/Xcode.app/Contents/Developer/usr/bin/make -C lame distclean
cd lame/vlc_build && CC="/Applications/Xcode.app/Contents/Developer/Toolchains/XcodeDefault.xctoolchain/usr/bin/clang" CXX="/Applications/Xcode.app/Contents/Developer/Toolchains/XcodeDefault.xctoolchain/usr/bin/clang++" OBJC="/Applications/Xcode.app/Contents/Developer/Toolchains/XcodeDefault.xctoolchain/usr/bin/clang" OBJCXX="/Applications/Xcode.app/Contents/Developer/Toolchains/XcodeDefault.xctoolchain/usr/bin/clang++" LD="ld" AR="/Applications/Xcode.app/Contents/Developer/Toolchains/XcodeDefault.xctoolchain/usr/bin/ar" CCAS="/Applications/Xcode.app/Contents/Developer/Toolchains/XcodeDefault.xctoolchain/usr/bin/clang -c" RANLIB="/Applications/Xcode.app/Contents/Developer/Toolchains/XcodeDefault.xctoolchain/usr/bin/ranlib" STRIP="/Applications/Xcode.app/Contents/Developer/Toolchains/XcodeDefault.xctoolchain/usr/bin/strip" PKG_CONFIG="pkg-config" CPPFLAGS=" -isysroot /Applications/Xcode.app/Contents/Developer/Platforms/MacOSX.platform/Developer/SDKs/MacOSX27.0.sdk -mmacosx-version-min=10.13 -DMACOSX_DEPLOYMENT_TARGET=10.13 -arch arm64 -I/Users/cam/Documents/Projects/ultima-iv-web/vlc-thumbs/work/story005-master-candidate/contrib/aarch64-apple-darwin19/include" CFLAGS="-Werror=partial-availability -isysroot /Applications/Xcode.app/Contents/Developer/Platforms/MacOSX.platform/Developer/SDKs/MacOSX27.0.sdk -mmacosx-version-min=10.13 -DMACOSX_DEPLOYMENT_TARGET=10.13 -arch arm64 -I/Users/cam/Documents/Projects/ultima-iv-web/vlc-thumbs/work/story005-master-candidate/contrib/aarch64-apple-darwin19/include  -g -O2" CXXFLAGS="-Werror=partial-availability -isysroot /Applications/Xcode.app/Contents/Developer/Platforms/MacOSX.platform/Developer/SDKs/MacOSX27.0.sdk -mmacosx-version-min=10.13 -DMACOSX_DEPLOYMENT_TARGET=10.13 -arch arm64 -I/Users/cam/Documents/Projects/ultima-iv-web/vlc-thumbs/work/story005-master-candidate/contrib/aarch64-apple-darwin19/include -stdlib=libc++  -g -O2" LDFLAGS=" -L/Users/cam/Documents/Projects/ultima-iv-web/vlc-thumbs/work/story005-master-candidate/contrib/aarch64-apple-darwin19/lib -isysroot /Applications/Xcode.app/Contents/Developer/Platforms/MacOSX.platform/Developer/SDKs/MacOSX27.0.sdk -mmacosx-version-min=10.13 -DMACOSX_DEPLOYMENT_TARGET=10.13 -arch arm64" ../configure --prefix="/Users/cam/Documents/Projects/ultima-iv-web/vlc-thumbs/work/story005-master-candidate/contrib/aarch64-apple-darwin19" --datarootdir="/Users/cam/Documents/Projects/ultima-iv-web/vlc-thumbs/work/story005-master-candidate/contrib/aarch64-apple-darwin19/share" --includedir="/Users/cam/Documents/Projects/ultima-iv-web/vlc-thumbs/work/story005-master-candidate/contrib/aarch64-apple-darwin19/include" --libdir="/Users/cam/Documents/Projects/ultima-iv-web/vlc-thumbs/work/story005-master-candidate/contrib/aarch64-apple-darwin19/lib" --build="aarch64-apple-darwin19" --host="aarch64-apple-darwin19" --target="aarch64-apple-darwin19" --program-prefix="" --enable-static --disable-shared --disable-dependency-tracking --with-pic --disable-analyzer-hooks --disable-decoder --disable-gtktest --disable-frontend CFLAGS="-Werror=partial-availability -isysroot /Applications/Xcode.app/Contents/Developer/Platforms/MacOSX.platform/Developer/SDKs/MacOSX27.0.sdk -mmacosx-version-min=10.13 -DMACOSX_DEPLOYMENT_TARGET=10.13 -arch arm64 -I/Users/cam/Documents/Projects/ultima-iv-web/vlc-thumbs/work/story005-master-candidate/contrib/aarch64-apple-darwin19/include -DNDEBUG"
-- Looking for time.h - found
-- Looking for stdarg.h
-- Looking for stdarg.h - found
-- Looking for ctype.h
checking build system type... aarch64-apple-darwin19
checking host system type... aarch64-apple-darwin19
checking for a BSD-compatible install... /usr/local/bin/ginstall -c
checking whether sleep supports fractional seconds... yes
checking filesystem timestamp resolution... -- Looking for ctype.h - found
-- Looking for assert.h
-- Looking for assert.h - found
-- Looking for stdint.h
2
checking whether build environment is sane... yes
checking for a race-free mkdir -p... /usr/local/bin/gmkdir -p
checking for gawk... no
checking for mawk... no
checking for nawk... no
checking for awk... awk
checking whether make sets $(MAKE)... yes
checking whether make supports nested variables... yes
checking xargs -n works... yes
checking whether UID '501' is supported by ustar format... yes
checking whether GID '20' is supported by ustar format... yes
checking how to create a ustar tar archive... gnutar
checking whether to enable maintainer-specific portions of Makefiles... no
checking whether make supports the include directive... yes (GNU style)
checking for aarch64-apple-darwin19-gcc... /Applications/Xcode.app/Contents/Developer/Toolchains/XcodeDefault.xctoolchain/usr/bin/clang
-- Looking for stdint.h - found
-- Looking for inttypes.h
checking whether the C compiler works... yes
checking for C compiler default output file name... a.out
checking for suffix of executables... 
checking whether we are cross compiling... no
checking for suffix of object files... o
checking whether the compiler supports GNU C... yes
checking whether /Applications/Xcode.app/Contents/Developer/Toolchains/XcodeDefault.xctoolchain/usr/bin/clang accepts -g... -- Looking for inttypes.h - found
-- Looking for strings.h
yes
checking for /Applications/Xcode.app/Contents/Developer/Toolchains/XcodeDefault.xctoolchain/usr/bin/clang option to enable C23 features... (cached) unsupported
checking for /Applications/Xcode.app/Contents/Developer/Toolchains/XcodeDefault.xctoolchain/usr/bin/clang option to enable C11 features... none needed
checking whether /Applications/Xcode.app/Contents/Developer/Toolchains/XcodeDefault.xctoolchain/usr/bin/clang understands -c and -o together... yes
checking dependency style of /Applications/Xcode.app/Contents/Developer/Toolchains/XcodeDefault.xctoolchain/usr/bin/clang... none
checking for stdio.h... yes
checking for stdlib.h... yes
checking for string.h... yes
checking for inttypes.h... yes
checking for stdint.h... yes
checking for strings.h... yes
checking for sys/stat.h... yes
checking for sys/types.h... yes
checking for unistd.h... -- Looking for strings.h - found
-- Looking for sys/stat.h
yes
checking for wchar.h... yes
checking for minix/config.h... no
checking for sys/time.h... yes
checking whether it is safe to define __EXTENSIONS__... yes
checking whether _XOPEN_SOURCE should be defined... no
checking for library containing strerror... none required
checking how to print strings... printf
checking for a sed that does not truncate output... -- Looking for sys/stat.h - found
-- Looking for sys/types.h
/usr/bin/sed
checking for grep that handles long lines and -e... /usr/bin/grep
checking for egrep... /usr/bin/grep -E
checking for fgrep... /usr/bin/grep -F
checking for ld used by /Applications/Xcode.app/Contents/Developer/Toolchains/XcodeDefault.xctoolchain/usr/bin/clang... ld
checking if the linker (ld) is GNU ld... -- Looking for sys/types.h - found
-- Looking for unistd.h
-- Looking for unistd.h - found
-- Checking for 64-bit off_t
-- Checking for 64-bit off_t - present
-- Checking for fseeko/ftello
no
checking for BSD- or MS-compatible name lister (nm)... /Applications/Xcode.app/Contents/Developer/Toolchains/XcodeDefault.xctoolchain/usr/bin/nm
checking the name lister (/Applications/Xcode.app/Contents/Developer/Toolchains/XcodeDefault.xctoolchain/usr/bin/nm) interface... BSD nm
checking whether ln -s works... yes
checking the maximum length of command line arguments... 786432
checking how to convert aarch64-apple-darwin19 file names to aarch64-apple-darwin19 format... func_convert_file_noop
checking how to convert aarch64-apple-darwin19 file names to toolchain format... func_convert_file_noop
checking for ld option to reload object files... -r
checking for file... file
checking for aarch64-apple-darwin19-objdump... no
checking for objdump... objdump
checking how to recognize dependent libraries... pass_all
checking for aarch64-apple-darwin19-dlltool... no
checking for dlltool... no
checking how to associate runtime and link libraries... printf %s\n
checking for aarch64-apple-darwin19-ranlib... /Applications/Xcode.app/Contents/Developer/Toolchains/XcodeDefault.xctoolchain/usr/bin/ranlib
checking for aarch64-apple-darwin19-ar... /Applications/Xcode.app/Contents/Developer/Toolchains/XcodeDefault.xctoolchain/usr/bin/ar
checking for archiver @FILE support... no
checking for aarch64-apple-darwin19-strip... /Applications/Xcode.app/Contents/Developer/Toolchains/XcodeDefault.xctoolchain/usr/bin/strip
checking command to parse /Applications/Xcode.app/Contents/Developer/Toolchains/XcodeDefault.xctoolchain/usr/bin/nm output from /Applications/Xcode.app/Contents/Developer/Toolchains/XcodeDefault.xctoolchain/usr/bin/clang object... -- Checking for fseeko/ftello - present
-- Large File support - found
-- Looking for include file malloc.h
ok
checking for sysroot... no
checking for a working dd... /bin/dd
checking how to truncate binary pipes... /bin/dd bs=4096 count=1
checking for aarch64-apple-darwin19-mt... no
checking for mt... no
checking if : is a manifest tool... no
checking for aarch64-apple-darwin19-dsymutil... no
checking for dsymutil... dsymutil
checking for aarch64-apple-darwin19-nmedit... no
checking for nmedit... nmedit
checking for aarch64-apple-darwin19-lipo... no
checking for lipo... lipo
checking for aarch64-apple-darwin19-otool... no
checking for otool... otool
checking for aarch64-apple-darwin19-otool64... no
checking for otool64... no
checking for -single_module linker flag... ld: warning: -single_module is obsolete
no
checking for -no_fixup_chains linker flag... yes
checking for -exported_symbols_list linker flag... yes
checking for -force_load linker flag... yes
checking for dlfcn.h... yes
checking which variant of shared library versioning to provide... (default) aix
checking for objdir... .libs
-- Looking for include file malloc.h - not found
-- Looking for _aligned_malloc
checking if /Applications/Xcode.app/Contents/Developer/Toolchains/XcodeDefault.xctoolchain/usr/bin/clang supports -fno-rtti -fno-exceptions... yes
checking for /Applications/Xcode.app/Contents/Developer/Toolchains/XcodeDefault.xctoolchain/usr/bin/clang option to produce PIC... -fno-common -DPIC
checking if /Applications/Xcode.app/Contents/Developer/Toolchains/XcodeDefault.xctoolchain/usr/bin/clang PIC flag -fno-common -DPIC works... yes
checking if /Applications/Xcode.app/Contents/Developer/Toolchains/XcodeDefault.xctoolchain/usr/bin/clang static flag -static works... no
checking if /Applications/Xcode.app/Contents/Developer/Toolchains/XcodeDefault.xctoolchain/usr/bin/clang supports -c -o file.o... yes
checking if /Applications/Xcode.app/Contents/Developer/Toolchains/XcodeDefault.xctoolchain/usr/bin/clang supports -c -o file.o... (cached) yes
checking whether the /Applications/Xcode.app/Contents/Developer/Toolchains/XcodeDefault.xctoolchain/usr/bin/clang linker (ld) supports shared libraries... yes
checking dynamic linker characteristics... darwin19 dyld
checking how to hardcode library paths into programs... immediate
checking whether stripping libraries is possible... yes
checking if libtool supports shared libraries... yes
checking whether to build shared libraries... no
checking whether to build static libraries... yes
checking for aarch64-apple-darwin19-gcc... (cached) /Applications/Xcode.app/Contents/Developer/Toolchains/XcodeDefault.xctoolchain/usr/bin/clang
checking whether the compiler supports GNU C... (cached) yes
checking whether /Applications/Xcode.app/Contents/Developer/Toolchains/XcodeDefault.xctoolchain/usr/bin/clang accepts -g... (cached) yes
checking for /Applications/Xcode.app/Contents/Developer/Toolchains/XcodeDefault.xctoolchain/usr/bin/clang option to enable C23 features... (cached) unsupported
checking for /Applications/Xcode.app/Contents/Developer/Toolchains/XcodeDefault.xctoolchain/usr/bin/clang option to enable C11 features... (cached) none needed
checking whether /Applications/Xcode.app/Contents/Developer/Toolchains/XcodeDefault.xctoolchain/usr/bin/clang understands -c and -o together... (cached) yes
checking dependency style of /Applications/Xcode.app/Contents/Developer/Toolchains/XcodeDefault.xctoolchain/usr/bin/clang... (cached) none
checking compiler... clang
checking version of clang... 21.0.0
checking for dmalloc.h... -- Looking for _aligned_malloc - not found
-- Looking for posix_memalign
no
checking for egrep... (cached) /usr/bin/grep -E
checking for errno.h... yes
checking for fcntl.h... yes
checking for limits.h... yes
checking for stdint.h... (cached) yes
checking for string.h... (cached) yes
checking for sys/soundcard.h... no
checking for sys/time.h... (cached) yes
checking for unistd.h... (cached) yes
checking for linux/soundcard.h... no
checking working SSE intrinsics... no
checking for an ANSI C-conforming const... yes
checking for inline... inline
checking whether byte ordering is bigendian... -- Looking for posix_memalign - found
-- Looking for memalign
no
checking for /Applications/Xcode.app/Contents/Developer/Toolchains/XcodeDefault.xctoolchain/usr/bin/clang option to support large files... none needed
checking size of short... -- Looking for memalign - not found
2
checking size of unsigned short... 2
checking size of int... -- Configuring done (9.8s)
-- Generating done (0.0s)
CMake Warning:
  Manually-specified variables were not used by the project:

    BUILD_PKGCONFIG_FILES


-- Build files have been written to: /Users/cam/Documents/Projects/ultima-iv-web/vlc-thumbs/work/story005-master-candidate/contrib/contrib-aarch64-apple-darwin19/openjpeg/vlc_build
env cmake --build openjpeg/vlc_build
ninja: Jobserver mode detected:  --jobserver-fds=3,4 -j
ninja: warning: Jobserver 'pipe' mode detected, a pool that implements 'fifo' mode would be more reliable!
ninja: error: Could not initialize jobserver: Invalid file descriptors
4
checking size of unsigned int... [1/23] Building C object src/lib/openjp2/CMakeFiles/openjp2.dir/bio.c.o
[2/23] Building C object src/lib/openjp2/CMakeFiles/openjp2.dir/image.c.o
[3/23] Building C object src/lib/openjp2/CMakeFiles/openjp2.dir/event.c.o
[4/23] Building C object src/lib/openjp2/CMakeFiles/openjp2.dir/mqc.c.o
[5/23] Building C object src/lib/openjp2/CMakeFiles/openjp2.dir/openjpeg.c.o
[6/23] Building C object src/lib/openjp2/CMakeFiles/openjp2.dir/opj_clock.c.o
[7/23] Building C object src/lib/openjp2/CMakeFiles/openjp2.dir/invert.c.o
[8/23] Building C object src/lib/openjp2/CMakeFiles/openjp2.dir/mct.c.o
[9/23] Building C object src/lib/openjp2/CMakeFiles/openjp2.dir/thread.c.o
[10/23] Building C object src/lib/openjp2/CMakeFiles/openjp2.dir/function_list.c.o
[11/23] Building C object src/lib/openjp2/CMakeFiles/openjp2.dir/opj_malloc.c.o
[12/23] Building C object src/lib/openjp2/CMakeFiles/openjp2.dir/cio.c.o
[13/23] Building C object src/lib/openjp2/CMakeFiles/openjp2.dir/tgt.c.o
[14/23] Building C object src/lib/openjp2/CMakeFiles/openjp2.dir/sparse_array.c.o
4
checking size of long... [15/23] Building C object src/lib/openjp2/CMakeFiles/openjp2.dir/t2.c.o
[16/23] Building C object src/lib/openjp2/CMakeFiles/openjp2.dir/jp2.c.o
[17/23] Building C object src/lib/openjp2/CMakeFiles/openjp2.dir/pi.c.o
[18/23] Building C object src/lib/openjp2/CMakeFiles/openjp2.dir/ht_dec.c.o
[19/23] Building C object src/lib/openjp2/CMakeFiles/openjp2.dir/tcd.c.o
8
checking size of unsigned long... [20/23] Building C object src/lib/openjp2/CMakeFiles/openjp2.dir/dwt.c.o
[21/23] Building C object src/lib/openjp2/CMakeFiles/openjp2.dir/j2k.c.o
8
checking size of long long... 8
checking size of unsigned long long... 8
checking size of float... [22/23] Building C object src/lib/openjp2/CMakeFiles/openjp2.dir/t1.c.o
[23/23] Linking C static library bin/libopenjp2.a
env cmake --install openjpeg/vlc_build
-- Install configuration: "RelWithDebInfo"
-- Installing: /Users/cam/Documents/Projects/ultima-iv-web/vlc-thumbs/work/story005-master-candidate/contrib/aarch64-apple-darwin19/include/openjpeg-2.5/opj_config.h
-- Installing: /Users/cam/Documents/Projects/ultima-iv-web/vlc-thumbs/work/story005-master-candidate/contrib/aarch64-apple-darwin19/lib/libopenjp2.a
-- Installing: /Users/cam/Documents/Projects/ultima-iv-web/vlc-thumbs/work/story005-master-candidate/contrib/aarch64-apple-darwin19/include/openjpeg-2.5/openjpeg.h
-- Old export file "/Users/cam/Documents/Projects/ultima-iv-web/vlc-thumbs/work/story005-master-candidate/contrib/aarch64-apple-darwin19/lib/cmake/openjpeg-2.5/OpenJPEGTargets.cmake" will be replaced.  Removing files [/Users/cam/Documents/Projects/ultima-iv-web/vlc-thumbs/work/story005-master-candidate/contrib/aarch64-apple-darwin19/lib/cmake/openjpeg-2.5/OpenJPEGTargets-relwithdebinfo.cmake].
-- Installing: /Users/cam/Documents/Projects/ultima-iv-web/vlc-thumbs/work/story005-master-candidate/contrib/aarch64-apple-darwin19/lib/cmake/openjpeg-2.5/OpenJPEGTargets.cmake
-- Installing: /Users/cam/Documents/Projects/ultima-iv-web/vlc-thumbs/work/story005-master-candidate/contrib/aarch64-apple-darwin19/lib/cmake/openjpeg-2.5/OpenJPEGTargets-relwithdebinfo.cmake
-- Installing: /Users/cam/Documents/Projects/ultima-iv-web/vlc-thumbs/work/story005-master-candidate/contrib/aarch64-apple-darwin19/lib/cmake/openjpeg-2.5/OpenJPEGConfig.cmake
-- Installing: /Users/cam/Documents/Projects/ultima-iv-web/vlc-thumbs/work/story005-master-candidate/contrib/aarch64-apple-darwin19/lib/cmake/openjpeg-2.5/OpenJPEGConfigVersion.cmake
-- Installing: /Users/cam/Documents/Projects/ultima-iv-web/vlc-thumbs/work/story005-master-candidate/contrib/aarch64-apple-darwin19/lib/pkgconfig/libopenjp2.pc
touch .openjpeg
touch -r .openjpeg .dep-openjpeg
4
checking size of double... 8
checking for long double with more range or precision than double... no
checking for uint8_t... yes
checking for int8_t... yes
checking for uint16_t... yes
checking for int16_t... yes
checking for uint32_t... yes
checking for int32_t... yes
checking for uint64_t... yes
checking for int64_t... yes
checking for IEEE854 compliant 80 bit floats... no
checking for ieee754_float64_t... no
checking for ieee754_float32_t... no
checking for size_t... yes
checking for working alloca.h... yes
checking for alloca... yes
checking for gettimeofday... yes
checking for strtol... yes
checking for socket... yes
checking for termcap.h... yes
checking for ncurses/termcap.h... no
checking for initscr in -ltermcap... yes
checking for initscr in -lcurses... yes
checking for initscr in -lncurses... yes
checking for cos in -lm... yes
checking for cos in -lffm... no
checking for cos in -lcpml... no
checking for gtk-config... no
checking for GTK - version >= 1.2.0... no
*** The gtk-config script installed by GTK could not be found
*** If GTK was installed in PREFIX, make sure PREFIX/bin is in
*** your path, or set the GTK_CONFIG environment variable to the
*** full path to gtk-config.
checking use of ElectricFence malloc debugging... no
checking use of file io... lame
checking use of analyzer hooks... no
checking use of mpg123 decoder... no
checking if the lame frontend should be build... no
checking if mp3x is requested... no
configure: WARNING: can't build mp3x because of disabled analyzer hooks
checking if mp3rtp is requested... no
checking if dynamic linking of the frontends is requested... no
checking for termcap... yes
checking if I have to build the internal vector lib... no
checking for nasm... /Users/cam/Documents/Projects/ultima-iv-web/vlc-thumbs/work/upstream/vlc-master-story005/extras/tools/build/bin/nasm
checking for assembler routines for this processor type... no
checking for additional optimizations... no
checking for debug options... no
checking that generated files are newer than configure... done
configure: creating ./config.status
config.status: creating Makefile
config.status: creating libmp3lame/Makefile
config.status: creating libmp3lame/i386/Makefile
config.status: creating libmp3lame/vector/Makefile
config.status: creating frontend/Makefile
config.status: creating mpglib/Makefile
config.status: creating doc/Makefile
config.status: creating doc/html/Makefile
config.status: creating doc/man/Makefile
config.status: creating include/Makefile
config.status: creating Dll/Makefile
config.status: creating misc/Makefile
config.status: creating dshow/Makefile
config.status: creating ACM/Makefile
config.status: creating ACM/ADbg/Makefile
config.status: creating ACM/ddk/Makefile
config.status: creating ACM/tinyxml/Makefile
config.status: creating lame.spec
config.status: creating mac/Makefile
config.status: creating macosx/Makefile
config.status: creating macosx/English.lproj/Makefile
config.status: creating macosx/LAME.xcodeproj/Makefile
config.status: creating vc_solution/Makefile
config.status: creating config.h
config.status: executing depfiles commands
config.status: executing libtool commands
/Applications/Xcode.app/Contents/Developer/usr/bin/make -C lame/vlc_build
/Applications/Xcode.app/Contents/Developer/usr/bin/make  all-recursive
Making all in mpglib
/bin/sh ../libtool  --tag=CC   --mode=compile /Applications/Xcode.app/Contents/Developer/Toolchains/XcodeDefault.xctoolchain/usr/bin/clang -DHAVE_CONFIG_H  -I. -I../../mpglib -I.. -I../../include -I../../mpglib -I../../libmp3lame -I..  -isysroot /Applications/Xcode.app/Contents/Developer/Platforms/MacOSX.platform/Developer/SDKs/MacOSX27.0.sdk -mmacosx-version-min=10.13 -DMACOSX_DEPLOYMENT_TARGET=10.13 -arch arm64 -I/Users/cam/Documents/Projects/ultima-iv-web/vlc-thumbs/work/story005-master-candidate/contrib/aarch64-apple-darwin19/include  -O3 -Wall -Werror=partial-availability -isysroot /Applications/Xcode.app/Contents/Developer/Platforms/MacOSX.platform/Developer/SDKs/MacOSX27.0.sdk -mmacosx-version-min=10.13 -DMACOSX_DEPLOYMENT_TARGET=10.13 -arch arm64 -I/Users/cam/Documents/Projects/ultima-iv-web/vlc-thumbs/work/story005-master-candidate/contrib/aarch64-apple-darwin19/include -DNDEBUG -fno-common -c -o common.lo ../../mpglib/common.c
/bin/sh ../libtool  --tag=CC   --mode=compile /Applications/Xcode.app/Contents/Developer/Toolchains/XcodeDefault.xctoolchain/usr/bin/clang -DHAVE_CONFIG_H  -I. -I../../mpglib -I.. -I../../include -I../../mpglib -I../../libmp3lame -I..  -isysroot /Applications/Xcode.app/Contents/Developer/Platforms/MacOSX.platform/Developer/SDKs/MacOSX27.0.sdk -mmacosx-version-min=10.13 -DMACOSX_DEPLOYMENT_TARGET=10.13 -arch arm64 -I/Users/cam/Documents/Projects/ultima-iv-web/vlc-thumbs/work/story005-master-candidate/contrib/aarch64-apple-darwin19/include  -O3 -Wall -Werror=partial-availability -isysroot /Applications/Xcode.app/Contents/Developer/Platforms/MacOSX.platform/Developer/SDKs/MacOSX27.0.sdk -mmacosx-version-min=10.13 -DMACOSX_DEPLOYMENT_TARGET=10.13 -arch arm64 -I/Users/cam/Documents/Projects/ultima-iv-web/vlc-thumbs/work/story005-master-candidate/contrib/aarch64-apple-darwin19/include -DNDEBUG -fno-common -c -o dct64_i386.lo ../../mpglib/dct64_i386.c
/bin/sh ../libtool  --tag=CC   --mode=compile /Applications/Xcode.app/Contents/Developer/Toolchains/XcodeDefault.xctoolchain/usr/bin/clang -DHAVE_CONFIG_H  -I. -I../../mpglib -I.. -I../../include -I../../mpglib -I../../libmp3lame -I..  -isysroot /Applications/Xcode.app/Contents/Developer/Platforms/MacOSX.platform/Developer/SDKs/MacOSX27.0.sdk -mmacosx-version-min=10.13 -DMACOSX_DEPLOYMENT_TARGET=10.13 -arch arm64 -I/Users/cam/Documents/Projects/ultima-iv-web/vlc-thumbs/work/story005-master-candidate/contrib/aarch64-apple-darwin19/include  -O3 -Wall -Werror=partial-availability -isysroot /Applications/Xcode.app/Contents/Developer/Platforms/MacOSX.platform/Developer/SDKs/MacOSX27.0.sdk -mmacosx-version-min=10.13 -DMACOSX_DEPLOYMENT_TARGET=10.13 -arch arm64 -I/Users/cam/Documents/Projects/ultima-iv-web/vlc-thumbs/work/story005-master-candidate/contrib/aarch64-apple-darwin19/include -DNDEBUG -fno-common -c -o decode_i386.lo ../../mpglib/decode_i386.c
/bin/sh ../libtool  --tag=CC   --mode=compile /Applications/Xcode.app/Contents/Developer/Toolchains/XcodeDefault.xctoolchain/usr/bin/clang -DHAVE_CONFIG_H  -I. -I../../mpglib -I.. -I../../include -I../../mpglib -I../../libmp3lame -I..  -isysroot /Applications/Xcode.app/Contents/Developer/Platforms/MacOSX.platform/Developer/SDKs/MacOSX27.0.sdk -mmacosx-version-min=10.13 -DMACOSX_DEPLOYMENT_TARGET=10.13 -arch arm64 -I/Users/cam/Documents/Projects/ultima-iv-web/vlc-thumbs/work/story005-master-candidate/contrib/aarch64-apple-darwin19/include  -O3 -Wall -Werror=partial-availability -isysroot /Applications/Xcode.app/Contents/Developer/Platforms/MacOSX.platform/Developer/SDKs/MacOSX27.0.sdk -mmacosx-version-min=10.13 -DMACOSX_DEPLOYMENT_TARGET=10.13 -arch arm64 -I/Users/cam/Documents/Projects/ultima-iv-web/vlc-thumbs/work/story005-master-candidate/contrib/aarch64-apple-darwin19/include -DNDEBUG -fno-common -c -o interface.lo ../../mpglib/interface.c
libtool: compile:  /Applications/Xcode.app/Contents/Developer/Toolchains/XcodeDefault.xctoolchain/usr/bin/clang -DHAVE_CONFIG_H -I. -I../../mpglib -I.. -I../../include -I../../mpglib -I../../libmp3lame -I.. -isysroot /Applications/Xcode.app/Contents/Developer/Platforms/MacOSX.platform/Developer/SDKs/MacOSX27.0.sdk -mmacosx-version-min=10.13 -DMACOSX_DEPLOYMENT_TARGET=10.13 -arch arm64 -I/Users/cam/Documents/Projects/ultima-iv-web/vlc-thumbs/work/story005-master-candidate/contrib/aarch64-apple-darwin19/include -O3 -Wall -Werror=partial-availability -isysroot /Applications/Xcode.app/Contents/Developer/Platforms/MacOSX.platform/Developer/SDKs/MacOSX27.0.sdk -mmacosx-version-min=10.13 -DMACOSX_DEPLOYMENT_TARGET=10.13 -arch arm64 -I/Users/cam/Documents/Projects/ultima-iv-web/vlc-thumbs/work/story005-master-candidate/contrib/aarch64-apple-darwin19/include -DNDEBUG -fno-common -c ../../mpglib/decode_i386.c  -fno-common -DPIC -o decode_i386.o
libtool: compile:  /Applications/Xcode.app/Contents/Developer/Toolchains/XcodeDefault.xctoolchain/usr/bin/clang -DHAVE_CONFIG_H -I. -I../../mpglib -I.. -I../../include -I../../mpglib -I../../libmp3lame -I.. -isysroot /Applications/Xcode.app/Contents/Developer/Platforms/MacOSX.platform/Developer/SDKs/MacOSX27.0.sdk -mmacosx-version-min=10.13 -DMACOSX_DEPLOYMENT_TARGET=10.13 -arch arm64 -I/Users/cam/Documents/Projects/ultima-iv-web/vlc-thumbs/work/story005-master-candidate/contrib/aarch64-apple-darwin19/include -O3 -Wall -Werror=partial-availability -isysroot /Applications/Xcode.app/Contents/Developer/Platforms/MacOSX.platform/Developer/SDKs/MacOSX27.0.sdk -mmacosx-version-min=10.13 -DMACOSX_DEPLOYMENT_TARGET=10.13 -arch arm64 -I/Users/cam/Documents/Projects/ultima-iv-web/vlc-thumbs/work/story005-master-candidate/contrib/aarch64-apple-darwin19/include -DNDEBUG -fno-common -c ../../mpglib/common.c  -fno-common -DPIC -o common.o
libtool: compile:  /Applications/Xcode.app/Contents/Developer/Toolchains/XcodeDefault.xctoolchain/usr/bin/clang -DHAVE_CONFIG_H -I. -I../../mpglib -I.. -I../../include -I../../mpglib -I../../libmp3lame -I.. -isysroot /Applications/Xcode.app/Contents/Developer/Platforms/MacOSX.platform/Developer/SDKs/MacOSX27.0.sdk -mmacosx-version-min=10.13 -DMACOSX_DEPLOYMENT_TARGET=10.13 -arch arm64 -I/Users/cam/Documents/Projects/ultima-iv-web/vlc-thumbs/work/story005-master-candidate/contrib/aarch64-apple-darwin19/include -O3 -Wall -Werror=partial-availability -isysroot /Applications/Xcode.app/Contents/Developer/Platforms/MacOSX.platform/Developer/SDKs/MacOSX27.0.sdk -mmacosx-version-min=10.13 -DMACOSX_DEPLOYMENT_TARGET=10.13 -arch arm64 -I/Users/cam/Documents/Projects/ultima-iv-web/vlc-thumbs/work/story005-master-candidate/contrib/aarch64-apple-darwin19/include -DNDEBUG -fno-common -c ../../mpglib/dct64_i386.c  -fno-common -DPIC -o dct64_i386.o
libtool: compile:  /Applications/Xcode.app/Contents/Developer/Toolchains/XcodeDefault.xctoolchain/usr/bin/clang -DHAVE_CONFIG_H -I. -I../../mpglib -I.. -I../../include -I../../mpglib -I../../libmp3lame -I.. -isysroot /Applications/Xcode.app/Contents/Developer/Platforms/MacOSX.platform/Developer/SDKs/MacOSX27.0.sdk -mmacosx-version-min=10.13 -DMACOSX_DEPLOYMENT_TARGET=10.13 -arch arm64 -I/Users/cam/Documents/Projects/ultima-iv-web/vlc-thumbs/work/story005-master-candidate/contrib/aarch64-apple-darwin19/include -O3 -Wall -Werror=partial-availability -isysroot /Applications/Xcode.app/Contents/Developer/Platforms/MacOSX.platform/Developer/SDKs/MacOSX27.0.sdk -mmacosx-version-min=10.13 -DMACOSX_DEPLOYMENT_TARGET=10.13 -arch arm64 -I/Users/cam/Documents/Projects/ultima-iv-web/vlc-thumbs/work/story005-master-candidate/contrib/aarch64-apple-darwin19/include -DNDEBUG -fno-common -c ../../mpglib/interface.c  -fno-common -DPIC -o interface.o
/bin/sh ../libtool  --tag=CC   --mode=compile /Applications/Xcode.app/Contents/Developer/Toolchains/XcodeDefault.xctoolchain/usr/bin/clang -DHAVE_CONFIG_H  -I. -I../../mpglib -I.. -I../../include -I../../mpglib -I../../libmp3lame -I..  -isysroot /Applications/Xcode.app/Contents/Developer/Platforms/MacOSX.platform/Developer/SDKs/MacOSX27.0.sdk -mmacosx-version-min=10.13 -DMACOSX_DEPLOYMENT_TARGET=10.13 -arch arm64 -I/Users/cam/Documents/Projects/ultima-iv-web/vlc-thumbs/work/story005-master-candidate/contrib/aarch64-apple-darwin19/include  -O3 -Wall -Werror=partial-availability -isysroot /Applications/Xcode.app/Contents/Developer/Platforms/MacOSX.platform/Developer/SDKs/MacOSX27.0.sdk -mmacosx-version-min=10.13 -DMACOSX_DEPLOYMENT_TARGET=10.13 -arch arm64 -I/Users/cam/Documents/Projects/ultima-iv-web/vlc-thumbs/work/story005-master-candidate/contrib/aarch64-apple-darwin19/include -DNDEBUG -fno-common -c -o layer1.lo ../../mpglib/layer1.c
/bin/sh ../libtool  --tag=CC   --mode=compile /Applications/Xcode.app/Contents/Developer/Toolchains/XcodeDefault.xctoolchain/usr/bin/clang -DHAVE_CONFIG_H  -I. -I../../mpglib -I.. -I../../include -I../../mpglib -I../../libmp3lame -I..  -isysroot /Applications/Xcode.app/Contents/Developer/Platforms/MacOSX.platform/Developer/SDKs/MacOSX27.0.sdk -mmacosx-version-min=10.13 -DMACOSX_DEPLOYMENT_TARGET=10.13 -arch arm64 -I/Users/cam/Documents/Projects/ultima-iv-web/vlc-thumbs/work/story005-master-candidate/contrib/aarch64-apple-darwin19/include  -O3 -Wall -Werror=partial-availability -isysroot /Applications/Xcode.app/Contents/Developer/Platforms/MacOSX.platform/Developer/SDKs/MacOSX27.0.sdk -mmacosx-version-min=10.13 -DMACOSX_DEPLOYMENT_TARGET=10.13 -arch arm64 -I/Users/cam/Documents/Projects/ultima-iv-web/vlc-thumbs/work/story005-master-candidate/contrib/aarch64-apple-darwin19/include -DNDEBUG -fno-common -c -o layer2.lo ../../mpglib/layer2.c
/bin/sh ../libtool  --tag=CC   --mode=compile /Applications/Xcode.app/Contents/Developer/Toolchains/XcodeDefault.xctoolchain/usr/bin/clang -DHAVE_CONFIG_H  -I. -I../../mpglib -I.. -I../../include -I../../mpglib -I../../libmp3lame -I..  -isysroot /Applications/Xcode.app/Contents/Developer/Platforms/MacOSX.platform/Developer/SDKs/MacOSX27.0.sdk -mmacosx-version-min=10.13 -DMACOSX_DEPLOYMENT_TARGET=10.13 -arch arm64 -I/Users/cam/Documents/Projects/ultima-iv-web/vlc-thumbs/work/story005-master-candidate/contrib/aarch64-apple-darwin19/include  -O3 -Wall -Werror=partial-availability -isysroot /Applications/Xcode.app/Contents/Developer/Platforms/MacOSX.platform/Developer/SDKs/MacOSX27.0.sdk -mmacosx-version-min=10.13 -DMACOSX_DEPLOYMENT_TARGET=10.13 -arch arm64 -I/Users/cam/Documents/Projects/ultima-iv-web/vlc-thumbs/work/story005-master-candidate/contrib/aarch64-apple-darwin19/include -DNDEBUG -fno-common -c -o layer3.lo ../../mpglib/layer3.c
/bin/sh ../libtool  --tag=CC   --mode=compile /Applications/Xcode.app/Contents/Developer/Toolchains/XcodeDefault.xctoolchain/usr/bin/clang -DHAVE_CONFIG_H  -I. -I../../mpglib -I.. -I../../include -I../../mpglib -I../../libmp3lame -I..  -isysroot /Applications/Xcode.app/Contents/Developer/Platforms/MacOSX.platform/Developer/SDKs/MacOSX27.0.sdk -mmacosx-version-min=10.13 -DMACOSX_DEPLOYMENT_TARGET=10.13 -arch arm64 -I/Users/cam/Documents/Projects/ultima-iv-web/vlc-thumbs/work/story005-master-candidate/contrib/aarch64-apple-darwin19/include  -O3 -Wall -Werror=partial-availability -isysroot /Applications/Xcode.app/Contents/Developer/Platforms/MacOSX.platform/Developer/SDKs/MacOSX27.0.sdk -mmacosx-version-min=10.13 -DMACOSX_DEPLOYMENT_TARGET=10.13 -arch arm64 -I/Users/cam/Documents/Projects/ultima-iv-web/vlc-thumbs/work/story005-master-candidate/contrib/aarch64-apple-darwin19/include -DNDEBUG -fno-common -c -o tabinit.lo ../../mpglib/tabinit.c
libtool: compile:  /Applications/Xcode.app/Contents/Developer/Toolchains/XcodeDefault.xctoolchain/usr/bin/clang -DHAVE_CONFIG_H -I. -I../../mpglib -I.. -I../../include -I../../mpglib -I../../libmp3lame -I.. -isysroot /Applications/Xcode.app/Contents/Developer/Platforms/MacOSX.platform/Developer/SDKs/MacOSX27.0.sdk -mmacosx-version-min=10.13 -DMACOSX_DEPLOYMENT_TARGET=10.13 -arch arm64 -I/Users/cam/Documents/Projects/ultima-iv-web/vlc-thumbs/work/story005-master-candidate/contrib/aarch64-apple-darwin19/include -O3 -Wall -Werror=partial-availability -isysroot /Applications/Xcode.app/Contents/Developer/Platforms/MacOSX.platform/Developer/SDKs/MacOSX27.0.sdk -mmacosx-version-min=10.13 -DMACOSX_DEPLOYMENT_TARGET=10.13 -arch arm64 -I/Users/cam/Documents/Projects/ultima-iv-web/vlc-thumbs/work/story005-master-candidate/contrib/aarch64-apple-darwin19/include -DNDEBUG -fno-common -c ../../mpglib/layer1.c  -fno-common -DPIC -o layer1.o
libtool: compile:  /Applications/Xcode.app/Contents/Developer/Toolchains/XcodeDefault.xctoolchain/usr/bin/clang -DHAVE_CONFIG_H -I. -I../../mpglib -I.. -I../../include -I../../mpglib -I../../libmp3lame -I.. -isysroot /Applications/Xcode.app/Contents/Developer/Platforms/MacOSX.platform/Developer/SDKs/MacOSX27.0.sdk -mmacosx-version-min=10.13 -DMACOSX_DEPLOYMENT_TARGET=10.13 -arch arm64 -I/Users/cam/Documents/Projects/ultima-iv-web/vlc-thumbs/work/story005-master-candidate/contrib/aarch64-apple-darwin19/include -O3 -Wall -Werror=partial-availability -isysroot /Applications/Xcode.app/Contents/Developer/Platforms/MacOSX.platform/Developer/SDKs/MacOSX27.0.sdk -mmacosx-version-min=10.13 -DMACOSX_DEPLOYMENT_TARGET=10.13 -arch arm64 -I/Users/cam/Documents/Projects/ultima-iv-web/vlc-thumbs/work/story005-master-candidate/contrib/aarch64-apple-darwin19/include -DNDEBUG -fno-common -c ../../mpglib/layer2.c  -fno-common -DPIC -o layer2.o
libtool: compile:  /Applications/Xcode.app/Contents/Developer/Toolchains/XcodeDefault.xctoolchain/usr/bin/clang -DHAVE_CONFIG_H -I. -I../../mpglib -I.. -I../../include -I../../mpglib -I../../libmp3lame -I.. -isysroot /Applications/Xcode.app/Contents/Developer/Platforms/MacOSX.platform/Developer/SDKs/MacOSX27.0.sdk -mmacosx-version-min=10.13 -DMACOSX_DEPLOYMENT_TARGET=10.13 -arch arm64 -I/Users/cam/Documents/Projects/ultima-iv-web/vlc-thumbs/work/story005-master-candidate/contrib/aarch64-apple-darwin19/include -O3 -Wall -Werror=partial-availability -isysroot /Applications/Xcode.app/Contents/Developer/Platforms/MacOSX.platform/Developer/SDKs/MacOSX27.0.sdk -mmacosx-version-min=10.13 -DMACOSX_DEPLOYMENT_TARGET=10.13 -arch arm64 -I/Users/cam/Documents/Projects/ultima-iv-web/vlc-thumbs/work/story005-master-candidate/contrib/aarch64-apple-darwin19/include -DNDEBUG -fno-common -c ../../mpglib/layer3.c  -fno-common -DPIC -o layer3.o
libtool: compile:  /Applications/Xcode.app/Contents/Developer/Toolchains/XcodeDefault.xctoolchain/usr/bin/clang -DHAVE_CONFIG_H -I. -I../../mpglib -I.. -I../../include -I../../mpglib -I../../libmp3lame -I.. -isysroot /Applications/Xcode.app/Contents/Developer/Platforms/MacOSX.platform/Developer/SDKs/MacOSX27.0.sdk -mmacosx-version-min=10.13 -DMACOSX_DEPLOYMENT_TARGET=10.13 -arch arm64 -I/Users/cam/Documents/Projects/ultima-iv-web/vlc-thumbs/work/story005-master-candidate/contrib/aarch64-apple-darwin19/include -O3 -Wall -Werror=partial-availability -isysroot /Applications/Xcode.app/Contents/Developer/Platforms/MacOSX.platform/Developer/SDKs/MacOSX27.0.sdk -mmacosx-version-min=10.13 -DMACOSX_DEPLOYMENT_TARGET=10.13 -arch arm64 -I/Users/cam/Documents/Projects/ultima-iv-web/vlc-thumbs/work/story005-master-candidate/contrib/aarch64-apple-darwin19/include -DNDEBUG -fno-common -c ../../mpglib/tabinit.c  -fno-common -DPIC -o tabinit.o
/bin/sh ../libtool  --tag=CC   --mode=link /Applications/Xcode.app/Contents/Developer/Toolchains/XcodeDefault.xctoolchain/usr/bin/clang  -O3 -Wall -Werror=partial-availability -isysroot /Applications/Xcode.app/Contents/Developer/Platforms/MacOSX.platform/Developer/SDKs/MacOSX27.0.sdk -mmacosx-version-min=10.13 -DMACOSX_DEPLOYMENT_TARGET=10.13 -arch arm64 -I/Users/cam/Documents/Projects/ultima-iv-web/vlc-thumbs/work/story005-master-candidate/contrib/aarch64-apple-darwin19/include -DNDEBUG -fno-common  -L/Users/cam/Documents/Projects/ultima-iv-web/vlc-thumbs/work/story005-master-candidate/contrib/aarch64-apple-darwin19/lib -isysroot /Applications/Xcode.app/Contents/Developer/Platforms/MacOSX.platform/Developer/SDKs/MacOSX27.0.sdk -mmacosx-version-min=10.13 -DMACOSX_DEPLOYMENT_TARGET=10.13 -arch arm64 -o libmpgdecoder.la  common.lo dct64_i386.lo decode_i386.lo interface.lo layer1.lo layer2.lo layer3.lo tabinit.lo  
libtool: link: /Applications/Xcode.app/Contents/Developer/Toolchains/XcodeDefault.xctoolchain/usr/bin/ar cr .libs/libmpgdecoder.a common.o dct64_i386.o decode_i386.o interface.o layer1.o layer2.o layer3.o tabinit.o
libtool: link: /Applications/Xcode.app/Contents/Developer/Toolchains/XcodeDefault.xctoolchain/usr/bin/ranlib .libs/libmpgdecoder.a
libtool: link: ( cd ".libs" && rm -f "libmpgdecoder.la" && ln -s "../libmpgdecoder.la" "libmpgdecoder.la" )
Making all in libmp3lame
Making all in i386
make[4]: Nothing to be done for `all'.
Making all in vector
make[4]: Nothing to be done for `all'.
/bin/sh ../libtool  --tag=CC   --mode=compile /Applications/Xcode.app/Contents/Developer/Toolchains/XcodeDefault.xctoolchain/usr/bin/clang -DHAVE_CONFIG_H  -I. -I../../libmp3lame -I.. -I../../include -I../../libmp3lame -I../../mpglib -I..  -isysroot /Applications/Xcode.app/Contents/Developer/Platforms/MacOSX.platform/Developer/SDKs/MacOSX27.0.sdk -mmacosx-version-min=10.13 -DMACOSX_DEPLOYMENT_TARGET=10.13 -arch arm64 -I/Users/cam/Documents/Projects/ultima-iv-web/vlc-thumbs/work/story005-master-candidate/contrib/aarch64-apple-darwin19/include  -O3 -Wall -Werror=partial-availability -isysroot /Applications/Xcode.app/Contents/Developer/Platforms/MacOSX.platform/Developer/SDKs/MacOSX27.0.sdk -mmacosx-version-min=10.13 -DMACOSX_DEPLOYMENT_TARGET=10.13 -arch arm64 -I/Users/cam/Documents/Projects/ultima-iv-web/vlc-thumbs/work/story005-master-candidate/contrib/aarch64-apple-darwin19/include -DNDEBUG -fno-common -c -o VbrTag.lo ../../libmp3lame/VbrTag.c
/bin/sh ../libtool  --tag=CC   --mode=compile /Applications/Xcode.app/Contents/Developer/Toolchains/XcodeDefault.xctoolchain/usr/bin/clang -DHAVE_CONFIG_H  -I. -I../../libmp3lame -I.. -I../../include -I../../libmp3lame -I../../mpglib -I..  -isysroot /Applications/Xcode.app/Contents/Developer/Platforms/MacOSX.platform/Developer/SDKs/MacOSX27.0.sdk -mmacosx-version-min=10.13 -DMACOSX_DEPLOYMENT_TARGET=10.13 -arch arm64 -I/Users/cam/Documents/Projects/ultima-iv-web/vlc-thumbs/work/story005-master-candidate/contrib/aarch64-apple-darwin19/include  -O3 -Wall -Werror=partial-availability -isysroot /Applications/Xcode.app/Contents/Developer/Platforms/MacOSX.platform/Developer/SDKs/MacOSX27.0.sdk -mmacosx-version-min=10.13 -DMACOSX_DEPLOYMENT_TARGET=10.13 -arch arm64 -I/Users/cam/Documents/Projects/ultima-iv-web/vlc-thumbs/work/story005-master-candidate/contrib/aarch64-apple-darwin19/include -DNDEBUG -fno-common -c -o bitstream.lo ../../libmp3lame/bitstream.c
/bin/sh ../libtool  --tag=CC   --mode=compile /Applications/Xcode.app/Contents/Developer/Toolchains/XcodeDefault.xctoolchain/usr/bin/clang -DHAVE_CONFIG_H  -I. -I../../libmp3lame -I.. -I../../include -I../../libmp3lame -I../../mpglib -I..  -isysroot /Applications/Xcode.app/Contents/Developer/Platforms/MacOSX.platform/Developer/SDKs/MacOSX27.0.sdk -mmacosx-version-min=10.13 -DMACOSX_DEPLOYMENT_TARGET=10.13 -arch arm64 -I/Users/cam/Documents/Projects/ultima-iv-web/vlc-thumbs/work/story005-master-candidate/contrib/aarch64-apple-darwin19/include  -O3 -Wall -Werror=partial-availability -isysroot /Applications/Xcode.app/Contents/Developer/Platforms/MacOSX.platform/Developer/SDKs/MacOSX27.0.sdk -mmacosx-version-min=10.13 -DMACOSX_DEPLOYMENT_TARGET=10.13 -arch arm64 -I/Users/cam/Documents/Projects/ultima-iv-web/vlc-thumbs/work/story005-master-candidate/contrib/aarch64-apple-darwin19/include -DNDEBUG -fno-common -c -o encoder.lo ../../libmp3lame/encoder.c
/bin/sh ../libtool  --tag=CC   --mode=compile /Applications/Xcode.app/Contents/Developer/Toolchains/XcodeDefault.xctoolchain/usr/bin/clang -DHAVE_CONFIG_H  -I. -I../../libmp3lame -I.. -I../../include -I../../libmp3lame -I../../mpglib -I..  -isysroot /Applications/Xcode.app/Contents/Developer/Platforms/MacOSX.platform/Developer/SDKs/MacOSX27.0.sdk -mmacosx-version-min=10.13 -DMACOSX_DEPLOYMENT_TARGET=10.13 -arch arm64 -I/Users/cam/Documents/Projects/ultima-iv-web/vlc-thumbs/work/story005-master-candidate/contrib/aarch64-apple-darwin19/include  -O3 -Wall -Werror=partial-availability -isysroot /Applications/Xcode.app/Contents/Developer/Platforms/MacOSX.platform/Developer/SDKs/MacOSX27.0.sdk -mmacosx-version-min=10.13 -DMACOSX_DEPLOYMENT_TARGET=10.13 -arch arm64 -I/Users/cam/Documents/Projects/ultima-iv-web/vlc-thumbs/work/story005-master-candidate/contrib/aarch64-apple-darwin19/include -DNDEBUG -fno-common -c -o fft.lo ../../libmp3lame/fft.c
libtool: compile:  /Applications/Xcode.app/Contents/Developer/Toolchains/XcodeDefault.xctoolchain/usr/bin/clang -DHAVE_CONFIG_H -I. -I../../libmp3lame -I.. -I../../include -I../../libmp3lame -I../../mpglib -I.. -isysroot /Applications/Xcode.app/Contents/Developer/Platforms/MacOSX.platform/Developer/SDKs/MacOSX27.0.sdk -mmacosx-version-min=10.13 -DMACOSX_DEPLOYMENT_TARGET=10.13 -arch arm64 -I/Users/cam/Documents/Projects/ultima-iv-web/vlc-thumbs/work/story005-master-candidate/contrib/aarch64-apple-darwin19/include -O3 -Wall -Werror=partial-availability -isysroot /Applications/Xcode.app/Contents/Developer/Platforms/MacOSX.platform/Developer/SDKs/MacOSX27.0.sdk -mmacosx-version-min=10.13 -DMACOSX_DEPLOYMENT_TARGET=10.13 -arch arm64 -I/Users/cam/Documents/Projects/ultima-iv-web/vlc-thumbs/work/story005-master-candidate/contrib/aarch64-apple-darwin19/include -DNDEBUG -fno-common -c ../../libmp3lame/encoder.c  -fno-common -DPIC -o encoder.o
libtool: compile:  /Applications/Xcode.app/Contents/Developer/Toolchains/XcodeDefault.xctoolchain/usr/bin/clang -DHAVE_CONFIG_H -I. -I../../libmp3lame -I.. -I../../include -I../../libmp3lame -I../../mpglib -I.. -isysroot /Applications/Xcode.app/Contents/Developer/Platforms/MacOSX.platform/Developer/SDKs/MacOSX27.0.sdk -mmacosx-version-min=10.13 -DMACOSX_DEPLOYMENT_TARGET=10.13 -arch arm64 -I/Users/cam/Documents/Projects/ultima-iv-web/vlc-thumbs/work/story005-master-candidate/contrib/aarch64-apple-darwin19/include -O3 -Wall -Werror=partial-availability -isysroot /Applications/Xcode.app/Contents/Developer/Platforms/MacOSX.platform/Developer/SDKs/MacOSX27.0.sdk -mmacosx-version-min=10.13 -DMACOSX_DEPLOYMENT_TARGET=10.13 -arch arm64 -I/Users/cam/Documents/Projects/ultima-iv-web/vlc-thumbs/work/story005-master-candidate/contrib/aarch64-apple-darwin19/include -DNDEBUG -fno-common -c ../../libmp3lame/fft.c  -fno-common -DPIC -o fft.o
libtool: compile:  /Applications/Xcode.app/Contents/Developer/Toolchains/XcodeDefault.xctoolchain/usr/bin/clang -DHAVE_CONFIG_H -I. -I../../libmp3lame -I.. -I../../include -I../../libmp3lame -I../../mpglib -I.. -isysroot /Applications/Xcode.app/Contents/Developer/Platforms/MacOSX.platform/Developer/SDKs/MacOSX27.0.sdk -mmacosx-version-min=10.13 -DMACOSX_DEPLOYMENT_TARGET=10.13 -arch arm64 -I/Users/cam/Documents/Projects/ultima-iv-web/vlc-thumbs/work/story005-master-candidate/contrib/aarch64-apple-darwin19/include -O3 -Wall -Werror=partial-availability -isysroot /Applications/Xcode.app/Contents/Developer/Platforms/MacOSX.platform/Developer/SDKs/MacOSX27.0.sdk -mmacosx-version-min=10.13 -DMACOSX_DEPLOYMENT_TARGET=10.13 -arch arm64 -I/Users/cam/Documents/Projects/ultima-iv-web/vlc-thumbs/work/story005-master-candidate/contrib/aarch64-apple-darwin19/include -DNDEBUG -fno-common -c ../../libmp3lame/bitstream.c  -fno-common -DPIC -o bitstream.o
libtool: compile:  /Applications/Xcode.app/Contents/Developer/Toolchains/XcodeDefault.xctoolchain/usr/bin/clang -DHAVE_CONFIG_H -I. -I../../libmp3lame -I.. -I../../include -I../../libmp3lame -I../../mpglib -I.. -isysroot /Applications/Xcode.app/Contents/Developer/Platforms/MacOSX.platform/Developer/SDKs/MacOSX27.0.sdk -mmacosx-version-min=10.13 -DMACOSX_DEPLOYMENT_TARGET=10.13 -arch arm64 -I/Users/cam/Documents/Projects/ultima-iv-web/vlc-thumbs/work/story005-master-candidate/contrib/aarch64-apple-darwin19/include -O3 -Wall -Werror=partial-availability -isysroot /Applications/Xcode.app/Contents/Developer/Platforms/MacOSX.platform/Developer/SDKs/MacOSX27.0.sdk -mmacosx-version-min=10.13 -DMACOSX_DEPLOYMENT_TARGET=10.13 -arch arm64 -I/Users/cam/Documents/Projects/ultima-iv-web/vlc-thumbs/work/story005-master-candidate/contrib/aarch64-apple-darwin19/include -DNDEBUG -fno-common -c ../../libmp3lame/VbrTag.c  -fno-common -DPIC -o VbrTag.o
../../libmp3lame/VbrTag.c:263:5: warning: shifting a negative signed value is undefined [-Wshift-negative-value]
  263 |     SHIFT_IN_BITS_VALUE(buffer[0], 8u, 0xffu);
      |     ^~~~~~~~~~~~~~~~~~~~~~~~~~~~~~~~~~~~~~~~~
../../libmp3lame/VbrTag.c:254:68: note: expanded from macro 'SHIFT_IN_BITS_VALUE'
  254 | #define SHIFT_IN_BITS_VALUE(x,n,v) ( x = (x << (n)) | ( (v) & ~(-1 << (n)) ) )
      |                                                                 ~~ ^
../../libmp3lame/VbrTag.c:265:5: warning: shifting a negative signed value is undefined [-Wshift-negative-value]
  265 |     SHIFT_IN_BITS_VALUE(buffer[1], 3u, 7);
      |     ^~~~~~~~~~~~~~~~~~~~~~~~~~~~~~~~~~~~~
../../libmp3lame/VbrTag.c:254:68: note: expanded from macro 'SHIFT_IN_BITS_VALUE'
  254 | #define SHIFT_IN_BITS_VALUE(x,n,v) ( x = (x << (n)) | ( (v) & ~(-1 << (n)) ) )
      |                                                                 ~~ ^
../../libmp3lame/VbrTag.c:266:5: warning: shifting a negative signed value is undefined [-Wshift-negative-value]
  266 |     SHIFT_IN_BITS_VALUE(buffer[1], 1u, (cfg->samplerate_out < 16000) ? 0 : 1);
      |     ^~~~~~~~~~~~~~~~~~~~~~~~~~~~~~~~~~~~~~~~~~~~~~~~~~~~~~~~~~~~~~~~~~~~~~~~~
../../libmp3lame/VbrTag.c:254:68: note: expanded from macro 'SHIFT_IN_BITS_VALUE'
  254 | #define SHIFT_IN_BITS_VALUE(x,n,v) ( x = (x << (n)) | ( (v) & ~(-1 << (n)) ) )
      |                                                                 ~~ ^
../../libmp3lame/VbrTag.c:267:5: warning: shifting a negative signed value is undefined [-Wshift-negative-value]
  267 |     SHIFT_IN_BITS_VALUE(buffer[1], 1u, cfg->version);
      |     ^~~~~~~~~~~~~~~~~~~~~~~~~~~~~~~~~~~~~~~~~~~~~~~~
../../libmp3lame/VbrTag.c:254:68: note: expanded from macro 'SHIFT_IN_BITS_VALUE'
  254 | #define SHIFT_IN_BITS_VALUE(x,n,v) ( x = (x << (n)) | ( (v) & ~(-1 << (n)) ) )
      |                                                                 ~~ ^
../../libmp3lame/VbrTag.c:268:5: warning: shifting a negative signed value is undefined [-Wshift-negative-value]
  268 |     SHIFT_IN_BITS_VALUE(buffer[1], 2u, 4 - 3);
      |     ^~~~~~~~~~~~~~~~~~~~~~~~~~~~~~~~~~~~~~~~~
../../libmp3lame/VbrTag.c:254:68: note: expanded from macro 'SHIFT_IN_BITS_VALUE'
  254 | #define SHIFT_IN_BITS_VALUE(x,n,v) ( x = (x << (n)) | ( (v) & ~(-1 << (n)) ) )
      |                                                                 ~~ ^
../../libmp3lame/VbrTag.c:269:5: warning: shifting a negative signed value is undefined [-Wshift-negative-value]
  269 |     SHIFT_IN_BITS_VALUE(buffer[1], 1u, (!cfg->error_protection) ? 1 : 0);
      |     ^~~~~~~~~~~~~~~~~~~~~~~~~~~~~~~~~~~~~~~~~~~~~~~~~~~~~~~~~~~~~~~~~~~~
../../libmp3lame/VbrTag.c:254:68: note: expanded from macro 'SHIFT_IN_BITS_VALUE'
../../libmp3lame/bitstream.c:990:34: warning: unused variable 'cfg' [-Wunused-variable]
  254 | #define SHIFT_IN_BITS_VALUE(x,n,v) ( x = (x << (n)) | ( (v) & ~(-1 << (n)) ) )
      |                                                                 ~~ ^
../../libmp3lame/VbrTag.c:271:5: warning: shifting a negative signed value is undefined [-Wshift-negative-value]
  990 |     SessionConfig_t const  271 |     SHIFT_IN_BITS_VALUE(buffer[2], 4u, eov->bitrate_index);
      |     ^~~~~~~~~~~~~~~~~~~~~~~~~~~~~~~~~~~~~~~~~~~~~~~~~~~~~~
 *const cfg = ../../libmp3lame/VbrTag.c:254:68: note: expanded from macro 'SHIFT_IN_BITS_VALUE'
  254 | #define SHIFT_IN_BITS_VALUE(x,n,v) ( x = (x << (n)&gfc->cfg;
      |                                  ^~~
) | ( (v) & ~(-1 << (n)) ) )
      |                                                                 ~~ ^
../../libmp3lame/bitstream.c:991:32: warning: unused variable 'rsv' [-Wunused-variable]
../../libmp3lame/VbrTag.c:  991 |     RpgStateVar_t const *const rsv = &gfc->sv_rp272:5: warning: shifting a negative signed value is undefined [-Wshift-negative-value]
g;
      |                                ^~~
  272 |  ../../libmp3lame/bitstream.c:992:24: warning: unused variable 'rov' [-Wunused-variable]
   SHIFT_IN_BITS_VALUE(buff  992 |     RpgRer[2], 2u, cfg->samplerate_index);
      | esult_t *const    ^~~~~~~~~~~~~~~~~~~~~~~~~~~~~~~~~~~~~~~~~~~~~~~~~~~~~~~~~
../../libmp3lame/VbrTag.c:254:68: note: expanded from macro 'SHIFT_IN_BITS_VALUE'
  254 | #define SHIFT_ rov = &gfc->ov_rIN_BITS_VApg;
      |                        ^~~
LUE(x,n,v) ( x = (x << (n)) | ( (v) & ~(-1 << (n)) ) )
      |                                                                 ~~ ^
../../libmp3lame/VbrTag.c:273:5: warning: shifting a negative signed value is undefined [-Wshift-negative-value]
  273 |     SHIFT_IN_BITS_VALUE(buffer[2], 1u, 0);
      |     ^~~~~~~~~~~~~~~~~~~~~~~~~~~~~~~~~~~~~
../../libmp3lame/VbrTag.c:254:68: note: expanded from macro 'SHIFT_IN_BITS_VALUE'
  254 | #define SHIFT_IN_BITS_VALUE(x,n,v) ( x = (x << (n)) | ( (v) & ~(-1 << (n)) ) )
      |                                                                 ~~ ^
../../libmp3lame/VbrTag.c:274:5: warning: shifting a negative signed value is undefined [-Wshift-negative-value]
  274 |     SHIFT_IN_BITS_VALUE(buffer[2], 1u, cfg->extension);
      |     ^~~~~~~~~~~~~~~~~~~~~~~~~~~~~~~~~~~~~~~~~~~~~~~~~~
../../libmp3lame/VbrTag.c:254:68: note: expanded from macro 'SHIFT_IN_BITS_VALUE'
  254 | #define SHIFT_IN_BITS_VALUE(x,n,v) ( x = (x << (n)) | ( (v) & ~(-1 << (n)) ) )
      |                                                                 ~~ ^
../../libmp3lame/VbrTag.c:276:5: warning: shifting a negative signed value is undefined [-Wshift-negative-value]
  276 |     SHIFT_IN_BITS_VALUE(buffer[3], 2u, cfg->mode);
      |     ^~~~~~~~~~~~~~~~~~~~~~~~~~~~~~~~~~~~~~~~~~~~~
../../libmp3lame/VbrTag.c:254:68: note: expanded from macro 'SHIFT_IN_BITS_VALUE'
  254 | #define SHIFT_IN_BITS_VALUE(x,n,v) ( x = (x << (n)) | ( (v) & ~(-1 << (n)) ) )
      |                                                                 ~~ ^
../../libmp3lame/VbrTag.c:277:5: warning: shifting a negative signed value is undefined [-Wshift-negative-value]
  277 |     SHIFT_IN_BITS_VALUE(buffer[3], 2u, eov->mode_ext);
      |     ^~~~~~~~~~~~~~~~~~~~~~~~~~~~~~~~~~~~~~~~~~~~~~~~~
../../libmp3lame/VbrTag.c:254:68: note: expanded from macro 'SHIFT_IN_BITS_VALUE'
  254 | #define SHIFT_IN_BITS_VALUE(x,n,v) ( x = (x << (n)) | ( (v) & ~(-1 << (n)) ) )
      |                                                                 ~~ ^
../../libmp3lame/VbrTag.c:278:5: warning: shifting a negative signed value is undefined [-Wshift-negative-value]
  278 |     SHIFT_IN_BITS_VALUE(buffer[3], 1u, cfg->copyright);
      |     ^~~~~~~~~~~~~~~~~~~~~~~~~~~~~~~~~~~~~~~~~~~~~~~~~~
../../libmp3lame/VbrTag.c:254:68: note: expanded from macro 'SHIFT_IN_BITS_VALUE'
  254 | #define SHIFT_IN_BITS_VALUE(x,n,v) ( x = (x << (n)) | ( (v) & ~(-1 << (n)) ) )
      |                                                                 ~~ ^
../../libmp3lame/VbrTag.c:279:5: warning: shifting a negative signed value is undefined [-Wshift-negative-value]
  279 |     SHIFT_IN_BITS_VALUE(buffer[3], 1u, cfg->original);
      |     ^~~~~~~~~~~~~~~~~~~~~~~~~~~~~~~~~~~~~~~~~~~~~~~~~
../../libmp3lame/VbrTag.c:254:68: note: expanded from macro 'SHIFT_IN_BITS_VALUE'
  254 | #define SHIFT_IN_BITS_VALUE(x,n,v) ( x = (x << (n)) | ( (v) & ~(-1 << (n)) ) )
      |                                                                 ~~ ^
../../libmp3lame/VbrTag.c:280:5: warning: shifting a negative signed value is undefined [-Wshift-negative-value]
  280 |     SHIFT_IN_BITS_VALUE(buffer[3], 2u, cfg->emphasis);
      |     ^~~~~~~~~~~~~~~~~~~~~~~~~~~~~~~~~~~~~~~~~~~~~~~~~
../../libmp3lame/VbrTag.c:254:68: note: expanded from macro 'SHIFT_IN_BITS_VALUE'
  254 | #define SHIFT_IN_BITS_VALUE(x,n,v) ( x = (x << (n)) | ( (v) & ~(-1 << (n)) ) )
      |                                                                 ~~ ^
../../libmp3lame/VbrTag.c:430:23: warning: comparison of array 'pTagData->toc' not equal to a null pointer is always true [-Wtautological-pointer-compare]
  430 |         if (pTagData->toc != NULL) {
      |             ~~~~~~~~~~^~~    ~~~~
/bin/sh ../libtool  --tag=CC   --mode=compile /Applications/Xcode.app/Contents/Developer/Toolchains/XcodeDefault.xctoolchain/usr/bin/clang -DHAVE_CONFIG_H  -I. -I../../libmp3lame -I.. -I../../include -I../../libmp3lame -I../../mpglib -I..  -isysroot /Applications/Xcode.app/Contents/Developer/Platforms/MacOSX.platform/Developer/SDKs/MacOSX27.0.sdk -mmacosx-version-min=10.13 -DMACOSX_DEPLOYMENT_TARGET=10.13 -arch arm64 -I/Users/cam/Documents/Projects/ultima-iv-web/vlc-thumbs/work/story005-master-candidate/contrib/aarch64-apple-darwin19/include  -O3 -Wall -Werror=partial-availability -isysroot /Applications/Xcode.app/Contents/Developer/Platforms/MacOSX.platform/Developer/SDKs/MacOSX27.0.sdk -mmacosx-version-min=10.13 -DMACOSX_DEPLOYMENT_TARGET=10.13 -arch arm64 -I/Users/cam/Documents/Projects/ultima-iv-web/vlc-thumbs/work/story005-master-candidate/contrib/aarch64-apple-darwin19/include -DNDEBUG -fno-common -c -o gain_analysis.lo ../../libmp3lame/gain_analysis.c
16 warnings generated.
/bin/sh ../libtool  --tag=CC   --mode=compile /Applications/Xcode.app/Contents/Developer/Toolchains/XcodeDefault.xctoolchain/usr/bin/clang -DHAVE_CONFIG_H  -I. -I../../libmp3lame -I.. -I../../include -I../../libmp3lame -I../../mpglib -I..  -isysroot /Applications/Xcode.app/Contents/Developer/Platforms/MacOSX.platform/Developer/SDKs/MacOSX27.0.sdk -mmacosx-version-min=10.13 -DMACOSX_DEPLOYMENT_TARGET=10.13 -arch arm64 -I/Users/cam/Documents/Projects/ultima-iv-web/vlc-thumbs/work/story005-master-candidate/contrib/aarch64-apple-darwin19/include  -O3 -Wall -Werror=partial-availability -isysroot /Applications/Xcode.app/Contents/Developer/Platforms/MacOSX.platform/Developer/SDKs/MacOSX27.0.sdk -mmacosx-version-min=10.13 -DMACOSX_DEPLOYMENT_TARGET=10.13 -arch arm64 -I/Users/cam/Documents/Projects/ultima-iv-web/vlc-thumbs/work/story005-master-candidate/contrib/aarch64-apple-darwin19/include -DNDEBUG -fno-common -c -o id3tag.lo ../../libmp3lame/id3tag.c
/bin/sh ../libtool  --tag=CC   --mode=compile /Applications/Xcode.app/Contents/Developer/Toolchains/XcodeDefault.xctoolchain/usr/bin/clang -DHAVE_CONFIG_H  -I. -I../../libmp3lame -I.. -I../../include -I../../libmp3lame -I../../mpglib -I..  -isysroot /Applications/Xcode.app/Contents/Developer/Platforms/MacOSX.platform/Developer/SDKs/MacOSX27.0.sdk -mmacosx-version-min=10.13 -DMACOSX_DEPLOYMENT_TARGET=10.13 -arch arm64 -I/Users/cam/Documents/Projects/ultima-iv-web/vlc-thumbs/work/story005-master-candidate/contrib/aarch64-apple-darwin19/include  -O3 -Wall -Werror=partial-availability -isysroot /Applications/Xcode.app/Contents/Developer/Platforms/MacOSX.platform/Developer/SDKs/MacOSX27.0.sdk -mmacosx-version-min=10.13 -DMACOSX_DEPLOYMENT_TARGET=10.13 -arch arm64 -I/Users/cam/Documents/Projects/ultima-iv-web/vlc-thumbs/work/story005-master-candidate/contrib/aarch64-apple-darwin19/include -DNDEBUG -fno-common -c -o lame.lo ../../libmp3lame/lame.c
libtool: compile:  /Applications/Xcode.app/Contents/Developer/Toolchains/XcodeDefault.xctoolchain/usr/bin/clang -DHAVE_CONFIG_H -I. -I../../libmp3lame -I.. -I../../include -I../../libmp3lame -I../../mpglib -I.. -isysroot /Applications/Xcode.app/Contents/Developer/Platforms/MacOSX.platform/Developer/SDKs/MacOSX27.0.sdk -mmacosx-version-min=10.13 -DMACOSX_DEPLOYMENT_TARGET=10.13 -arch arm64 -I/Users/cam/Documents/Projects/ultima-iv-web/vlc-thumbs/work/story005-master-candidate/contrib/aarch64-apple-darwin19/include -O3 -Wall -Werror=partial-availability -isysroot /Applications/Xcode.app/Contents/Developer/Platforms/MacOSX.platform/Developer/SDKs/MacOSX27.0.sdk -mmacosx-version-min=10.13 -DMACOSX_DEPLOYMENT_TARGET=10.13 -arch arm64 -I/Users/cam/Documents/Projects/ultima-iv-web/vlc-thumbs/work/story005-master-candidate/contrib/aarch64-apple-darwin19/include -DNDEBUG -fno-common -c ../../libmp3lame/gain_analysis.c  -fno-common -DPIC -o gain_analysis.o
libtool: compile:  /Applications/Xcode.app/Contents/Developer/Toolchains/XcodeDefault.xctoolchain/usr/bin/clang -DHAVE_CONFIG_H -I. -I../../libmp3lame -I.. -I../../include -I../../libmp3lame -I../../mpglib -I.. -isysroot /Applications/Xcode.app/Contents/Developer/Platforms/MacOSX.platform/Developer/SDKs/MacOSX27.0.sdk -mmacosx-version-min=10.13 -DMACOSX_DEPLOYMENT_TARGET=10.13 -arch arm64 -I/Users/cam/Documents/Projects/ultima-iv-web/vlc-thumbs/work/story005-master-candidate/contrib/aarch64-apple-darwin19/include -O3 -Wall -Werror=partial-availability -isysroot /Applications/Xcode.app/Contents/Developer/Platforms/MacOSX.platform/Developer/SDKs/MacOSX27.0.sdk -mmacosx-version-min=10.13 -DMACOSX_DEPLOYMENT_TARGET=10.13 -arch arm64 -I/Users/cam/Documents/Projects/ultima-iv-web/vlc-thumbs/work/story005-master-candidate/contrib/aarch64-apple-darwin19/include -DNDEBUG -fno-common -c ../../libmp3lame/lame.c  -fno-common -DPIC -o lame.o
libtool: compile:  /Applications/Xcode.app/Contents/Developer/Toolchains/XcodeDefault.xctoolchain/usr/bin/clang -DHAVE_CONFIG_H -I. -I../../libmp3lame -I.. -I../../include -I../../libmp3lame -I../../mpglib -I.. -isysroot /Applications/Xcode.app/Contents/Developer/Platforms/MacOSX.platform/Developer/SDKs/MacOSX27.0.sdk -mmacosx-version-min=10.13 -DMACOSX_DEPLOYMENT_TARGET=10.13 -arch arm64 -I/Users/cam/Documents/Projects/ultima-iv-web/vlc-thumbs/work/story005-master-candidate/contrib/aarch64-apple-darwin19/include -O3 -Wall -Werror=partial-availability -isysroot /Applications/Xcode.app/Contents/Developer/Platforms/MacOSX.platform/Developer/SDKs/MacOSX27.0.sdk -mmacosx-version-min=10.13 -DMACOSX_DEPLOYMENT_TARGET=10.13 -arch arm64 -I/Users/cam/Documents/Projects/ultima-iv-web/vlc-thumbs/work/story005-master-candidate/contrib/aarch64-apple-darwin19/include -DNDEBUG -fno-common -c ../../libmp3lame/id3tag.c  -fno-common -DPIC -o id3tag.o
../../libmp3lame/lame.c:641:13: warning: using floating point absolute value function 'fabs' when argument is of integer type [-Wabsolute-value]
  641 |         if (EQ(gfp->compression_ratio, 0))
      |             ^
../../libmp3lame/machine.h:170:12: note: expanded from macro 'EQ'
  170 | (fabs(a) > fabs(b)) \
      |            ^
../../libmp3lame/lame.c:641:13: note: use function 'abs' instead
../../libmp3lame/machine.h:170:12: note: expanded from macro 'EQ'
  170 | (fabs(a) > fabs(b)) \
      |            ^
../../libmp3lame/lame.c:641:13: warning: using floating point absolute value function 'fabs' when argument is of integer type [-Wabsolute-value]
  641 |         if (EQ(gfp->compression_ratio, 0))
      |             ^
../../libmp3lame/machine.h:172:23: note: expanded from macro 'EQ'
  172 |  : (fabs((a)-(b)) <= (fabs(b) * 1e-6f)))
      |                       ^
../../libmp3lame/lame.c:641:13: note: use function 'abs' instead
../../libmp3lame/machine.h:172:23: note: expanded from macro 'EQ'
  172 |  : (fabs((a)-(b)) <= (fabs(b) * 1e-6f)))
      |                       ^
../../libmp3lame/lame.c:1606:13: warning: using floating point absolute value function 'fabs' when argument is of integer type [-Wabsolute-value]
 1606 |         if (NEQ(RadioGain, GAIN_NOT_ENOUGH_SAMPLES)) {
      |             ^
../../libmp3lame/machine.h:177:20: note: expanded from macro 'NEQ'
  177 | #define NEQ(a,b) (!EQ(a,b))
      |                    ^
../../libmp3lame/machine.h:170:12: note: expanded from macro 'EQ'
  170 | (fabs(a) > fabs(b)) \
      |            ^
../../libmp3lame/lame.c:1606:13: note: use function 'abs' instead
../../libmp3lame/machine.h:177:20: note: expanded from macro 'NEQ'
  177 | #define NEQ(a,b) (!EQ(a,b))
      |                    ^
../../libmp3lame/machine.h:170:12: note: expanded from macro 'EQ'
  170 | (fabs(a) > fabs(b)) \
      |            ^
../../libmp3lame/lame.c:1606:13: warning: using floating point absolute value function 'fabs' when argument is of integer type [-Wabsolute-value]
 1606 |         if (NEQ(RadioGain, GAIN_NOT_ENOUGH_SAMPLES)) {
      |             ^
../../libmp3lame/machine.h:177:20: note: expanded from macro 'NEQ'
  177 | #define NEQ(a,b) (!EQ(a,b))
      |                    ^
../../libmp3lame/machine.h:172:23: note: expanded from macro 'EQ'
  172 |  : (fabs((a)-(b)) <= (fabs(b) * 1e-6f)))
      |                       ^
../../libmp3lame/lame.c:1606:13: note: use function 'abs' instead
../../libmp3lame/machine.h:177:20: note: expanded from macro 'NEQ'
  177 | #define NEQ(a,b) (!EQ(a,b))
      |                    ^
../../libmp3lame/machine.h:172:23: note: expanded from macro 'EQ'
  172 |  : (fabs((a)-(b)) <= (fabs(b) * 1e-6f)))
      |                       ^
/bin/sh ../libtool  --tag=CC   --mode=compile /Applications/Xcode.app/Contents/Developer/Toolchains/XcodeDefault.xctoolchain/usr/bin/clang -DHAVE_CONFIG_H  -I. -I../../libmp3lame -I.. -I../../include -I../../libmp3lame -I../../mpglib -I..  -isysroot /Applications/Xcode.app/Contents/Developer/Platforms/MacOSX.platform/Developer/SDKs/MacOSX27.0.sdk -mmacosx-version-min=10.13 -DMACOSX_DEPLOYMENT_TARGET=10.13 -arch arm64 -I/Users/cam/Documents/Projects/ultima-iv-web/vlc-thumbs/work/story005-master-candidate/contrib/aarch64-apple-darwin19/include  -O3 -Wall -Werror=partial-availability -isysroot /Applications/Xcode.app/Contents/Developer/Platforms/MacOSX.platform/Developer/SDKs/MacOSX27.0.sdk -mmacosx-version-min=10.13 -DMACOSX_DEPLOYMENT_TARGET=10.13 -arch arm64 -I/Users/cam/Documents/Projects/ultima-iv-web/vlc-thumbs/work/story005-master-candidate/contrib/aarch64-apple-darwin19/include -DNDEBUG -fno-common -c -o newmdct.lo ../../libmp3lame/newmdct.c
3 warnings generated.
/bin/sh ../libtool  --tag=CC   --mode=compile /Applications/Xcode.app/Contents/Developer/Toolchains/XcodeDefault.xctoolchain/usr/bin/clang -DHAVE_CONFIG_H  -I. -I../../libmp3lame -I.. -I../../include -I../../libmp3lame -I../../mpglib -I..  -isysroot /Applications/Xcode.app/Contents/Developer/Platforms/MacOSX.platform/Developer/SDKs/MacOSX27.0.sdk -mmacosx-version-min=10.13 -DMACOSX_DEPLOYMENT_TARGET=10.13 -arch arm64 -I/Users/cam/Documents/Projects/ultima-iv-web/vlc-thumbs/work/story005-master-candidate/contrib/aarch64-apple-darwin19/include  -O3 -Wall -Werror=partial-availability -isysroot /Applications/Xcode.app/Contents/Developer/Platforms/MacOSX.platform/Developer/SDKs/MacOSX27.0.sdk -mmacosx-version-min=10.13 -DMACOSX_DEPLOYMENT_TARGET=10.13 -arch arm64 -I/Users/cam/Documents/Projects/ultima-iv-web/vlc-thumbs/work/story005-master-candidate/contrib/aarch64-apple-darwin19/include -DNDEBUG -fno-common -c -o presets.lo ../../libmp3lame/presets.c
libtool: compile:  /Applications/Xcode.app/Contents/Developer/Toolchains/XcodeDefault.xctoolchain/usr/bin/clang -DHAVE_CONFIG_H -I. -I../../libmp3lame -I.. -I../../include -I../../libmp3lame -I../../mpglib -I.. -isysroot /Applications/Xcode.app/Contents/Developer/Platforms/MacOSX.platform/Developer/SDKs/MacOSX27.0.sdk -mmacosx-version-min=10.13 -DMACOSX_DEPLOYMENT_TARGET=10.13 -arch arm64 -I/Users/cam/Documents/Projects/ultima-iv-web/vlc-thumbs/work/story005-master-candidate/contrib/aarch64-apple-darwin19/include -O3 -Wall -Werror=partial-availability -isysroot /Applications/Xcode.app/Contents/Developer/Platforms/MacOSX.platform/Developer/SDKs/MacOSX27.0.sdk -mmacosx-version-min=10.13 -DMACOSX_DEPLOYMENT_TARGET=10.13 -arch arm64 -I/Users/cam/Documents/Projects/ultima-iv-web/vlc-thumbs/work/story005-master-candidate/contrib/aarch64-apple-darwin19/include -DNDEBUG -fno-common -c ../../libmp3lame/newmdct.c  -fno-common -DPIC -o newmdct.o
libtool: compile:  /Applications/Xcode.app/Contents/Developer/Toolchains/XcodeDefault.xctoolchain/usr/bin/clang -DHAVE_CONFIG_H -I. -I../../libmp3lame -I.. -I../../include -I../../libmp3lame -I../../mpglib -I.. -isysroot /Applications/Xcode.app/Contents/Developer/Platforms/MacOSX.platform/Developer/SDKs/MacOSX27.0.sdk -mmacosx-version-min=10.13 -DMACOSX_DEPLOYMENT_TARGET=10.13 -arch arm64 -I/Users/cam/Documents/Projects/ultima-iv-web/vlc-thumbs/work/story005-master-candidate/contrib/aarch64-apple-darwin19/include -O3 -Wall -Werror=partial-availability -isysroot /Applications/Xcode.app/Contents/Developer/Platforms/MacOSX.platform/Developer/SDKs/MacOSX27.0.sdk -mmacosx-version-min=10.13 -DMACOSX_DEPLOYMENT_TARGET=10.13 -arch arm64 -I/Users/cam/Documents/Projects/ultima-iv-web/vlc-thumbs/work/story005-master-candidate/contrib/aarch64-apple-darwin19/include -DNDEBUG -fno-common -c ../../libmp3lame/presets.c  -fno-common -DPIC -o presets.o
4 warnings generated.
/bin/sh ../libtool  --tag=CC   --mode=compile /Applications/Xcode.app/Contents/Developer/Toolchains/XcodeDefault.xctoolchain/usr/bin/clang -DHAVE_CONFIG_H  -I. -I../../libmp3lame -I.. -I../../include -I../../libmp3lame -I../../mpglib -I..  -isysroot /Applications/Xcode.app/Contents/Developer/Platforms/MacOSX.platform/Developer/SDKs/MacOSX27.0.sdk -mmacosx-version-min=10.13 -DMACOSX_DEPLOYMENT_TARGET=10.13 -arch arm64 -I/Users/cam/Documents/Projects/ultima-iv-web/vlc-thumbs/work/story005-master-candidate/contrib/aarch64-apple-darwin19/include  -O3 -Wall -Werror=partial-availability -isysroot /Applications/Xcode.app/Contents/Developer/Platforms/MacOSX.platform/Developer/SDKs/MacOSX27.0.sdk -mmacosx-version-min=10.13 -DMACOSX_DEPLOYMENT_TARGET=10.13 -arch arm64 -I/Users/cam/Documents/Projects/ultima-iv-web/vlc-thumbs/work/story005-master-candidate/contrib/aarch64-apple-darwin19/include -DNDEBUG -fno-common -c -o psymodel.lo ../../libmp3lame/psymodel.c
../../libmp3lame/presets.c:170:5: warning: using floating point absolute value function 'fabs' when argument is of integer type [-Wabsolute-value]
  170 |     SET_OPTION(quant_comp, set->quant_comp, -1);
      |     ^
../../libmp3lame/presets.c:36:16: note: expanded from macro 'SET_OPTION'
   36 |     else if (!(fabs(lame_get_##opt(gfp) - def) > 0)) \
      |                ^
../../libmp3lame/presets.c:170:5: note: use function 'abs' instead
../../libmp3lame/presets.c:36:16: note: expanded from macro 'SET_OPTION'
   36 |     else if (!(fabs(lame_get_##opt(gfp) - def) > 0)) \
      |                ^
../../libmp3lame/presets.c:171:5: warning: using floating point absolute value function 'fabs' when argument is of integer type [-Wabsolute-value]
  171 |     SET_OPTION(quant_comp_short, set->quant_comp_s, -1);
      |     ^
../../libmp3lame/presets.c:36:16: note: expanded from macro 'SET_OPTION'
   36 |     else if (!(fabs(lame_get_##opt(gfp) - def) > 0)) \
      |                ^
../../libmp3lame/presets.c:171:5: note: use function 'abs' instead
../../libmp3lame/presets.c:36:16: note: expanded from macro 'SET_OPTION'
   36 |     else if (!(fabs(lame_get_##opt(gfp) - def) > 0)) \
      |                ^
../../libmp3lame/presets.c:284:5: warning: using floating point absolute value function 'fabs' when argument is of integer type [-Wabsolute-value]
  284 |     SET_OPTION(quant_comp, abr_switch_map[r].quant_comp, -1);
      |     ^
../../libmp3lame/presets.c:36:16: note: expanded from macro 'SET_OPTION'
   36 |     else if (!(fabs(lame_get_##opt(gfp) - def) > 0)) \
      |                ^
../../libmp3lame/presets.c:284:5: note: use function 'abs' instead
../../libmp3lame/presets.c:36:16: note: expanded from macro 'SET_OPTION'
   36 |     else if (!(fabs(lame_get_##opt(gfp) - def) > 0)) \
      |                ^
../../libmp3lame/presets.c:285:5: warning: using floating point absolute value function 'fabs' when argument is of integer type [-Wabsolute-value]
  285 |     SET_OPTION(quant_comp_short, abr_switch_map[r].quant_comp_s, -1);
      |     ^
../../libmp3lame/presets.c:36:16: note: expanded from macro 'SET_OPTION'
   36 |     else if (!(fabs(lame_get_##opt(gfp) - def) > 0)) \
      |                ^
../../libmp3lame/presets.c:285:5: note: use function 'abs' instead
../../libmp3lame/presets.c:36:16: note: expanded from macro 'SET_OPTION'
   36 |     else if (!(fabs(lame_get_##opt(gfp) - def) > 0)) \
      |                ^
/bin/sh ../libtool  --tag=CC   --mode=compile /Applications/Xcode.app/Contents/Developer/Toolchains/XcodeDefault.xctoolchain/usr/bin/clang -DHAVE_CONFIG_H  -I. -I../../libmp3lame -I.. -I../../include -I../../libmp3lame -I../../mpglib -I..  -isysroot /Applications/Xcode.app/Contents/Developer/Platforms/MacOSX.platform/Developer/SDKs/MacOSX27.0.sdk -mmacosx-version-min=10.13 -DMACOSX_DEPLOYMENT_TARGET=10.13 -arch arm64 -I/Users/cam/Documents/Projects/ultima-iv-web/vlc-thumbs/work/story005-master-candidate/contrib/aarch64-apple-darwin19/include  -O3 -Wall -Werror=partial-availability -isysroot /Applications/Xcode.app/Contents/Developer/Platforms/MacOSX.platform/Developer/SDKs/MacOSX27.0.sdk -mmacosx-version-min=10.13 -DMACOSX_DEPLOYMENT_TARGET=10.13 -arch arm64 -I/Users/cam/Documents/Projects/ultima-iv-web/vlc-thumbs/work/story005-master-candidate/contrib/aarch64-apple-darwin19/include -DNDEBUG -fno-common -c -o quantize.lo ../../libmp3lame/quantize.c
4 warnings generated.
/bin/sh ../libtool  --tag=CC   --mode=compile /Applications/Xcode.app/Contents/Developer/Toolchains/XcodeDefault.xctoolchain/usr/bin/clang -DHAVE_CONFIG_H  -I. -I../../libmp3lame -I.. -I../../include -I../../libmp3lame -I../../mpglib -I..  -isysroot /Applications/Xcode.app/Contents/Developer/Platforms/MacOSX.platform/Developer/SDKs/MacOSX27.0.sdk -mmacosx-version-min=10.13 -DMACOSX_DEPLOYMENT_TARGET=10.13 -arch arm64 -I/Users/cam/Documents/Projects/ultima-iv-web/vlc-thumbs/work/story005-master-candidate/contrib/aarch64-apple-darwin19/include  -O3 -Wall -Werror=partial-availability -isysroot /Applications/Xcode.app/Contents/Developer/Platforms/MacOSX.platform/Developer/SDKs/MacOSX27.0.sdk -mmacosx-version-min=10.13 -DMACOSX_DEPLOYMENT_TARGET=10.13 -arch arm64 -I/Users/cam/Documents/Projects/ultima-iv-web/vlc-thumbs/work/story005-master-candidate/contrib/aarch64-apple-darwin19/include -DNDEBUG -fno-common -c -o quantize_pvt.lo ../../libmp3lame/quantize_pvt.c
/bin/sh ../libtool  --tag=CC   --mode=compile /Applications/Xcode.app/Contents/Developer/Toolchains/XcodeDefault.xctoolchain/usr/bin/clang -DHAVE_CONFIG_H  -I. -I../../libmp3lame -I.. -I../../include -I../../libmp3lame -I../../mpglib -I..  -isysroot /Applications/Xcode.app/Contents/Developer/Platforms/MacOSX.platform/Developer/SDKs/MacOSX27.0.sdk -mmacosx-version-min=10.13 -DMACOSX_DEPLOYMENT_TARGET=10.13 -arch arm64 -I/Users/cam/Documents/Projects/ultima-iv-web/vlc-thumbs/work/story005-master-candidate/contrib/aarch64-apple-darwin19/include  -O3 -Wall -Werror=partial-availability -isysroot /Applications/Xcode.app/Contents/Developer/Platforms/MacOSX.platform/Developer/SDKs/MacOSX27.0.sdk -mmacosx-version-min=10.13 -DMACOSX_DEPLOYMENT_TARGET=10.13 -arch arm64 -I/Users/cam/Documents/Projects/ultima-iv-web/vlc-thumbs/work/story005-master-candidate/contrib/aarch64-apple-darwin19/include -DNDEBUG -fno-common -c -o reservoir.lo ../../libmp3lame/reservoir.c
libtool: compile:  /Applications/Xcode.app/Contents/Developer/Toolchains/XcodeDefault.xctoolchain/usr/bin/clang -DHAVE_CONFIG_H -I. -I../../libmp3lame -I.. -I../../include -I../../libmp3lame -I../../mpglib -I.. -isysroot /Applications/Xcode.app/Contents/Developer/Platforms/MacOSX.platform/Developer/SDKs/MacOSX27.0.sdk -mmacosx-version-min=10.13 -DMACOSX_DEPLOYMENT_TARGET=10.13 -arch arm64 -I/Users/cam/Documents/Projects/ultima-iv-web/vlc-thumbs/work/story005-master-candidate/contrib/aarch64-apple-darwin19/include -O3 -Wall -Werror=partial-availability -isysroot /Applications/Xcode.app/Contents/Developer/Platforms/MacOSX.platform/Developer/SDKs/MacOSX27.0.sdk -mmacosx-version-min=10.13 -DMACOSX_DEPLOYMENT_TARGET=10.13 -arch arm64 -I/Users/cam/Documents/Projects/ultima-iv-web/vlc-thumbs/work/story005-master-candidate/contrib/aarch64-apple-darwin19/include -DNDEBUG -fno-common -c ../../libmp3lame/psymodel.c  -fno-common -DPIC -o psymodel.o
libtool: compile:  /Applications/Xcode.app/Contents/Developer/Toolchains/XcodeDefault.xctoolchain/usr/bin/clang -DHAVE_CONFIG_H -I. -I../../libmp3lame -I.. -I../../include -I../../libmp3lame -I../../mpglib -I.. -isysroot /Applications/Xcode.app/Contents/Developer/Platforms/MacOSX.platform/Developer/SDKs/MacOSX27.0.sdk -mmacosx-version-min=10.13 -DMACOSX_DEPLOYMENT_TARGET=10.13 -arch arm64 -I/Users/cam/Documents/Projects/ultima-iv-web/vlc-thumbs/work/story005-master-candidate/contrib/aarch64-apple-darwin19/include -O3 -Wall -Werror=partial-availability -isysroot /Applications/Xcode.app/Contents/Developer/Platforms/MacOSX.platform/Developer/SDKs/MacOSX27.0.sdk -mmacosx-version-min=10.13 -DMACOSX_DEPLOYMENT_TARGET=10.13 -arch arm64 -I/Users/cam/Documents/Projects/ultima-iv-web/vlc-thumbs/work/story005-master-candidate/contrib/aarch64-apple-darwin19/include -DNDEBUG -fno-common -c ../../libmp3lame/quantize.c  -fno-common -DPIC -o quantize.o
../../libmp3lame/psymodel.c:1413:25: warning: argument 'energy' of type 'FLOAT[4]' (aka 'float[4]') with mismatched bound [-Warray-parameter]
 1413 |                   FLOAT energy[4], int blocktype_d[2])
      |                         ^
../../libmp3lame/psymodel.h:36:62: note: previously declared as 'FLOAT[2]' (aka 'float[2]') here
   36 |                           FLOAT pe[2], FLOAT pe_MS[2], FLOAT ener[2], int blocktype_d[2]);
      |                                                              ^
../../libmp3lame/psymodel.c:255:20: warning: unused variable 'ma_max_m' [-Wunused-const-variable]
  255 | static const FLOAT ma_max_m  = 31.622776601683793;
      |                    ^~~~~~~~
libtool: compile:  /Applications/Xcode.app/Contents/Developer/Toolchains/XcodeDefault.xctoolchain/usr/bin/clang -DHAVE_CONFIG_H -I. -I../../libmp3lame -I.. -I../../include -I../../libmp3lame -I../../mpglib -I.. -isysroot /Applications/Xcode.app/Contents/Developer/Platforms/MacOSX.platform/Developer/SDKs/MacOSX27.0.sdk -mmacosx-version-min=10.13 -DMACOSX_DEPLOYMENT_TARGET=10.13 -arch arm64 -I/Users/cam/Documents/Projects/ultima-iv-web/vlc-thumbs/work/story005-master-candidate/contrib/aarch64-apple-darwin19/include -O3 -Wall -Werror=partial-availability -isysroot /Applications/Xcode.app/Contents/Developer/Platforms/MacOSX.platform/Developer/SDKs/MacOSX27.0.sdk -mmacosx-version-min=10.13 -DMACOSX_DEPLOYMENT_TARGET=10.13 -arch arm64 -I/Users/cam/Documents/Projects/ultima-iv-web/vlc-thumbs/work/story005-master-candidate/contrib/aarch64-apple-darwin19/include -DNDEBUG -fno-common -c ../../libmp3lame/quantize_pvt.c  -fno-common -DPIC -o quantize_pvt.o
libtool: compile:  /Applications/Xcode.app/Contents/Developer/Toolchains/XcodeDefault.xctoolchain/usr/bin/clang -DHAVE_CONFIG_H -I. -I../../libmp3lame -I.. -I../../include -I../../libmp3lame -I../../mpglib -I.. -isysroot /Applications/Xcode.app/Contents/Developer/Platforms/MacOSX.platform/Developer/SDKs/MacOSX27.0.sdk -mmacosx-version-min=10.13 -DMACOSX_DEPLOYMENT_TARGET=10.13 -arch arm64 -I/Users/cam/Documents/Projects/ultima-iv-web/vlc-thumbs/work/story005-master-candidate/contrib/aarch64-apple-darwin19/include -O3 -Wall -Werror=partial-availability -isysroot /Applications/Xcode.app/Contents/Developer/Platforms/MacOSX.platform/Developer/SDKs/MacOSX27.0.sdk -mmacosx-version-min=10.13 -DMACOSX_DEPLOYMENT_TARGET=10.13 -arch arm64 -I/Users/cam/Documents/Projects/ultima-iv-web/vlc-thumbs/work/story005-master-candidate/contrib/aarch64-apple-darwin19/include -DNDEBUG -fno-common -c ../../libmp3lame/reservoir.c  -fno-common -DPIC -o reservoir.o
../../libmp3lame/quantize.c:1734:28: warning: variable 'fullframebits' set but not used [-Wunused-but-set-variable]
 1734 |         int     mean_bits, fullframebits;
      |                            ^
../../libmp3lame/quantize_pvt.c:430:46: warning: argument 'pe' of type 'const FLOAT[][2]' (aka 'const float[][2]') with mismatched bound [-Warray-parameter]
  430 | on_pe(lame_internal_flags * gfc, const FLOAT pe[][2], int targ_bits[2], int mean_bits, int gr, int cbr)
      |                                              ^
../../libmp3lame/quantize_pvt.h:84:54: note: previously declared as 'const FLOAT[2][2]' (aka 'const float[2][2]') here
   84 | int     on_pe(lame_internal_flags * gfc, const FLOAT pe[2][2],
      |                                                      ^
../../libmp3lame/quantize_pvt.c:478:17: warning: variable 'sum' set but not used [-Wunused-but-set-variable]
  478 |         int     sum = 0;
      |                 ^
/bin/sh ../libtool  --tag=CC   --mode=compile /Applications/Xcode.app/Contents/Developer/Toolchains/XcodeDefault.xctoolchain/usr/bin/clang -DHAVE_CONFIG_H  -I. -I../../libmp3lame -I.. -I../../include -I../../libmp3lame -I../../mpglib -I..  -isysroot /Applications/Xcode.app/Contents/Developer/Platforms/MacOSX.platform/Developer/SDKs/MacOSX27.0.sdk -mmacosx-version-min=10.13 -DMACOSX_DEPLOYMENT_TARGET=10.13 -arch arm64 -I/Users/cam/Documents/Projects/ultima-iv-web/vlc-thumbs/work/story005-master-candidate/contrib/aarch64-apple-darwin19/include  -O3 -Wall -Werror=partial-availability -isysroot /Applications/Xcode.app/Contents/Developer/Platforms/MacOSX.platform/Developer/SDKs/MacOSX27.0.sdk -mmacosx-version-min=10.13 -DMACOSX_DEPLOYMENT_TARGET=10.13 -arch arm64 -I/Users/cam/Documents/Projects/ultima-iv-web/vlc-thumbs/work/story005-master-candidate/contrib/aarch64-apple-darwin19/include -DNDEBUG -fno-common -c -o set_get.lo ../../libmp3lame/set_get.c
libtool: compile:  /Applications/Xcode.app/Contents/Developer/Toolchains/XcodeDefault.xctoolchain/usr/bin/clang -DHAVE_CONFIG_H -I. -I../../libmp3lame -I.. -I../../include -I../../libmp3lame -I../../mpglib -I.. -isysroot /Applications/Xcode.app/Contents/Developer/Platforms/MacOSX.platform/Developer/SDKs/MacOSX27.0.sdk -mmacosx-version-min=10.13 -DMACOSX_DEPLOYMENT_TARGET=10.13 -arch arm64 -I/Users/cam/Documents/Projects/ultima-iv-web/vlc-thumbs/work/story005-master-candidate/contrib/aarch64-apple-darwin19/include -O3 -Wall -Werror=partial-availability -isysroot /Applications/Xcode.app/Contents/Developer/Platforms/MacOSX.platform/Developer/SDKs/MacOSX27.0.sdk -mmacosx-version-min=10.13 -DMACOSX_DEPLOYMENT_TARGET=10.13 -arch arm64 -I/Users/cam/Documents/Projects/ultima-iv-web/vlc-thumbs/work/story005-master-candidate/contrib/aarch64-apple-darwin19/include -DNDEBUG -fno-common -c ../../libmp3lame/set_get.c  -fno-common -DPIC -o set_get.o
2 warnings generated.
/bin/sh ../libtool  --tag=CC   --mode=compile /Applications/Xcode.app/Contents/Developer/Toolchains/XcodeDefault.xctoolchain/usr/bin/clang -DHAVE_CONFIG_H  -I. -I../../libmp3lame -I.. -I../../include -I../../libmp3lame -I../../mpglib -I..  -isysroot /Applications/Xcode.app/Contents/Developer/Platforms/MacOSX.platform/Developer/SDKs/MacOSX27.0.sdk -mmacosx-version-min=10.13 -DMACOSX_DEPLOYMENT_TARGET=10.13 -arch arm64 -I/Users/cam/Documents/Projects/ultima-iv-web/vlc-thumbs/work/story005-master-candidate/contrib/aarch64-apple-darwin19/include  -O3 -Wall -Werror=partial-availability -isysroot /Applications/Xcode.app/Contents/Developer/Platforms/MacOSX.platform/Developer/SDKs/MacOSX27.0.sdk -mmacosx-version-min=10.13 -DMACOSX_DEPLOYMENT_TARGET=10.13 -arch arm64 -I/Users/cam/Documents/Projects/ultima-iv-web/vlc-thumbs/work/story005-master-candidate/contrib/aarch64-apple-darwin19/include -DNDEBUG -fno-common -c -o tables.lo ../../libmp3lame/tables.c
/bin/sh ../libtool  --tag=CC   --mode=compile /Applications/Xcode.app/Contents/Developer/Toolchains/XcodeDefault.xctoolchain/usr/bin/clang -DHAVE_CONFIG_H  -I. -I../../libmp3lame -I.. -I../../include -I../../libmp3lame -I../../mpglib -I..  -isysroot /Applications/Xcode.app/Contents/Developer/Platforms/MacOSX.platform/Developer/SDKs/MacOSX27.0.sdk -mmacosx-version-min=10.13 -DMACOSX_DEPLOYMENT_TARGET=10.13 -arch arm64 -I/Users/cam/Documents/Projects/ultima-iv-web/vlc-thumbs/work/story005-master-candidate/contrib/aarch64-apple-darwin19/include  -O3 -Wall -Werror=partial-availability -isysroot /Applications/Xcode.app/Contents/Developer/Platforms/MacOSX.platform/Developer/SDKs/MacOSX27.0.sdk -mmacosx-version-min=10.13 -DMACOSX_DEPLOYMENT_TARGET=10.13 -arch arm64 -I/Users/cam/Documents/Projects/ultima-iv-web/vlc-thumbs/work/story005-master-candidate/contrib/aarch64-apple-darwin19/include -DNDEBUG -fno-common -c -o takehiro.lo ../../libmp3lame/takehiro.c
libtool: compile:  /Applications/Xcode.app/Contents/Developer/Toolchains/XcodeDefault.xctoolchain/usr/bin/clang -DHAVE_CONFIG_H -I. -I../../libmp3lame -I.. -I../../include -I../../libmp3lame -I../../mpglib -I.. -isysroot /Applications/Xcode.app/Contents/Developer/Platforms/MacOSX.platform/Developer/SDKs/MacOSX27.0.sdk -mmacosx-version-min=10.13 -DMACOSX_DEPLOYMENT_TARGET=10.13 -arch arm64 -I/Users/cam/Documents/Projects/ultima-iv-web/vlc-thumbs/work/story005-master-candidate/contrib/aarch64-apple-darwin19/include -O3 -Wall -Werror=partial-availability -isysroot /Applications/Xcode.app/Contents/Developer/Platforms/MacOSX.platform/Developer/SDKs/MacOSX27.0.sdk -mmacosx-version-min=10.13 -DMACOSX_DEPLOYMENT_TARGET=10.13 -arch arm64 -I/Users/cam/Documents/Projects/ultima-iv-web/vlc-thumbs/work/story005-master-candidate/contrib/aarch64-apple-darwin19/include -DNDEBUG -fno-common -c ../../libmp3lame/tables.c  -fno-common -DPIC -o tables.o
libtool: compile:  /Applications/Xcode.app/Contents/Developer/Toolchains/XcodeDefault.xctoolchain/usr/bin/clang -DHAVE_CONFIG_H -I. -I../../libmp3lame -I.. -I../../include -I../../libmp3lame -I../../mpglib -I.. -isysroot /Applications/Xcode.app/Contents/Developer/Platforms/MacOSX.platform/Developer/SDKs/MacOSX27.0.sdk -mmacosx-version-min=10.13 -DMACOSX_DEPLOYMENT_TARGET=10.13 -arch arm64 -I/Users/cam/Documents/Projects/ultima-iv-web/vlc-thumbs/work/story005-master-candidate/contrib/aarch64-apple-darwin19/include -O3 -Wall -Werror=partial-availability -isysroot /Applications/Xcode.app/Contents/Developer/Platforms/MacOSX.platform/Developer/SDKs/MacOSX27.0.sdk -mmacosx-version-min=10.13 -DMACOSX_DEPLOYMENT_TARGET=10.13 -arch arm64 -I/Users/cam/Documents/Projects/ultima-iv-web/vlc-thumbs/work/story005-master-candidate/contrib/aarch64-apple-darwin19/include -DNDEBUG -fno-common -c ../../libmp3lame/takehiro.c  -fno-common -DPIC -o takehiro.o
/bin/sh ../libtool  --tag=CC   --mode=compile /Applications/Xcode.app/Contents/Developer/Toolchains/XcodeDefault.xctoolchain/usr/bin/clang -DHAVE_CONFIG_H  -I. -I../../libmp3lame -I.. -I../../include -I../../libmp3lame -I../../mpglib -I..  -isysroot /Applications/Xcode.app/Contents/Developer/Platforms/MacOSX.platform/Developer/SDKs/MacOSX27.0.sdk -mmacosx-version-min=10.13 -DMACOSX_DEPLOYMENT_TARGET=10.13 -arch arm64 -I/Users/cam/Documents/Projects/ultima-iv-web/vlc-thumbs/work/story005-master-candidate/contrib/aarch64-apple-darwin19/include  -O3 -Wall -Werror=partial-availability -isysroot /Applications/Xcode.app/Contents/Developer/Platforms/MacOSX.platform/Developer/SDKs/MacOSX27.0.sdk -mmacosx-version-min=10.13 -DMACOSX_DEPLOYMENT_TARGET=10.13 -arch arm64 -I/Users/cam/Documents/Projects/ultima-iv-web/vlc-thumbs/work/story005-master-candidate/contrib/aarch64-apple-darwin19/include -DNDEBUG -fno-common -c -o util.lo ../../libmp3lame/util.c
1 warning generated.
2 warnings generated.
/bin/sh ../libtool  --tag=CC   --mode=compile /Applications/Xcode.app/Contents/Developer/Toolchains/XcodeDefault.xctoolchain/usr/bin/clang -DHAVE_CONFIG_H  -I. -I../../libmp3lame -I.. -I../../include -I../../libmp3lame -I../../mpglib -I..  -isysroot /Applications/Xcode.app/Contents/Developer/Platforms/MacOSX.platform/Developer/SDKs/MacOSX27.0.sdk -mmacosx-version-min=10.13 -DMACOSX_DEPLOYMENT_TARGET=10.13 -arch arm64 -I/Users/cam/Documents/Projects/ultima-iv-web/vlc-thumbs/work/story005-master-candidate/contrib/aarch64-apple-darwin19/include  -O3 -Wall -Werror=partial-availability -isysroot /Applications/Xcode.app/Contents/Developer/Platforms/MacOSX.platform/Developer/SDKs/MacOSX27.0.sdk -mmacosx-version-min=10.13 -DMACOSX_DEPLOYMENT_TARGET=10.13 -arch arm64 -I/Users/cam/Documents/Projects/ultima-iv-web/vlc-thumbs/work/story005-master-candidate/contrib/aarch64-apple-darwin19/include -DNDEBUG -fno-common -c -o vbrquantize.lo ../../libmp3lame/vbrquantize.c
/bin/sh ../libtool  --tag=CC   --mode=compile /Applications/Xcode.app/Contents/Developer/Toolchains/XcodeDefault.xctoolchain/usr/bin/clang -DHAVE_CONFIG_H  -I. -I../../libmp3lame -I.. -I../../include -I../../libmp3lame -I../../mpglib -I..  -isysroot /Applications/Xcode.app/Contents/Developer/Platforms/MacOSX.platform/Developer/SDKs/MacOSX27.0.sdk -mmacosx-version-min=10.13 -DMACOSX_DEPLOYMENT_TARGET=10.13 -arch arm64 -I/Users/cam/Documents/Projects/ultima-iv-web/vlc-thumbs/work/story005-master-candidate/contrib/aarch64-apple-darwin19/include  -O3 -Wall -Werror=partial-availability -isysroot /Applications/Xcode.app/Contents/Developer/Platforms/MacOSX.platform/Developer/SDKs/MacOSX27.0.sdk -mmacosx-version-min=10.13 -DMACOSX_DEPLOYMENT_TARGET=10.13 -arch arm64 -I/Users/cam/Documents/Projects/ultima-iv-web/vlc-thumbs/work/story005-master-candidate/contrib/aarch64-apple-darwin19/include -DNDEBUG -fno-common -c -o version.lo ../../libmp3lame/version.c
libtool: compile:  /Applications/Xcode.app/Contents/Developer/Toolchains/XcodeDefault.xctoolchain/usr/bin/clang -DHAVE_CONFIG_H -I. -I../../libmp3lame -I.. -I../../include -I../../libmp3lame -I../../mpglib -I.. -isysroot /Applications/Xcode.app/Contents/Developer/Platforms/MacOSX.platform/Developer/SDKs/MacOSX27.0.sdk -mmacosx-version-min=10.13 -DMACOSX_DEPLOYMENT_TARGET=10.13 -arch arm64 -I/Users/cam/Documents/Projects/ultima-iv-web/vlc-thumbs/work/story005-master-candidate/contrib/aarch64-apple-darwin19/include -O3 -Wall -Werror=partial-availability -isysroot /Applications/Xcode.app/Contents/Developer/Platforms/MacOSX.platform/Developer/SDKs/MacOSX27.0.sdk -mmacosx-version-min=10.13 -DMACOSX_DEPLOYMENT_TARGET=10.13 -arch arm64 -I/Users/cam/Documents/Projects/ultima-iv-web/vlc-thumbs/work/story005-master-candidate/contrib/aarch64-apple-darwin19/include -DNDEBUG -fno-common -c ../../libmp3lame/util.c  -fno-common -DPIC -o util.o
libtool: compile:  /Applications/Xcode.app/Contents/Developer/Toolchains/XcodeDefault.xctoolchain/usr/bin/clang -DHAVE_CONFIG_H -I. -I../../libmp3lame -I.. -I../../include -I../../libmp3lame -I../../mpglib -I.. -isysroot /Applications/Xcode.app/Contents/Developer/Platforms/MacOSX.platform/Developer/SDKs/MacOSX27.0.sdk -mmacosx-version-min=10.13 -DMACOSX_DEPLOYMENT_TARGET=10.13 -arch arm64 -I/Users/cam/Documents/Projects/ultima-iv-web/vlc-thumbs/work/story005-master-candidate/contrib/aarch64-apple-darwin19/include -O3 -Wall -Werror=partial-availability -isysroot /Applications/Xcode.app/Contents/Developer/Platforms/MacOSX.platform/Developer/SDKs/MacOSX27.0.sdk -mmacosx-version-min=10.13 -DMACOSX_DEPLOYMENT_TARGET=10.13 -arch arm64 -I/Users/cam/Documents/Projects/ultima-iv-web/vlc-thumbs/work/story005-master-candidate/contrib/aarch64-apple-darwin19/include -DNDEBUG -fno-common -c ../../libmp3lame/vbrquantize.c  -fno-common -DPIC -o vbrquantize.o
libtool: compile:  /Applications/Xcode.app/Contents/Developer/Toolchains/XcodeDefault.xctoolchain/usr/bin/clang -DHAVE_CONFIG_H -I. -I../../libmp3lame -I.. -I../../include -I../../libmp3lame -I../../mpglib -I.. -isysroot /Applications/Xcode.app/Contents/Developer/Platforms/MacOSX.platform/Developer/SDKs/MacOSX27.0.sdk -mmacosx-version-min=10.13 -DMACOSX_DEPLOYMENT_TARGET=10.13 -arch arm64 -I/Users/cam/Documents/Projects/ultima-iv-web/vlc-thumbs/work/story005-master-candidate/contrib/aarch64-apple-darwin19/include -O3 -Wall -Werror=partial-availability -isysroot /Applications/Xcode.app/Contents/Developer/Platforms/MacOSX.platform/Developer/SDKs/MacOSX27.0.sdk -mmacosx-version-min=10.13 -DMACOSX_DEPLOYMENT_TARGET=10.13 -arch arm64 -I/Users/cam/Documents/Projects/ultima-iv-web/vlc-thumbs/work/story005-master-candidate/contrib/aarch64-apple-darwin19/include -DNDEBUG -fno-common -c ../../libmp3lame/version.c  -fno-common -DPIC -o version.o
../../libmp3lame/vbrquantize.c:113:18: warning: unused variable 'MAGIC_INT' [-Wunused-const-variable]
  113 | static int const MAGIC_INT = MAGIC_INT_def;
      |                  ^~~~~~~~~
../../libmp3lame/vbrquantize.c:115:22: warning: unused variable 'ROUNDFAC' [-Wunused-const-variable]
  115 | static DOUBLEX const ROUNDFAC = ROUNDFAC_def;
      |                      ^~~~~~~~
../../libmp3lame/vbrquantize.c:117:22: warning: unused variable 'MAGIC_FLOAT' [-Wunused-const-variable]
  117 | static DOUBLEX const MAGIC_FLOAT = MAGIC_FLOAT_def;
      |                      ^~~~~~~~~~~
/bin/sh ../libtool  --tag=CC   --mode=compile /Applications/Xcode.app/Contents/Developer/Toolchains/XcodeDefault.xctoolchain/usr/bin/clang -DHAVE_CONFIG_H  -I. -I../../libmp3lame -I.. -I../../include -I../../libmp3lame -I../../mpglib -I..  -isysroot /Applications/Xcode.app/Contents/Developer/Platforms/MacOSX.platform/Developer/SDKs/MacOSX27.0.sdk -mmacosx-version-min=10.13 -DMACOSX_DEPLOYMENT_TARGET=10.13 -arch arm64 -I/Users/cam/Documents/Projects/ultima-iv-web/vlc-thumbs/work/story005-master-candidate/contrib/aarch64-apple-darwin19/include  -O3 -Wall -Werror=partial-availability -isysroot /Applications/Xcode.app/Contents/Developer/Platforms/MacOSX.platform/Developer/SDKs/MacOSX27.0.sdk -mmacosx-version-min=10.13 -DMACOSX_DEPLOYMENT_TARGET=10.13 -arch arm64 -I/Users/cam/Documents/Projects/ultima-iv-web/vlc-thumbs/work/story005-master-candidate/contrib/aarch64-apple-darwin19/include -DNDEBUG -fno-common -c -o mpglib_interface.lo ../../libmp3lame/mpglib_interface.c
libtool: compile:  /Applications/Xcode.app/Contents/Developer/Toolchains/XcodeDefault.xctoolchain/usr/bin/clang -DHAVE_CONFIG_H -I. -I../../libmp3lame -I.. -I../../include -I../../libmp3lame -I../../mpglib -I.. -isysroot /Applications/Xcode.app/Contents/Developer/Platforms/MacOSX.platform/Developer/SDKs/MacOSX27.0.sdk -mmacosx-version-min=10.13 -DMACOSX_DEPLOYMENT_TARGET=10.13 -arch arm64 -I/Users/cam/Documents/Projects/ultima-iv-web/vlc-thumbs/work/story005-master-candidate/contrib/aarch64-apple-darwin19/include -O3 -Wall -Werror=partial-availability -isysroot /Applications/Xcode.app/Contents/Developer/Platforms/MacOSX.platform/Developer/SDKs/MacOSX27.0.sdk -mmacosx-version-min=10.13 -DMACOSX_DEPLOYMENT_TARGET=10.13 -arch arm64 -I/Users/cam/Documents/Projects/ultima-iv-web/vlc-thumbs/work/story005-master-candidate/contrib/aarch64-apple-darwin19/include -DNDEBUG -fno-common -c ../../libmp3lame/mpglib_interface.c  -fno-common -DPIC -o mpglib_interface.o
3 warnings generated.
/bin/sh ../libtool  --tag=CC   --mode=link /Applications/Xcode.app/Contents/Developer/Toolchains/XcodeDefault.xctoolchain/usr/bin/clang  -O3 -Wall -Werror=partial-availability -isysroot /Applications/Xcode.app/Contents/Developer/Platforms/MacOSX.platform/Developer/SDKs/MacOSX27.0.sdk -mmacosx-version-min=10.13 -DMACOSX_DEPLOYMENT_TARGET=10.13 -arch arm64 -I/Users/cam/Documents/Projects/ultima-iv-web/vlc-thumbs/work/story005-master-candidate/contrib/aarch64-apple-darwin19/include -DNDEBUG -fno-common -version-info 0:0 -export-symbols ../../include/libmp3lame.sym -no-undefined -L/Users/cam/Documents/Projects/ultima-iv-web/vlc-thumbs/work/story005-master-candidate/contrib/aarch64-apple-darwin19/lib -isysroot /Applications/Xcode.app/Contents/Developer/Platforms/MacOSX.platform/Developer/SDKs/MacOSX27.0.sdk -mmacosx-version-min=10.13 -DMACOSX_DEPLOYMENT_TARGET=10.13 -arch arm64 -o libmp3lame.la -rpath /Users/cam/Documents/Projects/ultima-iv-web/vlc-thumbs/work/story005-master-candidate/contrib/aarch64-apple-darwin19/lib VbrTag.lo bitstream.lo encoder.lo fft.lo gain_analysis.lo id3tag.lo lame.lo newmdct.lo presets.lo psymodel.lo quantize.lo quantize_pvt.lo reservoir.lo set_get.lo tables.lo takehiro.lo util.lo vbrquantize.lo version.lo mpglib_interface.lo    -lm 
libtool: link: /Applications/Xcode.app/Contents/Developer/Toolchains/XcodeDefault.xctoolchain/usr/bin/ar cr .libs/libmp3lame.a VbrTag.o bitstream.o encoder.o fft.o gain_analysis.o id3tag.o lame.o newmdct.o presets.o psymodel.o quantize.o quantize_pvt.o reservoir.o set_get.o tables.o takehiro.o util.o vbrquantize.o version.o mpglib_interface.o
libtool: link: /Applications/Xcode.app/Contents/Developer/Toolchains/XcodeDefault.xctoolchain/usr/bin/ranlib .libs/libmp3lame.a
libtool: link: ( cd ".libs" && rm -f "libmp3lame.la" && ln -s "../libmp3lame.la" "libmp3lame.la" )
Making all in frontend
make[3]: Nothing to be done for `all'.
Making all in Dll
make[3]: Nothing to be done for `all'.
Making all in doc
Making all in html
make[4]: Nothing to be done for `all'.
Making all in man
make[4]: Nothing to be done for `all'.
make[4]: Nothing to be done for `all-am'.
Making all in include
make[3]: Nothing to be done for `all'.
Making all in misc
make[3]: Nothing to be done for `all'.
Making all in dshow
make[3]: Nothing to be done for `all'.
Making all in ACM
Making all in ADbg
make[4]: Nothing to be done for `all'.
Making all in ddk
make[4]: Nothing to be done for `all'.
Making all in tinyxml
make[4]: Nothing to be done for `all'.
make[4]: Nothing to be done for `all-am'.
Making all in mac
make[3]: Nothing to be done for `all'.
Making all in macosx
Making all in English.lproj
make[4]: Nothing to be done for `all'.
Making all in LAME.xcodeproj
make[4]: Nothing to be done for `all'.
make[4]: Nothing to be done for `all-am'.
Making all in vc_solution
make[3]: Nothing to be done for `all'.
make[3]: Nothing to be done for `all-am'.
/Applications/Xcode.app/Contents/Developer/usr/bin/make -C lame/vlc_build install
Making install in mpglib
make[3]: Nothing to be done for `install-exec-am'.
make[3]: Nothing to be done for `install-data-am'.
Making install in libmp3lame
Making install in i386
make[4]: Nothing to be done for `install-exec-am'.
make[4]: Nothing to be done for `install-data-am'.
Making install in vector
make[4]: Nothing to be done for `install-exec-am'.
make[4]: Nothing to be done for `install-data-am'.
make[4]: Nothing to be done for `install-data-am'.
 /usr/local/bin/gmkdir -p '/Users/cam/Documents/Projects/ultima-iv-web/vlc-thumbs/work/story005-master-candidate/contrib/aarch64-apple-darwin19/lib'
 /bin/sh ../libtool   --mode=install /usr/local/bin/ginstall -c   libmp3lame.la '/Users/cam/Documents/Projects/ultima-iv-web/vlc-thumbs/work/story005-master-candidate/contrib/aarch64-apple-darwin19/lib'
libtool: install: /usr/local/bin/ginstall -c .libs/libmp3lame.lai /Users/cam/Documents/Projects/ultima-iv-web/vlc-thumbs/work/story005-master-candidate/contrib/aarch64-apple-darwin19/lib/libmp3lame.la
libtool: install: /usr/local/bin/ginstall -c .libs/libmp3lame.a /Users/cam/Documents/Projects/ultima-iv-web/vlc-thumbs/work/story005-master-candidate/contrib/aarch64-apple-darwin19/lib/libmp3lame.a
libtool: install: chmod 644 /Users/cam/Documents/Projects/ultima-iv-web/vlc-thumbs/work/story005-master-candidate/contrib/aarch64-apple-darwin19/lib/libmp3lame.a
libtool: install: /Applications/Xcode.app/Contents/Developer/Toolchains/XcodeDefault.xctoolchain/usr/bin/ranlib /Users/cam/Documents/Projects/ultima-iv-web/vlc-thumbs/work/story005-master-candidate/contrib/aarch64-apple-darwin19/lib/libmp3lame.a
Making install in frontend
make[3]: Nothing to be done for `install-data-am'.
Making install in Dll
make[3]: Nothing to be done for `install-exec-am'.
make[3]: Nothing to be done for `install-data-am'.
Making install in doc
Making install in html
make[4]: Nothing to be done for `install-exec-am'.
 /usr/local/bin/gmkdir -p '/Users/cam/Documents/Projects/ultima-iv-web/vlc-thumbs/work/story005-master-candidate/contrib/aarch64-apple-darwin19/share/doc/lame/html'
 /usr/local/bin/ginstall -c -m 644 ../../../doc/html/about.html ../../../doc/html/abr.html ../../../doc/html/cbr.html ../../../doc/html/contact.html ../../../doc/html/contributors.html ../../../doc/html/detailed.html ../../../doc/html/history.html ../../../doc/html/index.html ../../../doc/html/introduction.html ../../../doc/html/links.html ../../../doc/html/list.html ../../../doc/html/ms_stereo.html ../../../doc/html/usage.html ../../../doc/html/vbr.html '/Users/cam/Documents/Projects/ultima-iv-web/vlc-thumbs/work/story005-master-candidate/contrib/aarch64-apple-darwin19/share/doc/lame/html'
Making install in man
make[4]: Nothing to be done for `install-exec-am'.
 /usr/local/bin/gmkdir -p '/Users/cam/Documents/Projects/ultima-iv-web/vlc-thumbs/work/story005-master-candidate/contrib/aarch64-apple-darwin19/share/man/man1'
 /usr/local/bin/ginstall -c -m 644 ../../../doc/man/lame.1 '/Users/cam/Documents/Projects/ultima-iv-web/vlc-thumbs/work/story005-master-candidate/contrib/aarch64-apple-darwin19/share/man/man1'
make[4]: Nothing to be done for `install-exec-am'.
make[4]: Nothing to be done for `install-data-am'.
Making install in include
make[3]: Nothing to be done for `install-exec-am'.
 /usr/local/bin/gmkdir -p '/Users/cam/Documents/Projects/ultima-iv-web/vlc-thumbs/work/story005-master-candidate/contrib/aarch64-apple-darwin19/include/lame'
 /usr/local/bin/ginstall -c -m 644 ../../include/lame.h '/Users/cam/Documents/Projects/ultima-iv-web/vlc-thumbs/work/story005-master-candidate/contrib/aarch64-apple-darwin19/include/lame'
Making install in misc
make[3]: Nothing to be done for `install-exec-am'.
make[3]: Nothing to be done for `install-data-am'.
Making install in dshow
make[3]: Nothing to be done for `install-exec-am'.
make[3]: Nothing to be done for `install-data-am'.
Making install in ACM
Making install in ADbg
make[4]: Nothing to be done for `install-exec-am'.
make[4]: Nothing to be done for `install-data-am'.
Making install in ddk
make[4]: Nothing to be done for `install-exec-am'.
make[4]: Nothing to be done for `install-data-am'.
Making install in tinyxml
make[4]: Nothing to be done for `install-exec-am'.
make[4]: Nothing to be done for `install-data-am'.
make[4]: Nothing to be done for `install-exec-am'.
make[4]: Nothing to be done for `install-data-am'.
Making install in mac
make[3]: Nothing to be done for `install-exec-am'.
make[3]: Nothing to be done for `install-data-am'.
Making install in macosx
Making install in English.lproj
make[4]: Nothing to be done for `install-exec-am'.
make[4]: Nothing to be done for `install-data-am'.
Making install in LAME.xcodeproj
make[4]: Nothing to be done for `install-exec-am'.
make[4]: Nothing to be done for `install-data-am'.
make[4]: Nothing to be done for `install-exec-am'.
make[4]: Nothing to be done for `install-data-am'.
Making install in vc_solution
make[3]: Nothing to be done for `install-exec-am'.
make[3]: Nothing to be done for `install-data-am'.
make[3]: Nothing to be done for `install-exec-am'.
make[3]: Nothing to be done for `install-data-am'.
touch .lame
touch -r .lame .dep-lame
mkdir -p ffmpeg/vlc_build && rm -f ffmpeg/vlc_build/config.status && test ! -f ffmpeg/config.status || /Applications/Xcode.app/Contents/Developer/usr/bin/make -C ffmpeg distclean
cd ffmpeg/vlc_build && CC="/Applications/Xcode.app/Contents/Developer/Toolchains/XcodeDefault.xctoolchain/usr/bin/clang" CXX="/Applications/Xcode.app/Contents/Developer/Toolchains/XcodeDefault.xctoolchain/usr/bin/clang++" OBJC="/Applications/Xcode.app/Contents/Developer/Toolchains/XcodeDefault.xctoolchain/usr/bin/clang" OBJCXX="/Applications/Xcode.app/Contents/Developer/Toolchains/XcodeDefault.xctoolchain/usr/bin/clang++" LD="ld" AR="/Applications/Xcode.app/Contents/Developer/Toolchains/XcodeDefault.xctoolchain/usr/bin/ar" CCAS="/Applications/Xcode.app/Contents/Developer/Toolchains/XcodeDefault.xctoolchain/usr/bin/clang -c" RANLIB="/Applications/Xcode.app/Contents/Developer/Toolchains/XcodeDefault.xctoolchain/usr/bin/ranlib" STRIP="/Applications/Xcode.app/Contents/Developer/Toolchains/XcodeDefault.xctoolchain/usr/bin/strip" PKG_CONFIG="pkg-config" CPPFLAGS=" -isysroot /Applications/Xcode.app/Contents/Developer/Platforms/MacOSX.platform/Developer/SDKs/MacOSX27.0.sdk -mmacosx-version-min=10.13 -DMACOSX_DEPLOYMENT_TARGET=10.13 -arch arm64 -I/Users/cam/Documents/Projects/ultima-iv-web/vlc-thumbs/work/story005-master-candidate/contrib/aarch64-apple-darwin19/include" CFLAGS="-Werror=partial-availability -isysroot /Applications/Xcode.app/Contents/Developer/Platforms/MacOSX.platform/Developer/SDKs/MacOSX27.0.sdk -mmacosx-version-min=10.13 -DMACOSX_DEPLOYMENT_TARGET=10.13 -arch arm64 -I/Users/cam/Documents/Projects/ultima-iv-web/vlc-thumbs/work/story005-master-candidate/contrib/aarch64-apple-darwin19/include  -g -O2" CXXFLAGS="-Werror=partial-availability -isysroot /Applications/Xcode.app/Contents/Developer/Platforms/MacOSX.platform/Developer/SDKs/MacOSX27.0.sdk -mmacosx-version-min=10.13 -DMACOSX_DEPLOYMENT_TARGET=10.13 -arch arm64 -I/Users/cam/Documents/Projects/ultima-iv-web/vlc-thumbs/work/story005-master-candidate/contrib/aarch64-apple-darwin19/include -stdlib=libc++  -g -O2" LDFLAGS=" -L/Users/cam/Documents/Projects/ultima-iv-web/vlc-thumbs/work/story005-master-candidate/contrib/aarch64-apple-darwin19/lib -isysroot /Applications/Xcode.app/Contents/Developer/Platforms/MacOSX.platform/Developer/SDKs/MacOSX27.0.sdk -mmacosx-version-min=10.13 -DMACOSX_DEPLOYMENT_TARGET=10.13 -arch arm64" ../configure --prefix="/Users/cam/Documents/Projects/ultima-iv-web/vlc-thumbs/work/story005-master-candidate/contrib/aarch64-apple-darwin19" --enable-static --disable-shared --extra-ldflags=" -L/Users/cam/Documents/Projects/ultima-iv-web/vlc-thumbs/work/story005-master-candidate/contrib/aarch64-apple-darwin19/lib -isysroot /Applications/Xcode.app/Contents/Developer/Platforms/MacOSX.platform/Developer/SDKs/MacOSX27.0.sdk -mmacosx-version-min=10.13 -DMACOSX_DEPLOYMENT_TARGET=10.13 -arch arm64" --cc="/Applications/Xcode.app/Contents/Developer/Toolchains/XcodeDefault.xctoolchain/usr/bin/clang" --host-cc="gcc" --host-cflags="-O2" --host-cppflags="" --pkg-config="pkg-config" --disable-doc --disable-encoder=vorbis --disable-decoder=opus --enable-libgsm --enable-libopenjpeg --disable-debug --disable-avdevice --disable-devices --disable-avfilter --disable-filters --disable-protocol=concat --disable-bsfs --disable-bzlib --disable-libvpx --enable-bsf=vp9_superframe --disable-swresample --disable-iconv --disable-avisynth --disable-nvenc --disable-linux-perf --disable-securetransport --enable-libmp3lame --arch=aarch64 --arch=aarch64 --target-os=darwin --extra-cflags="-Werror=partial-availability -isysroot /Applications/Xcode.app/Contents/Developer/Platforms/MacOSX.platform/Developer/SDKs/MacOSX27.0.sdk -mmacosx-version-min=10.13 -DMACOSX_DEPLOYMENT_TARGET=10.13 -arch arm64 -I/Users/cam/Documents/Projects/ultima-iv-web/vlc-thumbs/work/story005-master-candidate/contrib/aarch64-apple-darwin19/include" --disable-lzma --enable-pthreads --nm="/Applications/Xcode.app/Contents/Developer/Toolchains/XcodeDefault.xctoolchain/usr/bin/nm" --ar="/Applications/Xcode.app/Contents/Developer/Toolchains/XcodeDefault.xctoolchain/usr/bin/ar" --ranlib="/Applications/Xcode.app/Contents/Developer/Toolchains/XcodeDefault.xctoolchain/usr/bin/ranlib"
install prefix            /Users/cam/Documents/Projects/ultima-iv-web/vlc-thumbs/work/story005-master-candidate/contrib/aarch64-apple-darwin19
source path               /Users/cam/Documents/Projects/ultima-iv-web/vlc-thumbs/work/story005-master-candidate/contrib/contrib-aarch64-apple-darwin19/ffmpeg
C compiler                /Applications/Xcode.app/Contents/Developer/Toolchains/XcodeDefault.xctoolchain/usr/bin/clang
C library                 
host C compiler           gcc
host C library            
ARCH                      aarch64 (generic)
big-endian                no
runtime cpu detection     yes
NEON enabled              yes
DOTPROD enabled           yes
I8MM enabled              yes
PMULL enabled             yes
EOR3 enabled              yes
SVE enabled               yes
SVE2 enabled              yes
SME enabled               yes
SME-I16I64 enabled        yes
SME2 enabled              yes
debug symbols             no
strip symbols             yes
optimize for size         no
optimizations             yes
static                    yes
shared                    no
network support           yes
threading support         pthreads
safe bitstream reader     yes
texi2html enabled         no
perl enabled              yes
pod2man enabled           yes
makeinfo enabled          no
makeinfo supports HTML    no
experimental features     yes
xmllint enabled           yes

External libraries:
appkit                  libgsm                  metal
avfoundation            libmp3lame              zlib
coreimage               libopenjpeg

External libraries providing hardware acceleration:
audiotoolbox            videotoolbox            vulkan

Libraries:
avcodec                 avutil
avformat                swscale

Programs:
ffprobe

Enabled decoders:
aac                     ffwavesynth             pdv
aac_at                  fic                     pfm
aac_fixed               fits                    pgm
aac_latm                flac                    pgmyuv
aasc                    flashsv                 pgssub
ac3                     flashsv2                pgx
ac3_at                  flic                    phm
ac3_fixed               flv                     photocd
acelp_kelvin            fmvc                    pictor
adpcm_4xm               fourxm                  pixlet
adpcm_adx               fraps                   pjs
adpcm_afc               frwu                    png
adpcm_agm               ftr                     ppm
adpcm_aica              g2m                     prores
adpcm_argo              g723_1                  prores_raw
adpcm_ct                g728                    prosumer
adpcm_dtk               g729                    psd
adpcm_ea                gdv                     ptx
adpcm_ea_maxis_xa       gem                     qcelp
adpcm_ea_r1             gif                     qdm2
adpcm_ea_r2             gremlin_dpcm            qdm2_at
adpcm_ea_r3             gsm                     qdmc
adpcm_ea_xas            gsm_ms                  qdmc_at
adpcm_g722              gsm_ms_at               qdraw
adpcm_g726              h261                    qoa
adpcm_g726le            h263                    qoi
adpcm_ima_acorn         h263i                   qpeg
adpcm_ima_alp           h263p                   qtrle
adpcm_ima_amv           h264                    r10k
adpcm_ima_apc           hap                     r210
adpcm_ima_apm           hca                     ra_144
adpcm_ima_cunning       hcom                    ra_288
adpcm_ima_dat4          hdr                     ralf
adpcm_ima_dk3           hevc                    rasc
adpcm_ima_dk4           hnm4_video              rawvideo
adpcm_ima_ea_eacs       hq_hqa                  realtext
adpcm_ima_ea_sead       hqx                     rka
adpcm_ima_iss           huffyuv                 rl2
adpcm_ima_moflex        hymt                    roq
adpcm_ima_mtf           iac                     roq_dpcm
adpcm_ima_oki           idcin                   rpza
adpcm_ima_qt            idf                     rscc
adpcm_ima_qt_at         iff_ilbm                rtv1
adpcm_ima_rad           ilbc                    rv10
adpcm_ima_smjpeg        ilbc_at                 rv20
adpcm_ima_ssi           imc                     rv30
adpcm_ima_wav           imm4                    rv40
adpcm_ima_ws            imm5                    rv60
adpcm_ima_xbox          indeo2                  s302m
adpcm_ms                indeo3                  sami
adpcm_mtaf              indeo4                  sanm
adpcm_psx               indeo5                  sbc
adpcm_sanyo             interplay_acm           scpr
adpcm_sbpro_2           interplay_dpcm          screenpresso
adpcm_sbpro_3           interplay_video         sdx2_dpcm
adpcm_sbpro_4           ipu                     sga
adpcm_swf               jacosub                 sgi
adpcm_thp               jpeg2000                sgirle
adpcm_thp_le            jpegls                  sheervideo
adpcm_vima              jv                      shorten
adpcm_xa                kgv1                    simbiosis_imx
adpcm_xmd               kmvc                    sipr
adpcm_yamaha            lagarith                siren
adpcm_zork              lead                    smackaud
agm                     libgsm                  smacker
aic                     libgsm_ms               smc
alac                    loco                    smvjpeg
alac_at                 lscr                    snow
alias_pix               m101                    sol_dpcm
als                     mace3                   sp5x
amr_nb_at               mace6                   speedhq
amrnb                   magicyuv                speex
amrwb                   mdec                    srgc
amv                     media100                srt
anm                     metasound               ssa
ansi                    microdvd                stl
anull                   mimic                   subrip
apac                    misc4                   subviewer
ape                     mjpeg                   subviewer1
apng                    mjpegb                  sunrast
aptx                    mlp                     svq1
aptx_hd                 mmvideo                 svq3
apv                     mobiclip                tak
arbc                    motionpixels            targa
argo                    movtext                 targa_y216
ass                     mp1                     tdsc
asv1                    mp1_at                  text
asv2                    mp1float                theora
atrac1                  mp2                     thp
atrac3                  mp2_at                  tiertexseqvideo
atrac3al                mp2float                tiff
atrac3p                 mp3                     tmv
atrac3pal               mp3_at                  truehd
atrac9                  mp3adu                  truemotion1
aura                    mp3adufloat             truemotion2
aura2                   mp3float                truemotion2rt
av1                     mp3on4                  truespeech
avrn                    mp3on4float             tscc
avrp                    mpc7                    tscc2
avs                     mpc8                    tta
avui                    mpeg1video              twinvq
bethsoftvid             mpeg2video              txd
bfi                     mpeg4                   ulti
bink                    mpegvideo               utvideo
binkaudio_dct           mpl2                    v210
binkaudio_rdft          msa1                    v210x
bintext                 mscc                    vb
bitpacked               msmpeg4v1               vble
bmp                     msmpeg4v2               vbn
bmv_audio               msmpeg4v3               vc1
bmv_video               msnsiren                vc1image
bonk                    msp2                    vcr1
brender_pix             msrle                   vmdaudio
c93                     mss1                    vmdvideo
cavs                    mss2                    vmix
cbd2_dpcm               msvideo1                vmnc
ccaption                mszh                    vnull
cdgraphics              mts2                    vorbis
cdtoons                 mv30                    vp3
cdxl                    mvc1                    vp4
cfhd                    mvc2                    vp5
cinepak                 mvdv                    vp6
clearvideo              mvha                    vp6a
cljr                    mwsc                    vp6f
cllc                    mxpeg                   vp7
comfortnoise            nellymoser              vp8
cook                    notchlc                 vp9
cpia                    nuv                     vplayer
cri                     on2avc                  vqa
cscd                    osq                     vqc
cyuv                    paf_audio               vvc
dca                     paf_video               wady_dpcm
dds                     pam                     wavarc
derf_dpcm               pbm                     wavpack
dfa                     pcm_alaw                wbmp
dfpwm                   pcm_alaw_at             wcmv
dirac                   pcm_bluray              webp
dnxhd                   pcm_dvd                 webp_anim
dolby_e                 pcm_f16le               webvtt
dpx                     pcm_f24le               wmalossless
dsd_lsbf                pcm_f32be               wmapro
dsd_lsbf_planar         pcm_f32le               wmav1
dsd_msbf                pcm_f64be               wmav2
dsd_msbf_planar         pcm_f64le               wmavoice
dsicinaudio             pcm_lxf                 wmv1
dsicinvideo             pcm_mulaw               wmv2
dss_sp                  pcm_mulaw_at            wmv3
dst                     pcm_s16be               wmv3image
dvaudio                 pcm_s16be_planar        wnv1
dvbsub                  pcm_s16le               wrapped_avframe
dvdsub                  pcm_s16le_planar        ws_snd1
dvvideo                 pcm_s24be               xan_dpcm
dxa                     pcm_s24daud             xan_wc3
dxtory                  pcm_s24le               xan_wc4
dxv                     pcm_s24le_planar        xbin
eac3                    pcm_s32be               xbm
eac3_at                 pcm_s32le               xface
eacmv                   pcm_s32le_planar        xl
eamad                   pcm_s64be               xma1
eatgq                   pcm_s64le               xma2
eatgv                   pcm_s8                  xpm
eatqi                   pcm_s8_planar           xsub
eightbps                pcm_sga                 xwd
eightsvx_exp            pcm_u16be               y41p
eightsvx_fib            pcm_u16le               ylc
escape124               pcm_u24be               yop
escape130               pcm_u24le               yuv4
evrc                    pcm_u32be               zero12v
exr                     pcm_u32le               zerocodec
fastaudio               pcm_u8                  zlib
ffv1                    pcm_vidc                zmbv
ffvhuff                 pcx

Enabled encoders:
a64multi                h264_videotoolbox       pcm_vidc
a64multi5               h264_vulkan             pcx
aac                     hdr                     pdv
aac_at                  hevc_videotoolbox       pfm
ac3                     hevc_vulkan             pgm
ac3_fixed               huffyuv                 pgmyuv
adpcm_adx               ilbc_at                 phm
adpcm_argo              jpeg2000                png
adpcm_g722              jpegls                  ppm
adpcm_g726              libgsm                  prores
adpcm_g726le            libgsm_ms               prores_aw
adpcm_ima_alp           libmp3lame              prores_ks
adpcm_ima_amv           libopenjpeg             prores_videotoolbox
adpcm_ima_apm           ljpeg                   qoi
adpcm_ima_qt            magicyuv                qtrle
adpcm_ima_ssi           mjpeg                   r10k
adpcm_ima_wav           mlp                     r210
adpcm_ima_ws            movtext                 ra_144
adpcm_ms                mp2                     rawvideo
adpcm_swf               mp2fixed                roq
adpcm_yamaha            mpeg1video              roq_dpcm
alac                    mpeg2video              rpza
alac_at                 mpeg4                   rv10
alias_pix               msmpeg4v2               rv20
amv                     msmpeg4v3               s302m
anull                   msrle                   sbc
apng                    msvideo1                sgi
aptx                    nellymoser              smc
aptx_hd                 opus                    snow
ass                     pam                     speedhq
asv1                    pbm                     srt
asv2                    pcm_alaw                ssa
av1_vulkan              pcm_alaw_at             subrip
avrp                    pcm_bluray              sunrast
avui                    pcm_dvd                 svq1
bitpacked               pcm_f32be               targa
bmp                     pcm_f32le               text
cfhd                    pcm_f64be               tiff
cinepak                 pcm_f64le               truehd
cljr                    pcm_mulaw               tta
comfortnoise            pcm_mulaw_at            ttml
dca                     pcm_s16be               utvideo
dfpwm                   pcm_s16be_planar        v210
dnxhd                   pcm_s16le               vbn
dpx                     pcm_s16le_planar        vc2
dvbsub                  pcm_s24be               vnull
dvdsub                  pcm_s24daud             wavpack
dvvideo                 pcm_s24le               wbmp
dxv                     pcm_s24le_planar        webvtt
eac3                    pcm_s32be               wmav1
exr                     pcm_s32le               wmav2
ffv1                    pcm_s32le_planar        wmv1
ffvhuff                 pcm_s64be               wmv2
fits                    pcm_s64le               wrapped_avframe
flac                    pcm_s8                  xbm
flashsv                 pcm_s8_planar           xface
flashsv2                pcm_u16be               xsub
flv                     pcm_u16le               xwd
g723_1                  pcm_u24be               y41p
gif                     pcm_u24le               yuv4
h261                    pcm_u32be               zlib
h263                    pcm_u32le               zmbv
h263p                   pcm_u8

Enabled hwaccels:
av1_videotoolbox        hevc_videotoolbox       prores_raw_videotoolbox
av1_vulkan              hevc_vulkan             prores_videotoolbox
h263_videotoolbox       mpeg1_videotoolbox      vp9_videotoolbox
h264_videotoolbox       mpeg2_videotoolbox      vp9_vulkan
h264_vulkan             mpeg4_videotoolbox

Enabled parsers:
aac                     evc                     mpegvideo
aac_latm                ffv1                    opus
ac3                     flac                    png
adx                     ftr                     pnm
amr                     g723_1                  prores
apv                     g729                    prores_raw
av1                     gif                     qoi
avs2                    gsm                     rv34
avs3                    h261                    sbc
bmp                     h263                    sipr
cavsvideo               h264                    tak
cook                    hdr                     vc1
cri                     hevc                    vorbis
dca                     ipu                     vp3
dirac                   jpeg2000                vp8
dnxhd                   jpegxl                  vp9
dnxuc                   jpegxs                  vvc
dolby_e                 lcevc                   webp
dpx                     misc4                   xbm
dvaudio                 mjpeg                   xma
dvbsub                  mlp                     xwd
dvd_nav                 mpeg4video
dvdsub                  mpegaudio

Enabled demuxers:
aa                      idcin                   pcm_s16be
aac                     idf                     pcm_s16le
aax                     iff                     pcm_s24be
ac3                     ifv                     pcm_s24le
ac4                     ilbc                    pcm_s32be
ace                     image2                  pcm_s32le
acm                     image2_alias_pix        pcm_s8
act                     image2_brender_pix      pcm_u16be
adf                     image2pipe              pcm_u16le
adp                     image_bmp_pipe          pcm_u24be
ads                     image_cri_pipe          pcm_u24le
adx                     image_dds_pipe          pcm_u32be
aea                     image_dpx_pipe          pcm_u32le
afc                     image_exr_pipe          pcm_u8
aiff                    image_gem_pipe          pcm_vidc
aix                     image_gif_pipe          pdv
alp                     image_hdr_pipe          pjs
amr                     image_j2k_pipe          pmp
amrnb                   image_jpeg_pipe         pp_bnk
amrwb                   image_jpegls_pipe       pva
anm                     image_jpegxl_pipe       pvf
apac                    image_jpegxs_pipe       qcp
apc                     image_pam_pipe          qoa
ape                     image_pbm_pipe          r3d
apm                     image_pcx_pipe          rawvideo
apng                    image_pfm_pipe          rcwt
aptx                    image_pgm_pipe          realtext
aptx_hd                 image_pgmyuv_pipe       redspark
apv                     image_pgx_pipe          rka
aqtitle                 image_phm_pipe          rl2
argo_asf                image_photocd_pipe      rm
argo_brp                image_pictor_pipe       roq
argo_cvg                image_png_pipe          rpl
asf                     image_ppm_pipe          rsd
asf_o                   image_psd_pipe          rso
ass                     image_qdraw_pipe        rtp
ast                     image_qoi_pipe          rtsp
au                      image_sgi_pipe          s337m
av1                     image_sunrast_pipe      sami
avi                     image_svg_pipe          sap
avr                     image_tiff_pipe         sbc
avs                     image_vbn_pipe          sbg
avs2                    image_webp_pipe         scc
avs3                    image_xbm_pipe          scd
bethsoftvid             image_xpm_pipe          sdns
bfi                     image_xwd_pipe          sdp
bfstm                   ingenient               sdr2
bink                    ipmovie                 sds
binka                   ipu                     sdx
bintext                 ircam                   segafilm
bit                     iss                     ser
bitpacked               iv8                     sga
bmv                     ivf                     shorten
boa                     ivr                     siff
bonk                    jacosub                 simbiosis_imx
brstm                   jpegxl_anim             sln
c93                     jv                      smacker
caf                     kux                     smjpeg
cavsvideo               kvag                    smush
cdg                     laf                     sol
cdxl                    lc3                     sox
cine                    live_flv                spdif
codec2                  lmlm4                   srt
codec2raw               loas                    stl
concat                  lrc                     str
data                    luodat                  subviewer
daud                    lvf                     subviewer1
dcstr                   lxf                     sup
derf                    m4v                     svag
dfa                     matroska                svs
dfpwm                   mca                     swf
dhav                    mcc                     tak
dirac                   mgsts                   tedcaptions
dnxhd                   microdvd                thp
dsf                     mjpeg                   threedostr
dsicin                  mjpeg_2000              tiertexseq
dss                     mlp                     tmv
dts                     mlv                     truehd
dtshd                   mm                      tta
dv                      mmf                     tty
dvbsub                  mods                    txd
dvbtxt                  moflex                  ty
dxa                     mov                     usm
ea                      mp3                     v210
ea_cdata                mpc                     v210x
eac3                    mpc8                    vag
epaf                    mpegps                  vc1
evc                     mpegts                  vc1t
ffmetadata              mpegtsraw               vividas
filmstrip               mpegvideo               vivo
fits                    mpjpeg                  vmd
flac                    mpl2                    vobsub
flic                    mpsub                   voc
flv                     msf                     vpk
fourxm                  msnwc_tcp               vplayer
frm                     msp                     vqf
fsb                     mtaf                    vvc
fwse                    mtv                     w64
g722                    musx                    wady
g723_1                  mv                      wav
g726                    mvi                     wavarc
g726le                  mxf                     wc3
g728                    mxg                     webm_dash_manifest
g729                    nc                      webp_anim
gdv                     nistsphere              webvtt
genh                    nsp                     wsaud
gif                     nsv                     wsd
gsm                     nut                     wsvqa
gxf                     nuv                     wtv
h261                    obu                     wv
h263                    ogg                     wve
h264                    oma                     xa
hca                     osq                     xbin
hcom                    paf                     xmd
hevc                    pcm_alaw                xmv
hls                     pcm_f32be               xvag
hnm                     pcm_f32le               xwma
hxvs                    pcm_f64be               yop
iamf                    pcm_f64le               yuv4mpegpipe
ico                     pcm_mulaw

Enabled muxers:
a64                     h263                    pcm_s16le
ac3                     h264                    pcm_s24be
ac4                     hash                    pcm_s24le
adts                    hds                     pcm_s32be
adx                     hevc                    pcm_s32le
aea                     hls                     pcm_s8
aiff                    iamf                    pcm_u16be
alp                     ico                     pcm_u16le
amr                     ilbc                    pcm_u24be
amv                     image2                  pcm_u24le
apm                     image2pipe              pcm_u32be
apng                    ipod                    pcm_u32le
aptx                    ircam                   pcm_u8
aptx_hd                 ismv                    pcm_vidc
apv                     ivf                     pdv
argo_asf                jacosub                 psp
argo_cvg                kvag                    rawvideo
asf                     latm                    rcwt
asf_stream              lc3                     rm
ass                     lrc                     roq
ast                     m4v                     rso
au                      matroska                rtp
avi                     matroska_audio          rtp_mpegts
avif                    mcc                     rtsp
avm2                    md5                     sap
avs2                    microdvd                sbc
avs3                    mjpeg                   scc
bit                     mkvtimestamp_v2         segafilm
caf                     mlp                     segment
cavsvideo               mmf                     smjpeg
codec2                  mov                     smoothstreaming
codec2raw               mp2                     sox
crc                     mp3                     spdif
dash                    mp4                     spx
data                    mpeg1system             srt
daud                    mpeg1vcd                stream_segment
dfpwm                   mpeg1video              streamhash
dirac                   mpeg2dvd                sup
dnxhd                   mpeg2svcd               swf
dts                     mpeg2video              tee
dv                      mpeg2vob                tg2
eac3                    mpegts                  tgp
evc                     mpjpeg                  truehd
f4v                     mxf                     tta
ffmetadata              mxf_d10                 ttml
fifo                    mxf_opatom              uncodedframecrc
filmstrip               null                    vc1
fits                    nut                     vc1t
flac                    obu                     voc
flv                     oga                     vvc
framecrc                ogg                     w64
framehash               ogv                     wav
framemd5                oma                     webm
g722                    opus                    webm_chunk
g723_1                  pcm_alaw                webm_dash_manifest
g726                    pcm_f32be               webp
g726le                  pcm_f32le               webvtt
gif                     pcm_f64be               wsaud
gsm                     pcm_f64le               wtv
gxf                     pcm_mulaw               wv
h261                    pcm_s16be               yuv4mpegpipe

Enabled protocols:
async                   http                    rtp
cache                   httpproxy               shared
concatf                 icecast                 srtp
crypto                  md5                     subfile
data                    mmsh                    tcp
fd                      mmst                    tee
ffrtmphttp              pipe                    udp
file                    prompeg                 udplite
ftp                     rtmp                    unix
gopher                  rtmpt

Enabled filters:

Enabled bsfs:
aac_adtstoasc           h264_mp4toannexb        vp9_superframe
av1_frame_merge         hevc_mp4toannexb        vp9_superframe_split
av1_metadata            media100_to_mjpegb      vvc_mp4toannexb
eia608_to_smpte436m     pcm_rechunk
evc_frame_merge         pgs_frame_merge

Enabled indevs:

Enabled outdevs:

License: LGPL version 2.1 or later
/Applications/Xcode.app/Contents/Developer/usr/bin/make -C ffmpeg/vlc_build
GEN	libavutil/libavutil.version
GEN	libavcodec/libavcodec.version
GEN	libavformat/libavformat.version
GEN	libswscale/libswscale.version
CC	libavformat/4xm.o
CC	libavformat/3dostr.o
CC	libavformat/a64.o
CC	libavformat/aacdec.o
CC	libavformat/aadec.o
CC	libavformat/ac3dec.o
CC	libavformat/aaxdec.o
CC	libavformat/ac4dec.o
CC	libavformat/ac4enc.o
CC	libavformat/acedec.o
CC	libavformat/acm.o
CC	libavformat/act.o
CC	libavformat/adp.o
CC	libavformat/ads.o
CC	libavformat/adtsenc.o
CC	libavformat/adxdec.o
CC	libavformat/aeadec.o
CC	libavformat/aeaenc.o
CC	libavformat/afc.o
CC	libavformat/aiff.o
CC	libavformat/aiffdec.o
CC	libavformat/aiffenc.o
CC	libavformat/aixdec.o
CC	libavformat/allformats.o
CC	libavformat/alp.o
CC	libavformat/amr.o
CC	libavformat/amvenc.o
CC	libavformat/anm.o
CC	libavformat/apac.o
CC	libavformat/apc.o
CC	libavformat/ape.o
CC	libavformat/apetag.o
CC	libavformat/apm.o
CC	libavformat/apngdec.o
CC	libavformat/apngenc.o
CC	libavformat/aptxdec.o
CC	libavformat/apv.o
CC	libavformat/apvdec.o
CC	libavformat/apvenc.o
CC	libavformat/aqtitledec.o
CC	libavformat/argo_asf.o
CC	libavformat/argo_brp.o
CC	libavformat/argo_cvg.o
CC	libavformat/asf.o
CC	libavformat/asf_tags.o
CC	libavformat/asfcrypt.o
CC	libavformat/asfdec_f.o
CC	libavformat/asfdec_o.o
CC	libavformat/asfenc.o
CC	libavformat/assdec.o
CC	libavformat/assenc.o
CC	libavformat/ast.o
CC	libavformat/astdec.o
CC	libavformat/astenc.o
CC	libavformat/async.o
CC	libavformat/au.o
CC	libavformat/av1.o
CC	libavformat/av1dec.o
CC	libavformat/avc.o
CC	libavformat/avformat.o
CC	libavformat/avidec.o
CC	libavformat/avienc.o
CC	libavformat/avio.o
CC	libavformat/aviobuf.o
CC	libavformat/avlanguage.o
CC	libavformat/avr.o
CC	libavformat/avs.o
CC	libavformat/avs2dec.o
CC	libavformat/avs3dec.o
CC	libavformat/bethsoftvid.o
CC	libavformat/bfi.o
CC	libavformat/bink.o
CC	libavformat/binka.o
CC	libavformat/bintext.o
CC	libavformat/bit.o
CC	libavformat/bmv.o
CC	libavformat/boadec.o
CC	libavformat/bonk.o
CC	libavformat/brstm.o
CC	libavformat/c93.o
CC	libavformat/cache.o
CC	libavformat/caf.o
CC	libavformat/cafdec.o
CC	libavformat/cafenc.o
CC	libavformat/cavsvideodec.o
CC	libavformat/cbs.o
CC	libavformat/cbs_apv.o
CC	libavformat/cbs_av1.o
CC	libavformat/cdg.o
CC	libavformat/cdxl.o
CC	libavformat/cinedec.o
CC	libavformat/codec2.o
CC	libavformat/codecstring.o
CC	libavformat/concat.o
CC	libavformat/concatdec.o
CC	libavformat/crcenc.o
CC	libavformat/crypto.o
CC	libavformat/dash.o
CC	libavformat/dashenc.o
CC	libavformat/data_uri.o
CC	libavformat/dauddec.o
CC	libavformat/daudenc.o
CC	libavformat/dcstr.o
CC	libavformat/demux.o
CC	libavformat/demux_utils.o
CC	libavformat/derf.o
CC	libavformat/dfa.o
CC	libavformat/dfpwmdec.o
CC	libavformat/dhav.o
CC	libavformat/diracdec.o
CC	libavformat/dnxhddec.o
CC	libavformat/dsfdec.o
CC	libavformat/dovi_isom.o
CC	libavformat/dsicin.o
CC	libavformat/dss.o
CC	libavformat/dtsdec.o
CC	libavformat/dtshddec.o
CC	libavformat/dump.o
CC	libavformat/dv.o
CC	libavformat/dvbsub.o
CC	libavformat/dvbtxt.o
CC	libavformat/dvdclut.o
CC	libavformat/dvenc.o
CC	libavformat/dxa.o
CC	libavformat/eacdata.o
CC	libavformat/electronicarts.o
CC	libavformat/epafdec.o
CC	libavformat/evc.o
CC	libavformat/evcdec.o
CC	libavformat/ffmetadec.o
CC	libavformat/ffmetaenc.o
CC	libavformat/fifo.o
CC	libavformat/file.o
CC	libavformat/filmstripdec.o
CC	libavformat/filmstripenc.o
CC	libavformat/fitsdec.o
CC	libavformat/fitsenc.o
CC	libavformat/flac_picture.o
CC	libavformat/flacdec.o
CC	libavformat/flacenc.o
CC	libavformat/flacenc_header.o
CC	libavformat/flic.o
CC	libavformat/flvdec.o
CC	libavformat/flvenc.o
CC	libavformat/format.o
CC	libavformat/framecrcenc.o
CC	libavformat/framehash.o
CC	libavformat/frmdec.o
CC	libavformat/fsb.o
CC	libavformat/ftp.o
CC	libavformat/fwse.o
CC	libavformat/g722.o
CC	libavformat/g723_1.o
CC	libavformat/g726.o
CC	libavformat/g729dec.o
CC	libavformat/g728dec.o
CC	libavformat/gdv.o
CC	libavformat/gifdec.o
CC	libavformat/genh.o
CC	libavformat/gif.o
CC	libavformat/gopher.o
CC	libavformat/gsmdec.o
CC	libavformat/gxfenc.o
CC	libavformat/gxf.o
CC	libavformat/h261dec.o
CC	libavformat/h263dec.o
CC	libavformat/h264dec.o
CC	libavformat/hashenc.o
CC	libavformat/hca.o
CC	libavformat/hcom.o
CC	libavformat/hdsenc.o
CC	libavformat/hevc.o
CC	libavformat/hevcdec.o
CC	libavformat/hls.o
CC	libavformat/hls_sample_encryption.o
CC	libavformat/hlsenc.o
CC	libavformat/hlsplaylist.o
CC	libavformat/hnm.o
CC	libavformat/http.o
CC	libavformat/httpauth.o
CC	libavformat/hxvs.o
CC	libavformat/iamf.o
CC	libavformat/iamf_parse.o
CC	libavformat/iamf_reader.o
CC	libavformat/iamf_writer.o
CC	libavformat/iamfdec.o
CC	libavformat/iamfenc.o
CC	libavformat/icecast.o
CC	libavformat/icodec.o
CC	libavformat/icoenc.o
CC	libavformat/id3v1.o
CC	libavformat/id3v2.o
CC	libavformat/id3v2enc.o
CC	libavformat/idcin.o
CC	libavformat/idroqdec.o
CC	libavformat/idroqenc.o
CC	libavformat/iff.o
CC	libavformat/ifv.o
CC	libavformat/ilbc.o
CC	libavformat/img2.o
CC	libavformat/img2_alias_pix.o
CC	libavformat/img2_brender_pix.o
CC	libavformat/img2dec.o
CC	libavformat/img2enc.o
CC	libavformat/imx.o
CC	libavformat/ingenientdec.o
CC	libavformat/ipmovie.o
CC	libavformat/ip.o
CC	libavformat/ipudec.o
CC	libavformat/ircam.o
CC	libavformat/ircamdec.o
CC	libavformat/ircamenc.o
CC	libavformat/isom.o
CC	libavformat/isom_tags.o
CC	libavformat/iss.o
CC	libavformat/iv8.o
CC	libavformat/ivfdec.o
CC	libavformat/ivfenc.o
CC	libavformat/jacosubdec.o
CC	libavformat/jacosubenc.o
CC	libavformat/jpegxl_anim_dec.o
CC	libavformat/jvdec.o
CC	libavformat/kvag.o
CC	libavformat/lafdec.o
CC	libavformat/latmenc.o
src/libavformat/jvdec.c:185:9: warning: unannotated fall-through between switch labels [-Wimplicit-fallthrough]
  185 |         case JV_VIDEO:
      |         ^
src/libavformat/jvdec.c:185:9: note: insert '__attribute__((fallthrough));' to silence this warning
  185 |         case JV_VIDEO:
      |         ^
      |         __attribute__((fallthrough)); 
src/libavformat/jvdec.c:185:9: note: insert 'break;' to avoid fall-through
  185 |         case JV_VIDEO:
      |         ^
      |         break; 
src/libavformat/jvdec.c:209:9: warning: unannotated fall-through between switch labels [-Wimplicit-fallthrough]
  209 |         case JV_PADDING:
      |         ^
src/libavformat/jvdec.c:209:9: note: insert '__attribute__((fallthrough));' to silence this warning
  209 |         case JV_PADDING:
      |         ^
      |         __attribute__((fallthrough)); 
src/libavformat/jvdec.c:209:9: note: insert 'break;' to avoid fall-through
  209 |         case JV_PADDING:
      |         ^
      |         break; 
2 warnings generated.
CC	libavformat/lc3.o
CC	libavformat/lcevc.o
CC	libavformat/lmlm4.o
CC	libavformat/loasdec.o
CC	libavformat/lrc.o
CC	libavformat/lrcdec.o
CC	libavformat/lrcenc.o
CC	libavformat/luodatdec.o
CC	libavformat/lvfdec.o
CC	libavformat/lxfdec.o
CC	libavformat/m4vdec.o
CC	libavformat/matroska.o
CC	libavformat/matroskadec.o
CC	libavformat/matroskaenc.o
CC	libavformat/mca.o
CC	libavformat/mccdec.o
CC	libavformat/mccenc.o
CC	libavformat/md5proto.o
CC	libavformat/metadata.o
CC	libavformat/mgsts.o
CC	libavformat/microdvddec.o
CC	libavformat/microdvdenc.o
CC	libavformat/mj2kdec.o
CC	libavformat/mkvtimestamp_v2.o
CC	libavformat/mlpdec.o
CC	libavformat/mlvdec.o
CC	libavformat/mm.o
CC	libavformat/mmf.o
CC	libavformat/mms.o
CC	libavformat/mmsh.o
CC	libavformat/mmst.o
CC	libavformat/mods.o
CC	libavformat/moflex.o
CC	libavformat/mov.o
CC	libavformat/mov_chan.o
CC	libavformat/mov_esds.o
CC	libavformat/movenc.o
CC	libavformat/movenc_ttml.o
CC	libavformat/movenccenc.o
CC	libavformat/movenchint.o
CC	libavformat/mp3dec.o
CC	libavformat/mp3enc.o
CC	libavformat/mpc.o
CC	libavformat/mpc8.o
CC	libavformat/mpeg.o
CC	libavformat/mpegenc.o
CC	libavformat/mpegts.o
CC	libavformat/mpegtsenc.o
CC	libavformat/mpegvideodec.o
CC	libavformat/mpjpeg.o
CC	libavformat/mpjpegdec.o
CC	libavformat/mpl2dec.o
CC	libavformat/mpsubdec.o
CC	libavformat/msf.o
CC	libavformat/msnwc_tcp.o
CC	libavformat/mspdec.o
CC	libavformat/mtaf.o
CC	libavformat/mtv.o
CC	libavformat/musx.o
CC	libavformat/mux.o
CC	libavformat/mux_utils.o
CC	libavformat/mvdec.o
CC	libavformat/mvi.o
CC	libavformat/mxf.o
CC	libavformat/mxfenc.o
CC	libavformat/mxfdec.o
CC	libavformat/mxg.o
CC	libavformat/nal.o
CC	libavformat/ncdec.o
CC	libavformat/network.o
CC	libavformat/nistspheredec.o
CC	libavformat/nspdec.o
src/libavformat/nspdec.c:81:9: warning: unannotated fall-through between switch labels [-Wimplicit-fallthrough]
   81 |         case MKBETAG('S', 'D', 'A', '_'):
      |         ^
src/libavformat/nspdec.c:81:9: note: insert '__attribute__((fallthrough));' to silence this warning
   81 |         case MKBETAG('S', 'D', 'A', '_'):
      |         ^
      |         __attribute__((fallthrough)); 
src/libavformat/nspdec.c:81:9: note: insert 'break;' to avoid fall-through
   81 |         case MKBETAG('S', 'D', 'A', '_'):
      |         ^
      |         break; 
1 warning generated.
CC	libavformat/nsvdec.o
CC	libavformat/nullenc.o
CC	libavformat/nut.o
CC	libavformat/nutdec.o
CC	libavformat/nutenc.o
CC	libavformat/nuv.o
src/libavformat/nuv.c:279:9: warning: unannotated fall-through between switch labels [-Wimplicit-fallthrough]
  279 |         case NUV_VIDEO:
      |         ^
src/libavformat/nuv.c:279:9: note: insert '__attribute__((fallthrough));' to silence this warning
  279 |         case NUV_VIDEO:
      |         ^
      |         __attribute__((fallthrough)); 
src/libavformat/nuv.c:279:9: note: insert 'break;' to avoid fall-through
  279 |         case NUV_VIDEO:
      |         ^
      |         break; 
1 warning generated.
CC	libavformat/oggdec.o
CC	libavformat/oggenc.o
CC	libavformat/oggparsedirac.o
CC	libavformat/oggparseflac.o
CC	libavformat/oggparseogm.o
CC	libavformat/oggparseopus.o
CC	libavformat/oggparseskeleton.o
CC	libavformat/oggparsespeex.o
CC	libavformat/oggparsetheora.o
CC	libavformat/oggparsevorbis.o
CC	libavformat/oggparsevp8.o
CC	libavformat/oma.o
CC	libavformat/omadec.o
CC	libavformat/omaenc.o
CC	libavformat/options.o
CC	libavformat/os_support.o
CC	libavformat/osq.o
CC	libavformat/packet_list.o
CC	libavformat/paf.o
CC	libavformat/pcm.o
CC	libavformat/pcmdec.o
CC	libavformat/pcmenc.o
CC	libavformat/pdvdec.o
CC	libavformat/pdvenc.o
CC	libavformat/pjsdec.o
CC	libavformat/pmpdec.o
CC	libavformat/pp_bnk.o
CC	libavformat/prompeg.o
CC	libavformat/protocols.o
CC	libavformat/psxstr.o
CC	libavformat/pva.o
CC	libavformat/pvfdec.o
CC	libavformat/qcp.o
CC	libavformat/qoadec.o
CC	libavformat/qtpalette.o
CC	libavformat/r3d.o
CC	libavformat/rawdec.o
CC	libavformat/rawenc.o
CC	libavformat/rawutils.o
CC	libavformat/rawvideodec.o
CC	libavformat/rcwtdec.o
CC	libavformat/rcwtenc.o
CC	libavformat/rdt.o
CC	libavformat/realtextdec.o
CC	libavformat/redspark.o
CC	libavformat/replaygain.o
CC	libavformat/riff.o
CC	libavformat/riffdec.o
CC	libavformat/riffenc.o
CC	libavformat/rka.o
CC	libavformat/rl2.o
CC	libavformat/rm.o
CC	libavformat/rmdec.o
CC	libavformat/rmenc.o
CC	libavformat/rmsipr.o
CC	libavformat/rpl.o
CC	libavformat/rsd.o
CC	libavformat/rso.o
CC	libavformat/rsodec.o
CC	libavformat/rsoenc.o
CC	libavformat/rtmpdigest.o
CC	libavformat/rtmphttp.o
CC	libavformat/rtmppkt.o
CC	libavformat/rtmpproto.o
CC	libavformat/rtp.o
CC	libavformat/rtpdec.o
CC	libavformat/rtpdec_ac3.o
CC	libavformat/rtpdec_amr.o
CC	libavformat/rtpdec_asf.o
CC	libavformat/rtpdec_av1.o
CC	libavformat/rtpdec_dv.o
CC	libavformat/rtpdec_g726.o
CC	libavformat/rtpdec_h261.o
CC	libavformat/rtpdec_h263.o
CC	libavformat/rtpdec_h263_rfc2190.o
CC	libavformat/rtpdec_h264.o
CC	libavformat/rtpdec_hevc.o
CC	libavformat/rtpdec_ilbc.o
CC	libavformat/rtpdec_jpeg.o
CC	libavformat/rtpdec_latm.o
CC	libavformat/rtpdec_mpa_robust.o
CC	libavformat/rtpdec_mpeg12.o
CC	libavformat/rtpdec_mpeg4.o
CC	libavformat/rtpdec_mpegts.o
CC	libavformat/rtpdec_opus.o
CC	libavformat/rtpdec_qcelp.o
CC	libavformat/rtpdec_qdm2.o
CC	libavformat/rtpdec_qt.o
CC	libavformat/rtpdec_rfc4175.o
CC	libavformat/rtpdec_svq3.o
CC	libavformat/rtpdec_vc2hq.o
CC	libavformat/rtpdec_vp8.o
CC	libavformat/rtpdec_vp9.o
CC	libavformat/rtpdec_xiph.o
CC	libavformat/rtpenc.o
CC	libavformat/rtpenc_aac.o
CC	libavformat/rtpenc_amr.o
CC	libavformat/rtpenc_av1.o
CC	libavformat/rtpenc_chain.o
CC	libavformat/rtpenc_h261.o
CC	libavformat/rtpenc_h263.o
CC	libavformat/rtpenc_h263_rfc2190.o
CC	libavformat/rtpenc_h264_hevc.o
CC	libavformat/rtpenc_latm.o
CC	libavformat/rtpenc_jpeg.o
CC	libavformat/rtpenc_mpegts.o
CC	libavformat/rtpenc_mpv.o
CC	libavformat/rtpenc_rfc4175.o
CC	libavformat/rtpenc_vc2hq.o
CC	libavformat/rtpenc_vp8.o
CC	libavformat/rtpenc_vp9.o
CC	libavformat/rtpenc_xiph.o
CC	libavformat/rtpproto.o
CC	libavformat/rtsp.o
CC	libavformat/rtspdec.o
CC	libavformat/rtspenc.o
CC	libavformat/s337m.o
CC	libavformat/samidec.o
CC	libavformat/sapdec.o
CC	libavformat/sapenc.o
CC	libavformat/sauce.o
CC	libavformat/sbcdec.o
CC	libavformat/sbgdec.o
CC	libavformat/sccdec.o
CC	libavformat/sccenc.o
CC	libavformat/scd.o
CC	libavformat/sdns.o
CC	libavformat/sdp.o
CC	libavformat/sdr2.o
CC	libavformat/sdsdec.o
CC	libavformat/sdxdec.o
CC	libavformat/seek.o
CC	libavformat/segafilm.o
CC	libavformat/segafilmenc.o
CC	libavformat/segment.o
CC	libavformat/serdec.o
CC	libavformat/sga.o
CC	libavformat/shared.o
src/libavformat/shared.c:472:16: warning: format specifies type 'size_t' (aka 'unsigned long') but the argument has type 'int64_t' (aka 'long long') [-Wformat]
  469 |                "%s %zu bytes, capacity: %"PRId64" blocks = %zu MB\n",
      |                                                            ~~~
      |                                                            %lld
  470 |                ret ? "Resized spacemap to" : "Mapped spacemap with",
  471 |                (size_t) s->map_size, num_blocks,
  472 |                (num_blocks * (int64_t) s->block_size) >> 20);
      |                ^~~~~~~~~~~~~~~~~~~~~~~~~~~~~~~~~~~~~~~~~~~~
CC	libavformat/shortendec.o
CC	libavformat/sierravmd.o
1 warning generated.
CC	libavformat/siff.o
CC	libavformat/smacker.o
CC	libavformat/smjpeg.o
CC	libavformat/smjpegdec.o
CC	libavformat/smjpegenc.o
CC	libavformat/smoothstreamingenc.o
CC	libavformat/smush.o
CC	libavformat/sol.o
CC	libavformat/soxdec.o
CC	libavformat/soxenc.o
CC	libavformat/spdif.o
CC	libavformat/spdifdec.o
CC	libavformat/spdifenc.o
CC	libavformat/srtdec.o
CC	libavformat/srtenc.o
CC	libavformat/srtp.o
CC	libavformat/srtpproto.o
CC	libavformat/stldec.o
CC	libavformat/subfile.o
CC	libavformat/subtitles.o
CC	libavformat/subviewer1dec.o
CC	libavformat/subviewerdec.o
CC	libavformat/supdec.o
CC	libavformat/supenc.o
CC	libavformat/svag.o
CC	libavformat/svs.o
CC	libavformat/swf.o
CC	libavformat/swfdec.o
CC	libavformat/swfenc.o
CC	libavformat/takdec.o
CC	libavformat/tcp.o
CC	libavformat/tedcaptionsdec.o
CC	libavformat/tee.o
CC	libavformat/tee_common.o
CC	libavformat/teeproto.o
CC	libavformat/thp.o
CC	libavformat/tiertexseq.o
CC	libavformat/tmv.o
CC	libavformat/tta.o
CC	libavformat/ttaenc.o
CC	libavformat/ttmlenc.o
CC	libavformat/tty.o
CC	libavformat/txd.o
CC	libavformat/ty.o
CC	libavformat/udp.o
CC	libavformat/uncodedframecrcenc.o
CC	libavformat/unix.o
CC	libavformat/url.o
CC	libavformat/urldecode.o
CC	libavformat/usmdec.o
CC	libavformat/utils.o
CC	libavformat/vag.o
CC	libavformat/vc1dec.o
CC	libavformat/vc1test.o
CC	libavformat/vc1testenc.o
CC	libavformat/version.o
CC	libavformat/vividas.o
CC	libavformat/vivo.o
CC	libavformat/voc.o
CC	libavformat/voc_packet.o
CC	libavformat/vocdec.o
CC	libavformat/vocenc.o
CC	libavformat/vorbiscomment.o
CC	libavformat/vpcc.o
CC	libavformat/vpk.o
CC	libavformat/vplayerdec.o
CC	libavformat/vqf.o
CC	libavformat/vvc.o
CC	libavformat/vvcdec.o
CC	libavformat/w64.o
CC	libavformat/wady.o
CC	libavformat/wavarc.o
CC	libavformat/wavdec.o
CC	libavformat/wavenc.o
CC	libavformat/wc3movie.o
CC	libavformat/webm_chunk.o
CC	libavformat/webmdashenc.o
CC	libavformat/webp_anim_dec.o
CC	libavformat/webpenc.o
CC	libavformat/webvttdec.o
CC	libavformat/webvttenc.o
CC	libavformat/westwood_aud.o
CC	libavformat/westwood_audenc.o
CC	libavformat/westwood_vqa.o
CC	libavformat/wsddec.o
CC	libavformat/wtv_common.o
CC	libavformat/wtvdec.o
CC	libavformat/wtvenc.o
CC	libavformat/wv.o
CC	libavformat/wvdec.o
CC	libavformat/wvedec.o
CC	libavformat/wvenc.o
CC	libavformat/xa.o
CC	libavformat/xmd.o
CC	libavformat/xmv.o
CC	libavformat/xvag.o
CC	libavformat/xwma.o
CC	libavformat/yop.o
CC	libavformat/yuv4mpegdec.o
CC	libavformat/yuv4mpegenc.o
GEN	libavformat/libavformat.pc
GEN	libavcodec/libavcodec.pc
GEN	libswscale/libswscale.pc
CC	libavutil/float2half.o
CC	libavutil/half2float.o
GEN	libavutil/libavutil.pc
CC	libavcodec/012v.o
AR	libavformat/libavformat.a
CC	libavcodec/4xm.o
CC	libavcodec/8bps.o
CC	libavcodec/8svx.o
CC	libavcodec/a64multienc.o
CC	libavcodec/aac/aacdec.o
CC	libavcodec/aac/aacdec_ac.o
CC	libavcodec/aac/aacdec_fixed.o
CC	libavcodec/aac/aacdec_float.o
CC	libavcodec/aac/aacdec_lpd.o
CC	libavcodec/aac/aacdec_tab.o
CC	libavcodec/aac/aacdec_usac.o
CC	libavcodec/aac/aacdec_usac_mps212.o
CC	libavcodec/aac_ac3_parser.o
CC	libavcodec/aac_parser.o
CC	libavcodec/aaccoder.o
CC	libavcodec/aacenc.o
CC	libavcodec/aacenc_is.o
CC	libavcodec/aacenc_tns.o
CC	libavcodec/aacencdsp.o
CC	libavcodec/aacenctab.o
CC	libavcodec/aacps_common.o
CC	libavcodec/aacps_fixed.o
CC	libavcodec/aacps_float.o
CC	libavcodec/aacpsdsp_fixed.o
CC	libavcodec/aacpsdsp_float.o
CC	libavcodec/aacpsy.o
CC	libavcodec/aacsbr.o
CC	libavcodec/aacsbr_fixed.o
CC	libavcodec/aactab.o
CC	libavcodec/aandcttab.o
CC	libavcodec/aarch64/aacencdsp_init.o
AS	libavcodec/aarch64/aacencdsp_neon.o
CC	libavcodec/aarch64/aacpsdsp_init_aarch64.o
AS	libavcodec/aarch64/aacpsdsp_neon.o
CC	libavcodec/aarch64/ac3dsp_init_aarch64.o
AS	libavcodec/aarch64/ac3dsp_neon.o
CC	libavcodec/aarch64/dcadsp_init_aarch64.o
AS	libavcodec/aarch64/dcadsp_neon.o
CC	libavcodec/aarch64/fdctdsp_init_aarch64.o
AS	libavcodec/aarch64/fdctdsp_neon.o
CC	libavcodec/aarch64/fmtconvert_init.o
AS	libavcodec/aarch64/fmtconvert_neon.o
CC	libavcodec/aarch64/h264chroma_init_aarch64.o
AS	libavcodec/aarch64/h264cmc_neon.o
CC	libavcodec/aarch64/h264dsp_init_aarch64.o
AS	libavcodec/aarch64/h264dsp_neon.o
AS	libavcodec/aarch64/h264idct_neon.o
CC	libavcodec/aarch64/h264pred_init.o
AS	libavcodec/aarch64/h264pred_neon.o
CC	libavcodec/aarch64/h264qpel_init_aarch64.o
AS	libavcodec/aarch64/h264qpel_neon.o
AS	libavcodec/aarch64/h26x/epel_neon.o
AS	libavcodec/aarch64/h26x/qpel_neon.o
AS	libavcodec/aarch64/h26x/sao_neon.o
AS	libavcodec/aarch64/hevcdsp_deblock_neon.o
AS	libavcodec/aarch64/hevcdsp_dequant_neon.o
AS	libavcodec/aarch64/hevcdsp_idct_neon.o
CC	libavcodec/aarch64/hevcdsp_init_aarch64.o
CC	libavcodec/aarch64/hevcpred_init_aarch64.o
AS	libavcodec/aarch64/hevcpred_neon.o
CC	libavcodec/aarch64/hpeldsp_init_aarch64.o
AS	libavcodec/aarch64/hpeldsp_neon.o
CC	libavcodec/aarch64/huffyuvdsp_init_aarch64.o
AS	libavcodec/aarch64/huffyuvdsp_neon.o
CC	libavcodec/aarch64/idctdsp_init_aarch64.o
AS	libavcodec/aarch64/idctdsp_neon.o
CC	libavcodec/aarch64/me_cmp_init_aarch64.o
AS	libavcodec/aarch64/me_cmp_neon.o
CC	libavcodec/aarch64/mpegaudiodsp_init.o
AS	libavcodec/aarch64/mpegaudiodsp_neon.o
CC	libavcodec/aarch64/mpegvideoencdsp_init.o
AS	libavcodec/aarch64/mpegvideoencdsp_neon.o
CC	libavcodec/aarch64/pixblockdsp_init_aarch64.o
AS	libavcodec/aarch64/pixblockdsp_neon.o
CC	libavcodec/aarch64/pngdsp_init.o
AS	libavcodec/aarch64/pngdsp_neon.o
CC	libavcodec/aarch64/rv40dsp_init_aarch64.o
CC	libavcodec/aarch64/sbrdsp_init_aarch64.o
AS	libavcodec/aarch64/sbrdsp_neon.o
AS	libavcodec/aarch64/simple_idct_neon.o
CC	libavcodec/aarch64/synth_filter_init.o
AS	libavcodec/aarch64/synth_filter_neon.o
CC	libavcodec/aarch64/vc1dsp_init_aarch64.o
AS	libavcodec/aarch64/vc1dsp_neon.o
AS	libavcodec/aarch64/videodsp.o
CC	libavcodec/aarch64/videodsp_init.o
CC	libavcodec/aarch64/vorbisdsp_init.o
AS	libavcodec/aarch64/vorbisdsp_neon.o
CC	libavcodec/aarch64/vp8dsp_init_aarch64.o
AS	libavcodec/aarch64/vp8dsp_neon.o
CC	libavcodec/aarch64/vp9dsp_init_10bpp_aarch64.o
CC	libavcodec/aarch64/vp9dsp_init_12bpp_aarch64.o
CC	libavcodec/aarch64/vp9dsp_init_aarch64.o
AS	libavcodec/aarch64/vp9itxfm_16bpp_neon.o
AS	libavcodec/aarch64/vp9itxfm_neon.o
AS	libavcodec/aarch64/vp9lpf_16bpp_neon.o
AS	libavcodec/aarch64/vp9lpf_neon.o
AS	libavcodec/aarch64/vp9mc_16bpp_neon.o
AS	libavcodec/aarch64/vp9mc_aarch64.o
AS	libavcodec/aarch64/vp9mc_neon.o
AS	libavcodec/aarch64/vvc/alf.o
CC	libavcodec/aarch64/vvc/dsp_init.o
AS	libavcodec/aarch64/vvc/inter.o
AS	libavcodec/aarch64/vvc/inter_sme2.o
AS	libavcodec/aarch64/vvc/sad.o
CC	libavcodec/aasc.o
CC	libavcodec/ac3.o
CC	libavcodec/ac3_channel_layout_tab.o
CC	libavcodec/ac3_parser.o
CC	libavcodec/ac3dec_data.o
CC	libavcodec/ac3dec_fixed.o
CC	libavcodec/ac3dec_float.o
CC	libavcodec/ac3dsp.o
CC	libavcodec/ac3enc.o
CC	libavcodec/ac3enc_fixed.o
CC	libavcodec/ac3enc_float.o
CC	libavcodec/ac3tab.o
CC	libavcodec/acelp_filters.o
CC	libavcodec/acelp_pitch_delay.o
CC	libavcodec/acelp_vectors.o
CC	libavcodec/adpcm.o
CC	libavcodec/adpcm_data.o
CC	libavcodec/adpcmenc.o
CC	libavcodec/adts_header.o
CC	libavcodec/adts_parser.o
CC	libavcodec/adx.o
src/libavcodec/adpcm.c:424:23: warning: unused function 'adpcm_ima_escape_expand_nibble' [-Wunused-function]
  424 | static inline int16_t adpcm_ima_escape_expand_nibble(ADPCMChannelStatus *c, int8_t nibble)
      |                       ^~~~~~~~~~~~~~~~~~~~~~~~~~~~~~
src/libavcodec/adpcm.c:583:13: warning: unused function 'decode_adpcm_ima_hvqm2' [-Wunused-function]
  583 | static void decode_adpcm_ima_hvqm2(AVCodecContext *avctx, int16_t *outbuf, int samples_to_do,
      |             ^~~~~~~~~~~~~~~~~~~~~~
src/libavcodec/adpcm.c:620:13: warning: unused function 'decode_adpcm_ima_hvqm4' [-Wunused-function]
  620 | static void decode_adpcm_ima_hvqm4(AVCodecContext *avctx, int16_t *outbuf, int samples_to_do,
      |             ^~~~~~~~~~~~~~~~~~~~~~
src/libavcodec/adpcm.c:767:23: warning: unused function 'adpcm_circus_expand_nibble' [-Wunused-function]
  767 | static inline int16_t adpcm_circus_expand_nibble(ADPCMChannelStatus *c, uint8_t nibble)
      |                       ^~~~~~~~~~~~~~~~~~~~~~~~~~
CC	libavcodec/adx_parser.o
CC	libavcodec/adxdec.o
CC	libavcodec/adxenc.o
CC	libavcodec/agm.o
CC	libavcodec/aic.o
CC	libavcodec/alac.o
CC	libavcodec/alac_data.o
CC	libavcodec/alacdsp.o
CC	libavcodec/alacenc.o
4 warnings generated.
CC	libavcodec/aliaspixdec.o
CC	libavcodec/aliaspixenc.o
CC	libavcodec/allcodecs.o
CC	libavcodec/alsdec.o
CC	libavcodec/amr_parser.o
CC	libavcodec/amrnbdec.o
CC	libavcodec/amrwbdec.o
CC	libavcodec/anm.o
CC	libavcodec/ansi.o
CC	libavcodec/aom_film_grain.o
CC	libavcodec/apac.o
CC	libavcodec/apedec.o
CC	libavcodec/aptx.o
CC	libavcodec/aptxdec.o
CC	libavcodec/aptxenc.o
CC	libavcodec/apv_decode.o
CC	libavcodec/apv_dsp.o
CC	libavcodec/apv_entropy.o
CC	libavcodec/apv_parser.o
CC	libavcodec/arbc.o
CC	libavcodec/argo.o
CC	libavcodec/ass.o
CC	libavcodec/assdec.o
CC	libavcodec/ass_split.o
CC	libavcodec/assenc.o
CC	libavcodec/asv.o
CC	libavcodec/asvdec.o
CC	libavcodec/asvenc.o
CC	libavcodec/atrac.o
CC	libavcodec/atrac1.o
CC	libavcodec/atrac3.o
CC	libavcodec/atrac3plus.o
CC	libavcodec/atrac3plusdec.o
CC	libavcodec/atrac3plusdsp.o
CC	libavcodec/atrac9dec.o
CC	libavcodec/atsc_a53.o
CC	libavcodec/audio_frame_queue.o
CC	libavcodec/audiodsp.o
CC	libavcodec/audiotoolboxdec.o
CC	libavcodec/audiotoolboxenc.o
CC	libavcodec/aura.o
CC	libavcodec/av1_levels.o
CC	libavcodec/av1_parse.o
CC	libavcodec/av1_parser.o
CC	libavcodec/av1dec.o
CC	libavcodec/avcodec.o
CC	libavcodec/avdct.o
CC	libavcodec/avrndec.o
CC	libavcodec/avs.o
CC	libavcodec/avs2.o
CC	libavcodec/avs2_parser.o
CC	libavcodec/avs3_parser.o
CC	libavcodec/avuidec.o
CC	libavcodec/avuienc.o
CC	libavcodec/bethsoftvideo.o
CC	libavcodec/bfi.o
CC	libavcodec/bgmc.o
CC	libavcodec/bink.o
CC	libavcodec/binkaudio.o
CC	libavcodec/binkdsp.o
CC	libavcodec/bintext.o
CC	libavcodec/bitpacked_dec.o
CC	libavcodec/bitpacked_enc.o
CC	libavcodec/bitstream.o
CC	libavcodec/bitstream_filters.o
CC	libavcodec/blockdsp.o
CC	libavcodec/bmp.o
CC	libavcodec/bmp_parser.o
CC	libavcodec/bmpenc.o
CC	libavcodec/bmvaudio.o
CC	libavcodec/bmvvideo.o
CC	libavcodec/bonk.o
CC	libavcodec/brenderpix.o
CC	libavcodec/bsf.o
CC	libavcodec/bsf/aac_adtstoasc.o
CC	libavcodec/bsf/av1_frame_merge.o
CC	libavcodec/bsf/av1_metadata.o
CC	libavcodec/bsf/eia608_to_smpte436m.o
CC	libavcodec/bsf/evc_frame_merge.o
CC	libavcodec/bsf/h264_mp4toannexb.o
CC	libavcodec/bsf/hevc_mp4toannexb.o
CC	libavcodec/bsf/media100_to_mjpegb.o
CC	libavcodec/bsf/pcm_rechunk.o
CC	libavcodec/bsf/pgs_frame_merge.o
CC	libavcodec/bsf/vp9_superframe.o
CC	libavcodec/bsf/vp9_superframe_split.o
CC	libavcodec/bsf/vvc_mp4toannexb.o
CC	libavcodec/bswapdsp.o
CC	libavcodec/c93.o
CC	libavcodec/cabac.o
CC	libavcodec/canopus.o
CC	libavcodec/cavs.o
CC	libavcodec/cavs_parser.o
CC	libavcodec/cavsdata.o
CC	libavcodec/cavsdec.o
CC	libavcodec/cavsdsp.o
CC	libavcodec/cbrt_data.o
CC	libavcodec/cbrt_data_fixed.o
CC	libavcodec/cbrt_tablegen_common.o
CC	libavcodec/cbs.o
CC	libavcodec/cbs_apv.o
CC	libavcodec/cbs_av1.o
CC	libavcodec/cbs_bsf.o
CC	libavcodec/cbs_h264.o
CC	libavcodec/cbs_h2645.o
CC	libavcodec/cbs_h265.o
CC	libavcodec/cbs_h266.o
CC	libavcodec/cbs_sei.o
CC	libavcodec/cbs_vp9.o
CC	libavcodec/ccaption_dec.o
CC	libavcodec/cdgraphics.o
CC	libavcodec/cdtoons.o
CC	libavcodec/cdxl.o
CC	libavcodec/celp_filters.o
CC	libavcodec/celp_math.o
CC	libavcodec/cfhd.o
CC	libavcodec/cfhddata.o
CC	libavcodec/cfhddsp.o
CC	libavcodec/cfhdencdsp.o
CC	libavcodec/cfhdenc.o
CC	libavcodec/cga_data.o
CC	libavcodec/cinepak.o
CC	libavcodec/cinepakenc.o
CC	libavcodec/clearvideo.o
CC	libavcodec/cljrdec.o
CC	libavcodec/cljrenc.o
CC	libavcodec/cllc.o
CC	libavcodec/cngdec.o
CC	libavcodec/cngenc.o
CC	libavcodec/codec_desc.o
CC	libavcodec/codec_par.o
CC	libavcodec/cook.o
CC	libavcodec/cook_parser.o
CC	libavcodec/cpia.o
CC	libavcodec/cri.o
CC	libavcodec/cri_parser.o
CC	libavcodec/cscd.o
CC	libavcodec/cyuv.o
CC	libavcodec/d3d11va.o
CC	libavcodec/dca.o
CC	libavcodec/dca_core.o
CC	libavcodec/dca_exss.o
CC	libavcodec/dca_lbr.o
CC	libavcodec/dca_parser.o
CC	libavcodec/dca_sample_rate_tab.o
CC	libavcodec/dca_xll.o
CC	libavcodec/dcaadpcm.o
CC	libavcodec/dcadata.o
CC	libavcodec/dcadct.o
CC	libavcodec/dcadec.o
CC	libavcodec/dcadsp.o
CC	libavcodec/dcaenc.o
CC	libavcodec/dcahuff.o
CC	libavcodec/dct32_fixed.o
CC	libavcodec/dct32_float.o
CC	libavcodec/dds.o
CC	libavcodec/decode.o
CC	libavcodec/dfa.o
CC	libavcodec/dfpwmdec.o
CC	libavcodec/dfpwmenc.o
CC	libavcodec/dirac.o
CC	libavcodec/dirac_arith.o
CC	libavcodec/dirac_dwt.o
CC	libavcodec/dirac_parser.o
CC	libavcodec/dirac_vlc.o
CC	libavcodec/diracdec.o
CC	libavcodec/diracdsp.o
CC	libavcodec/diractab.o
CC	libavcodec/dnxhd_parser.o
CC	libavcodec/dnxhddata.o
CC	libavcodec/dnxhddec.o
CC	libavcodec/dnxhdenc.o
CC	libavcodec/dnxuc_parser.o
CC	libavcodec/dolby_e.o
CC	libavcodec/dolby_e_parse.o
CC	libavcodec/dolby_e_parser.o
CC	libavcodec/dovi_rpu.o
CC	libavcodec/dovi_rpudec.o
CC	libavcodec/dpcm.o
CC	libavcodec/dpx.o
CC	libavcodec/dpx_parser.o
CC	libavcodec/dpxenc.o
CC	libavcodec/dsd.o
CC	libavcodec/dsddec.o
CC	libavcodec/dsicinaudio.o
CC	libavcodec/dsicinvideo.o
CC	libavcodec/dss_sp.o
CC	libavcodec/dstdec.o
CC	libavcodec/dv.o
CC	libavcodec/dv_profile.o
CC	libavcodec/dvaudio_parser.o
CC	libavcodec/dvaudiodec.o
CC	libavcodec/dvbsub_parser.o
CC	libavcodec/dvbsubdec.o
CC	libavcodec/dvbsubenc.o
CC	libavcodec/dvd_nav_parser.o
CC	libavcodec/dvdata.o
CC	libavcodec/dvdec.o
CC	libavcodec/dvdsub.o
CC	libavcodec/dvdsub_parser.o
CC	libavcodec/dvdsubdec.o
CC	libavcodec/dvdsubenc.o
CC	libavcodec/dvenc.o
CC	libavcodec/dxa.o
CC	libavcodec/dxtory.o
CC	libavcodec/dxv.o
CC	libavcodec/dxvenc.o
CC	libavcodec/dynamic_hdr_vivid.o
CC	libavcodec/eac3_data.o
CC	libavcodec/eac3enc.o
CC	libavcodec/eacmv.o
CC	libavcodec/eaidct.o
CC	libavcodec/eamad.o
CC	libavcodec/eatgq.o
CC	libavcodec/eatgv.o
CC	libavcodec/eatqi.o
CC	libavcodec/elbg.o
CC	libavcodec/elsdec.o
CC	libavcodec/encode.o
CC	libavcodec/error_resilience.o
CC	libavcodec/escape124.o
CC	libavcodec/escape130.o
CC	libavcodec/evc_parse.o
CC	libavcodec/evc_parser.o
CC	libavcodec/evc_ps.o
CC	libavcodec/evrcdec.o
CC	libavcodec/executor.o
CC	libavcodec/exif.o
CC	libavcodec/exr.o
CC	libavcodec/exrdsp.o
CC	libavcodec/exrenc.o
CC	libavcodec/faandct.o
CC	libavcodec/faanidct.o
CC	libavcodec/fastaudio.o
CC	libavcodec/faxcompr.o
CC	libavcodec/fdctdsp.o
CC	libavcodec/ffv1.o
CC	libavcodec/ffv1_parse.o
CC	libavcodec/ffv1_parser.o
CC	libavcodec/ffv1dec.o
CC	libavcodec/ffv1enc.o
CC	libavcodec/ffwavesynth.o
CC	libavcodec/fic.o
CC	libavcodec/fits.o
CC	libavcodec/fitsdec.o
CC	libavcodec/fitsenc.o
CC	libavcodec/flac.o
CC	libavcodec/flac_parser.o
CC	libavcodec/flacdata.o
CC	libavcodec/flacdec.o
CC	libavcodec/flacdsp.o
CC	libavcodec/flacenc.o
CC	libavcodec/flacencdsp.o
CC	libavcodec/flashsv.o
CC	libavcodec/flashsv2enc.o
CC	libavcodec/flashsvenc.o
CC	libavcodec/flicvideo.o
CC	libavcodec/flvdec.o
CC	libavcodec/flvenc.o
CC	libavcodec/fmtconvert.o
CC	libavcodec/fmvc.o
CC	libavcodec/frame_thread_encoder.o
CC	libavcodec/fraps.o
CC	libavcodec/frwu.o
CC	libavcodec/ftr.o
CC	libavcodec/ftr_parser.o
CC	libavcodec/g2meet.o
CC	libavcodec/g722.o
CC	libavcodec/g722dec.o
CC	libavcodec/g722dsp.o
CC	libavcodec/g722enc.o
CC	libavcodec/g723_1.o
CC	libavcodec/g723_1_parser.o
CC	libavcodec/g723_1dec.o
CC	libavcodec/g723_1enc.o
CC	libavcodec/g726.o
CC	libavcodec/g728dec.o
CC	libavcodec/g729_parser.o
CC	libavcodec/g729dec.o
CC	libavcodec/g729postfilter.o
CC	libavcodec/gdv.o
CC	libavcodec/gemdec.o
CC	libavcodec/get_buffer.o
CC	libavcodec/gif.o
CC	libavcodec/gif_parser.o
CC	libavcodec/gifdec.o
CC	libavcodec/golomb.o
CC	libavcodec/gsm_parser.o
CC	libavcodec/gsmdec.o
CC	libavcodec/gsmdec_data.o
CC	libavcodec/h261.o
CC	libavcodec/h261_parser.o
CC	libavcodec/h261data.o
CC	libavcodec/h261dec.o
CC	libavcodec/h261enc.o
CC	libavcodec/h263.o
CC	libavcodec/h263_parser.o
CC	libavcodec/h263data.o
CC	libavcodec/h263dec.o
CC	libavcodec/h263dsp.o
CC	libavcodec/h2645_parse.o
CC	libavcodec/h2645_sei.o
CC	libavcodec/h2645_vui.o
CC	libavcodec/h2645data.o
CC	libavcodec/h264_cabac.o
CC	libavcodec/h264_cavlc.o
CC	libavcodec/h264_direct.o
CC	libavcodec/h264_levels.o
CC	libavcodec/h264_loopfilter.o
CC	libavcodec/h264_mb.o
CC	libavcodec/h264_parse.o
CC	libavcodec/h264_parser.o
CC	libavcodec/h264_picture.o
CC	libavcodec/h264_ps.o
CC	libavcodec/h264_refs.o
CC	libavcodec/h264_sei.o
CC	libavcodec/h264_slice.o
CC	libavcodec/h264chroma.o
CC	libavcodec/h264data.o
CC	libavcodec/h264dec.o
CC	libavcodec/h264dsp.o
CC	libavcodec/h264idct.o
CC	libavcodec/h264pred.o
CC	libavcodec/h264qpel.o
CC	libavcodec/h265_profile_level.o
CC	libavcodec/h274.o
CC	libavcodec/hap.o
CC	libavcodec/hapdec.o
CC	libavcodec/hashtable.o
CC	libavcodec/hcadec.o
CC	libavcodec/hcom.o
CC	libavcodec/hdr_parser.o
CC	libavcodec/hdrdec.o
CC	libavcodec/hdrenc.o
CC	libavcodec/hevc/cabac.o
CC	libavcodec/hevc/data.o
CC	libavcodec/hevc/dsp.o
CC	libavcodec/hevc/filter.o
CC	libavcodec/hevc/hevcdec.o
CC	libavcodec/hevc/mvs.o
CC	libavcodec/hevc/parse.o
CC	libavcodec/hevc/parser.o
CC	libavcodec/hevc/pred.o
CC	libavcodec/hevc/ps.o
CC	libavcodec/hevc/refs.o
CC	libavcodec/hevc/sei.o
CC	libavcodec/hnm4video.o
CC	libavcodec/hpeldsp.o
CC	libavcodec/hq_common.o
CC	libavcodec/hq_hqa.o
CC	libavcodec/hq_hqadsp.o
CC	libavcodec/hqx.o
CC	libavcodec/hqxdsp.o
CC	libavcodec/htmlsubtitles.o
CC	libavcodec/huffman.o
CC	libavcodec/huffyuv.o
CC	libavcodec/huffyuvdec.o
CC	libavcodec/huffyuvdsp.o
CC	libavcodec/huffyuvenc.o
CC	libavcodec/huffyuvencdsp.o
CC	libavcodec/hw_base_encode.o
CC	libavcodec/hw_base_encode_h264.o
CC	libavcodec/hw_base_encode_h265.o
CC	libavcodec/idcinvideo.o
CC	libavcodec/idctdsp.o
CC	libavcodec/iff.o
CC	libavcodec/ilbcdec.o
CC	libavcodec/imc.o
CC	libavcodec/imgconvert.o
CC	libavcodec/imm4.o
CC	libavcodec/imm5.o
CC	libavcodec/imx.o
CC	libavcodec/indeo2.o
CC	libavcodec/indeo3.o
CC	libavcodec/indeo4.o
CC	libavcodec/indeo5.o
CC	libavcodec/intelh263dec.o
CC	libavcodec/interplayacm.o
CC	libavcodec/interplayvideo.o
CC	libavcodec/intrax8.o
CC	libavcodec/intrax8dsp.o
CC	libavcodec/ipu_parser.o
CC	libavcodec/ituh263dec.o
CC	libavcodec/ituh263enc.o
CC	libavcodec/itut35.o
CC	libavcodec/ivi.o
CC	libavcodec/ivi_dsp.o
CC	libavcodec/j2kenc.o
CC	libavcodec/jacosubdec.o
CC	libavcodec/jfdctfst.o
CC	libavcodec/jfdctint.o
CC	libavcodec/jni.o
CC	libavcodec/jpeg2000.o
CC	libavcodec/jpeg2000_parser.o
CC	libavcodec/jpeg2000dec.o
CC	libavcodec/jpeg2000dsp.o
CC	libavcodec/jpeg2000dwt.o
CC	libavcodec/jpeg2000htdec.o
CC	libavcodec/jpegls.o
CC	libavcodec/jpeglsdec.o
CC	libavcodec/jpeglsenc.o
CC	libavcodec/jpegquanttables.o
CC	libavcodec/jpegtables.o
CC	libavcodec/jpegxl_parse.o
CC	libavcodec/jpegxl_parser.o
CC	libavcodec/jpegxs_parser.o
CC	libavcodec/jrevdct.o
CC	libavcodec/jvdec.o
CC	libavcodec/kbdwin.o
CC	libavcodec/kgv1dec.o
CC	libavcodec/kmvc.o
CC	libavcodec/lagarith.o
CC	libavcodec/lagarithrac.o
CC	libavcodec/latm_parser.o
CC	libavcodec/lcevc_parser.o
CC	libavcodec/lcevctab.o
CC	libavcodec/lcldec.o
CC	libavcodec/lclenc.o
src/libavcodec/lcevc_parser.c:192:9: warning: unannotated fall-through between switch labels [-Wimplicit-fallthrough]
  192 |         case LCEVC_NON_IDR_NUT:
      |         ^
src/libavcodec/lcevc_parser.c:192:9: note: insert '__attribute__((fallthrough));' to silence this warning
  192 |         case LCEVC_NON_IDR_NUT:
      |         ^
      |         __attribute__((fallthrough)); 
src/libavcodec/lcevc_parser.c:192:9: note: insert 'break;' to avoid fall-through
  192 |         case LCEVC_NON_IDR_NUT:
      |         ^
      |         break; 
CC	libavcodec/leaddec.o
CC	libavcodec/libgsmdec.o
1 warning generated.
CC	libavcodec/libgsmenc.o
CC	libavcodec/libmp3lame.o
CC	libavcodec/libopenjpegenc.o
CC	libavcodec/ljpegenc.o
CC	libavcodec/loco.o
CC	libavcodec/lossless_audiodsp.o
CC	libavcodec/lossless_videodsp.o
CC	libavcodec/lossless_videoencdsp.o
CC	libavcodec/lpc.o
CC	libavcodec/lscrdec.o
CC	libavcodec/lsp.o
CC	libavcodec/lzf.o
CC	libavcodec/lzw.o
CC	libavcodec/lzwenc.o
CC	libavcodec/m101.o
CC	libavcodec/mace.o
CC	libavcodec/magicyuv.o
CC	libavcodec/magicyuvenc.o
CC	libavcodec/mathtables.o
CC	libavcodec/mdec.o
CC	libavcodec/me_cmp.o
CC	libavcodec/mediacodec.o
CC	libavcodec/metasound.o
CC	libavcodec/microdvddec.o
CC	libavcodec/midivid.o
CC	libavcodec/mimic.o
CC	libavcodec/misc4.o
CC	libavcodec/misc4_parser.o
CC	libavcodec/mjpeg_parser.o
CC	libavcodec/mjpegbdec.o
CC	libavcodec/mjpegdec.o
CC	libavcodec/mjpegdec_common.o
CC	libavcodec/mjpegenc.o
CC	libavcodec/mjpegenc_common.o
CC	libavcodec/mjpegenc_huffman.o
CC	libavcodec/mlp.o
CC	libavcodec/mlp_parse.o
CC	libavcodec/mlp_parser.o
CC	libavcodec/mlpdec.o
CC	libavcodec/mlpdsp.o
CC	libavcodec/mlpenc.o
CC	libavcodec/mlz.o
CC	libavcodec/mmvideo.o
CC	libavcodec/mobiclip.o
CC	libavcodec/motion_est.o
CC	libavcodec/motionpixels.o
CC	libavcodec/movtextdec.o
CC	libavcodec/movtextenc.o
CC	libavcodec/mpc.o
CC	libavcodec/mpc7.o
CC	libavcodec/mpc8.o
CC	libavcodec/mpeg12.o
CC	libavcodec/mpeg12data.o
CC	libavcodec/mpeg12dec.o
CC	libavcodec/mpeg12enc.o
CC	libavcodec/mpeg12framerate.o
CC	libavcodec/mpeg4audio.o
CC	libavcodec/mpeg4audio_sample_rates.o
CC	libavcodec/mpeg4video.o
CC	libavcodec/mpeg4video_parser.o
CC	libavcodec/mpeg4videodec.o
CC	libavcodec/mpeg4videodsp.o
CC	libavcodec/mpeg4videoenc.o
CC	libavcodec/mpeg_er.o
CC	libavcodec/mpegaudio.o
CC	libavcodec/mpegaudio_parser.o
CC	libavcodec/mpegaudiodata.o
CC	libavcodec/mpegaudiodec_fixed.o
CC	libavcodec/mpegaudiodec_common.o
CC	libavcodec/mpegaudiodec_float.o
CC	libavcodec/mpegaudiodecheader.o
CC	libavcodec/mpegaudiodsp.o
CC	libavcodec/mpegaudiodsp_data.o
CC	libavcodec/mpegaudiodsp_fixed.o
CC	libavcodec/mpegaudiodsp_float.o
CC	libavcodec/mpegaudioenc.o
CC	libavcodec/mpegaudiotabs.o
CC	libavcodec/mpegpicture.o
CC	libavcodec/mpegutils.o
CC	libavcodec/mpegvideo.o
CC	libavcodec/mpegvideo_dec.o
CC	libavcodec/mpegvideo_enc.o
CC	libavcodec/mpegvideo_motion.o
CC	libavcodec/mpegvideo_parser.o
CC	libavcodec/mpegvideo_unquantize.o
CC	libavcodec/mpegvideodata.o
CC	libavcodec/mpegvideoencdsp.o
CC	libavcodec/mpl2dec.o
CC	libavcodec/mqc.o
CC	libavcodec/mqcdec.o
CC	libavcodec/mqcenc.o
CC	libavcodec/mscc.o
CC	libavcodec/msgsmdec.o
CC	libavcodec/msmpeg4.o
CC	libavcodec/msmpeg4_vc1_data.o
CC	libavcodec/msmpeg4data.o
CC	libavcodec/msmpeg4dec.o
CC	libavcodec/msmpeg4enc.o
CC	libavcodec/msp2dec.o
CC	libavcodec/msrle.o
CC	libavcodec/msrledec.o
CC	libavcodec/msrleenc.o
CC	libavcodec/mss1.o
CC	libavcodec/mss12.o
CC	libavcodec/mss2.o
CC	libavcodec/mss2dsp.o
CC	libavcodec/mss3.o
CC	libavcodec/mss34dsp.o
CC	libavcodec/mss4.o
CC	libavcodec/msvideo1.o
CC	libavcodec/msvideo1enc.o
CC	libavcodec/mv30.o
CC	libavcodec/mvcdec.o
CC	libavcodec/mvha.o
CC	libavcodec/mwsc.o
CC	libavcodec/mxpegdec.o
CC	libavcodec/nellymoser.o
CC	libavcodec/nellymoserdec.o
CC	libavcodec/nellymoserenc.o
CC	libavcodec/neon/mpegvideo.o
CC	libavcodec/notchlc.o
CC	libavcodec/nuv.o
CC	libavcodec/null.o
CC	libavcodec/on2avc.o
CC	libavcodec/on2avcdata.o
CC	libavcodec/options.o
CC	libavcodec/opus/celt.o
CC	libavcodec/opus/enc.o
CC	libavcodec/opus/enc_psy.o
CC	libavcodec/opus/frame_duration_tab.o
CC	libavcodec/opus/parse.o
CC	libavcodec/opus/parser.o
CC	libavcodec/opus/pvq.o
CC	libavcodec/opus/rc.o
CC	libavcodec/opus/tab.o
CC	libavcodec/packet.o
CC	libavcodec/osq.o
CC	libavcodec/pafaudio.o
CC	libavcodec/pafvideo.o
CC	libavcodec/pamenc.o
CC	libavcodec/parser.o
CC	libavcodec/parsers.o
CC	libavcodec/pcm-bluray.o
CC	libavcodec/pcm-blurayenc.o
CC	libavcodec/pcm-dvd.o
CC	libavcodec/pcm-dvdenc.o
CC	libavcodec/pcm.o
CC	libavcodec/pcx.o
CC	libavcodec/pcxenc.o
CC	libavcodec/pdvdec.o
CC	libavcodec/pdvenc.o
CC	libavcodec/pgssubdec.o
CC	libavcodec/pgxdec.o
CC	libavcodec/photocd.o
CC	libavcodec/pictordec.o
CC	libavcodec/pixblockdsp.o
CC	libavcodec/pixlet.o
CC	libavcodec/png.o
CC	libavcodec/png_parser.o
CC	libavcodec/pngdec.o
CC	libavcodec/pngdsp.o
CC	libavcodec/pngenc.o
CC	libavcodec/pnm.o
CC	libavcodec/pnm_parser.o
CC	libavcodec/pnmdec.o
CC	libavcodec/pnmenc.o
CC	libavcodec/profiles.o
CC	libavcodec/prores_parser.o
CC	libavcodec/prores_raw.o
CC	libavcodec/prores_raw_parser.o
CC	libavcodec/proresdata.o
CC	libavcodec/proresdec.o
CC	libavcodec/proresdsp.o
CC	libavcodec/proresenc_anatoliy.o
CC	libavcodec/proresenc_kostya.o
CC	libavcodec/proresenc_kostya_common.o
CC	libavcodec/prosumer.o
CC	libavcodec/psd.o
CC	libavcodec/psymodel.o
CC	libavcodec/pthread.o
CC	libavcodec/pthread_frame.o
CC	libavcodec/pthread_slice.o
CC	libavcodec/ptx.o
CC	libavcodec/qcelpdec.o
CC	libavcodec/qdm2.o
CC	libavcodec/qdmc.o
CC	libavcodec/qdrw.o
CC	libavcodec/qoadec.o
CC	libavcodec/qoi_parser.o
CC	libavcodec/qoidec.o
CC	libavcodec/qoienc.o
CC	libavcodec/qpeg.o
CC	libavcodec/qpeldsp.o
CC	libavcodec/qsv_api.o
CC	libavcodec/qtrle.o
CC	libavcodec/qtrleenc.o
CC	libavcodec/r210dec.o
CC	libavcodec/r210enc.o
CC	libavcodec/ra144.o
CC	libavcodec/ra144dec.o
CC	libavcodec/ra144enc.o
CC	libavcodec/ra288.o
CC	libavcodec/ralf.o
CC	libavcodec/rangecoder.o
CC	libavcodec/rasc.o
CC	libavcodec/ratecontrol.o
CC	libavcodec/raw.o
CC	libavcodec/rawdec.o
CC	libavcodec/rawenc.o
CC	libavcodec/realtextdec.o
CC	libavcodec/rka.o
CC	libavcodec/rl.o
CC	libavcodec/rl2.o
CC	libavcodec/rle.o
CC	libavcodec/roqaudioenc.o
CC	libavcodec/roqvideo.o
CC	libavcodec/roqvideodec.o
CC	libavcodec/roqvideoenc.o
CC	libavcodec/rpza.o
CC	libavcodec/rpzaenc.o
CC	libavcodec/rscc.o
CC	libavcodec/rtjpeg.o
CC	libavcodec/rtv1.o
CC	libavcodec/rv10.o
CC	libavcodec/rv10enc.o
CC	libavcodec/rv20enc.o
CC	libavcodec/rv30.o
CC	libavcodec/rv30dsp.o
CC	libavcodec/rv34.o
CC	libavcodec/rv34_parser.o
CC	libavcodec/rv34dsp.o
CC	libavcodec/rv40.o
CC	libavcodec/rv40dsp.o
CC	libavcodec/rv60dec.o
CC	libavcodec/rv60dsp.o
CC	libavcodec/s302m.o
CC	libavcodec/s302menc.o
CC	libavcodec/samidec.o
CC	libavcodec/sanm.o
CC	libavcodec/sbc.o
CC	libavcodec/sbc_parser.o
CC	libavcodec/sbcdec.o
CC	libavcodec/sbcdsp.o
CC	libavcodec/sbcenc.o
CC	libavcodec/sbrdsp.o
CC	libavcodec/sbrdsp_fixed.o
CC	libavcodec/scpr.o
CC	libavcodec/screenpresso.o
CC	libavcodec/sga.o
CC	libavcodec/sgidec.o
CC	libavcodec/sgienc.o
CC	libavcodec/sgirledec.o
CC	libavcodec/sheervideo.o
CC	libavcodec/shorten.o
CC	libavcodec/simple_idct.o
CC	libavcodec/sinewin.o
CC	libavcodec/sipr.o
CC	libavcodec/sipr16k.o
CC	libavcodec/sipr_parser.o
CC	libavcodec/siren.o
CC	libavcodec/smacker.o
CC	libavcodec/smc.o
CC	libavcodec/smcenc.o
CC	libavcodec/smpte_436m.o
CC	libavcodec/snappy.o
CC	libavcodec/snow.o
CC	libavcodec/snow_dwt.o
CC	libavcodec/snowdec.o
CC	libavcodec/snowenc.o
CC	libavcodec/sp5xdec.o
CC	libavcodec/speedhq.o
CC	libavcodec/speedhqdec.o
CC	libavcodec/speedhqenc.o
CC	libavcodec/speexdec.o
CC	libavcodec/srtdec.o
CC	libavcodec/srtenc.o
CC	libavcodec/startcode.o
CC	libavcodec/subviewerdec.o
CC	libavcodec/sunrast.o
CC	libavcodec/sunrastenc.o
CC	libavcodec/svq1dec.o
CC	libavcodec/svq1.o
CC	libavcodec/svq1enc.o
CC	libavcodec/svq3.o
CC	libavcodec/synth_filter.o
CC	libavcodec/tak.o
CC	libavcodec/tak_parser.o
CC	libavcodec/takdec.o
CC	libavcodec/takdsp.o
CC	libavcodec/targa.o
CC	libavcodec/targa_y216dec.o
CC	libavcodec/targaenc.o
CC	libavcodec/tdsc.o
CC	libavcodec/textdec.o
CC	libavcodec/texturedsp.o
CC	libavcodec/texturedspenc.o
CC	libavcodec/threadprogress.o
CC	libavcodec/tiertexseqv.o
CC	libavcodec/tiff.o
CC	libavcodec/tiff_common.o
CC	libavcodec/tiffenc.o
CC	libavcodec/tmv.o
CC	libavcodec/to_upper4.o
CC	libavcodec/tpeldsp.o
CC	libavcodec/truemotion1.o
CC	libavcodec/truemotion2.o
CC	libavcodec/truemotion2rt.o
CC	libavcodec/truespeech.o
CC	libavcodec/tscc.o
CC	libavcodec/tscc2.o
CC	libavcodec/tta.o
CC	libavcodec/ttadata.o
CC	libavcodec/ttadsp.o
CC	libavcodec/ttaenc.o
CC	libavcodec/ttaencdsp.o
CC	libavcodec/ttmlenc.o
CC	libavcodec/twinvq.o
CC	libavcodec/twinvqdec.o
CC	libavcodec/txd.o
CC	libavcodec/ulti.o
CC	libavcodec/utils.o
CC	libavcodec/utvideodec.o
CC	libavcodec/utvideodsp.o
CC	libavcodec/utvideoenc.o
CC	libavcodec/v210dec.o
CC	libavcodec/v210enc.o
CC	libavcodec/v210x.o
CC	libavcodec/vb.o
CC	libavcodec/vble.o
CC	libavcodec/vbndec.o
CC	libavcodec/vbnenc.o
CC	libavcodec/vc1.o
CC	libavcodec/vc1_block.o
CC	libavcodec/vc1_loopfilter.o
CC	libavcodec/vc1_mc.o
CC	libavcodec/vc1_parser.o
CC	libavcodec/vc1_pred.o
CC	libavcodec/vc1data.o
CC	libavcodec/vc1dec.o
CC	libavcodec/vc1dsp.o
CC	libavcodec/vc2enc.o
CC	libavcodec/vc2enc_dwt.o
CC	libavcodec/vcr1.o
CC	libavcodec/version.o
CC	libavcodec/videodsp.o
CC	libavcodec/videotoolbox.o
CC	libavcodec/videotoolbox_av1.o
CC	libavcodec/videotoolbox_vp9.o
CC	libavcodec/videotoolboxenc.o
CC	libavcodec/vima.o
CC	libavcodec/vlc.o
CC	libavcodec/vmdaudio.o
CC	libavcodec/vmdvideo.o
CC	libavcodec/vmixdec.o
CC	libavcodec/vmnc.o
CC	libavcodec/vorbis.o
CC	libavcodec/vorbis_data.o
CC	libavcodec/vorbis_parser.o
CC	libavcodec/vorbisdec.o
CC	libavcodec/vorbisdsp.o
CC	libavcodec/vp3.o
CC	libavcodec/vp3_parser.o
CC	libavcodec/vp3dsp.o
CC	libavcodec/vp5.o
CC	libavcodec/vp56.o
CC	libavcodec/vp56data.o
CC	libavcodec/vp5dsp.o
CC	libavcodec/vp6.o
CC	libavcodec/vp6dsp.o
CC	libavcodec/vp8.o
CC	libavcodec/vp8_parser.o
CC	libavcodec/vp8data.o
CC	libavcodec/vp8dsp.o
CC	libavcodec/vp9.o
CC	libavcodec/vp9_parser.o
CC	libavcodec/vp9block.o
CC	libavcodec/vp9data.o
CC	libavcodec/vp9dsp.o
CC	libavcodec/vp9dsp_10bpp.o
CC	libavcodec/vp9dsp_12bpp.o
CC	libavcodec/vp9dsp_8bpp.o
CC	libavcodec/vp9lpf.o
CC	libavcodec/vp9mvs.o
CC	libavcodec/vp9prob.o
CC	libavcodec/vp9recon.o
CC	libavcodec/vpx_rac.o
CC	libavcodec/vqavideo.o
CC	libavcodec/vqcdec.o
CC	libavcodec/vulkan.o
CC	libavcodec/vulkan_av1.o
CC	libavcodec/vulkan_decode.o
CC	libavcodec/vulkan_encode.o
CC	libavcodec/vulkan_encode_av1.o
CC	libavcodec/vulkan_encode_h264.o
CC	libavcodec/vulkan_encode_h265.o
CC	libavcodec/vulkan_h264.o
CC	libavcodec/vulkan_hevc.o
CC	libavcodec/vulkan_video.o
CC	libavcodec/vulkan_vp9.o
CC	libavcodec/vvc/cabac.o
CC	libavcodec/vvc/ctu.o
CC	libavcodec/vvc/data.o
CC	libavcodec/vvc/dec.o
CC	libavcodec/vvc/dsp.o
CC	libavcodec/vvc/filter.o
CC	libavcodec/vvc/inter.o
CC	libavcodec/vvc/intra.o
CC	libavcodec/vvc/intra_utils.o
CC	libavcodec/vvc/itx_1d.o
CC	libavcodec/vvc/mvs.o
CC	libavcodec/vvc/ps.o
CC	libavcodec/vvc/refs.o
CC	libavcodec/vvc/sei.o
CC	libavcodec/vvc/thread.o
CC	libavcodec/vvc_parser.o
CC	libavcodec/wavarc.o
CC	libavcodec/wavpack.o
CC	libavcodec/wavpackdata.o
CC	libavcodec/wavpackenc.o
CC	libavcodec/wbmpdec.o
CC	libavcodec/wbmpenc.o
CC	libavcodec/wcmv.o
CC	libavcodec/webp.o
CC	libavcodec/webp_parser.o
CC	libavcodec/webvttdec.o
CC	libavcodec/webvttenc.o
CC	libavcodec/wma.o
CC	libavcodec/wma_common.o
CC	libavcodec/wma_freqs.o
CC	libavcodec/wmadec.o
CC	libavcodec/wmaenc.o
CC	libavcodec/wmalosslessdec.o
CC	libavcodec/wmaprodec.o
CC	libavcodec/wmavoice.o
CC	libavcodec/wmv2data.o
CC	libavcodec/wmv2dec.o
CC	libavcodec/wmv2dsp.o
CC	libavcodec/wmv2enc.o
CC	libavcodec/wnv1.o
CC	libavcodec/wrapped_avframe.o
CC	libavcodec/ws-snd1.o
CC	libavcodec/xan.o
CC	libavcodec/xbm_parser.o
CC	libavcodec/xbmdec.o
CC	libavcodec/xbmenc.o
CC	libavcodec/xface.o
CC	libavcodec/xfacedec.o
CC	libavcodec/xfaceenc.o
CC	libavcodec/xiph.o
CC	libavcodec/xl.o
CC	libavcodec/xma_parser.o
CC	libavcodec/xpmdec.o
CC	libavcodec/xsubdec.o
CC	libavcodec/xsubenc.o
CC	libavcodec/xvididct.o
CC	libavcodec/xwd_parser.o
CC	libavcodec/xwddec.o
CC	libavcodec/xwdenc.o
CC	libavcodec/xxan.o
CC	libavcodec/y41pdec.o
CC	libavcodec/y41penc.o
CC	libavcodec/ylc.o
CC	libavcodec/yop.o
CC	libavcodec/yuv4dec.o
CC	libavcodec/yuv4enc.o
CC	libavcodec/zerocodec.o
CC	libavcodec/zlib_wrapper.o
CC	libavcodec/zmbv.o
CC	libavcodec/zmbvenc.o
AS	libswscale/aarch64/hscale.o
AS	libswscale/aarch64/input.o
CC	libswscale/aarch64/ops.o
HOSTCC	libswscale/aarch64/ops_asmgen.o
AS	libswscale/aarch64/output.o
AS	libswscale/aarch64/range_convert_neon.o
CC	libswscale/aarch64/rgb2rgb.o
AS	libswscale/aarch64/rgb2rgb_neon.o
CC	libswscale/aarch64/swscale.o
CC	libswscale/aarch64/swscale_unscaled.o
AS	libswscale/aarch64/swscale_unscaled_neon.o
AS	libswscale/aarch64/xyz2rgb_neon.o
AS	libswscale/aarch64/yuv2rgb_neon.o
CC	libswscale/alphablend.o
CC	libswscale/cms.o
CC	libswscale/csputils.o
CC	libswscale/filters.o
CC	libswscale/format.o
CC	libswscale/framepool.o
CC	libswscale/gamma.o
CC	libswscale/graph.o
CC	libswscale/hscale.o
CC	libswscale/hscale_fast_bilinear.o
CC	libswscale/input.o
CC	libswscale/lut3d.o
CC	libswscale/ops.o
CC	libswscale/ops_chain.o
CC	libswscale/ops_dispatch.o
CC	libswscale/ops_memcpy.o
CC	libswscale/ops_optimizer.o
CC	libswscale/options.o
CC	libswscale/output.o
CC	libswscale/rational64.o
CC	libswscale/rgb2rgb.o
CC	libswscale/slice.o
CC	libswscale/swscale.o
CC	libswscale/swscale_unscaled.o
CC	libswscale/uops.o
CC	libswscale/uops_backend.o
CC	libswscale/utils.o
CC	libswscale/version.o
CC	libswscale/vscale.o
CC	libswscale/vulkan/ops.o
src/libswscale/vulkan/ops.c:242:12: warning: unused function 'create_bufs' [-Wunused-function]
  242 | static int create_bufs(FFVulkanOpsCtx *s, VulkanPriv *p, const SwsOpList *ops)
      |            ^~~~~~~~~~~
src/libswscale/vulkan/ops.c:1290:12: warning: unused function 'compile' [-Wunused-function]
 1290 | static int compile(SwsContext *sws, const SwsOpList *ops, SwsCompiledOp *out)
      |            ^~~~~~~
2 warnings generated.
CC	libswscale/vulkan/vulkan.o
CC	libswscale/yuv2rgb.o
CC	libavutil/aarch64/cpu.o
AS	libavutil/aarch64/cpu_sme.o
AS	libavutil/aarch64/cpu_sve.o
AS	libavutil/aarch64/crc.o
CC	libavutil/aarch64/float_dsp_init.o
AS	libavutil/aarch64/float_dsp_neon.o
CC	libavutil/aarch64/tx_float_init.o
AS	libavutil/aarch64/tx_float_neon.o
CC	libavutil/adler32.o
CC	libavutil/aes.o
CC	libavutil/aes_ctr.o
CC	libavutil/ambient_viewing_environment.o
CC	libavutil/audio_fifo.o
CC	libavutil/avsscanf.o
CC	libavutil/avstring.o
CC	libavutil/base64.o
CC	libavutil/blowfish.o
CC	libavutil/bprint.o
CC	libavutil/buffer.o
CC	libavutil/camellia.o
CC	libavutil/cast5.o
CC	libavutil/channel_layout.o
CC	libavutil/container_fifo.o
CC	libavutil/cpu.o
CC	libavutil/crc.o
CC	libavutil/csp.o
CC	libavutil/des.o
CC	libavutil/detection_bbox.o
CC	libavutil/dict.o
CC	libavutil/display.o
CC	libavutil/dovi_meta.o
CC	libavutil/downmix_info.o
CC	libavutil/encryption_info.o
CC	libavutil/error.o
CC	libavutil/eval.o
CC	libavutil/executor.o
CC	libavutil/fifo.o
CC	libavutil/file.o
CC	libavutil/file_open.o
CC	libavutil/film_grain_params.o
CC	libavutil/fixed_dsp.o
CC	libavutil/float_dsp.o
CC	libavutil/float_scalarproduct.o
CC	libavutil/frame.o
CC	libavutil/hash.o
CC	libavutil/hdr_dynamic_metadata.o
CC	libavutil/hdr_dynamic_vivid_metadata.o
CC	libavutil/hmac.o
CC	libavutil/hwcontext.o
CC	libavutil/hwcontext_videotoolbox.o
CC	libavutil/hwcontext_vulkan.o
CC	libavutil/iamf.o
CC	libavutil/imgutils.o
CC	libavutil/integer.o
CC	libavutil/intmath.o
CC	libavutil/lfg.o
CC	libavutil/lls.o
CC	libavutil/log.o
CC	libavutil/log2_tab.o
CC	libavutil/lzo.o
CC	libavutil/mastering_display_metadata.o
CC	libavutil/mathematics.o
CC	libavutil/md5.o
CC	libavutil/mem.o
CC	libavutil/murmur3.o
CC	libavutil/opt.o
CC	libavutil/parseutils.o
CC	libavutil/pixdesc.o
CC	libavutil/pixelutils.o
CC	libavutil/random_seed.o
CC	libavutil/rational.o
CC	libavutil/raw_color_params.o
CC	libavutil/rc4.o
CC	libavutil/refstruct.o
CC	libavutil/reverse.o
CC	libavutil/ripemd.o
CC	libavutil/samplefmt.o
CC	libavutil/sha.o
CC	libavutil/sha512.o
CC	libavutil/side_data.o
CC	libavutil/slicethread.o
CC	libavutil/spherical.o
CC	libavutil/stereo3d.o
CC	libavutil/tdrdi.o
CC	libavutil/tea.o
CC	libavutil/threadmessage.o
CC	libavutil/time.o
CC	libavutil/timecode.o
CC	libavutil/timecode_internal.o
CC	libavutil/timestamp.o
CC	libavutil/tree.o
CC	libavutil/twofish.o
CC	libavutil/tx.o
CC	libavutil/tx_double.o
CC	libavutil/tx_float.o
CC	libavutil/tx_int32.o
CC	libavutil/utils.o
CC	libavutil/uuid.o
CC	libavutil/version.o
CC	libavutil/video_enc_params.o
CC	libavutil/video_hint.o
CC	libavutil/vulkan.o
CC	libavutil/xga_font_data.o
CC	libavutil/xtea.o
CC	fftools/textformat/avtextformat.o
CC	fftools/textformat/tf_compact.o
CC	fftools/textformat/tf_default.o
CC	fftools/textformat/tf_flat.o
CC	fftools/textformat/tf_ini.o
CC	fftools/textformat/tf_json.o
CC	fftools/textformat/tf_mermaid.o
CC	fftools/textformat/tf_xml.o
CC	fftools/textformat/tw_avio.o
CC	fftools/textformat/tw_buffer.o
CC	fftools/textformat/tw_stdout.o
CC	fftools/cmdutils.o
CC	fftools/opt_common.o
CC	fftools/ffprobe.o
AR	libavcodec/libavcodec.a
HOSTLD	libswscale/aarch64/ops_asmgen
AR	libavutil/libavutil.a
GEN	libswscale/aarch64/ops_lookup.gen.c
GEN	libswscale/aarch64/ops_neon.gen.S
CP	libswscale/aarch64/ops_lookup.gen.c
CP	libswscale/aarch64/ops_neon.gen.S
CC	libswscale/aarch64/ops_lookup.gen.o
AS	libswscale/aarch64/ops_neon.gen.o
AR	libswscale/libswscale.a
LD	ffprobe_g
ld: warning: search path 'libswresample' not found
STRIP	ffprobe
/Applications/Xcode.app/Contents/Developer/usr/bin/make -C ffmpeg/vlc_build install-libs install-headers
INSTALL	libavformat/libavformat.a
INSTALL	libswscale/libswscale.a
INSTALL	libavcodec/libavcodec.a
INSTALL	libavutil/libavutil.a
INSTALL	Users/cam/Documents/Projects/ultima-iv-web/vlc-thumbs/work/story005-master-candidate/contrib/contrib-aarch64-apple-darwin19/ffmpeg/libavformat/avformat.h
INSTALL	Users/cam/Documents/Projects/ultima-iv-web/vlc-thumbs/work/story005-master-candidate/contrib/contrib-aarch64-apple-darwin19/ffmpeg/libavformat/avio.h
INSTALL	Users/cam/Documents/Projects/ultima-iv-web/vlc-thumbs/work/story005-master-candidate/contrib/contrib-aarch64-apple-darwin19/ffmpeg/libavformat/version.h
INSTALL	Users/cam/Documents/Projects/ultima-iv-web/vlc-thumbs/work/story005-master-candidate/contrib/contrib-aarch64-apple-darwin19/ffmpeg/libavformat/version_major.h
INSTALL	libavformat/libavformat.pc
INSTALL	libavcodec/libavcodec.pc
INSTALL	Users/cam/Documents/Projects/ultima-iv-web/vlc-thumbs/work/story005-master-candidate/contrib/contrib-aarch64-apple-darwin19/ffmpeg/libavcodec/ac3_parser.h
INSTALL	Users/cam/Documents/Projects/ultima-iv-web/vlc-thumbs/work/story005-master-candidate/contrib/contrib-aarch64-apple-darwin19/ffmpeg/libavcodec/adts_parser.h
INSTALL	Users/cam/Documents/Projects/ultima-iv-web/vlc-thumbs/work/story005-master-candidate/contrib/contrib-aarch64-apple-darwin19/ffmpeg/libavcodec/avcodec.h
INSTALL	Users/cam/Documents/Projects/ultima-iv-web/vlc-thumbs/work/story005-master-candidate/contrib/contrib-aarch64-apple-darwin19/ffmpeg/libavcodec/avdct.h
INSTALL	Users/cam/Documents/Projects/ultima-iv-web/vlc-thumbs/work/story005-master-candidate/contrib/contrib-aarch64-apple-darwin19/ffmpeg/libavcodec/bsf.h
INSTALL	Users/cam/Documents/Projects/ultima-iv-web/vlc-thumbs/work/story005-master-candidate/contrib/contrib-aarch64-apple-darwin19/ffmpeg/libavcodec/codec.h
INSTALL	Users/cam/Documents/Projects/ultima-iv-web/vlc-thumbs/work/story005-master-candidate/contrib/contrib-aarch64-apple-darwin19/ffmpeg/libavcodec/codec_desc.h
INSTALL	Users/cam/Documents/Projects/ultima-iv-web/vlc-thumbs/work/story005-master-candidate/contrib/contrib-aarch64-apple-darwin19/ffmpeg/libavcodec/codec_id.h
INSTALL	Users/cam/Documents/Projects/ultima-iv-web/vlc-thumbs/work/story005-master-candidate/contrib/contrib-aarch64-apple-darwin19/ffmpeg/libavcodec/codec_par.h
INSTALL	Users/cam/Documents/Projects/ultima-iv-web/vlc-thumbs/work/story005-master-candidate/contrib/contrib-aarch64-apple-darwin19/ffmpeg/libavcodec/d3d11va.h
INSTALL	Users/cam/Documents/Projects/ultima-iv-web/vlc-thumbs/work/story005-master-candidate/contrib/contrib-aarch64-apple-darwin19/ffmpeg/libavcodec/defs.h
INSTALL	Users/cam/Documents/Projects/ultima-iv-web/vlc-thumbs/work/story005-master-candidate/contrib/contrib-aarch64-apple-darwin19/ffmpeg/libavcodec/dirac.h
INSTALL	Users/cam/Documents/Projects/ultima-iv-web/vlc-thumbs/work/story005-master-candidate/contrib/contrib-aarch64-apple-darwin19/ffmpeg/libavcodec/dv_profile.h
INSTALL	Users/cam/Documents/Projects/ultima-iv-web/vlc-thumbs/work/story005-master-candidate/contrib/contrib-aarch64-apple-darwin19/ffmpeg/libavcodec/dxva2.h
INSTALL	Users/cam/Documents/Projects/ultima-iv-web/vlc-thumbs/work/story005-master-candidate/contrib/contrib-aarch64-apple-darwin19/ffmpeg/libavcodec/exif.h
INSTALL	Users/cam/Documents/Projects/ultima-iv-web/vlc-thumbs/work/story005-master-candidate/contrib/contrib-aarch64-apple-darwin19/ffmpeg/libavcodec/jni.h
INSTALL	Users/cam/Documents/Projects/ultima-iv-web/vlc-thumbs/work/story005-master-candidate/contrib/contrib-aarch64-apple-darwin19/ffmpeg/libavcodec/mediacodec.h
INSTALL	Users/cam/Documents/Projects/ultima-iv-web/vlc-thumbs/work/story005-master-candidate/contrib/contrib-aarch64-apple-darwin19/ffmpeg/libavcodec/packet.h
INSTALL	Users/cam/Documents/Projects/ultima-iv-web/vlc-thumbs/work/story005-master-candidate/contrib/contrib-aarch64-apple-darwin19/ffmpeg/libavcodec/qsv.h
INSTALL	Users/cam/Documents/Projects/ultima-iv-web/vlc-thumbs/work/story005-master-candidate/contrib/contrib-aarch64-apple-darwin19/ffmpeg/libavcodec/smpte_436m.h
INSTALL	Users/cam/Documents/Projects/ultima-iv-web/vlc-thumbs/work/story005-master-candidate/contrib/contrib-aarch64-apple-darwin19/ffmpeg/libavcodec/vdpau.h
INSTALL	Users/cam/Documents/Projects/ultima-iv-web/vlc-thumbs/work/story005-master-candidate/contrib/contrib-aarch64-apple-darwin19/ffmpeg/libavcodec/version.h
INSTALL	Users/cam/Documents/Projects/ultima-iv-web/vlc-thumbs/work/story005-master-candidate/contrib/contrib-aarch64-apple-darwin19/ffmpeg/libavcodec/version_major.h
INSTALL	Users/cam/Documents/Projects/ultima-iv-web/vlc-thumbs/work/story005-master-candidate/contrib/contrib-aarch64-apple-darwin19/ffmpeg/libavcodec/videotoolbox.h
INSTALL	Users/cam/Documents/Projects/ultima-iv-web/vlc-thumbs/work/story005-master-candidate/contrib/contrib-aarch64-apple-darwin19/ffmpeg/libavcodec/vorbis_parser.h
INSTALL	Users/cam/Documents/Projects/ultima-iv-web/vlc-thumbs/work/story005-master-candidate/contrib/contrib-aarch64-apple-darwin19/ffmpeg/libswscale/swscale.h
INSTALL	Users/cam/Documents/Projects/ultima-iv-web/vlc-thumbs/work/story005-master-candidate/contrib/contrib-aarch64-apple-darwin19/ffmpeg/libswscale/version.h
INSTALL	Users/cam/Documents/Projects/ultima-iv-web/vlc-thumbs/work/story005-master-candidate/contrib/contrib-aarch64-apple-darwin19/ffmpeg/libswscale/version_major.h
INSTALL	libswscale/libswscale.pc
INSTALL	Users/cam/Documents/Projects/ultima-iv-web/vlc-thumbs/work/story005-master-candidate/contrib/contrib-aarch64-apple-darwin19/ffmpeg/libavutil/adler32.h
INSTALL	Users/cam/Documents/Projects/ultima-iv-web/vlc-thumbs/work/story005-master-candidate/contrib/contrib-aarch64-apple-darwin19/ffmpeg/libavutil/aes.h
INSTALL	Users/cam/Documents/Projects/ultima-iv-web/vlc-thumbs/work/story005-master-candidate/contrib/contrib-aarch64-apple-darwin19/ffmpeg/libavutil/aes_ctr.h
INSTALL	Users/cam/Documents/Projects/ultima-iv-web/vlc-thumbs/work/story005-master-candidate/contrib/contrib-aarch64-apple-darwin19/ffmpeg/libavutil/ambient_viewing_environment.h
INSTALL	Users/cam/Documents/Projects/ultima-iv-web/vlc-thumbs/work/story005-master-candidate/contrib/contrib-aarch64-apple-darwin19/ffmpeg/libavutil/attributes.h
INSTALL	Users/cam/Documents/Projects/ultima-iv-web/vlc-thumbs/work/story005-master-candidate/contrib/contrib-aarch64-apple-darwin19/ffmpeg/libavutil/audio_fifo.h
INSTALL	Users/cam/Documents/Projects/ultima-iv-web/vlc-thumbs/work/story005-master-candidate/contrib/contrib-aarch64-apple-darwin19/ffmpeg/libavutil/avassert.h
INSTALL	Users/cam/Documents/Projects/ultima-iv-web/vlc-thumbs/work/story005-master-candidate/contrib/contrib-aarch64-apple-darwin19/ffmpeg/libavutil/avstring.h
INSTALL	Users/cam/Documents/Projects/ultima-iv-web/vlc-thumbs/work/story005-master-candidate/contrib/contrib-aarch64-apple-darwin19/ffmpeg/libavutil/avutil.h
INSTALL	Users/cam/Documents/Projects/ultima-iv-web/vlc-thumbs/work/story005-master-candidate/contrib/contrib-aarch64-apple-darwin19/ffmpeg/libavutil/base64.h
INSTALL	Users/cam/Documents/Projects/ultima-iv-web/vlc-thumbs/work/story005-master-candidate/contrib/contrib-aarch64-apple-darwin19/ffmpeg/libavutil/blowfish.h
INSTALL	Users/cam/Documents/Projects/ultima-iv-web/vlc-thumbs/work/story005-master-candidate/contrib/contrib-aarch64-apple-darwin19/ffmpeg/libavutil/bprint.h
INSTALL	Users/cam/Documents/Projects/ultima-iv-web/vlc-thumbs/work/story005-master-candidate/contrib/contrib-aarch64-apple-darwin19/ffmpeg/libavutil/bswap.h
INSTALL	Users/cam/Documents/Projects/ultima-iv-web/vlc-thumbs/work/story005-master-candidate/contrib/contrib-aarch64-apple-darwin19/ffmpeg/libavutil/buffer.h
INSTALL	Users/cam/Documents/Projects/ultima-iv-web/vlc-thumbs/work/story005-master-candidate/contrib/contrib-aarch64-apple-darwin19/ffmpeg/libavutil/cast5.h
INSTALL	Users/cam/Documents/Projects/ultima-iv-web/vlc-thumbs/work/story005-master-candidate/contrib/contrib-aarch64-apple-darwin19/ffmpeg/libavutil/camellia.h
INSTALL	Users/cam/Documents/Projects/ultima-iv-web/vlc-thumbs/work/story005-master-candidate/contrib/contrib-aarch64-apple-darwin19/ffmpeg/libavutil/channel_layout.h
INSTALL	Users/cam/Documents/Projects/ultima-iv-web/vlc-thumbs/work/story005-master-candidate/contrib/contrib-aarch64-apple-darwin19/ffmpeg/libavutil/common.h
INSTALL	Users/cam/Documents/Projects/ultima-iv-web/vlc-thumbs/work/story005-master-candidate/contrib/contrib-aarch64-apple-darwin19/ffmpeg/libavutil/container_fifo.h
INSTALL	Users/cam/Documents/Projects/ultima-iv-web/vlc-thumbs/work/story005-master-candidate/contrib/contrib-aarch64-apple-darwin19/ffmpeg/libavutil/cpu.h
INSTALL	Users/cam/Documents/Projects/ultima-iv-web/vlc-thumbs/work/story005-master-candidate/contrib/contrib-aarch64-apple-darwin19/ffmpeg/libavutil/crc.h
INSTALL	Users/cam/Documents/Projects/ultima-iv-web/vlc-thumbs/work/story005-master-candidate/contrib/contrib-aarch64-apple-darwin19/ffmpeg/libavutil/csp.h
INSTALL	Users/cam/Documents/Projects/ultima-iv-web/vlc-thumbs/work/story005-master-candidate/contrib/contrib-aarch64-apple-darwin19/ffmpeg/libavutil/des.h
INSTALL	Users/cam/Documents/Projects/ultima-iv-web/vlc-thumbs/work/story005-master-candidate/contrib/contrib-aarch64-apple-darwin19/ffmpeg/libavutil/detection_bbox.h
INSTALL	Users/cam/Documents/Projects/ultima-iv-web/vlc-thumbs/work/story005-master-candidate/contrib/contrib-aarch64-apple-darwin19/ffmpeg/libavutil/dict.h
INSTALL	Users/cam/Documents/Projects/ultima-iv-web/vlc-thumbs/work/story005-master-candidate/contrib/contrib-aarch64-apple-darwin19/ffmpeg/libavutil/display.h
INSTALL	Users/cam/Documents/Projects/ultima-iv-web/vlc-thumbs/work/story005-master-candidate/contrib/contrib-aarch64-apple-darwin19/ffmpeg/libavutil/dovi_meta.h
INSTALL	Users/cam/Documents/Projects/ultima-iv-web/vlc-thumbs/work/story005-master-candidate/contrib/contrib-aarch64-apple-darwin19/ffmpeg/libavutil/downmix_info.h
INSTALL	Users/cam/Documents/Projects/ultima-iv-web/vlc-thumbs/work/story005-master-candidate/contrib/contrib-aarch64-apple-darwin19/ffmpeg/libavutil/encryption_info.h
INSTALL	Users/cam/Documents/Projects/ultima-iv-web/vlc-thumbs/work/story005-master-candidate/contrib/contrib-aarch64-apple-darwin19/ffmpeg/libavutil/error.h
INSTALL	Users/cam/Documents/Projects/ultima-iv-web/vlc-thumbs/work/story005-master-candidate/contrib/contrib-aarch64-apple-darwin19/ffmpeg/libavutil/eval.h
INSTALL	Users/cam/Documents/Projects/ultima-iv-web/vlc-thumbs/work/story005-master-candidate/contrib/contrib-aarch64-apple-darwin19/ffmpeg/libavutil/executor.h
INSTALL	Users/cam/Documents/Projects/ultima-iv-web/vlc-thumbs/work/story005-master-candidate/contrib/contrib-aarch64-apple-darwin19/ffmpeg/libavutil/fifo.h
INSTALL	Users/cam/Documents/Projects/ultima-iv-web/vlc-thumbs/work/story005-master-candidate/contrib/contrib-aarch64-apple-darwin19/ffmpeg/libavutil/file.h
INSTALL	Users/cam/Documents/Projects/ultima-iv-web/vlc-thumbs/work/story005-master-candidate/contrib/contrib-aarch64-apple-darwin19/ffmpeg/libavutil/film_grain_params.h
INSTALL	Users/cam/Documents/Projects/ultima-iv-web/vlc-thumbs/work/story005-master-candidate/contrib/contrib-aarch64-apple-darwin19/ffmpeg/libavutil/frame.h
INSTALL	Users/cam/Documents/Projects/ultima-iv-web/vlc-thumbs/work/story005-master-candidate/contrib/contrib-aarch64-apple-darwin19/ffmpeg/libavutil/hash.h
INSTALL	Users/cam/Documents/Projects/ultima-iv-web/vlc-thumbs/work/story005-master-candidate/contrib/contrib-aarch64-apple-darwin19/ffmpeg/libavutil/hdr_dynamic_metadata.h
INSTALL	Users/cam/Documents/Projects/ultima-iv-web/vlc-thumbs/work/story005-master-candidate/contrib/contrib-aarch64-apple-darwin19/ffmpeg/libavutil/hdr_dynamic_vivid_metadata.h
INSTALL	Users/cam/Documents/Projects/ultima-iv-web/vlc-thumbs/work/story005-master-candidate/contrib/contrib-aarch64-apple-darwin19/ffmpeg/libavutil/hmac.h
INSTALL	Users/cam/Documents/Projects/ultima-iv-web/vlc-thumbs/work/story005-master-candidate/contrib/contrib-aarch64-apple-darwin19/ffmpeg/libavutil/hwcontext.h
INSTALL	Users/cam/Documents/Projects/ultima-iv-web/vlc-thumbs/work/story005-master-candidate/contrib/contrib-aarch64-apple-darwin19/ffmpeg/libavutil/hwcontext_cuda.h
INSTALL	Users/cam/Documents/Projects/ultima-iv-web/vlc-thumbs/work/story005-master-candidate/contrib/contrib-aarch64-apple-darwin19/ffmpeg/libavutil/hwcontext_d3d11va.h
INSTALL	Users/cam/Documents/Projects/ultima-iv-web/vlc-thumbs/work/story005-master-candidate/contrib/contrib-aarch64-apple-darwin19/ffmpeg/libavutil/hwcontext_d3d12va.h
INSTALL	Users/cam/Documents/Projects/ultima-iv-web/vlc-thumbs/work/story005-master-candidate/contrib/contrib-aarch64-apple-darwin19/ffmpeg/libavutil/hwcontext_drm.h
INSTALL	Users/cam/Documents/Projects/ultima-iv-web/vlc-thumbs/work/story005-master-candidate/contrib/contrib-aarch64-apple-darwin19/ffmpeg/libavutil/hwcontext_dxva2.h
INSTALL	Users/cam/Documents/Projects/ultima-iv-web/vlc-thumbs/work/story005-master-candidate/contrib/contrib-aarch64-apple-darwin19/ffmpeg/libavutil/hwcontext_amf.h
INSTALL	Users/cam/Documents/Projects/ultima-iv-web/vlc-thumbs/work/story005-master-candidate/contrib/contrib-aarch64-apple-darwin19/ffmpeg/libavutil/hwcontext_qsv.h
INSTALL	Users/cam/Documents/Projects/ultima-iv-web/vlc-thumbs/work/story005-master-candidate/contrib/contrib-aarch64-apple-darwin19/ffmpeg/libavutil/hwcontext_mediacodec.h
INSTALL	Users/cam/Documents/Projects/ultima-iv-web/vlc-thumbs/work/story005-master-candidate/contrib/contrib-aarch64-apple-darwin19/ffmpeg/libavutil/hwcontext_opencl.h
INSTALL	Users/cam/Documents/Projects/ultima-iv-web/vlc-thumbs/work/story005-master-candidate/contrib/contrib-aarch64-apple-darwin19/ffmpeg/libavutil/hwcontext_oh.h
INSTALL	Users/cam/Documents/Projects/ultima-iv-web/vlc-thumbs/work/story005-master-candidate/contrib/contrib-aarch64-apple-darwin19/ffmpeg/libavutil/hwcontext_vaapi.h
INSTALL	Users/cam/Documents/Projects/ultima-iv-web/vlc-thumbs/work/story005-master-candidate/contrib/contrib-aarch64-apple-darwin19/ffmpeg/libavutil/hwcontext_videotoolbox.h
INSTALL	Users/cam/Documents/Projects/ultima-iv-web/vlc-thumbs/work/story005-master-candidate/contrib/contrib-aarch64-apple-darwin19/ffmpeg/libavutil/hwcontext_vdpau.h
INSTALL	Users/cam/Documents/Projects/ultima-iv-web/vlc-thumbs/work/story005-master-candidate/contrib/contrib-aarch64-apple-darwin19/ffmpeg/libavutil/hwcontext_vulkan.h
INSTALL	Users/cam/Documents/Projects/ultima-iv-web/vlc-thumbs/work/story005-master-candidate/contrib/contrib-aarch64-apple-darwin19/ffmpeg/libavutil/iamf.h
INSTALL	Users/cam/Documents/Projects/ultima-iv-web/vlc-thumbs/work/story005-master-candidate/contrib/contrib-aarch64-apple-darwin19/ffmpeg/libavutil/imgutils.h
INSTALL	Users/cam/Documents/Projects/ultima-iv-web/vlc-thumbs/work/story005-master-candidate/contrib/contrib-aarch64-apple-darwin19/ffmpeg/libavutil/intfloat.h
INSTALL	Users/cam/Documents/Projects/ultima-iv-web/vlc-thumbs/work/story005-master-candidate/contrib/contrib-aarch64-apple-darwin19/ffmpeg/libavutil/intreadwrite.h
INSTALL	Users/cam/Documents/Projects/ultima-iv-web/vlc-thumbs/work/story005-master-candidate/contrib/contrib-aarch64-apple-darwin19/ffmpeg/libavutil/lfg.h
INSTALL	Users/cam/Documents/Projects/ultima-iv-web/vlc-thumbs/work/story005-master-candidate/contrib/contrib-aarch64-apple-darwin19/ffmpeg/libavutil/log.h
INSTALL	Users/cam/Documents/Projects/ultima-iv-web/vlc-thumbs/work/story005-master-candidate/contrib/contrib-aarch64-apple-darwin19/ffmpeg/libavutil/lzo.h
INSTALL	Users/cam/Documents/Projects/ultima-iv-web/vlc-thumbs/work/story005-master-candidate/contrib/contrib-aarch64-apple-darwin19/ffmpeg/libavutil/macros.h
INSTALL	Users/cam/Documents/Projects/ultima-iv-web/vlc-thumbs/work/story005-master-candidate/contrib/contrib-aarch64-apple-darwin19/ffmpeg/libavutil/mathematics.h
INSTALL	Users/cam/Documents/Projects/ultima-iv-web/vlc-thumbs/work/story005-master-candidate/contrib/contrib-aarch64-apple-darwin19/ffmpeg/libavutil/mastering_display_metadata.h
INSTALL	Users/cam/Documents/Projects/ultima-iv-web/vlc-thumbs/work/story005-master-candidate/contrib/contrib-aarch64-apple-darwin19/ffmpeg/libavutil/md5.h
INSTALL	Users/cam/Documents/Projects/ultima-iv-web/vlc-thumbs/work/story005-master-candidate/contrib/contrib-aarch64-apple-darwin19/ffmpeg/libavutil/mem.h
INSTALL	Users/cam/Documents/Projects/ultima-iv-web/vlc-thumbs/work/story005-master-candidate/contrib/contrib-aarch64-apple-darwin19/ffmpeg/libavutil/motion_vector.h
INSTALL	Users/cam/Documents/Projects/ultima-iv-web/vlc-thumbs/work/story005-master-candidate/contrib/contrib-aarch64-apple-darwin19/ffmpeg/libavutil/murmur3.h
INSTALL	Users/cam/Documents/Projects/ultima-iv-web/vlc-thumbs/work/story005-master-candidate/contrib/contrib-aarch64-apple-darwin19/ffmpeg/libavutil/opt.h
INSTALL	Users/cam/Documents/Projects/ultima-iv-web/vlc-thumbs/work/story005-master-candidate/contrib/contrib-aarch64-apple-darwin19/ffmpeg/libavutil/parseutils.h
INSTALL	Users/cam/Documents/Projects/ultima-iv-web/vlc-thumbs/work/story005-master-candidate/contrib/contrib-aarch64-apple-darwin19/ffmpeg/libavutil/pixdesc.h
INSTALL	Users/cam/Documents/Projects/ultima-iv-web/vlc-thumbs/work/story005-master-candidate/contrib/contrib-aarch64-apple-darwin19/ffmpeg/libavutil/pixelutils.h
INSTALL	Users/cam/Documents/Projects/ultima-iv-web/vlc-thumbs/work/story005-master-candidate/contrib/contrib-aarch64-apple-darwin19/ffmpeg/libavutil/pixfmt.h
INSTALL	Users/cam/Documents/Projects/ultima-iv-web/vlc-thumbs/work/story005-master-candidate/contrib/contrib-aarch64-apple-darwin19/ffmpeg/libavutil/random_seed.h
INSTALL	Users/cam/Documents/Projects/ultima-iv-web/vlc-thumbs/work/story005-master-candidate/contrib/contrib-aarch64-apple-darwin19/ffmpeg/libavutil/raw_color_params.h
INSTALL	Users/cam/Documents/Projects/ultima-iv-web/vlc-thumbs/work/story005-master-candidate/contrib/contrib-aarch64-apple-darwin19/ffmpeg/libavutil/rc4.h
INSTALL	Users/cam/Documents/Projects/ultima-iv-web/vlc-thumbs/work/story005-master-candidate/contrib/contrib-aarch64-apple-darwin19/ffmpeg/libavutil/rational.h
INSTALL	Users/cam/Documents/Projects/ultima-iv-web/vlc-thumbs/work/story005-master-candidate/contrib/contrib-aarch64-apple-darwin19/ffmpeg/libavutil/refstruct.h
INSTALL	Users/cam/Documents/Projects/ultima-iv-web/vlc-thumbs/work/story005-master-candidate/contrib/contrib-aarch64-apple-darwin19/ffmpeg/libavutil/replaygain.h
INSTALL	Users/cam/Documents/Projects/ultima-iv-web/vlc-thumbs/work/story005-master-candidate/contrib/contrib-aarch64-apple-darwin19/ffmpeg/libavutil/ripemd.h
INSTALL	Users/cam/Documents/Projects/ultima-iv-web/vlc-thumbs/work/story005-master-candidate/contrib/contrib-aarch64-apple-darwin19/ffmpeg/libavutil/samplefmt.h
INSTALL	Users/cam/Documents/Projects/ultima-iv-web/vlc-thumbs/work/story005-master-candidate/contrib/contrib-aarch64-apple-darwin19/ffmpeg/libavutil/sha.h
INSTALL	Users/cam/Documents/Projects/ultima-iv-web/vlc-thumbs/work/story005-master-candidate/contrib/contrib-aarch64-apple-darwin19/ffmpeg/libavutil/sha512.h
INSTALL	Users/cam/Documents/Projects/ultima-iv-web/vlc-thumbs/work/story005-master-candidate/contrib/contrib-aarch64-apple-darwin19/ffmpeg/libavutil/spherical.h
INSTALL	Users/cam/Documents/Projects/ultima-iv-web/vlc-thumbs/work/story005-master-candidate/contrib/contrib-aarch64-apple-darwin19/ffmpeg/libavutil/stereo3d.h
INSTALL	Users/cam/Documents/Projects/ultima-iv-web/vlc-thumbs/work/story005-master-candidate/contrib/contrib-aarch64-apple-darwin19/ffmpeg/libavutil/tdrdi.h
INSTALL	Users/cam/Documents/Projects/ultima-iv-web/vlc-thumbs/work/story005-master-candidate/contrib/contrib-aarch64-apple-darwin19/ffmpeg/libavutil/threadmessage.h
INSTALL	Users/cam/Documents/Projects/ultima-iv-web/vlc-thumbs/work/story005-master-candidate/contrib/contrib-aarch64-apple-darwin19/ffmpeg/libavutil/time.h
INSTALL	Users/cam/Documents/Projects/ultima-iv-web/vlc-thumbs/work/story005-master-candidate/contrib/contrib-aarch64-apple-darwin19/ffmpeg/libavutil/timecode.h
INSTALL	Users/cam/Documents/Projects/ultima-iv-web/vlc-thumbs/work/story005-master-candidate/contrib/contrib-aarch64-apple-darwin19/ffmpeg/libavutil/timestamp.h
INSTALL	Users/cam/Documents/Projects/ultima-iv-web/vlc-thumbs/work/story005-master-candidate/contrib/contrib-aarch64-apple-darwin19/ffmpeg/libavutil/tree.h
INSTALL	Users/cam/Documents/Projects/ultima-iv-web/vlc-thumbs/work/story005-master-candidate/contrib/contrib-aarch64-apple-darwin19/ffmpeg/libavutil/twofish.h
INSTALL	Users/cam/Documents/Projects/ultima-iv-web/vlc-thumbs/work/story005-master-candidate/contrib/contrib-aarch64-apple-darwin19/ffmpeg/libavutil/uuid.h
INSTALL	Users/cam/Documents/Projects/ultima-iv-web/vlc-thumbs/work/story005-master-candidate/contrib/contrib-aarch64-apple-darwin19/ffmpeg/libavutil/version.h
INSTALL	Users/cam/Documents/Projects/ultima-iv-web/vlc-thumbs/work/story005-master-candidate/contrib/contrib-aarch64-apple-darwin19/ffmpeg/libavutil/video_enc_params.h
INSTALL	Users/cam/Documents/Projects/ultima-iv-web/vlc-thumbs/work/story005-master-candidate/contrib/contrib-aarch64-apple-darwin19/ffmpeg/libavutil/xtea.h
INSTALL	Users/cam/Documents/Projects/ultima-iv-web/vlc-thumbs/work/story005-master-candidate/contrib/contrib-aarch64-apple-darwin19/ffmpeg/libavutil/tea.h
INSTALL	Users/cam/Documents/Projects/ultima-iv-web/vlc-thumbs/work/story005-master-candidate/contrib/contrib-aarch64-apple-darwin19/ffmpeg/libavutil/tx.h
INSTALL	Users/cam/Documents/Projects/ultima-iv-web/vlc-thumbs/work/story005-master-candidate/contrib/contrib-aarch64-apple-darwin19/ffmpeg/libavutil/video_hint.h
INSTALL	libavutil/avconfig.h
INSTALL	libavutil/ffversion.h
INSTALL	libavutil/libavutil.pc
touch .ffmpeg
