Setting base environment
Using VLC root dir /Users/cam/Documents/Projects/ultima-iv-web/vlc-thumbs/work/upstream/vlc-master-story005-reproduction, build triplet aarch64-apple-darwin19 and host triplet aarch64-apple-darwin19
/Applications/Xcode.app/Contents/Developer/usr/bin/make  dist-xz am__post_remove_distdir='@:'
/Applications/Xcode.app/Contents/Developer/usr/bin/make  distdir-am
rm -f -- "ChangeLog"
cd doc && /Applications/Xcode.app/Contents/Developer/usr/bin/make  changelogs
if test -e "/Users/cam/Documents/Projects/ultima-iv-web/vlc-thumbs/work/upstream/vlc-master-story005-reproduction/extras/package/macosx/../../../.git"; then \
		y="ChangeLog-1999"; y="${y##ChangeLog-}" ; \
		git --git-dir="/Users/cam/Documents/Projects/ultima-iv-web/vlc-thumbs/work/upstream/vlc-master-story005-reproduction/extras/package/macosx/../../../.git" log \
			--since="$y-01-01" \
			--until="$y-12-31 23:00:00 -0100" \
			> "ChangeLog-1999" ; \
	fi
if test -e "/Users/cam/Documents/Projects/ultima-iv-web/vlc-thumbs/work/upstream/vlc-master-story005-reproduction/extras/package/macosx/../../../.git"; then \
		y="ChangeLog-2000"; y="${y##ChangeLog-}" ; \
		git --git-dir="/Users/cam/Documents/Projects/ultima-iv-web/vlc-thumbs/work/upstream/vlc-master-story005-reproduction/extras/package/macosx/../../../.git" log \
			--since="$y-01-01" \
			--until="$y-12-31 23:00:00 -0100" \
			> "ChangeLog-2000" ; \
	fi
if test -e "/Users/cam/Documents/Projects/ultima-iv-web/vlc-thumbs/work/upstream/vlc-master-story005-reproduction/extras/package/macosx/../../../.git"; then \
		y="ChangeLog-2001"; y="${y##ChangeLog-}" ; \
		git --git-dir="/Users/cam/Documents/Projects/ultima-iv-web/vlc-thumbs/work/upstream/vlc-master-story005-reproduction/extras/package/macosx/../../../.git" log \
			--since="$y-01-01" \
			--until="$y-12-31 23:00:00 -0100" \
			> "ChangeLog-2001" ; \
	fi
if test -e "/Users/cam/Documents/Projects/ultima-iv-web/vlc-thumbs/work/upstream/vlc-master-story005-reproduction/extras/package/macosx/../../../.git"; then \
		y="ChangeLog-2002"; y="${y##ChangeLog-}" ; \
		git --git-dir="/Users/cam/Documents/Projects/ultima-iv-web/vlc-thumbs/work/upstream/vlc-master-story005-reproduction/extras/package/macosx/../../../.git" log \
			--since="$y-01-01" \
			--until="$y-12-31 23:00:00 -0100" \
			> "ChangeLog-2002" ; \
	fi
if test -e "/Users/cam/Documents/Projects/ultima-iv-web/vlc-thumbs/work/upstream/vlc-master-story005-reproduction/extras/package/macosx/../../../.git"; then \
		y="ChangeLog-2003"; y="${y##ChangeLog-}" ; \
		git --git-dir="/Users/cam/Documents/Projects/ultima-iv-web/vlc-thumbs/work/upstream/vlc-master-story005-reproduction/extras/package/macosx/../../../.git" log \
			--since="$y-01-01" \
			--until="$y-12-31 23:00:00 -0100" \
			> "ChangeLog-2003" ; \
	fi
if test -e "/Users/cam/Documents/Projects/ultima-iv-web/vlc-thumbs/work/upstream/vlc-master-story005-reproduction/extras/package/macosx/../../../.git"; then \
		y="ChangeLog-2004"; y="${y##ChangeLog-}" ; \
		git --git-dir="/Users/cam/Documents/Projects/ultima-iv-web/vlc-thumbs/work/upstream/vlc-master-story005-reproduction/extras/package/macosx/../../../.git" log \
			--since="$y-01-01" \
			--until="$y-12-31 23:00:00 -0100" \
			> "ChangeLog-2004" ; \
	fi
if test -e "/Users/cam/Documents/Projects/ultima-iv-web/vlc-thumbs/work/upstream/vlc-master-story005-reproduction/extras/package/macosx/../../../.git"; then \
		y="ChangeLog-2005"; y="${y##ChangeLog-}" ; \
		git --git-dir="/Users/cam/Documents/Projects/ultima-iv-web/vlc-thumbs/work/upstream/vlc-master-story005-reproduction/extras/package/macosx/../../../.git" log \
			--since="$y-01-01" \
			--until="$y-12-31 23:00:00 -0100" \
			> "ChangeLog-2005" ; \
	fi
if test -e "/Users/cam/Documents/Projects/ultima-iv-web/vlc-thumbs/work/upstream/vlc-master-story005-reproduction/extras/package/macosx/../../../.git"; then \
		y="ChangeLog-2006"; y="${y##ChangeLog-}" ; \
		git --git-dir="/Users/cam/Documents/Projects/ultima-iv-web/vlc-thumbs/work/upstream/vlc-master-story005-reproduction/extras/package/macosx/../../../.git" log \
			--since="$y-01-01" \
			--until="$y-12-31 23:00:00 -0100" \
			> "ChangeLog-2006" ; \
	fi
if test -e "/Users/cam/Documents/Projects/ultima-iv-web/vlc-thumbs/work/upstream/vlc-master-story005-reproduction/extras/package/macosx/../../../.git"; then \
		y="ChangeLog-2007"; y="${y##ChangeLog-}" ; \
		git --git-dir="/Users/cam/Documents/Projects/ultima-iv-web/vlc-thumbs/work/upstream/vlc-master-story005-reproduction/extras/package/macosx/../../../.git" log \
			--since="$y-01-01" \
			--until="$y-12-31 23:00:00 -0100" \
			> "ChangeLog-2007" ; \
	fi
if test -e "/Users/cam/Documents/Projects/ultima-iv-web/vlc-thumbs/work/upstream/vlc-master-story005-reproduction/extras/package/macosx/../../../.git"; then \
		y="ChangeLog-2008"; y="${y##ChangeLog-}" ; \
		git --git-dir="/Users/cam/Documents/Projects/ultima-iv-web/vlc-thumbs/work/upstream/vlc-master-story005-reproduction/extras/package/macosx/../../../.git" log \
			--since="$y-01-01" \
			--until="$y-12-31 23:00:00 -0100" \
			> "ChangeLog-2008" ; \
	fi
if test -e "/Users/cam/Documents/Projects/ultima-iv-web/vlc-thumbs/work/upstream/vlc-master-story005-reproduction/extras/package/macosx/../../../.git"; then \
		y="ChangeLog-2009"; y="${y##ChangeLog-}" ; \
		git --git-dir="/Users/cam/Documents/Projects/ultima-iv-web/vlc-thumbs/work/upstream/vlc-master-story005-reproduction/extras/package/macosx/../../../.git" log \
			--since="$y-01-01" \
			--until="$y-12-31 23:00:00 -0100" \
			> "ChangeLog-2009" ; \
	fi
if test -e "/Users/cam/Documents/Projects/ultima-iv-web/vlc-thumbs/work/upstream/vlc-master-story005-reproduction/extras/package/macosx/../../../.git"; then \
		y="ChangeLog-2010"; y="${y##ChangeLog-}" ; \
		git --git-dir="/Users/cam/Documents/Projects/ultima-iv-web/vlc-thumbs/work/upstream/vlc-master-story005-reproduction/extras/package/macosx/../../../.git" log \
			--since="$y-01-01" \
			--until="$y-12-31 23:00:00 -0100" \
			> "ChangeLog-2010" ; \
	fi
if test -e "/Users/cam/Documents/Projects/ultima-iv-web/vlc-thumbs/work/upstream/vlc-master-story005-reproduction/extras/package/macosx/../../../.git"; then \
		y="ChangeLog-2011"; y="${y##ChangeLog-}" ; \
		git --git-dir="/Users/cam/Documents/Projects/ultima-iv-web/vlc-thumbs/work/upstream/vlc-master-story005-reproduction/extras/package/macosx/../../../.git" log \
			--since="$y-01-01" \
			--until="$y-12-31 23:00:00 -0100" \
			> "ChangeLog-2011" ; \
	fi
if test -e "/Users/cam/Documents/Projects/ultima-iv-web/vlc-thumbs/work/upstream/vlc-master-story005-reproduction/extras/package/macosx/../../../.git"; then \
		y="ChangeLog-2012"; y="${y##ChangeLog-}" ; \
		git --git-dir="/Users/cam/Documents/Projects/ultima-iv-web/vlc-thumbs/work/upstream/vlc-master-story005-reproduction/extras/package/macosx/../../../.git" log \
			--since="$y-01-01" \
			--until="$y-12-31 23:00:00 -0100" \
			> "ChangeLog-2012" ; \
	fi
if test -e "/Users/cam/Documents/Projects/ultima-iv-web/vlc-thumbs/work/upstream/vlc-master-story005-reproduction/extras/package/macosx/../../../.git"; then \
		y="ChangeLog-2013"; y="${y##ChangeLog-}" ; \
		git --git-dir="/Users/cam/Documents/Projects/ultima-iv-web/vlc-thumbs/work/upstream/vlc-master-story005-reproduction/extras/package/macosx/../../../.git" log \
			--since="$y-01-01" \
			--until="$y-12-31 23:00:00 -0100" \
			> "ChangeLog-2013" ; \
	fi
if test -e "/Users/cam/Documents/Projects/ultima-iv-web/vlc-thumbs/work/upstream/vlc-master-story005-reproduction/extras/package/macosx/../../../.git"; then \
		y="ChangeLog-2014"; y="${y##ChangeLog-}" ; \
		git --git-dir="/Users/cam/Documents/Projects/ultima-iv-web/vlc-thumbs/work/upstream/vlc-master-story005-reproduction/extras/package/macosx/../../../.git" log \
			--since="$y-01-01" \
			--until="$y-12-31 23:00:00 -0100" \
			> "ChangeLog-2014" ; \
	fi
if test -e "/Users/cam/Documents/Projects/ultima-iv-web/vlc-thumbs/work/upstream/vlc-master-story005-reproduction/extras/package/macosx/../../../.git"; then \
		y="ChangeLog-2015"; y="${y##ChangeLog-}" ; \
		git --git-dir="/Users/cam/Documents/Projects/ultima-iv-web/vlc-thumbs/work/upstream/vlc-master-story005-reproduction/extras/package/macosx/../../../.git" log \
			--since="$y-01-01" \
			--until="$y-12-31 23:00:00 -0100" \
			> "ChangeLog-2015" ; \
	fi
if test -e "/Users/cam/Documents/Projects/ultima-iv-web/vlc-thumbs/work/upstream/vlc-master-story005-reproduction/extras/package/macosx/../../../.git"; then \
		y="ChangeLog-2016"; y="${y##ChangeLog-}" ; \
		git --git-dir="/Users/cam/Documents/Projects/ultima-iv-web/vlc-thumbs/work/upstream/vlc-master-story005-reproduction/extras/package/macosx/../../../.git" log \
			--since="$y-01-01" \
			--until="$y-12-31 23:00:00 -0100" \
			> "ChangeLog-2016" ; \
	fi
if test -e "/Users/cam/Documents/Projects/ultima-iv-web/vlc-thumbs/work/upstream/vlc-master-story005-reproduction/extras/package/macosx/../../../.git"; then \
		y="ChangeLog-2017"; y="${y##ChangeLog-}" ; \
		git --git-dir="/Users/cam/Documents/Projects/ultima-iv-web/vlc-thumbs/work/upstream/vlc-master-story005-reproduction/extras/package/macosx/../../../.git" log \
			--since="$y-01-01" \
			--until="$y-12-31 23:00:00 -0100" \
			> "ChangeLog-2017" ; \
	fi
if test -e "/Users/cam/Documents/Projects/ultima-iv-web/vlc-thumbs/work/upstream/vlc-master-story005-reproduction/extras/package/macosx/../../../.git"; then \
		y="ChangeLog-2018"; y="${y##ChangeLog-}" ; \
		git --git-dir="/Users/cam/Documents/Projects/ultima-iv-web/vlc-thumbs/work/upstream/vlc-master-story005-reproduction/extras/package/macosx/../../../.git" log \
			--since="$y-01-01" \
			--until="$y-12-31 23:00:00 -0100" \
			> "ChangeLog-2018" ; \
	fi
if test -e "/Users/cam/Documents/Projects/ultima-iv-web/vlc-thumbs/work/upstream/vlc-master-story005-reproduction/extras/package/macosx/../../../.git"; then \
		y="ChangeLog-2019"; y="${y##ChangeLog-}" ; \
		git --git-dir="/Users/cam/Documents/Projects/ultima-iv-web/vlc-thumbs/work/upstream/vlc-master-story005-reproduction/extras/package/macosx/../../../.git" log \
			--since="$y-01-01" \
			--until="$y-12-31 23:00:00 -0100" \
			> "ChangeLog-2019" ; \
	fi
if test -e "/Users/cam/Documents/Projects/ultima-iv-web/vlc-thumbs/work/upstream/vlc-master-story005-reproduction/extras/package/macosx/../../../.git"; then \
		y="ChangeLog-2020"; y="${y##ChangeLog-}" ; \
		git --git-dir="/Users/cam/Documents/Projects/ultima-iv-web/vlc-thumbs/work/upstream/vlc-master-story005-reproduction/extras/package/macosx/../../../.git" log \
			--since="$y-01-01" \
			--until="$y-12-31 23:00:00 -0100" \
			> "ChangeLog-2020" ; \
	fi
if test -e "/Users/cam/Documents/Projects/ultima-iv-web/vlc-thumbs/work/upstream/vlc-master-story005-reproduction/extras/package/macosx/../../../.git"; then \
		y="ChangeLog-2021"; y="${y##ChangeLog-}" ; \
		git --git-dir="/Users/cam/Documents/Projects/ultima-iv-web/vlc-thumbs/work/upstream/vlc-master-story005-reproduction/extras/package/macosx/../../../.git" log \
			--since="$y-01-01" \
			--until="$y-12-31 23:00:00 -0100" \
			> "ChangeLog-2021" ; \
	fi
if test -e "/Users/cam/Documents/Projects/ultima-iv-web/vlc-thumbs/work/upstream/vlc-master-story005-reproduction/extras/package/macosx/../../../.git"; then \
		y="ChangeLog-2022"; y="${y##ChangeLog-}" ; \
		git --git-dir="/Users/cam/Documents/Projects/ultima-iv-web/vlc-thumbs/work/upstream/vlc-master-story005-reproduction/extras/package/macosx/../../../.git" log \
			--since="$y-01-01" \
			--until="$y-12-31 23:00:00 -0100" \
			> "ChangeLog-2022" ; \
	fi
if test -e "/Users/cam/Documents/Projects/ultima-iv-web/vlc-thumbs/work/upstream/vlc-master-story005-reproduction/extras/package/macosx/../../../.git"; then \
		y="ChangeLog-2023"; y="${y##ChangeLog-}" ; \
		git --git-dir="/Users/cam/Documents/Projects/ultima-iv-web/vlc-thumbs/work/upstream/vlc-master-story005-reproduction/extras/package/macosx/../../../.git" log \
			--since="$y-01-01" \
			--until="$y-12-31 23:00:00 -0100" \
			> "ChangeLog-2023" ; \
	fi
if test -e "/Users/cam/Documents/Projects/ultima-iv-web/vlc-thumbs/work/upstream/vlc-master-story005-reproduction/extras/package/macosx/../../../.git"; then \
		y="ChangeLog-2024"; y="${y##ChangeLog-}" ; \
		git --git-dir="/Users/cam/Documents/Projects/ultima-iv-web/vlc-thumbs/work/upstream/vlc-master-story005-reproduction/extras/package/macosx/../../../.git" log \
			--since="$y-01-01" \
			--until="$y-12-31 23:00:00 -0100" \
			> "ChangeLog-2024" ; \
	fi
if test -e "/Users/cam/Documents/Projects/ultima-iv-web/vlc-thumbs/work/upstream/vlc-master-story005-reproduction/extras/package/macosx/../../../.git"; then \
		y="ChangeLog-2025"; y="${y##ChangeLog-}" ; \
		git --git-dir="/Users/cam/Documents/Projects/ultima-iv-web/vlc-thumbs/work/upstream/vlc-master-story005-reproduction/extras/package/macosx/../../../.git" log \
			--since="$y-01-01" \
			--until="$y-12-31 23:00:00 -0100" \
			> "ChangeLog-2025" ; \
	fi
if test -e "/Users/cam/Documents/Projects/ultima-iv-web/vlc-thumbs/work/upstream/vlc-master-story005-reproduction/extras/package/macosx/../../../.git"; then \
		y="ChangeLog-2026"; y="${y##ChangeLog-}" ; \
		git --git-dir="/Users/cam/Documents/Projects/ultima-iv-web/vlc-thumbs/work/upstream/vlc-master-story005-reproduction/extras/package/macosx/../../../.git" log \
			--since="$y-01-01" \
			--until="$y-12-31 23:00:00 -0100" \
			> "ChangeLog-2026" ; \
	fi
ln -s -f doc/ChangeLog-2024 "ChangeLog"
if test -d "vlc-4.0.0-dev"; then find "vlc-4.0.0-dev" -type d ! -perm -700 -exec chmod u+rwx {} ';' ; rm -rf "vlc-4.0.0-dev" || { sleep 5 && rm -rf "vlc-4.0.0-dev"; }; else :; fi
 (cd m4 && /Applications/Xcode.app/Contents/Developer/usr/bin/make  top_distdir=../vlc-4.0.0-dev distdir=../vlc-4.0.0-dev/m4 \
     am__remove_distdir=: am__skip_length_check=: am__skip_mode_fix=: distdir)
/Applications/Xcode.app/Contents/Developer/usr/bin/make  distdir-am
 (cd compat && /Applications/Xcode.app/Contents/Developer/usr/bin/make  top_distdir=../vlc-4.0.0-dev distdir=../vlc-4.0.0-dev/compat \
     am__remove_distdir=: am__skip_length_check=: am__skip_mode_fix=: distdir)
/Applications/Xcode.app/Contents/Developer/usr/bin/make  distdir-am
 (cd po && /Applications/Xcode.app/Contents/Developer/usr/bin/make  top_distdir=../vlc-4.0.0-dev distdir=../vlc-4.0.0-dev/po \
     am__remove_distdir=: am__skip_length_check=: am__skip_mode_fix=: distdir)
test -z "update-po" || /Applications/Xcode.app/Contents/Developer/usr/bin/make update-po
/Applications/Xcode.app/Contents/Developer/usr/bin/make vlc.pot-update
sed -e '/^#/d' /Users/cam/Documents/Projects/ultima-iv-web/vlc-thumbs/work/upstream/vlc-master-story005-reproduction/extras/package/macosx/../../../po/remove-potcdate.sin > t-remove-potcdate.sed
mv t-remove-potcdate.sed remove-potcdate.sed
package_gnu=""; \
	test -n "$package_gnu" || { \
	  if { if (LC_ALL=C find --version) 2>/dev/null | grep GNU >/dev/null; then \
	         LC_ALL=C find -L /Users/cam/Documents/Projects/ultima-iv-web/vlc-thumbs/work/upstream/vlc-master-story005-reproduction/extras/package/macosx/../../.. -maxdepth 1 -type f -size -10000000c -exec grep -i 'GNU vlc' /dev/null '{}' ';' 2>/dev/null; \
	       else \
	         LC_ALL=C grep -i 'GNU vlc' /Users/cam/Documents/Projects/ultima-iv-web/vlc-thumbs/work/upstream/vlc-master-story005-reproduction/extras/package/macosx/../../../* 2>/dev/null; \
	       fi; \
	     } | grep -v 'libtool:' >/dev/null; then \
	     package_gnu=yes; \
	   else \
	     package_gnu=no; \
	   fi; \
	}; \
	if test "$package_gnu" = "yes"; then \
	  package_prefix='GNU '; \
	else \
	  package_prefix=''; \
	fi; \
	if test -n 'vlc-devel@videolan.org' || test '' = '@'PACKAGE_BUGREPORT'@'; then \
	  msgid_bugs_address='vlc-devel@videolan.org'; \
	else \
	  msgid_bugs_address=''; \
	fi; \
	case `/Users/cam/Documents/Projects/ultima-iv-web/vlc-thumbs/work/upstream/vlc-master-story005-reproduction/extras/tools/build/bin/xgettext --version | sed 1q | sed -e 's,^[^0-9]*,,'` in \
	  '' | 0.[0-9] | 0.[0-9].* | 0.1[0-5] | 0.1[0-5].* | 0.16 | 0.16.[0-1]*) \
	    /Users/cam/Documents/Projects/ultima-iv-web/vlc-thumbs/work/upstream/vlc-master-story005-reproduction/extras/tools/build/bin/xgettext --default-domain=vlc --directory=/Users/cam/Documents/Projects/ultima-iv-web/vlc-thumbs/work/upstream/vlc-master-story005-reproduction/extras/package/macosx/../../.. \
	      --add-comments=TRANSLATORS: \
	      --files-from=/Users/cam/Documents/Projects/ultima-iv-web/vlc-thumbs/work/upstream/vlc-master-story005-reproduction/extras/package/macosx/../../../po/POTFILES.in \
	      --copyright-holder='VideoLAN' \
	      --msgid-bugs-address="$msgid_bugs_address" \
	      --directory=.. --keyword=_ --keyword=N_ --keyword=_NS --keyword=qtr:1 --keyword=qtr:1,2,3t --keyword=qsTr:1,1t --keyword=qsTr:1,2,3t --keyword=Q_ --language=C++ --keyword=vlc_ngettext:1,2 --keyword=vlc_pgettext:1c,2 --keyword=_PNS:1c,2 --add-comments=xgettext: --from-code=UTF-8  \
	    ;; \
	  *) \
	    /Users/cam/Documents/Projects/ultima-iv-web/vlc-thumbs/work/upstream/vlc-master-story005-reproduction/extras/tools/build/bin/xgettext --default-domain=vlc --directory=/Users/cam/Documents/Projects/ultima-iv-web/vlc-thumbs/work/upstream/vlc-master-story005-reproduction/extras/package/macosx/../../.. \
	      --add-comments=TRANSLATORS: \
	      --files-from=/Users/cam/Documents/Projects/ultima-iv-web/vlc-thumbs/work/upstream/vlc-master-story005-reproduction/extras/package/macosx/../../../po/POTFILES.in \
	      --copyright-holder='VideoLAN' \
	      --package-name="${package_prefix}vlc" \
	      --package-version='4.0.0-dev' \
	      --msgid-bugs-address="$msgid_bugs_address" \
	      --directory=.. --keyword=_ --keyword=N_ --keyword=_NS --keyword=qtr:1 --keyword=qtr:1,2,3t --keyword=qsTr:1,1t --keyword=qsTr:1,2,3t --keyword=Q_ --language=C++ --keyword=vlc_ngettext:1,2 --keyword=vlc_pgettext:1c,2 --keyword=_PNS:1c,2 --add-comments=xgettext: --from-code=UTF-8  \
	    ;; \
	esac
vc-mtime: failed to read git log output
include/vlc_intf_strings.h:75: warning: Message contains an embedded URL.  Better move it out of the translatable string, see https://www.gnu.org/software/gettext/manual/html_node/No-embedded-URLs.html
src/config/help.c:171: warning: Message contains an embedded URL.  Better move it out of the translatable string, see https://www.gnu.org/software/gettext/manual/html_node/No-embedded-URLs.html
src/libvlc-module.c:976: warning: Message contains an embedded URL.  Better move it out of the translatable string, see https://www.gnu.org/software/gettext/manual/html_node/No-embedded-URLs.html
modules/access/vdr.c:73: warning: Message contains an embedded URL.  Better move it out of the translatable string, see https://www.gnu.org/software/gettext/manual/html_node/No-embedded-URLs.html
modules/gui/macosx/windows/VLCAboutWindowController.m:130: warning: Message contains an embedded URL.  Better move it out of the translatable string, see https://www.gnu.org/software/gettext/manual/html_node/No-embedded-URLs.html
modules/gui/qt/qt.cpp:196: warning: Message contains an embedded URL.  Better move it out of the translatable string, see https://www.gnu.org/software/gettext/manual/html_node/No-embedded-URLs.html
modules/misc/audioscrobbler.c:727: warning: Message contains an embedded URL.  Better move it out of the translatable string, see https://www.gnu.org/software/gettext/manual/html_node/No-embedded-URLs.html
modules/stream_out/rtp.c:83: warning: Message contains an embedded URL.  Better move it out of the translatable string, see https://www.gnu.org/software/gettext/manual/html_node/No-embedded-URLs.html
test ! -f vlc.po || { \
	  if test -f /Users/cam/Documents/Projects/ultima-iv-web/vlc-thumbs/work/upstream/vlc-master-story005-reproduction/extras/package/macosx/../../../po/vlc.pot-header; then \
	    sed -e '1,/^#$/d' < vlc.po > vlc.1po && \
	    cat /Users/cam/Documents/Projects/ultima-iv-web/vlc-thumbs/work/upstream/vlc-master-story005-reproduction/extras/package/macosx/../../../po/vlc.pot-header vlc.1po > vlc.po && \
	    rm -f vlc.1po \
	    || exit 1; \
	  fi; \
	  if test -f /Users/cam/Documents/Projects/ultima-iv-web/vlc-thumbs/work/upstream/vlc-master-story005-reproduction/extras/package/macosx/../../../po/vlc.pot; then \
	    sed -f remove-potcdate.sed < /Users/cam/Documents/Projects/ultima-iv-web/vlc-thumbs/work/upstream/vlc-master-story005-reproduction/extras/package/macosx/../../../po/vlc.pot > vlc.1po && \
	    sed -f remove-potcdate.sed < vlc.po > vlc.2po && \
	    if cmp vlc.1po vlc.2po >/dev/null 2>&1; then \
	      rm -f vlc.1po vlc.2po vlc.po; \
	    else \
	      rm -f vlc.1po vlc.2po /Users/cam/Documents/Projects/ultima-iv-web/vlc-thumbs/work/upstream/vlc-master-story005-reproduction/extras/package/macosx/../../../po/vlc.pot && \
	      mv vlc.po /Users/cam/Documents/Projects/ultima-iv-web/vlc-thumbs/work/upstream/vlc-master-story005-reproduction/extras/package/macosx/../../../po/vlc.pot; \
	    fi; \
	  else \
	    mv vlc.po /Users/cam/Documents/Projects/ultima-iv-web/vlc-thumbs/work/upstream/vlc-master-story005-reproduction/extras/package/macosx/../../../po/vlc.pot; \
	  fi; \
	}
test -z "ach.po-update af.po-update am.po-update an.po-update ar.po-update as.po-update ast.po-update az.po-update be.po-update bg.po-update bn_IN.po-update bn.po-update br.po-update brx.po-update bs.po-update ca.po-update cgg.po-update ckb.po-update co.po-update cs.po-update cy.po-update da.po-update de.po-update el.po-update en_GB.po-update es.po-update et.po-update eu.po-update fa.po-update ff.po-update fi.po-update fr.po-update fur.po-update fy.po-update ga.po-update gd.po-update gl.po-update gu.po-update he.po-update hi.po-update hr.po-update hu.po-update hy.po-update ia.po-update id.po-update is.po-update it.po-update ja.po-update ka.po-update kk.po-update km.po-update kn.po-update ko.po-update ks_IN.po-update ky.po-update lg.po-update lt.po-update lv.po-update mai.po-update mk.po-update ml.po-update mn.po-update mr.po-update ms.po-update my.po-update nb.po-update ne.po-update nl.po-update nn.po-update oc.po-update or.po-update pa.po-update pl.po-update ps.po-update pt_BR.po-update pt_PT.po-update ro.po-update ru.po-update si.po-update sk.po-update sl.po-update sq.po-update sr.po-update sv.po-update ta.po-update te.po-update tet.po-update th.po-update tl.po-update tr.po-update ug.po-update uk.po-update uz.po-update vi.po-update wa.po-update zh_CN.po-update zh_TW.po-update zu.po-update" || /Applications/Xcode.app/Contents/Developer/usr/bin/make ach.po-update af.po-update am.po-update an.po-update ar.po-update as.po-update ast.po-update az.po-update be.po-update bg.po-update bn_IN.po-update bn.po-update br.po-update brx.po-update bs.po-update ca.po-update cgg.po-update ckb.po-update co.po-update cs.po-update cy.po-update da.po-update de.po-update el.po-update en_GB.po-update es.po-update et.po-update eu.po-update fa.po-update ff.po-update fi.po-update fr.po-update fur.po-update fy.po-update ga.po-update gd.po-update gl.po-update gu.po-update he.po-update hi.po-update hr.po-update hu.po-update hy.po-update ia.po-update id.po-update is.po-update it.po-update ja.po-update ka.po-update kk.po-update km.po-update kn.po-update ko.po-update ks_IN.po-update ky.po-update lg.po-update lt.po-update lv.po-update mai.po-update mk.po-update ml.po-update mn.po-update mr.po-update ms.po-update my.po-update nb.po-update ne.po-update nl.po-update nn.po-update oc.po-update or.po-update pa.po-update pl.po-update ps.po-update pt_BR.po-update pt_PT.po-update ro.po-update ru.po-update si.po-update sk.po-update sl.po-update sq.po-update sr.po-update sv.po-update ta.po-update te.po-update tet.po-update th.po-update tl.po-update tr.po-update ug.po-update uk.po-update uz.po-update vi.po-update wa.po-update zh_CN.po-update zh_TW.po-update zu.po-update
am:
cd /Users/cam/Documents/Projects/ultima-iv-web/vlc-thumbs/work/upstream/vlc-master-story005-reproduction/extras/package/macosx/../../../po && /Users/cam/Documents/Projects/ultima-iv-web/vlc-thumbs/work/upstream/vlc-master-story005-reproduction/extras/tools/build/bin/msgmerge  --lang=am --previous am.po vlc.pot -o am.new.po
ach:
cd /Users/cam/Documents/Projects/ultima-iv-web/vlc-thumbs/work/upstream/vlc-master-story005-reproduction/extras/package/macosx/../../../po && /Users/cam/Documents/Projects/ultima-iv-web/vlc-thumbs/work/upstream/vlc-master-story005-reproduction/extras/tools/build/bin/msgmerge  --lang=ach --previous ach.po vlc.pot -o ach.new.po
an:
cd /Users/cam/Documents/Projects/ultima-iv-web/vlc-thumbs/work/upstream/vlc-master-story005-reproduction/extras/package/macosx/../../../po && /Users/cam/Documents/Projects/ultima-iv-web/vlc-thumbs/work/upstream/vlc-master-story005-reproduction/extras/tools/build/bin/msgmerge  --lang=an --previous an.po vlc.pot -o an.new.po
af:
cd /Users/cam/Documents/Projects/ultima-iv-web/vlc-thumbs/work/upstream/vlc-master-story005-reproduction/extras/package/macosx/../../../po && /Users/cam/Documents/Projects/ultima-iv-web/vlc-thumbs/work/upstream/vlc-master-story005-reproduction/extras/tools/build/bin/msgmerge  --lang=af --previous af.po vlc.pot -o af.new.po
.......................................................................................................................................................................................................................................................................................................................................................................................................................................................................................................................................................................................................................................................................................................................................................................................................................................................................................................................................................................................................................................................................................................................................................................................................................................................................................................................................................................................................................................................................................................................................................................................................................................................................................................................................................................................................................................................................................................................................................................................... done.
...............................................................................................................................................................ar:
cd /Users/cam/Documents/Projects/ultima-iv-web/vlc-thumbs/work/upstream/vlc-master-story005-reproduction/extras/package/macosx/../../../po && /Users/cam/Documents/Projects/ultima-iv-web/vlc-thumbs/work/upstream/vlc-master-story005-reproduction/extras/tools/build/bin/msgmerge  --lang=ar --previous ar.po vlc.pot -o ar.new.po
.................................................................................................................................................................................................................................................................................................................................................................................................................................................................................................................................................................................................................................................................................................................................................................................................................................................................................................................................................................................................................................................................................................................... done.
...................................................................................................................................as:
cd /Users/cam/Documents/Projects/ultima-iv-web/vlc-thumbs/work/upstream/vlc-master-story005-reproduction/extras/package/macosx/../../../po && /Users/cam/Documents/Projects/ultima-iv-web/vlc-thumbs/work/upstream/vlc-master-story005-reproduction/extras/tools/build/bin/msgmerge  --lang=as --previous as.po vlc.pot -o as.new.po
.................................................................................................................................................................................................................................................................................................................................................................................................................................................................................................................................................................................................................................................................................................................................................................................................................................................................................................................................................................................................................................. done.
.............................ast:
cd /Users/cam/Documents/Projects/ultima-iv-web/vlc-thumbs/work/upstream/vlc-master-story005-reproduction/extras/package/macosx/../../../po && /Users/cam/Documents/Projects/ultima-iv-web/vlc-thumbs/work/upstream/vlc-master-story005-reproduction/extras/tools/build/bin/msgmerge  --lang=ast --previous ast.po vlc.pot -o ast.new.po
.......................................................................................................................................................................................................................................................................................................................................................................................................................................................................................................................................................................................................................................................................................................................................................................................................................................................................................................................................................................................................................................................................................................................................................................................................................................................................................................................................................................................................................................................................................................................................................................................................................................................................................................................................................................................................................................................................................................................................................................................................................................................................................................................................................................................................................................................................................................................................................................................................................................................................................................................................................................................................................................................................................................................................................................................................................................................................................................................................................................... done.
.......................................................az:
cd /Users/cam/Documents/Projects/ultima-iv-web/vlc-thumbs/work/upstream/vlc-master-story005-reproduction/extras/package/macosx/../../../po && /Users/cam/Documents/Projects/ultima-iv-web/vlc-thumbs/work/upstream/vlc-master-story005-reproduction/extras/tools/build/bin/msgmerge  --lang=az --previous az.po vlc.pot -o az.new.po
................................................................................................................................................................................................................................................................................................................................................................................................................................................................................................................................................................................................................................................................................................................................................................................................................................................................................................................................................................. done.
....................................be:
cd /Users/cam/Documents/Projects/ultima-iv-web/vlc-thumbs/work/upstream/vlc-master-story005-reproduction/extras/package/macosx/../../../po && /Users/cam/Documents/Projects/ultima-iv-web/vlc-thumbs/work/upstream/vlc-master-story005-reproduction/extras/tools/build/bin/msgmerge  --lang=be --previous be.po vlc.pot -o be.new.po
.............................................................................................................................................................................................................................................................................................................................................................................................................................................................................................................................................................................................................................................................................................................................................................................................................................................................................................................................................................................................................................................................. done.
.................................................................................................bg:
cd /Users/cam/Documents/Projects/ultima-iv-web/vlc-thumbs/work/upstream/vlc-master-story005-reproduction/extras/package/macosx/../../../po && /Users/cam/Documents/Projects/ultima-iv-web/vlc-thumbs/work/upstream/vlc-master-story005-reproduction/extras/tools/build/bin/msgmerge  --lang=bg --previous bg.po vlc.pot -o bg.new.po
..................................................................................................................................................................................................................................................................................................................................................................................................................................................................................................................................................................................................................................................................................................................................................................................................................................................................................................................................................................................................... done.
.......................................................................bn_IN:
cd /Users/cam/Documents/Projects/ultima-iv-web/vlc-thumbs/work/upstream/vlc-master-story005-reproduction/extras/package/macosx/../../../po && /Users/cam/Documents/Projects/ultima-iv-web/vlc-thumbs/work/upstream/vlc-master-story005-reproduction/extras/tools/build/bin/msgmerge  --lang=bn_IN --previous bn_IN.po vlc.pot -o bn_IN.new.po
..................................................................................................................................................................................................................................................................................................................................................................................................................................................................................................................................................................................................................................................................................................................................................................................................................................................................................................................................................................................................................................................... done.
............................................................................................................bn:
cd /Users/cam/Documents/Projects/ultima-iv-web/vlc-thumbs/work/upstream/vlc-master-story005-reproduction/extras/package/macosx/../../../po && /Users/cam/Documents/Projects/ultima-iv-web/vlc-thumbs/work/upstream/vlc-master-story005-reproduction/extras/tools/build/bin/msgmerge  --lang=bn --previous bn.po vlc.pot -o bn.new.po
....................................................................................................................................................................................................................................................................................................................................................................................................................................................................................................................................................................................................................................................................................................................................................................................................................................................................................................................................................................................................................................................................................................................................................................................................................................................................................................................................................................................................................................................................................................................................................................................................................................................................................................................................................................................................................................................................................................................................................................................................................................................................................................................................................................................................................................................................................................................................................................................................................................................................................................................................................................................................................................................................................................................................................................................................................................................................................................................................................................................................................................................................................................................................................................................... done.
..................................................................................................................br:
cd /Users/cam/Documents/Projects/ultima-iv-web/vlc-thumbs/work/upstream/vlc-master-story005-reproduction/extras/package/macosx/../../../po && /Users/cam/Documents/Projects/ultima-iv-web/vlc-thumbs/work/upstream/vlc-master-story005-reproduction/extras/tools/build/bin/msgmerge  --lang=br --previous br.po vlc.pot -o br.new.po
...................................................................................................................................................................................................................................................................................................................................................................................................................................................................................................................................................................................................................................................................................................................................................................................................................................................................................................................................................... done.
...............................................................................................................................................................................................................................................................................................................................................................................................................................................................................brx:
cd /Users/cam/Documents/Projects/ultima-iv-web/vlc-thumbs/work/upstream/vlc-master-story005-reproduction/extras/package/macosx/../../../po && /Users/cam/Documents/Projects/ultima-iv-web/vlc-thumbs/work/upstream/vlc-master-story005-reproduction/extras/tools/build/bin/msgmerge  --lang=brx --previous brx.po vlc.pot -o brx.new.po
.............................................................................................................................................................................................................................................................................................................................................................................................................................................................................................................................................................................................................................................................................................................................................................................................................................................................................................................................................................................................................................................................................................................................................................................................................. done.
................................................................................................................................................................................................................................................................................................................................................................................................................................................................................................................................................................................................................................................................................................................................................................................................................................................................................................................................................................................................................................................................................................................................................................................................................................................................................................................................................................................................................................................................................................................................................................................................................................................................................................. done.
 done.
........bs:
..cd /Users/cam/Documents/Projects/ultima-iv-web/vlc-thumbs/work/upstream/vlc-master-story005-reproduction/extras/package/macosx/../../../po && /Users/cam/Documents/Projects/ultima-iv-web/vlc-thumbs/work/upstream/vlc-master-story005-reproduction/extras/tools/build/bin/msgmerge  --lang=bs --previous bs.po vlc.pot -o bs.new.po
...ca:
cd /Users/cam/Documents/Projects/ultima-iv-web/vlc-thumbs/work/upstream/vlc-master-story005-reproduction/extras/package/macosx/../../../po && /Users/cam/Documents/Projects/ultima-iv-web/vlc-thumbs/work/upstream/vlc-master-story005-reproduction/extras/tools/build/bin/msgmerge  --lang=ca --previous ca.po vlc.pot -o ca.new.po
.......cgg:
cd /Users/cam/Documents/Projects/ultima-iv-web/vlc-thumbs/work/upstream/vlc-master-story005-reproduction/extras/package/macosx/../../../po && /Users/cam/Documents/Projects/ultima-iv-web/vlc-thumbs/work/upstream/vlc-master-story005-reproduction/extras/tools/build/bin/msgmerge  --lang=cgg --previous cgg.po vlc.pot -o cgg.new.po
..................................................................................................................................................................................................................................................................................................................................................................................................................................................................................................................................................................................................................................................................................................................................................................................................................................................................................................................................................................................................................................................................................................................................................................................................................................................................................................................................................................................................................................................................................................................................................................................................................................................................................................................................................................................................................................................................................................................................................... done.
.....................................................................................................................................ckb:
cd /Users/cam/Documents/Projects/ultima-iv-web/vlc-thumbs/work/upstream/vlc-master-story005-reproduction/extras/package/macosx/../../../po && /Users/cam/Documents/Projects/ultima-iv-web/vlc-thumbs/work/upstream/vlc-master-story005-reproduction/extras/tools/build/bin/msgmerge  --lang=ckb --previous ckb.po vlc.pot -o ckb.new.po
................................................................................................................................................................................................................................................................................................................................................................................................................................................................................................................................................................................................................................................................................................................................................................................................................................................................................................................................................................................................................................................................................................................................................................................................................................................................................................................................................................................................................................................................................................................................................................................................................................................................................................................................................................................................................................................ done.
............................................................................................................................................................................................................................................................................................................................................................................................................................................................................................................................................................................................................................................................................................................................................................................................................................ done.
...................................co:
cd /Users/cam/Documents/Projects/ultima-iv-web/vlc-thumbs/work/upstream/vlc-master-story005-reproduction/extras/package/macosx/../../../po && /Users/cam/Documents/Projects/ultima-iv-web/vlc-thumbs/work/upstream/vlc-master-story005-reproduction/extras/tools/build/bin/msgmerge  --lang=co --previous co.po vlc.pot -o co.new.po
..................................................................................................cs:
cd /Users/cam/Documents/Projects/ultima-iv-web/vlc-thumbs/work/upstream/vlc-master-story005-reproduction/extras/package/macosx/../../../po && /Users/cam/Documents/Projects/ultima-iv-web/vlc-thumbs/work/upstream/vlc-master-story005-reproduction/extras/tools/build/bin/msgmerge  --lang=cs --previous cs.po vlc.pot -o cs.new.po
.......................................................................................................................................................................................................................................................................................................................................................................................................................................................................................................................................................................................................................................................................................................................................................................................................................................................................................................................................................................................................................................................................................................................................................................................................................................................................................................................................................................................................................................................................................................................................................................................................................................................................................................................................................................................................................................................................................................................................................................................................................................................................................................................................................................................................................................................................................................................................... done.
............................................................................cy:
cd /Users/cam/Documents/Projects/ultima-iv-web/vlc-thumbs/work/upstream/vlc-master-story005-reproduction/extras/package/macosx/../../../po && /Users/cam/Documents/Projects/ultima-iv-web/vlc-thumbs/work/upstream/vlc-master-story005-reproduction/extras/tools/build/bin/msgmerge  --lang=cy --previous cy.po vlc.pot -o cy.new.po
........................................................................................................................................................................................................................................................................................................................................................................................................................................................................................................................................................................................................................................................................................................................................................................................................................................................................................................................................................................................................................................................................................................................................................................................................................................................................ done.
...............................................................................................................................................da:
cd /Users/cam/Documents/Projects/ultima-iv-web/vlc-thumbs/work/upstream/vlc-master-story005-reproduction/extras/package/macosx/../../../po && /Users/cam/Documents/Projects/ultima-iv-web/vlc-thumbs/work/upstream/vlc-master-story005-reproduction/extras/tools/build/bin/msgmerge  --lang=da --previous da.po vlc.pot -o da.new.po
................................................................................................................................................................................................................................................................................................................................................................................................................................................................................................................................................................................................................................................................................................................................................................................................................................................................................................................................................................................................................................................................................................................................ done.
......................................................................................de:
cd /Users/cam/Documents/Projects/ultima-iv-web/vlc-thumbs/work/upstream/vlc-master-story005-reproduction/extras/package/macosx/../../../po && /Users/cam/Documents/Projects/ultima-iv-web/vlc-thumbs/work/upstream/vlc-master-story005-reproduction/extras/tools/build/bin/msgmerge  --lang=de --previous de.po vlc.pot -o de.new.po
..................................................................................................................................................................................................................................................................................................................................................................................................................................................................................................................................................................................................................................................................................................................................................................................................................................................................................................................................................................................................................................................................................................................................................................................................................................................................................................................................................................................................................................................................................................................................................................................................................................................................................................................................................................... done.
........................................el:
cd /Users/cam/Documents/Projects/ultima-iv-web/vlc-thumbs/work/upstream/vlc-master-story005-reproduction/extras/package/macosx/../../../po && /Users/cam/Documents/Projects/ultima-iv-web/vlc-thumbs/work/upstream/vlc-master-story005-reproduction/extras/tools/build/bin/msgmerge  --lang=el --previous el.po vlc.pot -o el.new.po
............................................................................................................................................................................................................................................................................................................................................................................................................................................................................................................................................................................................................................................................................................................................................................................................................................................................................................................................................................................................................................................................................................................... done.
.........................................................................................en_GB:
cd /Users/cam/Documents/Projects/ultima-iv-web/vlc-thumbs/work/upstream/vlc-master-story005-reproduction/extras/package/macosx/../../../po && /Users/cam/Documents/Projects/ultima-iv-web/vlc-thumbs/work/upstream/vlc-master-story005-reproduction/extras/tools/build/bin/msgmerge  --lang=en_GB --previous en_GB.po vlc.pot -o en_GB.new.po
................................................................................................................................................................................................................................................................................................................................................................................................................................................................................................................................................................................................................................................................................................................................................................................................................................................................................................................................................................................................................................................................................................................................................................................................................................................................................................................................................................................................................................................................................................................................................................................................................................................................................................................................................................................................................................................................................................................................................................................................................................................................................................................................................... done.
.....................................................................................................................es:
cd /Users/cam/Documents/Projects/ultima-iv-web/vlc-thumbs/work/upstream/vlc-master-story005-reproduction/extras/package/macosx/../../../po && /Users/cam/Documents/Projects/ultima-iv-web/vlc-thumbs/work/upstream/vlc-master-story005-reproduction/extras/tools/build/bin/msgmerge  --lang=es --previous es.po vlc.pot -o es.new.po
..................................................................................................................................................................................................................................................................................................................................................................................................................................................................................................................................................................................................................................................................................................................................................................................................................................................................................................................................................................................................................................................................................................... done.
.................................................................................et:
cd /Users/cam/Documents/Projects/ultima-iv-web/vlc-thumbs/work/upstream/vlc-master-story005-reproduction/extras/package/macosx/../../../po && /Users/cam/Documents/Projects/ultima-iv-web/vlc-thumbs/work/upstream/vlc-master-story005-reproduction/extras/tools/build/bin/msgmerge  --lang=et --previous et.po vlc.pot -o et.new.po
............................................................................................................................................................................................................................................................................................................................................................................................................................................................................................................................................................................................................................................................................................................................................................................................................................................................................................................................................................................................................................................................................................................................................ done.
............................................................eu:
cd /Users/cam/Documents/Projects/ultima-iv-web/vlc-thumbs/work/upstream/vlc-master-story005-reproduction/extras/package/macosx/../../../po && /Users/cam/Documents/Projects/ultima-iv-web/vlc-thumbs/work/upstream/vlc-master-story005-reproduction/extras/tools/build/bin/msgmerge  --lang=eu --previous eu.po vlc.pot -o eu.new.po
.............................................................................................................................................................................................................................................................................................................................................................................................................................................................................................................................................................................................................................................................................................................................................................................................................................................................................................................................................................................................................................................................................................................................................................................................................................................................................................................................................................................................................................................................................................................................................................................................................................................................................................................................................................................................................................................................. done.
...................................................................................................................................................fa:
cd /Users/cam/Documents/Projects/ultima-iv-web/vlc-thumbs/work/upstream/vlc-master-story005-reproduction/extras/package/macosx/../../../po && /Users/cam/Documents/Projects/ultima-iv-web/vlc-thumbs/work/upstream/vlc-master-story005-reproduction/extras/tools/build/bin/msgmerge  --lang=fa --previous fa.po vlc.pot -o fa.new.po
.............................................................................................................................................................................................................................................................................................................................................................................................................................................................................................................................................................................................................................................................................................................................................................................................................................................................................................................................................................................................................................................................................................................................................................................................................................................................................................................................................................................................................................................................................................................................................................................................................................................................................................................................................................................................................................................................................................................................................................................................................................................................................................................................................................................................................................................. done.
......................................ff:
cd /Users/cam/Documents/Projects/ultima-iv-web/vlc-thumbs/work/upstream/vlc-master-story005-reproduction/extras/package/macosx/../../../po && /Users/cam/Documents/Projects/ultima-iv-web/vlc-thumbs/work/upstream/vlc-master-story005-reproduction/extras/tools/build/bin/msgmerge  --lang=ff --previous ff.po vlc.pot -o ff.new.po
.................................................................................................................................................................................................................................................................................................................................................................................................................................................................................................................................................................................................................................................................................................................................................................................................................................................................................................................................................................................................................................................................................... done.
...............................................................................................................................................................................................................................................................................................................................................................................................................................fi:
cd /Users/cam/Documents/Projects/ultima-iv-web/vlc-thumbs/work/upstream/vlc-master-story005-reproduction/extras/package/macosx/../../../po && /Users/cam/Documents/Projects/ultima-iv-web/vlc-thumbs/work/upstream/vlc-master-story005-reproduction/extras/tools/build/bin/msgmerge  --lang=fi --previous fi.po vlc.pot -o fi.new.po
........................................................................................................................................................................................................................................................................................................................................................................................................................................................................................................................................................................................................................................................................................................................................................................................................................................................................................................................................................................................................ done.
.......................................................fr:
cd /Users/cam/Documents/Projects/ultima-iv-web/vlc-thumbs/work/upstream/vlc-master-story005-reproduction/extras/package/macosx/../../../po && /Users/cam/Documents/Projects/ultima-iv-web/vlc-thumbs/work/upstream/vlc-master-story005-reproduction/extras/tools/build/bin/msgmerge  --lang=fr --previous fr.po vlc.pot -o fr.new.po
............................................................................................................................................................................................................................................................................................................................................................................................................................................................................................................................................................................................................................................................................................................................................................................................................................................................................................................................................................................................................................................................................................................................................................................................................... done.
............................................................................................................................................................................................................................................................................................................................................................................................................................................................................................................................................................................................................................................................................................................................................................................................................................................................................................................................................................................................................................................................ done.
......................................................................................fur:
cd /Users/cam/Documents/Projects/ultima-iv-web/vlc-thumbs/work/upstream/vlc-master-story005-reproduction/extras/package/macosx/../../../po && /Users/cam/Documents/Projects/ultima-iv-web/vlc-thumbs/work/upstream/vlc-master-story005-reproduction/extras/tools/build/bin/msgmerge  --lang=fur --previous fur.po vlc.pot -o fur.new.po
....fy:
cd /Users/cam/Documents/Projects/ultima-iv-web/vlc-thumbs/work/upstream/vlc-master-story005-reproduction/extras/package/macosx/../../../po && /Users/cam/Documents/Projects/ultima-iv-web/vlc-thumbs/work/upstream/vlc-master-story005-reproduction/extras/tools/build/bin/msgmerge  --lang=fy --previous fy.po vlc.pot -o fy.new.po
.............................................................................................................................................................................................................................................................................................................................................................................................................................................................................................................................................................................................................................................................................................................................................................................................................................................................................................................................................................................................................................................................................................................................................................................................................................................................................................................................................................................................................................................................................................................................................................................................................................................................................................................................................................................................................................................................................................................................................................................................................. done.
....................................ga:
cd /Users/cam/Documents/Projects/ultima-iv-web/vlc-thumbs/work/upstream/vlc-master-story005-reproduction/extras/package/macosx/../../../po && /Users/cam/Documents/Projects/ultima-iv-web/vlc-thumbs/work/upstream/vlc-master-story005-reproduction/extras/tools/build/bin/msgmerge  --lang=ga --previous ga.po vlc.pot -o ga.new.po
......................................................................................................................................................................................................................................................................................................................................................................................................................................................................................................................................................................................................................................................................................................................................................................................................................................................................................................................................................................................................................................................................................................................................................................................................................................................................................................................................................................................................................................................................................................................................................................................................................................................................................................................................................................................................................................................................................................................................................................................................................................................................................................................................... done.
.........................................................gd:
cd /Users/cam/Documents/Projects/ultima-iv-web/vlc-thumbs/work/upstream/vlc-master-story005-reproduction/extras/package/macosx/../../../po && /Users/cam/Documents/Projects/ultima-iv-web/vlc-thumbs/work/upstream/vlc-master-story005-reproduction/extras/tools/build/bin/msgmerge  --lang=gd --previous gd.po vlc.pot -o gd.new.po
................................................................................................................................................................................................................................................................................................................................................................................................................................................................................................................................................................................................................................................................................................................................................................................................................................................................................................................................................................................................................................................................................................................................................................................................................................................................................................................................................................................................................................................................................................................................................................................................................................................................................................................................................................................................................................................................ done.
.............................................................................gl:
cd /Users/cam/Documents/Projects/ultima-iv-web/vlc-thumbs/work/upstream/vlc-master-story005-reproduction/extras/package/macosx/../../../po && /Users/cam/Documents/Projects/ultima-iv-web/vlc-thumbs/work/upstream/vlc-master-story005-reproduction/extras/tools/build/bin/msgmerge  --lang=gl --previous gl.po vlc.pot -o gl.new.po
.......................................................................................................................................................................................................................................................................................................................................................................................................................................................................................................................................................................................................................................................................................................................................................................................................................................................................................................................................................................................................................................................................................................................................................................... done.
.........................................................................................................................................................................................................................................................................................................................................................................................................................................................................................................................................................................................................................................................................................................................................................................................................................................................................................................................................................................................................................................................................gu:
cd /Users/cam/Documents/Projects/ultima-iv-web/vlc-thumbs/work/upstream/vlc-master-story005-reproduction/extras/package/macosx/../../../po && /Users/cam/Documents/Projects/ultima-iv-web/vlc-thumbs/work/upstream/vlc-master-story005-reproduction/extras/tools/build/bin/msgmerge  --lang=gu --previous gu.po vlc.pot -o gu.new.po
 done.
......................................................................................................................................................................................................................................................................................................................................................................................................................................................................................................................................................................................................................................................................................................................................................................................................................................................................................................................................................................................................................... done.
..................................he:
cd /Users/cam/Documents/Projects/ultima-iv-web/vlc-thumbs/work/upstream/vlc-master-story005-reproduction/extras/package/macosx/../../../po && /Users/cam/Documents/Projects/ultima-iv-web/vlc-thumbs/work/upstream/vlc-master-story005-reproduction/extras/tools/build/bin/msgmerge  --lang=he --previous he.po vlc.pot -o he.new.po
.......hi:
cd /Users/cam/Documents/Projects/ultima-iv-web/vlc-thumbs/work/upstream/vlc-master-story005-reproduction/extras/package/macosx/../../../po && /Users/cam/Documents/Projects/ultima-iv-web/vlc-thumbs/work/upstream/vlc-master-story005-reproduction/extras/tools/build/bin/msgmerge  --lang=hi --previous hi.po vlc.pot -o hi.new.po
........................................................................................................................................................................................................................................................................................................................................................................................................................................................................................................................................................................................................................................................................................................................................................................................................................................................................................................................................................................................................................................................................................................................................................................................................................................................................................................................................................................................................................................................................................................................................................................................................................................................................................................................................................................................................................................................................................................................................................................................................................................ done.
...............................................hr:
cd /Users/cam/Documents/Projects/ultima-iv-web/vlc-thumbs/work/upstream/vlc-master-story005-reproduction/extras/package/macosx/../../../po && /Users/cam/Documents/Projects/ultima-iv-web/vlc-thumbs/work/upstream/vlc-master-story005-reproduction/extras/tools/build/bin/msgmerge  --lang=hr --previous hr.po vlc.pot -o hr.new.po
............................................................................................................................................................................................................................................................................................................................................................................................................................................................................................................................................................................................................................................................................................................................................................................................................................................................................................................................................................................................................................................................................................................................................................................................................................................................................................................................................................................................................................................................................................................................................................ done.
........................................................................hu:
cd /Users/cam/Documents/Projects/ultima-iv-web/vlc-thumbs/work/upstream/vlc-master-story005-reproduction/extras/package/macosx/../../../po && /Users/cam/Documents/Projects/ultima-iv-web/vlc-thumbs/work/upstream/vlc-master-story005-reproduction/extras/tools/build/bin/msgmerge  --lang=hu --previous hu.po vlc.pot -o hu.new.po
.......................................................................................................................................................................................................................................................................................................................................................................................................................................................................................................................................................................................................................................................................................................................................................................................................................................................................................................................................................................................................................................................................................................................................................................................................................................................................................................................................................................................................................................................................................................................................................................................................................................................................................................................................................................................................................... done.
.....................hy:
cd /Users/cam/Documents/Projects/ultima-iv-web/vlc-thumbs/work/upstream/vlc-master-story005-reproduction/extras/package/macosx/../../../po && /Users/cam/Documents/Projects/ultima-iv-web/vlc-thumbs/work/upstream/vlc-master-story005-reproduction/extras/tools/build/bin/msgmerge  --lang=hy --previous hy.po vlc.pot -o hy.new.po
.......................................................................................................................................................................................................................................................................................................................................................................................................................................................................................................................................................................................................................................................................................................................................................................................................................................................................................................................................................................................................................................................................................................................................................................................................................................................................................................................................................................................... done.
..............................................................................................................................ia:
cd /Users/cam/Documents/Projects/ultima-iv-web/vlc-thumbs/work/upstream/vlc-master-story005-reproduction/extras/package/macosx/../../../po && /Users/cam/Documents/Projects/ultima-iv-web/vlc-thumbs/work/upstream/vlc-master-story005-reproduction/extras/tools/build/bin/msgmerge  --lang=ia --previous ia.po vlc.pot -o ia.new.po
........................................................................................................................................................................................................................................................................................................................................................................................................................................................................................................................................................................................................................................................................................................................................................................................................................................................................................................................................................................................................................................................................................................................................................................................ done.
...............................id:
cd /Users/cam/Documents/Projects/ultima-iv-web/vlc-thumbs/work/upstream/vlc-master-story005-reproduction/extras/package/macosx/../../../po && /Users/cam/Documents/Projects/ultima-iv-web/vlc-thumbs/work/upstream/vlc-master-story005-reproduction/extras/tools/build/bin/msgmerge  --lang=id --previous id.po vlc.pot -o id.new.po
.................................................................................................................................................................................................................................................................................................................................................................................................................................................................................................................................................................................................................................................................................................................................................................................................................................................................................................................................................................................................................................................................................................................................................................................................................................................................................................................................................................................................................................................................................................................................................................................................................................................................................................................................................................................... done.
............................................................is:
cd /Users/cam/Documents/Projects/ultima-iv-web/vlc-thumbs/work/upstream/vlc-master-story005-reproduction/extras/package/macosx/../../../po && /Users/cam/Documents/Projects/ultima-iv-web/vlc-thumbs/work/upstream/vlc-master-story005-reproduction/extras/tools/build/bin/msgmerge  --lang=is --previous is.po vlc.pot -o is.new.po
..................................................................................................................................................................................................................................................................................................................................................................................................................................................................................................................................................................................................................................................................................................................................................................................................................................................................................................................................................................................................................................... done.
.............................................................................................it:
cd /Users/cam/Documents/Projects/ultima-iv-web/vlc-thumbs/work/upstream/vlc-master-story005-reproduction/extras/package/macosx/../../../po && /Users/cam/Documents/Projects/ultima-iv-web/vlc-thumbs/work/upstream/vlc-master-story005-reproduction/extras/tools/build/bin/msgmerge  --lang=it --previous it.po vlc.pot -o it.new.po
................................................................................................................................................................................................................................................................................................................................................................................................................................................................................................................................................................................................................................................................................................................................................................................................................................................................................................................................................................................................................................................................................................................................................................................................................................................................................................................................................................................................................................. done.
.......................................................................................................................................................................................................................................................ja:
cd /Users/cam/Documents/Projects/ultima-iv-web/vlc-thumbs/work/upstream/vlc-master-story005-reproduction/extras/package/macosx/../../../po && /Users/cam/Documents/Projects/ultima-iv-web/vlc-thumbs/work/upstream/vlc-master-story005-reproduction/extras/tools/build/bin/msgmerge  --lang=ja --previous ja.po vlc.pot -o ja.new.po
.................................................................................................................................................................................................................................................................................................................................................................................................................................................................................................................................................................................................................................................................................................................................................................................................................................................................................................................................................................................................................................................................................................................................................... done.
..................................ka:
..cd /Users/cam/Documents/Projects/ultima-iv-web/vlc-thumbs/work/upstream/vlc-master-story005-reproduction/extras/package/macosx/../../../po && /Users/cam/Documents/Projects/ultima-iv-web/vlc-thumbs/work/upstream/vlc-master-story005-reproduction/extras/tools/build/bin/msgmerge  --lang=ka --previous ka.po vlc.pot -o ka.new.po
................................................................................................................................................................................................................................................................................................................................................................................................................................................................................................................................................................................................................................................................................................................................................................................................................................................................................................................................................................................................................................................................................................................................................................................................................................................................................................................................................................................................................................................................................................................................................................................................................................................................................................................................................................................................................................................................................................................................................................................................................................................................................................................................................................................................ done.
............................................................................................................................................................................................................................................................................................................................................................................................................................................................................................................................................................................................................................................................................................................................................................................................................................................................................................................................................ done.
.......................kk:
cd /Users/cam/Documents/Projects/ultima-iv-web/vlc-thumbs/work/upstream/vlc-master-story005-reproduction/extras/package/macosx/../../../po && /Users/cam/Documents/Projects/ultima-iv-web/vlc-thumbs/work/upstream/vlc-master-story005-reproduction/extras/tools/build/bin/msgmerge  --lang=kk --previous kk.po vlc.pot -o kk.new.po
.....................................................km:
cd /Users/cam/Documents/Projects/ultima-iv-web/vlc-thumbs/work/upstream/vlc-master-story005-reproduction/extras/package/macosx/../../../po && /Users/cam/Documents/Projects/ultima-iv-web/vlc-thumbs/work/upstream/vlc-master-story005-reproduction/extras/tools/build/bin/msgmerge  --lang=km --previous km.po vlc.pot -o km.new.po
..................................................................................................................................................................................................................................................................................................................................................................................................................................................................................................................................................................................................................................................................................................................................................................................................................................................................................................................................................................................................................................................................................................................................................................................................................................................................................................................................................................................................................................................................................................................................................................................................................................................................................................................................................................................................................................................................................................................................................................... done.
.........kn:
cd /Users/cam/Documents/Projects/ultima-iv-web/vlc-thumbs/work/upstream/vlc-master-story005-reproduction/extras/package/macosx/../../../po && /Users/cam/Documents/Projects/ultima-iv-web/vlc-thumbs/work/upstream/vlc-master-story005-reproduction/extras/tools/build/bin/msgmerge  --lang=kn --previous kn.po vlc.pot -o kn.new.po
........................................................................................................................................................................................................................................................................................................................................................................................................................................................................................................................................................................................................................................................................................................................................................................................................................................................................................................................................................................................................................................................................................................................................................................................................................................................................................................................................................................................................................................................................................................................................................................................................................................................................................................................................................................................................................................ done.
....................................................................................................................................................................................................................................................................................................................................................................................................................................................................................................................................................................................................................................................................................................................................................................................................................................................................................................................................................................................................................................... done.
.....................ko:
cd /Users/cam/Documents/Projects/ultima-iv-web/vlc-thumbs/work/upstream/vlc-master-story005-reproduction/extras/package/macosx/../../../po && /Users/cam/Documents/Projects/ultima-iv-web/vlc-thumbs/work/upstream/vlc-master-story005-reproduction/extras/tools/build/bin/msgmerge  --lang=ko --previous ko.po vlc.pot -o ko.new.po
........................ks_IN:
cd /Users/cam/Documents/Projects/ultima-iv-web/vlc-thumbs/work/upstream/vlc-master-story005-reproduction/extras/package/macosx/../../../po && /Users/cam/Documents/Projects/ultima-iv-web/vlc-thumbs/work/upstream/vlc-master-story005-reproduction/extras/tools/build/bin/msgmerge  --lang=ks_IN --previous ks_IN.po vlc.pot -o ks_IN.new.po
.......................................................................................................................................................................................................................................................................................................................................................................................................................................................................................................................................................................................................................................................................................................................................................................................................................................................................................................................................................................................................................................................................................................................................................................................................................................................................................................................................................................................................................................................................................................................................................................................................................................................................................................................................................................................................................................................................................................................................................................................................................................................................................................................................................................................................................................................................................................................................... done.
......................................................................................................................................................ky:
cd /Users/cam/Documents/Projects/ultima-iv-web/vlc-thumbs/work/upstream/vlc-master-story005-reproduction/extras/package/macosx/../../../po && /Users/cam/Documents/Projects/ultima-iv-web/vlc-thumbs/work/upstream/vlc-master-story005-reproduction/extras/tools/build/bin/msgmerge  --lang=ky --previous ky.po vlc.pot -o ky.new.po
.............................................................................................................................................................................................................................................................................................................................................................................................................................................................................................................................................................................................................................................................................................................................................................................................................................................................................................................................................................................................................................................................................................................................................................................................................................................................................................................................................................................................................................................................................................................................................................................................................................................................................................................................. done.
......................................................................................................................................................................................................................................................................................................................................................................................................................................................................................................................................... done.
....................................................................lg:
cd /Users/cam/Documents/Projects/ultima-iv-web/vlc-thumbs/work/upstream/vlc-master-story005-reproduction/extras/package/macosx/../../../po && /Users/cam/Documents/Projects/ultima-iv-web/vlc-thumbs/work/upstream/vlc-master-story005-reproduction/extras/tools/build/bin/msgmerge  --lang=lg --previous lg.po vlc.pot -o lg.new.po
...............lt:
cd /Users/cam/Documents/Projects/ultima-iv-web/vlc-thumbs/work/upstream/vlc-master-story005-reproduction/extras/package/macosx/../../../po && /Users/cam/Documents/Projects/ultima-iv-web/vlc-thumbs/work/upstream/vlc-master-story005-reproduction/extras/tools/build/bin/msgmerge  --lang=lt --previous lt.po vlc.pot -o lt.new.po
............................................................................................................................................................................................................................................................................................................................................................................................................................................................................................................................................................................................................................................................................................................................................................................................................................................................................................................................................................................................................................................................................................................................................................................................................................................................................................................................................................................................................................................................................................................................................................................................................................................................................................ done.
........................................................lv:
cd /Users/cam/Documents/Projects/ultima-iv-web/vlc-thumbs/work/upstream/vlc-master-story005-reproduction/extras/package/macosx/../../../po && /Users/cam/Documents/Projects/ultima-iv-web/vlc-thumbs/work/upstream/vlc-master-story005-reproduction/extras/tools/build/bin/msgmerge  --lang=lv --previous lv.po vlc.pot -o lv.new.po
................................................................................................................................................................................................................................................................................................................................................................................................................................................................................................................................................................................................................................................................................................................................................................................................................................................................................................................................................................................................................................................................................................................................................................................................................................................................................. done.
..................................................mai:
cd /Users/cam/Documents/Projects/ultima-iv-web/vlc-thumbs/work/upstream/vlc-master-story005-reproduction/extras/package/macosx/../../../po && /Users/cam/Documents/Projects/ultima-iv-web/vlc-thumbs/work/upstream/vlc-master-story005-reproduction/extras/tools/build/bin/msgmerge  --lang=mai --previous mai.po vlc.pot -o mai.new.po
........................................................................................................................................................................................................................................................................................................................................................................................................................................................................................................................................................................................................................................................................................................................................................................................................................................................................................................................................................................................................................................................................................................................................................................................................................................................................................................................................................................................................................................................................................................................................................................................................................................................................................................................................... done.
.............................................................................mk:
cd /Users/cam/Documents/Projects/ultima-iv-web/vlc-thumbs/work/upstream/vlc-master-story005-reproduction/extras/package/macosx/../../../po && /Users/cam/Documents/Projects/ultima-iv-web/vlc-thumbs/work/upstream/vlc-master-story005-reproduction/extras/tools/build/bin/msgmerge  --lang=mk --previous mk.po vlc.pot -o mk.new.po
.................................................................................................................................................................................................................................................................................................................................................................................................................................................................................................................................................................................................................................................................................................................................................................................................................................................................................................................................................................................................................................................................................................................................................. done.
........................................................................ml:
cd /Users/cam/Documents/Projects/ultima-iv-web/vlc-thumbs/work/upstream/vlc-master-story005-reproduction/extras/package/macosx/../../../po && /Users/cam/Documents/Projects/ultima-iv-web/vlc-thumbs/work/upstream/vlc-master-story005-reproduction/extras/tools/build/bin/msgmerge  --lang=ml --previous ml.po vlc.pot -o ml.new.po
............................................................................................................................................................................................................................................................................................................................................................................................................................................................................................................................................................................................................................................................................................................................................................................................................................................................................................................................................................................................................................................................................................................................................................................................... done.
...................................................................................................................................mn:
cd /Users/cam/Documents/Projects/ultima-iv-web/vlc-thumbs/work/upstream/vlc-master-story005-reproduction/extras/package/macosx/../../../po && /Users/cam/Documents/Projects/ultima-iv-web/vlc-thumbs/work/upstream/vlc-master-story005-reproduction/extras/tools/build/bin/msgmerge  --lang=mn --previous mn.po vlc.pot -o mn.new.po
........................................................................................................................................................................................................................................................................................................................................................................................................................................................................................................................................................................................................................................................................................................................................................................................................................................................................................................................................................................................................................................................................................................................................................................................................................................................................................................................................................................................................................................................................................................................................... done.
..............................................mr:
cd /Users/cam/Documents/Projects/ultima-iv-web/vlc-thumbs/work/upstream/vlc-master-story005-reproduction/extras/package/macosx/../../../po && /Users/cam/Documents/Projects/ultima-iv-web/vlc-thumbs/work/upstream/vlc-master-story005-reproduction/extras/tools/build/bin/msgmerge  --lang=mr --previous mr.po vlc.pot -o mr.new.po
......................................................................................................................................................................................................................................................................................................................................................................................................................................................................................................................................................................................................................................................................................................................................................................................................................................................................................................................................................................................................................................................................................................................................................................................................................................................................................................................................................................................................................................................... done.
............................................................................................................................................................ms:
cd /Users/cam/Documents/Projects/ultima-iv-web/vlc-thumbs/work/upstream/vlc-master-story005-reproduction/extras/package/macosx/../../../po && /Users/cam/Documents/Projects/ultima-iv-web/vlc-thumbs/work/upstream/vlc-master-story005-reproduction/extras/tools/build/bin/msgmerge  --lang=ms --previous ms.po vlc.pot -o ms.new.po
.............................................................................................................................................................................................................................................................................................................................................................................................................................................................................................................................................................................................................................................................................................................................................................................................................................................................................................................................................................................................................................................................................................................................................................................................................................................................................................................................................. done.
...............................................my:
cd /Users/cam/Documents/Projects/ultima-iv-web/vlc-thumbs/work/upstream/vlc-master-story005-reproduction/extras/package/macosx/../../../po && /Users/cam/Documents/Projects/ultima-iv-web/vlc-thumbs/work/upstream/vlc-master-story005-reproduction/extras/tools/build/bin/msgmerge  --lang=my --previous my.po vlc.pot -o my.new.po
........................................................................................................................................................................................................................................................................................................................................................................................................................................................................................................................................................................................................................................................................................................................................................................................................................................................................................................................................................................................................................................................................................ done.
............................................................................................................................nb:
cd /Users/cam/Documents/Projects/ultima-iv-web/vlc-thumbs/work/upstream/vlc-master-story005-reproduction/extras/package/macosx/../../../po && /Users/cam/Documents/Projects/ultima-iv-web/vlc-thumbs/work/upstream/vlc-master-story005-reproduction/extras/tools/build/bin/msgmerge  --lang=nb --previous nb.po vlc.pot -o nb.new.po
................................................................................................................................................................................................................................................................................................................................................................................................................................................................................................................................................................................................................................................................................................................................................................................................................................................................................................................................................................................................................................................................................................................................................................................................................................................................................................................................................................................................................................................................................................................................... done.
...............................................................................................................ne:
cd /Users/cam/Documents/Projects/ultima-iv-web/vlc-thumbs/work/upstream/vlc-master-story005-reproduction/extras/package/macosx/../../../po && /Users/cam/Documents/Projects/ultima-iv-web/vlc-thumbs/work/upstream/vlc-master-story005-reproduction/extras/tools/build/bin/msgmerge  --lang=ne --previous ne.po vlc.pot -o ne.new.po
........................................................................................................................................................................................................................................................................................................................................................................................................................................................................................................................................................................................................................................................................................................................................................................................................................................................................................................................................................................................................................................................................................................................................................................................................................................................................................................................................................................................................................................................................................................................................................................................................................................................... done.
...............................................................................................................................................................................................nl:
cd /Users/cam/Documents/Projects/ultima-iv-web/vlc-thumbs/work/upstream/vlc-master-story005-reproduction/extras/package/macosx/../../../po && /Users/cam/Documents/Projects/ultima-iv-web/vlc-thumbs/work/upstream/vlc-master-story005-reproduction/extras/tools/build/bin/msgmerge  --lang=nl --previous nl.po vlc.pot -o nl.new.po
............................................................................................................................................................................................................................................................................................................................................................................................................................................................................................................................................................................................................................................................................................................................................................................................................................................................................................................................................................................................................................................................................................................................................................................................................................................................................................................................................................................................................................................................................................................................................................................................................................................................................................................................................................................................................................................................................................................................................................................ done.
................................................................nn:
cd /Users/cam/Documents/Projects/ultima-iv-web/vlc-thumbs/work/upstream/vlc-master-story005-reproduction/extras/package/macosx/../../../po && /Users/cam/Documents/Projects/ultima-iv-web/vlc-thumbs/work/upstream/vlc-master-story005-reproduction/extras/tools/build/bin/msgmerge  --lang=nn --previous nn.po vlc.pot -o nn.new.po
............................................................................................................................................................................................................................................................................................................................................................................................................................................................................................................................................................................................................................................................................................................................................................................................................................................................................................................................................................................................................................................................................................................................................................................................................................................................................................................................................... done.
.......................................................................oc:
cd /Users/cam/Documents/Projects/ultima-iv-web/vlc-thumbs/work/upstream/vlc-master-story005-reproduction/extras/package/macosx/../../../po && /Users/cam/Documents/Projects/ultima-iv-web/vlc-thumbs/work/upstream/vlc-master-story005-reproduction/extras/tools/build/bin/msgmerge  --lang=oc --previous oc.po vlc.pot -o oc.new.po
................................................................................................................................................................................................................................................................................................................................................................................................................................................................................................................................................................................................................................................................................................................................................................................................................................................................................................................................................................................................................................ done.
...................................................................or:
cd /Users/cam/Documents/Projects/ultima-iv-web/vlc-thumbs/work/upstream/vlc-master-story005-reproduction/extras/package/macosx/../../../po && /Users/cam/Documents/Projects/ultima-iv-web/vlc-thumbs/work/upstream/vlc-master-story005-reproduction/extras/tools/build/bin/msgmerge  --lang=or --previous or.po vlc.pot -o or.new.po
.................................................................................................................................................................................................................................................................................................................................................................................................................................................................................................................................................................................................................................................................................................................................................................................................................................................................................................................................................................................................................................................................................................................................................... done.
..........................................................pa:
cd /Users/cam/Documents/Projects/ultima-iv-web/vlc-thumbs/work/upstream/vlc-master-story005-reproduction/extras/package/macosx/../../../po && /Users/cam/Documents/Projects/ultima-iv-web/vlc-thumbs/work/upstream/vlc-master-story005-reproduction/extras/tools/build/bin/msgmerge  --lang=pa --previous pa.po vlc.pot -o pa.new.po
...................................................................................................................................................................................................................................................................................................................................................................................................................................................................................................................................................................................................................................................................................................................................................................................................................................................................................................................................................................................................................................................................................................................................................................................................................................................................................................................................................................................................................................................................................................................................................................................................................................................................................................................................................................................................................................................................................................................................................................................................................................................................................... done.
.........................................................pl:
cd /Users/cam/Documents/Projects/ultima-iv-web/vlc-thumbs/work/upstream/vlc-master-story005-reproduction/extras/package/macosx/../../../po && /Users/cam/Documents/Projects/ultima-iv-web/vlc-thumbs/work/upstream/vlc-master-story005-reproduction/extras/tools/build/bin/msgmerge  --lang=pl --previous pl.po vlc.pot -o pl.new.po
................................................................................................................................................................................................................................................................................................................................................................................................................................................................................................................................................................................................................................................................................................................................................................................................................................................................................................................................................................................................................................................................................................................................................................................................................................................................................................................................................................................................... done.
.................................................................................................................................................................................................................................................................................................................................................................................................................................................................................................................................................................................................................................................................................................................................................................................................................................................................................................................................................................................................................................. done.
...............................ps:
cd /Users/cam/Documents/Projects/ultima-iv-web/vlc-thumbs/work/upstream/vlc-master-story005-reproduction/extras/package/macosx/../../../po && /Users/cam/Documents/Projects/ultima-iv-web/vlc-thumbs/work/upstream/vlc-master-story005-reproduction/extras/tools/build/bin/msgmerge  --lang=ps --previous ps.po vlc.pot -o ps.new.po
..............pt_BR:
..cd /Users/cam/Documents/Projects/ultima-iv-web/vlc-thumbs/work/upstream/vlc-master-story005-reproduction/extras/package/macosx/../../../po && /Users/cam/Documents/Projects/ultima-iv-web/vlc-thumbs/work/upstream/vlc-master-story005-reproduction/extras/tools/build/bin/msgmerge  --lang=pt_BR --previous pt_BR.po vlc.pot -o pt_BR.new.po
........................................................................................................................................................................................................................................................................................................................................................................................................................................................................................................................................................................................................................................................................................................................................................................................................................................................................................................................................................................................................................................................................................................................................................................................................................................................................................................................................................................................................................................................ done.
.........................................pt_PT:
cd /Users/cam/Documents/Projects/ultima-iv-web/vlc-thumbs/work/upstream/vlc-master-story005-reproduction/extras/package/macosx/../../../po && /Users/cam/Documents/Projects/ultima-iv-web/vlc-thumbs/work/upstream/vlc-master-story005-reproduction/extras/tools/build/bin/msgmerge  --lang=pt_PT --previous pt_PT.po vlc.pot -o pt_PT.new.po
........................................................................................................................................................................................................................................................................................................................................................................................................................................................................................................................................................................................................................................................................................................................................................................................................................................................................................................................................................................................................................................................................................................................................................................................................................................................................................................................................................................................................................................................................................................................................................................................................... done.
............................................................................................................................ro:
cd /Users/cam/Documents/Projects/ultima-iv-web/vlc-thumbs/work/upstream/vlc-master-story005-reproduction/extras/package/macosx/../../../po && /Users/cam/Documents/Projects/ultima-iv-web/vlc-thumbs/work/upstream/vlc-master-story005-reproduction/extras/tools/build/bin/msgmerge  --lang=ro --previous ro.po vlc.pot -o ro.new.po
........................................................................................................................................................................................................................................................................................................................................................................................................................................................................................................................................................................................................................................................................................................................................................................................................................................................................................................................................................................................................................................................................................................................................................................................................................................................................................................................................................................................................................................................................................................................................................................................................................................................................................................................................................................................................................................................................................................................................................................................................................................................................................................................................................................................................................................................................................................................................................................................................................................................................................................................................................................................................................................................................... done.
.......................................................ru:
cd /Users/cam/Documents/Projects/ultima-iv-web/vlc-thumbs/work/upstream/vlc-master-story005-reproduction/extras/package/macosx/../../../po && /Users/cam/Documents/Projects/ultima-iv-web/vlc-thumbs/work/upstream/vlc-master-story005-reproduction/extras/tools/build/bin/msgmerge  --lang=ru --previous ru.po vlc.pot -o ru.new.po
............................................................................................................................................................................................................................................................................................................................................................................................................................................................................................................................................................................................................................................................................................................................................................................................................................................................................................................................................................................................................................................................................................................................................................................................................................. done.
................................................................................................................................................................................................................................................................................................................................................................................................................................................................................................................................................................................................................................................................................................................................................................................................................................................................................................................................................................................................................................. done.
......................................si:
cd /Users/cam/Documents/Projects/ultima-iv-web/vlc-thumbs/work/upstream/vlc-master-story005-reproduction/extras/package/macosx/../../../po && /Users/cam/Documents/Projects/ultima-iv-web/vlc-thumbs/work/upstream/vlc-master-story005-reproduction/extras/tools/build/bin/msgmerge  --lang=si --previous si.po vlc.pot -o si.new.po
......................sk:
cd /Users/cam/Documents/Projects/ultima-iv-web/vlc-thumbs/work/upstream/vlc-master-story005-reproduction/extras/package/macosx/../../../po && /Users/cam/Documents/Projects/ultima-iv-web/vlc-thumbs/work/upstream/vlc-master-story005-reproduction/extras/tools/build/bin/msgmerge  --lang=sk --previous sk.po vlc.pot -o sk.new.po
................................................................................................................................................................................................................................................................................................................................................................................................................................................................................................................................................................................................................................................................................................................................................................................................................................................................................................................................................................................................................................................................................................................................................................................................................................................................................................................................................................................................................................................................. done.
.......................................................................................................................................................sl:
cd /Users/cam/Documents/Projects/ultima-iv-web/vlc-thumbs/work/upstream/vlc-master-story005-reproduction/extras/package/macosx/../../../po && /Users/cam/Documents/Projects/ultima-iv-web/vlc-thumbs/work/upstream/vlc-master-story005-reproduction/extras/tools/build/bin/msgmerge  --lang=sl --previous sl.po vlc.pot -o sl.new.po
.............................................................................................................................................................................................................................................................................................................................................................................................................................................................................................................................................................................................................................................................................................................................................................................................................................................................................................................................................................................................................................................................................................................................................................................................................................................................................................................................................................................. done.
..................................................................................sq:
cd /Users/cam/Documents/Projects/ultima-iv-web/vlc-thumbs/work/upstream/vlc-master-story005-reproduction/extras/package/macosx/../../../po && /Users/cam/Documents/Projects/ultima-iv-web/vlc-thumbs/work/upstream/vlc-master-story005-reproduction/extras/tools/build/bin/msgmerge  --lang=sq --previous sq.po vlc.pot -o sq.new.po
................................................................................................................................................................................................................................................................................................................................................................................................................................................................................................................................................................................................................................................................................................................................................................................................................................................................................................................................................................................................................................................................................................................................................................................................................................................................................................................................................................................................................................................................................................................................................................................................................................................................. done.
......................................................................................................................sr:
cd /Users/cam/Documents/Projects/ultima-iv-web/vlc-thumbs/work/upstream/vlc-master-story005-reproduction/extras/package/macosx/../../../po && /Users/cam/Documents/Projects/ultima-iv-web/vlc-thumbs/work/upstream/vlc-master-story005-reproduction/extras/tools/build/bin/msgmerge  --lang=sr --previous sr.po vlc.pot -o sr.new.po
.................................................................................................................................................................................................................................................................................................................................................................................................................................................................................................................................................................................................................................................................................................................................................................................................................................................................................................................................................................................................................................................................................................................................................................................................................................................................................................................................................................................................................................................................................................................................................................................................................................................................................................................................................................................................................................................................................................................................................................................................................................... done.
..........................................................................................sv:
cd /Users/cam/Documents/Projects/ultima-iv-web/vlc-thumbs/work/upstream/vlc-master-story005-reproduction/extras/package/macosx/../../../po && /Users/cam/Documents/Projects/ultima-iv-web/vlc-thumbs/work/upstream/vlc-master-story005-reproduction/extras/tools/build/bin/msgmerge  --lang=sv --previous sv.po vlc.pot -o sv.new.po
............................................................................................................................................................................................................................................................................................................................................................................................................................................................................................................................................................................................................................................................................................................................................................................................................................................................................................................................................................................................................................................................................................................................................................................................................................................................................................. done.
......................................................................................ta:
cd /Users/cam/Documents/Projects/ultima-iv-web/vlc-thumbs/work/upstream/vlc-master-story005-reproduction/extras/package/macosx/../../../po && /Users/cam/Documents/Projects/ultima-iv-web/vlc-thumbs/work/upstream/vlc-master-story005-reproduction/extras/tools/build/bin/msgmerge  --lang=ta --previous ta.po vlc.pot -o ta.new.po
..................................................................................................................................................................................................................................................................................................................................................................................................................................................................................................................................................................................................................................................................................................................................................................................................................................................................................................................................................................................................................................................................................................................................................................................................................................................................................................................................................................................................................................................................................................................................................................................................................... done.
....................................te:
cd /Users/cam/Documents/Projects/ultima-iv-web/vlc-thumbs/work/upstream/vlc-master-story005-reproduction/extras/package/macosx/../../../po && /Users/cam/Documents/Projects/ultima-iv-web/vlc-thumbs/work/upstream/vlc-master-story005-reproduction/extras/tools/build/bin/msgmerge  --lang=te --previous te.po vlc.pot -o te.new.po
.................................................................................................................................................................................................................................................................................................................................................................................................................................................................................................................................................................................................................................................................................................................................................................................................................................................................................................................................................................................................................................................................................................................................................................................................................................................................................................................................................................................................................................................................................................................................................................................................................................................................................................................................................................................... done.
................................................................................................................................................................................................................................................................................................................................................................................................................................................................................................................................................................................................................................................................................................................................................................................................................................................. done.
.........................................tet:
cd /Users/cam/Documents/Projects/ultima-iv-web/vlc-thumbs/work/upstream/vlc-master-story005-reproduction/extras/package/macosx/../../../po && /Users/cam/Documents/Projects/ultima-iv-web/vlc-thumbs/work/upstream/vlc-master-story005-reproduction/extras/tools/build/bin/msgmerge  --lang=tet --previous tet.po vlc.pot -o tet.new.po
...th:
cd /Users/cam/Documents/Projects/ultima-iv-web/vlc-thumbs/work/upstream/vlc-master-story005-reproduction/extras/package/macosx/../../../po && /Users/cam/Documents/Projects/ultima-iv-web/vlc-thumbs/work/upstream/vlc-master-story005-reproduction/extras/tools/build/bin/msgmerge  --lang=th --previous th.po vlc.pot -o th.new.po
...................................................................................................................................................................................................................................................................................................................................................................................................................................................................................................................................................................................................................................................................................................................................................................................................................................................................................................................................................................................................................................................................................................................................................................................................................................................................................................................................................................................................................................................................................................................................................................................................... done.
.............................................................................................................................................................................................................................................................................................................................................................................................................................................................................................................................................................................................................................................................................. done.
....................................................................................................................................tl:
cd /Users/cam/Documents/Projects/ultima-iv-web/vlc-thumbs/work/upstream/vlc-master-story005-reproduction/extras/package/macosx/../../../po && /Users/cam/Documents/Projects/ultima-iv-web/vlc-thumbs/work/upstream/vlc-master-story005-reproduction/extras/tools/build/bin/msgmerge  --lang=tl --previous tl.po vlc.pot -o tl.new.po
...............tr:
cd /Users/cam/Documents/Projects/ultima-iv-web/vlc-thumbs/work/upstream/vlc-master-story005-reproduction/extras/package/macosx/../../../po && /Users/cam/Documents/Projects/ultima-iv-web/vlc-thumbs/work/upstream/vlc-master-story005-reproduction/extras/tools/build/bin/msgmerge  --lang=tr --previous tr.po vlc.pot -o tr.new.po
......................................................................................................................................................................................................................................................................................................................................................................................................................................................................................................................................................................................................................................................................................................................................................................................................................................................................................................................................................................................................................................................................................................................................................................................................................................................................................................................................................................................................................................................................................................... done.
...........................................................................................................................ug:
cd /Users/cam/Documents/Projects/ultima-iv-web/vlc-thumbs/work/upstream/vlc-master-story005-reproduction/extras/package/macosx/../../../po && /Users/cam/Documents/Projects/ultima-iv-web/vlc-thumbs/work/upstream/vlc-master-story005-reproduction/extras/tools/build/bin/msgmerge  --lang=ug --previous ug.po vlc.pot -o ug.new.po
..................................................................................................................................................................................................................................................................................................................................................................................................................................................................................................................................................................................................................................................................................................................................................................................................................................................................................................................................................................................................................................................................................................................................................................................................................................................................................................................................................................................................................... done.
.................uk:
cd /Users/cam/Documents/Projects/ultima-iv-web/vlc-thumbs/work/upstream/vlc-master-story005-reproduction/extras/package/macosx/../../../po && /Users/cam/Documents/Projects/ultima-iv-web/vlc-thumbs/work/upstream/vlc-master-story005-reproduction/extras/tools/build/bin/msgmerge  --lang=uk --previous uk.po vlc.pot -o uk.new.po
............................................................................................................................................................................................................................................................................................................................................................................................................................................................................................................................................................................................................................................................................................................................................................................................................................................................................................................................................................................................................................................................................................................................. done.
..................................................................uz:
cd /Users/cam/Documents/Projects/ultima-iv-web/vlc-thumbs/work/upstream/vlc-master-story005-reproduction/extras/package/macosx/../../../po && /Users/cam/Documents/Projects/ultima-iv-web/vlc-thumbs/work/upstream/vlc-master-story005-reproduction/extras/tools/build/bin/msgmerge  --lang=uz --previous uz.po vlc.pot -o uz.new.po
........................................................................................................................................................................................................................................................................................................................................................................................................................................................................................................................................................................................................................................................................................................................................................................................................................................................................................................................................................................................................................................................................................................................................................................................................................................................................................................................................................................................................................................................................................................................ done.
.....................................vi:
cd /Users/cam/Documents/Projects/ultima-iv-web/vlc-thumbs/work/upstream/vlc-master-story005-reproduction/extras/package/macosx/../../../po && /Users/cam/Documents/Projects/ultima-iv-web/vlc-thumbs/work/upstream/vlc-master-story005-reproduction/extras/tools/build/bin/msgmerge  --lang=vi --previous vi.po vlc.pot -o vi.new.po
............................................................................................................................................................................................................................................................................................................................................................................................................................................................................................................................................................................................................................................................................................................................................................................................................................................................................................................................................................................................................................................................................ done.
....................................................wa:
cd /Users/cam/Documents/Projects/ultima-iv-web/vlc-thumbs/work/upstream/vlc-master-story005-reproduction/extras/package/macosx/../../../po && /Users/cam/Documents/Projects/ultima-iv-web/vlc-thumbs/work/upstream/vlc-master-story005-reproduction/extras/tools/build/bin/msgmerge  --lang=wa --previous wa.po vlc.pot -o wa.new.po
............................................................................................................................................................................................................................................................................................................................................................................................................................................................................................................................................................................................................................................................................................................................................................................................................................................................................................................................................................................................................................................................................................................................................................................................................................................................................................................................................................................................................................................................................................................................................................................................................................................................................................................................................................................................................................................................................................................................................................................................................................................................................................................................................................................................................................................................................................................................................................................................................................................................................................................................................................................................................................................................................................................................................................................ done.
................................................................................zh_CN:
cd /Users/cam/Documents/Projects/ultima-iv-web/vlc-thumbs/work/upstream/vlc-master-story005-reproduction/extras/package/macosx/../../../po && /Users/cam/Documents/Projects/ultima-iv-web/vlc-thumbs/work/upstream/vlc-master-story005-reproduction/extras/tools/build/bin/msgmerge  --lang=zh_CN --previous zh_CN.po vlc.pot -o zh_CN.new.po
................................................................................................................................................................................................................................................................................................................................................................................................................................................................................................................................................................................................................................................................................................................................................................................................................................................................................................................................................................................................................................................................................................................................ done.
...................................zh_TW:
cd /Users/cam/Documents/Projects/ultima-iv-web/vlc-thumbs/work/upstream/vlc-master-story005-reproduction/extras/package/macosx/../../../po && /Users/cam/Documents/Projects/ultima-iv-web/vlc-thumbs/work/upstream/vlc-master-story005-reproduction/extras/tools/build/bin/msgmerge  --lang=zh_TW --previous zh_TW.po vlc.pot -o zh_TW.new.po
................................................................................................................................................................................................................................................................................................................................................................................................................................................................................................................................................................................................................................................................................................................................................................................................................................................................................................................................................................................................................................................................... done.
....................................................................................................zu:
cd /Users/cam/Documents/Projects/ultima-iv-web/vlc-thumbs/work/upstream/vlc-master-story005-reproduction/extras/package/macosx/../../../po && /Users/cam/Documents/Projects/ultima-iv-web/vlc-thumbs/work/upstream/vlc-master-story005-reproduction/extras/tools/build/bin/msgmerge  --lang=zu --previous zu.po vlc.pot -o zu.new.po
.................................................................................................................................................................................................................................................................................................................................................................................................................................................................................................................................................................................................................................................................................................................................................................................................................................................................................................................................................................................................................................................................................................................................................................................................................................................................................................................................................................................................................................................................................................................................................................................................................................................................................................................................................................................................................................................................................................................................................................................................................................................... done.
...................................................................................................................................................................................................................................................................................................................................................................................................................................................................................................................................................................................................................................................................................................................................................... done.
.......................................................................................................................................................................................................................................................................................................................................................................................................................................................................................................................................................................................................................................................................................................................................................................................................................................................................................................................................................................................................................................................................................................................................................................................................................................................................................................................................................................................................................................................................................................................................................................................................................................................... done.
....................................................................................................................................................................................................................................................................................................................................................................................................................................................................................................................................................................................................................................................................................................................................................................................................................................................................................................................................................................................................................................................................................................................................................................................................................................................... done.
/Applications/Xcode.app/Contents/Developer/usr/bin/make update-gmo
cd /Users/cam/Documents/Projects/ultima-iv-web/vlc-thumbs/work/upstream/vlc-master-story005-reproduction/extras/package/macosx/../../../po && rm -f ach.gmo && /Users/cam/Documents/Projects/ultima-iv-web/vlc-thumbs/work/upstream/vlc-master-story005-reproduction/extras/tools/build/bin/msgmerge --for-msgfmt -o ach.1po ach.po vlc.pot && /Users/cam/Documents/Projects/ultima-iv-web/vlc-thumbs/work/upstream/vlc-master-story005-reproduction/extras/tools/build/bin/msgfmt -c --statistics --verbose -o ach.gmo ach.1po && rm -f ach.1po
cd /Users/cam/Documents/Projects/ultima-iv-web/vlc-thumbs/work/upstream/vlc-master-story005-reproduction/extras/package/macosx/../../../po && rm -f af.gmo && /Users/cam/Documents/Projects/ultima-iv-web/vlc-thumbs/work/upstream/vlc-master-story005-reproduction/extras/tools/build/bin/msgmerge --for-msgfmt -o af.1po af.po vlc.pot && /Users/cam/Documents/Projects/ultima-iv-web/vlc-thumbs/work/upstream/vlc-master-story005-reproduction/extras/tools/build/bin/msgfmt -c --statistics --verbose -o af.gmo af.1po && rm -f af.1po
cd /Users/cam/Documents/Projects/ultima-iv-web/vlc-thumbs/work/upstream/vlc-master-story005-reproduction/extras/package/macosx/../../../po && rm -f am.gmo && /Users/cam/Documents/Projects/ultima-iv-web/vlc-thumbs/work/upstream/vlc-master-story005-reproduction/extras/tools/build/bin/msgmerge --for-msgfmt -o am.1po am.po vlc.pot && /Users/cam/Documents/Projects/ultima-iv-web/vlc-thumbs/work/upstream/vlc-master-story005-reproduction/extras/tools/build/bin/msgfmt -c --statistics --verbose -o am.gmo am.1po && rm -f am.1po
cd /Users/cam/Documents/Projects/ultima-iv-web/vlc-thumbs/work/upstream/vlc-master-story005-reproduction/extras/package/macosx/../../../po && rm -f an.gmo && /Users/cam/Documents/Projects/ultima-iv-web/vlc-thumbs/work/upstream/vlc-master-story005-reproduction/extras/tools/build/bin/msgmerge --for-msgfmt -o an.1po an.po vlc.pot && /Users/cam/Documents/Projects/ultima-iv-web/vlc-thumbs/work/upstream/vlc-master-story005-reproduction/extras/tools/build/bin/msgfmt -c --statistics --verbose -o an.gmo an.1po && rm -f an.1po
am.1po: 664 translated messages.
ach.1po: 659 translated messages.
af.1po: 1381 translated messages.
an.1po: 3642 translated messages.
cd /Users/cam/Documents/Projects/ultima-iv-web/vlc-thumbs/work/upstream/vlc-master-story005-reproduction/extras/package/macosx/../../../po && rm -f ast.gmo && /Users/cam/Documents/Projects/ultima-iv-web/vlc-thumbs/work/upstream/vlc-master-story005-reproduction/extras/tools/build/bin/msgmerge --for-msgfmt -o ast.1po ast.po vlc.pot && /Users/cam/Documents/Projects/ultima-iv-web/vlc-thumbs/work/upstream/vlc-master-story005-reproduction/extras/tools/build/bin/msgfmt -c --statistics --verbose -o ast.gmo ast.1po && rm -f ast.1po
cd /Users/cam/Documents/Projects/ultima-iv-web/vlc-thumbs/work/upstream/vlc-master-story005-reproduction/extras/package/macosx/../../../po && rm -f ar.gmo && /Users/cam/Documents/Projects/ultima-iv-web/vlc-thumbs/work/upstream/vlc-master-story005-reproduction/extras/tools/build/bin/msgmerge --for-msgfmt -o ar.1po ar.po vlc.pot && /Users/cam/Documents/Projects/ultima-iv-web/vlc-thumbs/work/upstream/vlc-master-story005-reproduction/extras/tools/build/bin/msgfmt -c --statistics --verbose -o ar.gmo ar.1po && rm -f ar.1po
cd /Users/cam/Documents/Projects/ultima-iv-web/vlc-thumbs/work/upstream/vlc-master-story005-reproduction/extras/package/macosx/../../../po && rm -f as.gmo && /Users/cam/Documents/Projects/ultima-iv-web/vlc-thumbs/work/upstream/vlc-master-story005-reproduction/extras/tools/build/bin/msgmerge --for-msgfmt -o as.1po as.po vlc.pot && /Users/cam/Documents/Projects/ultima-iv-web/vlc-thumbs/work/upstream/vlc-master-story005-reproduction/extras/tools/build/bin/msgfmt -c --statistics --verbose -o as.gmo as.1po && rm -f as.1po
cd /Users/cam/Documents/Projects/ultima-iv-web/vlc-thumbs/work/upstream/vlc-master-story005-reproduction/extras/package/macosx/../../../po && rm -f az.gmo && /Users/cam/Documents/Projects/ultima-iv-web/vlc-thumbs/work/upstream/vlc-master-story005-reproduction/extras/tools/build/bin/msgmerge --for-msgfmt -o az.1po az.po vlc.pot && /Users/cam/Documents/Projects/ultima-iv-web/vlc-thumbs/work/upstream/vlc-master-story005-reproduction/extras/tools/build/bin/msgfmt -c --statistics --verbose -o az.gmo az.1po && rm -f az.1po
az.1po: 133 translated messages.
ar.1po: 2706 translated messages.
ast.1po: 3740 translated messages.
cd /Users/cam/Documents/Projects/ultima-iv-web/vlc-thumbs/work/upstream/vlc-master-story005-reproduction/extras/package/macosx/../../../po && rm -f be.gmo && /Users/cam/Documents/Projects/ultima-iv-web/vlc-thumbs/work/upstream/vlc-master-story005-reproduction/extras/tools/build/bin/msgmerge --for-msgfmt -o be.1po be.po vlc.pot && /Users/cam/Documents/Projects/ultima-iv-web/vlc-thumbs/work/upstream/vlc-master-story005-reproduction/extras/tools/build/bin/msgfmt -c --statistics --verbose -o be.gmo be.1po && rm -f be.1po
cd /Users/cam/Documents/Projects/ultima-iv-web/vlc-thumbs/work/upstream/vlc-master-story005-reproduction/extras/package/macosx/../../../po && rm -f bg.gmo && /Users/cam/Documents/Projects/ultima-iv-web/vlc-thumbs/work/upstream/vlc-master-story005-reproduction/extras/tools/build/bin/msgmerge --for-msgfmt -o bg.1po bg.po vlc.pot && /Users/cam/Documents/Projects/ultima-iv-web/vlc-thumbs/work/upstream/vlc-master-story005-reproduction/extras/tools/build/bin/msgfmt -c --statistics --verbose -o bg.gmo bg.1po && rm -f bg.1po
cd /Users/cam/Documents/Projects/ultima-iv-web/vlc-thumbs/work/upstream/vlc-master-story005-reproduction/extras/package/macosx/../../../po && rm -f bn_IN.gmo && /Users/cam/Documents/Projects/ultima-iv-web/vlc-thumbs/work/upstream/vlc-master-story005-reproduction/extras/tools/build/bin/msgmerge --for-msgfmt -o bn_IN.1po bn_IN.po vlc.pot && /Users/cam/Documents/Projects/ultima-iv-web/vlc-thumbs/work/upstream/vlc-master-story005-reproduction/extras/tools/build/bin/msgfmt -c --statistics --verbose -o bn_IN.gmo bn_IN.1po && rm -f bn_IN.1po
as.1po: 4605 translated messages.
cd /Users/cam/Documents/Projects/ultima-iv-web/vlc-thumbs/work/upstream/vlc-master-story005-reproduction/extras/package/macosx/../../../po && rm -f bn.gmo && /Users/cam/Documents/Projects/ultima-iv-web/vlc-thumbs/work/upstream/vlc-master-story005-reproduction/extras/tools/build/bin/msgmerge --for-msgfmt -o bn.1po bn.po vlc.pot && /Users/cam/Documents/Projects/ultima-iv-web/vlc-thumbs/work/upstream/vlc-master-story005-reproduction/extras/tools/build/bin/msgfmt -c --statistics --verbose -o bn.gmo bn.1po && rm -f bn.1po
be.1po: 4448 translated messages.
bg.1po: 3544 translated messages.
bn_IN.1po: 3835 translated messages.
cd /Users/cam/Documents/Projects/ultima-iv-web/vlc-thumbs/work/upstream/vlc-master-story005-reproduction/extras/package/macosx/../../../po && rm -f br.gmo && /Users/cam/Documents/Projects/ultima-iv-web/vlc-thumbs/work/upstream/vlc-master-story005-reproduction/extras/tools/build/bin/msgmerge --for-msgfmt -o br.1po br.po vlc.pot && /Users/cam/Documents/Projects/ultima-iv-web/vlc-thumbs/work/upstream/vlc-master-story005-reproduction/extras/tools/build/bin/msgfmt -c --statistics --verbose -o br.gmo br.1po && rm -f br.1po
cd /Users/cam/Documents/Projects/ultima-iv-web/vlc-thumbs/work/upstream/vlc-master-story005-reproduction/extras/package/macosx/../../../po && rm -f brx.gmo && /Users/cam/Documents/Projects/ultima-iv-web/vlc-thumbs/work/upstream/vlc-master-story005-reproduction/extras/tools/build/bin/msgmerge --for-msgfmt -o brx.1po brx.po vlc.pot && /Users/cam/Documents/Projects/ultima-iv-web/vlc-thumbs/work/upstream/vlc-master-story005-reproduction/extras/tools/build/bin/msgfmt -c --statistics --verbose -o brx.gmo brx.1po && rm -f brx.1po
cd /Users/cam/Documents/Projects/ultima-iv-web/vlc-thumbs/work/upstream/vlc-master-story005-reproduction/extras/package/macosx/../../../po && rm -f bs.gmo && /Users/cam/Documents/Projects/ultima-iv-web/vlc-thumbs/work/upstream/vlc-master-story005-reproduction/extras/tools/build/bin/msgmerge --for-msgfmt -o bs.1po bs.po vlc.pot && /Users/cam/Documents/Projects/ultima-iv-web/vlc-thumbs/work/upstream/vlc-master-story005-reproduction/extras/tools/build/bin/msgfmt -c --statistics --verbose -o bs.gmo bs.1po && rm -f bs.1po
bn.1po: 3333 translated messages.
cd /Users/cam/Documents/Projects/ultima-iv-web/vlc-thumbs/work/upstream/vlc-master-story005-reproduction/extras/package/macosx/../../../po && rm -f ca.gmo && /Users/cam/Documents/Projects/ultima-iv-web/vlc-thumbs/work/upstream/vlc-master-story005-reproduction/extras/tools/build/bin/msgmerge --for-msgfmt -o ca.1po ca.po vlc.pot && /Users/cam/Documents/Projects/ultima-iv-web/vlc-thumbs/work/upstream/vlc-master-story005-reproduction/extras/tools/build/bin/msgfmt -c --statistics --verbose -o ca.gmo ca.1po && rm -f ca.1po
br.1po: 1316 translated messages.
bs.1po: 1958 translated messages.
cd /Users/cam/Documents/Projects/ultima-iv-web/vlc-thumbs/work/upstream/vlc-master-story005-reproduction/extras/package/macosx/../../../po && rm -f cgg.gmo && /Users/cam/Documents/Projects/ultima-iv-web/vlc-thumbs/work/upstream/vlc-master-story005-reproduction/extras/tools/build/bin/msgmerge --for-msgfmt -o cgg.1po cgg.po vlc.pot && /Users/cam/Documents/Projects/ultima-iv-web/vlc-thumbs/work/upstream/vlc-master-story005-reproduction/extras/tools/build/bin/msgfmt -c --statistics --verbose -o cgg.gmo cgg.1po && rm -f cgg.1po
cd /Users/cam/Documents/Projects/ultima-iv-web/vlc-thumbs/work/upstream/vlc-master-story005-reproduction/extras/package/macosx/../../../po && rm -f ckb.gmo && /Users/cam/Documents/Projects/ultima-iv-web/vlc-thumbs/work/upstream/vlc-master-story005-reproduction/extras/tools/build/bin/msgmerge --for-msgfmt -o ckb.1po ckb.po vlc.pot && /Users/cam/Documents/Projects/ultima-iv-web/vlc-thumbs/work/upstream/vlc-master-story005-reproduction/extras/tools/build/bin/msgfmt -c --statistics --verbose -o ckb.gmo ckb.1po && rm -f ckb.1po
brx.1po: 4609 translated messages.
cd /Users/cam/Documents/Projects/ultima-iv-web/vlc-thumbs/work/upstream/vlc-master-story005-reproduction/extras/package/macosx/../../../po && rm -f co.gmo && /Users/cam/Documents/Projects/ultima-iv-web/vlc-thumbs/work/upstream/vlc-master-story005-reproduction/extras/tools/build/bin/msgmerge --for-msgfmt -o co.1po co.po vlc.pot && /Users/cam/Documents/Projects/ultima-iv-web/vlc-thumbs/work/upstream/vlc-master-story005-reproduction/extras/tools/build/bin/msgfmt -c --statistics --verbose -o co.gmo co.1po && rm -f co.1po
ca.1po: 4520 translated messages.
cgg.1po: 505 translated messages.
ckb.1po: 950 translated messages.
cd /Users/cam/Documents/Projects/ultima-iv-web/vlc-thumbs/work/upstream/vlc-master-story005-reproduction/extras/package/macosx/../../../po && rm -f cs.gmo && /Users/cam/Documents/Projects/ultima-iv-web/vlc-thumbs/work/upstream/vlc-master-story005-reproduction/extras/tools/build/bin/msgmerge --for-msgfmt -o cs.1po cs.po vlc.pot && /Users/cam/Documents/Projects/ultima-iv-web/vlc-thumbs/work/upstream/vlc-master-story005-reproduction/extras/tools/build/bin/msgfmt -c --statistics --verbose -o cs.gmo cs.1po && rm -f cs.1po
cd /Users/cam/Documents/Projects/ultima-iv-web/vlc-thumbs/work/upstream/vlc-master-story005-reproduction/extras/package/macosx/../../../po && rm -f cy.gmo && /Users/cam/Documents/Projects/ultima-iv-web/vlc-thumbs/work/upstream/vlc-master-story005-reproduction/extras/tools/build/bin/msgmerge --for-msgfmt -o cy.1po cy.po vlc.pot && /Users/cam/Documents/Projects/ultima-iv-web/vlc-thumbs/work/upstream/vlc-master-story005-reproduction/extras/tools/build/bin/msgfmt -c --statistics --verbose -o cy.gmo cy.1po && rm -f cy.1po
cd /Users/cam/Documents/Projects/ultima-iv-web/vlc-thumbs/work/upstream/vlc-master-story005-reproduction/extras/package/macosx/../../../po && rm -f da.gmo && /Users/cam/Documents/Projects/ultima-iv-web/vlc-thumbs/work/upstream/vlc-master-story005-reproduction/extras/tools/build/bin/msgmerge --for-msgfmt -o da.1po da.po vlc.pot && /Users/cam/Documents/Projects/ultima-iv-web/vlc-thumbs/work/upstream/vlc-master-story005-reproduction/extras/tools/build/bin/msgfmt -c --statistics --verbose -o da.gmo da.1po && rm -f da.1po
co.1po: 1951 translated messages.
cd /Users/cam/Documents/Projects/ultima-iv-web/vlc-thumbs/work/upstream/vlc-master-story005-reproduction/extras/package/macosx/../../../po && rm -f de.gmo && /Users/cam/Documents/Projects/ultima-iv-web/vlc-thumbs/work/upstream/vlc-master-story005-reproduction/extras/tools/build/bin/msgmerge --for-msgfmt -o de.1po de.po vlc.pot && /Users/cam/Documents/Projects/ultima-iv-web/vlc-thumbs/work/upstream/vlc-master-story005-reproduction/extras/tools/build/bin/msgfmt -c --statistics --verbose -o de.gmo de.1po && rm -f de.1po
cs.1po: 2754 translated messages.
cy.1po: 3047 translated messages.
cd /Users/cam/Documents/Projects/ultima-iv-web/vlc-thumbs/work/upstream/vlc-master-story005-reproduction/extras/package/macosx/../../../po && rm -f en_GB.gmo && /Users/cam/Documents/Projects/ultima-iv-web/vlc-thumbs/work/upstream/vlc-master-story005-reproduction/extras/tools/build/bin/msgmerge --for-msgfmt -o en_GB.1po en_GB.po vlc.pot && /Users/cam/Documents/Projects/ultima-iv-web/vlc-thumbs/work/upstream/vlc-master-story005-reproduction/extras/tools/build/bin/msgfmt -c --statistics --verbose -o en_GB.gmo en_GB.1po && rm -f en_GB.1po
cd /Users/cam/Documents/Projects/ultima-iv-web/vlc-thumbs/work/upstream/vlc-master-story005-reproduction/extras/package/macosx/../../../po && rm -f el.gmo && /Users/cam/Documents/Projects/ultima-iv-web/vlc-thumbs/work/upstream/vlc-master-story005-reproduction/extras/tools/build/bin/msgmerge --for-msgfmt -o el.1po el.po vlc.pot && /Users/cam/Documents/Projects/ultima-iv-web/vlc-thumbs/work/upstream/vlc-master-story005-reproduction/extras/tools/build/bin/msgfmt -c --statistics --verbose -o el.gmo el.1po && rm -f el.1po
da.1po: 4653 translated messages.
cd /Users/cam/Documents/Projects/ultima-iv-web/vlc-thumbs/work/upstream/vlc-master-story005-reproduction/extras/package/macosx/../../../po && rm -f es.gmo && /Users/cam/Documents/Projects/ultima-iv-web/vlc-thumbs/work/upstream/vlc-master-story005-reproduction/extras/tools/build/bin/msgmerge --for-msgfmt -o es.1po es.po vlc.pot && /Users/cam/Documents/Projects/ultima-iv-web/vlc-thumbs/work/upstream/vlc-master-story005-reproduction/extras/tools/build/bin/msgfmt -c --statistics --verbose -o es.gmo es.1po && rm -f es.1po
en_GB.1po: 429 translated messages.
de.1po: 4664 translated messages.
cd /Users/cam/Documents/Projects/ultima-iv-web/vlc-thumbs/work/upstream/vlc-master-story005-reproduction/extras/package/macosx/../../../po && rm -f et.gmo && /Users/cam/Documents/Projects/ultima-iv-web/vlc-thumbs/work/upstream/vlc-master-story005-reproduction/extras/tools/build/bin/msgmerge --for-msgfmt -o et.1po et.po vlc.pot && /Users/cam/Documents/Projects/ultima-iv-web/vlc-thumbs/work/upstream/vlc-master-story005-reproduction/extras/tools/build/bin/msgfmt -c --statistics --verbose -o et.gmo et.1po && rm -f et.1po
cd /Users/cam/Documents/Projects/ultima-iv-web/vlc-thumbs/work/upstream/vlc-master-story005-reproduction/extras/package/macosx/../../../po && rm -f eu.gmo && /Users/cam/Documents/Projects/ultima-iv-web/vlc-thumbs/work/upstream/vlc-master-story005-reproduction/extras/tools/build/bin/msgmerge --for-msgfmt -o eu.1po eu.po vlc.pot && /Users/cam/Documents/Projects/ultima-iv-web/vlc-thumbs/work/upstream/vlc-master-story005-reproduction/extras/tools/build/bin/msgfmt -c --statistics --verbose -o eu.gmo eu.1po && rm -f eu.1po
el.1po: 4639 translated messages.
cd /Users/cam/Documents/Projects/ultima-iv-web/vlc-thumbs/work/upstream/vlc-master-story005-reproduction/extras/package/macosx/../../../po && rm -f fa.gmo && /Users/cam/Documents/Projects/ultima-iv-web/vlc-thumbs/work/upstream/vlc-master-story005-reproduction/extras/tools/build/bin/msgmerge --for-msgfmt -o fa.1po fa.po vlc.pot && /Users/cam/Documents/Projects/ultima-iv-web/vlc-thumbs/work/upstream/vlc-master-story005-reproduction/extras/tools/build/bin/msgfmt -c --statistics --verbose -o fa.gmo fa.1po && rm -f fa.1po
es.1po: 4656 translated messages.
et.1po: 4039 translated messages.
cd /Users/cam/Documents/Projects/ultima-iv-web/vlc-thumbs/work/upstream/vlc-master-story005-reproduction/extras/package/macosx/../../../po && rm -f ff.gmo && /Users/cam/Documents/Projects/ultima-iv-web/vlc-thumbs/work/upstream/vlc-master-story005-reproduction/extras/tools/build/bin/msgmerge --for-msgfmt -o ff.1po ff.po vlc.pot && /Users/cam/Documents/Projects/ultima-iv-web/vlc-thumbs/work/upstream/vlc-master-story005-reproduction/extras/tools/build/bin/msgfmt -c --statistics --verbose -o ff.gmo ff.1po && rm -f ff.1po
cd /Users/cam/Documents/Projects/ultima-iv-web/vlc-thumbs/work/upstream/vlc-master-story005-reproduction/extras/package/macosx/../../../po && rm -f fi.gmo && /Users/cam/Documents/Projects/ultima-iv-web/vlc-thumbs/work/upstream/vlc-master-story005-reproduction/extras/tools/build/bin/msgmerge --for-msgfmt -o fi.1po fi.po vlc.pot && /Users/cam/Documents/Projects/ultima-iv-web/vlc-thumbs/work/upstream/vlc-master-story005-reproduction/extras/tools/build/bin/msgfmt -c --statistics --verbose -o fi.gmo fi.1po && rm -f fi.1po
fa.1po: 1510 translated messages.
eu.1po: 4624 translated messages.
cd /Users/cam/Documents/Projects/ultima-iv-web/vlc-thumbs/work/upstream/vlc-master-story005-reproduction/extras/package/macosx/../../../po && rm -f fr.gmo && /Users/cam/Documents/Projects/ultima-iv-web/vlc-thumbs/work/upstream/vlc-master-story005-reproduction/extras/tools/build/bin/msgmerge --for-msgfmt -o fr.1po fr.po vlc.pot && /Users/cam/Documents/Projects/ultima-iv-web/vlc-thumbs/work/upstream/vlc-master-story005-reproduction/extras/tools/build/bin/msgfmt -c --statistics --verbose -o fr.gmo fr.1po && rm -f fr.1po
cd /Users/cam/Documents/Projects/ultima-iv-web/vlc-thumbs/work/upstream/vlc-master-story005-reproduction/extras/package/macosx/../../../po && rm -f fur.gmo && /Users/cam/Documents/Projects/ultima-iv-web/vlc-thumbs/work/upstream/vlc-master-story005-reproduction/extras/tools/build/bin/msgmerge --for-msgfmt -o fur.1po fur.po vlc.pot && /Users/cam/Documents/Projects/ultima-iv-web/vlc-thumbs/work/upstream/vlc-master-story005-reproduction/extras/tools/build/bin/msgfmt -c --statistics --verbose -o fur.gmo fur.1po && rm -f fur.1po
ff.1po: 939 translated messages.
cd /Users/cam/Documents/Projects/ultima-iv-web/vlc-thumbs/work/upstream/vlc-master-story005-reproduction/extras/package/macosx/../../../po && rm -f fy.gmo && /Users/cam/Documents/Projects/ultima-iv-web/vlc-thumbs/work/upstream/vlc-master-story005-reproduction/extras/tools/build/bin/msgmerge --for-msgfmt -o fy.1po fy.po vlc.pot && /Users/cam/Documents/Projects/ultima-iv-web/vlc-thumbs/work/upstream/vlc-master-story005-reproduction/extras/tools/build/bin/msgfmt -c --statistics --verbose -o fy.gmo fy.1po && rm -f fy.1po
fur.1po: 599 translated messages.
fi.1po: 4455 translated messages.
cd /Users/cam/Documents/Projects/ultima-iv-web/vlc-thumbs/work/upstream/vlc-master-story005-reproduction/extras/package/macosx/../../../po && rm -f ga.gmo && /Users/cam/Documents/Projects/ultima-iv-web/vlc-thumbs/work/upstream/vlc-master-story005-reproduction/extras/tools/build/bin/msgmerge --for-msgfmt -o ga.1po ga.po vlc.pot && /Users/cam/Documents/Projects/ultima-iv-web/vlc-thumbs/work/upstream/vlc-master-story005-reproduction/extras/tools/build/bin/msgfmt -c --statistics --verbose -o ga.gmo ga.1po && rm -f ga.1po
cd /Users/cam/Documents/Projects/ultima-iv-web/vlc-thumbs/work/upstream/vlc-master-story005-reproduction/extras/package/macosx/../../../po && rm -f gd.gmo && /Users/cam/Documents/Projects/ultima-iv-web/vlc-thumbs/work/upstream/vlc-master-story005-reproduction/extras/tools/build/bin/msgmerge --for-msgfmt -o gd.1po gd.po vlc.pot && /Users/cam/Documents/Projects/ultima-iv-web/vlc-thumbs/work/upstream/vlc-master-story005-reproduction/extras/tools/build/bin/msgfmt -c --statistics --verbose -o gd.gmo gd.1po && rm -f gd.1po
fr.1po: 4654 translated messages.
cd /Users/cam/Documents/Projects/ultima-iv-web/vlc-thumbs/work/upstream/vlc-master-story005-reproduction/extras/package/macosx/../../../po && rm -f gl.gmo && /Users/cam/Documents/Projects/ultima-iv-web/vlc-thumbs/work/upstream/vlc-master-story005-reproduction/extras/tools/build/bin/msgmerge --for-msgfmt -o gl.1po gl.po vlc.pot && /Users/cam/Documents/Projects/ultima-iv-web/vlc-thumbs/work/upstream/vlc-master-story005-reproduction/extras/tools/build/bin/msgfmt -c --statistics --verbose -o gl.gmo gl.1po && rm -f gl.1po
fy.1po: 4617 translated messages.
ga.1po: 2124 translated messages.
cd /Users/cam/Documents/Projects/ultima-iv-web/vlc-thumbs/work/upstream/vlc-master-story005-reproduction/extras/package/macosx/../../../po && rm -f gu.gmo && /Users/cam/Documents/Projects/ultima-iv-web/vlc-thumbs/work/upstream/vlc-master-story005-reproduction/extras/tools/build/bin/msgmerge --for-msgfmt -o gu.1po gu.po vlc.pot && /Users/cam/Documents/Projects/ultima-iv-web/vlc-thumbs/work/upstream/vlc-master-story005-reproduction/extras/tools/build/bin/msgfmt -c --statistics --verbose -o gu.gmo gu.1po && rm -f gu.1po
gd.1po: 1989 translated messages.
cd /Users/cam/Documents/Projects/ultima-iv-web/vlc-thumbs/work/upstream/vlc-master-story005-reproduction/extras/package/macosx/../../../po && rm -f he.gmo && /Users/cam/Documents/Projects/ultima-iv-web/vlc-thumbs/work/upstream/vlc-master-story005-reproduction/extras/tools/build/bin/msgmerge --for-msgfmt -o he.1po he.po vlc.pot && /Users/cam/Documents/Projects/ultima-iv-web/vlc-thumbs/work/upstream/vlc-master-story005-reproduction/extras/tools/build/bin/msgfmt -c --statistics --verbose -o he.gmo he.1po && rm -f he.1po
cd /Users/cam/Documents/Projects/ultima-iv-web/vlc-thumbs/work/upstream/vlc-master-story005-reproduction/extras/package/macosx/../../../po && rm -f hi.gmo && /Users/cam/Documents/Projects/ultima-iv-web/vlc-thumbs/work/upstream/vlc-master-story005-reproduction/extras/tools/build/bin/msgmerge --for-msgfmt -o hi.1po hi.po vlc.pot && /Users/cam/Documents/Projects/ultima-iv-web/vlc-thumbs/work/upstream/vlc-master-story005-reproduction/extras/tools/build/bin/msgfmt -c --statistics --verbose -o hi.gmo hi.1po && rm -f hi.1po
gl.1po: 4512 translated messages.
hi.1po: 834 translated messages.
cd /Users/cam/Documents/Projects/ultima-iv-web/vlc-thumbs/work/upstream/vlc-master-story005-reproduction/extras/package/macosx/../../../po && rm -f hr.gmo && /Users/cam/Documents/Projects/ultima-iv-web/vlc-thumbs/work/upstream/vlc-master-story005-reproduction/extras/tools/build/bin/msgmerge --for-msgfmt -o hr.1po hr.po vlc.pot && /Users/cam/Documents/Projects/ultima-iv-web/vlc-thumbs/work/upstream/vlc-master-story005-reproduction/extras/tools/build/bin/msgfmt -c --statistics --verbose -o hr.gmo hr.1po && rm -f hr.1po
he.1po: 3503 translated messages.
cd /Users/cam/Documents/Projects/ultima-iv-web/vlc-thumbs/work/upstream/vlc-master-story005-reproduction/extras/package/macosx/../../../po && rm -f hu.gmo && /Users/cam/Documents/Projects/ultima-iv-web/vlc-thumbs/work/upstream/vlc-master-story005-reproduction/extras/tools/build/bin/msgmerge --for-msgfmt -o hu.1po hu.po vlc.pot && /Users/cam/Documents/Projects/ultima-iv-web/vlc-thumbs/work/upstream/vlc-master-story005-reproduction/extras/tools/build/bin/msgfmt -c --statistics --verbose -o hu.gmo hu.1po && rm -f hu.1po
gu.1po: 4608 translated messages.
cd /Users/cam/Documents/Projects/ultima-iv-web/vlc-thumbs/work/upstream/vlc-master-story005-reproduction/extras/package/macosx/../../../po && rm -f hy.gmo && /Users/cam/Documents/Projects/ultima-iv-web/vlc-thumbs/work/upstream/vlc-master-story005-reproduction/extras/tools/build/bin/msgmerge --for-msgfmt -o hy.1po hy.po vlc.pot && /Users/cam/Documents/Projects/ultima-iv-web/vlc-thumbs/work/upstream/vlc-master-story005-reproduction/extras/tools/build/bin/msgfmt -c --statistics --verbose -o hy.gmo hy.1po && rm -f hy.1po
cd /Users/cam/Documents/Projects/ultima-iv-web/vlc-thumbs/work/upstream/vlc-master-story005-reproduction/extras/package/macosx/../../../po && rm -f ia.gmo && /Users/cam/Documents/Projects/ultima-iv-web/vlc-thumbs/work/upstream/vlc-master-story005-reproduction/extras/tools/build/bin/msgmerge --for-msgfmt -o ia.1po ia.po vlc.pot && /Users/cam/Documents/Projects/ultima-iv-web/vlc-thumbs/work/upstream/vlc-master-story005-reproduction/extras/tools/build/bin/msgfmt -c --statistics --verbose -o ia.gmo ia.1po && rm -f ia.1po
ia.1po: 207 translated messages.
hy.1po: 1479 translated messages.
hr.1po: 4216 translated messages.
cd /Users/cam/Documents/Projects/ultima-iv-web/vlc-thumbs/work/upstream/vlc-master-story005-reproduction/extras/package/macosx/../../../po && rm -f id.gmo && /Users/cam/Documents/Projects/ultima-iv-web/vlc-thumbs/work/upstream/vlc-master-story005-reproduction/extras/tools/build/bin/msgmerge --for-msgfmt -o id.1po id.po vlc.pot && /Users/cam/Documents/Projects/ultima-iv-web/vlc-thumbs/work/upstream/vlc-master-story005-reproduction/extras/tools/build/bin/msgfmt -c --statistics --verbose -o id.gmo id.1po && rm -f id.1po
cd /Users/cam/Documents/Projects/ultima-iv-web/vlc-thumbs/work/upstream/vlc-master-story005-reproduction/extras/package/macosx/../../../po && rm -f is.gmo && /Users/cam/Documents/Projects/ultima-iv-web/vlc-thumbs/work/upstream/vlc-master-story005-reproduction/extras/tools/build/bin/msgmerge --for-msgfmt -o is.1po is.po vlc.pot && /Users/cam/Documents/Projects/ultima-iv-web/vlc-thumbs/work/upstream/vlc-master-story005-reproduction/extras/tools/build/bin/msgfmt -c --statistics --verbose -o is.gmo is.1po && rm -f is.1po
hu.1po: 4666 translated messages.
cd /Users/cam/Documents/Projects/ultima-iv-web/vlc-thumbs/work/upstream/vlc-master-story005-reproduction/extras/package/macosx/../../../po && rm -f it.gmo && /Users/cam/Documents/Projects/ultima-iv-web/vlc-thumbs/work/upstream/vlc-master-story005-reproduction/extras/tools/build/bin/msgmerge --for-msgfmt -o it.1po it.po vlc.pot && /Users/cam/Documents/Projects/ultima-iv-web/vlc-thumbs/work/upstream/vlc-master-story005-reproduction/extras/tools/build/bin/msgfmt -c --statistics --verbose -o it.gmo it.1po && rm -f it.1po
cd /Users/cam/Documents/Projects/ultima-iv-web/vlc-thumbs/work/upstream/vlc-master-story005-reproduction/extras/package/macosx/../../../po && rm -f ja.gmo && /Users/cam/Documents/Projects/ultima-iv-web/vlc-thumbs/work/upstream/vlc-master-story005-reproduction/extras/tools/build/bin/msgmerge --for-msgfmt -o ja.1po ja.po vlc.pot && /Users/cam/Documents/Projects/ultima-iv-web/vlc-thumbs/work/upstream/vlc-master-story005-reproduction/extras/tools/build/bin/msgfmt -c --statistics --verbose -o ja.gmo ja.1po && rm -f ja.1po
is.1po: 2857 translated messages.
cd /Users/cam/Documents/Projects/ultima-iv-web/vlc-thumbs/work/upstream/vlc-master-story005-reproduction/extras/package/macosx/../../../po && rm -f ka.gmo && /Users/cam/Documents/Projects/ultima-iv-web/vlc-thumbs/work/upstream/vlc-master-story005-reproduction/extras/tools/build/bin/msgmerge --for-msgfmt -o ka.1po ka.po vlc.pot && /Users/cam/Documents/Projects/ultima-iv-web/vlc-thumbs/work/upstream/vlc-master-story005-reproduction/extras/tools/build/bin/msgfmt -c --statistics --verbose -o ka.gmo ka.1po && rm -f ka.1po
id.1po: 3513 translated messages.
it.1po: 4671 translated messages.
cd /Users/cam/Documents/Projects/ultima-iv-web/vlc-thumbs/work/upstream/vlc-master-story005-reproduction/extras/package/macosx/../../../po && rm -f kk.gmo && /Users/cam/Documents/Projects/ultima-iv-web/vlc-thumbs/work/upstream/vlc-master-story005-reproduction/extras/tools/build/bin/msgmerge --for-msgfmt -o kk.1po kk.po vlc.pot && /Users/cam/Documents/Projects/ultima-iv-web/vlc-thumbs/work/upstream/vlc-master-story005-reproduction/extras/tools/build/bin/msgfmt -c --statistics --verbose -o kk.gmo kk.1po && rm -f kk.1po
cd /Users/cam/Documents/Projects/ultima-iv-web/vlc-thumbs/work/upstream/vlc-master-story005-reproduction/extras/package/macosx/../../../po && rm -f km.gmo && /Users/cam/Documents/Projects/ultima-iv-web/vlc-thumbs/work/upstream/vlc-master-story005-reproduction/extras/tools/build/bin/msgmerge --for-msgfmt -o km.1po km.po vlc.pot && /Users/cam/Documents/Projects/ultima-iv-web/vlc-thumbs/work/upstream/vlc-master-story005-reproduction/extras/tools/build/bin/msgfmt -c --statistics --verbose -o km.gmo km.1po && rm -f km.1po
ja.1po: 4666 translated messages.
ka.1po: 674 translated messages.
cd /Users/cam/Documents/Projects/ultima-iv-web/vlc-thumbs/work/upstream/vlc-master-story005-reproduction/extras/package/macosx/../../../po && rm -f kn.gmo && /Users/cam/Documents/Projects/ultima-iv-web/vlc-thumbs/work/upstream/vlc-master-story005-reproduction/extras/tools/build/bin/msgmerge --for-msgfmt -o kn.1po kn.po vlc.pot && /Users/cam/Documents/Projects/ultima-iv-web/vlc-thumbs/work/upstream/vlc-master-story005-reproduction/extras/tools/build/bin/msgfmt -c --statistics --verbose -o kn.gmo kn.1po && rm -f kn.1po
cd /Users/cam/Documents/Projects/ultima-iv-web/vlc-thumbs/work/upstream/vlc-master-story005-reproduction/extras/package/macosx/../../../po && rm -f ko.gmo && /Users/cam/Documents/Projects/ultima-iv-web/vlc-thumbs/work/upstream/vlc-master-story005-reproduction/extras/tools/build/bin/msgmerge --for-msgfmt -o ko.1po ko.po vlc.pot && /Users/cam/Documents/Projects/ultima-iv-web/vlc-thumbs/work/upstream/vlc-master-story005-reproduction/extras/tools/build/bin/msgfmt -c --statistics --verbose -o ko.gmo ko.1po && rm -f ko.1po
kk.1po: 2204 translated messages.
cd /Users/cam/Documents/Projects/ultima-iv-web/vlc-thumbs/work/upstream/vlc-master-story005-reproduction/extras/package/macosx/../../../po && rm -f ks_IN.gmo && /Users/cam/Documents/Projects/ultima-iv-web/vlc-thumbs/work/upstream/vlc-master-story005-reproduction/extras/tools/build/bin/msgmerge --for-msgfmt -o ks_IN.1po ks_IN.po vlc.pot && /Users/cam/Documents/Projects/ultima-iv-web/vlc-thumbs/work/upstream/vlc-master-story005-reproduction/extras/tools/build/bin/msgfmt -c --statistics --verbose -o ks_IN.gmo ks_IN.1po && rm -f ks_IN.1po
km.1po: 4446 translated messages.
cd /Users/cam/Documents/Projects/ultima-iv-web/vlc-thumbs/work/upstream/vlc-master-story005-reproduction/extras/package/macosx/../../../po && rm -f ky.gmo && /Users/cam/Documents/Projects/ultima-iv-web/vlc-thumbs/work/upstream/vlc-master-story005-reproduction/extras/tools/build/bin/msgmerge --for-msgfmt -o ky.1po ky.po vlc.pot && /Users/cam/Documents/Projects/ultima-iv-web/vlc-thumbs/work/upstream/vlc-master-story005-reproduction/extras/tools/build/bin/msgfmt -c --statistics --verbose -o ky.gmo ky.1po && rm -f ky.1po
ko.1po: 4657 translated messages.
kn.1po: 4513 translated messages.
cd /Users/cam/Documents/Projects/ultima-iv-web/vlc-thumbs/work/upstream/vlc-master-story005-reproduction/extras/package/macosx/../../../po && rm -f lt.gmo && /Users/cam/Documents/Projects/ultima-iv-web/vlc-thumbs/work/upstream/vlc-master-story005-reproduction/extras/tools/build/bin/msgmerge --for-msgfmt -o lt.1po lt.po vlc.pot && /Users/cam/Documents/Projects/ultima-iv-web/vlc-thumbs/work/upstream/vlc-master-story005-reproduction/extras/tools/build/bin/msgfmt -c --statistics --verbose -o lt.gmo lt.1po && rm -f lt.1po
cd /Users/cam/Documents/Projects/ultima-iv-web/vlc-thumbs/work/upstream/vlc-master-story005-reproduction/extras/package/macosx/../../../po && rm -f lg.gmo && /Users/cam/Documents/Projects/ultima-iv-web/vlc-thumbs/work/upstream/vlc-master-story005-reproduction/extras/tools/build/bin/msgmerge --for-msgfmt -o lg.1po lg.po vlc.pot && /Users/cam/Documents/Projects/ultima-iv-web/vlc-thumbs/work/upstream/vlc-master-story005-reproduction/extras/tools/build/bin/msgfmt -c --statistics --verbose -o lg.gmo lg.1po && rm -f lg.1po
ks_IN.1po: 4609 translated messages.
ky.1po: 626 translated messages.
cd /Users/cam/Documents/Projects/ultima-iv-web/vlc-thumbs/work/upstream/vlc-master-story005-reproduction/extras/package/macosx/../../../po && rm -f lv.gmo && /Users/cam/Documents/Projects/ultima-iv-web/vlc-thumbs/work/upstream/vlc-master-story005-reproduction/extras/tools/build/bin/msgmerge --for-msgfmt -o lv.1po lv.po vlc.pot && /Users/cam/Documents/Projects/ultima-iv-web/vlc-thumbs/work/upstream/vlc-master-story005-reproduction/extras/tools/build/bin/msgfmt -c --statistics --verbose -o lv.gmo lv.1po && rm -f lv.1po
cd /Users/cam/Documents/Projects/ultima-iv-web/vlc-thumbs/work/upstream/vlc-master-story005-reproduction/extras/package/macosx/../../../po && rm -f mai.gmo && /Users/cam/Documents/Projects/ultima-iv-web/vlc-thumbs/work/upstream/vlc-master-story005-reproduction/extras/tools/build/bin/msgmerge --for-msgfmt -o mai.1po mai.po vlc.pot && /Users/cam/Documents/Projects/ultima-iv-web/vlc-thumbs/work/upstream/vlc-master-story005-reproduction/extras/tools/build/bin/msgfmt -c --statistics --verbose -o mai.gmo mai.1po && rm -f mai.1po
lg.1po: 650 translated messages.
cd /Users/cam/Documents/Projects/ultima-iv-web/vlc-thumbs/work/upstream/vlc-master-story005-reproduction/extras/package/macosx/../../../po && rm -f mk.gmo && /Users/cam/Documents/Projects/ultima-iv-web/vlc-thumbs/work/upstream/vlc-master-story005-reproduction/extras/tools/build/bin/msgmerge --for-msgfmt -o mk.1po mk.po vlc.pot && /Users/cam/Documents/Projects/ultima-iv-web/vlc-thumbs/work/upstream/vlc-master-story005-reproduction/extras/tools/build/bin/msgfmt -c --statistics --verbose -o mk.gmo mk.1po && rm -f mk.1po
lt.1po: 3158 translated messages.
cd /Users/cam/Documents/Projects/ultima-iv-web/vlc-thumbs/work/upstream/vlc-master-story005-reproduction/extras/package/macosx/../../../po && rm -f ml.gmo && /Users/cam/Documents/Projects/ultima-iv-web/vlc-thumbs/work/upstream/vlc-master-story005-reproduction/extras/tools/build/bin/msgmerge --for-msgfmt -o ml.1po ml.po vlc.pot && /Users/cam/Documents/Projects/ultima-iv-web/vlc-thumbs/work/upstream/vlc-master-story005-reproduction/extras/tools/build/bin/msgfmt -c --statistics --verbose -o ml.gmo ml.1po && rm -f ml.1po
mk.1po: 113 translated messages.
lv.1po: 4652 translated messages.
cd /Users/cam/Documents/Projects/ultima-iv-web/vlc-thumbs/work/upstream/vlc-master-story005-reproduction/extras/package/macosx/../../../po && rm -f mn.gmo && /Users/cam/Documents/Projects/ultima-iv-web/vlc-thumbs/work/upstream/vlc-master-story005-reproduction/extras/tools/build/bin/msgmerge --for-msgfmt -o mn.1po mn.po vlc.pot && /Users/cam/Documents/Projects/ultima-iv-web/vlc-thumbs/work/upstream/vlc-master-story005-reproduction/extras/tools/build/bin/msgfmt -c --statistics --verbose -o mn.gmo mn.1po && rm -f mn.1po
cd /Users/cam/Documents/Projects/ultima-iv-web/vlc-thumbs/work/upstream/vlc-master-story005-reproduction/extras/package/macosx/../../../po && rm -f mr.gmo && /Users/cam/Documents/Projects/ultima-iv-web/vlc-thumbs/work/upstream/vlc-master-story005-reproduction/extras/tools/build/bin/msgmerge --for-msgfmt -o mr.1po mr.po vlc.pot && /Users/cam/Documents/Projects/ultima-iv-web/vlc-thumbs/work/upstream/vlc-master-story005-reproduction/extras/tools/build/bin/msgfmt -c --statistics --verbose -o mr.gmo mr.1po && rm -f mr.1po
mai.1po: 4609 translated messages.
cd /Users/cam/Documents/Projects/ultima-iv-web/vlc-thumbs/work/upstream/vlc-master-story005-reproduction/extras/package/macosx/../../../po && rm -f ms.gmo && /Users/cam/Documents/Projects/ultima-iv-web/vlc-thumbs/work/upstream/vlc-master-story005-reproduction/extras/tools/build/bin/msgmerge --for-msgfmt -o ms.1po ms.po vlc.pot && /Users/cam/Documents/Projects/ultima-iv-web/vlc-thumbs/work/upstream/vlc-master-story005-reproduction/extras/tools/build/bin/msgfmt -c --statistics --verbose -o ms.gmo ms.1po && rm -f ms.1po
mn.1po: 1084 translated messages.
ml.1po: 4617 translated messages.
cd /Users/cam/Documents/Projects/ultima-iv-web/vlc-thumbs/work/upstream/vlc-master-story005-reproduction/extras/package/macosx/../../../po && rm -f my.gmo && /Users/cam/Documents/Projects/ultima-iv-web/vlc-thumbs/work/upstream/vlc-master-story005-reproduction/extras/tools/build/bin/msgmerge --for-msgfmt -o my.1po my.po vlc.pot && /Users/cam/Documents/Projects/ultima-iv-web/vlc-thumbs/work/upstream/vlc-master-story005-reproduction/extras/tools/build/bin/msgfmt -c --statistics --verbose -o my.gmo my.1po && rm -f my.1po
cd /Users/cam/Documents/Projects/ultima-iv-web/vlc-thumbs/work/upstream/vlc-master-story005-reproduction/extras/package/macosx/../../../po && rm -f nb.gmo && /Users/cam/Documents/Projects/ultima-iv-web/vlc-thumbs/work/upstream/vlc-master-story005-reproduction/extras/tools/build/bin/msgmerge --for-msgfmt -o nb.1po nb.po vlc.pot && /Users/cam/Documents/Projects/ultima-iv-web/vlc-thumbs/work/upstream/vlc-master-story005-reproduction/extras/tools/build/bin/msgfmt -c --statistics --verbose -o nb.gmo nb.1po && rm -f nb.1po
mr.1po: 4617 translated messages.
my.1po: 168 translated messages.
ms.1po: 4657 translated messages.
cd /Users/cam/Documents/Projects/ultima-iv-web/vlc-thumbs/work/upstream/vlc-master-story005-reproduction/extras/package/macosx/../../../po && rm -f ne.gmo && /Users/cam/Documents/Projects/ultima-iv-web/vlc-thumbs/work/upstream/vlc-master-story005-reproduction/extras/tools/build/bin/msgmerge --for-msgfmt -o ne.1po ne.po vlc.pot && /Users/cam/Documents/Projects/ultima-iv-web/vlc-thumbs/work/upstream/vlc-master-story005-reproduction/extras/tools/build/bin/msgfmt -c --statistics --verbose -o ne.gmo ne.1po && rm -f ne.1po
cd /Users/cam/Documents/Projects/ultima-iv-web/vlc-thumbs/work/upstream/vlc-master-story005-reproduction/extras/package/macosx/../../../po && rm -f nl.gmo && /Users/cam/Documents/Projects/ultima-iv-web/vlc-thumbs/work/upstream/vlc-master-story005-reproduction/extras/tools/build/bin/msgmerge --for-msgfmt -o nl.1po nl.po vlc.pot && /Users/cam/Documents/Projects/ultima-iv-web/vlc-thumbs/work/upstream/vlc-master-story005-reproduction/extras/tools/build/bin/msgfmt -c --statistics --verbose -o nl.gmo nl.1po && rm -f nl.1po
cd /Users/cam/Documents/Projects/ultima-iv-web/vlc-thumbs/work/upstream/vlc-master-story005-reproduction/extras/package/macosx/../../../po && rm -f nn.gmo && /Users/cam/Documents/Projects/ultima-iv-web/vlc-thumbs/work/upstream/vlc-master-story005-reproduction/extras/tools/build/bin/msgmerge --for-msgfmt -o nn.1po nn.po vlc.pot && /Users/cam/Documents/Projects/ultima-iv-web/vlc-thumbs/work/upstream/vlc-master-story005-reproduction/extras/tools/build/bin/msgfmt -c --statistics --verbose -o nn.gmo nn.1po && rm -f nn.1po
nb.1po: 4654 translated messages.
nn.1po: 2545 translated messages.
ne.1po: 2004 translated messages.
cd /Users/cam/Documents/Projects/ultima-iv-web/vlc-thumbs/work/upstream/vlc-master-story005-reproduction/extras/package/macosx/../../../po && rm -f oc.gmo && /Users/cam/Documents/Projects/ultima-iv-web/vlc-thumbs/work/upstream/vlc-master-story005-reproduction/extras/tools/build/bin/msgmerge --for-msgfmt -o oc.1po oc.po vlc.pot && /Users/cam/Documents/Projects/ultima-iv-web/vlc-thumbs/work/upstream/vlc-master-story005-reproduction/extras/tools/build/bin/msgfmt -c --statistics --verbose -o oc.gmo oc.1po && rm -f oc.1po
cd /Users/cam/Documents/Projects/ultima-iv-web/vlc-thumbs/work/upstream/vlc-master-story005-reproduction/extras/package/macosx/../../../po && rm -f or.gmo && /Users/cam/Documents/Projects/ultima-iv-web/vlc-thumbs/work/upstream/vlc-master-story005-reproduction/extras/tools/build/bin/msgmerge --for-msgfmt -o or.1po or.po vlc.pot && /Users/cam/Documents/Projects/ultima-iv-web/vlc-thumbs/work/upstream/vlc-master-story005-reproduction/extras/tools/build/bin/msgfmt -c --statistics --verbose -o or.gmo or.1po && rm -f or.1po
cd /Users/cam/Documents/Projects/ultima-iv-web/vlc-thumbs/work/upstream/vlc-master-story005-reproduction/extras/package/macosx/../../../po && rm -f pa.gmo && /Users/cam/Documents/Projects/ultima-iv-web/vlc-thumbs/work/upstream/vlc-master-story005-reproduction/extras/tools/build/bin/msgmerge --for-msgfmt -o pa.1po pa.po vlc.pot && /Users/cam/Documents/Projects/ultima-iv-web/vlc-thumbs/work/upstream/vlc-master-story005-reproduction/extras/tools/build/bin/msgfmt -c --statistics --verbose -o pa.gmo pa.1po && rm -f pa.1po
nl.1po: 4667 translated messages.
cd /Users/cam/Documents/Projects/ultima-iv-web/vlc-thumbs/work/upstream/vlc-master-story005-reproduction/extras/package/macosx/../../../po && rm -f pl.gmo && /Users/cam/Documents/Projects/ultima-iv-web/vlc-thumbs/work/upstream/vlc-master-story005-reproduction/extras/tools/build/bin/msgmerge --for-msgfmt -o pl.1po pl.po vlc.pot && /Users/cam/Documents/Projects/ultima-iv-web/vlc-thumbs/work/upstream/vlc-master-story005-reproduction/extras/tools/build/bin/msgfmt -c --statistics --verbose -o pl.gmo pl.1po && rm -f pl.1po
or.1po: 274 translated messages.
cd /Users/cam/Documents/Projects/ultima-iv-web/vlc-thumbs/work/upstream/vlc-master-story005-reproduction/extras/package/macosx/../../../po && rm -f ps.gmo && /Users/cam/Documents/Projects/ultima-iv-web/vlc-thumbs/work/upstream/vlc-master-story005-reproduction/extras/tools/build/bin/msgmerge --for-msgfmt -o ps.1po ps.po vlc.pot && /Users/cam/Documents/Projects/ultima-iv-web/vlc-thumbs/work/upstream/vlc-master-story005-reproduction/extras/tools/build/bin/msgfmt -c --statistics --verbose -o ps.gmo ps.1po && rm -f ps.1po
pa.1po: 2732 translated messages.
oc.1po: 4619 translated messages.
cd /Users/cam/Documents/Projects/ultima-iv-web/vlc-thumbs/work/upstream/vlc-master-story005-reproduction/extras/package/macosx/../../../po && rm -f pt_BR.gmo && /Users/cam/Documents/Projects/ultima-iv-web/vlc-thumbs/work/upstream/vlc-master-story005-reproduction/extras/tools/build/bin/msgmerge --for-msgfmt -o pt_BR.1po pt_BR.po vlc.pot && /Users/cam/Documents/Projects/ultima-iv-web/vlc-thumbs/work/upstream/vlc-master-story005-reproduction/extras/tools/build/bin/msgfmt -c --statistics --verbose -o pt_BR.gmo pt_BR.1po && rm -f pt_BR.1po
cd /Users/cam/Documents/Projects/ultima-iv-web/vlc-thumbs/work/upstream/vlc-master-story005-reproduction/extras/package/macosx/../../../po && rm -f pt_PT.gmo && /Users/cam/Documents/Projects/ultima-iv-web/vlc-thumbs/work/upstream/vlc-master-story005-reproduction/extras/tools/build/bin/msgmerge --for-msgfmt -o pt_PT.1po pt_PT.po vlc.pot && /Users/cam/Documents/Projects/ultima-iv-web/vlc-thumbs/work/upstream/vlc-master-story005-reproduction/extras/tools/build/bin/msgfmt -c --statistics --verbose -o pt_PT.gmo pt_PT.1po && rm -f pt_PT.1po
ps.1po: 588 translated messages.
pl.1po: 4667 translated messages.
cd /Users/cam/Documents/Projects/ultima-iv-web/vlc-thumbs/work/upstream/vlc-master-story005-reproduction/extras/package/macosx/../../../po && rm -f ro.gmo && /Users/cam/Documents/Projects/ultima-iv-web/vlc-thumbs/work/upstream/vlc-master-story005-reproduction/extras/tools/build/bin/msgmerge --for-msgfmt -o ro.1po ro.po vlc.pot && /Users/cam/Documents/Projects/ultima-iv-web/vlc-thumbs/work/upstream/vlc-master-story005-reproduction/extras/tools/build/bin/msgfmt -c --statistics --verbose -o ro.gmo ro.1po && rm -f ro.1po
cd /Users/cam/Documents/Projects/ultima-iv-web/vlc-thumbs/work/upstream/vlc-master-story005-reproduction/extras/package/macosx/../../../po && rm -f ru.gmo && /Users/cam/Documents/Projects/ultima-iv-web/vlc-thumbs/work/upstream/vlc-master-story005-reproduction/extras/tools/build/bin/msgmerge --for-msgfmt -o ru.1po ru.po vlc.pot && /Users/cam/Documents/Projects/ultima-iv-web/vlc-thumbs/work/upstream/vlc-master-story005-reproduction/extras/tools/build/bin/msgfmt -c --statistics --verbose -o ru.gmo ru.1po && rm -f ru.1po
pt_BR.1po: 4623 translated messages.
pt_PT.1po: 4655 translated messages.
cd /Users/cam/Documents/Projects/ultima-iv-web/vlc-thumbs/work/upstream/vlc-master-story005-reproduction/extras/package/macosx/../../../po && rm -f si.gmo && /Users/cam/Documents/Projects/ultima-iv-web/vlc-thumbs/work/upstream/vlc-master-story005-reproduction/extras/tools/build/bin/msgmerge --for-msgfmt -o si.1po si.po vlc.pot && /Users/cam/Documents/Projects/ultima-iv-web/vlc-thumbs/work/upstream/vlc-master-story005-reproduction/extras/tools/build/bin/msgfmt -c --statistics --verbose -o si.gmo si.1po && rm -f si.1po
cd /Users/cam/Documents/Projects/ultima-iv-web/vlc-thumbs/work/upstream/vlc-master-story005-reproduction/extras/package/macosx/../../../po && rm -f sk.gmo && /Users/cam/Documents/Projects/ultima-iv-web/vlc-thumbs/work/upstream/vlc-master-story005-reproduction/extras/tools/build/bin/msgmerge --for-msgfmt -o sk.1po sk.po vlc.pot && /Users/cam/Documents/Projects/ultima-iv-web/vlc-thumbs/work/upstream/vlc-master-story005-reproduction/extras/tools/build/bin/msgfmt -c --statistics --verbose -o sk.gmo sk.1po && rm -f sk.1po
ro.1po: 3560 translated messages.
cd /Users/cam/Documents/Projects/ultima-iv-web/vlc-thumbs/work/upstream/vlc-master-story005-reproduction/extras/package/macosx/../../../po && rm -f sl.gmo && /Users/cam/Documents/Projects/ultima-iv-web/vlc-thumbs/work/upstream/vlc-master-story005-reproduction/extras/tools/build/bin/msgmerge --for-msgfmt -o sl.1po sl.po vlc.pot && /Users/cam/Documents/Projects/ultima-iv-web/vlc-thumbs/work/upstream/vlc-master-story005-reproduction/extras/tools/build/bin/msgfmt -c --statistics --verbose -o sl.gmo sl.1po && rm -f sl.1po
ru.1po: 4666 translated messages.
cd /Users/cam/Documents/Projects/ultima-iv-web/vlc-thumbs/work/upstream/vlc-master-story005-reproduction/extras/package/macosx/../../../po && rm -f sq.gmo && /Users/cam/Documents/Projects/ultima-iv-web/vlc-thumbs/work/upstream/vlc-master-story005-reproduction/extras/tools/build/bin/msgmerge --for-msgfmt -o sq.1po sq.po vlc.pot && /Users/cam/Documents/Projects/ultima-iv-web/vlc-thumbs/work/upstream/vlc-master-story005-reproduction/extras/tools/build/bin/msgfmt -c --statistics --verbose -o sq.gmo sq.1po && rm -f sq.1po
si.1po: 2138 translated messages.
cd /Users/cam/Documents/Projects/ultima-iv-web/vlc-thumbs/work/upstream/vlc-master-story005-reproduction/extras/package/macosx/../../../po && rm -f sr.gmo && /Users/cam/Documents/Projects/ultima-iv-web/vlc-thumbs/work/upstream/vlc-master-story005-reproduction/extras/tools/build/bin/msgmerge --for-msgfmt -o sr.1po sr.po vlc.pot && /Users/cam/Documents/Projects/ultima-iv-web/vlc-thumbs/work/upstream/vlc-master-story005-reproduction/extras/tools/build/bin/msgfmt -c --statistics --verbose -o sr.gmo sr.1po && rm -f sr.1po
sk.1po: 4666 translated messages.
sq.1po: 827 translated messages.
cd /Users/cam/Documents/Projects/ultima-iv-web/vlc-thumbs/work/upstream/vlc-master-story005-reproduction/extras/package/macosx/../../../po && rm -f sv.gmo && /Users/cam/Documents/Projects/ultima-iv-web/vlc-thumbs/work/upstream/vlc-master-story005-reproduction/extras/tools/build/bin/msgmerge --for-msgfmt -o sv.1po sv.po vlc.pot && /Users/cam/Documents/Projects/ultima-iv-web/vlc-thumbs/work/upstream/vlc-master-story005-reproduction/extras/tools/build/bin/msgfmt -c --statistics --verbose -o sv.gmo sv.1po && rm -f sv.1po
sl.1po: 4613 translated messages.
cd /Users/cam/Documents/Projects/ultima-iv-web/vlc-thumbs/work/upstream/vlc-master-story005-reproduction/extras/package/macosx/../../../po && rm -f ta.gmo && /Users/cam/Documents/Projects/ultima-iv-web/vlc-thumbs/work/upstream/vlc-master-story005-reproduction/extras/tools/build/bin/msgmerge --for-msgfmt -o ta.1po ta.po vlc.pot && /Users/cam/Documents/Projects/ultima-iv-web/vlc-thumbs/work/upstream/vlc-master-story005-reproduction/extras/tools/build/bin/msgfmt -c --statistics --verbose -o ta.gmo ta.1po && rm -f ta.1po
cd /Users/cam/Documents/Projects/ultima-iv-web/vlc-thumbs/work/upstream/vlc-master-story005-reproduction/extras/package/macosx/../../../po && rm -f te.gmo && /Users/cam/Documents/Projects/ultima-iv-web/vlc-thumbs/work/upstream/vlc-master-story005-reproduction/extras/tools/build/bin/msgmerge --for-msgfmt -o te.1po te.po vlc.pot && /Users/cam/Documents/Projects/ultima-iv-web/vlc-thumbs/work/upstream/vlc-master-story005-reproduction/extras/tools/build/bin/msgfmt -c --statistics --verbose -o te.gmo te.1po && rm -f te.1po
sr.1po: 2639 translated messages.
cd /Users/cam/Documents/Projects/ultima-iv-web/vlc-thumbs/work/upstream/vlc-master-story005-reproduction/extras/package/macosx/../../../po && rm -f tet.gmo && /Users/cam/Documents/Projects/ultima-iv-web/vlc-thumbs/work/upstream/vlc-master-story005-reproduction/extras/tools/build/bin/msgmerge --for-msgfmt -o tet.1po tet.po vlc.pot && /Users/cam/Documents/Projects/ultima-iv-web/vlc-thumbs/work/upstream/vlc-master-story005-reproduction/extras/tools/build/bin/msgfmt -c --statistics --verbose -o tet.gmo tet.1po && rm -f tet.1po
ta.1po: 1509 translated messages.
te.1po: 1428 translated messages.
sv.1po: 4141 translated messages.
cd /Users/cam/Documents/Projects/ultima-iv-web/vlc-thumbs/work/upstream/vlc-master-story005-reproduction/extras/package/macosx/../../../po && rm -f th.gmo && /Users/cam/Documents/Projects/ultima-iv-web/vlc-thumbs/work/upstream/vlc-master-story005-reproduction/extras/tools/build/bin/msgmerge --for-msgfmt -o th.1po th.po vlc.pot && /Users/cam/Documents/Projects/ultima-iv-web/vlc-thumbs/work/upstream/vlc-master-story005-reproduction/extras/tools/build/bin/msgfmt -c --statistics --verbose -o th.gmo th.1po && rm -f th.1po
cd /Users/cam/Documents/Projects/ultima-iv-web/vlc-thumbs/work/upstream/vlc-master-story005-reproduction/extras/package/macosx/../../../po && rm -f tl.gmo && /Users/cam/Documents/Projects/ultima-iv-web/vlc-thumbs/work/upstream/vlc-master-story005-reproduction/extras/tools/build/bin/msgmerge --for-msgfmt -o tl.1po tl.po vlc.pot && /Users/cam/Documents/Projects/ultima-iv-web/vlc-thumbs/work/upstream/vlc-master-story005-reproduction/extras/tools/build/bin/msgfmt -c --statistics --verbose -o tl.gmo tl.1po && rm -f tl.1po
cd /Users/cam/Documents/Projects/ultima-iv-web/vlc-thumbs/work/upstream/vlc-master-story005-reproduction/extras/package/macosx/../../../po && rm -f tr.gmo && /Users/cam/Documents/Projects/ultima-iv-web/vlc-thumbs/work/upstream/vlc-master-story005-reproduction/extras/tools/build/bin/msgmerge --for-msgfmt -o tr.1po tr.po vlc.pot && /Users/cam/Documents/Projects/ultima-iv-web/vlc-thumbs/work/upstream/vlc-master-story005-reproduction/extras/tools/build/bin/msgfmt -c --statistics --verbose -o tr.gmo tr.1po && rm -f tr.1po
tet.1po: 2 translated messages.
cd /Users/cam/Documents/Projects/ultima-iv-web/vlc-thumbs/work/upstream/vlc-master-story005-reproduction/extras/package/macosx/../../../po && rm -f ug.gmo && /Users/cam/Documents/Projects/ultima-iv-web/vlc-thumbs/work/upstream/vlc-master-story005-reproduction/extras/tools/build/bin/msgmerge --for-msgfmt -o ug.1po ug.po vlc.pot && /Users/cam/Documents/Projects/ultima-iv-web/vlc-thumbs/work/upstream/vlc-master-story005-reproduction/extras/tools/build/bin/msgfmt -c --statistics --verbose -o ug.gmo ug.1po && rm -f ug.1po
tl.1po: 2 translated messages.
th.1po: 2780 translated messages.
cd /Users/cam/Documents/Projects/ultima-iv-web/vlc-thumbs/work/upstream/vlc-master-story005-reproduction/extras/package/macosx/../../../po && rm -f uk.gmo && /Users/cam/Documents/Projects/ultima-iv-web/vlc-thumbs/work/upstream/vlc-master-story005-reproduction/extras/tools/build/bin/msgmerge --for-msgfmt -o uk.1po uk.po vlc.pot && /Users/cam/Documents/Projects/ultima-iv-web/vlc-thumbs/work/upstream/vlc-master-story005-reproduction/extras/tools/build/bin/msgfmt -c --statistics --verbose -o uk.gmo uk.1po && rm -f uk.1po
ug.1po: 819 translated messages.
cd /Users/cam/Documents/Projects/ultima-iv-web/vlc-thumbs/work/upstream/vlc-master-story005-reproduction/extras/package/macosx/../../../po && rm -f uz.gmo && /Users/cam/Documents/Projects/ultima-iv-web/vlc-thumbs/work/upstream/vlc-master-story005-reproduction/extras/tools/build/bin/msgmerge --for-msgfmt -o uz.1po uz.po vlc.pot && /Users/cam/Documents/Projects/ultima-iv-web/vlc-thumbs/work/upstream/vlc-master-story005-reproduction/extras/tools/build/bin/msgfmt -c --statistics --verbose -o uz.gmo uz.1po && rm -f uz.1po
cd /Users/cam/Documents/Projects/ultima-iv-web/vlc-thumbs/work/upstream/vlc-master-story005-reproduction/extras/package/macosx/../../../po && rm -f vi.gmo && /Users/cam/Documents/Projects/ultima-iv-web/vlc-thumbs/work/upstream/vlc-master-story005-reproduction/extras/tools/build/bin/msgmerge --for-msgfmt -o vi.1po vi.po vlc.pot && /Users/cam/Documents/Projects/ultima-iv-web/vlc-thumbs/work/upstream/vlc-master-story005-reproduction/extras/tools/build/bin/msgfmt -c --statistics --verbose -o vi.gmo vi.1po && rm -f vi.1po
tr.1po: 4668 translated messages.
cd /Users/cam/Documents/Projects/ultima-iv-web/vlc-thumbs/work/upstream/vlc-master-story005-reproduction/extras/package/macosx/../../../po && rm -f wa.gmo && /Users/cam/Documents/Projects/ultima-iv-web/vlc-thumbs/work/upstream/vlc-master-story005-reproduction/extras/tools/build/bin/msgmerge --for-msgfmt -o wa.1po wa.po vlc.pot && /Users/cam/Documents/Projects/ultima-iv-web/vlc-thumbs/work/upstream/vlc-master-story005-reproduction/extras/tools/build/bin/msgfmt -c --statistics --verbose -o wa.gmo wa.1po && rm -f wa.1po
uz.1po: 725 translated messages.
cd /Users/cam/Documents/Projects/ultima-iv-web/vlc-thumbs/work/upstream/vlc-master-story005-reproduction/extras/package/macosx/../../../po && rm -f zh_CN.gmo && /Users/cam/Documents/Projects/ultima-iv-web/vlc-thumbs/work/upstream/vlc-master-story005-reproduction/extras/tools/build/bin/msgmerge --for-msgfmt -o zh_CN.1po zh_CN.po vlc.pot && /Users/cam/Documents/Projects/ultima-iv-web/vlc-thumbs/work/upstream/vlc-master-story005-reproduction/extras/tools/build/bin/msgfmt -c --statistics --verbose -o zh_CN.gmo zh_CN.1po && rm -f zh_CN.1po
uk.1po: 4664 translated messages.
vi.1po: 3742 translated messages.
wa.1po: 2963 translated messages.
cd /Users/cam/Documents/Projects/ultima-iv-web/vlc-thumbs/work/upstream/vlc-master-story005-reproduction/extras/package/macosx/../../../po && rm -f zh_TW.gmo && /Users/cam/Documents/Projects/ultima-iv-web/vlc-thumbs/work/upstream/vlc-master-story005-reproduction/extras/tools/build/bin/msgmerge --for-msgfmt -o zh_TW.1po zh_TW.po vlc.pot && /Users/cam/Documents/Projects/ultima-iv-web/vlc-thumbs/work/upstream/vlc-master-story005-reproduction/extras/tools/build/bin/msgfmt -c --statistics --verbose -o zh_TW.gmo zh_TW.1po && rm -f zh_TW.1po
cd /Users/cam/Documents/Projects/ultima-iv-web/vlc-thumbs/work/upstream/vlc-master-story005-reproduction/extras/package/macosx/../../../po && rm -f zu.gmo && /Users/cam/Documents/Projects/ultima-iv-web/vlc-thumbs/work/upstream/vlc-master-story005-reproduction/extras/tools/build/bin/msgmerge --for-msgfmt -o zu.1po zu.po vlc.pot && /Users/cam/Documents/Projects/ultima-iv-web/vlc-thumbs/work/upstream/vlc-master-story005-reproduction/extras/tools/build/bin/msgfmt -c --statistics --verbose -o zu.gmo zu.1po && rm -f zu.1po
zh_CN.1po: 4667 translated messages.
zu.1po: 665 translated messages.
zh_TW.1po: 3001 translated messages.
test ! -f /Users/cam/Documents/Projects/ultima-iv-web/vlc-thumbs/work/upstream/vlc-master-story005-reproduction/extras/package/macosx/../../../po/vlc.pot || \
	  test -z "/Users/cam/Documents/Projects/ultima-iv-web/vlc-thumbs/work/upstream/vlc-master-story005-reproduction/extras/package/macosx/../../../po/ach.gmo /Users/cam/Documents/Projects/ultima-iv-web/vlc-thumbs/work/upstream/vlc-master-story005-reproduction/extras/package/macosx/../../../po/af.gmo /Users/cam/Documents/Projects/ultima-iv-web/vlc-thumbs/work/upstream/vlc-master-story005-reproduction/extras/package/macosx/../../../po/am.gmo /Users/cam/Documents/Projects/ultima-iv-web/vlc-thumbs/work/upstream/vlc-master-story005-reproduction/extras/package/macosx/../../../po/an.gmo /Users/cam/Documents/Projects/ultima-iv-web/vlc-thumbs/work/upstream/vlc-master-story005-reproduction/extras/package/macosx/../../../po/ar.gmo /Users/cam/Documents/Projects/ultima-iv-web/vlc-thumbs/work/upstream/vlc-master-story005-reproduction/extras/package/macosx/../../../po/as.gmo /Users/cam/Documents/Projects/ultima-iv-web/vlc-thumbs/work/upstream/vlc-master-story005-reproduction/extras/package/macosx/../../../po/ast.gmo /Users/cam/Documents/Projects/ultima-iv-web/vlc-thumbs/work/upstream/vlc-master-story005-reproduction/extras/package/macosx/../../../po/az.gmo /Users/cam/Documents/Projects/ultima-iv-web/vlc-thumbs/work/upstream/vlc-master-story005-reproduction/extras/package/macosx/../../../po/be.gmo /Users/cam/Documents/Projects/ultima-iv-web/vlc-thumbs/work/upstream/vlc-master-story005-reproduction/extras/package/macosx/../../../po/bg.gmo /Users/cam/Documents/Projects/ultima-iv-web/vlc-thumbs/work/upstream/vlc-master-story005-reproduction/extras/package/macosx/../../../po/bn_IN.gmo /Users/cam/Documents/Projects/ultima-iv-web/vlc-thumbs/work/upstream/vlc-master-story005-reproduction/extras/package/macosx/../../../po/bn.gmo /Users/cam/Documents/Projects/ultima-iv-web/vlc-thumbs/work/upstream/vlc-master-story005-reproduction/extras/package/macosx/../../../po/br.gmo /Users/cam/Documents/Projects/ultima-iv-web/vlc-thumbs/work/upstream/vlc-master-story005-reproduction/extras/package/macosx/../../../po/brx.gmo /Users/cam/Documents/Projects/ultima-iv-web/vlc-thumbs/work/upstream/vlc-master-story005-reproduction/extras/package/macosx/../../../po/bs.gmo /Users/cam/Documents/Projects/ultima-iv-web/vlc-thumbs/work/upstream/vlc-master-story005-reproduction/extras/package/macosx/../../../po/ca.gmo /Users/cam/Documents/Projects/ultima-iv-web/vlc-thumbs/work/upstream/vlc-master-story005-reproduction/extras/package/macosx/../../../po/cgg.gmo /Users/cam/Documents/Projects/ultima-iv-web/vlc-thumbs/work/upstream/vlc-master-story005-reproduction/extras/package/macosx/../../../po/ckb.gmo /Users/cam/Documents/Projects/ultima-iv-web/vlc-thumbs/work/upstream/vlc-master-story005-reproduction/extras/package/macosx/../../../po/co.gmo /Users/cam/Documents/Projects/ultima-iv-web/vlc-thumbs/work/upstream/vlc-master-story005-reproduction/extras/package/macosx/../../../po/cs.gmo /Users/cam/Documents/Projects/ultima-iv-web/vlc-thumbs/work/upstream/vlc-master-story005-reproduction/extras/package/macosx/../../../po/cy.gmo /Users/cam/Documents/Projects/ultima-iv-web/vlc-thumbs/work/upstream/vlc-master-story005-reproduction/extras/package/macosx/../../../po/da.gmo /Users/cam/Documents/Projects/ultima-iv-web/vlc-thumbs/work/upstream/vlc-master-story005-reproduction/extras/package/macosx/../../../po/de.gmo /Users/cam/Documents/Projects/ultima-iv-web/vlc-thumbs/work/upstream/vlc-master-story005-reproduction/extras/package/macosx/../../../po/el.gmo /Users/cam/Documents/Projects/ultima-iv-web/vlc-thumbs/work/upstream/vlc-master-story005-reproduction/extras/package/macosx/../../../po/en_GB.gmo /Users/cam/Documents/Projects/ultima-iv-web/vlc-thumbs/work/upstream/vlc-master-story005-reproduction/extras/package/macosx/../../../po/es.gmo /Users/cam/Documents/Projects/ultima-iv-web/vlc-thumbs/work/upstream/vlc-master-story005-reproduction/extras/package/macosx/../../../po/et.gmo /Users/cam/Documents/Projects/ultima-iv-web/vlc-thumbs/work/upstream/vlc-master-story005-reproduction/extras/package/macosx/../../../po/eu.gmo /Users/cam/Documents/Projects/ultima-iv-web/vlc-thumbs/work/upstream/vlc-master-story005-reproduction/extras/package/macosx/../../../po/fa.gmo /Users/cam/Documents/Projects/ultima-iv-web/vlc-thumbs/work/upstream/vlc-master-story005-reproduction/extras/package/macosx/../../../po/ff.gmo /Users/cam/Documents/Projects/ultima-iv-web/vlc-thumbs/work/upstream/vlc-master-story005-reproduction/extras/package/macosx/../../../po/fi.gmo /Users/cam/Documents/Projects/ultima-iv-web/vlc-thumbs/work/upstream/vlc-master-story005-reproduction/extras/package/macosx/../../../po/fr.gmo /Users/cam/Documents/Projects/ultima-iv-web/vlc-thumbs/work/upstream/vlc-master-story005-reproduction/extras/package/macosx/../../../po/fur.gmo /Users/cam/Documents/Projects/ultima-iv-web/vlc-thumbs/work/upstream/vlc-master-story005-reproduction/extras/package/macosx/../../../po/fy.gmo /Users/cam/Documents/Projects/ultima-iv-web/vlc-thumbs/work/upstream/vlc-master-story005-reproduction/extras/package/macosx/../../../po/ga.gmo /Users/cam/Documents/Projects/ultima-iv-web/vlc-thumbs/work/upstream/vlc-master-story005-reproduction/extras/package/macosx/../../../po/gd.gmo /Users/cam/Documents/Projects/ultima-iv-web/vlc-thumbs/work/upstream/vlc-master-story005-reproduction/extras/package/macosx/../../../po/gl.gmo /Users/cam/Documents/Projects/ultima-iv-web/vlc-thumbs/work/upstream/vlc-master-story005-reproduction/extras/package/macosx/../../../po/gu.gmo /Users/cam/Documents/Projects/ultima-iv-web/vlc-thumbs/work/upstream/vlc-master-story005-reproduction/extras/package/macosx/../../../po/he.gmo /Users/cam/Documents/Projects/ultima-iv-web/vlc-thumbs/work/upstream/vlc-master-story005-reproduction/extras/package/macosx/../../../po/hi.gmo /Users/cam/Documents/Projects/ultima-iv-web/vlc-thumbs/work/upstream/vlc-master-story005-reproduction/extras/package/macosx/../../../po/hr.gmo /Users/cam/Documents/Projects/ultima-iv-web/vlc-thumbs/work/upstream/vlc-master-story005-reproduction/extras/package/macosx/../../../po/hu.gmo /Users/cam/Documents/Projects/ultima-iv-web/vlc-thumbs/work/upstream/vlc-master-story005-reproduction/extras/package/macosx/../../../po/hy.gmo /Users/cam/Documents/Projects/ultima-iv-web/vlc-thumbs/work/upstream/vlc-master-story005-reproduction/extras/package/macosx/../../../po/ia.gmo /Users/cam/Documents/Projects/ultima-iv-web/vlc-thumbs/work/upstream/vlc-master-story005-reproduction/extras/package/macosx/../../../po/id.gmo /Users/cam/Documents/Projects/ultima-iv-web/vlc-thumbs/work/upstream/vlc-master-story005-reproduction/extras/package/macosx/../../../po/is.gmo /Users/cam/Documents/Projects/ultima-iv-web/vlc-thumbs/work/upstream/vlc-master-story005-reproduction/extras/package/macosx/../../../po/it.gmo /Users/cam/Documents/Projects/ultima-iv-web/vlc-thumbs/work/upstream/vlc-master-story005-reproduction/extras/package/macosx/../../../po/ja.gmo /Users/cam/Documents/Projects/ultima-iv-web/vlc-thumbs/work/upstream/vlc-master-story005-reproduction/extras/package/macosx/../../../po/ka.gmo /Users/cam/Documents/Projects/ultima-iv-web/vlc-thumbs/work/upstream/vlc-master-story005-reproduction/extras/package/macosx/../../../po/kk.gmo /Users/cam/Documents/Projects/ultima-iv-web/vlc-thumbs/work/upstream/vlc-master-story005-reproduction/extras/package/macosx/../../../po/km.gmo /Users/cam/Documents/Projects/ultima-iv-web/vlc-thumbs/work/upstream/vlc-master-story005-reproduction/extras/package/macosx/../../../po/kn.gmo /Users/cam/Documents/Projects/ultima-iv-web/vlc-thumbs/work/upstream/vlc-master-story005-reproduction/extras/package/macosx/../../../po/ko.gmo /Users/cam/Documents/Projects/ultima-iv-web/vlc-thumbs/work/upstream/vlc-master-story005-reproduction/extras/package/macosx/../../../po/ks_IN.gmo /Users/cam/Documents/Projects/ultima-iv-web/vlc-thumbs/work/upstream/vlc-master-story005-reproduction/extras/package/macosx/../../../po/ky.gmo /Users/cam/Documents/Projects/ultima-iv-web/vlc-thumbs/work/upstream/vlc-master-story005-reproduction/extras/package/macosx/../../../po/lg.gmo /Users/cam/Documents/Projects/ultima-iv-web/vlc-thumbs/work/upstream/vlc-master-story005-reproduction/extras/package/macosx/../../../po/lt.gmo /Users/cam/Documents/Projects/ultima-iv-web/vlc-thumbs/work/upstream/vlc-master-story005-reproduction/extras/package/macosx/../../../po/lv.gmo /Users/cam/Documents/Projects/ultima-iv-web/vlc-thumbs/work/upstream/vlc-master-story005-reproduction/extras/package/macosx/../../../po/mai.gmo /Users/cam/Documents/Projects/ultima-iv-web/vlc-thumbs/work/upstream/vlc-master-story005-reproduction/extras/package/macosx/../../../po/mk.gmo /Users/cam/Documents/Projects/ultima-iv-web/vlc-thumbs/work/upstream/vlc-master-story005-reproduction/extras/package/macosx/../../../po/ml.gmo /Users/cam/Documents/Projects/ultima-iv-web/vlc-thumbs/work/upstream/vlc-master-story005-reproduction/extras/package/macosx/../../../po/mn.gmo /Users/cam/Documents/Projects/ultima-iv-web/vlc-thumbs/work/upstream/vlc-master-story005-reproduction/extras/package/macosx/../../../po/mr.gmo /Users/cam/Documents/Projects/ultima-iv-web/vlc-thumbs/work/upstream/vlc-master-story005-reproduction/extras/package/macosx/../../../po/ms.gmo /Users/cam/Documents/Projects/ultima-iv-web/vlc-thumbs/work/upstream/vlc-master-story005-reproduction/extras/package/macosx/../../../po/my.gmo /Users/cam/Documents/Projects/ultima-iv-web/vlc-thumbs/work/upstream/vlc-master-story005-reproduction/extras/package/macosx/../../../po/nb.gmo /Users/cam/Documents/Projects/ultima-iv-web/vlc-thumbs/work/upstream/vlc-master-story005-reproduction/extras/package/macosx/../../../po/ne.gmo /Users/cam/Documents/Projects/ultima-iv-web/vlc-thumbs/work/upstream/vlc-master-story005-reproduction/extras/package/macosx/../../../po/nl.gmo /Users/cam/Documents/Projects/ultima-iv-web/vlc-thumbs/work/upstream/vlc-master-story005-reproduction/extras/package/macosx/../../../po/nn.gmo /Users/cam/Documents/Projects/ultima-iv-web/vlc-thumbs/work/upstream/vlc-master-story005-reproduction/extras/package/macosx/../../../po/oc.gmo /Users/cam/Documents/Projects/ultima-iv-web/vlc-thumbs/work/upstream/vlc-master-story005-reproduction/extras/package/macosx/../../../po/or.gmo /Users/cam/Documents/Projects/ultima-iv-web/vlc-thumbs/work/upstream/vlc-master-story005-reproduction/extras/package/macosx/../../../po/pa.gmo /Users/cam/Documents/Projects/ultima-iv-web/vlc-thumbs/work/upstream/vlc-master-story005-reproduction/extras/package/macosx/../../../po/pl.gmo /Users/cam/Documents/Projects/ultima-iv-web/vlc-thumbs/work/upstream/vlc-master-story005-reproduction/extras/package/macosx/../../../po/ps.gmo /Users/cam/Documents/Projects/ultima-iv-web/vlc-thumbs/work/upstream/vlc-master-story005-reproduction/extras/package/macosx/../../../po/pt_BR.gmo /Users/cam/Documents/Projects/ultima-iv-web/vlc-thumbs/work/upstream/vlc-master-story005-reproduction/extras/package/macosx/../../../po/pt_PT.gmo /Users/cam/Documents/Projects/ultima-iv-web/vlc-thumbs/work/upstream/vlc-master-story005-reproduction/extras/package/macosx/../../../po/ro.gmo /Users/cam/Documents/Projects/ultima-iv-web/vlc-thumbs/work/upstream/vlc-master-story005-reproduction/extras/package/macosx/../../../po/ru.gmo /Users/cam/Documents/Projects/ultima-iv-web/vlc-thumbs/work/upstream/vlc-master-story005-reproduction/extras/package/macosx/../../../po/si.gmo /Users/cam/Documents/Projects/ultima-iv-web/vlc-thumbs/work/upstream/vlc-master-story005-reproduction/extras/package/macosx/../../../po/sk.gmo /Users/cam/Documents/Projects/ultima-iv-web/vlc-thumbs/work/upstream/vlc-master-story005-reproduction/extras/package/macosx/../../../po/sl.gmo /Users/cam/Documents/Projects/ultima-iv-web/vlc-thumbs/work/upstream/vlc-master-story005-reproduction/extras/package/macosx/../../../po/sq.gmo /Users/cam/Documents/Projects/ultima-iv-web/vlc-thumbs/work/upstream/vlc-master-story005-reproduction/extras/package/macosx/../../../po/sr.gmo /Users/cam/Documents/Projects/ultima-iv-web/vlc-thumbs/work/upstream/vlc-master-story005-reproduction/extras/package/macosx/../../../po/sv.gmo /Users/cam/Documents/Projects/ultima-iv-web/vlc-thumbs/work/upstream/vlc-master-story005-reproduction/extras/package/macosx/../../../po/ta.gmo /Users/cam/Documents/Projects/ultima-iv-web/vlc-thumbs/work/upstream/vlc-master-story005-reproduction/extras/package/macosx/../../../po/te.gmo /Users/cam/Documents/Projects/ultima-iv-web/vlc-thumbs/work/upstream/vlc-master-story005-reproduction/extras/package/macosx/../../../po/tet.gmo /Users/cam/Documents/Projects/ultima-iv-web/vlc-thumbs/work/upstream/vlc-master-story005-reproduction/extras/package/macosx/../../../po/th.gmo /Users/cam/Documents/Projects/ultima-iv-web/vlc-thumbs/work/upstream/vlc-master-story005-reproduction/extras/package/macosx/../../../po/tl.gmo /Users/cam/Documents/Projects/ultima-iv-web/vlc-thumbs/work/upstream/vlc-master-story005-reproduction/extras/package/macosx/../../../po/tr.gmo /Users/cam/Documents/Projects/ultima-iv-web/vlc-thumbs/work/upstream/vlc-master-story005-reproduction/extras/package/macosx/../../../po/ug.gmo /Users/cam/Documents/Projects/ultima-iv-web/vlc-thumbs/work/upstream/vlc-master-story005-reproduction/extras/package/macosx/../../../po/uk.gmo /Users/cam/Documents/Projects/ultima-iv-web/vlc-thumbs/work/upstream/vlc-master-story005-reproduction/extras/package/macosx/../../../po/uz.gmo /Users/cam/Documents/Projects/ultima-iv-web/vlc-thumbs/work/upstream/vlc-master-story005-reproduction/extras/package/macosx/../../../po/vi.gmo /Users/cam/Documents/Projects/ultima-iv-web/vlc-thumbs/work/upstream/vlc-master-story005-reproduction/extras/package/macosx/../../../po/wa.gmo /Users/cam/Documents/Projects/ultima-iv-web/vlc-thumbs/work/upstream/vlc-master-story005-reproduction/extras/package/macosx/../../../po/zh_CN.gmo /Users/cam/Documents/Projects/ultima-iv-web/vlc-thumbs/work/upstream/vlc-master-story005-reproduction/extras/package/macosx/../../../po/zh_TW.gmo /Users/cam/Documents/Projects/ultima-iv-web/vlc-thumbs/work/upstream/vlc-master-story005-reproduction/extras/package/macosx/../../../po/zu.gmo" || /Applications/Xcode.app/Contents/Developer/usr/bin/make /Users/cam/Documents/Projects/ultima-iv-web/vlc-thumbs/work/upstream/vlc-master-story005-reproduction/extras/package/macosx/../../../po/ach.gmo /Users/cam/Documents/Projects/ultima-iv-web/vlc-thumbs/work/upstream/vlc-master-story005-reproduction/extras/package/macosx/../../../po/af.gmo /Users/cam/Documents/Projects/ultima-iv-web/vlc-thumbs/work/upstream/vlc-master-story005-reproduction/extras/package/macosx/../../../po/am.gmo /Users/cam/Documents/Projects/ultima-iv-web/vlc-thumbs/work/upstream/vlc-master-story005-reproduction/extras/package/macosx/../../../po/an.gmo /Users/cam/Documents/Projects/ultima-iv-web/vlc-thumbs/work/upstream/vlc-master-story005-reproduction/extras/package/macosx/../../../po/ar.gmo /Users/cam/Documents/Projects/ultima-iv-web/vlc-thumbs/work/upstream/vlc-master-story005-reproduction/extras/package/macosx/../../../po/as.gmo /Users/cam/Documents/Projects/ultima-iv-web/vlc-thumbs/work/upstream/vlc-master-story005-reproduction/extras/package/macosx/../../../po/ast.gmo /Users/cam/Documents/Projects/ultima-iv-web/vlc-thumbs/work/upstream/vlc-master-story005-reproduction/extras/package/macosx/../../../po/az.gmo /Users/cam/Documents/Projects/ultima-iv-web/vlc-thumbs/work/upstream/vlc-master-story005-reproduction/extras/package/macosx/../../../po/be.gmo /Users/cam/Documents/Projects/ultima-iv-web/vlc-thumbs/work/upstream/vlc-master-story005-reproduction/extras/package/macosx/../../../po/bg.gmo /Users/cam/Documents/Projects/ultima-iv-web/vlc-thumbs/work/upstream/vlc-master-story005-reproduction/extras/package/macosx/../../../po/bn_IN.gmo /Users/cam/Documents/Projects/ultima-iv-web/vlc-thumbs/work/upstream/vlc-master-story005-reproduction/extras/package/macosx/../../../po/bn.gmo /Users/cam/Documents/Projects/ultima-iv-web/vlc-thumbs/work/upstream/vlc-master-story005-reproduction/extras/package/macosx/../../../po/br.gmo /Users/cam/Documents/Projects/ultima-iv-web/vlc-thumbs/work/upstream/vlc-master-story005-reproduction/extras/package/macosx/../../../po/brx.gmo /Users/cam/Documents/Projects/ultima-iv-web/vlc-thumbs/work/upstream/vlc-master-story005-reproduction/extras/package/macosx/../../../po/bs.gmo /Users/cam/Documents/Projects/ultima-iv-web/vlc-thumbs/work/upstream/vlc-master-story005-reproduction/extras/package/macosx/../../../po/ca.gmo /Users/cam/Documents/Projects/ultima-iv-web/vlc-thumbs/work/upstream/vlc-master-story005-reproduction/extras/package/macosx/../../../po/cgg.gmo /Users/cam/Documents/Projects/ultima-iv-web/vlc-thumbs/work/upstream/vlc-master-story005-reproduction/extras/package/macosx/../../../po/ckb.gmo /Users/cam/Documents/Projects/ultima-iv-web/vlc-thumbs/work/upstream/vlc-master-story005-reproduction/extras/package/macosx/../../../po/co.gmo /Users/cam/Documents/Projects/ultima-iv-web/vlc-thumbs/work/upstream/vlc-master-story005-reproduction/extras/package/macosx/../../../po/cs.gmo /Users/cam/Documents/Projects/ultima-iv-web/vlc-thumbs/work/upstream/vlc-master-story005-reproduction/extras/package/macosx/../../../po/cy.gmo /Users/cam/Documents/Projects/ultima-iv-web/vlc-thumbs/work/upstream/vlc-master-story005-reproduction/extras/package/macosx/../../../po/da.gmo /Users/cam/Documents/Projects/ultima-iv-web/vlc-thumbs/work/upstream/vlc-master-story005-reproduction/extras/package/macosx/../../../po/de.gmo /Users/cam/Documents/Projects/ultima-iv-web/vlc-thumbs/work/upstream/vlc-master-story005-reproduction/extras/package/macosx/../../../po/el.gmo /Users/cam/Documents/Projects/ultima-iv-web/vlc-thumbs/work/upstream/vlc-master-story005-reproduction/extras/package/macosx/../../../po/en_GB.gmo /Users/cam/Documents/Projects/ultima-iv-web/vlc-thumbs/work/upstream/vlc-master-story005-reproduction/extras/package/macosx/../../../po/es.gmo /Users/cam/Documents/Projects/ultima-iv-web/vlc-thumbs/work/upstream/vlc-master-story005-reproduction/extras/package/macosx/../../../po/et.gmo /Users/cam/Documents/Projects/ultima-iv-web/vlc-thumbs/work/upstream/vlc-master-story005-reproduction/extras/package/macosx/../../../po/eu.gmo /Users/cam/Documents/Projects/ultima-iv-web/vlc-thumbs/work/upstream/vlc-master-story005-reproduction/extras/package/macosx/../../../po/fa.gmo /Users/cam/Documents/Projects/ultima-iv-web/vlc-thumbs/work/upstream/vlc-master-story005-reproduction/extras/package/macosx/../../../po/ff.gmo /Users/cam/Documents/Projects/ultima-iv-web/vlc-thumbs/work/upstream/vlc-master-story005-reproduction/extras/package/macosx/../../../po/fi.gmo /Users/cam/Documents/Projects/ultima-iv-web/vlc-thumbs/work/upstream/vlc-master-story005-reproduction/extras/package/macosx/../../../po/fr.gmo /Users/cam/Documents/Projects/ultima-iv-web/vlc-thumbs/work/upstream/vlc-master-story005-reproduction/extras/package/macosx/../../../po/fur.gmo /Users/cam/Documents/Projects/ultima-iv-web/vlc-thumbs/work/upstream/vlc-master-story005-reproduction/extras/package/macosx/../../../po/fy.gmo /Users/cam/Documents/Projects/ultima-iv-web/vlc-thumbs/work/upstream/vlc-master-story005-reproduction/extras/package/macosx/../../../po/ga.gmo /Users/cam/Documents/Projects/ultima-iv-web/vlc-thumbs/work/upstream/vlc-master-story005-reproduction/extras/package/macosx/../../../po/gd.gmo /Users/cam/Documents/Projects/ultima-iv-web/vlc-thumbs/work/upstream/vlc-master-story005-reproduction/extras/package/macosx/../../../po/gl.gmo /Users/cam/Documents/Projects/ultima-iv-web/vlc-thumbs/work/upstream/vlc-master-story005-reproduction/extras/package/macosx/../../../po/gu.gmo /Users/cam/Documents/Projects/ultima-iv-web/vlc-thumbs/work/upstream/vlc-master-story005-reproduction/extras/package/macosx/../../../po/he.gmo /Users/cam/Documents/Projects/ultima-iv-web/vlc-thumbs/work/upstream/vlc-master-story005-reproduction/extras/package/macosx/../../../po/hi.gmo /Users/cam/Documents/Projects/ultima-iv-web/vlc-thumbs/work/upstream/vlc-master-story005-reproduction/extras/package/macosx/../../../po/hr.gmo /Users/cam/Documents/Projects/ultima-iv-web/vlc-thumbs/work/upstream/vlc-master-story005-reproduction/extras/package/macosx/../../../po/hu.gmo /Users/cam/Documents/Projects/ultima-iv-web/vlc-thumbs/work/upstream/vlc-master-story005-reproduction/extras/package/macosx/../../../po/hy.gmo /Users/cam/Documents/Projects/ultima-iv-web/vlc-thumbs/work/upstream/vlc-master-story005-reproduction/extras/package/macosx/../../../po/ia.gmo /Users/cam/Documents/Projects/ultima-iv-web/vlc-thumbs/work/upstream/vlc-master-story005-reproduction/extras/package/macosx/../../../po/id.gmo /Users/cam/Documents/Projects/ultima-iv-web/vlc-thumbs/work/upstream/vlc-master-story005-reproduction/extras/package/macosx/../../../po/is.gmo /Users/cam/Documents/Projects/ultima-iv-web/vlc-thumbs/work/upstream/vlc-master-story005-reproduction/extras/package/macosx/../../../po/it.gmo /Users/cam/Documents/Projects/ultima-iv-web/vlc-thumbs/work/upstream/vlc-master-story005-reproduction/extras/package/macosx/../../../po/ja.gmo /Users/cam/Documents/Projects/ultima-iv-web/vlc-thumbs/work/upstream/vlc-master-story005-reproduction/extras/package/macosx/../../../po/ka.gmo /Users/cam/Documents/Projects/ultima-iv-web/vlc-thumbs/work/upstream/vlc-master-story005-reproduction/extras/package/macosx/../../../po/kk.gmo /Users/cam/Documents/Projects/ultima-iv-web/vlc-thumbs/work/upstream/vlc-master-story005-reproduction/extras/package/macosx/../../../po/km.gmo /Users/cam/Documents/Projects/ultima-iv-web/vlc-thumbs/work/upstream/vlc-master-story005-reproduction/extras/package/macosx/../../../po/kn.gmo /Users/cam/Documents/Projects/ultima-iv-web/vlc-thumbs/work/upstream/vlc-master-story005-reproduction/extras/package/macosx/../../../po/ko.gmo /Users/cam/Documents/Projects/ultima-iv-web/vlc-thumbs/work/upstream/vlc-master-story005-reproduction/extras/package/macosx/../../../po/ks_IN.gmo /Users/cam/Documents/Projects/ultima-iv-web/vlc-thumbs/work/upstream/vlc-master-story005-reproduction/extras/package/macosx/../../../po/ky.gmo /Users/cam/Documents/Projects/ultima-iv-web/vlc-thumbs/work/upstream/vlc-master-story005-reproduction/extras/package/macosx/../../../po/lg.gmo /Users/cam/Documents/Projects/ultima-iv-web/vlc-thumbs/work/upstream/vlc-master-story005-reproduction/extras/package/macosx/../../../po/lt.gmo /Users/cam/Documents/Projects/ultima-iv-web/vlc-thumbs/work/upstream/vlc-master-story005-reproduction/extras/package/macosx/../../../po/lv.gmo /Users/cam/Documents/Projects/ultima-iv-web/vlc-thumbs/work/upstream/vlc-master-story005-reproduction/extras/package/macosx/../../../po/mai.gmo /Users/cam/Documents/Projects/ultima-iv-web/vlc-thumbs/work/upstream/vlc-master-story005-reproduction/extras/package/macosx/../../../po/mk.gmo /Users/cam/Documents/Projects/ultima-iv-web/vlc-thumbs/work/upstream/vlc-master-story005-reproduction/extras/package/macosx/../../../po/ml.gmo /Users/cam/Documents/Projects/ultima-iv-web/vlc-thumbs/work/upstream/vlc-master-story005-reproduction/extras/package/macosx/../../../po/mn.gmo /Users/cam/Documents/Projects/ultima-iv-web/vlc-thumbs/work/upstream/vlc-master-story005-reproduction/extras/package/macosx/../../../po/mr.gmo /Users/cam/Documents/Projects/ultima-iv-web/vlc-thumbs/work/upstream/vlc-master-story005-reproduction/extras/package/macosx/../../../po/ms.gmo /Users/cam/Documents/Projects/ultima-iv-web/vlc-thumbs/work/upstream/vlc-master-story005-reproduction/extras/package/macosx/../../../po/my.gmo /Users/cam/Documents/Projects/ultima-iv-web/vlc-thumbs/work/upstream/vlc-master-story005-reproduction/extras/package/macosx/../../../po/nb.gmo /Users/cam/Documents/Projects/ultima-iv-web/vlc-thumbs/work/upstream/vlc-master-story005-reproduction/extras/package/macosx/../../../po/ne.gmo /Users/cam/Documents/Projects/ultima-iv-web/vlc-thumbs/work/upstream/vlc-master-story005-reproduction/extras/package/macosx/../../../po/nl.gmo /Users/cam/Documents/Projects/ultima-iv-web/vlc-thumbs/work/upstream/vlc-master-story005-reproduction/extras/package/macosx/../../../po/nn.gmo /Users/cam/Documents/Projects/ultima-iv-web/vlc-thumbs/work/upstream/vlc-master-story005-reproduction/extras/package/macosx/../../../po/oc.gmo /Users/cam/Documents/Projects/ultima-iv-web/vlc-thumbs/work/upstream/vlc-master-story005-reproduction/extras/package/macosx/../../../po/or.gmo /Users/cam/Documents/Projects/ultima-iv-web/vlc-thumbs/work/upstream/vlc-master-story005-reproduction/extras/package/macosx/../../../po/pa.gmo /Users/cam/Documents/Projects/ultima-iv-web/vlc-thumbs/work/upstream/vlc-master-story005-reproduction/extras/package/macosx/../../../po/pl.gmo /Users/cam/Documents/Projects/ultima-iv-web/vlc-thumbs/work/upstream/vlc-master-story005-reproduction/extras/package/macosx/../../../po/ps.gmo /Users/cam/Documents/Projects/ultima-iv-web/vlc-thumbs/work/upstream/vlc-master-story005-reproduction/extras/package/macosx/../../../po/pt_BR.gmo /Users/cam/Documents/Projects/ultima-iv-web/vlc-thumbs/work/upstream/vlc-master-story005-reproduction/extras/package/macosx/../../../po/pt_PT.gmo /Users/cam/Documents/Projects/ultima-iv-web/vlc-thumbs/work/upstream/vlc-master-story005-reproduction/extras/package/macosx/../../../po/ro.gmo /Users/cam/Documents/Projects/ultima-iv-web/vlc-thumbs/work/upstream/vlc-master-story005-reproduction/extras/package/macosx/../../../po/ru.gmo /Users/cam/Documents/Projects/ultima-iv-web/vlc-thumbs/work/upstream/vlc-master-story005-reproduction/extras/package/macosx/../../../po/si.gmo /Users/cam/Documents/Projects/ultima-iv-web/vlc-thumbs/work/upstream/vlc-master-story005-reproduction/extras/package/macosx/../../../po/sk.gmo /Users/cam/Documents/Projects/ultima-iv-web/vlc-thumbs/work/upstream/vlc-master-story005-reproduction/extras/package/macosx/../../../po/sl.gmo /Users/cam/Documents/Projects/ultima-iv-web/vlc-thumbs/work/upstream/vlc-master-story005-reproduction/extras/package/macosx/../../../po/sq.gmo /Users/cam/Documents/Projects/ultima-iv-web/vlc-thumbs/work/upstream/vlc-master-story005-reproduction/extras/package/macosx/../../../po/sr.gmo /Users/cam/Documents/Projects/ultima-iv-web/vlc-thumbs/work/upstream/vlc-master-story005-reproduction/extras/package/macosx/../../../po/sv.gmo /Users/cam/Documents/Projects/ultima-iv-web/vlc-thumbs/work/upstream/vlc-master-story005-reproduction/extras/package/macosx/../../../po/ta.gmo /Users/cam/Documents/Projects/ultima-iv-web/vlc-thumbs/work/upstream/vlc-master-story005-reproduction/extras/package/macosx/../../../po/te.gmo /Users/cam/Documents/Projects/ultima-iv-web/vlc-thumbs/work/upstream/vlc-master-story005-reproduction/extras/package/macosx/../../../po/tet.gmo /Users/cam/Documents/Projects/ultima-iv-web/vlc-thumbs/work/upstream/vlc-master-story005-reproduction/extras/package/macosx/../../../po/th.gmo /Users/cam/Documents/Projects/ultima-iv-web/vlc-thumbs/work/upstream/vlc-master-story005-reproduction/extras/package/macosx/../../../po/tl.gmo /Users/cam/Documents/Projects/ultima-iv-web/vlc-thumbs/work/upstream/vlc-master-story005-reproduction/extras/package/macosx/../../../po/tr.gmo /Users/cam/Documents/Projects/ultima-iv-web/vlc-thumbs/work/upstream/vlc-master-story005-reproduction/extras/package/macosx/../../../po/ug.gmo /Users/cam/Documents/Projects/ultima-iv-web/vlc-thumbs/work/upstream/vlc-master-story005-reproduction/extras/package/macosx/../../../po/uk.gmo /Users/cam/Documents/Projects/ultima-iv-web/vlc-thumbs/work/upstream/vlc-master-story005-reproduction/extras/package/macosx/../../../po/uz.gmo /Users/cam/Documents/Projects/ultima-iv-web/vlc-thumbs/work/upstream/vlc-master-story005-reproduction/extras/package/macosx/../../../po/vi.gmo /Users/cam/Documents/Projects/ultima-iv-web/vlc-thumbs/work/upstream/vlc-master-story005-reproduction/extras/package/macosx/../../../po/wa.gmo /Users/cam/Documents/Projects/ultima-iv-web/vlc-thumbs/work/upstream/vlc-master-story005-reproduction/extras/package/macosx/../../../po/zh_CN.gmo /Users/cam/Documents/Projects/ultima-iv-web/vlc-thumbs/work/upstream/vlc-master-story005-reproduction/extras/package/macosx/../../../po/zh_TW.gmo /Users/cam/Documents/Projects/ultima-iv-web/vlc-thumbs/work/upstream/vlc-master-story005-reproduction/extras/package/macosx/../../../po/zu.gmo
make[5]: `/Users/cam/Documents/Projects/ultima-iv-web/vlc-thumbs/work/upstream/vlc-master-story005-reproduction/extras/package/macosx/../../../po/ach.gmo' is up to date.
make[5]: `/Users/cam/Documents/Projects/ultima-iv-web/vlc-thumbs/work/upstream/vlc-master-story005-reproduction/extras/package/macosx/../../../po/af.gmo' is up to date.
make[5]: `/Users/cam/Documents/Projects/ultima-iv-web/vlc-thumbs/work/upstream/vlc-master-story005-reproduction/extras/package/macosx/../../../po/am.gmo' is up to date.
make[5]: `/Users/cam/Documents/Projects/ultima-iv-web/vlc-thumbs/work/upstream/vlc-master-story005-reproduction/extras/package/macosx/../../../po/an.gmo' is up to date.
make[5]: `/Users/cam/Documents/Projects/ultima-iv-web/vlc-thumbs/work/upstream/vlc-master-story005-reproduction/extras/package/macosx/../../../po/ar.gmo' is up to date.
make[5]: `/Users/cam/Documents/Projects/ultima-iv-web/vlc-thumbs/work/upstream/vlc-master-story005-reproduction/extras/package/macosx/../../../po/as.gmo' is up to date.
make[5]: `/Users/cam/Documents/Projects/ultima-iv-web/vlc-thumbs/work/upstream/vlc-master-story005-reproduction/extras/package/macosx/../../../po/ast.gmo' is up to date.
make[5]: `/Users/cam/Documents/Projects/ultima-iv-web/vlc-thumbs/work/upstream/vlc-master-story005-reproduction/extras/package/macosx/../../../po/az.gmo' is up to date.
make[5]: `/Users/cam/Documents/Projects/ultima-iv-web/vlc-thumbs/work/upstream/vlc-master-story005-reproduction/extras/package/macosx/../../../po/be.gmo' is up to date.
make[5]: `/Users/cam/Documents/Projects/ultima-iv-web/vlc-thumbs/work/upstream/vlc-master-story005-reproduction/extras/package/macosx/../../../po/bg.gmo' is up to date.
make[5]: `/Users/cam/Documents/Projects/ultima-iv-web/vlc-thumbs/work/upstream/vlc-master-story005-reproduction/extras/package/macosx/../../../po/bn_IN.gmo' is up to date.
make[5]: `/Users/cam/Documents/Projects/ultima-iv-web/vlc-thumbs/work/upstream/vlc-master-story005-reproduction/extras/package/macosx/../../../po/bn.gmo' is up to date.
make[5]: `/Users/cam/Documents/Projects/ultima-iv-web/vlc-thumbs/work/upstream/vlc-master-story005-reproduction/extras/package/macosx/../../../po/br.gmo' is up to date.
make[5]: `/Users/cam/Documents/Projects/ultima-iv-web/vlc-thumbs/work/upstream/vlc-master-story005-reproduction/extras/package/macosx/../../../po/brx.gmo' is up to date.
make[5]: `/Users/cam/Documents/Projects/ultima-iv-web/vlc-thumbs/work/upstream/vlc-master-story005-reproduction/extras/package/macosx/../../../po/bs.gmo' is up to date.
make[5]: `/Users/cam/Documents/Projects/ultima-iv-web/vlc-thumbs/work/upstream/vlc-master-story005-reproduction/extras/package/macosx/../../../po/ca.gmo' is up to date.
make[5]: `/Users/cam/Documents/Projects/ultima-iv-web/vlc-thumbs/work/upstream/vlc-master-story005-reproduction/extras/package/macosx/../../../po/cgg.gmo' is up to date.
make[5]: `/Users/cam/Documents/Projects/ultima-iv-web/vlc-thumbs/work/upstream/vlc-master-story005-reproduction/extras/package/macosx/../../../po/ckb.gmo' is up to date.
make[5]: `/Users/cam/Documents/Projects/ultima-iv-web/vlc-thumbs/work/upstream/vlc-master-story005-reproduction/extras/package/macosx/../../../po/co.gmo' is up to date.
make[5]: `/Users/cam/Documents/Projects/ultima-iv-web/vlc-thumbs/work/upstream/vlc-master-story005-reproduction/extras/package/macosx/../../../po/cs.gmo' is up to date.
make[5]: `/Users/cam/Documents/Projects/ultima-iv-web/vlc-thumbs/work/upstream/vlc-master-story005-reproduction/extras/package/macosx/../../../po/cy.gmo' is up to date.
make[5]: `/Users/cam/Documents/Projects/ultima-iv-web/vlc-thumbs/work/upstream/vlc-master-story005-reproduction/extras/package/macosx/../../../po/da.gmo' is up to date.
make[5]: `/Users/cam/Documents/Projects/ultima-iv-web/vlc-thumbs/work/upstream/vlc-master-story005-reproduction/extras/package/macosx/../../../po/de.gmo' is up to date.
make[5]: `/Users/cam/Documents/Projects/ultima-iv-web/vlc-thumbs/work/upstream/vlc-master-story005-reproduction/extras/package/macosx/../../../po/el.gmo' is up to date.
make[5]: `/Users/cam/Documents/Projects/ultima-iv-web/vlc-thumbs/work/upstream/vlc-master-story005-reproduction/extras/package/macosx/../../../po/en_GB.gmo' is up to date.
make[5]: `/Users/cam/Documents/Projects/ultima-iv-web/vlc-thumbs/work/upstream/vlc-master-story005-reproduction/extras/package/macosx/../../../po/es.gmo' is up to date.
make[5]: `/Users/cam/Documents/Projects/ultima-iv-web/vlc-thumbs/work/upstream/vlc-master-story005-reproduction/extras/package/macosx/../../../po/et.gmo' is up to date.
make[5]: `/Users/cam/Documents/Projects/ultima-iv-web/vlc-thumbs/work/upstream/vlc-master-story005-reproduction/extras/package/macosx/../../../po/eu.gmo' is up to date.
make[5]: `/Users/cam/Documents/Projects/ultima-iv-web/vlc-thumbs/work/upstream/vlc-master-story005-reproduction/extras/package/macosx/../../../po/fa.gmo' is up to date.
make[5]: `/Users/cam/Documents/Projects/ultima-iv-web/vlc-thumbs/work/upstream/vlc-master-story005-reproduction/extras/package/macosx/../../../po/ff.gmo' is up to date.
make[5]: `/Users/cam/Documents/Projects/ultima-iv-web/vlc-thumbs/work/upstream/vlc-master-story005-reproduction/extras/package/macosx/../../../po/fi.gmo' is up to date.
make[5]: `/Users/cam/Documents/Projects/ultima-iv-web/vlc-thumbs/work/upstream/vlc-master-story005-reproduction/extras/package/macosx/../../../po/fr.gmo' is up to date.
make[5]: `/Users/cam/Documents/Projects/ultima-iv-web/vlc-thumbs/work/upstream/vlc-master-story005-reproduction/extras/package/macosx/../../../po/fur.gmo' is up to date.
make[5]: `/Users/cam/Documents/Projects/ultima-iv-web/vlc-thumbs/work/upstream/vlc-master-story005-reproduction/extras/package/macosx/../../../po/fy.gmo' is up to date.
make[5]: `/Users/cam/Documents/Projects/ultima-iv-web/vlc-thumbs/work/upstream/vlc-master-story005-reproduction/extras/package/macosx/../../../po/ga.gmo' is up to date.
make[5]: `/Users/cam/Documents/Projects/ultima-iv-web/vlc-thumbs/work/upstream/vlc-master-story005-reproduction/extras/package/macosx/../../../po/gd.gmo' is up to date.
make[5]: `/Users/cam/Documents/Projects/ultima-iv-web/vlc-thumbs/work/upstream/vlc-master-story005-reproduction/extras/package/macosx/../../../po/gl.gmo' is up to date.
make[5]: `/Users/cam/Documents/Projects/ultima-iv-web/vlc-thumbs/work/upstream/vlc-master-story005-reproduction/extras/package/macosx/../../../po/gu.gmo' is up to date.
make[5]: `/Users/cam/Documents/Projects/ultima-iv-web/vlc-thumbs/work/upstream/vlc-master-story005-reproduction/extras/package/macosx/../../../po/he.gmo' is up to date.
make[5]: `/Users/cam/Documents/Projects/ultima-iv-web/vlc-thumbs/work/upstream/vlc-master-story005-reproduction/extras/package/macosx/../../../po/hi.gmo' is up to date.
make[5]: `/Users/cam/Documents/Projects/ultima-iv-web/vlc-thumbs/work/upstream/vlc-master-story005-reproduction/extras/package/macosx/../../../po/hr.gmo' is up to date.
make[5]: `/Users/cam/Documents/Projects/ultima-iv-web/vlc-thumbs/work/upstream/vlc-master-story005-reproduction/extras/package/macosx/../../../po/hu.gmo' is up to date.
make[5]: `/Users/cam/Documents/Projects/ultima-iv-web/vlc-thumbs/work/upstream/vlc-master-story005-reproduction/extras/package/macosx/../../../po/hy.gmo' is up to date.
make[5]: `/Users/cam/Documents/Projects/ultima-iv-web/vlc-thumbs/work/upstream/vlc-master-story005-reproduction/extras/package/macosx/../../../po/ia.gmo' is up to date.
make[5]: `/Users/cam/Documents/Projects/ultima-iv-web/vlc-thumbs/work/upstream/vlc-master-story005-reproduction/extras/package/macosx/../../../po/id.gmo' is up to date.
make[5]: `/Users/cam/Documents/Projects/ultima-iv-web/vlc-thumbs/work/upstream/vlc-master-story005-reproduction/extras/package/macosx/../../../po/is.gmo' is up to date.
make[5]: `/Users/cam/Documents/Projects/ultima-iv-web/vlc-thumbs/work/upstream/vlc-master-story005-reproduction/extras/package/macosx/../../../po/it.gmo' is up to date.
make[5]: `/Users/cam/Documents/Projects/ultima-iv-web/vlc-thumbs/work/upstream/vlc-master-story005-reproduction/extras/package/macosx/../../../po/ja.gmo' is up to date.
make[5]: `/Users/cam/Documents/Projects/ultima-iv-web/vlc-thumbs/work/upstream/vlc-master-story005-reproduction/extras/package/macosx/../../../po/ka.gmo' is up to date.
make[5]: `/Users/cam/Documents/Projects/ultima-iv-web/vlc-thumbs/work/upstream/vlc-master-story005-reproduction/extras/package/macosx/../../../po/kk.gmo' is up to date.
make[5]: `/Users/cam/Documents/Projects/ultima-iv-web/vlc-thumbs/work/upstream/vlc-master-story005-reproduction/extras/package/macosx/../../../po/km.gmo' is up to date.
make[5]: `/Users/cam/Documents/Projects/ultima-iv-web/vlc-thumbs/work/upstream/vlc-master-story005-reproduction/extras/package/macosx/../../../po/kn.gmo' is up to date.
make[5]: `/Users/cam/Documents/Projects/ultima-iv-web/vlc-thumbs/work/upstream/vlc-master-story005-reproduction/extras/package/macosx/../../../po/ko.gmo' is up to date.
make[5]: `/Users/cam/Documents/Projects/ultima-iv-web/vlc-thumbs/work/upstream/vlc-master-story005-reproduction/extras/package/macosx/../../../po/ks_IN.gmo' is up to date.
make[5]: `/Users/cam/Documents/Projects/ultima-iv-web/vlc-thumbs/work/upstream/vlc-master-story005-reproduction/extras/package/macosx/../../../po/ky.gmo' is up to date.
make[5]: `/Users/cam/Documents/Projects/ultima-iv-web/vlc-thumbs/work/upstream/vlc-master-story005-reproduction/extras/package/macosx/../../../po/lg.gmo' is up to date.
make[5]: `/Users/cam/Documents/Projects/ultima-iv-web/vlc-thumbs/work/upstream/vlc-master-story005-reproduction/extras/package/macosx/../../../po/lt.gmo' is up to date.
make[5]: `/Users/cam/Documents/Projects/ultima-iv-web/vlc-thumbs/work/upstream/vlc-master-story005-reproduction/extras/package/macosx/../../../po/lv.gmo' is up to date.
make[5]: `/Users/cam/Documents/Projects/ultima-iv-web/vlc-thumbs/work/upstream/vlc-master-story005-reproduction/extras/package/macosx/../../../po/mai.gmo' is up to date.
make[5]: `/Users/cam/Documents/Projects/ultima-iv-web/vlc-thumbs/work/upstream/vlc-master-story005-reproduction/extras/package/macosx/../../../po/mk.gmo' is up to date.
make[5]: `/Users/cam/Documents/Projects/ultima-iv-web/vlc-thumbs/work/upstream/vlc-master-story005-reproduction/extras/package/macosx/../../../po/ml.gmo' is up to date.
make[5]: `/Users/cam/Documents/Projects/ultima-iv-web/vlc-thumbs/work/upstream/vlc-master-story005-reproduction/extras/package/macosx/../../../po/mn.gmo' is up to date.
make[5]: `/Users/cam/Documents/Projects/ultima-iv-web/vlc-thumbs/work/upstream/vlc-master-story005-reproduction/extras/package/macosx/../../../po/mr.gmo' is up to date.
make[5]: `/Users/cam/Documents/Projects/ultima-iv-web/vlc-thumbs/work/upstream/vlc-master-story005-reproduction/extras/package/macosx/../../../po/ms.gmo' is up to date.
make[5]: `/Users/cam/Documents/Projects/ultima-iv-web/vlc-thumbs/work/upstream/vlc-master-story005-reproduction/extras/package/macosx/../../../po/my.gmo' is up to date.
make[5]: `/Users/cam/Documents/Projects/ultima-iv-web/vlc-thumbs/work/upstream/vlc-master-story005-reproduction/extras/package/macosx/../../../po/nb.gmo' is up to date.
make[5]: `/Users/cam/Documents/Projects/ultima-iv-web/vlc-thumbs/work/upstream/vlc-master-story005-reproduction/extras/package/macosx/../../../po/ne.gmo' is up to date.
make[5]: `/Users/cam/Documents/Projects/ultima-iv-web/vlc-thumbs/work/upstream/vlc-master-story005-reproduction/extras/package/macosx/../../../po/nl.gmo' is up to date.
make[5]: `/Users/cam/Documents/Projects/ultima-iv-web/vlc-thumbs/work/upstream/vlc-master-story005-reproduction/extras/package/macosx/../../../po/nn.gmo' is up to date.
make[5]: `/Users/cam/Documents/Projects/ultima-iv-web/vlc-thumbs/work/upstream/vlc-master-story005-reproduction/extras/package/macosx/../../../po/oc.gmo' is up to date.
make[5]: `/Users/cam/Documents/Projects/ultima-iv-web/vlc-thumbs/work/upstream/vlc-master-story005-reproduction/extras/package/macosx/../../../po/or.gmo' is up to date.
make[5]: `/Users/cam/Documents/Projects/ultima-iv-web/vlc-thumbs/work/upstream/vlc-master-story005-reproduction/extras/package/macosx/../../../po/pa.gmo' is up to date.
make[5]: `/Users/cam/Documents/Projects/ultima-iv-web/vlc-thumbs/work/upstream/vlc-master-story005-reproduction/extras/package/macosx/../../../po/pl.gmo' is up to date.
make[5]: `/Users/cam/Documents/Projects/ultima-iv-web/vlc-thumbs/work/upstream/vlc-master-story005-reproduction/extras/package/macosx/../../../po/ps.gmo' is up to date.
make[5]: `/Users/cam/Documents/Projects/ultima-iv-web/vlc-thumbs/work/upstream/vlc-master-story005-reproduction/extras/package/macosx/../../../po/pt_BR.gmo' is up to date.
make[5]: `/Users/cam/Documents/Projects/ultima-iv-web/vlc-thumbs/work/upstream/vlc-master-story005-reproduction/extras/package/macosx/../../../po/pt_PT.gmo' is up to date.
make[5]: `/Users/cam/Documents/Projects/ultima-iv-web/vlc-thumbs/work/upstream/vlc-master-story005-reproduction/extras/package/macosx/../../../po/ro.gmo' is up to date.
make[5]: `/Users/cam/Documents/Projects/ultima-iv-web/vlc-thumbs/work/upstream/vlc-master-story005-reproduction/extras/package/macosx/../../../po/ru.gmo' is up to date.
make[5]: `/Users/cam/Documents/Projects/ultima-iv-web/vlc-thumbs/work/upstream/vlc-master-story005-reproduction/extras/package/macosx/../../../po/si.gmo' is up to date.
make[5]: `/Users/cam/Documents/Projects/ultima-iv-web/vlc-thumbs/work/upstream/vlc-master-story005-reproduction/extras/package/macosx/../../../po/sk.gmo' is up to date.
make[5]: `/Users/cam/Documents/Projects/ultima-iv-web/vlc-thumbs/work/upstream/vlc-master-story005-reproduction/extras/package/macosx/../../../po/sl.gmo' is up to date.
make[5]: `/Users/cam/Documents/Projects/ultima-iv-web/vlc-thumbs/work/upstream/vlc-master-story005-reproduction/extras/package/macosx/../../../po/sq.gmo' is up to date.
make[5]: `/Users/cam/Documents/Projects/ultima-iv-web/vlc-thumbs/work/upstream/vlc-master-story005-reproduction/extras/package/macosx/../../../po/sr.gmo' is up to date.
make[5]: `/Users/cam/Documents/Projects/ultima-iv-web/vlc-thumbs/work/upstream/vlc-master-story005-reproduction/extras/package/macosx/../../../po/sv.gmo' is up to date.
make[5]: `/Users/cam/Documents/Projects/ultima-iv-web/vlc-thumbs/work/upstream/vlc-master-story005-reproduction/extras/package/macosx/../../../po/ta.gmo' is up to date.
make[5]: `/Users/cam/Documents/Projects/ultima-iv-web/vlc-thumbs/work/upstream/vlc-master-story005-reproduction/extras/package/macosx/../../../po/te.gmo' is up to date.
make[5]: `/Users/cam/Documents/Projects/ultima-iv-web/vlc-thumbs/work/upstream/vlc-master-story005-reproduction/extras/package/macosx/../../../po/tet.gmo' is up to date.
make[5]: `/Users/cam/Documents/Projects/ultima-iv-web/vlc-thumbs/work/upstream/vlc-master-story005-reproduction/extras/package/macosx/../../../po/th.gmo' is up to date.
make[5]: `/Users/cam/Documents/Projects/ultima-iv-web/vlc-thumbs/work/upstream/vlc-master-story005-reproduction/extras/package/macosx/../../../po/tl.gmo' is up to date.
make[5]: `/Users/cam/Documents/Projects/ultima-iv-web/vlc-thumbs/work/upstream/vlc-master-story005-reproduction/extras/package/macosx/../../../po/tr.gmo' is up to date.
make[5]: `/Users/cam/Documents/Projects/ultima-iv-web/vlc-thumbs/work/upstream/vlc-master-story005-reproduction/extras/package/macosx/../../../po/ug.gmo' is up to date.
make[5]: `/Users/cam/Documents/Projects/ultima-iv-web/vlc-thumbs/work/upstream/vlc-master-story005-reproduction/extras/package/macosx/../../../po/uk.gmo' is up to date.
make[5]: `/Users/cam/Documents/Projects/ultima-iv-web/vlc-thumbs/work/upstream/vlc-master-story005-reproduction/extras/package/macosx/../../../po/uz.gmo' is up to date.
make[5]: `/Users/cam/Documents/Projects/ultima-iv-web/vlc-thumbs/work/upstream/vlc-master-story005-reproduction/extras/package/macosx/../../../po/vi.gmo' is up to date.
make[5]: `/Users/cam/Documents/Projects/ultima-iv-web/vlc-thumbs/work/upstream/vlc-master-story005-reproduction/extras/package/macosx/../../../po/wa.gmo' is up to date.
make[5]: `/Users/cam/Documents/Projects/ultima-iv-web/vlc-thumbs/work/upstream/vlc-master-story005-reproduction/extras/package/macosx/../../../po/zh_CN.gmo' is up to date.
make[5]: `/Users/cam/Documents/Projects/ultima-iv-web/vlc-thumbs/work/upstream/vlc-master-story005-reproduction/extras/package/macosx/../../../po/zh_TW.gmo' is up to date.
make[5]: `/Users/cam/Documents/Projects/ultima-iv-web/vlc-thumbs/work/upstream/vlc-master-story005-reproduction/extras/package/macosx/../../../po/zu.gmo' is up to date.
touch /Users/cam/Documents/Projects/ultima-iv-web/vlc-thumbs/work/upstream/vlc-master-story005-reproduction/extras/package/macosx/../../../po/stamp-po
 (cd share && /Applications/Xcode.app/Contents/Developer/usr/bin/make  top_distdir=../vlc-4.0.0-dev distdir=../vlc-4.0.0-dev/share \
     am__remove_distdir=: am__skip_length_check=: am__skip_mode_fix=: distdir)
/Applications/Xcode.app/Contents/Developer/usr/bin/make  distdir-am
 (cd src && /Applications/Xcode.app/Contents/Developer/usr/bin/make  top_distdir=../vlc-4.0.0-dev distdir=../vlc-4.0.0-dev/src \
     am__remove_distdir=: am__skip_length_check=: am__skip_mode_fix=: distdir)
  GEN      stamp-revision
/Applications/Xcode.app/Contents/Developer/usr/bin/make  distdir-am
 (cd modules && /Applications/Xcode.app/Contents/Developer/usr/bin/make  top_distdir=../vlc-4.0.0-dev distdir=../vlc-4.0.0-dev/modules \
     am__remove_distdir=: am__skip_length_check=: am__skip_mode_fix=: distdir)
/Applications/Xcode.app/Contents/Developer/usr/bin/make  distdir-am
  LEX      codec/webvtt/css_parser_test-CSSLexer.c
 (cd gui/qt && /Applications/Xcode.app/Contents/Developer/usr/bin/make  top_distdir=../../../vlc-4.0.0-dev distdir=../../../vlc-4.0.0-dev/modules/gui/qt \
     am__remove_distdir=: am__skip_length_check=: am__skip_mode_fix=: distdir)
  GEN      widgets/qml.deps
  GEN      style/qml.deps
  GEN      util/qml.deps
  GEN      playlist/qml.deps
  GEN      network/qml.deps
  GEN      playercontrols/qml.deps
  GEN      player/qml.deps
  GEN      menus/qml.deps
  GEN      dialogs/qml.deps
  GEN      maininterface/qml.deps
  GEN      shaders/shaders.deps
  GEN      medialibrary/qml.deps
/Applications/Xcode.app/Contents/Developer/usr/bin/make  distdir-am
  GEN      widgets/qml.deps
  GEN      playlist/qml.deps
  GEN      util/qml.deps
  GEN      style/qml.deps
  GEN      network/qml.deps
  GEN      playercontrols/qml.deps
  GEN      player/qml.deps
  GEN      menus/qml.deps
  GEN      dialogs/qml.deps
  GEN      maininterface/qml.deps
  GEN      shaders/shaders.deps
  GEN      medialibrary/qml.deps
 (cd lib && /Applications/Xcode.app/Contents/Developer/usr/bin/make  top_distdir=../vlc-4.0.0-dev distdir=../vlc-4.0.0-dev/lib \
     am__remove_distdir=: am__skip_length_check=: am__skip_mode_fix=: distdir)
/Applications/Xcode.app/Contents/Developer/usr/bin/make  distdir-am
 (cd doc && /Applications/Xcode.app/Contents/Developer/usr/bin/make  top_distdir=../vlc-4.0.0-dev distdir=../vlc-4.0.0-dev/doc \
     am__remove_distdir=: am__skip_length_check=: am__skip_mode_fix=: distdir)
/Applications/Xcode.app/Contents/Developer/usr/bin/make  distdir-am
if test -e "/Users/cam/Documents/Projects/ultima-iv-web/vlc-thumbs/work/upstream/vlc-master-story005-reproduction/extras/package/macosx/../../../.git"; then \
		y="ChangeLog-2024"; y="${y##ChangeLog-}" ; \
		git --git-dir="/Users/cam/Documents/Projects/ultima-iv-web/vlc-thumbs/work/upstream/vlc-master-story005-reproduction/extras/package/macosx/../../../.git" log \
			--since="$y-01-01" \
			--until="$y-12-31 23:00:00 -0100" \
			> "ChangeLog-2024" ; \
	fi
 (cd bin && /Applications/Xcode.app/Contents/Developer/usr/bin/make  top_distdir=../vlc-4.0.0-dev distdir=../vlc-4.0.0-dev/bin \
     am__remove_distdir=: am__skip_length_check=: am__skip_mode_fix=: distdir)
/Applications/Xcode.app/Contents/Developer/usr/bin/make  distdir-am
 (cd test && /Applications/Xcode.app/Contents/Developer/usr/bin/make  top_distdir=../vlc-4.0.0-dev distdir=../vlc-4.0.0-dev/test \
     am__remove_distdir=: am__skip_length_check=: am__skip_mode_fix=: distdir)
/Applications/Xcode.app/Contents/Developer/usr/bin/make  distdir-am
/Applications/Xcode.app/Contents/Developer/usr/bin/make  \
	  top_distdir="vlc-4.0.0-dev" distdir="vlc-4.0.0-dev" \
	  dist-hook
chmod u+w "vlc-4.0.0-dev/configure" "vlc-4.0.0-dev/configure.ac"
mtime_ref=
cp -p "vlc-4.0.0-dev/configure.ac" "time_ref"
sed -i '/^VERSION_DATE=\$(/,/^)/c\VERSION_DATE='2026-10-06 \
		"vlc-4.0.0-dev/configure" "vlc-4.0.0-dev/configure.ac"
sed: 1: "vlc-4.0.0-dev/configure
": invalid command code v
make[3]: *** [dist-hook] Error 1
make[2]: *** [distdir-am] Error 2
make[1]: *** [distdir] Error 2
make: *** [dist] Error 2
