Setting base environment
Using VLC root dir /Users/cam/Documents/Projects/ultima-iv-web/vlc-thumbs/work/upstream/vlc-master-story005-reproduction, build triplet aarch64-apple-darwin19 and host triplet aarch64-apple-darwin19
sed (GNU sed) 4.10
sed (GNU sed) 4.10
/usr/bin/make
/usr/local/bin/xz
/usr/bin/gzip
/usr/bin/tar
/opt/homebrew/opt/python@3.14/bin/python3
/usr/local/bin/pkg-config
/Users/cam/Documents/Projects/ultima-iv-web/vlc-thumbs/work/upstream/vlc-master-story005-reproduction/extras/tools/build/bin/autoconf
/Users/cam/Documents/Projects/ultima-iv-web/vlc-thumbs/work/upstream/vlc-master-story005-reproduction/extras/tools/build/bin/automake
/Users/cam/Documents/Projects/ultima-iv-web/vlc-thumbs/work/upstream/vlc-master-story005-reproduction/extras/tools/build/bin/libtool
 cd /Users/cam/Documents/Projects/ultima-iv-web/vlc-thumbs/work/upstream/vlc-master-story005-reproduction/extras/package/macosx/../../.. && /bin/sh /Users/cam/Documents/Projects/ultima-iv-web/vlc-thumbs/work/upstream/vlc-master-story005-reproduction/autotools/missing automake-1.18 --foreign modules/Makefile
 cd .. && /bin/sh ./config.status modules/Makefile depfiles
config.status: creating modules/Makefile
config.status: executing depfiles commands
make: `Makefile' is up to date.
/Applications/Xcode.app/Contents/Developer/usr/bin/make  dist-xz am__post_remove_distdir='@:'
/Applications/Xcode.app/Contents/Developer/usr/bin/make  distdir-am
if test -d "vlc-4.0.0-dev"; then find "vlc-4.0.0-dev" -type d ! -perm -700 -exec chmod u+rwx {} ';' ; rm -rf "vlc-4.0.0-dev" || { sleep 5 && rm -rf "vlc-4.0.0-dev"; }; else :; fi
 (cd m4 && /Applications/Xcode.app/Contents/Developer/usr/bin/make  top_distdir=../vlc-4.0.0-dev distdir=../vlc-4.0.0-dev/m4 \
     am__remove_distdir=: am__skip_length_check=: am__skip_mode_fix=: distdir)
/Applications/Xcode.app/Contents/Developer/usr/bin/make  distdir-am
 (cd compat && /Applications/Xcode.app/Contents/Developer/usr/bin/make  top_distdir=../vlc-4.0.0-dev distdir=../vlc-4.0.0-dev/compat \
     am__remove_distdir=: am__skip_length_check=: am__skip_mode_fix=: distdir)
/Applications/Xcode.app/Contents/Developer/usr/bin/make  distdir-am
 (cd po && /Applications/Xcode.app/Contents/Developer/usr/bin/make  top_distdir=../vlc-4.0.0-dev distdir=../vlc-4.0.0-dev/po \
     am__remove_distdir=: am__skip_length_check=: am__skip_mode_fix=: distdir)
test -z "update-po" || /Applications/Xcode.app/Contents/Developer/usr/bin/make update-po
/Applications/Xcode.app/Contents/Developer/usr/bin/make vlc.pot-update
package_gnu=""; \
	test -n "$package_gnu" || { \
	  if { if (LC_ALL=C find --version) 2>/dev/null | grep GNU >/dev/null; then \
	         LC_ALL=C find -L /Users/cam/Documents/Projects/ultima-iv-web/vlc-thumbs/work/upstream/vlc-master-story005-reproduction/extras/package/macosx/../../.. -maxdepth 1 -type f -size -10000000c -exec grep -i 'GNU vlc' /dev/null '{}' ';' 2>/dev/null; \
	       else \
	         LC_ALL=C grep -i 'GNU vlc' /Users/cam/Documents/Projects/ultima-iv-web/vlc-thumbs/work/upstream/vlc-master-story005-reproduction/extras/package/macosx/../../../* 2>/dev/null; \
	       fi; \
	     } | grep -v 'libtool:' >/dev/null; then \
	     package_gnu=yes; \
	   else \
	     package_gnu=no; \
	   fi; \
	}; \
	if test "$package_gnu" = "yes"; then \
	  package_prefix='GNU '; \
	else \
	  package_prefix=''; \
	fi; \
	if test -n 'vlc-devel@videolan.org' || test '' = '@'PACKAGE_BUGREPORT'@'; then \
	  msgid_bugs_address='vlc-devel@videolan.org'; \
	else \
	  msgid_bugs_address=''; \
	fi; \
	case `/Users/cam/Documents/Projects/ultima-iv-web/vlc-thumbs/work/upstream/vlc-master-story005-reproduction/extras/tools/build/bin/xgettext --version | sed 1q | sed -e 's,^[^0-9]*,,'` in \
	  '' | 0.[0-9] | 0.[0-9].* | 0.1[0-5] | 0.1[0-5].* | 0.16 | 0.16.[0-1]*) \
	    /Users/cam/Documents/Projects/ultima-iv-web/vlc-thumbs/work/upstream/vlc-master-story005-reproduction/extras/tools/build/bin/xgettext --default-domain=vlc --directory=/Users/cam/Documents/Projects/ultima-iv-web/vlc-thumbs/work/upstream/vlc-master-story005-reproduction/extras/package/macosx/../../.. \
	      --add-comments=TRANSLATORS: \
	      --files-from=/Users/cam/Documents/Projects/ultima-iv-web/vlc-thumbs/work/upstream/vlc-master-story005-reproduction/extras/package/macosx/../../../po/POTFILES.in \
	      --copyright-holder='VideoLAN' \
	      --msgid-bugs-address="$msgid_bugs_address" \
	      --directory=.. --keyword=_ --keyword=N_ --keyword=_NS --keyword=qtr:1 --keyword=qtr:1,2,3t --keyword=qsTr:1,1t --keyword=qsTr:1,2,3t --keyword=Q_ --language=C++ --keyword=vlc_ngettext:1,2 --keyword=vlc_pgettext:1c,2 --keyword=_PNS:1c,2 --add-comments=xgettext: --from-code=UTF-8  \
	    ;; \
	  *) \
	    /Users/cam/Documents/Projects/ultima-iv-web/vlc-thumbs/work/upstream/vlc-master-story005-reproduction/extras/tools/build/bin/xgettext --default-domain=vlc --directory=/Users/cam/Documents/Projects/ultima-iv-web/vlc-thumbs/work/upstream/vlc-master-story005-reproduction/extras/package/macosx/../../.. \
	      --add-comments=TRANSLATORS: \
	      --files-from=/Users/cam/Documents/Projects/ultima-iv-web/vlc-thumbs/work/upstream/vlc-master-story005-reproduction/extras/package/macosx/../../../po/POTFILES.in \
	      --copyright-holder='VideoLAN' \
	      --package-name="${package_prefix}vlc" \
	      --package-version='4.0.0-dev' \
	      --msgid-bugs-address="$msgid_bugs_address" \
	      --directory=.. --keyword=_ --keyword=N_ --keyword=_NS --keyword=qtr:1 --keyword=qtr:1,2,3t --keyword=qsTr:1,1t --keyword=qsTr:1,2,3t --keyword=Q_ --language=C++ --keyword=vlc_ngettext:1,2 --keyword=vlc_pgettext:1c,2 --keyword=_PNS:1c,2 --add-comments=xgettext: --from-code=UTF-8  \
	    ;; \
	esac
include/vlc_intf_strings.h:75: warning: Message contains an embedded URL.  Better move it out of the translatable string, see https://www.gnu.org/software/gettext/manual/html_node/No-embedded-URLs.html
src/config/help.c:171: warning: Message contains an embedded URL.  Better move it out of the translatable string, see https://www.gnu.org/software/gettext/manual/html_node/No-embedded-URLs.html
src/libvlc-module.c:976: warning: Message contains an embedded URL.  Better move it out of the translatable string, see https://www.gnu.org/software/gettext/manual/html_node/No-embedded-URLs.html
modules/access/vdr.c:73: warning: Message contains an embedded URL.  Better move it out of the translatable string, see https://www.gnu.org/software/gettext/manual/html_node/No-embedded-URLs.html
modules/gui/macosx/windows/VLCAboutWindowController.m:130: warning: Message contains an embedded URL.  Better move it out of the translatable string, see https://www.gnu.org/software/gettext/manual/html_node/No-embedded-URLs.html
modules/gui/qt/qt.cpp:196: warning: Message contains an embedded URL.  Better move it out of the translatable string, see https://www.gnu.org/software/gettext/manual/html_node/No-embedded-URLs.html
modules/misc/audioscrobbler.c:727: warning: Message contains an embedded URL.  Better move it out of the translatable string, see https://www.gnu.org/software/gettext/manual/html_node/No-embedded-URLs.html
modules/stream_out/rtp.c:83: warning: Message contains an embedded URL.  Better move it out of the translatable string, see https://www.gnu.org/software/gettext/manual/html_node/No-embedded-URLs.html
test ! -f vlc.po || { \
	  if test -f /Users/cam/Documents/Projects/ultima-iv-web/vlc-thumbs/work/upstream/vlc-master-story005-reproduction/extras/package/macosx/../../../po/vlc.pot-header; then \
	    sed -e '1,/^#$/d' < vlc.po > vlc.1po && \
	    cat /Users/cam/Documents/Projects/ultima-iv-web/vlc-thumbs/work/upstream/vlc-master-story005-reproduction/extras/package/macosx/../../../po/vlc.pot-header vlc.1po > vlc.po && \
	    rm -f vlc.1po \
	    || exit 1; \
	  fi; \
	  if test -f /Users/cam/Documents/Projects/ultima-iv-web/vlc-thumbs/work/upstream/vlc-master-story005-reproduction/extras/package/macosx/../../../po/vlc.pot; then \
	    sed -f remove-potcdate.sed < /Users/cam/Documents/Projects/ultima-iv-web/vlc-thumbs/work/upstream/vlc-master-story005-reproduction/extras/package/macosx/../../../po/vlc.pot > vlc.1po && \
	    sed -f remove-potcdate.sed < vlc.po > vlc.2po && \
	    if cmp vlc.1po vlc.2po >/dev/null 2>&1; then \
	      rm -f vlc.1po vlc.2po vlc.po; \
	    else \
	      rm -f vlc.1po vlc.2po /Users/cam/Documents/Projects/ultima-iv-web/vlc-thumbs/work/upstream/vlc-master-story005-reproduction/extras/package/macosx/../../../po/vlc.pot && \
	      mv vlc.po /Users/cam/Documents/Projects/ultima-iv-web/vlc-thumbs/work/upstream/vlc-master-story005-reproduction/extras/package/macosx/../../../po/vlc.pot; \
	    fi; \
	  else \
	    mv vlc.po /Users/cam/Documents/Projects/ultima-iv-web/vlc-thumbs/work/upstream/vlc-master-story005-reproduction/extras/package/macosx/../../../po/vlc.pot; \
	  fi; \
	}
test -z "ach.po-update af.po-update am.po-update an.po-update ar.po-update as.po-update ast.po-update az.po-update be.po-update bg.po-update bn_IN.po-update bn.po-update br.po-update brx.po-update bs.po-update ca.po-update cgg.po-update ckb.po-update co.po-update cs.po-update cy.po-update da.po-update de.po-update el.po-update en_GB.po-update es.po-update et.po-update eu.po-update fa.po-update ff.po-update fi.po-update fr.po-update fur.po-update fy.po-update ga.po-update gd.po-update gl.po-update gu.po-update he.po-update hi.po-update hr.po-update hu.po-update hy.po-update ia.po-update id.po-update is.po-update it.po-update ja.po-update ka.po-update kk.po-update km.po-update kn.po-update ko.po-update ks_IN.po-update ky.po-update lg.po-update lt.po-update lv.po-update mai.po-update mk.po-update ml.po-update mn.po-update mr.po-update ms.po-update my.po-update nb.po-update ne.po-update nl.po-update nn.po-update oc.po-update or.po-update pa.po-update pl.po-update ps.po-update pt_BR.po-update pt_PT.po-update ro.po-update ru.po-update si.po-update sk.po-update sl.po-update sq.po-update sr.po-update sv.po-update ta.po-update te.po-update tet.po-update th.po-update tl.po-update tr.po-update ug.po-update uk.po-update uz.po-update vi.po-update wa.po-update zh_CN.po-update zh_TW.po-update zu.po-update" || /Applications/Xcode.app/Contents/Developer/usr/bin/make ach.po-update af.po-update am.po-update an.po-update ar.po-update as.po-update ast.po-update az.po-update be.po-update bg.po-update bn_IN.po-update bn.po-update br.po-update brx.po-update bs.po-update ca.po-update cgg.po-update ckb.po-update co.po-update cs.po-update cy.po-update da.po-update de.po-update el.po-update en_GB.po-update es.po-update et.po-update eu.po-update fa.po-update ff.po-update fi.po-update fr.po-update fur.po-update fy.po-update ga.po-update gd.po-update gl.po-update gu.po-update he.po-update hi.po-update hr.po-update hu.po-update hy.po-update ia.po-update id.po-update is.po-update it.po-update ja.po-update ka.po-update kk.po-update km.po-update kn.po-update ko.po-update ks_IN.po-update ky.po-update lg.po-update lt.po-update lv.po-update mai.po-update mk.po-update ml.po-update mn.po-update mr.po-update ms.po-update my.po-update nb.po-update ne.po-update nl.po-update nn.po-update oc.po-update or.po-update pa.po-update pl.po-update ps.po-update pt_BR.po-update pt_PT.po-update ro.po-update ru.po-update si.po-update sk.po-update sl.po-update sq.po-update sr.po-update sv.po-update ta.po-update te.po-update tet.po-update th.po-update tl.po-update tr.po-update ug.po-update uk.po-update uz.po-update vi.po-update wa.po-update zh_CN.po-update zh_TW.po-update zu.po-update
ach:
cd /Users/cam/Documents/Projects/ultima-iv-web/vlc-thumbs/work/upstream/vlc-master-story005-reproduction/extras/package/macosx/../../../po && /Users/cam/Documents/Projects/ultima-iv-web/vlc-thumbs/work/upstream/vlc-master-story005-reproduction/extras/tools/build/bin/msgmerge  --lang=ach --previous ach.po vlc.pot -o ach.new.po
am:
cd /Users/cam/Documents/Projects/ultima-iv-web/vlc-thumbs/work/upstream/vlc-master-story005-reproduction/extras/package/macosx/../../../po && /Users/cam/Documents/Projects/ultima-iv-web/vlc-thumbs/work/upstream/vlc-master-story005-reproduction/extras/tools/build/bin/msgmerge  --lang=am --previous am.po vlc.pot -o am.new.po
an:
af:
cd /Users/cam/Documents/Projects/ultima-iv-web/vlc-thumbs/work/upstream/vlc-master-story005-reproduction/extras/package/macosx/../../../po && /Users/cam/Documents/Projects/ultima-iv-web/vlc-thumbs/work/upstream/vlc-master-story005-reproduction/extras/tools/build/bin/msgmerge  --lang=an --previous an.po vlc.pot -o an.new.po
cd /Users/cam/Documents/Projects/ultima-iv-web/vlc-thumbs/work/upstream/vlc-master-story005-reproduction/extras/package/macosx/../../../po && /Users/cam/Documents/Projects/ultima-iv-web/vlc-thumbs/work/upstream/vlc-master-story005-reproduction/extras/tools/build/bin/msgmerge  --lang=af --previous af.po vlc.pot -o af.new.po
.................................................................................................................................................................................................................................................................................................................................................................................................................................................................................................................................................................................................................................................................................................................................................................................................................................................................................................................................................................................................................................................................................................................................................................................................................................................................................................................................................................................................................................................................................................................................................................................................................................................................................................................................................................................................................................................................................................................................................................................................................................................................................................................................................................................................................................................................................................................................................................................................................................................................................................................................................................................................................................................................................................................................................................................................... done.
 done.
 done.
 done.
ar:
cd /Users/cam/Documents/Projects/ultima-iv-web/vlc-thumbs/work/upstream/vlc-master-story005-reproduction/extras/package/macosx/../../../po && /Users/cam/Documents/Projects/ultima-iv-web/vlc-thumbs/work/upstream/vlc-master-story005-reproduction/extras/tools/build/bin/msgmerge  --lang=ar --previous ar.po vlc.pot -o ar.new.po
as:
cd /Users/cam/Documents/Projects/ultima-iv-web/vlc-thumbs/work/upstream/vlc-master-story005-reproduction/extras/package/macosx/../../../po && /Users/cam/Documents/Projects/ultima-iv-web/vlc-thumbs/work/upstream/vlc-master-story005-reproduction/extras/tools/build/bin/msgmerge  --lang=as --previous as.po vlc.pot -o as.new.po
ast:
cd /Users/cam/Documents/Projects/ultima-iv-web/vlc-thumbs/work/upstream/vlc-master-story005-reproduction/extras/package/macosx/../../../po && /Users/cam/Documents/Projects/ultima-iv-web/vlc-thumbs/work/upstream/vlc-master-story005-reproduction/extras/tools/build/bin/msgmerge  --lang=ast --previous ast.po vlc.pot -o ast.new.po
az:
cd /Users/cam/Documents/Projects/ultima-iv-web/vlc-thumbs/work/upstream/vlc-master-story005-reproduction/extras/package/macosx/../../../po && /Users/cam/Documents/Projects/ultima-iv-web/vlc-thumbs/work/upstream/vlc-master-story005-reproduction/extras/tools/build/bin/msgmerge  --lang=az --previous az.po vlc.pot -o az.new.po
....................................................................................................................................................................................................................................................................................................................................................................................................................................................................................................................................................................................................................................................................................................................................................................................................................................................................................................................................................................................................................................................................................................................................................................................................................................................................................................................................................................................................................................................................................................................................................................................................................................................................................................................................................................................................................................................................................................................................................................................................................................................................................................................................................................................................................................................................... done.
............................................................................................................................................................................................................................................................................................................................................................................................................................................................................................................................. done.
 done.
 done.
be:
cd /Users/cam/Documents/Projects/ultima-iv-web/vlc-thumbs/work/upstream/vlc-master-story005-reproduction/extras/package/macosx/../../../po && /Users/cam/Documents/Projects/ultima-iv-web/vlc-thumbs/work/upstream/vlc-master-story005-reproduction/extras/tools/build/bin/msgmerge  --lang=be --previous be.po vlc.pot -o be.new.po
bg:
cd /Users/cam/Documents/Projects/ultima-iv-web/vlc-thumbs/work/upstream/vlc-master-story005-reproduction/extras/package/macosx/../../../po && /Users/cam/Documents/Projects/ultima-iv-web/vlc-thumbs/work/upstream/vlc-master-story005-reproduction/extras/tools/build/bin/msgmerge  --lang=bg --previous bg.po vlc.pot -o bg.new.po
bn_IN:
cd /Users/cam/Documents/Projects/ultima-iv-web/vlc-thumbs/work/upstream/vlc-master-story005-reproduction/extras/package/macosx/../../../po && /Users/cam/Documents/Projects/ultima-iv-web/vlc-thumbs/work/upstream/vlc-master-story005-reproduction/extras/tools/build/bin/msgmerge  --lang=bn_IN --previous bn_IN.po vlc.pot -o bn_IN.new.po
bn:
cd /Users/cam/Documents/Projects/ultima-iv-web/vlc-thumbs/work/upstream/vlc-master-story005-reproduction/extras/package/macosx/../../../po && /Users/cam/Documents/Projects/ultima-iv-web/vlc-thumbs/work/upstream/vlc-master-story005-reproduction/extras/tools/build/bin/msgmerge  --lang=bn --previous bn.po vlc.pot -o bn.new.po
................................................................................................................................................................................................................................................................................................................................................................................................................................................................................................................................................................................................................................................................................................. done.
..................................................................................................................................................................................................................................................................................................................................................................................................................................................................................................................................................................................................................................................................................................................................................................................................................................................................... done.
.............................................................................................................................................................................................................................................................................................................................................................................................................................................................................................................................................................................................................................................................................................................................................................................................................................................................................................................................................................................................................................................................................................................................................................................................................................. done.
 done.
br:
cd /Users/cam/Documents/Projects/ultima-iv-web/vlc-thumbs/work/upstream/vlc-master-story005-reproduction/extras/package/macosx/../../../po && /Users/cam/Documents/Projects/ultima-iv-web/vlc-thumbs/work/upstream/vlc-master-story005-reproduction/extras/tools/build/bin/msgmerge  --lang=br --previous br.po vlc.pot -o br.new.po
brx:
cd /Users/cam/Documents/Projects/ultima-iv-web/vlc-thumbs/work/upstream/vlc-master-story005-reproduction/extras/package/macosx/../../../po && /Users/cam/Documents/Projects/ultima-iv-web/vlc-thumbs/work/upstream/vlc-master-story005-reproduction/extras/tools/build/bin/msgmerge  --lang=brx --previous brx.po vlc.pot -o brx.new.po
................................................................................................................................................................................................................................................................................................................................................................................................................................................................................................................................................................................................................................................................................................. done.
bs:
cd /Users/cam/Documents/Projects/ultima-iv-web/vlc-thumbs/work/upstream/vlc-master-story005-reproduction/extras/package/macosx/../../../po && /Users/cam/Documents/Projects/ultima-iv-web/vlc-thumbs/work/upstream/vlc-master-story005-reproduction/extras/tools/build/bin/msgmerge  --lang=bs --previous bs.po vlc.pot -o bs.new.po
ca:
cd /Users/cam/Documents/Projects/ultima-iv-web/vlc-thumbs/work/upstream/vlc-master-story005-reproduction/extras/package/macosx/../../../po && /Users/cam/Documents/Projects/ultima-iv-web/vlc-thumbs/work/upstream/vlc-master-story005-reproduction/extras/tools/build/bin/msgmerge  --lang=ca --previous ca.po vlc.pot -o ca.new.po
................................................................................................................................................................................................................................................................................................................................................................................................................................................................................................................................................................................................................................................................................................. done.
..................................................................................................................................................................................................................................................................................................................................................................................................................................................................................................................................................................................................................................................................................................................................................................................................................................................................... done.
............................................................................................................................................................................................................................................................................................................................................................................................................................................................................................................................. done.
cgg:
cd /Users/cam/Documents/Projects/ultima-iv-web/vlc-thumbs/work/upstream/vlc-master-story005-reproduction/extras/package/macosx/../../../po && /Users/cam/Documents/Projects/ultima-iv-web/vlc-thumbs/work/upstream/vlc-master-story005-reproduction/extras/tools/build/bin/msgmerge  --lang=cgg --previous cgg.po vlc.pot -o cgg.new.po
....................................................................................................................................................ckb:
.......cd /Users/cam/Documents/Projects/ultima-iv-web/vlc-thumbs/work/upstream/vlc-master-story005-reproduction/extras/package/macosx/../../../po && /Users/cam/Documents/Projects/ultima-iv-web/vlc-thumbs/work/upstream/vlc-master-story005-reproduction/extras/tools/build/bin/msgmerge  --lang=ckb --previous ckb.po vlc.pot -o ckb.new.po
...................................................................................................................................................................................................................................................................................................................................................................................................................................................................................................................................... done.
......................................................................................................................................co:
..................cd /Users/cam/Documents/Projects/ultima-iv-web/vlc-thumbs/work/upstream/vlc-master-story005-reproduction/extras/package/macosx/../../../po && /Users/cam/Documents/Projects/ultima-iv-web/vlc-thumbs/work/upstream/vlc-master-story005-reproduction/extras/tools/build/bin/msgmerge  --lang=co --previous co.po vlc.pot -o co.new.po
......................................................................................................................................................................................................................................................................................................................................................................................................................................................................................................................................... done.
cs:
cd /Users/cam/Documents/Projects/ultima-iv-web/vlc-thumbs/work/upstream/vlc-master-story005-reproduction/extras/package/macosx/../../../po && /Users/cam/Documents/Projects/ultima-iv-web/vlc-thumbs/work/upstream/vlc-master-story005-reproduction/extras/tools/build/bin/msgmerge  --lang=cs --previous cs.po vlc.pot -o cs.new.po
cy:
cd /Users/cam/Documents/Projects/ultima-iv-web/vlc-thumbs/work/upstream/vlc-master-story005-reproduction/extras/package/macosx/../../../po && /Users/cam/Documents/Projects/ultima-iv-web/vlc-thumbs/work/upstream/vlc-master-story005-reproduction/extras/tools/build/bin/msgmerge  --lang=cy --previous cy.po vlc.pot -o cy.new.po
................................................................................................................................................................................................................................................................................................................................................................................................................................................................................................................................................................................................................................................................................................. done.
................................................................................................................................................................................................................................................................................................................................................................................................................................................................................................................................................................................................................................................................................................. done.
................................................................................................................................................................................................................................................................................................................................................................................................................................................................................................................................................................................................................................................................................................. done.
da:
cd /Users/cam/Documents/Projects/ultima-iv-web/vlc-thumbs/work/upstream/vlc-master-story005-reproduction/extras/package/macosx/../../../po && /Users/cam/Documents/Projects/ultima-iv-web/vlc-thumbs/work/upstream/vlc-master-story005-reproduction/extras/tools/build/bin/msgmerge  --lang=da --previous da.po vlc.pot -o da.new.po
de:
cd /Users/cam/Documents/Projects/ultima-iv-web/vlc-thumbs/work/upstream/vlc-master-story005-reproduction/extras/package/macosx/../../../po && /Users/cam/Documents/Projects/ultima-iv-web/vlc-thumbs/work/upstream/vlc-master-story005-reproduction/extras/tools/build/bin/msgmerge  --lang=de --previous de.po vlc.pot -o de.new.po
................................................................................................................................................................................................................................................................................................................................................................................................................................................................................................................................................................................................................................................................................................. done.
el:
cd /Users/cam/Documents/Projects/ultima-iv-web/vlc-thumbs/work/upstream/vlc-master-story005-reproduction/extras/package/macosx/../../../po && /Users/cam/Documents/Projects/ultima-iv-web/vlc-thumbs/work/upstream/vlc-master-story005-reproduction/extras/tools/build/bin/msgmerge  --lang=el --previous el.po vlc.pot -o el.new.po
en_GB:
cd /Users/cam/Documents/Projects/ultima-iv-web/vlc-thumbs/work/upstream/vlc-master-story005-reproduction/extras/package/macosx/../../../po && /Users/cam/Documents/Projects/ultima-iv-web/vlc-thumbs/work/upstream/vlc-master-story005-reproduction/extras/tools/build/bin/msgmerge  --lang=en_GB --previous en_GB.po vlc.pot -o en_GB.new.po
................................................................................................................................................................................................................................................................................................................................................................................................................................................................................................................................................................................................................................................................................................. done.
................................................................................................................................................................................................................................................................................................................................................................................................................................................................................................................................................................................................................................................................................................. done.
................................................................................................................................................................................................................................................................................................................................................................................................................................................................................................................................................................................................................................................................................................. done.
es:
cd /Users/cam/Documents/Projects/ultima-iv-web/vlc-thumbs/work/upstream/vlc-master-story005-reproduction/extras/package/macosx/../../../po && /Users/cam/Documents/Projects/ultima-iv-web/vlc-thumbs/work/upstream/vlc-master-story005-reproduction/extras/tools/build/bin/msgmerge  --lang=es --previous es.po vlc.pot -o es.new.po
et:
cd /Users/cam/Documents/Projects/ultima-iv-web/vlc-thumbs/work/upstream/vlc-master-story005-reproduction/extras/package/macosx/../../../po && /Users/cam/Documents/Projects/ultima-iv-web/vlc-thumbs/work/upstream/vlc-master-story005-reproduction/extras/tools/build/bin/msgmerge  --lang=et --previous et.po vlc.pot -o et.new.po
eu:
cd /Users/cam/Documents/Projects/ultima-iv-web/vlc-thumbs/work/upstream/vlc-master-story005-reproduction/extras/package/macosx/../../../po && /Users/cam/Documents/Projects/ultima-iv-web/vlc-thumbs/work/upstream/vlc-master-story005-reproduction/extras/tools/build/bin/msgmerge  --lang=eu --previous eu.po vlc.pot -o eu.new.po
................................................................................................................................................................................................................................................................................................................................................................................................................................................................................................................................................................................................................................................................................................. done.
fa:
cd /Users/cam/Documents/Projects/ultima-iv-web/vlc-thumbs/work/upstream/vlc-master-story005-reproduction/extras/package/macosx/../../../po && /Users/cam/Documents/Projects/ultima-iv-web/vlc-thumbs/work/upstream/vlc-master-story005-reproduction/extras/tools/build/bin/msgmerge  --lang=fa --previous fa.po vlc.pot -o fa.new.po
................................................................................................................................................................................................................................................................................................................................................................................................................................................................................................................................................................................................................................................................................................. done.
................................................................................................................................................................................................................................................................................................................................................................................................................................................................................................................................................................................................................................................................................................. done.
................................................................................................................................................................................................................................................................................................................................................................................................................................................................................................................................................................................................................................................................................................. done.
ff:
cd /Users/cam/Documents/Projects/ultima-iv-web/vlc-thumbs/work/upstream/vlc-master-story005-reproduction/extras/package/macosx/../../../po && /Users/cam/Documents/Projects/ultima-iv-web/vlc-thumbs/work/upstream/vlc-master-story005-reproduction/extras/tools/build/bin/msgmerge  --lang=ff --previous ff.po vlc.pot -o ff.new.po
fi:
cd /Users/cam/Documents/Projects/ultima-iv-web/vlc-thumbs/work/upstream/vlc-master-story005-reproduction/extras/package/macosx/../../../po && /Users/cam/Documents/Projects/ultima-iv-web/vlc-thumbs/work/upstream/vlc-master-story005-reproduction/extras/tools/build/bin/msgmerge  --lang=fi --previous fi.po vlc.pot -o fi.new.po
fur:
cd /Users/cam/Documents/Projects/ultima-iv-web/vlc-thumbs/work/upstream/vlc-master-story005-reproduction/extras/package/macosx/../../../po && /Users/cam/Documents/Projects/ultima-iv-web/vlc-thumbs/work/upstream/vlc-master-story005-reproduction/extras/tools/build/bin/msgmerge  --lang=fur --previous fur.po vlc.pot -o fur.new.po
fr:
cd /Users/cam/Documents/Projects/ultima-iv-web/vlc-thumbs/work/upstream/vlc-master-story005-reproduction/extras/package/macosx/../../../po && /Users/cam/Documents/Projects/ultima-iv-web/vlc-thumbs/work/upstream/vlc-master-story005-reproduction/extras/tools/build/bin/msgmerge  --lang=fr --previous fr.po vlc.pot -o fr.new.po
................................................................................................................................................................................................................................................................................................................................................................................................................................................................................................................................................................................................................................................................................................. done.
................................................................................................................................................................................................................................................................................................................................................................................................................................................................................................................................................................................................................................................................................................. done.
.................................................................................................................................................................................................................................................................................................................................................................................................................................................................................................................................................................................................................................................................................................................................................................................................................................................................................................................................................................................................................................................................................................................................................................................................................................................................................................................................................................................................. done.
 done.
fy:
cd /Users/cam/Documents/Projects/ultima-iv-web/vlc-thumbs/work/upstream/vlc-master-story005-reproduction/extras/package/macosx/../../../po && /Users/cam/Documents/Projects/ultima-iv-web/vlc-thumbs/work/upstream/vlc-master-story005-reproduction/extras/tools/build/bin/msgmerge  --lang=fy --previous fy.po vlc.pot -o fy.new.po
................................................................................................................................................................................................................................................................................................................................................................................................................................................................................................................................................................................................................................................................................................. done.
ga:
cd /Users/cam/Documents/Projects/ultima-iv-web/vlc-thumbs/work/upstream/vlc-master-story005-reproduction/extras/package/macosx/../../../po && /Users/cam/Documents/Projects/ultima-iv-web/vlc-thumbs/work/upstream/vlc-master-story005-reproduction/extras/tools/build/bin/msgmerge  --lang=ga --previous ga.po vlc.pot -o ga.new.po
gd:
cd /Users/cam/Documents/Projects/ultima-iv-web/vlc-thumbs/work/upstream/vlc-master-story005-reproduction/extras/package/macosx/../../../po && /Users/cam/Documents/Projects/ultima-iv-web/vlc-thumbs/work/upstream/vlc-master-story005-reproduction/extras/tools/build/bin/msgmerge  --lang=gd --previous gd.po vlc.pot -o gd.new.po
gl:
cd /Users/cam/Documents/Projects/ultima-iv-web/vlc-thumbs/work/upstream/vlc-master-story005-reproduction/extras/package/macosx/../../../po && /Users/cam/Documents/Projects/ultima-iv-web/vlc-thumbs/work/upstream/vlc-master-story005-reproduction/extras/tools/build/bin/msgmerge  --lang=gl --previous gl.po vlc.pot -o gl.new.po
................................................................................................................................................................................................................................................................................................................................................................................................................................................................................................................................................................................................................................................................................................. done.
................................................................................................................................................................................................................................................................................................................................................................................................................................................................................................................................................................................................................................................................................................. done.
gu:
cd /Users/cam/Documents/Projects/ultima-iv-web/vlc-thumbs/work/upstream/vlc-master-story005-reproduction/extras/package/macosx/../../../po && /Users/cam/Documents/Projects/ultima-iv-web/vlc-thumbs/work/upstream/vlc-master-story005-reproduction/extras/tools/build/bin/msgmerge  --lang=gu --previous gu.po vlc.pot -o gu.new.po
................................................................................................................................................................................................................................................................................................................................................................................................................................................................................................................................................................................................................................................................................................. done.
he:
cd /Users/cam/Documents/Projects/ultima-iv-web/vlc-thumbs/work/upstream/vlc-master-story005-reproduction/extras/package/macosx/../../../po && /Users/cam/Documents/Projects/ultima-iv-web/vlc-thumbs/work/upstream/vlc-master-story005-reproduction/extras/tools/build/bin/msgmerge  --lang=he --previous he.po vlc.pot -o he.new.po
.hi:
.............cd /Users/cam/Documents/Projects/ultima-iv-web/vlc-thumbs/work/upstream/vlc-master-story005-reproduction/extras/package/macosx/../../../po && /Users/cam/Documents/Projects/ultima-iv-web/vlc-thumbs/work/upstream/vlc-master-story005-reproduction/extras/tools/build/bin/msgmerge  --lang=hi --previous hi.po vlc.pot -o hi.new.po
................................................................................................................................................................................................................................................................................................................................................................................................................................................................................................................................................................................................................................................................................... done.
................................................................................................................................................................................................................................................................................................................................................................................................................................................................................................................................................................................................................................................................................................. done.
................................................................................................................................................................................................................................................................................................................................................................................................................................................................................................................................................................................................................................................................................................. done.
hr:
cd /Users/cam/Documents/Projects/ultima-iv-web/vlc-thumbs/work/upstream/vlc-master-story005-reproduction/extras/package/macosx/../../../po && /Users/cam/Documents/Projects/ultima-iv-web/vlc-thumbs/work/upstream/vlc-master-story005-reproduction/extras/tools/build/bin/msgmerge  --lang=hr --previous hr.po vlc.pot -o hr.new.po
hu:
cd /Users/cam/Documents/Projects/ultima-iv-web/vlc-thumbs/work/upstream/vlc-master-story005-reproduction/extras/package/macosx/../../../po && /Users/cam/Documents/Projects/ultima-iv-web/vlc-thumbs/work/upstream/vlc-master-story005-reproduction/extras/tools/build/bin/msgmerge  --lang=hu --previous hu.po vlc.pot -o hu.new.po
hy:
cd /Users/cam/Documents/Projects/ultima-iv-web/vlc-thumbs/work/upstream/vlc-master-story005-reproduction/extras/package/macosx/../../../po && /Users/cam/Documents/Projects/ultima-iv-web/vlc-thumbs/work/upstream/vlc-master-story005-reproduction/extras/tools/build/bin/msgmerge  --lang=hy --previous hy.po vlc.pot -o hy.new.po
ia:
cd /Users/cam/Documents/Projects/ultima-iv-web/vlc-thumbs/work/upstream/vlc-master-story005-reproduction/extras/package/macosx/../../../po && /Users/cam/Documents/Projects/ultima-iv-web/vlc-thumbs/work/upstream/vlc-master-story005-reproduction/extras/tools/build/bin/msgmerge  --lang=ia --previous ia.po vlc.pot -o ia.new.po
.................................................................................................................................................................................................................................................................................................................................................................................................................................................................................................................................................................................................................................................................................................................................................................................................................................................................................................................................................................................................................................................................................................................................................................................................................................................................................................................................................................................................. done.
 done.
................................................................................................................................................................................................................................................................................................................................................................................................................................................................................................................................................................................................................................................................................................................................................................................................................................................................................................................................................................................................................................................................................................................................................................................................................................................................................................ done.
.................................................................................................. done.
is:
cd /Users/cam/Documents/Projects/ultima-iv-web/vlc-thumbs/work/upstream/vlc-master-story005-reproduction/extras/package/macosx/../../../po && /Users/cam/Documents/Projects/ultima-iv-web/vlc-thumbs/work/upstream/vlc-master-story005-reproduction/extras/tools/build/bin/msgmerge  --lang=is --previous is.po vlc.pot -o is.new.po
id:
cd /Users/cam/Documents/Projects/ultima-iv-web/vlc-thumbs/work/upstream/vlc-master-story005-reproduction/extras/package/macosx/../../../po && /Users/cam/Documents/Projects/ultima-iv-web/vlc-thumbs/work/upstream/vlc-master-story005-reproduction/extras/tools/build/bin/msgmerge  --lang=id --previous id.po vlc.pot -o id.new.po
it:
cd /Users/cam/Documents/Projects/ultima-iv-web/vlc-thumbs/work/upstream/vlc-master-story005-reproduction/extras/package/macosx/../../../po && /Users/cam/Documents/Projects/ultima-iv-web/vlc-thumbs/work/upstream/vlc-master-story005-reproduction/extras/tools/build/bin/msgmerge  --lang=it --previous it.po vlc.pot -o it.new.po
ja:
cd /Users/cam/Documents/Projects/ultima-iv-web/vlc-thumbs/work/upstream/vlc-master-story005-reproduction/extras/package/macosx/../../../po && /Users/cam/Documents/Projects/ultima-iv-web/vlc-thumbs/work/upstream/vlc-master-story005-reproduction/extras/tools/build/bin/msgmerge  --lang=ja --previous ja.po vlc.pot -o ja.new.po
...................................................................................................................................................................................................................................................................................................................................................................................................................................................................................................................................................................................................................................................................................................................................................................................................................................... done.
............................................................................................................................................................................................................................................................................................................................................................................................................................................................................................................................................................ done.
................................................................................................................................................................................................................................................................................................................................................................................................................................................................................................................................................................................................................................................................................................. done.
................................................................................................................................................................................................................................................................................................................................................................................................................................................................................................................................................................................................................................................................................................. done.
ka:
cd /Users/cam/Documents/Projects/ultima-iv-web/vlc-thumbs/work/upstream/vlc-master-story005-reproduction/extras/package/macosx/../../../po && /Users/cam/Documents/Projects/ultima-iv-web/vlc-thumbs/work/upstream/vlc-master-story005-reproduction/extras/tools/build/bin/msgmerge  --lang=ka --previous ka.po vlc.pot -o ka.new.po
kk:
cd /Users/cam/Documents/Projects/ultima-iv-web/vlc-thumbs/work/upstream/vlc-master-story005-reproduction/extras/package/macosx/../../../po && /Users/cam/Documents/Projects/ultima-iv-web/vlc-thumbs/work/upstream/vlc-master-story005-reproduction/extras/tools/build/bin/msgmerge  --lang=kk --previous kk.po vlc.pot -o kk.new.po
km:
cd /Users/cam/Documents/Projects/ultima-iv-web/vlc-thumbs/work/upstream/vlc-master-story005-reproduction/extras/package/macosx/../../../po && /Users/cam/Documents/Projects/ultima-iv-web/vlc-thumbs/work/upstream/vlc-master-story005-reproduction/extras/tools/build/bin/msgmerge  --lang=km --previous km.po vlc.pot -o km.new.po
kn:
cd /Users/cam/Documents/Projects/ultima-iv-web/vlc-thumbs/work/upstream/vlc-master-story005-reproduction/extras/package/macosx/../../../po && /Users/cam/Documents/Projects/ultima-iv-web/vlc-thumbs/work/upstream/vlc-master-story005-reproduction/extras/tools/build/bin/msgmerge  --lang=kn --previous kn.po vlc.pot -o kn.new.po
................................................................................................................................................................................................................................................................................................................................................................................................................................................................................................................................................................................................................................................................................................. done.
................................................................................................................................................................................................................................................................................................................................................................................................................................................................................................................................................................................................................................................................................................. done.
.................................................................................................................................................................................................................................................................................................................................................................................................................................................................................................................................................................................................................................................................................................................................................................................................................................................................................................................................................................................................................................................................................................................................................................................................................................................................................................................................................................................................. done.
 done.
ko:
cd /Users/cam/Documents/Projects/ultima-iv-web/vlc-thumbs/work/upstream/vlc-master-story005-reproduction/extras/package/macosx/../../../po && /Users/cam/Documents/Projects/ultima-iv-web/vlc-thumbs/work/upstream/vlc-master-story005-reproduction/extras/tools/build/bin/msgmerge  --lang=ko --previous ko.po vlc.pot -o ko.new.po
ks_IN:
cd /Users/cam/Documents/Projects/ultima-iv-web/vlc-thumbs/work/upstream/vlc-master-story005-reproduction/extras/package/macosx/../../../po && /Users/cam/Documents/Projects/ultima-iv-web/vlc-thumbs/work/upstream/vlc-master-story005-reproduction/extras/tools/build/bin/msgmerge  --lang=ks_IN --previous ks_IN.po vlc.pot -o ks_IN.new.po
.............................................................................................................................................................................................................................................................................................................................................................................................................................................................................................................................................................................................................................................................................................................................................................................................................................................................................................. done.
.................................................................................................................................................................................................................................................................................................................................................................................................................................................................................................... done.
ky:
cd /Users/cam/Documents/Projects/ultima-iv-web/vlc-thumbs/work/upstream/vlc-master-story005-reproduction/extras/package/macosx/../../../po && /Users/cam/Documents/Projects/ultima-iv-web/vlc-thumbs/work/upstream/vlc-master-story005-reproduction/extras/tools/build/bin/msgmerge  --lang=ky --previous ky.po vlc.pot -o ky.new.po
lg:
cd /Users/cam/Documents/Projects/ultima-iv-web/vlc-thumbs/work/upstream/vlc-master-story005-reproduction/extras/package/macosx/../../../po && /Users/cam/Documents/Projects/ultima-iv-web/vlc-thumbs/work/upstream/vlc-master-story005-reproduction/extras/tools/build/bin/msgmerge  --lang=lg --previous lg.po vlc.pot -o lg.new.po
................................................................................................................................................................................................................................................................................................................................................................................................................................................................................................................................................................................................................................................................................................. done.
................................................................................................................................................................................................................................................................................................................................................................................................................................................................................................................................................................................................................................................................................................. done.
lt:
lv:
cd /Users/cam/Documents/Projects/ultima-iv-web/vlc-thumbs/work/upstream/vlc-master-story005-reproduction/extras/package/macosx/../../../po && /Users/cam/Documents/Projects/ultima-iv-web/vlc-thumbs/work/upstream/vlc-master-story005-reproduction/extras/tools/build/bin/msgmerge  --lang=lt --previous lt.po vlc.pot -o lt.new.po
cd /Users/cam/Documents/Projects/ultima-iv-web/vlc-thumbs/work/upstream/vlc-master-story005-reproduction/extras/package/macosx/../../../po && /Users/cam/Documents/Projects/ultima-iv-web/vlc-thumbs/work/upstream/vlc-master-story005-reproduction/extras/tools/build/bin/msgmerge  --lang=lv --previous lv.po vlc.pot -o lv.new.po
mai:
cd /Users/cam/Documents/Projects/ultima-iv-web/vlc-thumbs/work/upstream/vlc-master-story005-reproduction/extras/package/macosx/../../../po && /Users/cam/Documents/Projects/ultima-iv-web/vlc-thumbs/work/upstream/vlc-master-story005-reproduction/extras/tools/build/bin/msgmerge  --lang=mai --previous mai.po vlc.pot -o mai.new.po
..........................................................................................................................................................................................................................................................................................................mk:
.............cd /Users/cam/Documents/Projects/ultima-iv-web/vlc-thumbs/work/upstream/vlc-master-story005-reproduction/extras/package/macosx/../../../po && /Users/cam/Documents/Projects/ultima-iv-web/vlc-thumbs/work/upstream/vlc-master-story005-reproduction/extras/tools/build/bin/msgmerge  --lang=mk --previous mk.po vlc.pot -o mk.new.po
........................................................................................................................................................................................................................................................................................................................................................................................................................................................................................................................................................................................................................................................................................................................................................................................................................................................................................................................................................................................................................................................................................................................................................................................................................................... done.
......................................................... done.
........................................................................................................................................................................................................................................................................................................................................................................................................................................................................ done.
................................................................................................................................................................................................................................................................................................................................................................................................................................................................................................................................................................................................................................................................................................. done.
ml:
mn:
cd /Users/cam/Documents/Projects/ultima-iv-web/vlc-thumbs/work/upstream/vlc-master-story005-reproduction/extras/package/macosx/../../../po && /Users/cam/Documents/Projects/ultima-iv-web/vlc-thumbs/work/upstream/vlc-master-story005-reproduction/extras/tools/build/bin/msgmerge  --lang=ml --previous ml.po vlc.pot -o ml.new.po
cd /Users/cam/Documents/Projects/ultima-iv-web/vlc-thumbs/work/upstream/vlc-master-story005-reproduction/extras/package/macosx/../../../po && /Users/cam/Documents/Projects/ultima-iv-web/vlc-thumbs/work/upstream/vlc-master-story005-reproduction/extras/tools/build/bin/msgmerge  --lang=mn --previous mn.po vlc.pot -o mn.new.po
mr:
cd /Users/cam/Documents/Projects/ultima-iv-web/vlc-thumbs/work/upstream/vlc-master-story005-reproduction/extras/package/macosx/../../../po && /Users/cam/Documents/Projects/ultima-iv-web/vlc-thumbs/work/upstream/vlc-master-story005-reproduction/extras/tools/build/bin/msgmerge  --lang=mr --previous mr.po vlc.pot -o mr.new.po
ms:
cd /Users/cam/Documents/Projects/ultima-iv-web/vlc-thumbs/work/upstream/vlc-master-story005-reproduction/extras/package/macosx/../../../po && /Users/cam/Documents/Projects/ultima-iv-web/vlc-thumbs/work/upstream/vlc-master-story005-reproduction/extras/tools/build/bin/msgmerge  --lang=ms --previous ms.po vlc.pot -o ms.new.po
................................................................................................................................................................................................................................................................................................................................................................................................................................................................................................................................................................................................................................................................................................. done.
................................................................................................................................................................................................................................................................................................................................................................................................................................................................................................................................................................................................................................................................................................. done.
................................................................................................................................................................................................................................................................................................................................................................................................................................................................................................................................................................................................................................................................................................................................................................................................................................................................................................................................................................... done.
............................................................................................................................................................................................................................................................................................................................................................................................................................... done.
my:
cd /Users/cam/Documents/Projects/ultima-iv-web/vlc-thumbs/work/upstream/vlc-master-story005-reproduction/extras/package/macosx/../../../po && /Users/cam/Documents/Projects/ultima-iv-web/vlc-thumbs/work/upstream/vlc-master-story005-reproduction/extras/tools/build/bin/msgmerge  --lang=my --previous my.po vlc.pot -o my.new.po
................................................................................................................................................................................................................................................................................................................................................................................................................................................................................................................................................................................................................................................................................................. done.
nb:
cd /Users/cam/Documents/Projects/ultima-iv-web/vlc-thumbs/work/upstream/vlc-master-story005-reproduction/extras/package/macosx/../../../po && /Users/cam/Documents/Projects/ultima-iv-web/vlc-thumbs/work/upstream/vlc-master-story005-reproduction/extras/tools/build/bin/msgmerge  --lang=nb --previous nb.po vlc.pot -o nb.new.po
ne:
cd /Users/cam/Documents/Projects/ultima-iv-web/vlc-thumbs/work/upstream/vlc-master-story005-reproduction/extras/package/macosx/../../../po && /Users/cam/Documents/Projects/ultima-iv-web/vlc-thumbs/work/upstream/vlc-master-story005-reproduction/extras/tools/build/bin/msgmerge  --lang=ne --previous ne.po vlc.pot -o ne.new.po
nl:
cd /Users/cam/Documents/Projects/ultima-iv-web/vlc-thumbs/work/upstream/vlc-master-story005-reproduction/extras/package/macosx/../../../po && /Users/cam/Documents/Projects/ultima-iv-web/vlc-thumbs/work/upstream/vlc-master-story005-reproduction/extras/tools/build/bin/msgmerge  --lang=nl --previous nl.po vlc.pot -o nl.new.po
nn:
cd /Users/cam/Documents/Projects/ultima-iv-web/vlc-thumbs/work/upstream/vlc-master-story005-reproduction/extras/package/macosx/../../../po && /Users/cam/Documents/Projects/ultima-iv-web/vlc-thumbs/work/upstream/vlc-master-story005-reproduction/extras/tools/build/bin/msgmerge  --lang=nn --previous nn.po vlc.pot -o nn.new.po
................................................................................................................................................................................................................................................................................................................................................................................................................................................................................................................................................................................................................................................................................................. done.
.......................................................................................................................................................................................................................................................................................................................................................................................................................................................................................................................................................................................................................................................................................................................................................................................................................................................................... done.
........................................................................................................................................................................................................................................................................................................................................................................................................................................................................................................................ done.
................................................................................................................................................................................................................................................................................................................................................................................................................................................................................................................................................................................................................................................................................................. done.
oc:
cd /Users/cam/Documents/Projects/ultima-iv-web/vlc-thumbs/work/upstream/vlc-master-story005-reproduction/extras/package/macosx/../../../po && /Users/cam/Documents/Projects/ultima-iv-web/vlc-thumbs/work/upstream/vlc-master-story005-reproduction/extras/tools/build/bin/msgmerge  --lang=oc --previous oc.po vlc.pot -o oc.new.po
or:
cd /Users/cam/Documents/Projects/ultima-iv-web/vlc-thumbs/work/upstream/vlc-master-story005-reproduction/extras/package/macosx/../../../po && /Users/cam/Documents/Projects/ultima-iv-web/vlc-thumbs/work/upstream/vlc-master-story005-reproduction/extras/tools/build/bin/msgmerge  --lang=or --previous or.po vlc.pot -o or.new.po
pa:
cd /Users/cam/Documents/Projects/ultima-iv-web/vlc-thumbs/work/upstream/vlc-master-story005-reproduction/extras/package/macosx/../../../po && /Users/cam/Documents/Projects/ultima-iv-web/vlc-thumbs/work/upstream/vlc-master-story005-reproduction/extras/tools/build/bin/msgmerge  --lang=pa --previous pa.po vlc.pot -o pa.new.po
pl:
cd /Users/cam/Documents/Projects/ultima-iv-web/vlc-thumbs/work/upstream/vlc-master-story005-reproduction/extras/package/macosx/../../../po && /Users/cam/Documents/Projects/ultima-iv-web/vlc-thumbs/work/upstream/vlc-master-story005-reproduction/extras/tools/build/bin/msgmerge  --lang=pl --previous pl.po vlc.pot -o pl.new.po
............................................................................................................................................................................................................................................................................................................................................................................................................................................................................................................................................................................................................................................................................................................................................................................................................................................................................................................................................................................................................................................................................................................................................................ done.
....................................................................................................................................................................................................................................................................................................................................................................................................... done.
................................................................................................................................................................................................................................................................................................................................................................................................................................................................................................................................ done.
................................................................................................................................................................................................................................................................................................................................................................................................................................................................................................................................................................................................................................................................................................. done.
ps:
cd /Users/cam/Documents/Projects/ultima-iv-web/vlc-thumbs/work/upstream/vlc-master-story005-reproduction/extras/package/macosx/../../../po && /Users/cam/Documents/Projects/ultima-iv-web/vlc-thumbs/work/upstream/vlc-master-story005-reproduction/extras/tools/build/bin/msgmerge  --lang=ps --previous ps.po vlc.pot -o ps.new.po
pt_BR:
pt_PT:
cd /Users/cam/Documents/Projects/ultima-iv-web/vlc-thumbs/work/upstream/vlc-master-story005-reproduction/extras/package/macosx/../../../po && /Users/cam/Documents/Projects/ultima-iv-web/vlc-thumbs/work/upstream/vlc-master-story005-reproduction/extras/tools/build/bin/msgmerge  --lang=pt_BR --previous pt_BR.po vlc.pot -o pt_BR.new.po
cd /Users/cam/Documents/Projects/ultima-iv-web/vlc-thumbs/work/upstream/vlc-master-story005-reproduction/extras/package/macosx/../../../po && /Users/cam/Documents/Projects/ultima-iv-web/vlc-thumbs/work/upstream/vlc-master-story005-reproduction/extras/tools/build/bin/msgmerge  --lang=pt_PT --previous pt_PT.po vlc.pot -o pt_PT.new.po
................................................................................................................................................................................................................................................................................................................................................................................................................................................................................................................................................................................................................................................................................................. done.
ro:
cd /Users/cam/Documents/Projects/ultima-iv-web/vlc-thumbs/work/upstream/vlc-master-story005-reproduction/extras/package/macosx/../../../po && /Users/cam/Documents/Projects/ultima-iv-web/vlc-thumbs/work/upstream/vlc-master-story005-reproduction/extras/tools/build/bin/msgmerge  --lang=ro --previous ro.po vlc.pot -o ro.new.po
................................................................................................................................................................................................................................................................................................................................................................................................................................................................................................................................................................................................................................................................................................. done.
................................................................................................................................................................................................................................................................................................................................................................................................................................................................................................................................................................................................................................................................................................. done.
ru:
cd /Users/cam/Documents/Projects/ultima-iv-web/vlc-thumbs/work/upstream/vlc-master-story005-reproduction/extras/package/macosx/../../../po && /Users/cam/Documents/Projects/ultima-iv-web/vlc-thumbs/work/upstream/vlc-master-story005-reproduction/extras/tools/build/bin/msgmerge  --lang=ru --previous ru.po vlc.pot -o ru.new.po
................................................................................................................................................................................................................................................................................................................................................................................................................................................................................................................................................................................................................................................................................................. done.
si:
cd /Users/cam/Documents/Projects/ultima-iv-web/vlc-thumbs/work/upstream/vlc-master-story005-reproduction/extras/package/macosx/../../../po && /Users/cam/Documents/Projects/ultima-iv-web/vlc-thumbs/work/upstream/vlc-master-story005-reproduction/extras/tools/build/bin/msgmerge  --lang=si --previous si.po vlc.pot -o si.new.po
................................................................................................................................................................................................................................................................................................................................................................................................................................................................................................................................................................................................................................................................................................. done.
sk:
cd /Users/cam/Documents/Projects/ultima-iv-web/vlc-thumbs/work/upstream/vlc-master-story005-reproduction/extras/package/macosx/../../../po && /Users/cam/Documents/Projects/ultima-iv-web/vlc-thumbs/work/upstream/vlc-master-story005-reproduction/extras/tools/build/bin/msgmerge  --lang=sk --previous sk.po vlc.pot -o sk.new.po
sl:
cd /Users/cam/Documents/Projects/ultima-iv-web/vlc-thumbs/work/upstream/vlc-master-story005-reproduction/extras/package/macosx/../../../po && /Users/cam/Documents/Projects/ultima-iv-web/vlc-thumbs/work/upstream/vlc-master-story005-reproduction/extras/tools/build/bin/msgmerge  --lang=sl --previous sl.po vlc.pot -o sl.new.po
................................................................................................................................................................................................................................................................................................................................................................................................................................................................................................................................................................................................................................................................................................. done.
................................................................................................................................................................................................................................................................................................................................................................................................................................................................................................................................................................................................................................................................................................. done.
................................................................................................................................................................................................................................................................................................................................................................................................................................................................................................................................................................................................................................................................................................. done.
sq:
cd /Users/cam/Documents/Projects/ultima-iv-web/vlc-thumbs/work/upstream/vlc-master-story005-reproduction/extras/package/macosx/../../../po && /Users/cam/Documents/Projects/ultima-iv-web/vlc-thumbs/work/upstream/vlc-master-story005-reproduction/extras/tools/build/bin/msgmerge  --lang=sq --previous sq.po vlc.pot -o sq.new.po
sr:
cd /Users/cam/Documents/Projects/ultima-iv-web/vlc-thumbs/work/upstream/vlc-master-story005-reproduction/extras/package/macosx/../../../po && /Users/cam/Documents/Projects/ultima-iv-web/vlc-thumbs/work/upstream/vlc-master-story005-reproduction/extras/tools/build/bin/msgmerge  --lang=sr --previous sr.po vlc.pot -o sr.new.po
................................................................................................................................................................................................................................................................................................................................................................................................................................................................................................................................................................................................................................................................................................. done.
sv:
cd /Users/cam/Documents/Projects/ultima-iv-web/vlc-thumbs/work/upstream/vlc-master-story005-reproduction/extras/package/macosx/../../../po && /Users/cam/Documents/Projects/ultima-iv-web/vlc-thumbs/work/upstream/vlc-master-story005-reproduction/extras/tools/build/bin/msgmerge  --lang=sv --previous sv.po vlc.pot -o sv.new.po
................................................................................................................................................................................................................................................................................................................................................................................................................................................................................................................................................................................................................................................................................................. done.
ta:
cd /Users/cam/Documents/Projects/ultima-iv-web/vlc-thumbs/work/upstream/vlc-master-story005-reproduction/extras/package/macosx/../../../po && /Users/cam/Documents/Projects/ultima-iv-web/vlc-thumbs/work/upstream/vlc-master-story005-reproduction/extras/tools/build/bin/msgmerge  --lang=ta --previous ta.po vlc.pot -o ta.new.po
te:
cd /Users/cam/Documents/Projects/ultima-iv-web/vlc-thumbs/work/upstream/vlc-master-story005-reproduction/extras/package/macosx/../../../po && /Users/cam/Documents/Projects/ultima-iv-web/vlc-thumbs/work/upstream/vlc-master-story005-reproduction/extras/tools/build/bin/msgmerge  --lang=te --previous te.po vlc.pot -o te.new.po
................................................................................................................................................................................................................................................................................................................................................................................................................................................................................................................................................................................................................................................................................................. done.
................................................................................................................................................................................................................................................................................................................................................................................................................................................................................................................................................................................................................................................................................................. done.
................................................................................................................................................................................................................................................................................................................................................................................................................................................................................................................................................................................................................................................................................................. done.
tet:
cd /Users/cam/Documents/Projects/ultima-iv-web/vlc-thumbs/work/upstream/vlc-master-story005-reproduction/extras/package/macosx/../../../po && /Users/cam/Documents/Projects/ultima-iv-web/vlc-thumbs/work/upstream/vlc-master-story005-reproduction/extras/tools/build/bin/msgmerge  --lang=tet --previous tet.po vlc.pot -o tet.new.po
th:
cd /Users/cam/Documents/Projects/ultima-iv-web/vlc-thumbs/work/upstream/vlc-master-story005-reproduction/extras/package/macosx/../../../po && /Users/cam/Documents/Projects/ultima-iv-web/vlc-thumbs/work/upstream/vlc-master-story005-reproduction/extras/tools/build/bin/msgmerge  --lang=th --previous th.po vlc.pot -o th.new.po
..tl:
tr:
......cd /Users/cam/Documents/Projects/ultima-iv-web/vlc-thumbs/work/upstream/vlc-master-story005-reproduction/extras/package/macosx/../../../po && /Users/cam/Documents/Projects/ultima-iv-web/vlc-thumbs/work/upstream/vlc-master-story005-reproduction/extras/tools/build/bin/msgmerge  --lang=tl --previous tl.po vlc.pot -o tl.new.po
.cd /Users/cam/Documents/Projects/ultima-iv-web/vlc-thumbs/work/upstream/vlc-master-story005-reproduction/extras/package/macosx/../../../po && /Users/cam/Documents/Projects/ultima-iv-web/vlc-thumbs/work/upstream/vlc-master-story005-reproduction/extras/tools/build/bin/msgmerge  --lang=tr --previous tr.po vlc.pot -o tr.new.po
........................................................................................................................................................................................................................................................................................................................................................................................................................................................................................................................................................................................................................................................................................ done.
................................................................................................................................................................................................................................................................................................................................................................................................................................................................................................................................................................................................................................................................................................. done.
................................................................................................................................................................................................................................................................................................................................................................................................................................................................................................................................................................................................................................................................................................. done.
................................................................................................................................................................................................................................................................................................................................................................................................................................................................................................................................................................................................................................................................................................. done.
ug:
cd /Users/cam/Documents/Projects/ultima-iv-web/vlc-thumbs/work/upstream/vlc-master-story005-reproduction/extras/package/macosx/../../../po && /Users/cam/Documents/Projects/ultima-iv-web/vlc-thumbs/work/upstream/vlc-master-story005-reproduction/extras/tools/build/bin/msgmerge  --lang=ug --previous ug.po vlc.pot -o ug.new.po
................................................................................................................................................................................................................................................................................................................................................................................................................................................................................................................................................................................................................................................................................................. done.
uk:
cd /Users/cam/Documents/Projects/ultima-iv-web/vlc-thumbs/work/upstream/vlc-master-story005-reproduction/extras/package/macosx/../../../po && /Users/cam/Documents/Projects/ultima-iv-web/vlc-thumbs/work/upstream/vlc-master-story005-reproduction/extras/tools/build/bin/msgmerge  --lang=uk --previous uk.po vlc.pot -o uk.new.po
uz:
cd /Users/cam/Documents/Projects/ultima-iv-web/vlc-thumbs/work/upstream/vlc-master-story005-reproduction/extras/package/macosx/../../../po && /Users/cam/Documents/Projects/ultima-iv-web/vlc-thumbs/work/upstream/vlc-master-story005-reproduction/extras/tools/build/bin/msgmerge  --lang=uz --previous uz.po vlc.pot -o uz.new.po
................................................................................................................................................................................................................................................................................................................................................................................................................................................................................................................................................................................................................................................................................................. done.
................................................................................................................................................................................................................................................................................................................................................................................................................................................................................................................................................................................................................................................................................................. done.
vi:
cd /Users/cam/Documents/Projects/ultima-iv-web/vlc-thumbs/work/upstream/vlc-master-story005-reproduction/extras/package/macosx/../../../po && /Users/cam/Documents/Projects/ultima-iv-web/vlc-thumbs/work/upstream/vlc-master-story005-reproduction/extras/tools/build/bin/msgmerge  --lang=vi --previous vi.po vlc.pot -o vi.new.po
wa:
cd /Users/cam/Documents/Projects/ultima-iv-web/vlc-thumbs/work/upstream/vlc-master-story005-reproduction/extras/package/macosx/../../../po && /Users/cam/Documents/Projects/ultima-iv-web/vlc-thumbs/work/upstream/vlc-master-story005-reproduction/extras/tools/build/bin/msgmerge  --lang=wa --previous wa.po vlc.pot -o wa.new.po
zh_CN:
cd /Users/cam/Documents/Projects/ultima-iv-web/vlc-thumbs/work/upstream/vlc-master-story005-reproduction/extras/package/macosx/../../../po && /Users/cam/Documents/Projects/ultima-iv-web/vlc-thumbs/work/upstream/vlc-master-story005-reproduction/extras/tools/build/bin/msgmerge  --lang=zh_CN --previous zh_CN.po vlc.pot -o zh_CN.new.po
......zh_TW:
.......cd /Users/cam/Documents/Projects/ultima-iv-web/vlc-thumbs/work/upstream/vlc-master-story005-reproduction/extras/package/macosx/../../../po && /Users/cam/Documents/Projects/ultima-iv-web/vlc-thumbs/work/upstream/vlc-master-story005-reproduction/extras/tools/build/bin/msgmerge  --lang=zh_TW --previous zh_TW.po vlc.pot -o zh_TW.new.po
..................................................................................................................................................................................................................................................................................................................................................................................................................................................................................................................................................................................................................................................................................................................................................................................................................................................................................................................................................................................................................................................................................................................................................................................................................................................................................................................................................................................... done.
 done.
.................................................................................................................................................................................................................................................................................................................................................................................................................................................................................................................................................................................................................................................................................................................................................................................................................................................................................................................................................................................................................................................................................................................................................................................................................................................................................................................................................................................................. done.
 done.
zu:
cd /Users/cam/Documents/Projects/ultima-iv-web/vlc-thumbs/work/upstream/vlc-master-story005-reproduction/extras/package/macosx/../../../po && /Users/cam/Documents/Projects/ultima-iv-web/vlc-thumbs/work/upstream/vlc-master-story005-reproduction/extras/tools/build/bin/msgmerge  --lang=zu --previous zu.po vlc.pot -o zu.new.po
................................................................................................................................................................................................................................................................................................................................................................................................................................................................................................................................................................................................................................................................................................. done.
/Applications/Xcode.app/Contents/Developer/usr/bin/make update-gmo
 (cd share && /Applications/Xcode.app/Contents/Developer/usr/bin/make  top_distdir=../vlc-4.0.0-dev distdir=../vlc-4.0.0-dev/share \
     am__remove_distdir=: am__skip_length_check=: am__skip_mode_fix=: distdir)
/Applications/Xcode.app/Contents/Developer/usr/bin/make  distdir-am
 (cd src && /Applications/Xcode.app/Contents/Developer/usr/bin/make  top_distdir=../vlc-4.0.0-dev distdir=../vlc-4.0.0-dev/src \
     am__remove_distdir=: am__skip_length_check=: am__skip_mode_fix=: distdir)
  GEN      stamp-revision
/Applications/Xcode.app/Contents/Developer/usr/bin/make  distdir-am
 (cd modules && /Applications/Xcode.app/Contents/Developer/usr/bin/make  top_distdir=../vlc-4.0.0-dev distdir=../vlc-4.0.0-dev/modules \
     am__remove_distdir=: am__skip_length_check=: am__skip_mode_fix=: distdir)
  GEN      vlc_modules_list
/Applications/Xcode.app/Contents/Developer/usr/bin/make  distdir-am
 (cd gui/qt && /Applications/Xcode.app/Contents/Developer/usr/bin/make  top_distdir=../../../vlc-4.0.0-dev distdir=../../../vlc-4.0.0-dev/modules/gui/qt \
     am__remove_distdir=: am__skip_length_check=: am__skip_mode_fix=: distdir)
  GEN      widgets/qml.deps
  GEN      style/qml.deps
  GEN      util/qml.deps
  GEN      playlist/qml.deps
  GEN      network/qml.deps
  GEN      playercontrols/qml.deps
  GEN      player/qml.deps
  GEN      menus/qml.deps
  GEN      dialogs/qml.deps
  GEN      maininterface/qml.deps
  GEN      medialibrary/qml.deps
  GEN      shaders/shaders.deps
/Applications/Xcode.app/Contents/Developer/usr/bin/make  distdir-am
  GEN      style/qml.deps
  GEN      widgets/qml.deps
  GEN      util/qml.deps
  GEN      playlist/qml.deps
  GEN      menus/qml.deps
  GEN      network/qml.deps
  GEN      player/qml.deps
  GEN      playercontrols/qml.deps
  GEN      maininterface/qml.deps
  GEN      medialibrary/qml.deps
  GEN      dialogs/qml.deps
  GEN      shaders/shaders.deps
 (cd lib && /Applications/Xcode.app/Contents/Developer/usr/bin/make  top_distdir=../vlc-4.0.0-dev distdir=../vlc-4.0.0-dev/lib \
     am__remove_distdir=: am__skip_length_check=: am__skip_mode_fix=: distdir)
/Applications/Xcode.app/Contents/Developer/usr/bin/make  distdir-am
 (cd doc && /Applications/Xcode.app/Contents/Developer/usr/bin/make  top_distdir=../vlc-4.0.0-dev distdir=../vlc-4.0.0-dev/doc \
     am__remove_distdir=: am__skip_length_check=: am__skip_mode_fix=: distdir)
/Applications/Xcode.app/Contents/Developer/usr/bin/make  distdir-am
if test -e "/Users/cam/Documents/Projects/ultima-iv-web/vlc-thumbs/work/upstream/vlc-master-story005-reproduction/extras/package/macosx/../../../.git"; then \
		y="ChangeLog-2024"; y="${y##ChangeLog-}" ; \
		git --git-dir="/Users/cam/Documents/Projects/ultima-iv-web/vlc-thumbs/work/upstream/vlc-master-story005-reproduction/extras/package/macosx/../../../.git" log \
			--since="$y-01-01" \
			--until="$y-12-31 23:00:00 -0100" \
			> "ChangeLog-2024" ; \
	fi
 (cd bin && /Applications/Xcode.app/Contents/Developer/usr/bin/make  top_distdir=../vlc-4.0.0-dev distdir=../vlc-4.0.0-dev/bin \
     am__remove_distdir=: am__skip_length_check=: am__skip_mode_fix=: distdir)
/Applications/Xcode.app/Contents/Developer/usr/bin/make  distdir-am
 (cd test && /Applications/Xcode.app/Contents/Developer/usr/bin/make  top_distdir=../vlc-4.0.0-dev distdir=../vlc-4.0.0-dev/test \
     am__remove_distdir=: am__skip_length_check=: am__skip_mode_fix=: distdir)
/Applications/Xcode.app/Contents/Developer/usr/bin/make  distdir-am
/Applications/Xcode.app/Contents/Developer/usr/bin/make  \
	  top_distdir="vlc-4.0.0-dev" distdir="vlc-4.0.0-dev" \
	  dist-hook
chmod u+w "vlc-4.0.0-dev/configure" "vlc-4.0.0-dev/configure.ac"
mtime_ref=
cp -p "vlc-4.0.0-dev/configure.ac" "time_ref"
sed -i '/^VERSION_DATE=\$(/,/^)/c\VERSION_DATE='2026-10-06 \
		"vlc-4.0.0-dev/configure" "vlc-4.0.0-dev/configure.ac"
touch -r "time_ref" "vlc-4.0.0-dev/configure.ac"
rm "time_ref"
test -n "" \
	|| find "vlc-4.0.0-dev" -type d ! -perm -755 \
		-exec chmod u+rwx,go+rx {} \; -o \
	  ! -type d ! -perm -444 -links 1 -exec chmod a+r {} \; -o \
	  ! -type d ! -perm -400 -exec chmod a+r {} \; -o \
	  ! -type d ! -perm -444 -exec /bin/sh /Users/cam/Documents/Projects/ultima-iv-web/vlc-thumbs/work/upstream/vlc-master-story005-reproduction/autotools/install-sh -c -m a+r {} {} \; \
	|| chmod -R a+r "vlc-4.0.0-dev"
tardir=vlc-4.0.0-dev && tar --format=ustar -chf - "$tardir" | XZ_OPT=${XZ_OPT--e} xz -c >vlc-4.0.0-dev.tar.xz
if test -d "vlc-4.0.0-dev"; then find "vlc-4.0.0-dev" -type d ! -perm -700 -exec chmod u+rwx {} ';' ; rm -rf "vlc-4.0.0-dev" || { sleep 5 && rm -rf "vlc-4.0.0-dev"; }; else :; fi
Archive membership and exact bytes PASS: modules/audio_output/apple/channel_layout.h 41aa504553e4008da188fb2628fed10d5dde67c6a10f852db5a834f34afcb9f6
Archive membership and exact bytes PASS: modules/audio_output/apple/avaudiosession_common.h 0bd8e6732201c59d977d00731dbe9db62f24c18dce5a72726f0cbd2ded5a7296
Archive membership and exact bytes PASS: modules/video_output/apple/VLCDrawable.h c3d8143c494eadd4a2d08ccec0f2626ec49cc616372370f08cff0590c718cedc
Archive membership and exact bytes PASS: modules/video_output/apple/vlc_pip_controller.h 9f617c096f4479cb498a1ffe8b46281ad7237f57d399a6959cd78de40d7ed5a6
Archive membership and exact bytes PASS: modules/misc/medialibrary/LazyPreparser.h 894d96b7b165d8bed79a5865c8da17f38c852d2c49266e6693c8b83267a153ad
/Applications/Xcode.app/Contents/Developer/usr/bin/make  dist-xz am__post_remove_distdir='@:'
/Applications/Xcode.app/Contents/Developer/usr/bin/make  distdir-am
if test -d "vlc-4.0.0-dev"; then find "vlc-4.0.0-dev" -type d ! -perm -700 -exec chmod u+rwx {} ';' ; rm -rf "vlc-4.0.0-dev" || { sleep 5 && rm -rf "vlc-4.0.0-dev"; }; else :; fi
 (cd m4 && /Applications/Xcode.app/Contents/Developer/usr/bin/make  top_distdir=../vlc-4.0.0-dev distdir=../vlc-4.0.0-dev/m4 \
     am__remove_distdir=: am__skip_length_check=: am__skip_mode_fix=: distdir)
/Applications/Xcode.app/Contents/Developer/usr/bin/make  distdir-am
 (cd compat && /Applications/Xcode.app/Contents/Developer/usr/bin/make  top_distdir=../vlc-4.0.0-dev distdir=../vlc-4.0.0-dev/compat \
     am__remove_distdir=: am__skip_length_check=: am__skip_mode_fix=: distdir)
/Applications/Xcode.app/Contents/Developer/usr/bin/make  distdir-am
 (cd po && /Applications/Xcode.app/Contents/Developer/usr/bin/make  top_distdir=../vlc-4.0.0-dev distdir=../vlc-4.0.0-dev/po \
     am__remove_distdir=: am__skip_length_check=: am__skip_mode_fix=: distdir)
test -z "update-po" || /Applications/Xcode.app/Contents/Developer/usr/bin/make update-po
/Applications/Xcode.app/Contents/Developer/usr/bin/make vlc.pot-update
package_gnu=""; \
	test -n "$package_gnu" || { \
	  if { if (LC_ALL=C find --version) 2>/dev/null | grep GNU >/dev/null; then \
	         LC_ALL=C find -L /Users/cam/Documents/Projects/ultima-iv-web/vlc-thumbs/work/upstream/vlc-master-story005-reproduction/extras/package/macosx/../../.. -maxdepth 1 -type f -size -10000000c -exec grep -i 'GNU vlc' /dev/null '{}' ';' 2>/dev/null; \
	       else \
	         LC_ALL=C grep -i 'GNU vlc' /Users/cam/Documents/Projects/ultima-iv-web/vlc-thumbs/work/upstream/vlc-master-story005-reproduction/extras/package/macosx/../../../* 2>/dev/null; \
	       fi; \
	     } | grep -v 'libtool:' >/dev/null; then \
	     package_gnu=yes; \
	   else \
	     package_gnu=no; \
	   fi; \
	}; \
	if test "$package_gnu" = "yes"; then \
	  package_prefix='GNU '; \
	else \
	  package_prefix=''; \
	fi; \
	if test -n 'vlc-devel@videolan.org' || test '' = '@'PACKAGE_BUGREPORT'@'; then \
	  msgid_bugs_address='vlc-devel@videolan.org'; \
	else \
	  msgid_bugs_address=''; \
	fi; \
	case `/Users/cam/Documents/Projects/ultima-iv-web/vlc-thumbs/work/upstream/vlc-master-story005-reproduction/extras/tools/build/bin/xgettext --version | sed 1q | sed -e 's,^[^0-9]*,,'` in \
	  '' | 0.[0-9] | 0.[0-9].* | 0.1[0-5] | 0.1[0-5].* | 0.16 | 0.16.[0-1]*) \
	    /Users/cam/Documents/Projects/ultima-iv-web/vlc-thumbs/work/upstream/vlc-master-story005-reproduction/extras/tools/build/bin/xgettext --default-domain=vlc --directory=/Users/cam/Documents/Projects/ultima-iv-web/vlc-thumbs/work/upstream/vlc-master-story005-reproduction/extras/package/macosx/../../.. \
	      --add-comments=TRANSLATORS: \
	      --files-from=/Users/cam/Documents/Projects/ultima-iv-web/vlc-thumbs/work/upstream/vlc-master-story005-reproduction/extras/package/macosx/../../../po/POTFILES.in \
	      --copyright-holder='VideoLAN' \
	      --msgid-bugs-address="$msgid_bugs_address" \
	      --directory=.. --keyword=_ --keyword=N_ --keyword=_NS --keyword=qtr:1 --keyword=qtr:1,2,3t --keyword=qsTr:1,1t --keyword=qsTr:1,2,3t --keyword=Q_ --language=C++ --keyword=vlc_ngettext:1,2 --keyword=vlc_pgettext:1c,2 --keyword=_PNS:1c,2 --add-comments=xgettext: --from-code=UTF-8  \
	    ;; \
	  *) \
	    /Users/cam/Documents/Projects/ultima-iv-web/vlc-thumbs/work/upstream/vlc-master-story005-reproduction/extras/tools/build/bin/xgettext --default-domain=vlc --directory=/Users/cam/Documents/Projects/ultima-iv-web/vlc-thumbs/work/upstream/vlc-master-story005-reproduction/extras/package/macosx/../../.. \
	      --add-comments=TRANSLATORS: \
	      --files-from=/Users/cam/Documents/Projects/ultima-iv-web/vlc-thumbs/work/upstream/vlc-master-story005-reproduction/extras/package/macosx/../../../po/POTFILES.in \
	      --copyright-holder='VideoLAN' \
	      --package-name="${package_prefix}vlc" \
	      --package-version='4.0.0-dev' \
	      --msgid-bugs-address="$msgid_bugs_address" \
	      --directory=.. --keyword=_ --keyword=N_ --keyword=_NS --keyword=qtr:1 --keyword=qtr:1,2,3t --keyword=qsTr:1,1t --keyword=qsTr:1,2,3t --keyword=Q_ --language=C++ --keyword=vlc_ngettext:1,2 --keyword=vlc_pgettext:1c,2 --keyword=_PNS:1c,2 --add-comments=xgettext: --from-code=UTF-8  \
	    ;; \
	esac
include/vlc_intf_strings.h:75: warning: Message contains an embedded URL.  Better move it out of the translatable string, see https://www.gnu.org/software/gettext/manual/html_node/No-embedded-URLs.html
src/config/help.c:171: warning: Message contains an embedded URL.  Better move it out of the translatable string, see https://www.gnu.org/software/gettext/manual/html_node/No-embedded-URLs.html
src/libvlc-module.c:976: warning: Message contains an embedded URL.  Better move it out of the translatable string, see https://www.gnu.org/software/gettext/manual/html_node/No-embedded-URLs.html
modules/access/vdr.c:73: warning: Message contains an embedded URL.  Better move it out of the translatable string, see https://www.gnu.org/software/gettext/manual/html_node/No-embedded-URLs.html
modules/gui/macosx/windows/VLCAboutWindowController.m:130: warning: Message contains an embedded URL.  Better move it out of the translatable string, see https://www.gnu.org/software/gettext/manual/html_node/No-embedded-URLs.html
modules/gui/qt/qt.cpp:196: warning: Message contains an embedded URL.  Better move it out of the translatable string, see https://www.gnu.org/software/gettext/manual/html_node/No-embedded-URLs.html
modules/misc/audioscrobbler.c:727: warning: Message contains an embedded URL.  Better move it out of the translatable string, see https://www.gnu.org/software/gettext/manual/html_node/No-embedded-URLs.html
modules/stream_out/rtp.c:83: warning: Message contains an embedded URL.  Better move it out of the translatable string, see https://www.gnu.org/software/gettext/manual/html_node/No-embedded-URLs.html
test ! -f vlc.po || { \
	  if test -f /Users/cam/Documents/Projects/ultima-iv-web/vlc-thumbs/work/upstream/vlc-master-story005-reproduction/extras/package/macosx/../../../po/vlc.pot-header; then \
	    sed -e '1,/^#$/d' < vlc.po > vlc.1po && \
	    cat /Users/cam/Documents/Projects/ultima-iv-web/vlc-thumbs/work/upstream/vlc-master-story005-reproduction/extras/package/macosx/../../../po/vlc.pot-header vlc.1po > vlc.po && \
	    rm -f vlc.1po \
	    || exit 1; \
	  fi; \
	  if test -f /Users/cam/Documents/Projects/ultima-iv-web/vlc-thumbs/work/upstream/vlc-master-story005-reproduction/extras/package/macosx/../../../po/vlc.pot; then \
	    sed -f remove-potcdate.sed < /Users/cam/Documents/Projects/ultima-iv-web/vlc-thumbs/work/upstream/vlc-master-story005-reproduction/extras/package/macosx/../../../po/vlc.pot > vlc.1po && \
	    sed -f remove-potcdate.sed < vlc.po > vlc.2po && \
	    if cmp vlc.1po vlc.2po >/dev/null 2>&1; then \
	      rm -f vlc.1po vlc.2po vlc.po; \
	    else \
	      rm -f vlc.1po vlc.2po /Users/cam/Documents/Projects/ultima-iv-web/vlc-thumbs/work/upstream/vlc-master-story005-reproduction/extras/package/macosx/../../../po/vlc.pot && \
	      mv vlc.po /Users/cam/Documents/Projects/ultima-iv-web/vlc-thumbs/work/upstream/vlc-master-story005-reproduction/extras/package/macosx/../../../po/vlc.pot; \
	    fi; \
	  else \
	    mv vlc.po /Users/cam/Documents/Projects/ultima-iv-web/vlc-thumbs/work/upstream/vlc-master-story005-reproduction/extras/package/macosx/../../../po/vlc.pot; \
	  fi; \
	}
test -z "ach.po-update af.po-update am.po-update an.po-update ar.po-update as.po-update ast.po-update az.po-update be.po-update bg.po-update bn_IN.po-update bn.po-update br.po-update brx.po-update bs.po-update ca.po-update cgg.po-update ckb.po-update co.po-update cs.po-update cy.po-update da.po-update de.po-update el.po-update en_GB.po-update es.po-update et.po-update eu.po-update fa.po-update ff.po-update fi.po-update fr.po-update fur.po-update fy.po-update ga.po-update gd.po-update gl.po-update gu.po-update he.po-update hi.po-update hr.po-update hu.po-update hy.po-update ia.po-update id.po-update is.po-update it.po-update ja.po-update ka.po-update kk.po-update km.po-update kn.po-update ko.po-update ks_IN.po-update ky.po-update lg.po-update lt.po-update lv.po-update mai.po-update mk.po-update ml.po-update mn.po-update mr.po-update ms.po-update my.po-update nb.po-update ne.po-update nl.po-update nn.po-update oc.po-update or.po-update pa.po-update pl.po-update ps.po-update pt_BR.po-update pt_PT.po-update ro.po-update ru.po-update si.po-update sk.po-update sl.po-update sq.po-update sr.po-update sv.po-update ta.po-update te.po-update tet.po-update th.po-update tl.po-update tr.po-update ug.po-update uk.po-update uz.po-update vi.po-update wa.po-update zh_CN.po-update zh_TW.po-update zu.po-update" || /Applications/Xcode.app/Contents/Developer/usr/bin/make ach.po-update af.po-update am.po-update an.po-update ar.po-update as.po-update ast.po-update az.po-update be.po-update bg.po-update bn_IN.po-update bn.po-update br.po-update brx.po-update bs.po-update ca.po-update cgg.po-update ckb.po-update co.po-update cs.po-update cy.po-update da.po-update de.po-update el.po-update en_GB.po-update es.po-update et.po-update eu.po-update fa.po-update ff.po-update fi.po-update fr.po-update fur.po-update fy.po-update ga.po-update gd.po-update gl.po-update gu.po-update he.po-update hi.po-update hr.po-update hu.po-update hy.po-update ia.po-update id.po-update is.po-update it.po-update ja.po-update ka.po-update kk.po-update km.po-update kn.po-update ko.po-update ks_IN.po-update ky.po-update lg.po-update lt.po-update lv.po-update mai.po-update mk.po-update ml.po-update mn.po-update mr.po-update ms.po-update my.po-update nb.po-update ne.po-update nl.po-update nn.po-update oc.po-update or.po-update pa.po-update pl.po-update ps.po-update pt_BR.po-update pt_PT.po-update ro.po-update ru.po-update si.po-update sk.po-update sl.po-update sq.po-update sr.po-update sv.po-update ta.po-update te.po-update tet.po-update th.po-update tl.po-update tr.po-update ug.po-update uk.po-update uz.po-update vi.po-update wa.po-update zh_CN.po-update zh_TW.po-update zu.po-update
an:
cd /Users/cam/Documents/Projects/ultima-iv-web/vlc-thumbs/work/upstream/vlc-master-story005-reproduction/extras/package/macosx/../../../po && /Users/cam/Documents/Projects/ultima-iv-web/vlc-thumbs/work/upstream/vlc-master-story005-reproduction/extras/tools/build/bin/msgmerge  --lang=an --previous an.po vlc.pot -o an.new.po
am:
cd /Users/cam/Documents/Projects/ultima-iv-web/vlc-thumbs/work/upstream/vlc-master-story005-reproduction/extras/package/macosx/../../../po && /Users/cam/Documents/Projects/ultima-iv-web/vlc-thumbs/work/upstream/vlc-master-story005-reproduction/extras/tools/build/bin/msgmerge  --lang=am --previous am.po vlc.pot -o am.new.po
ach:
cd /Users/cam/Documents/Projects/ultima-iv-web/vlc-thumbs/work/upstream/vlc-master-story005-reproduction/extras/package/macosx/../../../po && /Users/cam/Documents/Projects/ultima-iv-web/vlc-thumbs/work/upstream/vlc-master-story005-reproduction/extras/tools/build/bin/msgmerge  --lang=ach --previous ach.po vlc.pot -o ach.new.po
af:
cd /Users/cam/Documents/Projects/ultima-iv-web/vlc-thumbs/work/upstream/vlc-master-story005-reproduction/extras/package/macosx/../../../po && /Users/cam/Documents/Projects/ultima-iv-web/vlc-thumbs/work/upstream/vlc-master-story005-reproduction/extras/tools/build/bin/msgmerge  --lang=af --previous af.po vlc.pot -o af.new.po
.................................................................................................................................................................................................................................................................................................................................................................................................................................................................................................................................................................................................................................................................................................................................................................................................................................................................................................................................................................................................................................................................................................................................................................................................................................................................................................................................................................................................................................................................................................................................................................................................................................................................................................................................................................................................................................................................................................................................................................................................................................................................................................................................................................................................................................................................................................................................................................................................................................................................................................................................................................................................................................................................................................................................................................................................... done.
 done.
 done.
 done.
ar:
cd /Users/cam/Documents/Projects/ultima-iv-web/vlc-thumbs/work/upstream/vlc-master-story005-reproduction/extras/package/macosx/../../../po && /Users/cam/Documents/Projects/ultima-iv-web/vlc-thumbs/work/upstream/vlc-master-story005-reproduction/extras/tools/build/bin/msgmerge  --lang=ar --previous ar.po vlc.pot -o ar.new.po
as:
cd /Users/cam/Documents/Projects/ultima-iv-web/vlc-thumbs/work/upstream/vlc-master-story005-reproduction/extras/package/macosx/../../../po && /Users/cam/Documents/Projects/ultima-iv-web/vlc-thumbs/work/upstream/vlc-master-story005-reproduction/extras/tools/build/bin/msgmerge  --lang=as --previous as.po vlc.pot -o as.new.po
ast:
cd /Users/cam/Documents/Projects/ultima-iv-web/vlc-thumbs/work/upstream/vlc-master-story005-reproduction/extras/package/macosx/../../../po && /Users/cam/Documents/Projects/ultima-iv-web/vlc-thumbs/work/upstream/vlc-master-story005-reproduction/extras/tools/build/bin/msgmerge  --lang=ast --previous ast.po vlc.pot -o ast.new.po
az:
cd /Users/cam/Documents/Projects/ultima-iv-web/vlc-thumbs/work/upstream/vlc-master-story005-reproduction/extras/package/macosx/../../../po && /Users/cam/Documents/Projects/ultima-iv-web/vlc-thumbs/work/upstream/vlc-master-story005-reproduction/extras/tools/build/bin/msgmerge  --lang=az --previous az.po vlc.pot -o az.new.po
................................................................................................................................................................................................................................................................................................................................................................................................................................................................................................................................................................................................................................................................................................................................................................................................................................................................................................................................................................................................................................................................................................................................................................................................................................................................................................................................................................................................................................................................................................................................................................................................................ done.
.................................................................................................................................................................................................................................................................................................................................................................................................................................................................................................................................................................................................................................................................................................................................................................................................................................................................................................................................................................................................................................................................................................................................................................................... done.
 done.
 done.
be:
cd /Users/cam/Documents/Projects/ultima-iv-web/vlc-thumbs/work/upstream/vlc-master-story005-reproduction/extras/package/macosx/../../../po && /Users/cam/Documents/Projects/ultima-iv-web/vlc-thumbs/work/upstream/vlc-master-story005-reproduction/extras/tools/build/bin/msgmerge  --lang=be --previous be.po vlc.pot -o be.new.po
bg:
cd /Users/cam/Documents/Projects/ultima-iv-web/vlc-thumbs/work/upstream/vlc-master-story005-reproduction/extras/package/macosx/../../../po && /Users/cam/Documents/Projects/ultima-iv-web/vlc-thumbs/work/upstream/vlc-master-story005-reproduction/extras/tools/build/bin/msgmerge  --lang=bg --previous bg.po vlc.pot -o bg.new.po
bn_IN:
cd /Users/cam/Documents/Projects/ultima-iv-web/vlc-thumbs/work/upstream/vlc-master-story005-reproduction/extras/package/macosx/../../../po && /Users/cam/Documents/Projects/ultima-iv-web/vlc-thumbs/work/upstream/vlc-master-story005-reproduction/extras/tools/build/bin/msgmerge  --lang=bn_IN --previous bn_IN.po vlc.pot -o bn_IN.new.po
bn:
cd /Users/cam/Documents/Projects/ultima-iv-web/vlc-thumbs/work/upstream/vlc-master-story005-reproduction/extras/package/macosx/../../../po && /Users/cam/Documents/Projects/ultima-iv-web/vlc-thumbs/work/upstream/vlc-master-story005-reproduction/extras/tools/build/bin/msgmerge  --lang=bn --previous bn.po vlc.pot -o bn.new.po
................................................................................................................................................................................................................................................................................................................................................................................................................................................................................................................................................................................................................................................................................................. done.
............................................................................................................................................................................................................................................................................................................................................................................................................................................................................................................................................................................................................................................................................................................................................................................ done.
...................................................................................................................................................................................................................................................................................................................................................................................................................................................................................................................................................................................................................... done.
................................................................................................................................................................................................................................................................................................................................................................................................................................................................................................................................................................................................................................................................................................. done.
br:
cd /Users/cam/Documents/Projects/ultima-iv-web/vlc-thumbs/work/upstream/vlc-master-story005-reproduction/extras/package/macosx/../../../po && /Users/cam/Documents/Projects/ultima-iv-web/vlc-thumbs/work/upstream/vlc-master-story005-reproduction/extras/tools/build/bin/msgmerge  --lang=br --previous br.po vlc.pot -o br.new.po
brx:
cd /Users/cam/Documents/Projects/ultima-iv-web/vlc-thumbs/work/upstream/vlc-master-story005-reproduction/extras/package/macosx/../../../po && /Users/cam/Documents/Projects/ultima-iv-web/vlc-thumbs/work/upstream/vlc-master-story005-reproduction/extras/tools/build/bin/msgmerge  --lang=brx --previous brx.po vlc.pot -o brx.new.po
bs:
cd /Users/cam/Documents/Projects/ultima-iv-web/vlc-thumbs/work/upstream/vlc-master-story005-reproduction/extras/package/macosx/../../../po && /Users/cam/Documents/Projects/ultima-iv-web/vlc-thumbs/work/upstream/vlc-master-story005-reproduction/extras/tools/build/bin/msgmerge  --lang=bs --previous bs.po vlc.pot -o bs.new.po
ca:
cd /Users/cam/Documents/Projects/ultima-iv-web/vlc-thumbs/work/upstream/vlc-master-story005-reproduction/extras/package/macosx/../../../po && /Users/cam/Documents/Projects/ultima-iv-web/vlc-thumbs/work/upstream/vlc-master-story005-reproduction/extras/tools/build/bin/msgmerge  --lang=ca --previous ca.po vlc.pot -o ca.new.po
................................................................................................................................................................................................................................................................................................................................................................................................................................................................................................................................................................................................................................................................................................. done.
.................................................................................................................................................................................................................................................................................................................................................................................................................................................................................................................................................................................................................................................................................................................................................................................................................................................................................................................................................................................................................................................................................................................................................................................................................................................................................................................................................................................................. done.
 done.
................................................................................................................................................................................................................................................................................................................................................................................................................................................................................................................................................................................................................................................................................................. done.
cgg:
cd /Users/cam/Documents/Projects/ultima-iv-web/vlc-thumbs/work/upstream/vlc-master-story005-reproduction/extras/package/macosx/../../../po && /Users/cam/Documents/Projects/ultima-iv-web/vlc-thumbs/work/upstream/vlc-master-story005-reproduction/extras/tools/build/bin/msgmerge  --lang=cgg --previous cgg.po vlc.pot -o cgg.new.po
ckb:
cd /Users/cam/Documents/Projects/ultima-iv-web/vlc-thumbs/work/upstream/vlc-master-story005-reproduction/extras/package/macosx/../../../po && /Users/cam/Documents/Projects/ultima-iv-web/vlc-thumbs/work/upstream/vlc-master-story005-reproduction/extras/tools/build/bin/msgmerge  --lang=ckb --previous ckb.po vlc.pot -o ckb.new.po
................................................................................................................................................................................................................................................................................................................................................................................................................................................................................................................................................................................................................................................................................................. done.
co:
cd /Users/cam/Documents/Projects/ultima-iv-web/vlc-thumbs/work/upstream/vlc-master-story005-reproduction/extras/package/macosx/../../../po && /Users/cam/Documents/Projects/ultima-iv-web/vlc-thumbs/work/upstream/vlc-master-story005-reproduction/extras/tools/build/bin/msgmerge  --lang=co --previous co.po vlc.pot -o co.new.po
.............................................................................................................................................................................................................................................................................................................cs:
........cd /Users/cam/Documents/Projects/ultima-iv-web/vlc-thumbs/work/upstream/vlc-master-story005-reproduction/extras/package/macosx/../../../po && /Users/cam/Documents/Projects/ultima-iv-web/vlc-thumbs/work/upstream/vlc-master-story005-reproduction/extras/tools/build/bin/msgmerge  --lang=cs --previous cs.po vlc.pot -o cs.new.po
............................................................................................................................................................................................................................................................................................................................................................................ done.
................................................................................................................................................................................................................................................................................................................................................................................................................................................................................................................................................................................................................................................................................................. done.
cy:
cd /Users/cam/Documents/Projects/ultima-iv-web/vlc-thumbs/work/upstream/vlc-master-story005-reproduction/extras/package/macosx/../../../po && /Users/cam/Documents/Projects/ultima-iv-web/vlc-thumbs/work/upstream/vlc-master-story005-reproduction/extras/tools/build/bin/msgmerge  --lang=cy --previous cy.po vlc.pot -o cy.new.po
................................................................................................................................................................................................................................................................................................................................................................................................................................................................................................................................................................................................................................................................................................. done.
da:
cd /Users/cam/Documents/Projects/ultima-iv-web/vlc-thumbs/work/upstream/vlc-master-story005-reproduction/extras/package/macosx/../../../po && /Users/cam/Documents/Projects/ultima-iv-web/vlc-thumbs/work/upstream/vlc-master-story005-reproduction/extras/tools/build/bin/msgmerge  --lang=da --previous da.po vlc.pot -o da.new.po
................................................................................................................................................................................................................................................................................................................................................................................................................................................................................................................................................................................................................................................................................................. done.
de:
cd /Users/cam/Documents/Projects/ultima-iv-web/vlc-thumbs/work/upstream/vlc-master-story005-reproduction/extras/package/macosx/../../../po && /Users/cam/Documents/Projects/ultima-iv-web/vlc-thumbs/work/upstream/vlc-master-story005-reproduction/extras/tools/build/bin/msgmerge  --lang=de --previous de.po vlc.pot -o de.new.po
el:
cd /Users/cam/Documents/Projects/ultima-iv-web/vlc-thumbs/work/upstream/vlc-master-story005-reproduction/extras/package/macosx/../../../po && /Users/cam/Documents/Projects/ultima-iv-web/vlc-thumbs/work/upstream/vlc-master-story005-reproduction/extras/tools/build/bin/msgmerge  --lang=el --previous el.po vlc.pot -o el.new.po
................................................................................................................................................................................................................................................................................................................................................................................................................................................................................................................................................................................................................................................................................................. done.
................................................................................................................................................................................................................................................................................................................................................................................................................................................................................................................................................................................................................................................................................................. done.
en_GB:
cd /Users/cam/Documents/Projects/ultima-iv-web/vlc-thumbs/work/upstream/vlc-master-story005-reproduction/extras/package/macosx/../../../po && /Users/cam/Documents/Projects/ultima-iv-web/vlc-thumbs/work/upstream/vlc-master-story005-reproduction/extras/tools/build/bin/msgmerge  --lang=en_GB --previous en_GB.po vlc.pot -o en_GB.new.po
................................................................................................................................................................................................................................................................................................................................................................................................................................................................................................................................................................................................................................................................................................. done.
................................................................................................................................................................................................................................................................................................................................................................................................................................................................................................................................................................................................................................................................................................. done.
es:
cd /Users/cam/Documents/Projects/ultima-iv-web/vlc-thumbs/work/upstream/vlc-master-story005-reproduction/extras/package/macosx/../../../po && /Users/cam/Documents/Projects/ultima-iv-web/vlc-thumbs/work/upstream/vlc-master-story005-reproduction/extras/tools/build/bin/msgmerge  --lang=es --previous es.po vlc.pot -o es.new.po
et:
cd /Users/cam/Documents/Projects/ultima-iv-web/vlc-thumbs/work/upstream/vlc-master-story005-reproduction/extras/package/macosx/../../../po && /Users/cam/Documents/Projects/ultima-iv-web/vlc-thumbs/work/upstream/vlc-master-story005-reproduction/extras/tools/build/bin/msgmerge  --lang=et --previous et.po vlc.pot -o et.new.po
..................................................................................................................................................................................................................................................................................................eu:
...........cd /Users/cam/Documents/Projects/ultima-iv-web/vlc-thumbs/work/upstream/vlc-master-story005-reproduction/extras/package/macosx/../../../po && /Users/cam/Documents/Projects/ultima-iv-web/vlc-thumbs/work/upstream/vlc-master-story005-reproduction/extras/tools/build/bin/msgmerge  --lang=eu --previous eu.po vlc.pot -o eu.new.po
.................................................................................................................................................................................................................................................................................................................................................................................... done.
fa:
cd /Users/cam/Documents/Projects/ultima-iv-web/vlc-thumbs/work/upstream/vlc-master-story005-reproduction/extras/package/macosx/../../../po && /Users/cam/Documents/Projects/ultima-iv-web/vlc-thumbs/work/upstream/vlc-master-story005-reproduction/extras/tools/build/bin/msgmerge  --lang=fa --previous fa.po vlc.pot -o fa.new.po
................................................................................................................................................................................................................................................................................................................................................................................................................................................................................................................................................................................................................................................................................................. done.
................................................................................................................................................................................................................................................................................................................................................................................................................................................................................................................................................................................................................................................................................................. done.
................................................................................................................................................................................................................................................................................................................................................................................................................................................................................................................................................................................................................................................................................................. done.
ff:
fi:
cd /Users/cam/Documents/Projects/ultima-iv-web/vlc-thumbs/work/upstream/vlc-master-story005-reproduction/extras/package/macosx/../../../po && /Users/cam/Documents/Projects/ultima-iv-web/vlc-thumbs/work/upstream/vlc-master-story005-reproduction/extras/tools/build/bin/msgmerge  --lang=ff --previous ff.po vlc.pot -o ff.new.po
cd /Users/cam/Documents/Projects/ultima-iv-web/vlc-thumbs/work/upstream/vlc-master-story005-reproduction/extras/package/macosx/../../../po && /Users/cam/Documents/Projects/ultima-iv-web/vlc-thumbs/work/upstream/vlc-master-story005-reproduction/extras/tools/build/bin/msgmerge  --lang=fi --previous fi.po vlc.pot -o fi.new.po
fr:
cd /Users/cam/Documents/Projects/ultima-iv-web/vlc-thumbs/work/upstream/vlc-master-story005-reproduction/extras/package/macosx/../../../po && /Users/cam/Documents/Projects/ultima-iv-web/vlc-thumbs/work/upstream/vlc-master-story005-reproduction/extras/tools/build/bin/msgmerge  --lang=fr --previous fr.po vlc.pot -o fr.new.po
fur:
cd /Users/cam/Documents/Projects/ultima-iv-web/vlc-thumbs/work/upstream/vlc-master-story005-reproduction/extras/package/macosx/../../../po && /Users/cam/Documents/Projects/ultima-iv-web/vlc-thumbs/work/upstream/vlc-master-story005-reproduction/extras/tools/build/bin/msgmerge  --lang=fur --previous fur.po vlc.pot -o fur.new.po
.......................................................................................................................................................................................................................................................................................................................................................................................................................................................................................................................................................................................................................................................................................................................................................................................................................................................................................................................................................................... done.
........................................................................................................................................................................................................................................................................................................................................................................................................................ done.
................................................................................................................................................................................................................................................................................................................................................................................................................................................................................................................................................................................................................................................................................................. done.
................................................................................................................................................................................................................................................................................................................................................................................................................................................................................................................................................................................................................................................................................................. done.
fy:
cd /Users/cam/Documents/Projects/ultima-iv-web/vlc-thumbs/work/upstream/vlc-master-story005-reproduction/extras/package/macosx/../../../po && /Users/cam/Documents/Projects/ultima-iv-web/vlc-thumbs/work/upstream/vlc-master-story005-reproduction/extras/tools/build/bin/msgmerge  --lang=fy --previous fy.po vlc.pot -o fy.new.po
ga:
cd /Users/cam/Documents/Projects/ultima-iv-web/vlc-thumbs/work/upstream/vlc-master-story005-reproduction/extras/package/macosx/../../../po && /Users/cam/Documents/Projects/ultima-iv-web/vlc-thumbs/work/upstream/vlc-master-story005-reproduction/extras/tools/build/bin/msgmerge  --lang=ga --previous ga.po vlc.pot -o ga.new.po
gd:
cd /Users/cam/Documents/Projects/ultima-iv-web/vlc-thumbs/work/upstream/vlc-master-story005-reproduction/extras/package/macosx/../../../po && /Users/cam/Documents/Projects/ultima-iv-web/vlc-thumbs/work/upstream/vlc-master-story005-reproduction/extras/tools/build/bin/msgmerge  --lang=gd --previous gd.po vlc.pot -o gd.new.po
.................................................................................................................................................................................................................................................................................................................................................................................................................................................................................................................................................................................................................................................................................................gl:
cd /Users/cam/Documents/Projects/ultima-iv-web/vlc-thumbs/work/upstream/vlc-master-story005-reproduction/extras/package/macosx/../../../po && /Users/cam/Documents/Projects/ultima-iv-web/vlc-thumbs/work/upstream/vlc-master-story005-reproduction/extras/tools/build/bin/msgmerge  --lang=gl --previous gl.po vlc.pot -o gl.new.po
 done.
................................................................................................................................................................................................................................................................................................................................................................................................................................................................................................................................................................................................................................................................................................. done.
................................................................................................................................................................................................................................................................................................................................................................................................................................................................................................................................................................................................................................................................................................. done.
................................................................................................................................................................................................................................................................................................................................................................................................................................................................................................................................................................................................................................................................................................. done.
gu:
cd /Users/cam/Documents/Projects/ultima-iv-web/vlc-thumbs/work/upstream/vlc-master-story005-reproduction/extras/package/macosx/../../../po && /Users/cam/Documents/Projects/ultima-iv-web/vlc-thumbs/work/upstream/vlc-master-story005-reproduction/extras/tools/build/bin/msgmerge  --lang=gu --previous gu.po vlc.pot -o gu.new.po
he:
cd /Users/cam/Documents/Projects/ultima-iv-web/vlc-thumbs/work/upstream/vlc-master-story005-reproduction/extras/package/macosx/../../../po && /Users/cam/Documents/Projects/ultima-iv-web/vlc-thumbs/work/upstream/vlc-master-story005-reproduction/extras/tools/build/bin/msgmerge  --lang=he --previous he.po vlc.pot -o he.new.po
hi:
cd /Users/cam/Documents/Projects/ultima-iv-web/vlc-thumbs/work/upstream/vlc-master-story005-reproduction/extras/package/macosx/../../../po && /Users/cam/Documents/Projects/ultima-iv-web/vlc-thumbs/work/upstream/vlc-master-story005-reproduction/extras/tools/build/bin/msgmerge  --lang=hi --previous hi.po vlc.pot -o hi.new.po
.................................................................................................................................................................................................................................................................................................................................................................................................................................................................................................................................................................................................................................................................................................................................................................................................................................................................................................................................................................................................................................................................................................................................................................................................................................................................................................................................................................. done.
................................ done.
hr:
cd /Users/cam/Documents/Projects/ultima-iv-web/vlc-thumbs/work/upstream/vlc-master-story005-reproduction/extras/package/macosx/../../../po && /Users/cam/Documents/Projects/ultima-iv-web/vlc-thumbs/work/upstream/vlc-master-story005-reproduction/extras/tools/build/bin/msgmerge  --lang=hr --previous hr.po vlc.pot -o hr.new.po
................................................................................................................................................................................................................................................................................................................................................................................................................................................................................................................................................................................................................................................................................................. done.
...........................................................................................................................................................................................................................................................................................................................................................................................................................................................................................................hu:
...........cd /Users/cam/Documents/Projects/ultima-iv-web/vlc-thumbs/work/upstream/vlc-master-story005-reproduction/extras/package/macosx/../../../po && /Users/cam/Documents/Projects/ultima-iv-web/vlc-thumbs/work/upstream/vlc-master-story005-reproduction/extras/tools/build/bin/msgmerge  --lang=hu --previous hu.po vlc.pot -o hu.new.po
........................................................................................................................................................................... done.
ia:
cd /Users/cam/Documents/Projects/ultima-iv-web/vlc-thumbs/work/upstream/vlc-master-story005-reproduction/extras/package/macosx/../../../po && /Users/cam/Documents/Projects/ultima-iv-web/vlc-thumbs/work/upstream/vlc-master-story005-reproduction/extras/tools/build/bin/msgmerge  --lang=ia --previous ia.po vlc.pot -o ia.new.po
hy:
cd /Users/cam/Documents/Projects/ultima-iv-web/vlc-thumbs/work/upstream/vlc-master-story005-reproduction/extras/package/macosx/../../../po && /Users/cam/Documents/Projects/ultima-iv-web/vlc-thumbs/work/upstream/vlc-master-story005-reproduction/extras/tools/build/bin/msgmerge  --lang=hy --previous hy.po vlc.pot -o hy.new.po
................................................................................................................................................................................................................................................................................................................................................................................................................................................................................................................................................................................................................................................................................................. done.
............................................................................................................................................................................................................................................................................................................................................................................................................................................................................................................................................................................................................................................................................................................................................................................................... done.
................................................................................................................................................................................................................................................................................................................................................................................................................................................................................................................................................................................................... done.
id:
cd /Users/cam/Documents/Projects/ultima-iv-web/vlc-thumbs/work/upstream/vlc-master-story005-reproduction/extras/package/macosx/../../../po && /Users/cam/Documents/Projects/ultima-iv-web/vlc-thumbs/work/upstream/vlc-master-story005-reproduction/extras/tools/build/bin/msgmerge  --lang=id --previous id.po vlc.pot -o id.new.po
is:
cd /Users/cam/Documents/Projects/ultima-iv-web/vlc-thumbs/work/upstream/vlc-master-story005-reproduction/extras/package/macosx/../../../po && /Users/cam/Documents/Projects/ultima-iv-web/vlc-thumbs/work/upstream/vlc-master-story005-reproduction/extras/tools/build/bin/msgmerge  --lang=is --previous is.po vlc.pot -o is.new.po
................................................................................................................................................................................................................................................................................................................................................................................................................................................................................................................................................................................................................................................................................................. done.
it:
cd /Users/cam/Documents/Projects/ultima-iv-web/vlc-thumbs/work/upstream/vlc-master-story005-reproduction/extras/package/macosx/../../../po && /Users/cam/Documents/Projects/ultima-iv-web/vlc-thumbs/work/upstream/vlc-master-story005-reproduction/extras/tools/build/bin/msgmerge  --lang=it --previous it.po vlc.pot -o it.new.po
ja:
cd /Users/cam/Documents/Projects/ultima-iv-web/vlc-thumbs/work/upstream/vlc-master-story005-reproduction/extras/package/macosx/../../../po && /Users/cam/Documents/Projects/ultima-iv-web/vlc-thumbs/work/upstream/vlc-master-story005-reproduction/extras/tools/build/bin/msgmerge  --lang=ja --previous ja.po vlc.pot -o ja.new.po
................................................................................................................................................................................................................................................................................................................................................................................................................................................................................................................................................................................................................................................................................................. done.
........................................................................................................................................................................................................................................................................................................................................................................................................................................................................................................................................................................................................................................................................................................................................................................................................................................................................................................................................................................................................................................................................................................................................................................................................................................................................................................................................................................... done.
....................... done.
ka:
cd /Users/cam/Documents/Projects/ultima-iv-web/vlc-thumbs/work/upstream/vlc-master-story005-reproduction/extras/package/macosx/../../../po && /Users/cam/Documents/Projects/ultima-iv-web/vlc-thumbs/work/upstream/vlc-master-story005-reproduction/extras/tools/build/bin/msgmerge  --lang=ka --previous ka.po vlc.pot -o ka.new.po
kk:
cd /Users/cam/Documents/Projects/ultima-iv-web/vlc-thumbs/work/upstream/vlc-master-story005-reproduction/extras/package/macosx/../../../po && /Users/cam/Documents/Projects/ultima-iv-web/vlc-thumbs/work/upstream/vlc-master-story005-reproduction/extras/tools/build/bin/msgmerge  --lang=kk --previous kk.po vlc.pot -o kk.new.po
................................................................................................................................................................................................................................................................................................................................................................................................................................................................................................................................................................................................................................................................................................. done.
................................................................................................................................................................................................................................................................................................................................................................................................................................................................................................................................................................................................................................................................................................. done.
km:
kn:
cd /Users/cam/Documents/Projects/ultima-iv-web/vlc-thumbs/work/upstream/vlc-master-story005-reproduction/extras/package/macosx/../../../po && /Users/cam/Documents/Projects/ultima-iv-web/vlc-thumbs/work/upstream/vlc-master-story005-reproduction/extras/tools/build/bin/msgmerge  --lang=km --previous km.po vlc.pot -o km.new.po
cd /Users/cam/Documents/Projects/ultima-iv-web/vlc-thumbs/work/upstream/vlc-master-story005-reproduction/extras/package/macosx/../../../po && /Users/cam/Documents/Projects/ultima-iv-web/vlc-thumbs/work/upstream/vlc-master-story005-reproduction/extras/tools/build/bin/msgmerge  --lang=kn --previous kn.po vlc.pot -o kn.new.po
ko:
cd /Users/cam/Documents/Projects/ultima-iv-web/vlc-thumbs/work/upstream/vlc-master-story005-reproduction/extras/package/macosx/../../../po && /Users/cam/Documents/Projects/ultima-iv-web/vlc-thumbs/work/upstream/vlc-master-story005-reproduction/extras/tools/build/bin/msgmerge  --lang=ko --previous ko.po vlc.pot -o ko.new.po
................................................................................................................................................................................................................................................................................................................................................................................................................................................................................................................................................................................................................................................................................................. done.
................................................................................................................................................................................................................................................................................................................................................................................................................................................................................................................................................................................................................................................................................................. done.
ks_IN:
cd /Users/cam/Documents/Projects/ultima-iv-web/vlc-thumbs/work/upstream/vlc-master-story005-reproduction/extras/package/macosx/../../../po && /Users/cam/Documents/Projects/ultima-iv-web/vlc-thumbs/work/upstream/vlc-master-story005-reproduction/extras/tools/build/bin/msgmerge  --lang=ks_IN --previous ks_IN.po vlc.pot -o ks_IN.new.po
................................................................................................................................................................................................................................................................................................................................................................................................................................................................................................................................................................................................................................................................................................. done.
................................................................................................................................................................................................................................................................................................................................................................................................................................................................................................................................................................................................................................................................................................. done.
ky:
cd /Users/cam/Documents/Projects/ultima-iv-web/vlc-thumbs/work/upstream/vlc-master-story005-reproduction/extras/package/macosx/../../../po && /Users/cam/Documents/Projects/ultima-iv-web/vlc-thumbs/work/upstream/vlc-master-story005-reproduction/extras/tools/build/bin/msgmerge  --lang=ky --previous ky.po vlc.pot -o ky.new.po
lg:
cd /Users/cam/Documents/Projects/ultima-iv-web/vlc-thumbs/work/upstream/vlc-master-story005-reproduction/extras/package/macosx/../../../po && /Users/cam/Documents/Projects/ultima-iv-web/vlc-thumbs/work/upstream/vlc-master-story005-reproduction/extras/tools/build/bin/msgmerge  --lang=lg --previous lg.po vlc.pot -o lg.new.po
................................................................................................................................................................................................................................................................................................................................................................................................................................................................................................................................lt:
..............cd /Users/cam/Documents/Projects/ultima-iv-web/vlc-thumbs/work/upstream/vlc-master-story005-reproduction/extras/package/macosx/../../../po && /Users/cam/Documents/Projects/ultima-iv-web/vlc-thumbs/work/upstream/vlc-master-story005-reproduction/extras/tools/build/bin/msgmerge  --lang=lt --previous lt.po vlc.pot -o lt.new.po
................................................................................................................................................... done.
lv:
cd /Users/cam/Documents/Projects/ultima-iv-web/vlc-thumbs/work/upstream/vlc-master-story005-reproduction/extras/package/macosx/../../../po && /Users/cam/Documents/Projects/ultima-iv-web/vlc-thumbs/work/upstream/vlc-master-story005-reproduction/extras/tools/build/bin/msgmerge  --lang=lv --previous lv.po vlc.pot -o lv.new.po
................................................................................................................................................................................................................................................................................................................................................................................................................................................................................................................................................................................................................................................................................................. done.
................................................................................................................................................................................................................................................................................................................................................................................................................................................................................................................................................................................................................................................................................................. done.
mai:
cd /Users/cam/Documents/Projects/ultima-iv-web/vlc-thumbs/work/upstream/vlc-master-story005-reproduction/extras/package/macosx/../../../po && /Users/cam/Documents/Projects/ultima-iv-web/vlc-thumbs/work/upstream/vlc-master-story005-reproduction/extras/tools/build/bin/msgmerge  --lang=mai --previous mai.po vlc.pot -o mai.new.po
................................................................................................................................................................................................................................................................................................................................................................................................................................................................................................................................................................................................................................................................................................. done.
mk:
cd /Users/cam/Documents/Projects/ultima-iv-web/vlc-thumbs/work/upstream/vlc-master-story005-reproduction/extras/package/macosx/../../../po && /Users/cam/Documents/Projects/ultima-iv-web/vlc-thumbs/work/upstream/vlc-master-story005-reproduction/extras/tools/build/bin/msgmerge  --lang=mk --previous mk.po vlc.pot -o mk.new.po
................................................................................................................................................................................................................................................................................................................................................................................................................................................................................................................................................................................................................................................................................................. done.
ml:
cd /Users/cam/Documents/Projects/ultima-iv-web/vlc-thumbs/work/upstream/vlc-master-story005-reproduction/extras/package/macosx/../../../po && /Users/cam/Documents/Projects/ultima-iv-web/vlc-thumbs/work/upstream/vlc-master-story005-reproduction/extras/tools/build/bin/msgmerge  --lang=ml --previous ml.po vlc.pot -o ml.new.po
................................................................................................................................................................................................................................................................................................................................................................................................................................................................................................................................................................................................................................................................................................. done.
mn:
cd /Users/cam/Documents/Projects/ultima-iv-web/vlc-thumbs/work/upstream/vlc-master-story005-reproduction/extras/package/macosx/../../../po && /Users/cam/Documents/Projects/ultima-iv-web/vlc-thumbs/work/upstream/vlc-master-story005-reproduction/extras/tools/build/bin/msgmerge  --lang=mn --previous mn.po vlc.pot -o mn.new.po
.......................................................................................................................................................................................................................................................................................................................................................................................................................................................................................................................................................mr:
................cd /Users/cam/Documents/Projects/ultima-iv-web/vlc-thumbs/work/upstream/vlc-master-story005-reproduction/extras/package/macosx/../../../po && /Users/cam/Documents/Projects/ultima-iv-web/vlc-thumbs/work/upstream/vlc-master-story005-reproduction/extras/tools/build/bin/msgmerge  --lang=mr --previous mr.po vlc.pot -o mr.new.po
.......................................................................................................................... done.
................................................................................................................................................................................................................................................................................................................................................................................................................................................................................................................................................................................................................................................................................................. done.
ms:
cd /Users/cam/Documents/Projects/ultima-iv-web/vlc-thumbs/work/upstream/vlc-master-story005-reproduction/extras/package/macosx/../../../po && /Users/cam/Documents/Projects/ultima-iv-web/vlc-thumbs/work/upstream/vlc-master-story005-reproduction/extras/tools/build/bin/msgmerge  --lang=ms --previous ms.po vlc.pot -o ms.new.po
................................................................................................................................................................................................................................................................................................................................................................................................................................................................................................................................................................................................................................................................................................. done.
.....................................................................................................................................................................................................................................................................................................................................................................................................................................................................................................my:
..........cd /Users/cam/Documents/Projects/ultima-iv-web/vlc-thumbs/work/upstream/vlc-master-story005-reproduction/extras/package/macosx/../../../po && /Users/cam/Documents/Projects/ultima-iv-web/vlc-thumbs/work/upstream/vlc-master-story005-reproduction/extras/tools/build/bin/msgmerge  --lang=my --previous my.po vlc.pot -o my.new.po
.................................................................................................................................................................................. done.
nb:
cd /Users/cam/Documents/Projects/ultima-iv-web/vlc-thumbs/work/upstream/vlc-master-story005-reproduction/extras/package/macosx/../../../po && /Users/cam/Documents/Projects/ultima-iv-web/vlc-thumbs/work/upstream/vlc-master-story005-reproduction/extras/tools/build/bin/msgmerge  --lang=nb --previous nb.po vlc.pot -o nb.new.po
................................................................................................................................................................................................................................................................................................................................................................................................................................................................................................................................................................................................................................................................................................. done.
.................................................................................................................................................................................................................................................................................................................................................................................................................................................................................................................................................................................................................................................................................................ne:
cd /Users/cam/Documents/Projects/ultima-iv-web/vlc-thumbs/work/upstream/vlc-master-story005-reproduction/extras/package/macosx/../../../po && /Users/cam/Documents/Projects/ultima-iv-web/vlc-thumbs/work/upstream/vlc-master-story005-reproduction/extras/tools/build/bin/msgmerge  --lang=ne --previous ne.po vlc.pot -o ne.new.po
 done.
nl:
cd /Users/cam/Documents/Projects/ultima-iv-web/vlc-thumbs/work/upstream/vlc-master-story005-reproduction/extras/package/macosx/../../../po && /Users/cam/Documents/Projects/ultima-iv-web/vlc-thumbs/work/upstream/vlc-master-story005-reproduction/extras/tools/build/bin/msgmerge  --lang=nl --previous nl.po vlc.pot -o nl.new.po
nn:
cd /Users/cam/Documents/Projects/ultima-iv-web/vlc-thumbs/work/upstream/vlc-master-story005-reproduction/extras/package/macosx/../../../po && /Users/cam/Documents/Projects/ultima-iv-web/vlc-thumbs/work/upstream/vlc-master-story005-reproduction/extras/tools/build/bin/msgmerge  --lang=nn --previous nn.po vlc.pot -o nn.new.po
................................................................................................................................................................................................................................................................................................................................................................................................................................................................................................................................................................................................................................................................................................. done.
................................................................................................................................................................................................................................................................................................................................................................................................................................................................................................................................................................................................................................................................................................. done.
................................................................................................................................................................................................................................................................................................................................................................................................................................................................................................................................................................................................................................................................................................. done.
oc:
cd /Users/cam/Documents/Projects/ultima-iv-web/vlc-thumbs/work/upstream/vlc-master-story005-reproduction/extras/package/macosx/../../../po && /Users/cam/Documents/Projects/ultima-iv-web/vlc-thumbs/work/upstream/vlc-master-story005-reproduction/extras/tools/build/bin/msgmerge  --lang=oc --previous oc.po vlc.pot -o oc.new.po
................................................................................................................................................................................................................................................................................................................................................................................................................................................................................................................................................................................................................................................................................................. done.
or:
cd /Users/cam/Documents/Projects/ultima-iv-web/vlc-thumbs/work/upstream/vlc-master-story005-reproduction/extras/package/macosx/../../../po && /Users/cam/Documents/Projects/ultima-iv-web/vlc-thumbs/work/upstream/vlc-master-story005-reproduction/extras/tools/build/bin/msgmerge  --lang=or --previous or.po vlc.pot -o or.new.po
pa:
cd /Users/cam/Documents/Projects/ultima-iv-web/vlc-thumbs/work/upstream/vlc-master-story005-reproduction/extras/package/macosx/../../../po && /Users/cam/Documents/Projects/ultima-iv-web/vlc-thumbs/work/upstream/vlc-master-story005-reproduction/extras/tools/build/bin/msgmerge  --lang=pa --previous pa.po vlc.pot -o pa.new.po
pl:
cd /Users/cam/Documents/Projects/ultima-iv-web/vlc-thumbs/work/upstream/vlc-master-story005-reproduction/extras/package/macosx/../../../po && /Users/cam/Documents/Projects/ultima-iv-web/vlc-thumbs/work/upstream/vlc-master-story005-reproduction/extras/tools/build/bin/msgmerge  --lang=pl --previous pl.po vlc.pot -o pl.new.po
................................................................................................................................................................................................................................................................................................................................................................................................................................................................................................................................................................................................................................................................................................. done.
................................................................................................................................................................................................................................................................................................................................................................................................................................................................................................................................................................................................................................................................................................. done.
................................................................................................................................................................................................................................................................................................................................................................................................................................................................................................................................................................................................................................................................................................. done.
ps:
cd /Users/cam/Documents/Projects/ultima-iv-web/vlc-thumbs/work/upstream/vlc-master-story005-reproduction/extras/package/macosx/../../../po && /Users/cam/Documents/Projects/ultima-iv-web/vlc-thumbs/work/upstream/vlc-master-story005-reproduction/extras/tools/build/bin/msgmerge  --lang=ps --previous ps.po vlc.pot -o ps.new.po
pt_BR:
cd /Users/cam/Documents/Projects/ultima-iv-web/vlc-thumbs/work/upstream/vlc-master-story005-reproduction/extras/package/macosx/../../../po && /Users/cam/Documents/Projects/ultima-iv-web/vlc-thumbs/work/upstream/vlc-master-story005-reproduction/extras/tools/build/bin/msgmerge  --lang=pt_BR --previous pt_BR.po vlc.pot -o pt_BR.new.po
.................................................................................................................................................................................................................................................................................................................................................................................................................................................................................................................................................................................................................................................................................................pt_PT:
cd /Users/cam/Documents/Projects/ultima-iv-web/vlc-thumbs/work/upstream/vlc-master-story005-reproduction/extras/package/macosx/../../../po && /Users/cam/Documents/Projects/ultima-iv-web/vlc-thumbs/work/upstream/vlc-master-story005-reproduction/extras/tools/build/bin/msgmerge  --lang=pt_PT --previous pt_PT.po vlc.pot -o pt_PT.new.po
 done.
ro:
cd /Users/cam/Documents/Projects/ultima-iv-web/vlc-thumbs/work/upstream/vlc-master-story005-reproduction/extras/package/macosx/../../../po && /Users/cam/Documents/Projects/ultima-iv-web/vlc-thumbs/work/upstream/vlc-master-story005-reproduction/extras/tools/build/bin/msgmerge  --lang=ro --previous ro.po vlc.pot -o ro.new.po
................................................................................................................................................................................................................................................................................................................................................................................................................................................................................................................................................................................................................................................................................................. done.
ru:
cd /Users/cam/Documents/Projects/ultima-iv-web/vlc-thumbs/work/upstream/vlc-master-story005-reproduction/extras/package/macosx/../../../po && /Users/cam/Documents/Projects/ultima-iv-web/vlc-thumbs/work/upstream/vlc-master-story005-reproduction/extras/tools/build/bin/msgmerge  --lang=ru --previous ru.po vlc.pot -o ru.new.po
................................................................................................................................................................................................................................................................................................................................................................................................................................................................................................................................................................................................................................................................................................. done.
................................................................................................................................................................................................................................................................................................................................................................................................................................................................................................................................................................................................................................................................................................. done.
................................................................................................................................................................................................................................................................................................................................................................................................................................................................................................................................................................................................................................................................................................. done.
si:
cd /Users/cam/Documents/Projects/ultima-iv-web/vlc-thumbs/work/upstream/vlc-master-story005-reproduction/extras/package/macosx/../../../po && /Users/cam/Documents/Projects/ultima-iv-web/vlc-thumbs/work/upstream/vlc-master-story005-reproduction/extras/tools/build/bin/msgmerge  --lang=si --previous si.po vlc.pot -o si.new.po
sk:
cd /Users/cam/Documents/Projects/ultima-iv-web/vlc-thumbs/work/upstream/vlc-master-story005-reproduction/extras/package/macosx/../../../po && /Users/cam/Documents/Projects/ultima-iv-web/vlc-thumbs/work/upstream/vlc-master-story005-reproduction/extras/tools/build/bin/msgmerge  --lang=sk --previous sk.po vlc.pot -o sk.new.po
sl:
cd /Users/cam/Documents/Projects/ultima-iv-web/vlc-thumbs/work/upstream/vlc-master-story005-reproduction/extras/package/macosx/../../../po && /Users/cam/Documents/Projects/ultima-iv-web/vlc-thumbs/work/upstream/vlc-master-story005-reproduction/extras/tools/build/bin/msgmerge  --lang=sl --previous sl.po vlc.pot -o sl.new.po
................................................................................................................................................................................................................................................................................................................................................................................................................................................................................................................................................................................................................................................................................................. done.
................................................................................................................................................................................................................................................................................................................................................................................................................................................................................................................................................................................................................................................................................................. done.
sq:
cd /Users/cam/Documents/Projects/ultima-iv-web/vlc-thumbs/work/upstream/vlc-master-story005-reproduction/extras/package/macosx/../../../po && /Users/cam/Documents/Projects/ultima-iv-web/vlc-thumbs/work/upstream/vlc-master-story005-reproduction/extras/tools/build/bin/msgmerge  --lang=sq --previous sq.po vlc.pot -o sq.new.po
................................................................................................................................................................................................................................................................................................................................................................................................................................................................................................................................................................................................................................................................................................. done.
sr:
cd /Users/cam/Documents/Projects/ultima-iv-web/vlc-thumbs/work/upstream/vlc-master-story005-reproduction/extras/package/macosx/../../../po && /Users/cam/Documents/Projects/ultima-iv-web/vlc-thumbs/work/upstream/vlc-master-story005-reproduction/extras/tools/build/bin/msgmerge  --lang=sr --previous sr.po vlc.pot -o sr.new.po
................................................................................................................................................................................................................................................................................................................................................................................................................................................................................................................................................................................................................................................................................................. done.
sv:
cd /Users/cam/Documents/Projects/ultima-iv-web/vlc-thumbs/work/upstream/vlc-master-story005-reproduction/extras/package/macosx/../../../po && /Users/cam/Documents/Projects/ultima-iv-web/vlc-thumbs/work/upstream/vlc-master-story005-reproduction/extras/tools/build/bin/msgmerge  --lang=sv --previous sv.po vlc.pot -o sv.new.po
................................................................................................................................................................................................................................................................................................................................................................................................................................................................................................................................................................................................................................................................................................. done.
ta:
cd /Users/cam/Documents/Projects/ultima-iv-web/vlc-thumbs/work/upstream/vlc-master-story005-reproduction/extras/package/macosx/../../../po && /Users/cam/Documents/Projects/ultima-iv-web/vlc-thumbs/work/upstream/vlc-master-story005-reproduction/extras/tools/build/bin/msgmerge  --lang=ta --previous ta.po vlc.pot -o ta.new.po
te:
cd /Users/cam/Documents/Projects/ultima-iv-web/vlc-thumbs/work/upstream/vlc-master-story005-reproduction/extras/package/macosx/../../../po && /Users/cam/Documents/Projects/ultima-iv-web/vlc-thumbs/work/upstream/vlc-master-story005-reproduction/extras/tools/build/bin/msgmerge  --lang=te --previous te.po vlc.pot -o te.new.po
................................................................................................................................................................................................................................................................................................................................................................................................................................................................................................................................................................................................................................................................................................. done.
................................................................................................................................................................................................................................................................................................................................................................................................................................................................................................................................................................................................................................................................................................. done.
................................................................................................................................................................................................................................................................................................................................................................................................................................................................................................................................................................................................................................................................................................. done.
tet:
cd /Users/cam/Documents/Projects/ultima-iv-web/vlc-thumbs/work/upstream/vlc-master-story005-reproduction/extras/package/macosx/../../../po && /Users/cam/Documents/Projects/ultima-iv-web/vlc-thumbs/work/upstream/vlc-master-story005-reproduction/extras/tools/build/bin/msgmerge  --lang=tet --previous tet.po vlc.pot -o tet.new.po
th:
cd /Users/cam/Documents/Projects/ultima-iv-web/vlc-thumbs/work/upstream/vlc-master-story005-reproduction/extras/package/macosx/../../../po && /Users/cam/Documents/Projects/ultima-iv-web/vlc-thumbs/work/upstream/vlc-master-story005-reproduction/extras/tools/build/bin/msgmerge  --lang=th --previous th.po vlc.pot -o th.new.po
tl:
cd /Users/cam/Documents/Projects/ultima-iv-web/vlc-thumbs/work/upstream/vlc-master-story005-reproduction/extras/package/macosx/../../../po && /Users/cam/Documents/Projects/ultima-iv-web/vlc-thumbs/work/upstream/vlc-master-story005-reproduction/extras/tools/build/bin/msgmerge  --lang=tl --previous tl.po vlc.pot -o tl.new.po
tr:
cd /Users/cam/Documents/Projects/ultima-iv-web/vlc-thumbs/work/upstream/vlc-master-story005-reproduction/extras/package/macosx/../../../po && /Users/cam/Documents/Projects/ultima-iv-web/vlc-thumbs/work/upstream/vlc-master-story005-reproduction/extras/tools/build/bin/msgmerge  --lang=tr --previous tr.po vlc.pot -o tr.new.po
................................................................................................................................................................................................................................................................................................................................................................................................................................................................................................................................................................................................................................................................................................. done.
................................................................................................................................................................................................................................................................................................................................................................................................................................................................................................................................................................................................................................................................................................. done.
................................................................................................................................................................................................................................................................................................................................................................................................................................................................................................................................................................................................................................................................................................. done.
................................................................................................................................................................................................................................................................................................................................................................................................................................................................................................................................................................................................................................................................................................. done.
ug:
cd /Users/cam/Documents/Projects/ultima-iv-web/vlc-thumbs/work/upstream/vlc-master-story005-reproduction/extras/package/macosx/../../../po && /Users/cam/Documents/Projects/ultima-iv-web/vlc-thumbs/work/upstream/vlc-master-story005-reproduction/extras/tools/build/bin/msgmerge  --lang=ug --previous ug.po vlc.pot -o ug.new.po
uk:
cd /Users/cam/Documents/Projects/ultima-iv-web/vlc-thumbs/work/upstream/vlc-master-story005-reproduction/extras/package/macosx/../../../po && /Users/cam/Documents/Projects/ultima-iv-web/vlc-thumbs/work/upstream/vlc-master-story005-reproduction/extras/tools/build/bin/msgmerge  --lang=uk --previous uk.po vlc.pot -o uk.new.po
.................................................................................................................................................................................................................................................................................................................................................................................................................................................................................................................................................................................................................................................................................................uz:
cd /Users/cam/Documents/Projects/ultima-iv-web/vlc-thumbs/work/upstream/vlc-master-story005-reproduction/extras/package/macosx/../../../po && /Users/cam/Documents/Projects/ultima-iv-web/vlc-thumbs/work/upstream/vlc-master-story005-reproduction/extras/tools/build/bin/msgmerge  --lang=uz --previous uz.po vlc.pot -o uz.new.po
 done.
vi:
cd /Users/cam/Documents/Projects/ultima-iv-web/vlc-thumbs/work/upstream/vlc-master-story005-reproduction/extras/package/macosx/../../../po && /Users/cam/Documents/Projects/ultima-iv-web/vlc-thumbs/work/upstream/vlc-master-story005-reproduction/extras/tools/build/bin/msgmerge  --lang=vi --previous vi.po vlc.pot -o vi.new.po
....................................................................................................................................................................................................................................................................................................................................................................................................................................................................................................................................................................................................................................................................................................................................................................................................................................................................................................................................................................................................................................................................................................................................................................................................... done.
........................................................................................................................................................................................... done.
wa:
cd /Users/cam/Documents/Projects/ultima-iv-web/vlc-thumbs/work/upstream/vlc-master-story005-reproduction/extras/package/macosx/../../../po && /Users/cam/Documents/Projects/ultima-iv-web/vlc-thumbs/work/upstream/vlc-master-story005-reproduction/extras/tools/build/bin/msgmerge  --lang=wa --previous wa.po vlc.pot -o wa.new.po
................................................................................................................................................................................................................................................................................................................................................................................................................................................................................................................................................................................................................................................................................................. done.
...........................................................................................................................................................................................................................................................................................................................................................................................................................................................................................................................................................................................................zh_CN:
........cd /Users/cam/Documents/Projects/ultima-iv-web/vlc-thumbs/work/upstream/vlc-master-story005-reproduction/extras/package/macosx/../../../po && /Users/cam/Documents/Projects/ultima-iv-web/vlc-thumbs/work/upstream/vlc-master-story005-reproduction/extras/tools/build/bin/msgmerge  --lang=zh_CN --previous zh_CN.po vlc.pot -o zh_CN.new.po
.............................................................................. done.
zh_TW:
cd /Users/cam/Documents/Projects/ultima-iv-web/vlc-thumbs/work/upstream/vlc-master-story005-reproduction/extras/package/macosx/../../../po && /Users/cam/Documents/Projects/ultima-iv-web/vlc-thumbs/work/upstream/vlc-master-story005-reproduction/extras/tools/build/bin/msgmerge  --lang=zh_TW --previous zh_TW.po vlc.pot -o zh_TW.new.po
................................................................................................................................................................................................................................................................................................................................................................................................................................................................................................................................................................................................................................................................................................. done.
zu:
cd /Users/cam/Documents/Projects/ultima-iv-web/vlc-thumbs/work/upstream/vlc-master-story005-reproduction/extras/package/macosx/../../../po && /Users/cam/Documents/Projects/ultima-iv-web/vlc-thumbs/work/upstream/vlc-master-story005-reproduction/extras/tools/build/bin/msgmerge  --lang=zu --previous zu.po vlc.pot -o zu.new.po
................................................................................................................................................................................................................................................................................................................................................................................................................................................................................................................................................................................................................................................................................................. done.
................................................................................................................................................................................................................................................................................................................................................................................................................................................................................................................................................................................................................................................................................................. done.
/Applications/Xcode.app/Contents/Developer/usr/bin/make update-gmo
 (cd share && /Applications/Xcode.app/Contents/Developer/usr/bin/make  top_distdir=../vlc-4.0.0-dev distdir=../vlc-4.0.0-dev/share \
     am__remove_distdir=: am__skip_length_check=: am__skip_mode_fix=: distdir)
/Applications/Xcode.app/Contents/Developer/usr/bin/make  distdir-am
 (cd src && /Applications/Xcode.app/Contents/Developer/usr/bin/make  top_distdir=../vlc-4.0.0-dev distdir=../vlc-4.0.0-dev/src \
     am__remove_distdir=: am__skip_length_check=: am__skip_mode_fix=: distdir)
  GEN      stamp-revision
/Applications/Xcode.app/Contents/Developer/usr/bin/make  distdir-am
 (cd modules && /Applications/Xcode.app/Contents/Developer/usr/bin/make  top_distdir=../vlc-4.0.0-dev distdir=../vlc-4.0.0-dev/modules \
     am__remove_distdir=: am__skip_length_check=: am__skip_mode_fix=: distdir)
/Applications/Xcode.app/Contents/Developer/usr/bin/make  distdir-am
 (cd gui/qt && /Applications/Xcode.app/Contents/Developer/usr/bin/make  top_distdir=../../../vlc-4.0.0-dev distdir=../../../vlc-4.0.0-dev/modules/gui/qt \
     am__remove_distdir=: am__skip_length_check=: am__skip_mode_fix=: distdir)
  GEN      style/qml.deps
  GEN      util/qml.deps
  GEN      widgets/qml.deps
  GEN      playlist/qml.deps
  GEN      playercontrols/qml.deps
  GEN      menus/qml.deps
  GEN      player/qml.deps
  GEN      network/qml.deps
  GEN      medialibrary/qml.deps
  GEN      shaders/shaders.deps
  GEN      maininterface/qml.deps
  GEN      dialogs/qml.deps
/Applications/Xcode.app/Contents/Developer/usr/bin/make  distdir-am
  GEN      style/qml.deps
  GEN      util/qml.deps
  GEN      playlist/qml.deps
  GEN      widgets/qml.deps
  GEN      playercontrols/qml.deps
  GEN      player/qml.deps
  GEN      menus/qml.deps
  GEN      network/qml.deps
  GEN      dialogs/qml.deps
  GEN      medialibrary/qml.deps
  GEN      maininterface/qml.deps
  GEN      shaders/shaders.deps
 (cd lib && /Applications/Xcode.app/Contents/Developer/usr/bin/make  top_distdir=../vlc-4.0.0-dev distdir=../vlc-4.0.0-dev/lib \
     am__remove_distdir=: am__skip_length_check=: am__skip_mode_fix=: distdir)
/Applications/Xcode.app/Contents/Developer/usr/bin/make  distdir-am
 (cd doc && /Applications/Xcode.app/Contents/Developer/usr/bin/make  top_distdir=../vlc-4.0.0-dev distdir=../vlc-4.0.0-dev/doc \
     am__remove_distdir=: am__skip_length_check=: am__skip_mode_fix=: distdir)
/Applications/Xcode.app/Contents/Developer/usr/bin/make  distdir-am
if test -e "/Users/cam/Documents/Projects/ultima-iv-web/vlc-thumbs/work/upstream/vlc-master-story005-reproduction/extras/package/macosx/../../../.git"; then \
		y="ChangeLog-2024"; y="${y##ChangeLog-}" ; \
		git --git-dir="/Users/cam/Documents/Projects/ultima-iv-web/vlc-thumbs/work/upstream/vlc-master-story005-reproduction/extras/package/macosx/../../../.git" log \
			--since="$y-01-01" \
			--until="$y-12-31 23:00:00 -0100" \
			> "ChangeLog-2024" ; \
	fi
 (cd bin && /Applications/Xcode.app/Contents/Developer/usr/bin/make  top_distdir=../vlc-4.0.0-dev distdir=../vlc-4.0.0-dev/bin \
     am__remove_distdir=: am__skip_length_check=: am__skip_mode_fix=: distdir)
/Applications/Xcode.app/Contents/Developer/usr/bin/make  distdir-am
 (cd test && /Applications/Xcode.app/Contents/Developer/usr/bin/make  top_distdir=../vlc-4.0.0-dev distdir=../vlc-4.0.0-dev/test \
     am__remove_distdir=: am__skip_length_check=: am__skip_mode_fix=: distdir)
/Applications/Xcode.app/Contents/Developer/usr/bin/make  distdir-am
/Applications/Xcode.app/Contents/Developer/usr/bin/make  \
	  top_distdir="vlc-4.0.0-dev" distdir="vlc-4.0.0-dev" \
	  dist-hook
chmod u+w "vlc-4.0.0-dev/configure" "vlc-4.0.0-dev/configure.ac"
mtime_ref=
cp -p "vlc-4.0.0-dev/configure.ac" "time_ref"
sed -i '/^VERSION_DATE=\$(/,/^)/c\VERSION_DATE='2026-10-06 \
		"vlc-4.0.0-dev/configure" "vlc-4.0.0-dev/configure.ac"
touch -r "time_ref" "vlc-4.0.0-dev/configure.ac"
rm "time_ref"
test -n "" \
	|| find "vlc-4.0.0-dev" -type d ! -perm -755 \
		-exec chmod u+rwx,go+rx {} \; -o \
	  ! -type d ! -perm -444 -links 1 -exec chmod a+r {} \; -o \
	  ! -type d ! -perm -400 -exec chmod a+r {} \; -o \
	  ! -type d ! -perm -444 -exec /bin/sh /Users/cam/Documents/Projects/ultima-iv-web/vlc-thumbs/work/upstream/vlc-master-story005-reproduction/autotools/install-sh -c -m a+r {} {} \; \
	|| chmod -R a+r "vlc-4.0.0-dev"
tardir=vlc-4.0.0-dev && tar --format=ustar -chf - "$tardir" | XZ_OPT=${XZ_OPT--e} xz -c >vlc-4.0.0-dev.tar.xz
if test -d "vlc-4.0.0-dev"; then find "vlc-4.0.0-dev" -type d ! -perm -700 -exec chmod u+rwx {} ';' ; rm -rf "vlc-4.0.0-dev" || { sleep 5 && rm -rf "vlc-4.0.0-dev"; }; else :; fi
case 'vlc-4.0.0-dev.tar.xz' in \
	*.tar.gz*) \
	  eval GZIP= gzip -dc vlc-4.0.0-dev.tar.gz | tar -xf - ;;\
	*.tar.bz2*) \
	  bzip2 -dc vlc-4.0.0-dev.tar.bz2 | tar -xf - ;;\
	*.tar.bz3*) \
	  bzip3 -dc vlc-4.0.0-dev.tar.bz3 | tar -xf - ;;\
	*.tar.lz*) \
	  lzip -dc vlc-4.0.0-dev.tar.lz | tar -xf - ;;\
	*.tar.xz*) \
	  xz -dc vlc-4.0.0-dev.tar.xz | tar -xf - ;;\
	*.tar.Z*) \
	  uncompress -c vlc-4.0.0-dev.tar.Z | tar -xf - ;;\
	*.shar.gz*) \
	  eval GZIP= gzip -dc vlc-4.0.0-dev.shar.gz | unshar ;;\
	*.zip*) \
	  unzip vlc-4.0.0-dev.zip ;;\
	*.tar.zst*) \
	  zstd -dc vlc-4.0.0-dev.tar.zst | tar -xf - ;;\
	esac
chmod -R a-w vlc-4.0.0-dev
chmod u+w vlc-4.0.0-dev
mkdir vlc-4.0.0-dev/_build vlc-4.0.0-dev/_build/sub vlc-4.0.0-dev/_inst
chmod a-w vlc-4.0.0-dev
test -d vlc-4.0.0-dev/_build || exit 0; \
	dc_install_base=`CDPATH="${ZSH_VERSION+.}:" && cd vlc-4.0.0-dev/_inst && pwd | sed -e 's,^[^:\\/]:[\\/],/,'` \
	  && dc_destdir="${TMPDIR-/tmp}/am-dc-$$/" \
	  && am__cwd=`pwd` \
	  && CDPATH="${ZSH_VERSION+.}:" && cd vlc-4.0.0-dev/_build/sub \
	  && ../../configure \
	    --enable-fast-install --disable-alsa --disable-avcodec --disable-avformat --disable-postproc --disable-swscale --disable-timeline-preview --disable-dbus --disable-mad --disable-faad --disable-skins2 --disable-live555 --disable-lua --disable-fribidi --with-kde-solid='${datadir}/kde4/apps' \
	    --host=aarch64-apple-darwin19 --build=aarch64-apple-darwin19 --with-contrib=/Users/cam/Documents/Projects/ultima-iv-web/vlc-thumbs/work/story005-master-reproduction/contrib/aarch64-apple-darwin19 --disable-macosx \
	    --srcdir=../.. --prefix="$dc_install_base" \
	  && /Applications/Xcode.app/Contents/Developer/usr/bin/make  \
	  && /Applications/Xcode.app/Contents/Developer/usr/bin/make  dvi \
	  && /Applications/Xcode.app/Contents/Developer/usr/bin/make  check \
	  && /Applications/Xcode.app/Contents/Developer/usr/bin/make  install \
	  && /Applications/Xcode.app/Contents/Developer/usr/bin/make  installcheck \
	  && /Applications/Xcode.app/Contents/Developer/usr/bin/make  uninstall \
	  && /Applications/Xcode.app/Contents/Developer/usr/bin/make  distuninstallcheck_dir="$dc_install_base" \
	        distuninstallcheck \
	  && chmod -R a-w "$dc_install_base" \
	  && ({ \
	       (cd ../.. && umask 077 && mkdir "$dc_destdir") \
	       && /Applications/Xcode.app/Contents/Developer/usr/bin/make  DESTDIR="$dc_destdir" install \
	       && /Applications/Xcode.app/Contents/Developer/usr/bin/make  DESTDIR="$dc_destdir" uninstall \
	       && /Applications/Xcode.app/Contents/Developer/usr/bin/make  DESTDIR="$dc_destdir" \
	            distuninstallcheck_dir="$dc_destdir" distuninstallcheck; \
	      } || { rm -rf "$dc_destdir"; exit 1; }) \
	  && rm -rf "$dc_destdir" \
	  && /Applications/Xcode.app/Contents/Developer/usr/bin/make  dist \
	  && rm -rf vlc-4.0.0-dev.tar.xz \
	  && /Applications/Xcode.app/Contents/Developer/usr/bin/make  distcleancheck \
	  && cd "$am__cwd" \
	  || exit 1
checking build system type... aarch64-apple-darwin19
checking host system type... aarch64-apple-darwin19
checking for a BSD-compatible install... /usr/local/bin/ginstall -c
checking whether sleep supports fractional seconds... yes
checking filesystem timestamp resolution... 2
checking whether build environment is sane... yes
checking for a race-free mkdir -p... /usr/local/bin/gmkdir -p
checking for gawk... no
checking for mawk... no
checking for nawk... no
checking for awk... awk
checking whether make sets $(MAKE)... yes
checking whether make supports nested variables... yes
checking xargs -n works... yes
checking whether UID '501' is supported by ustar format... yes
checking whether GID '20' is supported by ustar format... yes
checking how to create a ustar tar archive... gnutar
checking whether to enable maintainer-specific portions of Makefiles... yes
checking for aarch64-apple-darwin19-gcc... /Applications/Xcode.app/Contents/Developer/Toolchains/XcodeDefault.xctoolchain/usr/bin/clang -isysroot /Applications/Xcode.app/Contents/Developer/Platforms/MacOSX.platform/Developer/SDKs/MacOSX27.0.sdk -mmacosx-version-min=10.13
checking whether the C compiler works... yes
checking for C compiler default output file name... a.out
checking for suffix of executables... 
checking whether we are cross compiling... no
checking for suffix of object files... o
checking whether the compiler supports GNU C... yes
checking whether /Applications/Xcode.app/Contents/Developer/Toolchains/XcodeDefault.xctoolchain/usr/bin/clang -isysroot /Applications/Xcode.app/Contents/Developer/Platforms/MacOSX.platform/Developer/SDKs/MacOSX27.0.sdk -mmacosx-version-min=10.13 accepts -g... yes
checking for /Applications/Xcode.app/Contents/Developer/Toolchains/XcodeDefault.xctoolchain/usr/bin/clang -isysroot /Applications/Xcode.app/Contents/Developer/Platforms/MacOSX.platform/Developer/SDKs/MacOSX27.0.sdk -mmacosx-version-min=10.13 option to enable C23 features... -std=gnu23
checking whether /Applications/Xcode.app/Contents/Developer/Toolchains/XcodeDefault.xctoolchain/usr/bin/clang -isysroot /Applications/Xcode.app/Contents/Developer/Platforms/MacOSX.platform/Developer/SDKs/MacOSX27.0.sdk -mmacosx-version-min=10.13 -std=gnu23 understands -c and -o together... yes
checking whether make supports the include directive... yes (GNU style)
checking dependency style of /Applications/Xcode.app/Contents/Developer/Toolchains/XcodeDefault.xctoolchain/usr/bin/clang -isysroot /Applications/Xcode.app/Contents/Developer/Platforms/MacOSX.platform/Developer/SDKs/MacOSX27.0.sdk -mmacosx-version-min=10.13 -std=gnu23... gcc3
checking for stdio.h... yes
checking for stdlib.h... yes
checking for string.h... yes
checking for inttypes.h... yes
checking for stdint.h... yes
checking for strings.h... yes
checking for sys/stat.h... yes
checking for sys/types.h... yes
checking for unistd.h... yes
checking for wchar.h... yes
checking for minix/config.h... no
checking whether it is safe to define __EXTENSIONS__... yes
checking whether _XOPEN_SOURCE should be defined... no
checking whether /Applications/Xcode.app/Contents/Developer/Toolchains/XcodeDefault.xctoolchain/usr/bin/clang -isysroot /Applications/Xcode.app/Contents/Developer/Platforms/MacOSX.platform/Developer/SDKs/MacOSX27.0.sdk -mmacosx-version-min=10.13 -std=gnu23  supports C17... yes
checking whether the compiler supports GNU C++... yes
checking whether /Applications/Xcode.app/Contents/Developer/Toolchains/XcodeDefault.xctoolchain/usr/bin/clang++ -std=c++17 -isysroot /Applications/Xcode.app/Contents/Developer/Platforms/MacOSX.platform/Developer/SDKs/MacOSX27.0.sdk -mmacosx-version-min=10.13 accepts -g... yes
checking dependency style of /Applications/Xcode.app/Contents/Developer/Toolchains/XcodeDefault.xctoolchain/usr/bin/clang++ -std=c++17 -isysroot /Applications/Xcode.app/Contents/Developer/Platforms/MacOSX.platform/Developer/SDKs/MacOSX27.0.sdk -mmacosx-version-min=10.13... gcc3
checking how to run the C preprocessor... /Applications/Xcode.app/Contents/Developer/Toolchains/XcodeDefault.xctoolchain/usr/bin/clang -isysroot /Applications/Xcode.app/Contents/Developer/Platforms/MacOSX.platform/Developer/SDKs/MacOSX27.0.sdk -mmacosx-version-min=10.13 -std=gnu23 -E
checking for aarch64-apple-darwin19-gobjc... /Applications/Xcode.app/Contents/Developer/Toolchains/XcodeDefault.xctoolchain/usr/bin/clang
checking whether the compiler supports GNU Objective C... yes
checking whether /Applications/Xcode.app/Contents/Developer/Toolchains/XcodeDefault.xctoolchain/usr/bin/clang accepts -g... yes
checking dependency style of /Applications/Xcode.app/Contents/Developer/Toolchains/XcodeDefault.xctoolchain/usr/bin/clang... gcc3
checking for aarch64-apple-darwin19-g++... /Applications/Xcode.app/Contents/Developer/Toolchains/XcodeDefault.xctoolchain/usr/bin/clang++
checking whether the compiler supports GNU Objective C++... yes
checking whether /Applications/Xcode.app/Contents/Developer/Toolchains/XcodeDefault.xctoolchain/usr/bin/clang++ accepts -g... yes
checking dependency style of /Applications/Xcode.app/Contents/Developer/Toolchains/XcodeDefault.xctoolchain/usr/bin/clang++... gcc3
checking for grep that handles long lines and -e... /usr/bin/grep
checking for egrep... /usr/bin/grep -E
checking whether make sets $(MAKE)... (cached) yes
checking dependency style of /Applications/Xcode.app/Contents/Developer/Toolchains/XcodeDefault.xctoolchain/usr/bin/clang -isysroot /Applications/Xcode.app/Contents/Developer/Platforms/MacOSX.platform/Developer/SDKs/MacOSX27.0.sdk -mmacosx-version-min=10.13 -std=gnu23... gcc3
checking for flex... flex
checking for lex output file root... lex.yy
checking for lex library... none needed
checking whether yytext is a pointer... yes
checking for bison... bison -y
checking for desktop-file-validate... no
checking for c17-gcc... no
checking for c17... no
checking for c11-gcc... no
checking for c11... no
checking for c99-gcc... no
checking for c99... c99
checking for aarch64-apple-darwin19-objcopy... no
checking for llvm-objcopy... no
checking for an ANSI C-conforming const... yes
checking for inline... inline
checking for C/C++ restrict keyword... __restrict__
checking whether /Applications/Xcode.app/Contents/Developer/Toolchains/XcodeDefault.xctoolchain/usr/bin/clang++ -std=c++17 -isysroot /Applications/Xcode.app/Contents/Developer/Platforms/MacOSX.platform/Developer/SDKs/MacOSX27.0.sdk -mmacosx-version-min=10.13 supports C++17 features with -std=c++17... yes
checking whether the C++ compiler supports typeof... no
checking whether C compiler accepts -Werror=invalid-command-line-argument... yes
checking whether C compiler accepts -Werror=unknown-warning-option... yes
checking if AppleClang requires -fno-stack-check... no
checking if -Wl,-U is allowed... yes
checking for egrep -e... (cached) /usr/bin/grep -E
checking for linker dead-code stripping flag... -Wl,-dead_strip
checking for nasm... nasm
checking for 3rd party libraries path... /Users/cam/Documents/Projects/ultima-iv-web/vlc-thumbs/work/story005-master-reproduction/contrib/aarch64-apple-darwin19
/Users/cam/Documents/Projects/ultima-iv-web/vlc-thumbs/work/story005-master-reproduction/contrib/aarch64-apple-darwin19 from /Users/cam/Documents/Projects/ultima-iv-web/vlc-thumbs/work/story005-master-reproduction/contrib/aarch64-apple-darwin19
checking if contribs provide luac... yes
checking how to print strings... printf
checking for a sed that does not truncate output... /Users/cam/Documents/Projects/ultima-iv-web/vlc-thumbs/work/story005-gnu-sed/prefix/bin/sed
checking for fgrep... /usr/bin/grep -F
checking for ld used by /Applications/Xcode.app/Contents/Developer/Toolchains/XcodeDefault.xctoolchain/usr/bin/clang -isysroot /Applications/Xcode.app/Contents/Developer/Platforms/MacOSX.platform/Developer/SDKs/MacOSX27.0.sdk -mmacosx-version-min=10.13 -std=gnu23... /Applications/Xcode.app/Contents/Developer/Toolchains/XcodeDefault.xctoolchain/usr/bin/ld
checking if the linker (/Applications/Xcode.app/Contents/Developer/Toolchains/XcodeDefault.xctoolchain/usr/bin/ld) is GNU ld... no
checking for BSD- or MS-compatible name lister (nm)... /Applications/Xcode.app/Contents/Developer/Toolchains/XcodeDefault.xctoolchain/usr/bin/nm
checking the name lister (/Applications/Xcode.app/Contents/Developer/Toolchains/XcodeDefault.xctoolchain/usr/bin/nm) interface... BSD nm
checking whether ln -s works... yes
checking the maximum length of command line arguments... 786432
checking how to convert aarch64-apple-darwin19 file names to aarch64-apple-darwin19 format... func_convert_file_noop
checking how to convert aarch64-apple-darwin19 file names to toolchain format... func_convert_file_noop
checking for /Applications/Xcode.app/Contents/Developer/Toolchains/XcodeDefault.xctoolchain/usr/bin/ld option to reload object files... -r
checking for file... file
checking for aarch64-apple-darwin19-objdump... no
checking for objdump... objdump
checking how to recognize dependent libraries... (cached) pass_all
checking for aarch64-apple-darwin19-dlltool... no
checking for dlltool... no
checking how to associate runtime and link libraries... printf %s\n
checking for aarch64-apple-darwin19-ranlib... /Applications/Xcode.app/Contents/Developer/Toolchains/XcodeDefault.xctoolchain/usr/bin/ranlib
checking for aarch64-apple-darwin19-ar... /Applications/Xcode.app/Contents/Developer/Toolchains/XcodeDefault.xctoolchain/usr/bin/ar
checking for archiver @FILE support... no
checking for aarch64-apple-darwin19-strip... /Applications/Xcode.app/Contents/Developer/Toolchains/XcodeDefault.xctoolchain/usr/bin/strip
checking command to parse /Applications/Xcode.app/Contents/Developer/Toolchains/XcodeDefault.xctoolchain/usr/bin/nm output from /Applications/Xcode.app/Contents/Developer/Toolchains/XcodeDefault.xctoolchain/usr/bin/clang -isysroot /Applications/Xcode.app/Contents/Developer/Platforms/MacOSX.platform/Developer/SDKs/MacOSX27.0.sdk -mmacosx-version-min=10.13 -std=gnu23 object... ok
checking for sysroot... no
checking for a working dd... /bin/dd
checking how to truncate binary pipes... /bin/dd bs=4096 count=1
checking for aarch64-apple-darwin19-mt... no
checking for mt... no
checking if : is a manifest tool... no
checking for aarch64-apple-darwin19-dsymutil... no
checking for dsymutil... dsymutil
checking for aarch64-apple-darwin19-nmedit... no
checking for nmedit... nmedit
checking for aarch64-apple-darwin19-lipo... no
checking for lipo... lipo
checking for aarch64-apple-darwin19-otool... no
checking for otool... otool
checking for aarch64-apple-darwin19-otool64... no
checking for otool64... no
checking for -single_module linker flag... ld: warning: -single_module is obsolete
no
checking for -no_fixup_chains linker flag... yes
checking for -exported_symbols_list linker flag... yes
checking for -force_load linker flag... yes
checking for dlfcn.h... yes
checking for aarch64-apple-darwin19-gcc... (cached) /Applications/Xcode.app/Contents/Developer/Toolchains/XcodeDefault.xctoolchain/usr/bin/clang
checking for aarch64-apple-darwin19-gnustep-config... no
checking for gnustep-config... no
checking for aarch64-apple-darwin19-g++... (cached) /Applications/Xcode.app/Contents/Developer/Toolchains/XcodeDefault.xctoolchain/usr/bin/clang++
checking for aarch64-apple-darwin19-gnustep-config... no
checking for gnustep-config... no
checking which variant of shared library versioning to provide... (default) aix
checking for objdir... .libs
checking if /Applications/Xcode.app/Contents/Developer/Toolchains/XcodeDefault.xctoolchain/usr/bin/clang -isysroot /Applications/Xcode.app/Contents/Developer/Platforms/MacOSX.platform/Developer/SDKs/MacOSX27.0.sdk -mmacosx-version-min=10.13 -std=gnu23 supports -fno-rtti -fno-exceptions... yes
checking for /Applications/Xcode.app/Contents/Developer/Toolchains/XcodeDefault.xctoolchain/usr/bin/clang -isysroot /Applications/Xcode.app/Contents/Developer/Platforms/MacOSX.platform/Developer/SDKs/MacOSX27.0.sdk -mmacosx-version-min=10.13 -std=gnu23 option to produce PIC... -fno-common -DPIC
checking if /Applications/Xcode.app/Contents/Developer/Toolchains/XcodeDefault.xctoolchain/usr/bin/clang -isysroot /Applications/Xcode.app/Contents/Developer/Platforms/MacOSX.platform/Developer/SDKs/MacOSX27.0.sdk -mmacosx-version-min=10.13 -std=gnu23 PIC flag -fno-common -DPIC works... yes
checking if /Applications/Xcode.app/Contents/Developer/Toolchains/XcodeDefault.xctoolchain/usr/bin/clang -isysroot /Applications/Xcode.app/Contents/Developer/Platforms/MacOSX.platform/Developer/SDKs/MacOSX27.0.sdk -mmacosx-version-min=10.13 -std=gnu23 static flag -static works... no
checking if /Applications/Xcode.app/Contents/Developer/Toolchains/XcodeDefault.xctoolchain/usr/bin/clang -isysroot /Applications/Xcode.app/Contents/Developer/Platforms/MacOSX.platform/Developer/SDKs/MacOSX27.0.sdk -mmacosx-version-min=10.13 -std=gnu23 supports -c -o file.o... yes
checking if /Applications/Xcode.app/Contents/Developer/Toolchains/XcodeDefault.xctoolchain/usr/bin/clang -isysroot /Applications/Xcode.app/Contents/Developer/Platforms/MacOSX.platform/Developer/SDKs/MacOSX27.0.sdk -mmacosx-version-min=10.13 -std=gnu23 supports -c -o file.o... (cached) yes
checking whether the /Applications/Xcode.app/Contents/Developer/Toolchains/XcodeDefault.xctoolchain/usr/bin/clang -isysroot /Applications/Xcode.app/Contents/Developer/Platforms/MacOSX.platform/Developer/SDKs/MacOSX27.0.sdk -mmacosx-version-min=10.13 -std=gnu23 linker (/Applications/Xcode.app/Contents/Developer/Toolchains/XcodeDefault.xctoolchain/usr/bin/ld) supports shared libraries... yes
checking dynamic linker characteristics... darwin19 dyld
checking how to hardcode library paths into programs... immediate
checking for dlopen in -ldl... yes
checking whether a program can dlopen itself... yes
checking whether a statically linked program can dlopen itself... yes
checking whether stripping libraries is possible... yes
checking if libtool supports shared libraries... yes
checking whether to build shared libraries... yes
checking whether to build static libraries... no
checking how to run the C++ preprocessor... /Applications/Xcode.app/Contents/Developer/Toolchains/XcodeDefault.xctoolchain/usr/bin/clang++ -std=c++17 -isysroot /Applications/Xcode.app/Contents/Developer/Platforms/MacOSX.platform/Developer/SDKs/MacOSX27.0.sdk -mmacosx-version-min=10.13 -std=c++17 -E
checking for ld used by /Applications/Xcode.app/Contents/Developer/Toolchains/XcodeDefault.xctoolchain/usr/bin/clang++ -std=c++17 -isysroot /Applications/Xcode.app/Contents/Developer/Platforms/MacOSX.platform/Developer/SDKs/MacOSX27.0.sdk -mmacosx-version-min=10.13 -std=c++17... /Applications/Xcode.app/Contents/Developer/Toolchains/XcodeDefault.xctoolchain/usr/bin/ld
checking if the linker (/Applications/Xcode.app/Contents/Developer/Toolchains/XcodeDefault.xctoolchain/usr/bin/ld) is GNU ld... no
checking whether the /Applications/Xcode.app/Contents/Developer/Toolchains/XcodeDefault.xctoolchain/usr/bin/clang++ -std=c++17 -isysroot /Applications/Xcode.app/Contents/Developer/Platforms/MacOSX.platform/Developer/SDKs/MacOSX27.0.sdk -mmacosx-version-min=10.13 -std=c++17 linker (/Applications/Xcode.app/Contents/Developer/Toolchains/XcodeDefault.xctoolchain/usr/bin/ld) supports shared libraries... yes
checking for /Applications/Xcode.app/Contents/Developer/Toolchains/XcodeDefault.xctoolchain/usr/bin/clang++ -std=c++17 -isysroot /Applications/Xcode.app/Contents/Developer/Platforms/MacOSX.platform/Developer/SDKs/MacOSX27.0.sdk -mmacosx-version-min=10.13 -std=c++17 option to produce PIC... -fno-common -DPIC
checking if /Applications/Xcode.app/Contents/Developer/Toolchains/XcodeDefault.xctoolchain/usr/bin/clang++ -std=c++17 -isysroot /Applications/Xcode.app/Contents/Developer/Platforms/MacOSX.platform/Developer/SDKs/MacOSX27.0.sdk -mmacosx-version-min=10.13 -std=c++17 PIC flag -fno-common -DPIC works... yes
checking if /Applications/Xcode.app/Contents/Developer/Toolchains/XcodeDefault.xctoolchain/usr/bin/clang++ -std=c++17 -isysroot /Applications/Xcode.app/Contents/Developer/Platforms/MacOSX.platform/Developer/SDKs/MacOSX27.0.sdk -mmacosx-version-min=10.13 -std=c++17 static flag -static works... no
checking if /Applications/Xcode.app/Contents/Developer/Toolchains/XcodeDefault.xctoolchain/usr/bin/clang++ -std=c++17 -isysroot /Applications/Xcode.app/Contents/Developer/Platforms/MacOSX.platform/Developer/SDKs/MacOSX27.0.sdk -mmacosx-version-min=10.13 -std=c++17 supports -c -o file.o... yes
checking if /Applications/Xcode.app/Contents/Developer/Toolchains/XcodeDefault.xctoolchain/usr/bin/clang++ -std=c++17 -isysroot /Applications/Xcode.app/Contents/Developer/Platforms/MacOSX.platform/Developer/SDKs/MacOSX27.0.sdk -mmacosx-version-min=10.13 -std=c++17 supports -c -o file.o... (cached) yes
checking whether the /Applications/Xcode.app/Contents/Developer/Toolchains/XcodeDefault.xctoolchain/usr/bin/clang++ -std=c++17 -isysroot /Applications/Xcode.app/Contents/Developer/Platforms/MacOSX.platform/Developer/SDKs/MacOSX27.0.sdk -mmacosx-version-min=10.13 -std=c++17 linker (/Applications/Xcode.app/Contents/Developer/Toolchains/XcodeDefault.xctoolchain/usr/bin/ld) supports shared libraries... yes
checking dynamic linker characteristics... darwin19 dyld
checking how to hardcode library paths into programs... immediate
checking for Objective C compilation... yes
checking if /Applications/Xcode.app/Contents/Developer/Toolchains/XcodeDefault.xctoolchain/usr/bin/clang supports -fno-rtti -fno-exceptions... (cached) yes
checking for /Applications/Xcode.app/Contents/Developer/Toolchains/XcodeDefault.xctoolchain/usr/bin/clang option to produce PIC... -fno-common
checking if /Applications/Xcode.app/Contents/Developer/Toolchains/XcodeDefault.xctoolchain/usr/bin/clang PIC flag -fno-common works... yes
checking if /Applications/Xcode.app/Contents/Developer/Toolchains/XcodeDefault.xctoolchain/usr/bin/clang static flag -static works... no
checking if /Applications/Xcode.app/Contents/Developer/Toolchains/XcodeDefault.xctoolchain/usr/bin/clang supports -c -o file.o... yes
checking if /Applications/Xcode.app/Contents/Developer/Toolchains/XcodeDefault.xctoolchain/usr/bin/clang supports -c -o file.o... (cached) yes
checking whether the /Applications/Xcode.app/Contents/Developer/Toolchains/XcodeDefault.xctoolchain/usr/bin/clang linker (/Applications/Xcode.app/Contents/Developer/Toolchains/XcodeDefault.xctoolchain/usr/bin/ld) supports shared libraries... yes
checking how to hardcode library paths into programs... immediate
checking for Objective C++ compilation... yes
checking if /Applications/Xcode.app/Contents/Developer/Toolchains/XcodeDefault.xctoolchain/usr/bin/clang++ supports -fno-rtti -fno-exceptions... (cached) yes
checking for /Applications/Xcode.app/Contents/Developer/Toolchains/XcodeDefault.xctoolchain/usr/bin/clang++ option to produce PIC... -fno-common
checking if /Applications/Xcode.app/Contents/Developer/Toolchains/XcodeDefault.xctoolchain/usr/bin/clang++ PIC flag -fno-common works... yes
checking if /Applications/Xcode.app/Contents/Developer/Toolchains/XcodeDefault.xctoolchain/usr/bin/clang++ static flag -static works... no
checking if /Applications/Xcode.app/Contents/Developer/Toolchains/XcodeDefault.xctoolchain/usr/bin/clang++ supports -c -o file.o... yes
checking if /Applications/Xcode.app/Contents/Developer/Toolchains/XcodeDefault.xctoolchain/usr/bin/clang++ supports -c -o file.o... (cached) yes
checking whether the /Applications/Xcode.app/Contents/Developer/Toolchains/XcodeDefault.xctoolchain/usr/bin/clang++ linker (/Applications/Xcode.app/Contents/Developer/Toolchains/XcodeDefault.xctoolchain/usr/bin/ld) supports shared libraries... yes
checking how to hardcode library paths into programs... immediate
checking for aarch64-apple-darwin19-windres... no
checking for windres... no
checking for bash... /bin/bash
checking if dolt supports this host... yes, replacing libtool
checking whether NLS is requested... yes
checking for msgfmt... /Users/cam/Documents/Projects/ultima-iv-web/vlc-thumbs/work/upstream/vlc-master-story005-reproduction/extras/tools/build/bin/msgfmt
checking for gmsgfmt... /Users/cam/Documents/Projects/ultima-iv-web/vlc-thumbs/work/upstream/vlc-master-story005-reproduction/extras/tools/build/bin/msgfmt
checking for xgettext... /Users/cam/Documents/Projects/ultima-iv-web/vlc-thumbs/work/upstream/vlc-master-story005-reproduction/extras/tools/build/bin/xgettext
checking for msgmerge... /Users/cam/Documents/Projects/ultima-iv-web/vlc-thumbs/work/upstream/vlc-master-story005-reproduction/extras/tools/build/bin/msgmerge
checking for ld... /Applications/Xcode.app/Contents/Developer/Toolchains/XcodeDefault.xctoolchain/usr/bin/ld
checking if the linker (/Applications/Xcode.app/Contents/Developer/Toolchains/XcodeDefault.xctoolchain/usr/bin/ld) is GNU ld... no
checking for shared library run path origin... done
checking 32-bit host C ABI... no
checking for ELF binary format... no
checking for the common suffixes of directories in the library search path... lib,lib,lib
checking for CFPreferencesCopyAppValue... yes
checking for CFLocaleCopyPreferredLanguages... yes
checking for GNU gettext in libc... no
checking for iconv... yes
checking for working iconv... yes
checking how to link with libiconv... -liconv
checking for GNU gettext in libintl... yes
checking whether to use NLS... yes
checking where the gettext function comes from... external libintl
checking how to link with libintl... -lintl -liconv -Wl,-framework -Wl,CoreFoundation
checking for iconv... (cached) yes
checking for working iconv... (cached) yes
checking how to link with libiconv... -liconv
checking for iconv declaration... 
         extern size_t iconv (iconv_t cd, char * *inbuf, size_t *inbytesleft, char * *outbuf, size_t *outbytesleft);
checking for buggy GNU/libc versions... not present
checking for shared objects suffix... .dylib
checking for accept4... no
checking for dup3... yes
checking for fcntl... yes
checking for flock... yes
checking for fstatat... yes
checking for fstatvfs... yes
checking for fork... yes
checking for getmntent_r... no
checking for getenv... yes
checking for getpwuid_r... yes
checking for isatty... yes
checking for memalign... no
checking for mkostemp... yes
checking for mmap... yes
checking for open_memstream... yes
checking for newlocale... yes
checking for pipe2... yes
checking for posix_fadvise... no
checking for qsort_r... yes
checking for setlocale... yes
checking for uselocale... yes
checking for wordexp... yes
checking for aligned_alloc... (cached) no
checking for asprintf... yes
checking for atof... yes
checking for atoll... yes
checking for dirfd... yes
checking for fdopendir... yes
checking for flockfile... yes
checking for fsync... yes
checking for getdelim... yes
checking for getpid... yes
checking for gmtime_r... yes
checking for lfind... yes
checking for lldiv... yes
checking for localtime_r... yes
checking for memrchr... no
checking for nrand48... yes
checking for poll... yes
checking for posix_memalign... yes
checking for readv... yes
checking for recvmsg... yes
checking for rewind... yes
checking for sendmsg... yes
checking for setenv... yes
checking for strcasecmp... yes
checking for strcasestr... yes
checking for strdup... yes
checking for strlcpy... yes
checking for strndup... yes
checking for strnlen... yes
checking for strnstr... yes
checking for strsep... yes
checking for strtof... yes
checking for strtok_r... yes
checking for strtoll... yes
checking for swab... yes
checking for tdestroy... no
checking for tfind... yes
checking for timegm... yes
checking for timespec_get... yes
checking for strverscmp... no
checking for vasprintf... yes
checking for writev... yes
checking for fdatasync... yes
checking for /Applications/Xcode.app/Contents/Developer/Toolchains/XcodeDefault.xctoolchain/usr/bin/clang -isysroot /Applications/Xcode.app/Contents/Developer/Platforms/MacOSX.platform/Developer/SDKs/MacOSX27.0.sdk -mmacosx-version-min=10.13 -std=gnu23 options to detect undeclared functions... none needed
checking for /Applications/Xcode.app/Contents/Developer/Toolchains/XcodeDefault.xctoolchain/usr/bin/clang -isysroot /Applications/Xcode.app/Contents/Developer/Platforms/MacOSX.platform/Developer/SDKs/MacOSX27.0.sdk -mmacosx-version-min=10.13 -std=gnu23 options to ignore future-version functions... -Werror=unguarded-availability-new
checking whether realpath is declared... yes
checking for working strcoll... yes
checking for struct timespec... yes
checking for max_align_t... yes
checking for library containing connect... none required
checking for library containing inet_pton... none required
checking for struct if_nameindex... yes
checking for if_nameindex... yes
checking for socklen_t in sys/socket.h... yes
checking for struct sockaddr_storage... yes
checking for getopt_long... yes
checking for cos in -lm... yes
checking for nanf in -lm... yes
checking for sincos in -lm... no
checking broken qsort_r prototype... broken
checking _Thread_local support... ok
checking for threads.h... no
checking for getaddrinfo_a in -lanl... no
checking for library containing dlsym... none required
checking for library containing clock_nanosleep... no
checking for library containing nanosleep... none required
checking for library containing __atomic_load... no
checking for clock_gettime... yes
checking for clock_nanosleep... no
checking for clock_getres... yes
checking for stdbit.h... no
checking for stdckdint.h... yes
checking for arpa/inet.h... yes
checking for net/if.h... yes
checking for poll.h... yes
checking for pthread.h... yes
checking for search.h... yes
checking for sys/shm.h... yes
checking for sys/socket.h... yes
checking for sys/uio.h... yes
checking for wordexp.h... yes
checking for syslog.h... yes
checking for netinet/tcp.h... yes
checking for sys/param.h... yes
checking for sys/mount.h... yes
checking for features.h... no
checking for getopt.h... yes
checking for linux/dccp.h... no
checking for linux/magic.h... no
checking for sys/auxv.h... no
checking for sys/eventfd.h... no
checking for xlocale.h... yes
checking for struct pollfd... yes
checking if C++ headers define locale_t... yes
checking for ssize_t... yes
checking for aarch64-apple-darwin19-pkg-config... no
checking for pkg-config... /usr/local/bin/pkg-config
checking pkg-config is at least version 0.9.0... yes
checking for zlib.h... yes
checking for inflate in -lz... yes
checking for libidn... no
checking for libnoidea... yes
checking for libsystemd... no
configure: WARNING: Package 'libsystemd' not found.
checking for libelogind... no
configure: WARNING: Package 'libelogind' not found.
checking for basu... no
configure: WARNING: Package 'basu' not found.
configure: WARNING: no sd-bus provider found.
checking whether C compiler accepts -Wall... yes
checking whether C compiler accepts -Wextra... yes
checking whether C compiler accepts -Wsign-compare... yes
checking whether C compiler accepts -Wundef... yes
checking whether C compiler accepts -Wpointer-arith... yes
checking whether C compiler accepts -Wvolatile-register-var... yes
checking whether C compiler accepts -Wformat... yes
checking whether C compiler accepts -Wformat-security... yes
checking whether C compiler accepts -Wduplicated-branches... no
checking whether C compiler accepts -Wduplicated-cond... no
checking whether C++ compiler accepts -Wall... yes
checking whether C++ compiler accepts -Wextra... yes
checking whether C++ compiler accepts -Wsign-compare... yes
checking whether C++ compiler accepts -Wundef... yes
checking whether C++ compiler accepts -Wpointer-arith... yes
checking whether C++ compiler accepts -Wvolatile-register-var... yes
checking whether C++ compiler accepts -Wformat... yes
checking whether C++ compiler accepts -Wformat-security... yes
checking whether C++ compiler accepts -Wduplicated-branches... no
checking whether C++ compiler accepts -Wduplicated-cond... no
checking whether Objective C compiler accepts -Wall... yes
checking whether Objective C compiler accepts -Wextra... yes
checking whether Objective C compiler accepts -Wsign-compare... yes
checking whether Objective C compiler accepts -Wundef... yes
checking whether Objective C compiler accepts -Wpointer-arith... yes
checking whether Objective C compiler accepts -Wvolatile-register-var... yes
checking whether Objective C compiler accepts -Wformat... yes
checking whether Objective C compiler accepts -Wformat-security... yes
checking whether C compiler accepts -Wbad-function-cast... yes
checking whether C compiler accepts -Wwrite-strings... yes
checking whether C compiler accepts -Wmissing-prototypes... yes
checking whether C compiler accepts -Werror-implicit-function-declaration... yes
checking whether C compiler accepts -Winit-self... yes
checking whether C compiler accepts -Wlogical-op... no
checking whether C compiler accepts -Wshadow=local... no
checking whether C compiler accepts -Wmultistatement-macros... no
checking whether C compiler accepts -pipe... yes
checking for valgrind/valgrind.h... no
checking if /Applications/Xcode.app/Contents/Developer/Toolchains/XcodeDefault.xctoolchain/usr/bin/clang -isysroot /Applications/Xcode.app/Contents/Developer/Platforms/MacOSX.platform/Developer/SDKs/MacOSX27.0.sdk -mmacosx-version-min=10.13 -std=gnu23 accepts -fvisibility=hidden... yes
checking if /Applications/Xcode.app/Contents/Developer/Toolchains/XcodeDefault.xctoolchain/usr/bin/clang -isysroot /Applications/Xcode.app/Contents/Developer/Platforms/MacOSX.platform/Developer/SDKs/MacOSX27.0.sdk -mmacosx-version-min=10.13 -std=gnu23 accepts -Og... yes
checking whether C compiler accepts -fno-math-errno... yes
checking whether C compiler accepts -funsafe-math-optimizations... yes
checking whether C compiler accepts -fno-rounding-math... yes
checking whether C compiler accepts -fno-signaling-nans... no
checking whether C compiler accepts -fcx-limited-range... yes
checking whether C compiler accepts -fno-math-errno... (cached) yes
checking whether C compiler accepts -funsafe-math-optimizations... (cached) yes
checking whether C compiler accepts -fno-rounding-math... (cached) yes
checking whether C compiler accepts -fno-signaling-nans... (cached) no
checking whether C compiler accepts -fcx-limited-range... (cached) yes
checking whether C compiler accepts -funroll-loops... yes
checking whether C++ compiler accepts -funroll-loops... yes
checking whether Objective C compiler accepts -funroll-loops... yes
checking whether C compiler accepts -fstack-protector-strong... yes
checking whether C compiler accepts -fstack-protector-strong... (cached) yes
checking if linker supports -Bsymbolic... 
checking if linker supports -z,defs... no
checking for __attribute__((packed))... yes
checking for execinfo.h... yes
checking for backtrace... yes
checking if /Applications/Xcode.app/Contents/Developer/Toolchains/XcodeDefault.xctoolchain/usr/bin/clang -isysroot /Applications/Xcode.app/Contents/Developer/Platforms/MacOSX.platform/Developer/SDKs/MacOSX27.0.sdk -mmacosx-version-min=10.13 -std=gnu23 groks ARM NEON assembly... 64
checking if /Applications/Xcode.app/Contents/Developer/Toolchains/XcodeDefault.xctoolchain/usr/bin/clang -isysroot /Applications/Xcode.app/Contents/Developer/Platforms/MacOSX.platform/Developer/SDKs/MacOSX27.0.sdk -mmacosx-version-min=10.13 -std=gnu23 groks ARM SVE assembly... yes
checking whether C compiler accepts -mbranch-protection=standard... yes
checking for libarchive >= 3.1.0... yes
checking for libdc1394-2 >= 2.1.0... no
configure: WARNING: Library libdc1394-2 >= 2.1.0 needed for dc1394 was not found
checking for libraw1394 >= 2.0.1 libavc1394 >= 0.5.3... no
configure: WARNING: Library libraw1394 >= 2.0.1 libavc1394 >= 0.5.3 needed for dv1394 was not found
checking for dvdread >= 6.0.0... yes
checking for dvdnav >= 6.0.0... yes
checking for libbluray >= 1.1.0... yes
checking for opencv4... yes
checking for opencv4 >= 4.0.0 sam3... no
configure: WARNING: Library opencv4 >= 4.0.0 sam3 needed for opencv4 was not found
checking for smbclient... no
configure: WARNING: Library smbclient needed for smbclient was not found
checking for libdsm >= 0.2.0... no
checking for libssh2... yes
checking for libnfs >= 1.10.0... yes
checking for libsmb2 >= 3.0.0... yes
checking for linux/videodev2.h... no
checking for sys/videoio.h... no
checking for ffnvcodec... no
configure: WARNING: Package 'ffnvcodec' not found: nvdec will not be available.
checking for AMF/core/PropertyStorage.h... no
checking for AMF/components/HQScaler.h... no
checking for AMF/core/PropertyStorage.h... (cached) no
checking for AMF/components/VQEnhancer.h... no
checking for AMF/core/PropertyStorage.h... (cached) no
checking for AMF/components/FRC.h... no
checking for DeckLinkAPI.h... yes
checking for cdrom_msf0 in linux/cdrom.h... no
checking for scsireq in sys/scsiio.h... no
checking for ioc_toc_header in sys/cdio.h... no
checking for Linux DVB version 5.1... no
checking for ApplicationServices/ApplicationServices.h... yes
checking for libvncclient >= 0.9.9... no
configure: WARNING: Library libvncclient >= 0.9.9 needed for vnc was not found
checking for freerdp2 >= 2.0.0... no
configure: WARNING: Library freerdp2 >= 2.0.0 needed for freerdp was not found
checking for asdcplib... yes
checking asdcplib API version... 2.12.2 API
checking for libdvbpsi >= 1.2.0... yes
checking for dvbcsa... yes
checking for libgme... yes
checking for libsidplay2... yes
checking for sidplay/builders/resid.h... yes
checking for ogg >= 1.0... yes
checking for vorbis >= 1.1... yes
checking for ogg >= 1.0... yes
checking for shout >= 2.4.3... yes
checking for libebml >= 1.3.6 libmatroska... yes
checking for libmodplug >= 0.8.9.0... yes
checking for shine >= 3.0.0... no
configure: WARNING: Library shine >= 3.0.0 needed for shine was not found
checking for libmpg123... yes
checking for gstreamer-app-1.0... no
configure: WARNING: Package 'gstreamer-app-1.0' not found. GStreamer modules will not be built.
checking for libva >= 1.0... no
configure: WARNING: Package 'libva' not found.
checking for libva-drm... no
configure: WARNING: Package 'libva-drm' not found.
checking for libva-x11... no
configure: WARNING: Package 'libva-x11' not found.
checking for libva-wayland... no
configure: WARNING: Package 'libva-wayland' not found.
checking for dxgidebug.h... no
checking for d3dx9effect.h... no
checking for aom... yes
checking for rav1e... no
configure: WARNING: Library rav1e needed for rav1e was not found
checking for dav1d >= 0.5.0... yes
checking for vpx >= 1.5.0... yes
checking for vpx_codec_vp8_dx in -lvpx... yes
checking for vpx_codec_vp9_dx in -lvpx... yes
checking for vpx_codec_vp8_cx in -lvpx... yes
checking for vpx_codec_vp9_cx in -lvpx... yes
checking for twolame... yes
checking for flac... yes
checking for ogg vorbis >= 1.1 vorbisenc >= 1.1... yes
checking for ogg speex >= 1.0.5... yes
checking for speexdsp... yes
checking for rnnoise... yes
checking for ogg opus >= 1.0.3... yes
checking for spatialaudio... yes
checking for spatialaudio >= 0.4.0... no
checking for ogg theoradec >= 1.0 theoraenc... yes
checking for ogg... yes
checking for oapv >= 0.3... yes
checking for png.h... yes
checking for png_set_alpha_mode in -lpng... yes
checking for jpeglib.h... yes
checking for JPEG library source/destination support... yes
checking for libbpg.h... no
checking for x262... no
checking for x265... yes
checking for x264 >= 0.148... yes
checking for x264 >= 0.153... yes
checking for vpl... no
configure: WARNING: Library vpl needed for vpl was not found
checking for davs2... no
configure: WARNING: Library davs2 needed for davs2 was not found
checking for fluidsynth >= 1.1.2... no
configure: WARNING: Library fluidsynth >= 1.1.2 needed for fluidsynth was not found
checking for fluidlite... yes
checking for fluidlite.h... yes
checking for zvbi-0.2 >= 0.2.28... yes
checking for libaribcaption... yes
checking for aribb24 >= 1.0.1... yes
checking for aribb25 >= 0.2.6... no
configure: WARNING: Library aribb25 >= 0.2.6 needed for aribb25 was not found
checking for kate >= 0.3.0... yes
checking for tiger >= 0.3.1... no
checking for libplacebo >= 4.192... yes
checking libplacebo is compiled with vulkan support... yes
checking libplacebo is compiled with OpenGL support... yes
checking for egl... no
checking for gl... no
checking for OpenGL... no
checking for glesv2... no
checking for vulkan >= 1.0.26... no
checking for X... libraries /opt/X11/lib, headers /opt/X11/include
checking whether -R must be followed by a space... neither works
checking for dnet_ntoa in -ldnet... no
checking for dnet_ntoa in -ldnet_stub... no
checking for gethostbyname... yes
checking for connect... yes
checking for remove... yes
checking for shmat... yes
checking for IceConnectionNumber in -lICE... no
checking for vdpau >= 0.6... no
checking for wayland-client >= 1.19.91... no
checking for wayland-cursor... no
checking for wayland-egl... no
checking for wayland-scanner >= 1.23... no
checking for wayland-protocols >= 1.33... no
configure: WARNING:  Package 'wayland-client' not found. Package 'wayland-cursor' not found. Package 'wayland-egl' not found. Package 'wayland-scanner' not found. Package 'wayland-protocols' not found.
checking for xkbcommon... no
configure: WARNING: Package 'xkbcommon' not found. Hotkeys are disabled.
checking for freetype2... yes
checking for libass >= 0.9.8... yes
checking for ISpObjectToken... no
configure: WARNING: sapi.h not found. Text to Speech renderer for Windows disabled
checking for librsvg-2.0 >= 2.9.0... no
configure: WARNING: Library librsvg-2.0 >= 2.9.0 needed for svg was not found
checking for librsvg-2.0 >= 2.9.0 cairo >= 1.13.1... no
configure: WARNING: Library librsvg-2.0 >= 2.9.0 cairo >= 1.13.1 needed for svgdec was not found
checking for drm/drm_mode.h... no
checking for libdrm >= 2.4.83... no
checking for caca >= 0.99.beta14... no
configure: WARNING: Library caca >= 0.99.beta14 needed for caca was not found
checking for kva.h... no
checking for interface/mmal/mmal.h... no
configure: WARNING: Cannot find development headers for mmal...
checking for libpipewire-0.3 >= 0.3.64... no
checking for libpulse >= 6.0... no
checking for sys/soundcard.h... no
checking for sndio... no
checking for audioclient.h... no
checking for jack >= 1.9.7... no
configure: WARNING: Package 'jack' not found, trying jack1 instead
checking for jack >= 0.120.1 jack < 1.0... no
configure: WARNING: Package 'jack' not found
Package 'jack' not found.
checking for samplerate... yes
checking for soxr >= 0.1.2... yes
checking for libebur128 >= 1.2.4... yes
checking for kai.h... no
checking for libchromaprint >= 0.6.0... yes
checking for protobuf-lite... yes
checking for protoc... /Users/cam/Documents/Projects/ultima-iv-web/vlc-thumbs/work/story005-master-reproduction/contrib/aarch64-apple-darwin19/../bin/protoc
checking protobuf-lite matches /Users/cam/Documents/Projects/ultima-iv-web/vlc-thumbs/work/story005-master-reproduction/contrib/aarch64-apple-darwin19/../bin/protoc version 3.21.1... yes
checking for KF6WindowSystem >= 6.0.0... no
checking for dmgbuild... no
configure: WARNING: dmgbuild not found -- unable to build fancy DMGs
checking for ncursesw... yes
checking for srt >= 1.3.2... yes
checking for librist >= 0.2.1... yes
checking for libgoom2... yes
checking for projectM-4... no
checking for libprojectM... no
configure: WARNING: Package 'libprojectM' not found.
checking for libvsxu... no
configure: WARNING: Package 'libvsxu' not found.
checking for avahi-client >= 0.6... no
configure: WARNING: Library avahi-client >= 0.6 needed for avahi was not found
checking for libudev >= 142... no
configure: WARNING: Library libudev >= 142 needed for udev was not found
checking for libmtp >= 1.0.0... no
configure: WARNING: Library libmtp >= 1.0.0 needed for mtp was not found
checking for libupnp >= 1.8.5... yes
checking for microdns >= 0.1.2... no
configure: WARNING: Library microdns >= 0.1.2 needed for microdns was not found
checking for libxml-2.0 >= 2.5... yes
checking for gcrypt 1.6.0 or later... yes
checking for gpg-error... yes
checking for gnutls >= 3.5.0... yes
checking for taglib >= 1.11... yes
checking for libsecret-1 >= 0.18... no
configure: WARNING: Library libsecret-1 >= 0.18 needed for secret was not found
checking for gbm... no
checking for libnotify... no
configure: WARNING: Library libnotify needed for notify was not found
checking for medialibrary >= 0.13.0... yes
checking whether byte ordering is bigendian... no
checking that generated files are newer than configure... done
configure: creating ./config.status
config.status: creating Makefile
config.status: creating doc/Makefile
config.status: creating modules/Makefile
config.status: creating modules/gui/qt/Makefile
config.status: creating m4/Makefile
config.status: creating po/Makefile.in
config.status: creating share/Makefile
config.status: creating compat/Makefile
config.status: creating src/Makefile
config.status: creating lib/Makefile
config.status: creating bin/Makefile
config.status: creating test/Makefile
config.status: creating share/org.videolan.vlc.appdata.xml.in
config.status: creating share/macosx/Info.plist
config.status: creating config.h
config.status: executing depfiles commands
config.status: executing libtool commands
config.status: executing po-directories commands
config.status: creating po/POTFILES
config.status: creating po/Makefile

libvlc configuration
--------------------
version               : 4.0.0-dev
system                : darwin
architecture          : aarch64
optimizations         : yes
vlc aliases           : cvlc rvlc nvlc

To build vlc and its plugins, type `make', or `./compile' if you like nice colors.
/Applications/Xcode.app/Contents/Developer/usr/bin/make  all-recursive
Making all in compat
  CC       aligned_alloc.lo
  CC       dummy.lo
  CC       memrchr.lo
  CC       tdestroy.lo
  CC       strverscmp.lo
  CC       sincos.lo
  CC       clock_nanosleep.lo
  CCLD     libcompat.la
Making all in po
make[3]: Nothing to be done for `all'.
Making all in share
  GEN      org.videolan.vlc.appdata.xml
  GEN      vlc-openbd.desktop
  GEN      vlc.desktop
  GEN      vlc-opendvd.desktop
  GEN      vlc-opencda.desktop
  GEN      vlc-openvcd.desktop
Making all in src
  CC       fourcc_gen
  GEN      stamp-revision
fatal: not a git repository (or any of the parent directories): .git
  GEN      ../include/vlc_about.h
  GEN      fourcc_tables.h
video: 996 entries
audio: 282 entries
spu: 51 entries
/Applications/Xcode.app/Contents/Developer/usr/bin/make  all-am
  CC       libvlccore_la-missing.lo
  CC       libvlccore_la-libvlc.lo
  CC       libvlccore_la-libvlc-module.lo
  CC       libvlccore_la-revision.lo
  CC       libvlccore_la-version.lo
  CC       input/libvlccore_la-decoder.lo
  CC       input/libvlccore_la-decoder_prevframe.lo
  CC       input/libvlccore_la-decoder_device.lo
  CC       input/libvlccore_la-decoder_helpers.lo
  CC       input/libvlccore_la-demux.lo
../../../src/input/decoder.c:3070:12: warning: 'vlc_fifo_Size' is deprecated [-Wdeprecated-declarations]
 3070 |     return block_FifoSize( p_owner->p_fifo );
      |            ^
../../../include/vlc_block.h:106:24: note: expanded from macro 'block_FifoSize'
  106 | #define block_FifoSize vlc_fifo_Size
      |                        ^
../../../include/vlc_frame.h:864:10: note: 'vlc_fifo_Size' has been explicitly marked deprecated here
  864 | VLC_USED VLC_DEPRECATED
      |          ^
../../../include/vlc_common.h:95:42: note: expanded from macro 'VLC_DEPRECATED'
   95 | #  define VLC_DEPRECATED  __attribute__((deprecated))
      |                                          ^
  CC       input/libvlccore_la-demux_chained.lo
  CC       input/libvlccore_la-es_out.lo
  CC       input/libvlccore_la-es_out_source.lo
  CC       input/libvlccore_la-es_out_timeshift.lo
1 warning generated.
  CC       input/libvlccore_la-input.lo
  CC       input/libvlccore_la-meta.lo
  CC       input/libvlccore_la-attachment.lo
  CC       input/libvlccore_la-parse.lo
  CC       input/libvlccore_la-replay_gain.lo
  CC       input/libvlccore_la-resource.lo
  CC       input/libvlccore_la-services_discovery.lo
  CC       input/libvlccore_la-source.lo
  CC       input/libvlccore_la-stats.lo
  CC       input/libvlccore_la-stream.lo
  CC       input/libvlccore_la-stream_fifo.lo
  CC       input/libvlccore_la-stream_extractor.lo
  CC       input/libvlccore_la-stream_filter.lo
  CC       input/libvlccore_la-stream_memory.lo
  CC       input/libvlccore_la-subtitles.lo
  CC       input/libvlccore_la-var.lo
  CC       input/libvlccore_la-vlm.lo
  CC       input/libvlccore_la-vlm_event.lo
  OBJC     darwin/libvlccore_objc_la-dirs.lo
  CC       input/libvlccore_la-vlmshell.lo
  OBJC     darwin/libvlccore_objc_la-netconf.lo
  GEN      vlc-plugin.pc
  CC       config/libvlccore_la-cat.lo
  CC       config/libvlccore_la-core.lo
  CC       config/libvlccore_la-chain.lo
  CC       config/libvlccore_la-dirs.lo
  CC       config/libvlccore_la-file.lo
  CC       config/libvlccore_la-help.lo
  CC       config/libvlccore_la-intf.lo
  CC       config/libvlccore_la-cmdline.lo
  CC       config/libvlccore_la-getopt.lo
  CC       config/libvlccore_la-jaro_winkler.lo
  CC       extras/libvlccore_la-libc.lo
  CC       media_source/libvlccore_la-media_source.lo
  CC       media_source/libvlccore_la-media_tree.lo
  CC       modules/libvlccore_la-modules.lo
  CC       modules/libvlccore_la-bank.lo
config.status: creating src/vlc-plugin.pc
  CC       modules/libvlccore_la-cache.lo
  CC       modules/libvlccore_la-entry.lo
  CC       modules/libvlccore_la-textdomain.lo
  CC       interface/libvlccore_la-dialog.lo
  CC       interface/libvlccore_la-interface.lo
  CC       playlist/libvlccore_la-content.lo
  CC       playlist/libvlccore_la-control.lo
  CC       playlist/libvlccore_la-export.lo
  CC       playlist/libvlccore_la-item.lo
  CC       playlist/libvlccore_la-notify.lo
  CC       playlist/libvlccore_la-player.lo
  CC       playlist/libvlccore_la-playlist.lo
  CC       playlist/libvlccore_la-preparse.lo
  CC       playlist/libvlccore_la-request.lo
  CC       playlist/libvlccore_la-randomizer.lo
  CC       playlist/libvlccore_la-shuffle.lo
  CC       playlist/libvlccore_la-sort.lo
  CC       preparser/libvlccore_la-art.lo
  CC       preparser/libvlccore_la-fetcher.lo
  CC       preparser/libvlccore_la-ipc.lo
  CC       preparser/libvlccore_la-internal.lo
  CC       preparser/libvlccore_la-preparser.lo
  CC       preparser/libvlccore_la-external.lo
  CC       input/libvlccore_la-item.lo
  CC       input/libvlccore_la-access.lo
  CC       clock/libvlccore_la-clock_internal.lo
  CC       clock/libvlccore_la-input_clock.lo
  CC       player/libvlccore_la-player.lo
  CC       clock/libvlccore_la-clock.lo
../../../src/clock/input_clock.c:463:2: warning: "input_clock_SetJitter needs more work" [-W#warnings]
  463 | #warning "input_clock_SetJitter needs more work"
      |  ^
1 warning generated.
  CC       player/libvlccore_la-input.lo
  CC       player/libvlccore_la-timer.lo
  CC       player/libvlccore_la-track.lo
  CC       player/libvlccore_la-title.lo
  CC       player/libvlccore_la-aout.lo
  CC       player/libvlccore_la-vout.lo
  CC       player/libvlccore_la-osd.lo
  CC       player/libvlccore_la-medialib.lo
  CC       audio_output/libvlccore_la-common.lo
  CC       player/libvlccore_la-metadata.lo
  CC       audio_output/libvlccore_la-dec.lo
  CC       audio_output/libvlccore_la-filters.lo
  CC       audio_output/libvlccore_la-meter.lo
  CC       audio_output/libvlccore_la-output.lo
  CC       audio_output/libvlccore_la-volume.lo
  CC       video_output/libvlccore_la-control.lo
  CC       video_output/libvlccore_la-display.lo
  CC       video_output/libvlccore_la-interlacing.lo
  CC       video_output/libvlccore_la-inhibit.lo
  CC       video_output/libvlccore_la-snapshot.lo
  CC       video_output/libvlccore_la-video_output.lo
  CC       video_output/libvlccore_la-video_text.lo
  CC       video_output/libvlccore_la-video_epg.lo
../../../src/video_output/snapshot.c:207:13: warning: 'timespec_get' is only available on macOS 10.15 or newer [-Wunguarded-availability-new]
  207 |             timespec_get(&ts, TIME_UTC);
      |             ^~~~~~~~~~~~
/Applications/Xcode.app/Contents/Developer/Platforms/MacOSX.platform/Developer/SDKs/MacOSX27.0.sdk/usr/include/_time.h:202:5: note: 'timespec_get' has been marked as being introduced in macOS 10.15 here, but the deployment target is macOS 10.13.0
  202 | int timespec_get(struct timespec *ts, int base);
      |     ^
../../../src/video_output/snapshot.c:207:13: note: enclose 'timespec_get' in a __builtin_available check to silence this warning
  207 |             timespec_get(&ts, TIME_UTC);
      |             ^~~~~~~~~~~~                
1 warning generated.
  CC       video_output/libvlccore_la-video_widgets.lo
  CC       video_output/libvlccore_la-vout_subpictures.lo
  CC       video_output/libvlccore_la-video_window.lo
  CC       video_output/libvlccore_la-window.lo
  CC       video_output/libvlccore_la-opengl.lo
  CC       video_output/libvlccore_la-vout_intf.lo
  CC       video_output/libvlccore_la-vout_wrapper.lo
  CC       network/libvlccore_la-getaddrinfo.lo
  CC       network/libvlccore_la-http_auth.lo
../../../src/network/getaddrinfo.c:112:2: warning: vlc_getaddrinfo_i11e() not implemented! [-W#warnings]
  112 | #warning vlc_getaddrinfo_i11e() not implemented!
      |  ^
  CC       network/libvlccore_la-httpd.lo
1 warning generated.
  CC       network/libvlccore_la-io.lo
  CC       network/libvlccore_la-udp.lo
  CC       network/libvlccore_la-rootbind.lo
  CC       network/libvlccore_la-stream.lo
  CC       network/libvlccore_la-tls.lo
  CC       text/libvlccore_la-charset.lo
  CC       text/libvlccore_la-memstream.lo
  CC       text/libvlccore_la-strings.lo
  CC       text/libvlccore_la-unicode.lo
  CC       text/libvlccore_la-url.lo
  CC       text/libvlccore_la-filesystem.lo
  CC       text/libvlccore_la-iso_lang.lo
  CC       misc/libvlccore_la-actions.lo
  CC       misc/libvlccore_la-ancillary.lo
  CC       misc/libvlccore_la-chroma_probe.lo
  CC       misc/libvlccore_la-executor.lo
  CC       misc/libvlccore_la-md5.lo
  CC       misc/libvlccore_la-probe.lo
  CC       misc/libvlccore_la-rand.lo
  CC       misc/libvlccore_la-mtime.lo
  CC       misc/libvlccore_la-frame.lo
  CC       misc/libvlccore_la-fifo.lo
../../../src/misc/mtime.c:135:5: warning: 'timespec_get' is only available on macOS 10.15 or newer [-Wunguarded-availability-new]
  135 |     timespec_get(&ts, TIME_UTC);
      |     ^~~~~~~~~~~~
/Applications/Xcode.app/Contents/Developer/Platforms/MacOSX.platform/Developer/SDKs/MacOSX27.0.sdk/usr/include/_time.h:202:5: note: 'timespec_get' has been marked as being introduced in macOS 10.15 here, but the deployment target is macOS 10.13.0
  202 | int timespec_get(struct timespec *ts, int base);
      |     ^
../../../src/misc/mtime.c:135:5: note: enclose 'timespec_get' in a __builtin_available check to silence this warning
  135 |     timespec_get(&ts, TIME_UTC);
      |     ^~~~~~~~~~~~                
1 warning generated.
  CC       misc/libvlccore_la-filesystem.lo
  CC       misc/libvlccore_la-fourcc.lo
  CC       misc/libvlccore_la-es_format.lo
  CC       misc/libvlccore_la-extensions.lo
  CC       misc/libvlccore_la-picture.lo
  CC       misc/libvlccore_la-picture_fifo.lo
../../../src/misc/picture.c:81:12: warning: 'aligned_alloc' is only available on macOS 10.15 or newer [-Wunguarded-availability-new]
   81 |     return aligned_alloc(64, size);
      |            ^~~~~~~~~~~~~
/Applications/Xcode.app/Contents/Developer/Platforms/MacOSX.platform/Developer/SDKs/MacOSX27.0.sdk/usr/include/malloc/_malloc.h:67:35: note: 'aligned_alloc' has been marked as being introduced in macOS 10.15 here, but the deployment target is macOS 10.13.0
   67 | void * __sized_by_or_null(__size) aligned_alloc(size_t __alignment, size_t __size) __result_use_check __alloc_align(1) __alloc_size(2) _MALLOC_TYPED(malloc_type_aligned_alloc, 2) __OSX_AVAILABLE(10.15) __IOS_AVAILABLE(13.0) __TVOS_AVAILABLE(13.0) __WATCHOS_AVAILABLE(6.0);
      |                                   ^
../../../src/misc/picture.c:81:12: note: enclose 'aligned_alloc' in a __builtin_available check to silence this warning
   81 |     return aligned_alloc(64, size);
      |            ^~~~~~~~~~~~~           
  CC       misc/libvlccore_la-picture_pool.lo
  CC       misc/libvlccore_la-interrupt.lo
1 warning generated.
  CC       misc/libvlccore_la-keystore.lo
  CC       misc/libvlccore_la-rcu.lo
  CC       misc/libvlccore_la-renderer_discovery.lo
  CC       misc/libvlccore_la-threads.lo
  CC       misc/libvlccore_la-cpu.lo
  CC       misc/libvlccore_la-diffutil.lo
  CC       misc/libvlccore_la-epg.lo
  CC       misc/libvlccore_la-exit.lo
  CC       misc/libvlccore_la-image.lo
  CC       misc/libvlccore_la-messages.lo
  CC       misc/libvlccore_la-tracer.lo
  CC       misc/libvlccore_la-mime.lo
  CC       misc/libvlccore_la-objects.lo
  CC       misc/libvlccore_la-objres.lo
  CC       misc/libvlccore_la-queue.lo
  CC       misc/libvlccore_la-variables.lo
../../../src/misc/objects.c:207:27: warning: 'vlc_object_hold' is deprecated [-Wdeprecated-declarations]
  207 |              tab[count] = vlc_object_hold(vlc_externals(priv));
      |                           ^
../../../include/vlc_objects.h:204:1: note: 'vlc_object_hold' has been explicitly marked deprecated here
  204 | VLC_DEPRECATED static inline void *vlc_object_hold(vlc_object_t *o)
      | ^
../../../include/vlc_common.h:95:42: note: expanded from macro 'VLC_DEPRECATED'
   95 | #  define VLC_DEPRECATED  __attribute__((deprecated))
      |                                          ^
1 warning generated.
  CC       misc/libvlccore_la-addons.lo
  CC       misc/libvlccore_la-xml.lo
  CC       misc/libvlccore_la-filter.lo
  CC       misc/libvlccore_la-filter_chain.lo
  CC       misc/libvlccore_la-httpcookies.lo
  CC       misc/libvlccore_la-text_style.lo
  CC       misc/libvlccore_la-fingerprinter.lo
  CC       misc/libvlccore_la-sort.lo
  CC       misc/libvlccore_la-subpicture.lo
  CC       misc/libvlccore_la-medialibrary.lo
  CC       misc/libvlccore_la-viewpoint.lo
  CC       darwin/libvlccore_la-error.lo
  CC       darwin/libvlccore_la-specific.lo
  CC       darwin/libvlccore_la-thread.lo
  CC       posix/libvlccore_la-process.lo
  CC       posix/libvlccore_la-filesystem.lo
../../../src/posix/filesystem.c:194:12: warning: 'dup3' is only available on macOS 27.0 or newer [-Wunguarded-availability-new]
  194 |     return dup3(oldfd, newfd, O_CLOEXEC);
      |            ^~~~
/Applications/Xcode.app/Contents/Developer/Platforms/MacOSX.platform/Developer/SDKs/MacOSX27.0.sdk/usr/include/sys/unistd.h:217:9: note: 'dup3' has been marked as being introduced in macOS 27.0 here, but the deployment target is macOS 10.13.0
  217 | int     dup3(int, int, int);
      |         ^
../../../src/posix/filesystem.c:194:12: note: enclose 'dup3' in a __builtin_available check to silence this warning
  194 |     return dup3(oldfd, newfd, O_CLOEXEC);
      |            ^~~~                          
../../../src/posix/filesystem.c:206:12: warning: 'pipe2' is only available on macOS 27.0 or newer [-Wunguarded-availability-new]
  206 |     return pipe2(fds, O_CLOEXEC);
      |            ^~~~~
/Applications/Xcode.app/Contents/Developer/Platforms/MacOSX.platform/Developer/SDKs/MacOSX27.0.sdk/usr/include/sys/unistd.h:219:9: note: 'pipe2' has been marked as being introduced in macOS 27.0 here, but the deployment target is macOS 10.13.0
  219 | int     pipe2(int [2], int);
      |         ^
../../../src/posix/filesystem.c:206:12: note: enclose 'pipe2' in a __builtin_available check to silence this warning
  206 |     return pipe2(fds, O_CLOEXEC);
      |            ^~~~~                 
  CC       posix/libvlccore_la-plugin.lo
  CC       posix/libvlccore_la-rand.lo
2 warnings generated.
  CC       posix/libvlccore_la-timer.lo
  CC       posix/libvlccore_la-wait.lo
../../../src/posix/rand.c:83:5: warning: 'timespec_get' is only available on macOS 10.15 or newer [-Wunguarded-availability-new]
   83 |     timespec_get(&ts, TIME_UTC);
      |     ^~~~~~~~~~~~
/Applications/Xcode.app/Contents/Developer/Platforms/MacOSX.platform/Developer/SDKs/MacOSX27.0.sdk/usr/include/_time.h:202:5: note: 'timespec_get' has been marked as being introduced in macOS 10.15 here, but the deployment target is macOS 10.13.0
  202 | int timespec_get(struct timespec *ts, int base);
      |     ^
../../../src/posix/rand.c:83:5: note: enclose 'timespec_get' in a __builtin_available check to silence this warning
   83 |     timespec_get(&ts, TIME_UTC);
      |     ^~~~~~~~~~~~                
1 warning generated.
  CC       posix/libvlccore_la-sort.lo
  CC       posix/libvlccore_la-thread.lo
  CC       posix/libvlccore_la-spawn.lo
  CC       stream_output/libvlccore_la-sap.lo
  CC       stream_output/libvlccore_la-stream_output.lo
  OBJCLD   libvlccore_objc.la
../../../src/stream_output/stream_output.c:520:13: warning: 'vlc_fifo_Count' is deprecated [-Wdeprecated-declarations]
  520 |         if( block_FifoCount( p_input->p_fifo ) < i_blocks )
      |             ^
../../../include/vlc_block.h:108:25: note: expanded from macro 'block_FifoCount'
  108 | #define block_FifoCount vlc_fifo_Count
      |                         ^
../../../include/vlc_frame.h:876:10: note: 'vlc_fifo_Count' has been explicitly marked deprecated here
  876 | VLC_USED VLC_DEPRECATED
      |          ^
../../../include/vlc_common.h:95:42: note: expanded from macro 'VLC_DEPRECATED'
   95 | #  define VLC_DEPRECATED  __attribute__((deprecated))
      |                                          ^
1 warning generated.
  CCLD     libvlccore.la
ld: warning: object file (/Users/cam/Documents/Projects/ultima-iv-web/vlc-thumbs/work/story005-master-reproduction/vlc-4.0.0-dev/_build/sub/src/.libs/libvlccore_objc.a[2](libvlccore_objc_la-dirs.o)) was built for newer 'macOS' version (27.0) than being linked (11.0)
ld: warning: object file (/Users/cam/Documents/Projects/ultima-iv-web/vlc-thumbs/work/story005-master-reproduction/vlc-4.0.0-dev/_build/sub/src/.libs/libvlccore_objc.a[3](libvlccore_objc_la-netconf.o)) was built for newer 'macOS' version (27.0) than being linked (11.0)
Making all in modules
  GEN      vlc_modules_list
  GEN      stream_out/chromecast/3.21.1/cast_channel.pb.cc
/Applications/Xcode.app/Contents/Developer/usr/bin/make  all-recursive
Making all in gui/qt
  GEN      vlc_modules_list
/Applications/Xcode.app/Contents/Developer/usr/bin/make  all-am
make[6]: Nothing to be done for `all-am'.
Making all in .
  CC       access/libcdda_plugin_la-cdda.lo
  CC       access/vcd/vcd.lo
  CC       access/vcd/cdrom.lo
  CC       access/libdvdnav_plugin_la-dvdnav.lo
../../../modules/access/vcd/cdrom.c:862:1: warning: unused label 'unrecoverable' [-Wunused-label]
  862 | unrecoverable:
      | ^~~~~~~~~~~~~~
../../../modules/access/vcd/cdrom.c:266:13: warning: unused function 'TracksRangeIsValid' [-Wunused-function]
  266 | static bool TracksRangeIsValid( int i_first, int i_last )
      |             ^~~~~~~~~~~~~~~~~~
  CC       access/libdvdread_plugin_la-dvdread_video.lo
  CC       access/libdvdread_plugin_la-dvdread.lo
2 warnings generated.
  CC       access/libdvdread_plugin_la-dvdread_audio.lo
  CC       access/libdvdread_plugin_la-dvdread_vr.lo
  CC       access/liblibbluray_plugin_la-bluray.lo
  CC       access/ftp.lo
  CC       access/gopher.lo
  CC       access/http.lo
  CC       access/webdav.lo
  CC       access/libsmb2_plugin_la-smb2.lo
  CC       access/cache.lo
  CC       access/libnoidea_plugin_la-ndi.lo
  CC       access/tcp.lo
../../../modules/access/smb2.c:816:25: warning: unused parameter 'out_host' [-Wunused-parameter]
  816 |                  char **out_host)
      |                         ^
  CC       access/udp.lo
  CC       access/amt.lo
  CC       access/libsftp_plugin_la-sftp.lo
1 warning generated.
  CC       access/libnfs_plugin_la-nfs.lo
  CC       access/satip.lo
  CC       access/concat.lo
  CC       access/libaccess_srt_plugin_la-srt.lo
  CC       access/libaccess_srt_plugin_la-srt_common.lo
  CC       access/librist_plugin_la-rist.lo
  CC       access/http/access.lo
  CC       access/libaccess_output_srt_plugin_la-srt_common.lo
  CC       audio_filter/libebur128_plugin_la-libebur128.lo
  CC       audio_filter/librnnoise_plugin_la-rnnoise.lo
  CC       video_chroma/cvpx.lo
  CC       codec/ddummy.lo
  CC       codec/edummy.lo
  CC       codec/spdif.lo
  CC       codec/adpcm.lo
  CC       codec/aes3.lo
  CC       codec/araw.lo
  CC       codec/g711.lo
  CC       codec/libfluidsynth_plugin_la-fluidsynth.lo
  CC       codec/audiotoolbox_midi.lo
  CC       codec/lpcm.lo
  CC       codec/libmpg123_plugin_la-mpg123.lo
  CC       codec/uleaddvaudio.lo
../../../modules/codec/audiotoolbox_midi.c:386:14: warning: unused variable 'status' [-Wunused-variable]
  386 |     OSStatus status = noErr;
      |              ^~~~~~
1 warning generated.
  CC       codec/cdg.lo
  CC       codec/rawvideo.lo
  CC       codec/rtpvideo.lo
  CC       codec/libopenapv_plugin_la-openapv.lo
  CC       codec/rtp-rawvid.lo
  CC       codec/png.lo
  CC       codec/jpeg.lo
../../../modules/codec/rtp-rawvid.c:620:29: warning: comparison of integers of different signs: 'int' and 'const unsigned int' [-Wsign-compare]
  620 |          || offset + d.quot >= width /* output scanline overflow */
      |             ~~~~~~~~~~~~~~~ ^  ~~~~~
  CC       codec/liblibass_plugin_la-libass.lo
  CC       codec/cc.lo
../../../modules/codec/libass.c:122:37: warning: unused parameter 'level' [-Wunused-parameter]
  122 | static void vlc_ass_msg_handler(int level, const char *fmt, va_list va, void *data) {
      |                                     ^
1 warning generated.
  CC       codec/cea708.lo
  CC       codec/cvdsub.lo
1 warning generated.
  CC       codec/dvbsub.lo
  CC       codec/scte18.lo
  CC       codec/atsc_a65.lo
  CC       codec/scte27.lo
  CC       codec/stl.lo
  CC       codec/subsdec.lo
  CC       codec/subsusf.lo
  CC       codec/ttml/ttml.lo
  CC       codec/ttml/genttml.lo
  CC       codec/ttml/encttml.lo
  CC       demux/libwebvtt_plugin_la-webvtt.lo
  CC       codec/webvtt/libwebvtt_plugin_la-encvtt.lo
  CC       codec/webvtt/libwebvtt_plugin_la-CSSGrammar.lo
  CC       codec/webvtt/libwebvtt_plugin_la-libwebvtt_plugin_la-CSSLexer.lo
codec/webvtt/CSSGrammar.c:1533:9: warning: variable 'cssnerrs' set but not used [-Wunused-but-set-variable]
 1533 |     int yynerrs = 0;
      |         ^
../../../modules/codec/webvtt/CSSGrammar.c:73:25: note: expanded from macro 'yynerrs'
   73 | #define yynerrs         cssnerrs
      |                         ^
  CC       codec/webvtt/libwebvtt_plugin_la-css_parser.lo
1 warning generated.
  CC       codec/webvtt/libwebvtt_plugin_la-css_style.lo
  CC       codec/svcdsub.lo
  CC       codec/t140.lo
  CC       codec/telx.lo
  CC       codec/textst.lo
  CC       codec/libzvbi_plugin_la-zvbi.lo
  CC       codec/substx3g.lo
  CC       codec/libflac_plugin_la-flac.lo
  CC       codec/libkate_plugin_la-kate.lo
  CC       codec/libopus_plugin_la-opus.lo
  CC       codec/libopus_plugin_la-opus_header.lo
  CC       codec/libspeex_plugin_la-speex.lo
  CC       codec/libtheora_plugin_la-theora.lo
  CC       codec/libvorbis_plugin_la-vorbis.lo
  CC       codec/liboggspots_plugin_la-oggspots.lo
  CC       codec/libvlc_hxxxhelper_la-hxxx_helper.lo
  CC       packetizer/libvlc_hxxxhelper_la-hxxx_nal.lo
  CC       packetizer/libvlc_hxxxhelper_la-hxxx_sei.lo
  CC       packetizer/libvlc_hxxxhelper_la-h264_slice.lo
  CC       packetizer/libvlc_hxxxhelper_la-h264_nal.lo
  CC       packetizer/libvlc_hxxxhelper_la-hevc_nal.lo
  OBJC     codec/vt_utils_native.lo
  CC       codec/videotoolbox/libvideotoolbox_enc_plugin_la-encoder.lo
  CC       codec/libx265_plugin_la-x265.lo
In file included from ../../../modules/codec/x265.c:37:
/Users/cam/Documents/Projects/ultima-iv-web/vlc-thumbs/work/story005-master-reproduction/contrib/aarch64-apple-darwin19/include/x265.h:35:5: warning: '_MSC_VER' is not defined, evaluates to 0 [-Wundef]
   35 | #if _MSC_VER
      |     ^
/Users/cam/Documents/Projects/ultima-iv-web/vlc-thumbs/work/story005-master-reproduction/contrib/aarch64-apple-darwin19/include/x265.h:186:5: warning: 'X265_DEPTH' is not defined, evaluates to 0 [-Wundef]
  186 | #if X265_DEPTH < 10
      |     ^
/Users/cam/Documents/Projects/ultima-iv-web/vlc-thumbs/work/story005-master-reproduction/contrib/aarch64-apple-darwin19/include/x265.h:643:5: warning: 'ENABLE_MULTIVIEW' is not defined, evaluates to 0 [-Wundef]
  643 | #if ENABLE_MULTIVIEW
      |     ^
/Users/cam/Documents/Projects/ultima-iv-web/vlc-thumbs/work/story005-master-reproduction/contrib/aarch64-apple-darwin19/include/x265.h:650:5: warning: 'ENABLE_ALPHA' is not defined, evaluates to 0 [-Wundef]
  650 | #if ENABLE_ALPHA
      |     ^
/Users/cam/Documents/Projects/ultima-iv-web/vlc-thumbs/work/story005-master-reproduction/contrib/aarch64-apple-darwin19/include/x265.h:656:5: warning: 'ENABLE_ALPHA' is not defined, evaluates to 0 [-Wundef]
  656 | #if ENABLE_ALPHA || ENABLE_MULTIVIEW
      |     ^
/Users/cam/Documents/Projects/ultima-iv-web/vlc-thumbs/work/story005-master-reproduction/contrib/aarch64-apple-darwin19/include/x265.h:656:21: warning: 'ENABLE_MULTIVIEW' is not defined, evaluates to 0 [-Wundef]
  656 | #if ENABLE_ALPHA || ENABLE_MULTIVIEW
      |                     ^
/Users/cam/Documents/Projects/ultima-iv-web/vlc-thumbs/work/story005-master-reproduction/contrib/aarch64-apple-darwin19/include/x265.h:665:5: warning: 'ENABLE_SCC_EXT' is not defined, evaluates to 0 [-Wundef]
  665 | #if ENABLE_SCC_EXT
      |     ^
/Users/cam/Documents/Projects/ultima-iv-web/vlc-thumbs/work/story005-master-reproduction/contrib/aarch64-apple-darwin19/include/x265.h:2400:5: warning: 'ENABLE_SCC_EXT' is not defined, evaluates to 0 [-Wundef]
 2400 | #if ENABLE_SCC_EXT
      |     ^
/Users/cam/Documents/Projects/ultima-iv-web/vlc-thumbs/work/story005-master-reproduction/contrib/aarch64-apple-darwin19/include/x265.h:2618:5: warning: 'ENABLE_LIBVMAF' is not defined, evaluates to 0 [-Wundef]
 2618 | #if ENABLE_LIBVMAF
      |     ^
/Users/cam/Documents/Projects/ultima-iv-web/vlc-thumbs/work/story005-master-reproduction/contrib/aarch64-apple-darwin19/include/x265.h:2690:5: warning: 'ENABLE_LIBVMAF' is not defined, evaluates to 0 [-Wundef]
 2690 | #if ENABLE_LIBVMAF
      |     ^
10 warnings generated.
  CC       codec/libx264_plugin_la-x264.lo
  CC       codec/libx26410b_plugin_la-x264.lo
  CC       codec/libvpx_plugin_la-vpx.lo
  CC       codec/vpx_alpha.lo
  CC       packetizer/libaom_plugin_la-av1_obu.lo
  CC       codec/libaom_plugin_la-aom.lo
  CC       codec/libtwolame_plugin_la-twolame.lo
  CC       codec/libdav1d_plugin_la-dav1d.lo
  CC       packetizer/libdav1d_plugin_la-av1_obu.lo
  CC       demux/libflacsys_plugin_la-flac.lo
  CC       demux/xiph_metadata.lo
  CC       demux/libogg_plugin_la-ogg.lo
  CC       demux/libogg_plugin_la-oggseek.lo
  CC       demux/libogg_plugin_la-ogg_granule.lo
  CC       demux/demuxdump.lo
../../../modules/demux/oggseek.c:306:5: warning: ignoring return value of function declared with 'warn_unused_result' attribute [-Wunused-result]
  306 |     vlc_stream_Seek( p_demux->s, i_backup_pos );
      |     ^~~~~~~~~~~~~~~  ~~~~~~~~~~~~~~~~~~~~~~~~
../../../modules/demux/oggseek.c:970:9: warning: ignoring return value of function declared with 'warn_unused_result' attribute [-Wunused-result]
  970 |         vlc_stream_Seek( p_demux->s, i_in_pos );
      |         ^~~~~~~~~~~~~~~  ~~~~~~~~~~~~~~~~~~~~
../../../modules/demux/oggseek.c:979:9: warning: ignoring return value of function declared with 'warn_unused_result' attribute [-Wunused-result]
  979 |         vlc_stream_Seek( p_demux->s, i_in_pos );
      |         ^~~~~~~~~~~~~~~  ~~~~~~~~~~~~~~~~~~~~
3 warnings generated.
  CC       demux/rawdv.lo
  CC       demux/rawvid.lo
  CC       demux/g64rtp.lo
  CC       demux/au.lo
  CC       demux/rawaud.lo
  CC       demux/wav.lo
  CC       demux/nsv.lo
  CC       demux/hx.lo
  CC       demux/pva.lo
  CC       demux/libmod_plugin_la-mod.lo
  CC       demux/aiff.lo
  CC       demux/mjpeg.lo
  CC       demux/ty.lo
  CC       demux/subtitle.lo
  CC       demux/vobsub.lo
  CC       demux/voc.lo
  CC       demux/xa.lo
  CC       demux/nuv.lo
  CC       demux/tta.lo
  CC       demux/vc1.lo
  CC       demux/libdemux_cdg_plugin_la-cdg.lo
  CC       demux/smf.lo
  CC       demux/dmxmus.lo
  CC       demux/gme.lo
  CXX      demux/libsid_plugin_la-sid.lo
In file included from ../../../modules/demux/sid.cpp:33:
In file included from ../config.h:896:
In file included from ../../../include/vlc_fixups.h:166:
In file included from /Applications/Xcode.app/Contents/Developer/Platforms/MacOSX.platform/Developer/SDKs/MacOSX27.0.sdk/usr/include/c++/v1/stddef.h:30:
In file included from /Applications/Xcode.app/Contents/Developer/Platforms/MacOSX.platform/Developer/SDKs/MacOSX27.0.sdk/usr/include/c++/v1/__config:15:
/Applications/Xcode.app/Contents/Developer/Platforms/MacOSX.platform/Developer/SDKs/MacOSX27.0.sdk/usr/include/c++/v1/__configuration/availability.h:204:4: warning: "The selected platform is no longer supported by libc++." [-W#warnings]
  204 | #  warning "The selected platform is no longer supported by libc++."
      |    ^
  CC       demux/image.lo
  CC       demux/libdemux_stl_plugin_la-stl.lo
  CC       demux/caf.lo
  CC       demux/directory.lo
  CC       demux/mpeg/es.lo
  CC       demux/mpeg/h26x.lo
  CC       packetizer/h264_nal.lo
  CC       packetizer/libmkv_plugin_la-dts_header.lo
In file included from ../../../modules/demux/sid.cpp:44:
/Users/cam/Documents/Projects/ultima-iv-web/vlc-thumbs/work/story005-master-reproduction/contrib/aarch64-apple-darwin19/include/sidplay/sidplay2.h:59:39: warning: reference cannot be bound to dereferenced null pointer in well-defined C++ code; pointer may be assumed to always convert to true [-Wundefined-bool-conversion]
   59 |     operator bool()  const { return (&sidplayer ? true: false); }
      |                                       ^~~~~~~~~ ~
/Users/cam/Documents/Projects/ultima-iv-web/vlc-thumbs/work/story005-master-reproduction/contrib/aarch64-apple-darwin19/include/sidplay/sidplay2.h:60:39: warning: reference cannot be bound to dereferenced null pointer in well-defined C++ code; pointer may be assumed to always convert to true [-Wundefined-bool-conversion]
   60 |     bool operator!() const { return (&sidplayer ? false: true); }
      |                                       ^~~~~~~~~ ~
3 warnings generated.
  CC       demux/mpeg/mpgv.lo
  CC       demux/mpeg/libts_plugin_la-ts_pid.lo
  CC       demux/mpeg/libts_plugin_la-ts.lo
  CC       demux/mpeg/libts_plugin_la-ts_psi.lo
  CC       demux/mpeg/libts_plugin_la-ts_si.lo
  CC       demux/mpeg/libts_plugin_la-ts_psip.lo
  CC       demux/mpeg/libts_plugin_la-ts_psip_dvbpsi_fixes.lo
  CC       demux/mpeg/libts_plugin_la-ts_decoders.lo
  CC       demux/mpeg/libts_plugin_la-ts_scte.lo
  CC       demux/mpeg/libts_plugin_la-ts_streams.lo
  CC       demux/mpeg/libts_plugin_la-sections.lo
  CC       demux/mpeg/libts_plugin_la-mpeg4_iod.lo
  CC       demux/mpeg/libts_plugin_la-ts_arib.lo
  CC       demux/mpeg/libts_plugin_la-ts_sl.lo
  CC       demux/mpeg/libts_plugin_la-ts_metadata.lo
  CC       demux/mpeg/libts_plugin_la-ts_hotfixes.lo
  CC       demux/mpeg/libts_plugin_la-ts_pes.lo
../../../modules/demux/mpeg/ts_metadata.c:118:18: warning: unused function 'Metadata_stream_processor_PushMAU' [-Wunused-function]
  118 | static block_t * Metadata_stream_processor_PushMAU( ts_stream_processor_t *h,
      |                  ^~~~~~~~~~~~~~~~~~~~~~~~~~~~~~~~~
1 warning generated.
  CC       codec/libts_plugin_la-atsc_a65.lo
  CC       codec/libts_plugin_la-opus_header.lo
  CXX      demux/adaptive/libvlc_adaptive_la-PlaylistManager.lo
  CXX      demux/adaptive/libvlc_adaptive_la-ID.lo
  CXX      demux/adaptive/libvlc_adaptive_la-SegmentTracker.lo
  CXX      demux/adaptive/libvlc_adaptive_la-SharedResources.lo
In file included from ../../../modules/demux/adaptive/ID.cpp:21:
In file included from ../config.h:896:
In file included from ../../../include/vlc_fixups.h:166:
In file included from /Applications/Xcode.app/Contents/Developer/Platforms/MacOSX.platform/Developer/SDKs/MacOSX27.0.sdk/usr/include/c++/v1/stddef.h:30:
In file included from /Applications/Xcode.app/Contents/Developer/Platforms/MacOSX.platform/Developer/SDKs/MacOSX27.0.sdk/usr/include/c++/v1/__config:15:
/Applications/Xcode.app/Contents/Developer/Platforms/MacOSX.platform/Developer/SDKs/MacOSX27.0.sdk/usr/include/c++/v1/__configuration/availability.h:In file included from ../../../modules/demux/adaptive/PlaylistManager.cpp204:4:In file included from ../../../modules/demux/adaptive/SegmentTracker.cpp::23:
In file included from 22:
In file included from ../config.h:896:
In file included from ../../../include/vlc_fixups.h:166:
In file included from /Applications/Xcode.app/Contents/Developer/Platforms/MacOSX.platform/Developer/SDKs/MacOSX27.0.sdk/usr/include/c++/v1/stddef.h:30../config.h:896:
:
In file included from /Applications/Xcode.app/Contents/Developer/Platforms/MacOSX.platform/Developer/SDKs/MacOSX27.0.sdk/usr/include/c++/v1/__configIn file included from ../../../include/vlc_fixups.h:166:
:15:
/Applications/Xcode.app/Contents/Developer/Platforms/MacOSX.platform/Developer/SDKs/MacOSX27.0.sdk/usr/include/c++/v1/__configuration/availability.h: warning: 204:4In file included from /Applications/Xcode.app/Contents/Developer/Platforms/MacOSX.platform/Developer/SDKs/MacOSX27.0.sdk/usr/include/c++/v1/stddef.h:30: warning: "The selected platform is no longer supported by libc++." [-W#warnings]
"The selected platform is no longer supported by libc++." [-W#warnings]
:
  204 | #  warning "The selected plaIn file included from /Applications/Xcode.app/Contents/Developer/Platforms/MacOSX.platform/Developer/SDKs/MacOSX27.0.sdk/usr/include/c++/v1/__config:15:
/Applications/Xcode.app/Contents/Developer/Platforms/MacOSX.platform/Developer/SDKs/MacOSX27.0.sdk/usr/include/c++/v1/__configuration/availability.h:204:4: warning: "The selected platform is no longer supported by libc++." [-W#warnings]
tform  204 | #   is n  204 | #  wo longer suppowarnarnrteing "The seleing "Tcted plad by libc++.he selectform isted no"
       plat l|    ^for
m is no longer supported by libc+onger suppor+."
      |    ^
ted by libc++."
      |    ^
In file included from ../../../modules/demux/adaptive/SharedResources.cpp:21:
In file included from ../config.h:896:
In file included from ../../../include/vlc_fixups.h:166:
In file included from /Applications/Xcode.app/Contents/Developer/Platforms/MacOSX.platform/Developer/SDKs/MacOSX27.0.sdk/usr/include/c++/v1/stddef.h:30:
In file included from /Applications/Xcode.app/Contents/Developer/Platforms/MacOSX.platform/Developer/SDKs/MacOSX27.0.sdk/usr/include/c++/v1/__config:15:
/Applications/Xcode.app/Contents/Developer/Platforms/MacOSX.platform/Developer/SDKs/MacOSX27.0.sdk/usr/include/c++/v1/__configuration/availability.h:204:4: warning: "The selected platform is no longer supported by libc++." [-W#warnings]
  204 | #  warning "The selected platform is no longer supported by libc++."
      |    ^
1 warning generated.
  CXX      demux/adaptive/libvlc_adaptive_la-StreamFormat.lo
1 warning generated.
In file included from ../../../modules/demux/adaptive/StreamFormat.cpp:22:
In file included from ../config.h:896:
In file included from ../../../include/vlc_fixups.h:166:
In file included from /Applications/Xcode.app/Contents/Developer/Platforms/MacOSX.platform/Developer/SDKs/MacOSX27.0.sdk/usr/include/c++/v1/stddef.h:30:
In file included from /Applications/Xcode.app/Contents/Developer/Platforms/MacOSX.platform/Developer/SDKs/MacOSX27.0.sdk/usr/include/c++/v1/__config:15:
/Applications/Xcode.app/Contents/Developer/Platforms/MacOSX.platform/Developer/SDKs/MacOSX27.0.sdk/usr/include/c++/v1/__configuration/availability.h:204:4: warning: "The selected platform is no longer supported by libc++." [-W#warnings]
  204 | #  warning "The selected platform is no longer supported by libc++."
      |    ^
  CXX      demux/adaptive/libvlc_adaptive_la-Streams.lo
In file included from ../../../modules/demux/adaptive/Streams.cpp:22:
In file included from ../config.h:896:
In file included from ../../../include/vlc_fixups.h:166:
In file included from /Applications/Xcode.app/Contents/Developer/Platforms/MacOSX.platform/Developer/SDKs/MacOSX27.0.sdk/usr/include/c++/v1/stddef.h:30:
In file included from /Applications/Xcode.app/Contents/Developer/Platforms/MacOSX.platform/Developer/SDKs/MacOSX27.0.sdk/usr/include/c++/v1/__config:15:
/Applications/Xcode.app/Contents/Developer/Platforms/MacOSX.platform/Developer/SDKs/MacOSX27.0.sdk/usr/include/c++/v1/__configuration/availability.h:204:4: warning: "The selected platform is no longer supported by libc++." [-W#warnings]
  204 | #  warning "The selected platform is no longer supported by libc++."
      |    ^
1 warning generated.
1 warning generated.
1 warning generated.
  CC       packetizer/h266_nal.lo
  CC       demux/libytdl_plugin_la-ytdl.lo
  CC       packetizer/hevc_nal.lo
1 warning generated.
  CC       misc/webservices/libfingerprinter_plugin_la-acoustid.lo
  CC       misc/libfingerprinter_plugin_la-fingerprinter.lo
  CC       misc/libgnutls_plugin_la-gnutls.lo
  CC       misc/libsecuretransport_plugin_la-securetransport.lo
../../../modules/misc/securetransport.c:753:11: warning: 'SSLSetEnableCertVerify' is deprecated: first deprecated in macOS 10.9 - No longer supported. Use Network.framework. [-Wdeprecated-declarations]
  753 |     ret = SSLSetEnableCertVerify(sys->p_context, false);
      |           ^
/Applications/Xcode.app/Contents/Developer/Platforms/MacOSX.platform/Developer/SDKs/MacOSX27.0.sdk/System/Library/Frameworks/Security.framework/Headers/SecureTransport.h:923:1: note: 'SSLSetEnableCertVerify' has been explicitly marked deprecated here
  923 | SSLSetEnableCertVerify          (SSLContextRef                  context,
      | ^
../../../modules/misc/securetransport.c:885:11: warning: 'SecKeychainSearchCreateFromAttributes' is deprecated: first deprecated in macOS 10.7 - SecKeychainSearch is not supported [-Wdeprecated-declarations]
  885 |     ret = SecKeychainSearchCreateFromAttributes(NULL, kSecCertificateItemClass,
      |           ^
/Applications/Xcode.app/Contents/Developer/Platforms/MacOSX.platform/Developer/SDKs/MacOSX27.0.sdk/System/Library/Frameworks/Security.framework/Headers/SecKeychainSearch.h:60:10: note: 'SecKeychainSearchCreateFromAttributes' has been explicitly marked deprecated here
   60 | OSStatus SecKeychainSearchCreateFromAttributes(CFTypeRef __nullable keychainOrArray, SecItemClass itemClass, const SecKeychainAttributeList * __nullable attrList, SecKeychainSearchRef * __nonnull CF_RETURNS_RETAINED searchRef)
      |          ^
../../../modules/misc/securetransport.c:893:11: warning: 'SecKeychainSearchCopyNext' is deprecated: first deprecated in macOS 10.7 - SecKeychainSearch is not supported [-Wdeprecated-declarations]
  893 |     ret = SecKeychainSearchCopyNext(searchReference, &itemRef);
      |           ^
/Applications/Xcode.app/Contents/Developer/Platforms/MacOSX.platform/Developer/SDKs/MacOSX27.0.sdk/System/Library/Frameworks/Security.framework/Headers/SecKeychainSearch.h:71:10: note: 'SecKeychainSearchCopyNext' has been explicitly marked deprecated here
   71 | OSStatus SecKeychainSearchCopyNext(SecKeychainSearchRef searchRef, SecKeychainItemRef * __nonnull CF_RETURNS_RETAINED itemRef)
      |          ^
../../../modules/misc/securetransport.c:936:5: warning: 'CSSM_TP_APPLE_EVIDENCE_INFO' is deprecated: first deprecated in macOS 10.7 [-Wdeprecated-declarations]
  936 |     CSSM_TP_APPLE_EVIDENCE_INFO *status_chain;
      |     ^
/Applications/Xcode.app/Contents/Developer/Platforms/MacOSX.platform/Developer/SDKs/MacOSX27.0.sdk/System/Library/Frameworks/Security.framework/Headers/cssmapple.h:1109:3: note: 'CSSM_TP_APPLE_EVIDENCE_INFO' has been explicitly marked deprecated here
 1109 | } CSSM_TP_APPLE_EVIDENCE_INFO DEPRECATED_IN_MAC_OS_X_VERSION_10_7_AND_LATER;
      |   ^
../../../modules/misc/securetransport.c:937:11: warning: 'SecTrustGetResult' is deprecated: first deprecated in macOS 10.7 [-Wdeprecated-declarations]
  937 |     ret = SecTrustGetResult(trust_ref, &status, &cert_chain, &status_chain);
      |           ^
/Applications/Xcode.app/Contents/Developer/Platforms/MacOSX.platform/Developer/SDKs/MacOSX27.0.sdk/System/Library/Frameworks/Security.framework/Headers/SecTrust.h:774:10: note: 'SecTrustGetResult' has been explicitly marked deprecated here
  774 | OSStatus SecTrustGetResult(SecTrustRef trustRef, SecTrustResultType * __nullable result,
      |          ^
  CC       mux/dummy.lo
  CC       mux/asf.lo
  CC       mux/avi.lo
5 warnings generated.
  CC       mux/mp4/mp4.lo
  CC       packetizer/hxxx_nal.lo
../../../modules/mux/mp4/mp4.c:731:13: warning: 'vlc_fifo_Count' is deprecated [-Wdeprecated-declarations]
  731 |         if (block_FifoCount(p_input->p_fifo) > 0)
      |             ^
../../../include/vlc_block.h:108:25: note: expanded from macro 'block_FifoCount'
  108 | #define block_FifoCount vlc_fifo_Count
      |                         ^
../../../include/vlc_frame.h:876:10: note: 'vlc_fifo_Count' has been explicitly marked deprecated here
  876 | VLC_USED VLC_DEPRECATED
      |          ^
../../../include/vlc_common.h:95:42: note: expanded from macro 'VLC_DEPRECATED'
   95 | #  define VLC_DEPRECATED  __attribute__((deprecated))
      |                                          ^
  CC       mux/extradata.lo
  CC       packetizer/av1_obu.lo
1 warning generated.
  CC       codec/hxxx_helper.lo
  CC       mux/mpjpeg.lo
  CC       mux/mpeg/pes.lo
  CC       mux/mpeg/repack.lo
  CC       mux/mpeg/ps.lo
  CC       mux/wav.lo
  CC       mux/libmux_ogg_plugin_la-ogg.lo
  CC       mux/mpeg/libmux_ts_plugin_la-repack.lo
  CC       mux/mpeg/libmux_ts_plugin_la-pes.lo
  CC       mux/mpeg/libmux_ts_plugin_la-csa.lo
  CC       mux/mpeg/libmux_ts_plugin_la-tables.lo
  CC       mux/mpeg/libmux_ts_plugin_la-tsutil.lo
  CC       mux/mpeg/libmux_ts_plugin_la-ts.lo
  CC       control/motionlib.lo
../../../modules/mux/mpeg/ts.c:1032:9: warning: 'vlc_fifo_Count' is deprecated [-Wdeprecated-declarations]
 1032 |         block_FifoCount( p_input->p_fifo ) > 0 )
      |         ^
../../../include/vlc_block.h:108:25: note: expanded from macro 'block_FifoCount'
  108 | #define block_FifoCount vlc_fifo_Count
      |                         ^
../../../include/vlc_frame.h:876:10: note: 'vlc_fifo_Count' has been explicitly marked deprecated here
  876 | VLC_USED VLC_DEPRECATED
      |          ^
../../../include/vlc_common.h:95:42: note: expanded from macro 'VLC_DEPRECATED'
   95 | #  define VLC_DEPRECATED  __attribute__((deprecated))
      |                                          ^
../../../modules/mux/mpeg/ts.c:1195:13: warning: 'vlc_fifo_Count' is deprecated [-Wdeprecated-declarations]
 1195 |         if( block_FifoCount( p_input->p_fifo ) <= 1 )
      |             ^
../../../include/vlc_block.h:108:25: note: expanded from macro 'block_FifoCount'
  108 | #define block_FifoCount vlc_fifo_Count
      |                         ^
../../../include/vlc_frame.h:876:10: note: 'vlc_fifo_Count' has been explicitly marked deprecated here
  876 | VLC_USED VLC_DEPRECATED
      |          ^
../../../include/vlc_common.h:95:42: note: expanded from macro 'VLC_DEPRECATED'
   95 | #  define VLC_DEPRECATED  __attribute__((deprecated))
      |                                          ^
../../../modules/mux/mpeg/ts.c:1202:22: warning: 'vlc_fifo_Count' is deprecated [-Wdeprecated-declarations]
 1202 |             else if( block_FifoCount( p_input->p_fifo ) <= 0 )
      |                      ^
../../../include/vlc_block.h:108:25: note: expanded from macro 'block_FifoCount'
  108 | #define block_FifoCount vlc_fifo_Count
      |                         ^
../../../include/vlc_frame.h:876:10: note: 'vlc_fifo_Count' has been explicitly marked deprecated here
  876 | VLC_USED VLC_DEPRECATED
      |          ^
../../../include/vlc_common.h:95:42: note: expanded from macro 'VLC_DEPRECATED'
   95 | #  define VLC_DEPRECATED  __attribute__((deprecated))
      |                                          ^
../../../modules/mux/mpeg/ts.c:1266:21: warning: 'vlc_fifo_Count' is deprecated [-Wdeprecated-declarations]
 1266 |                     block_FifoCount( p_mux->pp_inputs[j]->p_fifo) > 0 )
      |                     ^
../../../include/vlc_block.h:108:25: note: expanded from macro 'block_FifoCount'
  108 | #define block_FifoCount vlc_fifo_Count
      |                         ^
../../../include/vlc_frame.h:876:10: note: 'vlc_fifo_Count' has been explicitly marked deprecated here
  876 | VLC_USED VLC_DEPRECATED
      |          ^
../../../include/vlc_common.h:95:42: note: expanded from macro 'VLC_DEPRECATED'
   95 | #  define VLC_DEPRECATED  __attribute__((deprecated))
      |                                          ^
  CC       codec/hxxx_helper_testdec.lo
  CC       demux/libdemux_mock_plugin_la-mock.lo
  CC       video_output/opengl/libglfilter_mock_plugin_la-filter_mock.lo
4 warnings generated.
  CC       packetizer/av1.lo
  CC       packetizer/mpegvideo.lo
  CC       packetizer/mpeg4video.lo
  CC       packetizer/mjpeg.lo
  CC       packetizer/mpeg4audio.lo
  CC       packetizer/mpegaudio.lo
  CC       packetizer/h264_slice.lo
  CC       packetizer/h264.lo
  CC       packetizer/hxxx_sei.lo
  CC       packetizer/hxxx_common.lo
  CC       packetizer/vc1.lo
  CC       packetizer/hevc.lo
  CC       packetizer/h266.lo
  CC       packetizer/mlp.lo
  CC       packetizer/flac.lo
  CC       packetizer/copy.lo
  CC       packetizer/a52.lo
  CC       packetizer/dts.lo
  CC       access/rtp/ac3.lo
  CC       access/rtp/mpeg12.lo
  CC       access/rtp/mpeg4.lo
  CC       access/rtp/librtp_pcm_plugin_la-pcm.lo
  CC       access/rtp/raw.lo
  CC       access/rtp/h264.lo
  CC       access/rtp/h265.lo
  CC       access/rtp/opus.lo
  CC       access/rtp/xiph.lo
  CC       access/rtp/libsap_plugin_la-sdp.lo
  OBJC     services_discovery/libbonjour_plugin_la-bonjour.lo
  CC       stream_out/dummy.lo
  CC       stream_out/cycle.lo
  CC       stream_out/delay.lo
  CC       stream_out/stats.lo
  CC       stream_out/libstream_out_standard_plugin_la-standard.lo
  CC       stream_out/duplicate.lo
  CC       stream_out/es.lo
  CC       stream_out/display.lo
  CC       stream_out/gather.lo
  CC       stream_out/bridge.lo
  CC       stream_out/mosaic_bridge.lo
  CC       stream_out/autodel.lo
  CC       stream_out/record.lo
  CC       stream_out/smem.lo
  CC       stream_out/setid.lo
  CC       stream_out/trace.lo
../../../modules/stream_out/record.c:489:24: warning: 'tempnam' is deprecated: This function is provided for compatibility reasons only.  Due to security concerns inherent in the design of tempnam(3), it is highly recommended that you use mkstemp(3) instead. [-Wdeprecated-declarations]
  489 |             psz_file = tempnam( NULL, "vlc" );
      |                        ^
/Applications/Xcode.app/Contents/Developer/Platforms/MacOSX.platform/Developer/SDKs/MacOSX27.0.sdk/usr/include/_stdio.h:407:1: note: 'tempnam' has been explicitly marked deprecated here
  407 | __deprecated_msg("This function is provided for compatibility reasons only.  Due to security concerns inherent in the design of tempnam(3), it is highly recommended that you use mkstemp(3) instead.")
      | ^
/Applications/Xcode.app/Contents/Developer/Platforms/MacOSX.platform/Developer/SDKs/MacOSX27.0.sdk/usr/include/sys/cdefs.h:227:48: note: expanded from macro '__deprecated_msg'
  227 |         #define __deprecated_msg(_msg) __attribute__((__deprecated__(_msg)))
      |                                                       ^
1 warning generated.
  CC       stream_out/sdp_helper.lo
  CC       stream_out/udp.lo
  CC       stream_out/libstream_out_rtp_plugin_la-sdp_helper.lo
  CC       stream_out/libstream_out_rtp_plugin_la-rtp.lo
  CC       stream_out/libstream_out_rtp_plugin_la-rtpfmt.lo
  CC       stream_out/libstream_out_rtp_plugin_la-rtcp.lo
  CC       stream_out/libstream_out_rtp_plugin_la-rtsp.lo
  CC       stream_out/libstream_out_chromaprint_plugin_la-chromaprint.lo
  CXX      stream_out/chromecast/libstream_out_chromecast_plugin_la-cast.lo
In file included from ../../../modules/stream_out/chromecast/cast.cpp:30:
In file included from ../config.h:896:
In file included from ../../../include/vlc_fixups.h:166:
In file included from /Applications/Xcode.app/Contents/Developer/Platforms/MacOSX.platform/Developer/SDKs/MacOSX27.0.sdk/usr/include/c++/v1/stddef.h:30:
In file included from /Applications/Xcode.app/Contents/Developer/Platforms/MacOSX.platform/Developer/SDKs/MacOSX27.0.sdk/usr/include/c++/v1/__config:15:
/Applications/Xcode.app/Contents/Developer/Platforms/MacOSX.platform/Developer/SDKs/MacOSX27.0.sdk/usr/include/c++/v1/__configuration/availability.h:204:4: warning: "The selected platform is no longer supported by libc++." [-W#warnings]
  204 | #  warning "The selected platform is no longer supported by libc++."
      |    ^
  CXX      stream_out/libstream_out_chromecast_plugin_la-renderer_common.lo
  CXX      stream_out/chromecast/libstream_out_chromecast_plugin_la-chromecast_ctrl.lo
In file included from ../../../modules/stream_out/renderer_common.cpp:27:
In file included from ../config.h:896:
In file included from ../../../include/vlc_fixups.h:166:
In file included from /Applications/Xcode.app/Contents/Developer/Platforms/MacOSX.platform/Developer/SDKs/MacOSX27.0.sdk/usr/include/c++/v1/stddef.h:30:
In file included from /Applications/Xcode.app/Contents/Developer/Platforms/MacOSX.platform/Developer/SDKs/MacOSX27.0.sdk/usr/include/c++/v1/__config:15:
/Applications/Xcode.app/Contents/Developer/Platforms/MacOSX.platform/Developer/SDKs/MacOSX27.0.sdk/usr/include/c++/v1/__configuration/availability.h:204:4: warning: "The selected platform is no longer supported by libc++." [-W#warnings]
  204 | #  warning "The selected platform is no longer supported by libc++."
      |    ^
In file included from ../../../modules/stream_out/chromecast/chromecast_ctrl.cpp:31:
In file included from ../config.h:896:
In file included from ../../../include/vlc_fixups.h:166:
In file included from /Applications/Xcode.app/Contents/Developer/Platforms/MacOSX.platform/Developer/SDKs/MacOSX27.0.sdk/usr/include/c++/v1/stddef.h:30:
In file included from /Applications/Xcode.app/Contents/Developer/Platforms/MacOSX.platform/Developer/SDKs/MacOSX27.0.sdk/usr/include/c++/v1/__config:15:
/Applications/Xcode.app/Contents/Developer/Platforms/MacOSX.platform/Developer/SDKs/MacOSX27.0.sdk/usr/include/c++/v1/__configuration/availability.h:204:4: warning: "The selected platform is no longer supported by libc++." [-W#warnings]
  204 | #  warning "The selected platform is no longer supported by libc++."
      |    ^
  CXX      stream_out/chromecast/libstream_out_chromecast_plugin_la-chromecast_communication.lo
In file included from ../../../modules/stream_out/chromecast/chromecast_communication.cpp:27:
In file included from ../config.h:896:
In file included from ../../../include/vlc_fixups.h:166:
In file included from /Applications/Xcode.app/Contents/Developer/Platforms/MacOSX.platform/Developer/SDKs/MacOSX27.0.sdk/usr/include/c++/v1/stddef.h:30:
In file included from /Applications/Xcode.app/Contents/Developer/Platforms/MacOSX.platform/Developer/SDKs/MacOSX27.0.sdk/usr/include/c++/v1/__config:15:
/Applications/Xcode.app/Contents/Developer/Platforms/MacOSX.platform/Developer/SDKs/MacOSX27.0.sdk/usr/include/c++/v1/__configuration/availability.h:204:4: warning: "The selected platform is no longer supported by libc++." [-W#warnings]
  204 | #  warning "The selected platform is no longer supported by libc++."
      |    ^
In file included from ../../../modules/stream_out/chromecast/cast.cpp:34:
In file included from ../../../modules/stream_out/chromecast/chromecast.h:47:
In file included from stream_out/chromecast/3.21.1/cast_channel.pb.h:23:
In file included from /Users/cam/Documents/Projects/ultima-iv-web/vlc-thumbs/work/story005-master-reproduction/contrib/aarch64-apple-darwin19/include/google/protobuf/io/coded_stream.h:134:
/Users/cam/Documents/Projects/ultima-iv-web/vlc-thumbs/work/story005-master-reproduction/contrib/aarch64-apple-darwin19/include/google/protobuf/port.h:46:41: warning: unused parameter 'size' [-Wunused-parameter]
   46 | inline void SizedDelete(void* p, size_t size) {
      |                                         ^
/Users/cam/Documents/Projects/ultima-iv-web/vlc-thumbs/work/story005-master-reproduction/contrib/aarch64-apple-darwin19/include/google/protobuf/port.h:53:46: warning: unused parameter 'size' [-Wunused-parameter]
   53 | inline void SizedArrayDelete(void* p, size_t size) {
      |                                              ^
In file included from ../../../modules/stream_out/chromecast/cast.cpp:34:
In file included from ../../../modules/stream_out/chromecast/chromecast.h:47:
In file included from stream_out/chromecast/3.21.1/cast_channel.pb.h:30:
In file included from /Users/cam/Documents/Projects/ultima-iv-web/vlc-thumbs/work/story005-master-reproduction/contrib/aarch64-apple-darwin19/include/google/protobuf/extension_set.h:53:
In file included from /Users/cam/Documents/Projects/ultima-iv-web/vlc-thumbs/work/story005-master-reproduction/contrib/aarch64-apple-darwin19/include/google/protobuf/parse_context.h:47:
/Users/cam/Documents/Projects/ultima-iv-web/vlc-thumbs/work/story005-master-reproduction/contrib/aarch64-apple-darwin19/include/google/protobuf/inlined_string_field.h:430:5: warning: 'GOOGLE_PROTOBUF_INTERNAL_DONATE_STEAL_INLINE' is not defined, evaluates to 0 [-Wundef]
  430 | #if GOOGLE_PROTOBUF_INTERNAL_DONATE_STEAL_INLINE
      |     ^
In file included from ../../../modules/stream_out/chromecast/cast.cpp:34:
In file included from ../../../modules/stream_out/chromecast/chromecast.h:47:
In file included from stream_out/chromecast/3.21.1/cast_channel.pb.h:30:
/Users/cam/Documents/Projects/ultima-iv-web/vlc-thumbs/work/story005-master-reproduction/contrib/aarch64-apple-darwin19/include/google/protobuf/extension_set.h:1264:46: warning: unused parameter 'fn' [-Wunused-parameter]
 1264 |                        LazyEagerVerifyFnType fn) {
      |                                              ^
/Users/cam/Documents/Projects/ultima-iv-web/vlc-thumbs/work/story005-master-reproduction/contrib/aarch64-apple-darwin19/include/google/protobuf/extension_set.h:1330:46: warning: unused parameter 'fn' [-Wunused-parameter]
 1330 |                        LazyEagerVerifyFnType fn) {
      |                                              ^
In file included from ../../../modules/stream_out/chromecast/chromecast_ctrl.cpp:34:
In file included from ../../../modules/stream_out/chromecast/chromecast.h:47:
In file included from stream_out/chromecast/3.21.1/cast_channel.pb.h:23:
In file included from /Users/cam/Documents/Projects/ultima-iv-web/vlc-thumbs/work/story005-master-reproduction/contrib/aarch64-apple-darwin19/include/google/protobuf/io/coded_stream.h:134:
/Users/cam/Documents/Projects/ultima-iv-web/vlc-thumbs/work/story005-master-reproduction/contrib/aarch64-apple-darwin19/include/google/protobuf/port.h:46:41: warning: unused parameter 'size' [-Wunused-parameter]
   46 | inline void SizedDelete(void* p, size_t size) {
      |                                         ^
/Users/cam/Documents/Projects/ultima-iv-web/vlc-thumbs/work/story005-master-reproduction/contrib/aarch64-apple-darwin19/include/google/protobuf/port.h:53:46: warning: unused parameter 'size' [-Wunused-parameter]
   53 | inline void SizedArrayDelete(void* p, size_t size) {
      |                                              ^
In file included from ../../../modules/stream_out/chromecast/chromecast_ctrl.cpp:34:
In file included from ../../../modules/stream_out/chromecast/chromecast.h:47:
In file included from stream_out/chromecast/3.21.1/cast_channel.pb.h:30:
In file included from /Users/cam/Documents/Projects/ultima-iv-web/vlc-thumbs/work/story005-master-reproduction/contrib/aarch64-apple-darwin19/include/google/protobuf/extension_set.h:53:
In file included from /Users/cam/Documents/Projects/ultima-iv-web/vlc-thumbs/work/story005-master-reproduction/contrib/aarch64-apple-darwin19/include/google/protobuf/parse_context.h:47:
/Users/cam/Documents/Projects/ultima-iv-web/vlc-thumbs/work/story005-master-reproduction/contrib/aarch64-apple-darwin19/include/google/protobuf/inlined_string_field.h:430:5: warning: 'GOOGLE_PROTOBUF_INTERNAL_DONATE_STEAL_INLINE' is not defined, evaluates to 0 [-Wundef]
  430 | #if GOOGLE_PROTOBUF_INTERNAL_DONATE_STEAL_INLINE
      |     ^
In file included from ../../../modules/stream_out/chromecast/chromecast_ctrl.cpp:34:
In file included from ../../../modules/stream_out/chromecast/chromecast.h:47:
In file included from stream_out/chromecast/3.21.1/cast_channel.pb.h:30:
/Users/cam/Documents/Projects/ultima-iv-web/vlc-thumbs/work/story005-master-reproduction/contrib/aarch64-apple-darwin19/include/google/protobuf/extension_set.h:1264:46: warning: unused parameter 'fn' [-Wunused-parameter]
 1264 |                        LazyEagerVerifyFnType fn) {
      |                                              ^
/Users/cam/Documents/Projects/ultima-iv-web/vlc-thumbs/work/story005-master-reproduction/contrib/aarch64-apple-darwin19/include/google/protobuf/extension_set.h:1330:46: warning: unused parameter 'fn' [-Wunused-parameter]
 1330 |                        LazyEagerVerifyFnType fn) {
      |                                              ^
In file included from ../../../modules/stream_out/chromecast/chromecast_communication.cpp:30:
In file included from ../../../modules/stream_out/chromecast/chromecast.h:47:
In file included from stream_out/chromecast/3.21.1/cast_channel.pb.h:23:
In file included from /Users/cam/Documents/Projects/ultima-iv-web/vlc-thumbs/work/story005-master-reproduction/contrib/aarch64-apple-darwin19/include/google/protobuf/io/coded_stream.h:134:
/Users/cam/Documents/Projects/ultima-iv-web/vlc-thumbs/work/story005-master-reproduction/contrib/aarch64-apple-darwin19/include/google/protobuf/port.h:46:41: warning: unused parameter 'size' [-Wunused-parameter]
   46 | inline void SizedDelete(void* p, size_t size) {
      |                                         ^
/Users/cam/Documents/Projects/ultima-iv-web/vlc-thumbs/work/story005-master-reproduction/contrib/aarch64-apple-darwin19/include/google/protobuf/port.h:53:46: warning: unused parameter 'size' [-Wunused-parameter]
   53 | inline void SizedArrayDelete(void* p, size_t size) {
      |                                              ^
In file included from ../../../modules/stream_out/chromecast/chromecast_communication.cpp:30:
In file included from ../../../modules/stream_out/chromecast/chromecast.h:47:
In file included from stream_out/chromecast/3.21.1/cast_channel.pb.h:30:
In file included from /Users/cam/Documents/Projects/ultima-iv-web/vlc-thumbs/work/story005-master-reproduction/contrib/aarch64-apple-darwin19/include/google/protobuf/extension_set.h:53:
In file included from /Users/cam/Documents/Projects/ultima-iv-web/vlc-thumbs/work/story005-master-reproduction/contrib/aarch64-apple-darwin19/include/google/protobuf/parse_context.h:47:
/Users/cam/Documents/Projects/ultima-iv-web/vlc-thumbs/work/story005-master-reproduction/contrib/aarch64-apple-darwin19/include/google/protobuf/inlined_string_field.h:430:5: warning: 'GOOGLE_PROTOBUF_INTERNAL_DONATE_STEAL_INLINE' is not defined, evaluates to 0 [-Wundef]
  430 | #if GOOGLE_PROTOBUF_INTERNAL_DONATE_STEAL_INLINE
      |     ^
In file included from ../../../modules/stream_out/chromecast/chromecast_communication.cpp:30:
In file included from ../../../modules/stream_out/chromecast/chromecast.h:47:
In file included from stream_out/chromecast/3.21.1/cast_channel.pb.h:30:
/Users/cam/Documents/Projects/ultima-iv-web/vlc-thumbs/work/story005-master-reproduction/contrib/aarch64-apple-darwin19/include/google/protobuf/extension_set.h:1264:46: warning: unused parameter 'fn' [-Wunused-parameter]
 1264 |                        LazyEagerVerifyFnType fn) {
      |                                              ^
/Users/cam/Documents/Projects/ultima-iv-web/vlc-thumbs/work/story005-master-reproduction/contrib/aarch64-apple-darwin19/include/google/protobuf/extension_set.h:1330:46: warning: unused parameter 'fn' [-Wunused-parameter]
 1330 |                        LazyEagerVerifyFnType fn) {
      |                                              ^
1 warning generated.
6 warnings generated.
6 warnings generated.
  CC       stream_filter/record.lo
6 warnings generated.
  CC       stream_filter/adf.lo
  CC       stream_filter/skiptags.lo
  OBJC     text_renderer/nsspeechsynthesizer.lo
  CC       video_filter/deinterlace/libdeinterlace_plugin_la-merge.lo
  CC       video_filter/deinterlace/libdeinterlace_plugin_la-deinterlace.lo
  CC       video_filter/deinterlace/libdeinterlace_plugin_la-helpers.lo
  CC       video_filter/deinterlace/libdeinterlace_plugin_la-algo_basic.lo
  CC       video_filter/deinterlace/libdeinterlace_plugin_la-algo_x.lo
  CC       video_filter/deinterlace/libdeinterlace_plugin_la-algo_yadif.lo
  CC       video_filter/deinterlace/libdeinterlace_plugin_la-algo_phosphor.lo
  CC       video_filter/deinterlace/libdeinterlace_plugin_la-algo_ivtc.lo
  CXX      video_filter/libopencv_wrapper_plugin_la-opencv_wrapper.lo
  CC       video_filter/deinterlace/libglblend_plugin_la-glblend.lo
In file included from ../../../modules/video_filter/opencv_wrapper.cpp:30:
In file included from ../config.h:896:
In file included from ../../../include/vlc_fixups.h:166:
In file included from /Applications/Xcode.app/Contents/Developer/Platforms/MacOSX.platform/Developer/SDKs/MacOSX27.0.sdk/usr/include/c++/v1/stddef.h:30:
In file included from /Applications/Xcode.app/Contents/Developer/Platforms/MacOSX.platform/Developer/SDKs/MacOSX27.0.sdk/usr/include/c++/v1/__config:15:
/Applications/Xcode.app/Contents/Developer/Platforms/MacOSX.platform/Developer/SDKs/MacOSX27.0.sdk/usr/include/c++/v1/__configuration/availability.h:204:4: warning: "The selected platform is no longer supported by libc++." [-W#warnings]
  204 | #  warning "The selected platform is no longer supported by libc++."
      |    ^
  CXX      video_filter/blend.lo
In file included from ../../../modules/video_filter/blend.cpp:27:
In file included from ../config.h:896:
In file included from ../../../include/vlc_fixups.h:166:
In file included from /Applications/Xcode.app/Contents/Developer/Platforms/MacOSX.platform/Developer/SDKs/MacOSX27.0.sdk/usr/include/c++/v1/stddef.h:30:
In file included from /Applications/Xcode.app/Contents/Developer/Platforms/MacOSX.platform/Developer/SDKs/MacOSX27.0.sdk/usr/include/c++/v1/__config:15:
/Applications/Xcode.app/Contents/Developer/Platforms/MacOSX.platform/Developer/SDKs/MacOSX27.0.sdk/usr/include/c++/v1/__configuration/availability.h:204:4: warning: "The selected platform is no longer supported by libc++." [-W#warnings]
  204 | #  warning "The selected platform is no longer supported by libc++."
      |    ^
  CXX      video_filter/libopencv_example_plugin_la-opencv_example.lo
In file included from ../../../modules/video_filter/opencv_example.cpp:32:
In file included from ../config.h:896:
In file included from ../../../include/vlc_fixups.h:166:
In file included from /Applications/Xcode.app/Contents/Developer/Platforms/MacOSX.platform/Developer/SDKs/MacOSX27.0.sdk/usr/include/c++/v1/stddef.h:30:
In file included from /Applications/Xcode.app/Contents/Developer/Platforms/MacOSX.platform/Developer/SDKs/MacOSX27.0.sdk/usr/include/c++/v1/__config:15:
/Applications/Xcode.app/Contents/Developer/Platforms/MacOSX.platform/Developer/SDKs/MacOSX27.0.sdk/usr/include/c++/v1/__configuration/availability.h:204:4: warning: "The selected platform is no longer supported by libc++." [-W#warnings]
  204 | #  warning "The selected platform is no longer supported by libc++."
      |    ^
../../../modules/text_renderer/nsspeechsynthesizer.m:53:5: warning: 'NSSpeechSynthesizer' is deprecated: first deprecated in macOS 14.0 - Use AVSpeechSynthesizer in AVFoundation instead [-Wdeprecated-declarations]
   53 |     NSSpeechSynthesizer *speechSynthesizer;
      |     ^
/Applications/Xcode.app/Contents/Developer/Platforms/MacOSX.platform/Developer/SDKs/MacOSX27.0.sdk/System/Library/Frameworks/AppKit.framework/Headers/NSSpeechSynthesizer.h:81:12: note: 'NSSpeechSynthesizer' has been explicitly marked deprecated here
   81 | @interface NSSpeechSynthesizer : NSObject
      |            ^
../../../modules/text_renderer/nsspeechsynthesizer.m:71:54: warning: 'NSSpeechSynthesizer' is deprecated: first deprecated in macOS 14.0 - Use AVSpeechSynthesizer in AVFoundation instead [-Wdeprecated-declarations]
   71 |     p_sys->speechSynthesizer = [[NSSpeechSynthesizer alloc] init];
      |                                                      ^
/Applications/Xcode.app/Contents/Developer/Platforms/MacOSX.platform/Developer/SDKs/MacOSX27.0.sdk/System/Library/Frameworks/AppKit.framework/Headers/NSSpeechSynthesizer.h:81:12: note: 'NSSpeechSynthesizer' has been explicitly marked deprecated here
   81 | @interface NSSpeechSynthesizer : NSObject
      |            ^
../../../modules/text_renderer/nsspeechsynthesizer.m:82:31: warning: 'stopSpeaking' is deprecated: first deprecated in macOS 14.0 - Use AVSpeechSynthesizer in AVFoundation instead [-Wdeprecated-declarations]
   82 |     [p_sys->speechSynthesizer stopSpeaking];
      |                               ^
/Applications/Xcode.app/Contents/Developer/Platforms/MacOSX.platform/Developer/SDKs/MacOSX27.0.sdk/System/Library/Frameworks/AppKit.framework/Headers/NSSpeechSynthesizer.h:89:1: note: 'stopSpeaking' has been explicitly marked deprecated here
   89 | - (void)stopSpeaking;
      | ^
../../../modules/text_renderer/nsspeechsynthesizer.m:131:60: warning: 'NSSpeechSynthesizer' is deprecated: first deprecated in macOS 14.0 - Use AVSpeechSynthesizer in AVFoundation instead [-Wdeprecated-declarations]
  131 |                     NSArray *voices = [NSSpeechSynthesizer availableVoices];
      |                                                            ^
/Applications/Xcode.app/Contents/Developer/Platforms/MacOSX.platform/Developer/SDKs/MacOSX27.0.sdk/System/Library/Frameworks/AppKit.framework/Headers/NSSpeechSynthesizer.h:81:12: note: 'NSSpeechSynthesizer' has been explicitly marked deprecated here
   81 | @interface NSSpeechSynthesizer : NSObject
      |            ^
../../../modules/text_renderer/nsspeechsynthesizer.m:131:60: warning: 'availableVoices' is deprecated: first deprecated in macOS 14.0 - Use AVSpeechSynthesizer in AVFoundation instead [-Wdeprecated-declarations]
  131 |                     NSArray *voices = [NSSpeechSynthesizer availableVoices];
      |                                                            ^
/Applications/Xcode.app/Contents/Developer/Platforms/MacOSX.platform/Developer/SDKs/MacOSX27.0.sdk/System/Library/Frameworks/AppKit.framework/Headers/NSSpeechSynthesizer.h:109:74: note: property 'availableVoices' is declared deprecated here
  109 | @property (class, readonly, copy) NSArray<NSSpeechSynthesizerVoiceName> *availableVoices;
      |                                                                          ^
/Applications/Xcode.app/Contents/Developer/Platforms/MacOSX.platform/Developer/SDKs/MacOSX27.0.sdk/System/Library/Frameworks/AppKit.framework/Headers/NSSpeechSynthesizer.h:109:74: note: 'availableVoices' has been explicitly marked deprecated here
../../../modules/text_renderer/nsspeechsynthesizer.m:136:78: warning: 'NSSpeechSynthesizer' is deprecated: first deprecated in macOS 14.0 - Use AVSpeechSynthesizer in AVFoundation instead [-Wdeprecated-declarations]
  136 |                         NSDictionary *voiceAttributes = [NSSpeechSynthesizer attributesForVoice: [voices objectAtIndex:i]];
      |                                                                              ^
/Applications/Xcode.app/Contents/Developer/Platforms/MacOSX.platform/Developer/SDKs/MacOSX27.0.sdk/System/Library/Frameworks/AppKit.framework/Headers/NSSpeechSynthesizer.h:81:12: note: 'NSSpeechSynthesizer' has been explicitly marked deprecated here
   81 | @interface NSSpeechSynthesizer : NSObject
      |            ^
../../../modules/text_renderer/nsspeechsynthesizer.m:136:78: warning: 'attributesForVoice:' is deprecated: first deprecated in macOS 14.0 - Use AVSpeechSynthesizer in AVFoundation instead [-Wdeprecated-declarations]
  136 |                         NSDictionary *voiceAttributes = [NSSpeechSynthesizer attributesForVoice: [voices objectAtIndex:i]];
      |                                                                              ^
/Applications/Xcode.app/Contents/Developer/Platforms/MacOSX.platform/Developer/SDKs/MacOSX27.0.sdk/System/Library/Frameworks/AppKit.framework/Headers/NSSpeechSynthesizer.h:110:1: note: 'attributesForVoice:' has been explicitly marked deprecated here
  110 | + (NSDictionary<NSVoiceAttributeKey, id> *)attributesForVoice:(NSSpeechSynthesizerVoiceName)voice;
      | ^
../../../modules/text_renderer/nsspeechsynthesizer.m:143:55: warning: 'setVoice:' is deprecated: first deprecated in macOS 14.0 - Use AVSpeechSynthesizer in AVFoundation instead [-Wdeprecated-declarations]
  143 |                             [p_sys->speechSynthesizer setVoice: [voices objectAtIndex:i]];
      |                                                       ^
/Applications/Xcode.app/Contents/Developer/Platforms/MacOSX.platform/Developer/SDKs/MacOSX27.0.sdk/System/Library/Frameworks/AppKit.framework/Headers/NSSpeechSynthesizer.h:96:1: note: 'setVoice:' has been explicitly marked deprecated here
   96 | - (BOOL)setVoice:(nullable NSSpeechSynthesizerVoiceName)voice;
      | ^
../../../modules/text_renderer/nsspeechsynthesizer.m:150:39: warning: 'startSpeakingString:' is deprecated: first deprecated in macOS 14.0 - Use AVSpeechSynthesizer in AVFoundation instead [-Wdeprecated-declarations]
  150 |             [p_sys->speechSynthesizer startSpeakingString:stringToSpeech];
      |                                       ^
/Applications/Xcode.app/Contents/Developer/Platforms/MacOSX.platform/Developer/SDKs/MacOSX27.0.sdk/System/Library/Frameworks/AppKit.framework/Headers/NSSpeechSynthesizer.h:85:1: note: 'startSpeakingString:' has been explicitly marked deprecated here
   85 | - (BOOL)startSpeakingString:(NSString *)string;
      | ^
../../../modules/text_renderer/nsspeechsynthesizer.m:101:43: warning: unused parameter 'p_chroma_list' [-Wunused-parameter]
  101 |                       const vlc_fourcc_t *p_chroma_list)
      |                                           ^
10 warnings generated.
  CC       video_filter/libgladjust_plugin_la-gladjust.lo
  CC       video_output/opengl/libpl_scale_plugin_la-pl_scale.lo
1 warning generated.
../../../modules/video_output/opengl/pl_scale.c:190:28: warning: passing 'int32_t[5]' (aka 'int[5]') to parameter of type 'const uint32_t *' (aka 'const unsigned int *') converts between pointers to integer types with different sign [-Wpointer-sign]
  190 |                            sampler->tex_widths, sampler->tex_heights,
      |                            ^~~~~~~~~~~~~~~~~~~
../../../modules/video_output/opengl/pl_scale.c:83:29: note: passing argument to parameter 'tex_widths' here
   83 |              const uint32_t tex_widths[], const uint32_t tex_heights[],
      |                             ^
../../../modules/video_output/opengl/pl_scale.c:190:49: warning: passing 'int32_t[5]' (aka 'int[5]') to parameter of type 'const uint32_t *' (aka 'const unsigned int *') converts between pointers to integer types with different sign [-Wpointer-sign]
  190 |                            sampler->tex_widths, sampler->tex_heights,
      |                                                 ^~~~~~~~~~~~~~~~~~~~
../../../modules/video_output/opengl/pl_scale.c:83:58: note: passing argument to parameter 'tex_heights' here
   83 |              const uint32_t tex_widths[], const uint32_t tex_heights[],
      |                                                          ^
2 warnings generated.
  CC       video_output/libplacebo/libplacebo_plugin_la-instance.lo
  CC       video_output/libplacebo/libplacebo_plugin_la-display.lo
  CC       video_output/libplacebo/libplacebo_gl_plugin_la-instance_opengl.lo
1 warning generated.
  CC       video_output/opengl/libglsampler_builtin_plugin_la-sampler.lo
  CC       video_output/opengl/libglinterop_sw_plugin_la-interop_sw.lo
  CC       video_output/opengl/libgl_plugin_la-display.lo
1 warning generated.
  CC       video_output/opengl/libgl_plugin_la-renderer.lo
  CC       video_output/opengl/libgl_plugin_la-sub_renderer.lo
  CC       video_output/opengl/libgl_plugin_la-vout_helper.lo
  CC       video_output/opengl/libglfilter_draw_plugin_la-filter_draw.lo
  CXX      stream_out/sdi/libdecklinkoutput_plugin_la-Ancillary.lo
  CXX      stream_out/sdi/libdecklinkoutput_plugin_la-DBMHelper.lo
  CXX      stream_out/sdi/libdecklinkoutput_plugin_la-SDIGenerator.lo
  CXX      stream_out/sdi/libdecklinkoutput_plugin_la-V210.lo
In file included from ../../../modules/stream_out/sdi/DBMHelper.cpp:22:
In file included from ../config.h:896:
In file included from ../../../include/vlc_fixups.h:166:
In file included from /Applications/Xcode.app/Contents/Developer/Platforms/MacOSX.platform/Developer/SDKs/MacOSX27.0.sdk/usr/include/c++/v1/stddef.h:30:
In file included from /Applications/Xcode.app/Contents/Developer/Platforms/MacOSX.platform/Developer/SDKs/MacOSX27.0.sdk/usr/include/c++/v1/__config:15:
/Applications/Xcode.app/Contents/Developer/Platforms/MacOSX.platform/Developer/SDKs/MacOSX27.0.sdk/usr/include/c++/v1/__configuration/availability.h:204:4: warning: "The selected platform is no longer supported by libc++." [-W#warnings]
  204 | #  warning "The selected platform is no longer supported by libc++."
      |    ^
In file included from ../../../modules/stream_out/sdi/Ancillary.cpp:22:
In file included from ../config.h:896:
In file included from ../../../include/vlc_fixups.h:166:
In file included from /Applications/Xcode.app/Contents/Developer/Platforms/MacOSX.platform/Developer/SDKs/MacOSX27.0.sdk/usr/include/c++/v1/stddef.h:30:
In file included from /Applications/Xcode.app/Contents/Developer/Platforms/MacOSX.platform/Developer/SDKs/MacOSX27.0.sdk/usr/include/c++/v1/__config:15:
/Applications/Xcode.app/Contents/Developer/Platforms/MacOSX.platform/Developer/SDKs/MacOSX27.0.sdk/usr/include/c++/v1/__configuration/availability.h:204:4: warning: "The selected platform is no longer supported by libc++." [-W#warnings]
  204 | #  warning "The selected platform is no longer supported by libc++."
      |    ^
In file included from ../../../modules/stream_out/sdi/SDIGenerator.cpp:22:
In file included from ../config.h:896:
In file included from ../../../include/vlc_fixups.h:166:
In file included from /Applications/Xcode.app/Contents/Developer/Platforms/MacOSX.platform/Developer/SDKs/MacOSX27.0.sdk/usr/include/c++/v1/stddef.h:30:
In file included from /Applications/Xcode.app/Contents/Developer/Platforms/MacOSX.platform/Developer/SDKs/MacOSX27.0.sdk/usr/include/c++/v1/__config:15In file included from ../../../modules/stream_out/sdi/V210.cpp:
/Applications/Xcode.app/Contents/Developer/Platforms/MacOSX.platform/Developer/SDKs/MacOSX27.0.sdk/usr/include/c++/v1/__configuration/availability.h:204:4: warning: "The selected platform is no longer supported by libc++." [-W#warnings]
:22:
In file included from ../config.h:896:
In file included from ../../../include/vlc_fixups.h  204 | #  warn:166:
In file included from /Applications/Xcode.app/Contents/Developer/Platforms/MacOSX.platform/Developer/SDKs/MacOSX27.0.sdk/usr/include/c++/v1/stddef.h:30:
In file included from /Applications/Xcode.app/Contents/Developer/Platforms/MacOSX.platform/Developer/SDKs/MacOSX27.0.sdk/usr/include/c++/v1/__config:15:
/Applications/Xcode.app/Contents/Developer/Platforms/MacOSX.platform/Developer/SDKs/MacOSX27.0.sdk/usr/include/c++/v1/__configuration/availability.h:204:4: warning: "The selected platform is no longer supported by libc++." [-W#warnings]
in  204 | #  warning "The selected platfog "The selected plrm is no longer suppatorted by libc++form is no lon."
      |    ^
ger supported by libc++."
      |    ^
1 warning generated.
1 warning generated.
1 warning generated.
  OBJC     video_output/opengl/libglinterop_cvpx_plugin_la-interop_cvpx.lo
  OBJC     video_output/libvout_macosx_plugin_la-macosx.lo
  CC       video_output/opengl/libvout_macosx_plugin_la-renderer.lo
  CC       video_output/opengl/libvout_macosx_plugin_la-sub_renderer.lo
In file included from ../../../modules/video_output/opengl/interop_cvpx.m:27:
In file included from ../../../modules/video_output/opengl/gl_util.h:31:
../../../modules/video_output/opengl/gl_common.h:377:5: warning: 'glCreateShader' is deprecated: first deprecated in macOS 10.14 - OpenGL API deprecated. (Define GL_SILENCE_DEPRECATION to silence these warnings) [-Wdeprecated-declarations]
  377 |     PFNGLCREATESHADERPROC   CreateShader;
      |     ^
../../../modules/video_output/opengl/gl_common.h:299:53: note: expanded from macro 'PFNGLCREATESHADERPROC'
  299 | #   define PFNGLCREATESHADERPROC             typeof(glCreateShader)*
      |                                                     ^
/Applications/Xcode.app/Contents/Developer/Platforms/MacOSX.platform/Developer/SDKs/MacOSX27.0.sdk/System/Library/Frameworks/OpenGL.framework/Headers/gl.h:2925:15: note: 'glCreateShader' has been explicitly marked deprecated here
 2925 | extern GLuint glCreateShader (GLenum type) OPENGL_DEPRECATED(10.0, 10.14);
      |               ^
In file included from ../../../modules/video_output/opengl/interop_cvpx.m:27:
In file included from ../../../modules/video_output/opengl/gl_util.h:31:
../../../modules/video_output/opengl/gl_common.h:378:5: warning: 'glShaderSource' is deprecated: first deprecated in macOS 10.14 - OpenGL API deprecated. (Define GL_SILENCE_DEPRECATION to silence these warnings) [-Wdeprecated-declarations]
  378 |     PFNGLSHADERSOURCEPROC   ShaderSource;
      |     ^
../../../modules/video_output/opengl/gl_common.h:300:53: note: expanded from macro 'PFNGLSHADERSOURCEPROC'
  300 | #   define PFNGLSHADERSOURCEPROC             typeof(glShaderSource)*
      |                                                     ^
/Applications/Xcode.app/Contents/Developer/Platforms/MacOSX.platform/Developer/SDKs/MacOSX27.0.sdk/System/Library/Frameworks/OpenGL.framework/Headers/gl.h:2926:13: note: 'glShaderSource' has been explicitly marked deprecated here
 2926 | extern void glShaderSource (GLuint shader, GLsizei count, const GLchar* const *string, const GLint *length) OPENGL_DEPRECATED(10.0, 10.14);
      |             ^
In file included from ../../../modules/video_output/opengl/interop_cvpx.m:27:
In file included from ../../../modules/video_output/opengl/gl_util.h:31:
../../../modules/video_output/opengl/gl_common.h:379:5: warning: 'glCompileShader' is deprecated: first deprecated in macOS 10.14 - OpenGL API deprecated. (Define GL_SILENCE_DEPRECATION to silence these warnings) [-Wdeprecated-declarations]
  379 |     PFNGLCOMPILESHADERPROC  CompileShader;
      |     ^
../../../modules/video_output/opengl/gl_common.h:301:53: note: expanded from macro 'PFNGLCOMPILESHADERPROC'
  301 | #   define PFNGLCOMPILESHADERPROC            typeof(glCompileShader)*
      |                                                     ^
/Applications/Xcode.app/Contents/Developer/Platforms/MacOSX.platform/Developer/SDKs/MacOSX27.0.sdk/System/Library/Frameworks/OpenGL.framework/Headers/gl.h:2927:13: note: 'glCompileShader' has been explicitly marked deprecated here
 2927 | extern void glCompileShader (GLuint shader) OPENGL_DEPRECATED(10.0, 10.14);
      |             ^
In file included from ../../../modules/video_output/opengl/interop_cvpx.m:27:
In file included from ../../../modules/video_output/opengl/gl_util.h:31:
../../../modules/video_output/opengl/gl_common.h:380:5: warning: 'glAttachShader' is deprecated: first deprecated in macOS 10.14 - OpenGL API deprecated. (Define GL_SILENCE_DEPRECATION to silence these warnings) [-Wdeprecated-declarations]
  380 |     PFNGLATTACHSHADERPROC   AttachShader;
      |     ^
../../../modules/video_output/opengl/gl_common.h:307:53: note: expanded from macro 'PFNGLATTACHSHADERPROC'
  307 | #   define PFNGLATTACHSHADERPROC             typeof(glAttachShader)*
      |                                                     ^
/Applications/Xcode.app/Contents/Developer/Platforms/MacOSX.platform/Developer/SDKs/MacOSX27.0.sdk/System/Library/Frameworks/OpenGL.framework/Headers/gl.h:2929:13: note: 'glAttachShader' has been explicitly marked deprecated here
 2929 | extern void glAttachShader (GLuint program, GLuint shader) OPENGL_DEPRECATED(10.0, 10.14);
      |             ^
In file included from ../../../modules/video_output/opengl/interop_cvpx.m:27:
In file included from ../../../modules/video_output/opengl/gl_util.h:31:
../../../modules/video_output/opengl/gl_common.h:381:5: warning: 'glDeleteShader' is deprecated: first deprecated in macOS 10.14 - OpenGL API deprecated. (Define GL_SILENCE_DEPRECATION to silence these warnings) [-Wdeprecated-declarations]
  381 |     PFNGLDELETESHADERPROC   DeleteShader;
      |     ^
../../../modules/video_output/opengl/gl_common.h:302:53: note: expanded from macro 'PFNGLDELETESHADERPROC'
  302 | #   define PFNGLDELETESHADERPROC             typeof(glDeleteShader)*
      |                                                     ^
/Applications/Xcode.app/Contents/Developer/Platforms/MacOSX.platform/Developer/SDKs/MacOSX27.0.sdk/System/Library/Frameworks/OpenGL.framework/Headers/gl.h:2923:13: note: 'glDeleteShader' has been explicitly marked deprecated here
 2923 | extern void glDeleteShader (GLuint shader) OPENGL_DEPRECATED(10.0, 10.14);
      |             ^
In file included from ../../../modules/video_output/opengl/interop_cvpx.m:27:
In file included from ../../../modules/video_output/opengl/gl_util.h:31:
../../../modules/video_output/opengl/gl_common.h:384:5: warning: 'glGetProgramiv' is deprecated: first deprecated in macOS 10.14 - OpenGL API deprecated. (Define GL_SILENCE_DEPRECATION to silence these warnings) [-Wdeprecated-declarations]
  384 |     PFNGLGETPROGRAMIVPROC       GetProgramiv;
      |     ^
../../../modules/video_output/opengl/gl_common.h:277:53: note: expanded from macro 'PFNGLGETPROGRAMIVPROC'
  277 | #   define PFNGLGETPROGRAMIVPROC             typeof(glGetProgramiv)*
      |                                                     ^
/Applications/Xcode.app/Contents/Developer/Platforms/MacOSX.platform/Developer/SDKs/MacOSX27.0.sdk/System/Library/Frameworks/OpenGL.framework/Headers/gl.h:2956:13: note: 'glGetProgramiv' has been explicitly marked deprecated here
 2956 | extern void glGetProgramiv (GLuint program, GLenum pname, GLint *params) OPENGL_DEPRECATED(10.0, 10.14);
      |             ^
In file included from ../../../modules/video_output/opengl/interop_cvpx.m:27:
In file included from ../../../modules/video_output/opengl/gl_util.h:31:
../../../modules/video_output/opengl/gl_common.h:385:5: warning: 'glGetShaderiv' is deprecated: first deprecated in macOS 10.14 - OpenGL API deprecated. (Define GL_SILENCE_DEPRECATION to silence these warnings) [-Wdeprecated-declarations]
  385 |     PFNGLGETSHADERIVPROC        GetShaderiv;
      |     ^
../../../modules/video_output/opengl/gl_common.h:281:53: note: expanded from macro 'PFNGLGETSHADERIVPROC'
  281 | #   define PFNGLGETSHADERIVPROC              typeof(glGetShaderiv)*
      |                                                     ^
/Applications/Xcode.app/Contents/Developer/Platforms/MacOSX.platform/Developer/SDKs/MacOSX27.0.sdk/System/Library/Frameworks/OpenGL.framework/Headers/gl.h:2955:13: note: 'glGetShaderiv' has been explicitly marked deprecated here
 2955 | extern void glGetShaderiv (GLuint shader, GLenum pname, GLint *params) OPENGL_DEPRECATED(10.0, 10.14);
      |             ^
In file included from ../../../modules/video_output/opengl/interop_cvpx.m:27:
In file included from ../../../modules/video_output/opengl/gl_util.h:31:
../../../modules/video_output/opengl/gl_common.h:386:5: warning: 'glGetProgramInfoLog' is deprecated: first deprecated in macOS 10.14 - OpenGL API deprecated. (Define GL_SILENCE_DEPRECATION to silence these warnings) [-Wdeprecated-declarations]
  386 |     PFNGLGETPROGRAMINFOLOGPROC  GetProgramInfoLog;
      |     ^
../../../modules/video_output/opengl/gl_common.h:278:53: note: expanded from macro 'PFNGLGETPROGRAMINFOLOGPROC'
  278 | #   define PFNGLGETPROGRAMINFOLOGPROC        typeof(glGetProgramInfoLog)*
      |                                                     ^
/Applications/Xcode.app/Contents/Developer/Platforms/MacOSX.platform/Developer/SDKs/MacOSX27.0.sdk/System/Library/Frameworks/OpenGL.framework/Headers/gl.h:2959:13: note: 'glGetProgramInfoLog' has been explicitly marked deprecated here
 2959 | extern void glGetProgramInfoLog (GLuint program, GLsizei bufSize, GLsizei *length, GLchar *infoLog) OPENGL_DEPRECATED(10.0, 10.14);
      |             ^
In file included from ../../../modules/video_output/opengl/interop_cvpx.m:27:
In file included from ../../../modules/video_output/opengl/gl_util.h:31:
../../../modules/video_output/opengl/gl_common.h:387:5: warning: 'glGetShaderInfoLog' is deprecated: first deprecated in macOS 10.14 - OpenGL API deprecated. (Define GL_SILENCE_DEPRECATION to silence these warnings) [-Wdeprecated-declarations]
  387 |     PFNGLGETSHADERINFOLOGPROC   GetShaderInfoLog;
      |     ^
../../../modules/video_output/opengl/gl_common.h:282:53: note: expanded from macro 'PFNGLGETSHADERINFOLOGPROC'
  282 | #   define PFNGLGETSHADERINFOLOGPROC         typeof(glGetShaderInfoLog)*
      |                                                     ^
/Applications/Xcode.app/Contents/Developer/Platforms/MacOSX.platform/Developer/SDKs/MacOSX27.0.sdk/System/Library/Frameworks/OpenGL.framework/Headers/gl.h:2958:13: note: 'glGetShaderInfoLog' has been explicitly marked deprecated here
 2958 | extern void glGetShaderInfoLog (GLuint shader, GLsizei bufSize, GLsizei *length, GLchar *infoLog) OPENGL_DEPRECATED(10.0, 10.14);
      |             ^
In file included from ../../../modules/video_output/opengl/interop_cvpx.m:27:
In file included from ../../../modules/video_output/opengl/gl_util.h:31:
../../../modules/video_output/opengl/gl_common.h:388:5: warning: 'glGetShaderSource' is deprecated: first deprecated in macOS 10.14 - OpenGL API deprecated. (Define GL_SILENCE_DEPRECATION to silence these warnings) [-Wdeprecated-declarations]
  388 |     PFNGLGETSHADERSOURCEPROC    GetShaderSource;
      |     ^
../../../modules/video_output/opengl/gl_common.h:280:53: note: expanded from macro 'PFNGLGETSHADERSOURCEPROC'
  280 | #   define PFNGLGETSHADERSOURCEPROC          typeof(glGetShaderSource)*
      |                                                     ^
/Applications/Xcode.app/Contents/Developer/Platforms/MacOSX.platform/Developer/SDKs/MacOSX27.0.sdk/System/Library/Frameworks/OpenGL.framework/Headers/gl.h:2964:13: note: 'glGetShaderSource' has been explicitly marked deprecated here
 2964 | extern void glGetShaderSource (GLuint shader, GLsizei bufSize, GLsizei *length, GLchar *source) OPENGL_DEPRECATED(10.0, 10.14);
      |             ^
In file included from ../../../modules/video_output/opengl/interop_cvpx.m:27:
In file included from ../../../modules/video_output/opengl/gl_util.h:31:
../../../modules/video_output/opengl/gl_common.h:391:5: warning: 'glGetUniformLocation' is deprecated: first deprecated in macOS 10.14 - OpenGL API deprecated. (Define GL_SILENCE_DEPRECATION to silence these warnings) [-Wdeprecated-declarations]
  391 |     PFNGLGETUNIFORMLOCATIONPROC      GetUniformLocation;
      |     ^
../../../modules/video_output/opengl/gl_common.h:283:53: note: expanded from macro 'PFNGLGETUNIFORMLOCATIONPROC'
  283 | #   define PFNGLGETUNIFORMLOCATIONPROC       typeof(glGetUniformLocation)*
      |                                                     ^
/Applications/Xcode.app/Contents/Developer/Platforms/MacOSX.platform/Developer/SDKs/MacOSX27.0.sdk/System/Library/Frameworks/OpenGL.framework/Headers/gl.h:2960:14: note: 'glGetUniformLocation' has been explicitly marked deprecated here
 2960 | extern GLint glGetUniformLocation (GLuint program, const GLchar *name) OPENGL_DEPRECATED(10.0, 10.14);
      |              ^
In file included from ../../../modules/video_output/opengl/interop_cvpx.m:27:
In file included from ../../../modules/video_output/opengl/gl_util.h:31:
../../../modules/video_output/opengl/gl_common.h:392:5: warning: 'glGetAttribLocation' is deprecated: first deprecated in macOS 10.14 - OpenGL API deprecated. (Define GL_SILENCE_DEPRECATION to silence these warnings) [-Wdeprecated-declarations]
  392 |     PFNGLGETATTRIBLOCATIONPROC       GetAttribLocation;
      |     ^
../../../modules/video_output/opengl/gl_common.h:284:53: note: expanded from macro 'PFNGLGETATTRIBLOCATIONPROC'
  284 | #   define PFNGLGETATTRIBLOCATIONPROC        typeof(glGetAttribLocation)*
      |                                                     ^
/Applications/Xcode.app/Contents/Developer/Platforms/MacOSX.platform/Developer/SDKs/MacOSX27.0.sdk/System/Library/Frameworks/OpenGL.framework/Headers/gl.h:2967:14: note: 'glGetAttribLocation' has been explicitly marked deprecated here
 2967 | extern GLint glGetAttribLocation (GLuint program, const GLchar *name) OPENGL_DEPRECATED(10.0, 10.14);
      |              ^
In file included from ../../../modules/video_output/opengl/interop_cvpx.m:27:
In file included from ../../../modules/video_output/opengl/gl_util.h:31:
../../../modules/video_output/opengl/gl_common.h:393:5: warning: 'glVertexAttribPointer' is deprecated: first deprecated in macOS 10.14 - OpenGL API deprecated. (Define GL_SILENCE_DEPRECATION to silence these warnings) [-Wdeprecated-declarations]
  393 |     PFNGLVERTEXATTRIBPOINTERPROC     VertexAttribPointer;
      |     ^
../../../modules/video_output/opengl/gl_common.h:285:53: note: expanded from macro 'PFNGLVERTEXATTRIBPOINTERPROC'
  285 | #   define PFNGLVERTEXATTRIBPOINTERPROC      typeof(glVertexAttribPointer)*
      |                                                     ^
/Applications/Xcode.app/Contents/Developer/Platforms/MacOSX.platform/Developer/SDKs/MacOSX27.0.sdk/System/Library/Frameworks/OpenGL.framework/Headers/gl.h:2916:13: note: 'glVertexAttribPointer' has been explicitly marked deprecated here
 2916 | extern void glVertexAttribPointer (GLuint index, GLint size, GLenum type, GLboolean normalized, GLsizei stride, const GLvoid *pointer) OPENGL_DEPRECATED(10.0, 10.14);
      |             ^
In file included from ../../../modules/video_output/opengl/interop_cvpx.m:27:
In file included from ../../../modules/video_output/opengl/gl_util.h:31:
../../../modules/video_output/opengl/gl_common.h:394:5: warning: 'glEnableVertexAttribArray' is deprecated: first deprecated in macOS 10.14 - OpenGL API deprecated. (Define GL_SILENCE_DEPRECATION to silence these warnings) [-Wdeprecated-declarations]
  394 |     PFNGLENABLEVERTEXATTRIBARRAYPROC EnableVertexAttribArray;
      |     ^
../../../modules/video_output/opengl/gl_common.h:286:53: note: expanded from macro 'PFNGLENABLEVERTEXATTRIBARRAYPROC'
  286 | #   define PFNGLENABLEVERTEXATTRIBARRAYPROC  typeof(glEnableVertexAttribArray)*
      |                                                     ^
/Applications/Xcode.app/Contents/Developer/Platforms/MacOSX.platform/Developer/SDKs/MacOSX27.0.sdk/System/Library/Frameworks/OpenGL.framework/Headers/gl.h:2917:13: note: 'glEnableVertexAttribArray' has been explicitly marked deprecated here
 2917 | extern void glEnableVertexAttribArray (GLuint index) OPENGL_DEPRECATED(10.0, 10.14);
      |             ^
In file included from ../../../modules/video_output/opengl/interop_cvpx.m:27:
In file included from ../../../modules/video_output/opengl/gl_util.h:31:
../../../modules/video_output/opengl/gl_common.h:395:5: warning: 'glUniformMatrix4fv' is deprecated: first deprecated in macOS 10.14 - OpenGL API deprecated. (Define GL_SILENCE_DEPRECATION to silence these warnings) [-Wdeprecated-declarations]
  395 |     PFNGLUNIFORMMATRIX4FVPROC        UniformMatrix4fv;
      |     ^
../../../modules/video_output/opengl/gl_common.h:287:53: note: expanded from macro 'PFNGLUNIFORMMATRIX4FVPROC'
  287 | #   define PFNGLUNIFORMMATRIX4FVPROC         typeof(glUniformMatrix4fv)*
      |                                                     ^
/Applications/Xcode.app/Contents/Developer/Platforms/MacOSX.platform/Developer/SDKs/MacOSX27.0.sdk/System/Library/Frameworks/OpenGL.framework/Headers/gl.h:2952:13: note: 'glUniformMatrix4fv' has been explicitly marked deprecated here
 2952 | extern void glUniformMatrix4fv (GLint location, GLsizei count, GLboolean transpose, const GLfloat *value) OPENGL_DEPRECATED(10.0, 10.14);
      |             ^
In file included from ../../../modules/video_output/opengl/interop_cvpx.m:27:
In file included from ../../../modules/video_output/opengl/gl_util.h:31:
../../../modules/video_output/opengl/gl_common.h:396:5: warning: 'glUniformMatrix3fv' is deprecated: first deprecated in macOS 10.14 - OpenGL API deprecated. (Define GL_SILENCE_DEPRECATION to silence these warnings) [-Wdeprecated-declarations]
  396 |     PFNGLUNIFORMMATRIX3FVPROC        UniformMatrix3fv;
      |     ^
../../../modules/video_output/opengl/gl_common.h:288:53: note: expanded from macro 'PFNGLUNIFORMMATRIX3FVPROC'
  288 | #   define PFNGLUNIFORMMATRIX3FVPROC         typeof(glUniformMatrix3fv)*
      |                                                     ^
/Applications/Xcode.app/Contents/Developer/Platforms/MacOSX.platform/Developer/SDKs/MacOSX27.0.sdk/System/Library/Frameworks/OpenGL.framework/Headers/gl.h:2951:13: note: 'glUniformMatrix3fv' has been explicitly marked deprecated here
 2951 | extern void glUniformMatrix3fv (GLint location, GLsizei count, GLboolean transpose, const GLfloat *value) OPENGL_DEPRECATED(10.0, 10.14);
      |             ^
In file included from ../../../modules/video_output/opengl/interop_cvpx.m:27:
In file included from ../../../modules/video_output/opengl/gl_util.h:31:
../../../modules/video_output/opengl/gl_common.h:397:5: warning: 'glUniformMatrix2fv' is deprecated: first deprecated in macOS 10.14 - OpenGL API deprecated. (Define GL_SILENCE_DEPRECATION to silence these warnings) [-Wdeprecated-declarations]
  397 |     PFNGLUNIFORMMATRIX2FVPROC        UniformMatrix2fv;
      |     ^
../../../modules/video_output/opengl/gl_common.h:289:53: note: expanded from macro 'PFNGLUNIFORMMATRIX2FVPROC'
  289 | #   define PFNGLUNIFORMMATRIX2FVPROC         typeof(glUniformMatrix2fv)*
      |                                                     ^
/Applications/Xcode.app/Contents/Developer/Platforms/MacOSX.platform/Developer/SDKs/MacOSX27.0.sdk/System/Library/Frameworks/OpenGL.framework/Headers/gl.h:2950:13: note: 'glUniformMatrix2fv' has been explicitly marked deprecated here
 2950 | extern void glUniformMatrix2fv (GLint location, GLsizei count, GLboolean transpose, const GLfloat *value) OPENGL_DEPRECATED(10.0, 10.14);
      |             ^
In file included from ../../../modules/video_output/opengl/interop_cvpx.m:27:
In file included from ../../../modules/video_output/opengl/gl_util.h:31:
../../../modules/video_output/opengl/gl_common.h:398:5: warning: 'glUniform4fv' is deprecated: first deprecated in macOS 10.14 - OpenGL API deprecated. (Define GL_SILENCE_DEPRECATION to silence these warnings) [-Wdeprecated-declarations]
  398 |     PFNGLUNIFORM4FVPROC              Uniform4fv;
      |     ^
../../../modules/video_output/opengl/gl_common.h:290:53: note: expanded from macro 'PFNGLUNIFORM4FVPROC'
  290 | #   define PFNGLUNIFORM4FVPROC               typeof(glUniform4fv)*
      |                                                     ^
/Applications/Xcode.app/Contents/Developer/Platforms/MacOSX.platform/Developer/SDKs/MacOSX27.0.sdk/System/Library/Frameworks/OpenGL.framework/Headers/gl.h:2945:13: note: 'glUniform4fv' has been explicitly marked deprecated here
 2945 | extern void glUniform4fv (GLint location, GLsizei count, const GLfloat *value) OPENGL_DEPRECATED(10.0, 10.14);
      |             ^
In file included from ../../../modules/video_output/opengl/interop_cvpx.m:27:
In file included from ../../../modules/video_output/opengl/gl_util.h:31:
../../../modules/video_output/opengl/gl_common.h:399:5: warning: 'glUniform3fv' is deprecated: first deprecated in macOS 10.14 - OpenGL API deprecated. (Define GL_SILENCE_DEPRECATION to silence these warnings) [-Wdeprecated-declarations]
  399 |     PFNGLUNIFORM3FVPROC              Uniform3fv;
      |     ^
../../../modules/video_output/opengl/gl_common.h:291:53: note: expanded from macro 'PFNGLUNIFORM3FVPROC'
  291 | #   define PFNGLUNIFORM3FVPROC               typeof(glUniform3fv)*
      |                                                     ^
/Applications/Xcode.app/Contents/Developer/Platforms/MacOSX.platform/Developer/SDKs/MacOSX27.0.sdk/System/Library/Frameworks/OpenGL.framework/Headers/gl.h:2944:13: note: 'glUniform3fv' has been explicitly marked deprecated here
 2944 | extern void glUniform3fv (GLint location, GLsizei count, const GLfloat *value) OPENGL_DEPRECATED(10.0, 10.14);
      |             ^
In file included from ../../../modules/video_output/opengl/interop_cvpx.m:27:
In file included from ../../../modules/video_output/opengl/gl_util.h:31:
../../../modules/video_output/opengl/gl_common.h:400:5: warning: 'glUniform2fv' is deprecated: first deprecated in macOS 10.14 - OpenGL API deprecated. (Define GL_SILENCE_DEPRECATION to silence these warnings) [-Wdeprecated-declarations]
  400 |     PFNGLUNIFORM2FVPROC              Uniform2fv;
      |     ^
../../../modules/video_output/opengl/gl_common.h:292:53: note: expanded from macro 'PFNGLUNIFORM2FVPROC'
  292 | #   define PFNGLUNIFORM2FVPROC               typeof(glUniform2fv)*
      |                                                     ^
/Applications/Xcode.app/Contents/Developer/Platforms/MacOSX.platform/Developer/SDKs/MacOSX27.0.sdk/System/Library/Frameworks/OpenGL.framework/Headers/gl.h:2943:13: note: 'glUniform2fv' has been explicitly marked deprecated here
 2943 | extern void glUniform2fv (GLint location, GLsizei count, const GLfloat *value) OPENGL_DEPRECATED(10.0, 10.14);
      |             ^
In file included from ../../../modules/video_output/opengl/interop_cvpx.m:27:
In file included from ../../../modules/video_output/opengl/gl_util.h:31:
../../../modules/video_output/opengl/gl_common.h:401:5: warning: 'glUniform1fv' is deprecated: first deprecated in macOS 10.14 - OpenGL API deprecated. (Define GL_SILENCE_DEPRECATION to silence these warnings) [-Wdeprecated-declarations]
  401 |     PFNGLUNIFORM1FVPROC              Uniform1fv;
      |     ^
../../../modules/video_output/opengl/gl_common.h:293:53: note: expanded from macro 'PFNGLUNIFORM1FVPROC'
  293 | #   define PFNGLUNIFORM1FVPROC               typeof(glUniform1fv)*
      |                                                     ^
/Applications/Xcode.app/Contents/Developer/Platforms/MacOSX.platform/Developer/SDKs/MacOSX27.0.sdk/System/Library/Frameworks/OpenGL.framework/Headers/gl.h:2942:13: note: 'glUniform1fv' has been explicitly marked deprecated here
 2942 | extern void glUniform1fv (GLint location, GLsizei count, const GLfloat *value) OPENGL_DEPRECATED(10.0, 10.14);
      |             ^
In file included from ../../../modules/video_output/opengl/interop_cvpx.m:27:
In file included from ../../../modules/video_output/opengl/gl_util.h:31:
../../../modules/video_output/opengl/gl_common.h:402:5: warning: 'glUniform4f' is deprecated: first deprecated in macOS 10.14 - OpenGL API deprecated. (Define GL_SILENCE_DEPRECATION to silence these warnings) [-Wdeprecated-declarations]
  402 |     PFNGLUNIFORM4FPROC               Uniform4f;
      |     ^
../../../modules/video_output/opengl/gl_common.h:294:53: note: expanded from macro 'PFNGLUNIFORM4FPROC'
  294 | #   define PFNGLUNIFORM4FPROC                typeof(glUniform4f)*
      |                                                     ^
/Applications/Xcode.app/Contents/Developer/Platforms/MacOSX.platform/Developer/SDKs/MacOSX27.0.sdk/System/Library/Frameworks/OpenGL.framework/Headers/gl.h:2937:13: note: 'glUniform4f' has been explicitly marked deprecated here
 2937 | extern void glUniform4f (GLint location, GLfloat v0, GLfloat v1, GLfloat v2, GLfloat v3) OPENGL_DEPRECATED(10.0, 10.14);
      |             ^
In file included from ../../../modules/video_output/opengl/interop_cvpx.m:27:
In file included from ../../../modules/video_output/opengl/gl_util.h:31:
../../../modules/video_output/opengl/gl_common.h:403:5: warning: 'glUniform3f' is deprecated: first deprecated in macOS 10.14 - OpenGL API deprecated. (Define GL_SILENCE_DEPRECATION to silence these warnings) [-Wdeprecated-declarations]
  403 |     PFNGLUNIFORM3FPROC               Uniform3f;
      |     ^
../../../modules/video_output/opengl/gl_common.h:295:53: note: expanded from macro 'PFNGLUNIFORM3FPROC'
  295 | #   define PFNGLUNIFORM3FPROC                typeof(glUniform3f)*
      |                                                     ^
/Applications/Xcode.app/Contents/Developer/Platforms/MacOSX.platform/Developer/SDKs/MacOSX27.0.sdk/System/Library/Frameworks/OpenGL.framework/Headers/gl.h:2936:13: note: 'glUniform3f' has been explicitly marked deprecated here
 2936 | extern void glUniform3f (GLint location, GLfloat v0, GLfloat v1, GLfloat v2) OPENGL_DEPRECATED(10.0, 10.14);
      |             ^
In file included from ../../../modules/video_output/opengl/interop_cvpx.m:27:
In file included from ../../../modules/video_output/opengl/gl_util.h:31:
../../../modules/video_output/opengl/gl_common.h:404:5: warning: 'glUniform2f' is deprecated: first deprecated in macOS 10.14 - OpenGL API deprecated. (Define GL_SILENCE_DEPRECATION to silence these warnings) [-Wdeprecated-declarations]
  404 |     PFNGLUNIFORM2FPROC               Uniform2f;
      |     ^
../../../modules/video_output/opengl/gl_common.h:296:53: note: expanded from macro 'PFNGLUNIFORM2FPROC'
  296 | #   define PFNGLUNIFORM2FPROC                typeof(glUniform2f)*
      |                                                     ^
/Applications/Xcode.app/Contents/Developer/Platforms/MacOSX.platform/Developer/SDKs/MacOSX27.0.sdk/System/Library/Frameworks/OpenGL.framework/Headers/gl.h:2935:13: note: 'glUniform2f' has been explicitly marked deprecated here
 2935 | extern void glUniform2f (GLint location, GLfloat v0, GLfloat v1) OPENGL_DEPRECATED(10.0, 10.14);
      |             ^
In file included from ../../../modules/video_output/opengl/interop_cvpx.m:27:
In file included from ../../../modules/video_output/opengl/gl_util.h:31:
../../../modules/video_output/opengl/gl_common.h:405:5: warning: 'glUniform1f' is deprecated: first deprecated in macOS 10.14 - OpenGL API deprecated. (Define GL_SILENCE_DEPRECATION to silence these warnings) [-Wdeprecated-declarations]
  405 |     PFNGLUNIFORM1FPROC               Uniform1f;
      |     ^
../../../modules/video_output/opengl/gl_common.h:297:53: note: expanded from macro 'PFNGLUNIFORM1FPROC'
  297 | #   define PFNGLUNIFORM1FPROC                typeof(glUniform1f)*
      |                                                     ^
/Applications/Xcode.app/Contents/Developer/Platforms/MacOSX.platform/Developer/SDKs/MacOSX27.0.sdk/System/Library/Frameworks/OpenGL.framework/Headers/gl.h:2934:13: note: 'glUniform1f' has been explicitly marked deprecated here
 2934 | extern void glUniform1f (GLint location, GLfloat v0) OPENGL_DEPRECATED(10.0, 10.14);
      |             ^
In file included from ../../../modules/video_output/opengl/interop_cvpx.m:27:
In file included from ../../../modules/video_output/opengl/gl_util.h:31:
../../../modules/video_output/opengl/gl_common.h:406:5: warning: 'glUniform1i' is deprecated: first deprecated in macOS 10.14 - OpenGL API deprecated. (Define GL_SILENCE_DEPRECATION to silence these warnings) [-Wdeprecated-declarations]
  406 |     PFNGLUNIFORM1IPROC               Uniform1i;
      |     ^
../../../modules/video_output/opengl/gl_common.h:298:53: note: expanded from macro 'PFNGLUNIFORM1IPROC'
  298 | #   define PFNGLUNIFORM1IPROC                typeof(glUniform1i)*
      |                                                     ^
/Applications/Xcode.app/Contents/Developer/Platforms/MacOSX.platform/Developer/SDKs/MacOSX27.0.sdk/System/Library/Frameworks/OpenGL.framework/Headers/gl.h:2938:13: note: 'glUniform1i' has been explicitly marked deprecated here
 2938 | extern void glUniform1i (GLint location, GLint v0) OPENGL_DEPRECATED(10.0, 10.14);
      |             ^
In file included from ../../../modules/video_output/opengl/interop_cvpx.m:27:
In file included from ../../../modules/video_output/opengl/gl_util.h:31:
../../../modules/video_output/opengl/gl_common.h:409:5: warning: 'glCreateProgram' is deprecated: first deprecated in macOS 10.14 - OpenGL API deprecated. (Define GL_SILENCE_DEPRECATION to silence these warnings) [-Wdeprecated-declarations]
  409 |     PFNGLCREATEPROGRAMPROC CreateProgram;
      |     ^
../../../modules/video_output/opengl/gl_common.h:303:53: note: expanded from macro 'PFNGLCREATEPROGRAMPROC'
  303 | #   define PFNGLCREATEPROGRAMPROC            typeof(glCreateProgram)*
      |                                                     ^
/Applications/Xcode.app/Contents/Developer/Platforms/MacOSX.platform/Developer/SDKs/MacOSX27.0.sdk/System/Library/Frameworks/OpenGL.framework/Headers/gl.h:2928:15: note: 'glCreateProgram' has been explicitly marked deprecated here
 2928 | extern GLuint glCreateProgram (void) OPENGL_DEPRECATED(10.0, 10.14);
      |               ^
In file included from ../../../modules/video_output/opengl/interop_cvpx.m:27:
In file included from ../../../modules/video_output/opengl/gl_util.h:31:
../../../modules/video_output/opengl/gl_common.h:410:5: warning: 'glLinkProgram' is deprecated: first deprecated in macOS 10.14 - OpenGL API deprecated. (Define GL_SILENCE_DEPRECATION to silence these warnings) [-Wdeprecated-declarations]
  410 |     PFNGLLINKPROGRAMPROC   LinkProgram;
      |     ^
../../../modules/video_output/opengl/gl_common.h:304:53: note: expanded from macro 'PFNGLLINKPROGRAMPROC'
  304 | #   define PFNGLLINKPROGRAMPROC              typeof(glLinkProgram)*
      |                                                     ^
/Applications/Xcode.app/Contents/Developer/Platforms/MacOSX.platform/Developer/SDKs/MacOSX27.0.sdk/System/Library/Frameworks/OpenGL.framework/Headers/gl.h:2930:13: note: 'glLinkProgram' has been explicitly marked deprecated here
 2930 | extern void glLinkProgram (GLuint program) OPENGL_DEPRECATED(10.0, 10.14);
      |             ^
In file included from ../../../modules/video_output/opengl/interop_cvpx.m:27:
In file included from ../../../modules/video_output/opengl/gl_util.h:31:
../../../modules/video_output/opengl/gl_common.h:411:5: warning: 'glUseProgram' is deprecated: first deprecated in macOS 10.14 - OpenGL API deprecated. (Define GL_SILENCE_DEPRECATION to silence these warnings) [-Wdeprecated-declarations]
  411 |     PFNGLUSEPROGRAMPROC    UseProgram;
      |     ^
../../../modules/video_output/opengl/gl_common.h:305:53: note: expanded from macro 'PFNGLUSEPROGRAMPROC'
  305 | #   define PFNGLUSEPROGRAMPROC               typeof(glUseProgram)*
      |                                                     ^
/Applications/Xcode.app/Contents/Developer/Platforms/MacOSX.platform/Developer/SDKs/MacOSX27.0.sdk/System/Library/Frameworks/OpenGL.framework/Headers/gl.h:2931:13: note: 'glUseProgram' has been explicitly marked deprecated here
 2931 | extern void glUseProgram (GLuint program) OPENGL_DEPRECATED(10.0, 10.14);
      |             ^
In file included from ../../../modules/video_output/opengl/interop_cvpx.m:27:
In file included from ../../../modules/video_output/opengl/gl_util.h:31:
../../../modules/video_output/opengl/gl_common.h:412:5: warning: 'glDeleteProgram' is deprecated: first deprecated in macOS 10.14 - OpenGL API deprecated. (Define GL_SILENCE_DEPRECATION to silence these warnings) [-Wdeprecated-declarations]
  412 |     PFNGLDELETEPROGRAMPROC DeleteProgram;
      |     ^
../../../modules/video_output/opengl/gl_common.h:306:53: note: expanded from macro 'PFNGLDELETEPROGRAMPROC'
  306 | #   define PFNGLDELETEPROGRAMPROC            typeof(glDeleteProgram)*
      |                                                     ^
/Applications/Xcode.app/Contents/Developer/Platforms/MacOSX.platform/Developer/SDKs/MacOSX27.0.sdk/System/Library/Frameworks/OpenGL.framework/Headers/gl.h:2932:13: note: 'glDeleteProgram' has been explicitly marked deprecated here
 2932 | extern void glDeleteProgram (GLuint program) OPENGL_DEPRECATED(10.0, 10.14);
      |             ^
In file included from ../../../modules/video_output/opengl/interop_cvpx.m:27:
In file included from ../../../modules/video_output/opengl/gl_util.h:31:
../../../modules/video_output/opengl/gl_common.h:413:5: warning: 'glGetAttachedShaders' is deprecated: first deprecated in macOS 10.14 - OpenGL API deprecated. (Define GL_SILENCE_DEPRECATION to silence these warnings) [-Wdeprecated-declarations]
  413 |     PFNGLGETATTACHEDSHADERPROC GetAttachedShaders;
      |     ^
../../../modules/video_output/opengl/gl_common.h:279:53: note: expanded from macro 'PFNGLGETATTACHEDSHADERPROC'
  279 | #   define PFNGLGETATTACHEDSHADERPROC        typeof(glGetAttachedShaders)*
      |                                                     ^
/Applications/Xcode.app/Contents/Developer/Platforms/MacOSX.platform/Developer/SDKs/MacOSX27.0.sdk/System/Library/Frameworks/OpenGL.framework/Headers/gl.h:2957:13: note: 'glGetAttachedShaders' has been explicitly marked deprecated here
 2957 | extern void glGetAttachedShaders (GLuint program, GLsizei maxCount, GLsizei *count, GLuint *shaders) OPENGL_DEPRECATED(10.0, 10.14);
      |             ^
In file included from ../../../modules/video_output/opengl/interop_cvpx.m:27:
In file included from ../../../modules/video_output/opengl/gl_util.h:31:
../../../modules/video_output/opengl/gl_common.h:419:5: warning: 'glGenBuffers' is deprecated: first deprecated in macOS 10.14 - OpenGL API deprecated. (Define GL_SILENCE_DEPRECATION to silence these warnings) [-Wdeprecated-declarations]
  419 |     PFNGLGENBUFFERSPROC    GenBuffers;
      |     ^
../../../modules/video_output/opengl/gl_common.h:308:53: note: expanded from macro 'PFNGLGENBUFFERSPROC'
  308 | #   define PFNGLGENBUFFERSPROC               typeof(glGenBuffers)*
      |                                                     ^
/Applications/Xcode.app/Contents/Developer/Platforms/MacOSX.platform/Developer/SDKs/MacOSX27.0.sdk/System/Library/Frameworks/OpenGL.framework/Headers/gl.h:2869:13: note: 'glGenBuffers' has been explicitly marked deprecated here
 2869 | extern void glGenBuffers (GLsizei n, GLuint *buffers) OPENGL_DEPRECATED(10.0, 10.14);
      |             ^
In file included from ../../../modules/video_output/opengl/interop_cvpx.m:27:
In file included from ../../../modules/video_output/opengl/gl_util.h:31:
../../../modules/video_output/opengl/gl_common.h:420:5: warning: 'glBindBuffer' is deprecated: first deprecated in macOS 10.14 - OpenGL API deprecated. (Define GL_SILENCE_DEPRECATION to silence these warnings) [-Wdeprecated-declarations]
  420 |     PFNGLBINDBUFFERPROC    BindBuffer;
      |     ^
../../../modules/video_output/opengl/gl_common.h:309:53: note: expanded from macro 'PFNGLBINDBUFFERPROC'
  309 | #   define PFNGLBINDBUFFERPROC               typeof(glBindBuffer)*
      |                                                     ^
/Applications/Xcode.app/Contents/Developer/Platforms/MacOSX.platform/Developer/SDKs/MacOSX27.0.sdk/System/Library/Frameworks/OpenGL.framework/Headers/gl.h:2867:13: note: 'glBindBuffer' has been explicitly marked deprecated here
 2867 | extern void glBindBuffer (GLenum target, GLuint buffer) OPENGL_DEPRECATED(10.0, 10.14);
      |             ^
In file included from ../../../modules/video_output/opengl/interop_cvpx.m:27:
In file included from ../../../modules/video_output/opengl/gl_util.h:31:
../../../modules/video_output/opengl/gl_common.h:421:5: warning: 'glBufferData' is deprecated: first deprecated in macOS 10.14 - OpenGL API deprecated. (Define GL_SILENCE_DEPRECATION to silence these warnings) [-Wdeprecated-declarations]
  421 |     PFNGLBUFFERDATAPROC    BufferData;
      |     ^
../../../modules/video_output/opengl/gl_common.h:310:53: note: expanded from macro 'PFNGLBUFFERDATAPROC'
  310 | #   define PFNGLBUFFERDATAPROC               typeof(glBufferData)*
      |                                                     ^
/Applications/Xcode.app/Contents/Developer/Platforms/MacOSX.platform/Developer/SDKs/MacOSX27.0.sdk/System/Library/Frameworks/OpenGL.framework/Headers/gl.h:2871:13: note: 'glBufferData' has been explicitly marked deprecated here
 2871 | extern void glBufferData (GLenum target, GLsizeiptr size, const GLvoid *data, GLenum usage) OPENGL_DEPRECATED(10.0, 10.14);
      |             ^
In file included from ../../../modules/video_output/opengl/interop_cvpx.m:27:
In file included from ../../../modules/video_output/opengl/gl_util.h:31:
../../../modules/video_output/opengl/gl_common.h:422:5: warning: 'glDeleteBuffers' is deprecated: first deprecated in macOS 10.14 - OpenGL API deprecated. (Define GL_SILENCE_DEPRECATION to silence these warnings) [-Wdeprecated-declarations]
  422 |     PFNGLDELETEBUFFERSPROC DeleteBuffers;
      |     ^
../../../modules/video_output/opengl/gl_common.h:312:53: note: expanded from macro 'PFNGLDELETEBUFFERSPROC'
  312 | #   define PFNGLDELETEBUFFERSPROC            typeof(glDeleteBuffers)*
      |                                                     ^
/Applications/Xcode.app/Contents/Developer/Platforms/MacOSX.platform/Developer/SDKs/MacOSX27.0.sdk/System/Library/Frameworks/OpenGL.framework/Headers/gl.h:2868:13: note: 'glDeleteBuffers' has been explicitly marked deprecated here
 2868 | extern void glDeleteBuffers (GLsizei n, const GLuint *buffers) OPENGL_DEPRECATED(10.0, 10.14);
      |             ^
In file included from ../../../modules/video_output/opengl/interop_cvpx.m:27:
In file included from ../../../modules/video_output/opengl/gl_util.h:31:
../../../modules/video_output/opengl/gl_common.h:446:5: warning: 'glBufferSubData' is deprecated: first deprecated in macOS 10.14 - OpenGL API deprecated. (Define GL_SILENCE_DEPRECATION to silence these warnings) [-Wdeprecated-declarations]
  446 |     PFNGLBUFFERSUBDATAPROC          BufferSubData; /* can be NULL */
      |     ^
../../../modules/video_output/opengl/gl_common.h:311:53: note: expanded from macro 'PFNGLBUFFERSUBDATAPROC'
  311 | #   define PFNGLBUFFERSUBDATAPROC            typeof(glBufferSubData)*
      |                                                     ^
/Applications/Xcode.app/Contents/Developer/Platforms/MacOSX.platform/Developer/SDKs/MacOSX27.0.sdk/System/Library/Frameworks/OpenGL.framework/Headers/gl.h:2872:13: note: 'glBufferSubData' has been explicitly marked deprecated here
 2872 | extern void glBufferSubData (GLenum target, GLintptr offset, GLsizeiptr size, const GLvoid *data) OPENGL_DEPRECATED(10.0, 10.14);
      |             ^
1 warning generated.
  CC       video_output/opengl/libvout_macosx_plugin_la-vout_helper.lo
  OBJC     video_output/libcaopengllayer_plugin_la-caopengllayer.lo
  CC       video_output/opengl/libcaopengllayer_plugin_la-renderer.lo
../../../modules/video_output/opengl/interop_cvpx.m:147:21: warning: 'CGLErrorString' is deprecated: first deprecated in macOS 10.14 - OpenGL API deprecated. (Define GL_SILENCE_DEPRECATION to silence these warnings) [-Wdeprecated-declarations]
  147 |                     CGLErrorString(err));
      |                     ^
/Applications/Xcode.app/Contents/Developer/Platforms/MacOSX.platform/Developer/SDKs/MacOSX27.0.sdk/System/Library/Frameworks/OpenGL.framework/Headers/OpenGL.h:122:13: note: 'CGLErrorString' has been explicitly marked deprecated here
  122 | const char *CGLErrorString(CGLError error) OPENGL_DEPRECATED(10.0, 10.14);
      |             ^
../../../modules/video_output/opengl/interop_cvpx.m:131:53: warning: comparison of integers of different signs: 'size_t' (aka 'unsigned long') and 'const int32_t' (aka 'const int') [-Wsign-compare]
  131 |         assert(IOSurfaceGetWidthOfPlane(surface, i) >= tex_width[i]);
      |                ~~~~~~~~~~~~~~~~~~~~~~~~~~~~~~~~~~~~ ^  ~~~~~~~~~~~~
/Applications/Xcode.app/Contents/Developer/Platforms/MacOSX.platform/Developer/SDKs/MacOSX27.0.sdk/usr/include/assert.h:72:25: note: expanded from macro 'assert'
   72 |     (__builtin_expect(!(e), 0) ? __assert_rtn(__func__, __ASSERT_FILE_NAME, __LINE__, #e) : (void)0)
      |                         ^
../../../modules/video_output/opengl/interop_cvpx.m:132:54: warning: comparison of integers of different signs: 'size_t' (aka 'unsigned long') and 'const int32_t' (aka 'const int') [-Wsign-compare]
  132 |         assert(IOSurfaceGetHeightOfPlane(surface, i) >= tex_height[i]);
      |                ~~~~~~~~~~~~~~~~~~~~~~~~~~~~~~~~~~~~~ ^  ~~~~~~~~~~~~~
/Applications/Xcode.app/Contents/Developer/Platforms/MacOSX.platform/Developer/SDKs/MacOSX27.0.sdk/usr/include/assert.h:72:25: note: expanded from macro 'assert'
   72 |     (__builtin_expect(!(e), 0) ? __assert_rtn(__func__, __ASSERT_FILE_NAME, __LINE__, #e) : (void)0)
      |                         ^
39 warnings generated.
  CC       video_output/opengl/libcaopengllayer_plugin_la-sub_renderer.lo
../../../modules/video_output/macosx.m:160:25: warning: unused variable 'sys' [-Wunused-variable]
  160 |     vout_display_sys_t *sys = vd->sys;
      |                         ^~~
../../../modules/video_output/macosx.m:634:2: warning: Missing mouse handling, must be implemented in Vout Window [-W#warnings]
  634 | #warning Missing mouse handling, must be implemented in Vout Window
      |  ^
../../../modules/video_output/macosx.m:470:80: warning: unused parameter 'notification' [-Wunused-parameter]
  470 |                                                   usingBlock:^(NSNotification *notification) {
      |                                                                                ^
  CC       video_output/opengl/libcaopengllayer_plugin_la-vout_helper.lo
3 warnings generated.
  OBJC     video_output/libwindow_macosx_plugin_la-window_macosx.lo
  CC       video_output/flaschen.lo
  CC       video_output/vdummy.lo
  CC       video_output/vmem.lo
  CC       video_output/splitter.lo
../../../modules/video_output/caopengllayer.m:306:46: warning: unused parameter 'width' [-Wunused-parameter]
  306 | static int OpenOpenGL(vlc_gl_t *gl, unsigned width, unsigned height,
      |                                              ^
../../../modules/video_output/caopengllayer.m:306:62: warning: unused parameter 'height' [-Wunused-parameter]
  306 | static int OpenOpenGL(vlc_gl_t *gl, unsigned width, unsigned height,
      |                                                              ^
../../../modules/video_output/caopengllayer.m:307:48: warning: unused parameter 'cfg' [-Wunused-parameter]
  307 |                       const struct vlc_gl_cfg *cfg)
      |                                                ^
../../../modules/video_output/caopengllayer.m:469:25: warning: unused variable 'sys' [-Wunused-variable]
  469 |     vout_display_sys_t *sys;
      |                         ^~~
  CC       video_output/wdummy.lo
4 warnings generated.
  CC       video_output/wextern.lo
  CC       video_output/vgl.lo
  CC       video_output/yuv.lo
  CC       isa/aarch64/simd/deinterlace.lo
  CPPAS    isa/aarch64/simd/merge.lo
  CC       isa/aarch64/sve/deinterlace.lo
  CPPAS    isa/aarch64/sve/merge.lo
  CC       access/data.lo
../../../modules/video_output/window_macosx.m:283:80: warning: semicolon before method body is ignored [-Wsemicolon-before-method-body]
  283 | - (instancetype)initWithModuleDelegate:(VLCVideoWindowModuleDelegate *)delegate;
      |                                                                                ^
../../../modules/video_output/window_macosx.m:410:80: warning: semicolon before method body is ignored [-Wsemicolon-before-method-body]
  410 | - (instancetype)initWithModuleDelegate:(VLCVideoWindowModuleDelegate *)delegate;
      |                                                                                ^
../../../modules/video_output/window_macosx.m:655:64: warning: unused parameter 'idstr' [-Wunused-parameter]
  655 | static void WindowSetFullscreen(vlc_window_t *wnd, const char *idstr)
      |                                                                ^
  CXX      access/dcp/libdcp_plugin_la-dcp.lo
  CXX      access/dcp/libdcp_plugin_la-dcpparser.lo
In file included from ../../../modules/access/dcp/dcp.cpp:40:
In file included from ../config.h:896:
In file included from ../../../include/vlc_fixups.h:166:
In file included from /Applications/Xcode.app/Contents/Developer/Platforms/MacOSX.platform/Developer/SDKs/MacOSX27.0.sdk/usr/include/c++/v1/stddef.h:30:
In file included from /Applications/Xcode.app/Contents/Developer/Platforms/MacOSX.platform/Developer/SDKs/MacOSX27.0.sdk/usr/include/c++/v1/__config:15:
/Applications/Xcode.app/Contents/Developer/Platforms/MacOSX.platform/Developer/SDKs/MacOSX27.0.sdk/usr/include/c++/v1/__configuration/availability.h:204:4: warning: "The selected platform is no longer supported by libc++." [-W#warnings]
  204 | #  warning "The selected platform is no longer supported by libc++."
      |    ^
In file included from ../../../modules/access/dcp/dcpparser.cpp:34:
In file included from ../config.h:896:
In file included from ../../../include/vlc_fixups.h:166:
In file included from /Applications/Xcode.app/Contents/Developer/Platforms/MacOSX.platform/Developer/SDKs/MacOSX27.0.sdk/usr/include/c++/v1/stddef.h:30:
In file included from /Applications/Xcode.app/Contents/Developer/Platforms/MacOSX.platform/Developer/SDKs/MacOSX27.0.sdk/usr/include/c++/v1/__config:15:
/Applications/Xcode.app/Contents/Developer/Platforms/MacOSX.platform/Developer/SDKs/MacOSX27.0.sdk/usr/include/c++/v1/__configuration/availability.h:204:4: warning: "The selected platform is no longer supported by libc++." [-W#warnings]
  204 | #  warning "The selected platform is n  CXX      access/dcp/libdcp_plugin_la-dcpdecrypt.lo
o longer supported by libc++."
      |    ^
3 warnings generated.
In file included from ../../../modules/access/dcp/dcpdecrypt.cpp:34:
In file included from ../config.h:896:
In file included from ../../../include/vlc_fixups.h:166:
In file included from /Applications/Xcode.app/Contents/Developer/Platforms/MacOSX.platform/Developer/SDKs/MacOSX27.0.sdk/usr/include/c++/v1/stddef.h:30:
In file included from /Applications/Xcode.app/Contents/Developer/Platforms/MacOSX.platform/Developer/SDKs/MacOSX27.0.sdk/usr/include/c++/v1/__config:15:
/Applications/Xcode.app/Contents/Developer/Platforms/MacOSX.platform/Developer/SDKs/MacOSX27.0.sdk/usr/include/c++/v1/__configuration/availability.h:204:4: warning: "The selected platform is no longer supported by libc++." [-W#warnings]
  204 | #  warning "The selected platform is no longer supported by libc++."
      |    ^
  CC       access/libfilesystem_plugin_la-file.lo
  CC       access/libfilesystem_plugin_la-directory.lo
  CC       access/libfilesystem_plugin_la-fs.lo
  CC       access/idummy.lo
  CC       access/imem-access.lo
  CC       access/imem.lo
1 warning generated.
  CC       access/sdp.lo
1 warning generated.
  CC       access/timecode.lo
  CC       access/vdr.lo
  OBJC     access/libavaudiocapture_plugin_la-avaudiocapture.lo
  OBJC     access/libavcapture_plugin_la-avcapture.lo
1 warning generated.
  CXX      access/libdecklink_plugin_la-decklink.lo
  CC       access/sdi.lo
In file included from ../../../modules/access/decklink.cpp:26:
In file included from ../config.h:896:
In file included from ../../../include/vlc_fixups.h:166:
In file included from /Applications/Xcode.app/Contents/Developer/Platforms/MacOSX.platform/Developer/SDKs/MacOSX27.0.sdk/usr/include/c++/v1/stddef.h:30:
In file included from /Applications/Xcode.app/Contents/Developer/Platforms/MacOSX.platform/Developer/SDKs/MacOSX27.0.sdk/usr/include/c++/v1/__config:15:
/Applications/Xcode.app/Contents/Developer/Platforms/MacOSX.platform/Developer/SDKs/MacOSX27.0.sdk/usr/include/c++/v1/__configuration/availability.h:204:4: warning: "The selected platform is no longer supported by libc++." [-W#warnings]
  204 | #  warning "The selected platform is no longer supported by libc++."
      |    ^
  CC       access/shm.lo
  CC       access/screen/screen.lo
  CC       access/screen/mac.lo
1 warning generated.
  CC       access/vcd/libcdda_plugin_la-cdrom.lo
../../../modules/access/avaudiocapture.m:190:55: warning: 'devicesWithMediaType:' is deprecated: first deprecated in macOS 10.15 - Use AVCaptureDeviceDiscoverySession instead. [-Wdeprecated-declarations]
  190 |         NSArray *knownAudioDevices = [AVCaptureDevice devicesWithMediaType:AVMediaTypeAudio];
      |                                                       ^
/Applications/Xcode.app/Contents/Developer/Platforms/MacOSX.platform/Developer/SDKs/MacOSX27.0.sdk/System/Library/Frameworks/AVFoundation.framework/Headers/AVCaptureDevice.h:168:1: note: 'devicesWithMediaType:' has been explicitly marked deprecated here
  168 | + (NSArray<AVCaptureDevice *> *)devicesWithMediaType:(AVMediaType)mediaType API_DEPRECATED("Use AVCaptureDeviceDiscoverySession instead.", ios(4.0, 10.0), macos(10.7, 10.15)) API_UNAVAILABLE(visionos) API_UNAVAILABLE(tvos);
      | ^
../../../modules/access/avcapture.m:362:40: warning: 'devicesWithMediaType:' is deprecated: first deprecated in macOS 10.15 - Use AVCaptureDeviceDiscoverySession instead. [-Wdeprecated-declarations]
  362 |     myVideoDevices = [[AVCaptureDevice devicesWithMediaType:AVMediaTypeVideo]
      |                                        ^
/Applications/Xcode.app/Contents/Developer/Platforms/MacOSX.platform/Developer/SDKs/MacOSX27.0.sdk/System/Library/Frameworks/AVFoundation.framework/Headers/AVCaptureDevice.h:168:1: note: 'devicesWithMediaType:' has been explicitly marked deprecated here
  168 | + (NSArray<AVCaptureDevice *> *)devicesWithMediaType:(AVMediaType)mediaType API_DEPRECATED("Use AVCaptureDeviceDiscoverySession instead.", ios(4.0, 10.0), macos(10.7, 10.15)) API_UNAVAILABLE(visionos) API_UNAVAILABLE(tvos);
      | ^
../../../modules/access/avcapture.m:363:71: warning: 'devicesWithMediaType:' is deprecated: first deprecated in macOS 10.15 - Use AVCaptureDeviceDiscoverySession instead. [-Wdeprecated-declarations]
  363 |                        arrayByAddingObjectsFromArray:[AVCaptureDevice devicesWithMediaType:AVMediaTypeMuxed]];
      |                                                                       ^
/Applications/Xcode.app/Contents/Developer/Platforms/MacOSX.platform/Developer/SDKs/MacOSX27.0.sdk/System/Library/Frameworks/AVFoundation.framework/Headers/AVCaptureDevice.h:168:1: note: 'devicesWithMediaType:' has been explicitly marked deprecated here
  168 | + (NSArray<AVCaptureDevice *> *)devicesWithMediaType:(AVMediaType)mediaType API_DEPRECATED("Use AVCaptureDeviceDiscoverySession instead.", ios(4.0, 10.0), macos(10.7, 10.15)) API_UNAVAILABLE(visionos) API_UNAVAILABLE(tvos);
      | ^
../../../modules/access/avcapture.m:384:17: warning: comparison of integers of different signs: 'int' and 'NSUInteger' (aka 'unsigned long') [-Wsign-compare]
  384 |     if ( ivideo < [myVideoDevices count] )
      |          ~~~~~~ ^ ~~~~~~~~~~~~~~~~~~~~~~
1 warning generated.
../../../modules/access/vcd/cdrom.c:862:1: warning: unused label 'unrecoverable' [-Wunused-label]
  862 | unrecoverable:
      | ^~~~~~~~~~~~~~
../../../modules/access/vcd/cdrom.c:266:13: warning: unused function 'TracksRangeIsValid' [-Wunused-function]
  266 | static bool TracksRangeIsValid( int i_first, int i_last )
      |             ^~~~~~~~~~~~~~~~~~
3 warnings generated.
  CC       misc/webservices/libcdda_plugin_la-musicbrainz.lo
  CC       demux/json/libvlc_json_la-libvlc_json_la-lexicon.lo
  CC       demux/json/libvlc_json_la-grammar.lo
2 warnings generated.
  CC       demux/json/libvlc_json_la-json.lo
demux/json/grammar.c:1082:9: warning: variable 'jsonnerrs' set but not used [-Wunused-but-set-variable]
 1082 |     int yynerrs = 0;
      |         ^
../../../modules/demux/json/grammar.c:73:25: note: expanded from macro 'yynerrs'
   73 | #define yynerrs         jsonnerrs
      |                         ^
1 warning generated.
  CCLD     libvcd_plugin.la
  CCLD     libdvdnav_plugin.la
  CCLD     libdvdread_plugin.la
  CCLD     liblibbluray_plugin.la
  CCLD     libftp_plugin.la
  CCLD     libgopher_plugin.la
  CCLD     libhttp_plugin.la
  CC       access/http/libvlc_http_la-message.lo
  CC       access/http/libvlc_http_la-resource.lo
  CC       access/http/libvlc_http_la-file.lo
  CC       access/http/libvlc_http_la-live.lo
  CC       access/http/libvlc_http_la-outfile.lo
  CC       access/http/libvlc_http_la-hpack.lo
  CC       access/http/libvlc_http_la-hpackenc.lo
  CC       access/http/libvlc_http_la-h2frame.lo
  CC       access/http/libvlc_http_la-h2output.lo
  CC       access/http/libvlc_http_la-h2conn.lo
  CC       access/http/libvlc_http_la-h1conn.lo
  CC       access/http/libvlc_http_la-ports.lo
  CC       access/http/libvlc_http_la-chunked.lo
  CC       access/http/libvlc_http_la-tunnel.lo
  CC       access/http/libvlc_http_la-connmgr.lo
  CC       access/mms/libaccess_mms_plugin_la-mms.lo
  CC       access/mms/libaccess_mms_plugin_la-mmsh.lo
  CC       access/mms/libaccess_mms_plugin_la-mmstu.lo
  CC       access/mms/libaccess_mms_plugin_la-buffer.lo
  CC       access/mms/libaccess_mms_plugin_la-asf.lo
../../../modules/access/mms/asf.c:77:57: warning: comparison of integers of different signs: 'int' and 'uint64_t' (aka 'unsigned long long') [-Wsign-compare]
   77 |         if( i_size < 24 || var_buffer_remain( &buffer ) < i_size - 24 )
      |                            ~~~~~~~~~~~~~~~~~~~~~~~~~~~~ ^ ~~~~~~~~~~~
1 warning generated.
  CCLD     libvlc_access_cache.la
  CCLD     libnoidea_plugin.la
  CCLD     libtcp_plugin.la
  CCLD     libudp_plugin.la
  CCLD     libamt_plugin.la
  CCLD     libsftp_plugin.la
  CCLD     libnfs_plugin.la
  CCLD     libsatip_plugin.la
  CCLD     libaccess_concat_plugin.la
  CCLD     libaccess_srt_plugin.la
  CCLD     librist_plugin.la
  CC       access/rtp/librtp_plugin_la-input.lo
  CC       access/rtp/librtp_plugin_la-sdp.lo
  CC       access/rtp/librtp_plugin_la-datagram.lo
  CC       access/rtp/librtp_plugin_la-rtp.lo
  CC       access/rtp/libvlc_rtp_la-rtpfmt.lo
  CC       access/rtp/libvlc_rtp_la-session.lo
  CC       access/rtp/libvlc_srtp_la-srtp.lo
../../../modules/access/rtp/srtp.c:219:23: warning: variable length array folded to constant array as an extension [-Wgnu-folding-constant]
  219 |         uint8_t dummy[ctrlen];
      |                       ^~~~~~
  CC       access_output/dummy.lo
  CC       access_output/file.lo
  CC       access_output/http.lo
1 warning generated.
  CC       access_output/libaccess_output_livehttp_plugin_la-livehttp.lo
  CC       access_output/libaccess_output_shout_plugin_la-shout.lo
  CC       access_output/libaccess_output_srt_plugin_la-srt.lo
  CC       access_output/libaccess_http_put_plugin_la-http-put.lo
../../../modules/access_output/srt.c:251:19: warning: variable length array folded to constant array as an extension [-Wgnu-folding-constant]
  251 |     uint8_t chunk[SRT_LIVE_MAX_PLSIZE];
      |                   ^~~~~~~~~~~~~~~~~~~
  CC       access_output/libaccess_output_rist_plugin_la-rist.lo
  CC       audio_output/adummy.lo
  CC       audio_output/libafile_plugin_la-file.lo
1 warning generated.
  CC       audio_output/amem.lo
  CC       audio_output/apple/auhal.lo
  CC       audio_output/apple/coreaudio_common.lo
  CC       audio_output/apple/channel_layout.lo
  OBJC     audio_output/apple/libavsamplebuffer_plugin_la-avsamplebuffer.lo
  CC       audio_filter/audiobargraph_a.lo
  CC       audio_filter/chorus_flanger.lo
  CC       audio_filter/compressor.lo
  CC       audio_filter/dynamics.lo
  CC       audio_filter/expander.lo
  CC       audio_filter/limiter.lo
  CC       audio_filter/equalizer.lo
  CC       audio_filter/gate.lo
  CC       audio_filter/karaoke.lo
  CC       audio_filter/normvol.lo
  CC       audio_filter/gain.lo
  CC       audio_filter/param_eq.lo
  CC       audio_filter/scaletempo.lo
  CC       audio_filter/libscaletempo_pitch_plugin_la-scaletempo.lo
  CXX      audio_filter/spatializer/allpass.lo
In file included from ../../../modules/audio_filter/spatializer/allpass.cpp:8:
In file included from /Applications/Xcode.app/Contents/Developer/Platforms/MacOSX.platform/Developer/SDKs/MacOSX27.0.sdk/usr/include/c++/v1/stddef.h:30:
In file included from /Applications/Xcode.app/Contents/Developer/Platforms/MacOSX.platform/Developer/SDKs/MacOSX27.0.sdk/usr/include/c++/v1/__config:15:
/Applications/Xcode.app/Contents/Developer/Platforms/MacOSX.platform/Developer/SDKs/MacOSX27.0.sdk/usr/include/c++/v1/__configuration/availability.h:204:4: warning: "The selected platform is no longer supported by libc++." [-W#warnings]
  204 | #  warning "The selected platform is no longer supported by libc++."
      |    ^
1 warning generated.
  CXX      audio_filter/spatializer/comb.lo
  CC       audio_filter/spatializer/denormals.lo
  CXX      audio_filter/spatializer/revmodel.lo
  CXX      audio_filter/spatializer/spatializer.lo
In file included from ../../../modules/audio_filter/spatializer/comb.cpp:8:
In file included from /Applications/Xcode.app/Contents/Developer/Platforms/MacOSX.platform/Developer/SDKs/MacOSX27.0.sdk/usr/include/c++/v1/stddef.h:30:
In file included from /Applications/Xcode.app/Contents/Developer/Platforms/MacOSX.platform/Developer/SDKs/MacOSX27.0.sdk/usr/include/c++/v1/__config:15:
/Applications/Xcode.app/Contents/Developer/Platforms/MacOSX.platform/Developer/SDKs/MacOSX27.0.sdk/usr/include/c++/v1/__configuration/availability.h:204:4: warning: "The selected platform is no longer supported by libc++." [-W#warnings]
  204 | #  warning "The selected platform is no longer supported by libc++."
      |    ^
1 warning generated.
In file included from ../../../modules/audio_filter/spatializer/revmodel.cpp:16:
In file included from /Applications/Xcode.app/Contents/Developer/Platforms/MacOSX.platform/Developer/SDKs/MacOSX27.0.sdk/usr/include/c++/v1/stdlib.h:79:
In file included from /Applications/Xcode.app/Contents/Developer/Platforms/MacOSX.platform/Developer/SDKs/MacOSX27.0.sdk/usr/include/c++/v1/__config:15:
/Applications/Xcode.app/Contents/Developer/Platforms/MacOSX.platform/Developer/SDKs/MacOSX27.0.sdk/usr/include/c++/v1/__configuration/availability.h:204:4: warning: "The selected platform is no longer supported by libc++." [-W#warnings]
  204 | #  warning "The selected platform is no longer supported by libc++."
      |    ^
  CC       audio_filter/stereo_widen.lo
In file included from ../../../modules/audio_filter/spatializer/spatializer.cpp:31:
In file included from ../config.h:896:
In file included from ../../../include/vlc_fixups.h:166:
In file included from /Applications/Xcode.app/Contents/Developer/Platforms/MacOSX.platform/Developer/SDKs/MacOSX27.0.sdk/usr/include/c++/v1/stddef.h:30:
In file included from /Applications/Xcode.app/Contents/Developer/Platforms/MacOSX.platform/Developer/SDKs/MacOSX27.0.sdk/usr/include/c++/v1/__config:15:
/Applications/Xcode.app/Contents/Developer/Platforms/MacOSX.platform/Developer/SDKs/MacOSX27.0.sdk/usr/include/c++/v1/__configuration/availability.h:204:4: warning: "The selected platform is no longer supported by libc++." [-W#warnings]
  204 | #  warning "The selected platform is no longer supported by libc++."
      |    ^
  CC       audio_filter/center.lo
1 warning generated.
  CC       audio_filter/stereo_pan.lo
  CC       audio_filter/channel_mixer/headphone.lo
  CC       audio_filter/channel_mixer/dolby.lo
  CC       audio_filter/channel_mixer/mono.lo
  CC       audio_filter/channel_mixer/remap.lo
  CC       audio_filter/channel_mixer/libsimple_channel_mixer_plugin_la-simple.lo
1 warning generated.
  CC       audio_filter/channel_mixer/trivial.lo
  CXX      audio_filter/channel_mixer/libspatialaudio_plugin_la-spatialaudio.lo
In file included from ../../../modules/audio_filter/channel_mixer/spatialaudio.cpp:28:
In file included from ../config.h:896:
In file included from ../../../include/vlc_fixups.h:166:
In file included from /Applications/Xcode.app/Contents/Developer/Platforms/MacOSX.platform/Developer/SDKs/MacOSX27.0.sdk/usr/include/c++/v1/stddef.h:30:
In file included from /Applications/Xcode.app/Contents/Developer/Platforms/MacOSX.platform/Developer/SDKs/MacOSX27.0.sdk/usr/include/c++/v1/__config:15:
/Applications/Xcode.app/Contents/Developer/Platforms/MacOSX.platform/Developer/SDKs/MacOSX27.0.sdk/usr/include/c++/v1/__configuration/availability.h:204:4: warning: "The selected platform is no longer supported by libc++." [-W#warnings]
  204 | #  warning "The selected platform is no longer supported by libc++."
      |    ^
  CC       packetizer/dts_header.lo
  CC       audio_filter/converter/tospdif.lo
  CC       audio_filter/converter/libaudio_format_plugin_la-format.lo
  CC       audio_filter/resampler/libsamplerate_plugin_la-src.lo
  CC       audio_filter/resampler/libsoxr_plugin_la-soxr.lo
  CCLD     libebur128_plugin.la
  CC       audio_filter/resampler/ugly.lo
  CC       audio_filter/resampler/libspeex_resampler_plugin_la-speex.lo
In file included from ../../../modules/audio_filter/channel_mixer/spatialaudio.cpp:44:
In file included from /Users/cam/Documents/Projects/ultima-iv-web/vlc-thumbs/work/story005-master-reproduction/contrib/aarch64-apple-darwin19/include/spatialaudio/Ambisonics.h:27:
/Users/cam/Documents/Projects/ultima-iv-web/vlc-thumbs/work/story005-master-reproduction/contrib/aarch64-apple-darwin19/include/spatialaudio/AmbisonicDecoder.h:57:10: warning: 'CAmbisonicDecoder::Configure' hides overloaded virtual function [-Woverloaded-virtual]
   57 |     bool Configure(unsigned nOrder, bool b3D, int nSpeakerSetUp, unsigned nSpeakers = 0);
      |          ^
/Users/cam/Documents/Projects/ultima-iv-web/vlc-thumbs/work/story005-master-reproduction/contrib/aarch64-apple-darwin19/include/spatialaudio/AmbisonicBase.h:49:18: note: hidden overloaded virtual function 'CAmbisonicBase::Configure' declared here: different number of parameters (3 vs 4)
   49 |     virtual bool Configure(unsigned nOrder, bool b3D, unsigned nMisc);
      |                  ^
In file included from ../../../modules/audio_filter/channel_mixer/spatialaudio.cpp:44:
In file included from /Users/cam/Documents/Projects/ultima-iv-web/vlc-thumbs/work/story005-master-reproduction/contrib/aarch64-apple-darwin19/include/spatialaudio/Ambisonics.h:28:
/Users/cam/Documents/Projects/ultima-iv-web/vlc-thumbs/work/story005-master-reproduction/contrib/aarch64-apple-darwin19/include/spatialaudio/AmbisonicProcessor.h:126:10: warning: 'CAmbisonicProcessor::Configure' hides overloaded virtual function [-Woverloaded-virtual]
  126 |     bool Configure(unsigned nOrder, bool b3D, unsigned nBlockSize, unsigned nMisc);
      |          ^
/Users/cam/Documents/Projects/ultima-iv-web/vlc-thumbs/work/story005-master-reproduction/contrib/aarch64-apple-darwin19/include/spatialaudio/AmbisonicBase.h:49:18: note: hidden overloaded virtual function 'CAmbisonicBase::Configure' declared here: different number of parameters (3 vs 4)
   49 |     virtual bool Configure(unsigned nOrder, bool b3D, unsigned nMisc);
      |                  ^
In file included from ../../../modules/audio_filter/channel_mixer/spatialaudio.cpp:44:
In file included from /Users/cam/Documents/Projects/ultima-iv-web/vlc-thumbs/work/story005-master-reproduction/contrib/aarch64-apple-darwin19/include/spatialaudio/Ambisonics.h:29:
/Users/cam/Documents/Projects/ultima-iv-web/vlc-thumbs/work/story005-master-reproduction/contrib/aarch64-apple-darwin19/include/spatialaudio/AmbisonicBinauralizer.h:44:18: warning: 'CAmbisonicBinauralizer::Configure' hides overloaded virtual function [-Woverloaded-virtual]
   44 |     virtual bool Configure(unsigned nOrder,
      |                  ^
/Users/cam/Documents/Projects/ultima-iv-web/vlc-thumbs/work/story005-master-reproduction/contrib/aarch64-apple-darwin19/include/spatialaudio/AmbisonicBase.h:49:18: note: hidden overloaded virtual function 'CAmbisonicBase::Configure' declared here: different number of parameters (3 vs 6)
   49 |     virtual bool Configure(unsigned nOrder, bool b3D, unsigned nMisc);
      |                  ^
In file included from ../../../modules/audio_filter/channel_mixer/spatialaudio.cpp:45:
/Users/cam/Documents/Projects/ultima-iv-web/vlc-thumbs/work/story005-master-reproduction/contrib/aarch64-apple-darwin19/include/spatialaudio/SpeakersBinauralizer.h:18:10: warning: 'SpeakersBinauralizer::Configure' hides overloaded virtual function [-Woverloaded-virtual]
   18 |     bool Configure(unsigned nSampleRate,
      |          ^
/Users/cam/Documents/Projects/ultima-iv-web/vlc-thumbs/work/story005-master-reproduction/contrib/aarch64-apple-darwin19/include/spatialaudio/AmbisonicBinauralizer.h:44:18: note: hidden overloaded virtual function 'CAmbisonicBinauralizer::Configure' declared here: type mismatch at 2nd parameter ('bool' vs 'unsigned int')
   44 |     virtual bool Configure(unsigned nOrder,
      |                  ^
  CCLD     librnnoise_plugin.la
  CC       audio_mixer/libfloat_mixer_plugin_la-float.lo
5 warnings generated.
  CC       video_chroma/i420_rgb.lo
  CC       audio_mixer/libinteger_mixer_plugin_la-integer.lo
  CC       video_chroma/i420_rgb8.lo
  CC       video_chroma/i420_rgb16.lo
  CC       video_chroma/libi420_nv12_plugin_la-i420_nv12.lo
  CC       video_chroma/copy.lo
  CC       video_chroma/i422_i420.lo
  CC       video_chroma/grey_yuv.lo
  CC       video_chroma/yuy2_i420.lo
  CC       video_chroma/yuy2_i422.lo
  CC       video_chroma/rv32.lo
  CC       video_chroma/chain.lo
  CC       video_chroma/yuvp.lo
  CC       video_chroma/orient.lo
  CC       codec/vt_utils.lo
  CCLD     libddummy_plugin.la
  CCLD     libedummy_plugin.la
  CCLD     libspdif_plugin.la
  CCLD     libadpcm_plugin.la
  CCLD     libaes3_plugin.la
  CCLD     libaraw_plugin.la
  CCLD     libg711_plugin.la
  CCLD     libfluidsynth_plugin.la
  CCLD     libaudiotoolboxmidi_plugin.la
  CCLD     libmpg123_plugin.la
  CCLD     liblpcm_plugin.la
  CCLD     libuleaddvaudio_plugin.la
  CCLD     libcdg_plugin.la
  CCLD     librawvideo_plugin.la
  CCLD     librtpvideo_plugin.la
  CCLD     libopenapv_plugin.la
  CCLD     librtp_rawvid_plugin.la
  CCLD     libjpeg_plugin.la
  CCLD     libpng_plugin.la
ld: warning: search path '/Users/cam/Documents/Projects/ultima-iv-web/vlc-thumbs/work/story005-master-reproduction/contrib/aarch64-apple-darwin19/lib/oapv' not found
  CCLD     liblibass_plugin.la
  CCLD     libcc_plugin.la
  CCLD     libcvdsub_plugin.la
  CCLD     libdvbsub_plugin.la
  CC       codec/arib/libaribcaption_plugin_la-libaribcaption.lo
  CC       codec/arib/libaribsub_plugin_la-aribsub.lo
  CCLD     libscte18_plugin.la
  CC       codec/spudec/libspudec_plugin_la-spudec.lo
  CCLD     libscte27_plugin.la
  CC       codec/spudec/libspudec_plugin_la-parse.lo
  CCLD     libstl_plugin.la
  CCLD     libsubsdec_plugin.la
  CCLD     libsubsusf_plugin.la
  CC       codec/ttml/substtml.lo
  CC       demux/ttml.lo
  CC       codec/webvtt/libwebvtt_plugin_la-subsvtt.lo
  CC       codec/webvtt/libwebvtt_plugin_la-webvtt.lo
  CC       mux/libwebvtt_plugin_la-webvtt.lo
  CCLD     libsvcdsub_plugin.la
  CCLD     libt140_plugin.la
  CCLD     libtelx_plugin.la
  CCLD     libtextst_plugin.la
  CCLD     libzvbi_plugin.la
  CCLD     libsubstx3g_plugin.la
  CCLD     libflac_plugin.la
  CCLD     libkate_plugin.la
  CCLD     libopus_plugin.la
  CCLD     libspeex_plugin.la
  CCLD     libtheora_plugin.la
  CCLD     libvorbis_plugin.la
  CCLD     liboggspots_plugin.la
  CC       codec/videotoolbox/libvideotoolbox_plugin_la-decoder.lo
  CC       codec/videotoolbox/libvideotoolbox_plugin_la-dpb.lo
  CC       codec/videotoolbox/libvideotoolbox_plugin_la-pacer.lo
  CCLD     libvlc_hxxxhelper.la
  OBJCLD   libvlc_vtutils.la
  CCLD     libx265_plugin.la
  CCLD     libx264_plugin.la
  CCLD     libx26410b_plugin.la
  CCLD     libvpx_plugin.la
  CXXLD    libvpx_alpha_plugin.la
  CCLD     libaom_plugin.la
  CCLD     libdav1d_plugin.la
  CCLD     libtwolame_plugin.la
  CC       control/dummy.lo
  CC       control/gestures.lo
  CC       control/hotkeys.lo
  CC       control/cli/player.lo
  CC       control/cli/playlist.lo
  CC       control/cli/cli.lo
  CCLD     libxiph_metadata.la
  CCLD     libdemuxdump_plugin.la
  CCLD     librawdv_plugin.la
  CCLD     librawvid_plugin.la
  CCLD     libg64rtp_plugin.la
  CCLD     libau_plugin.la
  CCLD     librawaud_plugin.la
  CCLD     libwav_plugin.la
  CCLD     libnsv_plugin.la
  CCLD     libhx_plugin.la
  CC       demux/mpeg/ps.lo
  CCLD     libmod_plugin.la
  CCLD     libpva_plugin.la
  CCLD     libaiff_plugin.la
  CCLD     libmjpeg_plugin.la
  CCLD     libsubtitle_plugin.la
  CCLD     libty_plugin.la
  CCLD     libvobsub_plugin.la
  CCLD     libvoc_plugin.la
  CCLD     libxa_plugin.la
  CCLD     libnuv_plugin.la
  CCLD     libtta_plugin.la
  CCLD     libvc1_plugin.la
  CCLD     libdemux_cdg_plugin.la
  CCLD     libsmf_plugin.la
  CCLD     libdmxmus_plugin.la
  CCLD     libgme_plugin.la
  CXXLD    libsid_plugin.la
  CCLD     libimage_plugin.la
  CCLD     libdemux_stl_plugin.la
  CC       demux/asf/asf.lo
libtool: warning: library '/Users/cam/Documents/Projects/ultima-iv-web/vlc-thumbs/work/story005-master-reproduction/contrib/aarch64-apple-darwin19/lib/libresid-builder.la' was moved.
  CC       demux/asf/libasf.lo
  CC       demux/asf/asfpacket.lo
  CC       demux/avi/avi.lo
../../../modules/demux/avi/avi.c:1754:13: warning: ignoring return value of function declared with 'warn_unused_result' attribute [-Wunused-result]
 1754 |             vlc_stream_Seek( p_demux->s, i_pos_backup );
      |             ^~~~~~~~~~~~~~~  ~~~~~~~~~~~~~~~~~~~~~~~~
../../../modules/demux/avi/avi.c:2828:5: warning: ignoring return value of function declared with 'warn_unused_result' attribute [-Wunused-result]
 2828 |     vlc_stream_Seek( p_demux->s, p_movi->i_chunk_pos + 12 );
      |     ^~~~~~~~~~~~~~~  ~~~~~~~~~~~~~~~~~~~~~~~~~~~~~~~~~~~~
  CC       demux/avi/libavi.lo
  CCLD     libcaf_plugin.la
  CCLD     libdirectory_demux_plugin.la
2 warnings generated.
  CCLD     libes_plugin.la
  CCLD     libh26x_plugin.la
  CXX      demux/mkv/libmkv_plugin_la-util.lo
  CXX      demux/mkv/libmkv_plugin_la-virtual_segment.lo
In file included from ../../../modules/demux/mkv/virtual_segment.cpp:In file included from ../../../modules/demux/mkv/util.cpp:23:
In file included from ../../../modules/demux/mkv/mkv.hpp:32:
In file included from ../config.h:896:
In file included from ../../../include/vlc_fixups.h:166:
In file included from 25:
In file included from ../../../modules/demux/mkv/virtual_segment.hpp:28:
In file included from ../../../modules/demux/mkv/mkv.hpp:32:
In file included from ../config.h:896:
In file included from ../../../include/vlc_fixups.h:166:
In file included from /Applications/Xcode.app/Contents/Developer/Platforms/MacOSX.platform/Developer/SDKs/MacOSX27.0.sdk/usr/include/c++/v1/stddef.h:30:
In file included from /Applications/Xcode.app/Contents/Developer/Platforms/MacOSX.platform/Developer/SDKs/MacOSX27.0.sdk/usr/include/c++/v1/__config:15:
/Applications/Xcode.app/Contents/Developer/Platforms/MacOSX.platform/Developer/SDKs/MacOSX27.0.sdk/usr/include/c++/v1/__configuration/availability.h:204/Applications/Xcode.app/Contents/Developer/Platforms/MacOSX.platform/Developer/SDKs/MacOSX27.0.sdk/usr/include/c++/v1/stddef.h:30:
In file included from /Applications/Xcode.app/Contents/Developer/Platforms/MacOSX.platform/Developer/SDKs/MacOSX27.0.sdk/usr/include/c++/v1/__config:15:
/Applications/Xcode.app/Contents/Developer/Platforms/MacOSX.platform/Developer/SDKs/MacOSX27.0.sdk/usr/include/c++/v1/__configuration/availability.h:204:4: warning: "The selected platform is no longer supported by libc++." [-W#warnings]
:4: warning: "The selected platform is no longer supported by libc++." [-W#warnings]
  204 | #  warning "The select  204 | #  warnined platform is no longer supported by libc++."
      |    ^
g "The selected platform is no longer supported by libc++."
      |    ^
  CXX      demux/mkv/libmkv_plugin_la-matroska_segment_parse.lo
  CXX      demux/mkv/libmkv_plugin_la-matroska_segment.lo
In file included from ../../../modules/demux/mkv/matroska_segment.cpp:24:
In file included from ../../../modules/demux/mkv/matroska_segment.hpp:27:
In file included from ../../../modules/demux/mkv/demux.hpp:27:
In file included from ../../../modules/demux/mkv/mkv.hpp:32:
In file included from ../config.h:896:
In file included from ../../../include/vlc_fixups.h:166:
In file included from /Applications/Xcode.app/Contents/Developer/Platforms/MacOSX.platform/Developer/SDKs/MacOSX27.0.sdk/usr/include/c++/v1/stddef.h:30In file included from ../../../modules/demux/mkv/matroska_segment_parse.cpp:23:
In file included from ../../../modules/demux/mkv/mkv.hpp:32:
In file included from ../config.h:896:
In file included from ../../../include/vlc_fixups.h:166:
In file included from /Applications/Xcode.app/Contents/Developer/Platforms/MacOSX.platform/Developer/SDKs/MacOSX27.0.sdk/usr/include/c++/v1/stddef.h:30:
In file included from /Applications/Xcode.app/Contents/Developer/Platforms/MacOSX.platform/Developer/SDKs/MacOSX27.0.sdk/usr/include/c++/v1/__config:15:
/Applications/Xcode.app/Contents/Developer/Platforms/MacOSX.platform/Developer/SDKs/MacOSX27.0.sdk/usr/include/c++/v1/__configuration/availability.h:204:4: :
In file included from /Applications/Xcode.app/Contents/Developer/Platforms/MacOSX.platform/Developer/SDKs/MacOSX27.0.sdk/usr/include/c++/v1/__config:15:
/Applications/Xcode.app/Contents/Developer/Platforms/MacOSX.platform/Developer/SDKs/MacOSX27.0.sdk/usr/include/c++/v1/__configuration/availability.h:204:4: warning: "The selected platform is no longer supported by libc++." [-W#warnings]
warning: "The selected platform is no longer supported by libc++." [-W#warnings]
  204  204 | #  warning "The selected platform is no longer supported by libc++."
      |  | #  warning "The selected platform is no longer s   ^
upported by libc++."
      |    ^
1 warning generated.
  CXX      demux/mkv/libmkv_plugin_la-matroska_segment_seeker.lo
In file included from ../../../modules/demux/mkv/matroska_segment_seeker.cpp:23:
In file included from ../../../modules/demux/mkv/matroska_segment_seeker.hpp:26:
In file included from ../../../modules/demux/mkv/mkv.hpp:32:
In file included from ../config.h:896:
In file included from ../../../include/vlc_fixups.h:166:
In file included from /Applications/Xcode.app/Contents/Developer/Platforms/MacOSX.platform/Developer/SDKs/MacOSX27.0.sdk/usr/include/c++/v1/stddef.h:30:
In file included from /Applications/Xcode.app/Contents/Developer/Platforms/MacOSX.platform/Developer/SDKs/MacOSX27.0.sdk/usr/include/c++/v1/__config:15:
/Applications/Xcode.app/Contents/Developer/Platforms/MacOSX.platform/Developer/SDKs/MacOSX27.0.sdk/usr/include/c++/v1/__configuration/availability.h:204:4: warning: "The selected platform is no longer supported by libc++." [-W#warnings]
  204 | #  warning "The selected platform is no longer supported by libc++."
      |    ^
1 warning generated.
  CXX      demux/mkv/libmkv_plugin_la-demux.lo
In file included from ../../../modules/demux/mkv/demux.cpp:25:
In file included from ../../../modules/demux/mkv/demux.hpp:27:
In file included from ../../../modules/demux/mkv/mkv.hpp:32:
In file included from ../config.h:896:
In file included from ../../../include/vlc_fixups.h:166:
In file included from /Applications/Xcode.app/Contents/Developer/Platforms/MacOSX.platform/Developer/SDKs/MacOSX27.0.sdk/usr/include/c++/v1/stddef.h:30:
In file included from /Applications/Xcode.app/Contents/Developer/Platforms/MacOSX.platform/Developer/SDKs/MacOSX27.0.sdk/usr/include/c++/v1/__config:15:
/Applications/Xcode.app/Contents/Developer/Platforms/MacOSX.platform/Developer/SDKs/MacOSX27.0.sdk/usr/include/c++/v1/__configuration/availability.h:204:4: warning: "The selected platform is no longer supported by libc++." [-W#warnings]
  204 | #  warning "The selected platform is no longer supported by libc++."
      |    ^
1 warning generated.
  CXX      demux/mkv/libmkv_plugin_la-events.lo
In file included from ../../../modules/demux/mkv/events.cpp:24:
In file included from ../../../modules/demux/mkv/mkv.hpp:32:
In file included from ../config.h:896:
In file included from ../../../include/vlc_fixups.h:166:
In file included from /Applications/Xcode.app/Contents/Developer/Platforms/MacOSX.platform/Developer/SDKs/MacOSX27.0.sdk/usr/include/c++/v1/stddef.h:30:
In file included from /Applications/Xcode.app/Contents/Developer/Platforms/MacOSX.platform/Developer/SDKs/MacOSX27.0.sdk/usr/include/c++/v1/__config:15:
/Applications/Xcode.app/Contents/Developer/Platforms/MacOSX.platform/Developer/SDKs/MacOSX27.0.sdk/usr/include/c++/v1/__configuration/availability.h:204:4: warning: "The selected platform is no longer supported by libc++." [-W#warnings]
  204 | #  warning "The selected platform is no longer supported by libc++."
      |    ^
1 warning generated.
  CXX      demux/mkv/libmkv_plugin_la-Ebml_parser.lo
In file included from ../../../modules/demux/mkv/Ebml_parser.cpp:25:
In file included from ../../../modules/demux/mkv/Ebml_parser.hpp:27:
In file included from ../../../modules/demux/mkv/mkv.hpp:32:
In file included from ../config.h:896:
In file included from ../../../include/vlc_fixups.h:166:
In file included from /Applications/Xcode.app/Contents/Developer/Platforms/MacOSX.platform/Developer/SDKs/MacOSX27.0.sdk/usr/include/c++/v1/stddef.h:30:
In file included from /Applications/Xcode.app/Contents/Developer/Platforms/MacOSX.platform/Developer/SDKs/MacOSX27.0.sdk/usr/include/c++/v1/__config:15:
/Applications/Xcode.app/Contents/Developer/Platforms/MacOSX.platform/Developer/SDKs/MacOSX27.0.sdk/usr/include/c++/v1/__configuration/availability.h:204:4: warning: "The selected platform is no longer supported by libc++." [-W#warnings]
  204 | #  warning "The selected platform is no longer supported by libc++."
      |    ^
1 warning generated.
  CXX      demux/mkv/libmkv_plugin_la-chapters.lo
In file included from ../../../modules/demux/mkv/chapters.cpp:24:
In file included from ../../../modules/demux/mkv/chapters.hpp:29:
In file included from ../../../modules/demux/mkv/mkv.hpp:32:
In file included from ../config.h:896:
In file included from ../../../include/vlc_fixups.h:166:
In file included from /Applications/Xcode.app/Contents/Developer/Platforms/MacOSX.platform/Developer/SDKs/MacOSX27.0.sdk/usr/include/c++/v1/stddef.h:30:
In file included from /Applications/Xcode.app/Contents/Developer/Platforms/MacOSX.platform/Developer/SDKs/MacOSX27.0.sdk/usr/include/c++/v1/__config:15:
/Applications/Xcode.app/Contents/Developer/Platforms/MacOSX.platform/Developer/SDKs/MacOSX27.0.sdk/usr/include/c++/v1/__configuration/availability.h:204:4: warning: "The selected platform is no longer supported by libc++." [-W#warnings]
  204 | #  warning "The selected platform is no longer supported by libc++."
      |    ^
1 warning generated.
1 warning generated.
  CXX      demux/mkv/libmkv_plugin_la-chapter_command.lo
  CXX      demux/mkv/libmkv_plugin_la-chapter_command_dvd.lo
In file included from ../../../modules/demux/mkv/chapter_command.cpp:24:
In file included from ../../../modules/demux/mkv/chapter_command.hpp:27:
In file included from ../../../modules/demux/mkv/mkv.hpp:32:
In file included from ../config.h:896:
In file included from ../../../include/vlc_fixups.h:166:
In file included from /Applications/Xcode.app/Contents/Developer/Platforms/MacOSX.platform/Developer/SDKs/MacOSX27.0.sdk/usr/include/c++/v1/stddef.h:30:
In file included from /Applications/Xcode.app/Contents/Developer/Platforms/MacOSX.platform/Developer/SDKs/MacOSX27.0.sdk/usr/include/c++/v1/__config:15:
/Applications/Xcode.app/Contents/Developer/Platforms/MacOSX.platform/Developer/SDKs/MacOSX27.0.sdk/usr/include/c++/v1/__configuration/availability.h:204:4: warning: "The selected platform is no longer supported by libc++." [-W#warnings]
  204 | #  warning "The selected platform is no longer supported by libc++."
      |    ^
In file included from ../../../modules/demux/mkv/chapter_command_dvd.cpp:9:
In file included from ../../../modules/demux/mkv/chapter_command_dvd.hpp:12:
In file included from ../../../modules/demux/mkv/chapter_command.hpp:27:
In file included from ../../../modules/demux/mkv/mkv.hpp:32:
In file included from ../config.h:896:
In file included from ../../../include/vlc_fixups.h:166:
In file included from /Applications/Xcode.app/Contents/Developer/Platforms/MacOSX.platform/Developer/SDKs/MacOSX27.0.sdk/usr/include/c++/v1/stddef.h:30:
In file included from /Applications/Xcode.app/Contents/Developer/Platforms/MacOSX.platform/Developer/SDKs/MacOSX27.0.sdk/usr/include/c++/v1/__config:15:
/Applications/Xcode.app/Contents/Developer/Platforms/MacOSX.platform/Developer/SDKs/MacOSX27.0.sdk/usr/include/c++/v1/__configuration/availability.h:204:4: warning: "The selected platform is no longer supported by libc++." [-W#warnings]
  204 | #  warning "The selected platform is no longer supported by libc++."
      |    ^
1 warning generated.
  CXX      demux/mkv/libmkv_plugin_la-chapter_command_script.lo
In file included from ../../../modules/demux/mkv/chapter_command_script.cpp:9:
In file included from ../../../modules/demux/mkv/chapter_command_script.hpp:11:
In file included from ../../../modules/demux/mkv/chapter_command_script_common.hpp:11:
In file included from ../../../modules/demux/mkv/chapter_command.hpp:27:
In file included from ../../../modules/demux/mkv/mkv.hpp:32:
In file included from ../config.h:896:
In file included from ../../../include/vlc_fixups.h:166:
In file included from /Applications/Xcode.app/Contents/Developer/Platforms/MacOSX.platform/Developer/SDKs/MacOSX27.0.sdk/usr/include/c++/v1/stddef.h:30:
In file included from /Applications/Xcode.app/Contents/Developer/Platforms/MacOSX.platform/Developer/SDKs/MacOSX27.0.sdk/usr/include/c++/v1/__config:15:
/Applications/Xcode.app/Contents/Developer/Platforms/MacOSX.platform/Developer/SDKs/MacOSX27.0.sdk/usr/include/c++/v1/__configuration/availability.h:204:4: warning: "The selected platform is no longer supported by libc++." [-W#warnings]
  204 | #  warning "The selected platform is no longer supported by libc++."
      |    ^
1 warning generated.
  CXX      demux/mkv/libmkv_plugin_la-chapter_command_script_common.lo
In file included from ../../../modules/demux/mkv/chapter_command_script_common.cpp:11:
In file included from ../../../modules/demux/mkv/chapter_command_script_common.hpp:11:
In file included from ../../../modules/demux/mkv/chapter_command.hpp:27:
In file included from ../../../modules/demux/mkv/mkv.hpp:32:
In file included from ../config.h:896:
In file included from ../../../include/vlc_fixups.h:166:
In file included from /Applications/Xcode.app/Contents/Developer/Platforms/MacOSX.platform/Developer/SDKs/MacOSX27.0.sdk/usr/include/c++/v1/stddef.h:30:
In file included from /Applications/Xcode.app/Contents/Developer/Platforms/MacOSX.platform/Developer/SDKs/MacOSX27.0.sdk/usr/include/c++/v1/__config:15:
/Applications/Xcode.app/Contents/Developer/Platforms/MacOSX.platform/Developer/SDKs/MacOSX27.0.sdk/usr/include/c++/v1/__configuration/availability.h:204:4: warning: "The selected platform is no longer supported by libc++." [-W#warnings]
  204 | #  warning "The selected platform is no longer supported by libc++."
      |    ^
1 warning generated.
  CXX      demux/mkv/libmkv_plugin_la-stream_io_callback.lo
In file included from ../../../modules/demux/mkv/stream_io_callback.cpp:24:
In file included from ../../../modules/demux/mkv/stream_io_callback.hpp:28:
In file included from ../config.h:896:
In file included from ../../../include/vlc_fixups.h:166:
In file included from /Applications/Xcode.app/Contents/Developer/Platforms/MacOSX.platform/Developer/SDKs/MacOSX27.0.sdk/usr/include/c++/v1/stddef.h:30:
In file included from /Applications/Xcode.app/Contents/Developer/Platforms/MacOSX.platform/Developer/SDKs/MacOSX27.0.sdk/usr/include/c++/v1/__config:15:
/Applications/Xcode.app/Contents/Developer/Platforms/MacOSX.platform/Developer/SDKs/MacOSX27.0.sdk/usr/include/c++/v1/__configuration/availability.h:204:4: warning: "The selected platform is no longer supported by libc++." [-W#warnings]
  204 | #  warning "The selected platform is no longer supported by libc++."
      |    ^
1 warning generated.
  CC       demux/mkv/libmkv_plugin_la-vlc_colors.lo
1 warning generated.
  CXX      demux/mkv/libmkv_plugin_la-lzokay.lo
1 warning generated.
  CXX      demux/mkv/libmkv_plugin_la-mkv.lo
In file included from ../../../modules/demux/mkv/lzokay.cpp:8:
In file included from ../config.h:896:
In file included from ../../../include/vlc_fixups.h:166:
In file included from /Applications/Xcode.app/Contents/Developer/Platforms/MacOSX.platform/Developer/SDKs/MacOSX27.0.sdk/usr/include/c++/v1/stddef.h:30:
In file included from /Applications/Xcode.app/Contents/Developer/Platforms/MacOSX.platform/Developer/SDKs/MacOSX27.0.sdk/usr/include/c++/v1/__config:15:
/Applications/Xcode.app/Contents/Developer/Platforms/MacOSX.platform/Developer/SDKs/MacOSX27.0.sdk/usr/include/c++/v1/__configuration/availability.h:204:4: warning: "The selected platform is no longer supported by libc++." [-W#warnings]
  204 | #  warning "The selected platform is no longer supported by libc++."
      |    ^
  CC       demux/mp4/libvlc_mp4_la-libmp4.lo
In file included from ../../../modules/demux/mkv/mkv.cpp:24:
In file included from ../../../modules/demux/mkv/mkv.hpp:32:
In file included from ../config.h:896:
In file included from ../../../include/vlc_fixups.h:166:
In file included from /Applications/Xcode.app/Contents/Developer/Platforms/MacOSX.platform/Developer/SDKs/MacOSX27.0.sdk/usr/include/c++/v1/stddef.h:30:
In file included from /Applications/Xcode.app/Contents/Developer/Platforms/MacOSX.platform/Developer/SDKs/MacOSX27.0.sdk/usr/include/c++/v1/__config:15:
/Applications/Xcode.app/Contents/Developer/Platforms/MacOSX.platform/Developer/SDKs/MacOSX27.0.sdk/usr/include/c++/v1/__configuration/availability.h:204:4: warning: "The selected platform is no longer supported by libc++." [-W#warnings]
  204 | #  warning "The selected platform is no longer supported by libc++."
      |    ^
1 warning generated.
1 warning generated.
  CC       demux/mp4/fragments.lo
  CC       demux/mp4/mp4.lo
  CC       demux/mp4/attachments.lo
  CC       demux/mp4/heif.lo
  CC       demux/mp4/essetup.lo
../../../modules/demux/mp4/essetup.c:1386:33: warning: unused parameter 'p_cfg' [-Wunused-parameter]
 1386 |                 track_config_t *p_cfg )
      |                                 ^
1 warning generated.
  CC       demux/mp4/meta.lo
  CCLD     libmpgv_plugin.la
  CC       demux/playlist/asx.lo
1 warning generated.
  CC       demux/playlist/b4s.lo
  CC       demux/playlist/bdmv.lo
  CC       demux/playlist/dvb.lo
  CC       demux/playlist/ifo.lo
  CC       demux/playlist/itml.lo
  CC       demux/playlist/m3u.lo
  CC       demux/playlist/pls.lo
  CC       demux/playlist/podcast.lo
  CC       demux/playlist/qtl.lo
  CC       demux/playlist/ram.lo
  CC       demux/playlist/sgimb.lo
  CC       demux/playlist/wms.lo
  CC       demux/playlist/wpl.lo
  CC       demux/playlist/xspf.lo
  CC       demux/playlist/playlist.lo
  CC       mux/mpeg/libts_plugin_la-csa.lo
  CC       mux/mpeg/libts_plugin_la-tables.lo
  CC       mux/mpeg/libts_plugin_la-tsutil.lo
  CXX      demux/adaptive/libadaptive_plugin_la-adaptive.lo
  CXX      demux/adaptive/playlist/libvlc_adaptive_la-BaseAdaptationSet.lo
In file included from ../../../modules/demux/adaptive/adaptive.cpp:26:
In file included from ../config.h:896:
In file included from ../../../include/vlc_fixups.h:166:
In file included from /Applications/Xcode.app/Contents/Developer/Platforms/MacOSX.platform/Developer/SDKs/MacOSX27.0.sdk/usr/include/c++/v1/stddef.h:30:
In file included from /Applications/Xcode.app/Contents/Developer/Platforms/MacOSX.platform/Developer/SDKs/MacOSX27.0.sdk/usr/include/c++/v1/__config:15:
/Applications/Xcode.app/Contents/Developer/Platforms/MacOSX.platform/Developer/SDKs/MacOSX27.0.sdk/usr/include/c++/v1/__configuration/availability.h:204:4: warning: "The selected platform is no longer supported by libc++." [-W#warnings]
  204 | #  warning "The selected platform is no longer supported by libc++."
      |    ^
In file included from ../../../modules/demux/adaptive/playlist/BaseAdaptationSet.cpp:26:
In file included from ../config.h:896:
In file included from ../../../include/vlc_fixups.h:166:
In file included from /Applications/Xcode.app/Contents/Developer/Platforms/MacOSX.platform/Developer/SDKs/MacOSX27.0.sdk/usr/include/c++/v1/stddef.h:30:
In file included from /Applications/Xcode.app/Contents/Developer/Platforms/MacOSX.platform/Developer/SDKs/MacOSX27.0.sdk/usr/include/c++/v1/__config:15:
/Applications/Xcode.app/Contents/Developer/Platforms/MacOSX.platform/Developer/SDKs/MacOSX27.0.sdk/usr/include/c++/v1/__configuration/availability.h:204:4: warning: "The selected platform is no longer supported by libc++." [-W#warnings]
  204 | #  warning "The selected platform is no longer supported by libc++."
      |    ^
  CXX      demux/adaptive/playlist/libvlc_adaptive_la-BasePeriod.lo
In file included from ../../../modules/demux/adaptive/playlist/BasePeriod.cpp:26:
In file included from ../config.h:896:
In file included from ../../../include/vlc_fixups.h:166:
In file included from /Applications/Xcode.app/Contents/Developer/Platforms/MacOSX.platform/Developer/SDKs/MacOSX27.0.sdk/usr/include/c++/v1/stddef.h:30:
In file included from /Applications/Xcode.app/Contents/Developer/Platforms/MacOSX.platform/Developer/SDKs/MacOSX27.0.sdk/usr/include/c++/v1/__config:15:
/Applications/Xcode.app/Contents/Developer/Platforms/MacOSX.platform/Developer/SDKs/MacOSX27.0.sdk/usr/include/c++/v1/__configuration/availability.h:204:4: warning: "The selected platform is no longer supported by libc++." [-W#warnings]
  204 | #  warning "The selected platform is no longer supported by libc++."
      |    ^
  CXX      demux/adaptive/playlist/libvlc_adaptive_la-BasePlaylist.lo
In file included from ../../../modules/demux/adaptive/playlist/BasePlaylist.cpp:22:
In file included from ../config.h:896:
In file included from ../../../include/vlc_fixups.h:166:
In file included from /Applications/Xcode.app/Contents/Developer/Platforms/MacOSX.platform/Developer/SDKs/MacOSX27.0.sdk/usr/include/c++/v1/stddef.h:30:
In file included from /Applications/Xcode.app/Contents/Developer/Platforms/MacOSX.platform/Developer/SDKs/MacOSX27.0.sdk/usr/include/c++/v1/__config:15:
/Applications/Xcode.app/Contents/Developer/Platforms/MacOSX.platform/Developer/SDKs/MacOSX27.0.sdk/usr/include/c++/v1/__configuration/availability.h:204:4: warning: "The selected platform is no longer supported by libc++." [-W#warnings]
  204 | #  warning "The selected platform is no longer supported by libc++."
      |    ^
1 warning generated.
  CXX      demux/adaptive/playlist/libvlc_adaptive_la-BaseRepresentation.lo
1 warning generated.
In file included from ../../../modules/demux/adaptive/playlist/BaseRepresentation.cpp:25:
In file included from ../config.h:896:
In file included from ../../../include/vlc_fixups.h:166:
In file included from /Applications/Xcode.app/Contents/Developer/Platforms/MacOSX.platform/Developer/SDKs/MacOSX27.0.sdk/usr/include/c++/v1/stddef.h:30:
In file included from /Applications/Xcode.app/Contents/Developer/Platforms/MacOSX.platform/Developer/SDKs/MacOSX27.0.sdk/usr/include/c++/v1/__config:15:
/Applications/Xcode.app/Contents/Developer/Platforms/MacOSX.platform/Developer/SDKs/MacOSX27.0.sdk/usr/include/c++/v1/__configuration/availability.h:204:4: warning: "The selected platform is no longer supported by libc++." [-W#warnings]
  204 | #  warning "The selected platform is no longer supported by libc++."
      |    ^
  CXX      demux/adaptive/playlist/libvlc_adaptive_la-CodecDescription.lo
In file included from ../../../modules/demux/adaptive/playlist/CodecDescription.cpp:21:
In file included from ../config.h:896:
In file included from ../../../include/vlc_fixups.h:166:
In file included from /Applications/Xcode.app/Contents/Developer/Platforms/MacOSX.platform/Developer/SDKs/MacOSX27.0.sdk/usr/include/c++/v1/stddef.h:30:
In file included from /Applications/Xcode.app/Contents/Developer/Platforms/MacOSX.platform/Developer/SDKs/MacOSX27.0.sdk/usr/include/c++/v1/__config:15:
/Applications/Xcode.app/Contents/Developer/Platforms/MacOSX.platform/Developer/SDKs/MacOSX27.0.sdk/usr/include/c++/v1/__configuration/availability.h:204:4: warning: "The selected platform is no longer supported by libc++." [-W#warnings]
  204 | #  warning "The selected platform is no longer supported by libc++."
      |    ^
1 warning generated.
  CXX      demux/adaptive/playlist/libvlc_adaptive_la-CommonAttributesElements.lo
In file included from ../../../modules/demux/adaptive/playlist/CommonAttributesElements.cpp:25:
In file included from ../config.h:896:
In file included from ../../../include/vlc_fixups.h:166:
In file included from /Applications/Xcode.app/Contents/Developer/Platforms/MacOSX.platform/Developer/SDKs/MacOSX27.0.sdk/usr/include/c++/v1/stddef.h:30:
In file included from /Applications/Xcode.app/Contents/Developer/Platforms/MacOSX.platform/Developer/SDKs/MacOSX27.0.sdk/usr/include/c++/v1/__config:15:
/Applications/Xcode.app/Contents/Developer/Platforms/MacOSX.platform/Developer/SDKs/MacOSX27.0.sdk/usr/include/c++/v1/__configuration/availability.h:204:4: warning: "The selected platform is no longer supported by libc++." [-W#warnings]
  204 | #  warning "The selected platform is no longer supported by libc++."
      |    ^
1 warning generated.
  CXX      demux/adaptive/playlist/libvlc_adaptive_la-Inheritables.lo
1 warning generated.
  CXX      demux/adaptive/playlist/libvlc_adaptive_la-Role.lo
In file included from ../../../modules/demux/adaptive/playlist/Inheritables.cpp:22:
In file included from ../config.h:896:
In file included from ../../../include/vlc_fixups.h:166:
In file included from /Applications/Xcode.app/Contents/Developer/Platforms/MacOSX.platform/Developer/SDKs/MacOSX27.0.sdk/usr/include/c++/v1/stddef.h:30:
In file included from /Applications/Xcode.app/Contents/Developer/Platforms/MacOSX.platform/Developer/SDKs/MacOSX27.0.sdk/usr/include/c++/v1/__config:15:
/Applications/Xcode.app/Contents/Developer/Platforms/MacOSX.platform/Developer/SDKs/MacOSX27.0.sdk/usr/include/c++/v1/__configuration/availability.h:204:4: warning: "The selected platform is no longer supported by libc++." [-W#warnings]
  204 | #  warning "The selected platform is no longer supported by libc++."
      |    ^
In file included from ../../../modules/demux/adaptive/playlist/Role.cpp:21:
In file included from ../config.h:896:
In file included from ../../../include/vlc_fixups.h:166:
In file included from /Applications/Xcode.app/Contents/Developer/Platforms/MacOSX.platform/Developer/SDKs/MacOSX27.0.sdk/usr/include/c++/v1/stddef.h:30:
In file included from /Applications/Xcode.app/Contents/Developer/Platforms/MacOSX.platform/Developer/SDKs/MacOSX27.0.sdk/usr/include/c++/v1/__config:15:
/Applications/Xcode.app/Contents/Developer/Platforms/MacOSX.platform/Developer/SDKs/MacOSX27.0.sdk/usr/include/c++/v1/__configuration/availability.h:204:4: warning: "The selected platform is no longer supported by libc++." [-W#warnings]
  204 | #  warning "The selected platform is no longer supported by libc++."
      |    ^
1 warning generated.
  CXX      demux/adaptive/playlist/libvlc_adaptive_la-Segment.lo
1 warning generated.
  CXX      demux/adaptive/playlist/libvlc_adaptive_la-SegmentBase.lo
In file included from ../../../modules/demux/adaptive/playlist/Segment.cpp:26:
In file included from ../config.h:896:
In file included from ../../../include/vlc_fixups.h:166:
In file included from /Applications/Xcode.app/Contents/Developer/Platforms/MacOSX.platform/Developer/SDKs/MacOSX27.0.sdk/usr/include/c++/v1/stddef.h:30:
In file included from /Applications/Xcode.app/Contents/Developer/Platforms/MacOSX.platform/Developer/SDKs/MacOSX27.0.sdk/usr/include/c++/v1/__config:15:
/Applications/Xcode.app/Contents/Developer/Platforms/MacOSX.platform/Developer/SDKs/MacOSX27.0.sdk/usr/include/c++/v1/__configuration/availability.h:204:4: warning: "The selected platform is no longer supported by libc++." [-W#warnings]
  204 | #  warning "The selected platform is no longer supported by libc++."
      |    ^
In file included from ../../../modules/demux/adaptive/playlist/SegmentBase.cpp:25:
In file included from ../config.h:896:
In file included from ../../../include/vlc_fixups.h:166:
In file included from /Applications/Xcode.app/Contents/Developer/Platforms/MacOSX.platform/Developer/SDKs/MacOSX27.0.sdk/usr/include/c++/v1/stddef.h:30:
In file included from /Applications/Xcode.app/Contents/Developer/Platforms/MacOSX.platform/Developer/SDKs/MacOSX27.0.sdk/usr/include/c++/v1/__config:15:
/Applications/Xcode.app/Contents/Developer/Platforms/MacOSX.platform/Developer/SDKs/MacOSX27.0.sdk/usr/include/c++/v1/__configuration/availability.h:204:4: warning: "The selected platform is no longer supported by libc++." [-W#warnings]
  204 | #  warning "The selected platform is no longer supported by libc++."
      |    ^
1 warning generated.
  CXX      demux/adaptive/playlist/libvlc_adaptive_la-SegmentBaseType.lo
In file included from ../../../modules/demux/adaptive/playlist/SegmentBaseType.cpp:21:
In file included from ../config.h:896:
In file included from ../../../include/vlc_fixups.h:166:
In file included from /Applications/Xcode.app/Contents/Developer/Platforms/MacOSX.platform/Developer/SDKs/MacOSX27.0.sdk/usr/include/c++/v1/stddef.h:30:
In file included from /Applications/Xcode.app/Contents/Developer/Platforms/MacOSX.platform/Developer/SDKs/MacOSX27.0.sdk/usr/include/c++/v1/__config:15:
/Applications/Xcode.app/Contents/Developer/Platforms/MacOSX.platform/Developer/SDKs/MacOSX27.0.sdk/usr/include/c++/v1/__configuration/availability.h:204:4: warning: "The selected platform is no longer supported by libc++." [-W#warnings]
  204 | #  warning "The selected platform is no longer supported by libc++."
      |    ^
1 warning generated.
  CXX      demux/adaptive/playlist/libvlc_adaptive_la-SegmentChunk.lo
In file included from ../../../modules/demux/adaptive/playlist/SegmentChunk.cpp:21:
In file included from ../config.h:896:
In file included from ../../../include/vlc_fixups.h:166:
In file included from /Applications/Xcode.app/Contents/Developer/Platforms/MacOSX.platform/Developer/SDKs/MacOSX27.0.sdk/usr/include/c++/v1/stddef.h:30:
In file included from /Applications/Xcode.app/Contents/Developer/Platforms/MacOSX.platform/Developer/SDKs/MacOSX27.0.sdk/usr/include/c++/v1/__config:15:
/Applications/Xcode.app/Contents/Developer/Platforms/MacOSX.platform/Developer/SDKs/MacOSX27.0.sdk/usr/include/c++/v1/__configuration/availability.h:204:4: warning: "The selected platform is no longer supported by libc++." [-W#warnings]
  204 | #  warning "The selected platform is no longer supported by libc++."
      |    ^
1 warning generated.
  CXX      demux/adaptive/playlist/libvlc_adaptive_la-SegmentList.lo
In file included from ../../../modules/demux/adaptive/playlist/SegmentList.cpp:25:
In file included from ../config.h:896:
In file included from ../../../include/vlc_fixups.h:166:
In file included from /Applications/Xcode.app/Contents/Developer/Platforms/MacOSX.platform/Developer/SDKs/MacOSX27.0.sdk/usr/include/c++/v1/stddef.h:30:
In file included from /Applications/Xcode.app/Contents/Developer/Platforms/MacOSX.platform/Developer/SDKs/MacOSX27.0.sdk/usr/include/c++/v1/__config:15:
/Applications/Xcode.app/Contents/Developer/Platforms/MacOSX.platform/Developer/SDKs/MacOSX27.0.sdk/usr/include/c++/v1/__configuration/availability.h:204:4: warning: "The selected platform is no longer supported by libc++." [-W#warnings]
  204 | #  warning "The selected platform is no longer supported by libc++."
      |    ^
1 warning generated.
  CXX      demux/adaptive/playlist/libvlc_adaptive_la-SegmentTimeline.lo
In file included from ../../../modules/demux/adaptive/playlist/SegmentTimeline.cpp:23:
In file included from ../config.h:896:
In file included from ../../../include/vlc_fixups.h:166:
In file included from /Applications/Xcode.app/Contents/Developer/Platforms/MacOSX.platform/Developer/SDKs/MacOSX27.0.sdk/usr/include/c++/v1/stddef.h:30:
In file included from /Applications/Xcode.app/Contents/Developer/Platforms/MacOSX.platform/Developer/SDKs/MacOSX27.0.sdk/usr/include/c++/v1/__config:15:
/Applications/Xcode.app/Contents/Developer/Platforms/MacOSX.platform/Developer/SDKs/MacOSX27.0.sdk/usr/include/c++/v1/__configuration/availability.h:204:4: warning: "The selected platform is no longer supported by libc++." [-W#warnings]
  204 | #  warning "The selected platform is no longer supported by libc++."
      |    ^
1 warning generated.
  CXX      demux/adaptive/playlist/libvlc_adaptive_la-SegmentInformation.lo
In file included from ../../../modules/demux/adaptive/playlist/SegmentInformation.cpp:21:
In file included from ../config.h:896:
In file included from ../../../include/vlc_fixups.h:166:
In file included from /Applications/Xcode.app/Contents/Developer/Platforms/MacOSX.platform/Developer/SDKs/MacOSX27.0.sdk/usr/include/c++/v1/stddef.h:30:
In file included from /Applications/Xcode.app/Contents/Developer/Platforms/MacOSX.platform/Developer/SDKs/MacOSX27.0.sdk/usr/include/c++/v1/__config:15:
/Applications/Xcode.app/Contents/Developer/Platforms/MacOSX.platform/Developer/SDKs/MacOSX27.0.sdk/usr/include/c++/v1/__configuration/availability.h:204:4: warning: "The selected platform is no longer supported by libc++." [-W#warnings]
  204 | #  warning "The selected platform is no longer supported by libc++."
      |    ^
1 warning generated.
  CXX      demux/adaptive/playlist/libvlc_adaptive_la-SegmentTemplate.lo
In file included from ../../../modules/demux/adaptive/playlist/SegmentTemplate.cpp:23:
In file included from ../config.h:896:
In file included from ../../../include/vlc_fixups.h:166:
In file included from /Applications/Xcode.app/Contents/Developer/Platforms/MacOSX.platform/Developer/SDKs/MacOSX27.0.sdk/usr/include/c++/v1/stddef.h:30:
In file included from /Applications/Xcode.app/Contents/Developer/Platforms/MacOSX.platform/Developer/SDKs/MacOSX27.0.sdk/usr/include/c++/v1/__config:15:
/Applications/Xcode.app/Contents/Developer/Platforms/MacOSX.platform/Developer/SDKs/MacOSX27.0.sdk/usr/include/c++/v1/__configuration/availability.h:204:4: warning: "The selected platform is no longer supported by libc++." [-W#warnings]
  204 | #  warning "The selected platform is no longer supported by libc++."
      |    ^
1 warning generated.
  CXX      demux/adaptive/playlist/libvlc_adaptive_la-Url.lo
In file included from ../../../modules/demux/adaptive/playlist/Url.cpp:21:
In file included from ../config.h:896:
In file included from ../../../include/vlc_fixups.h:166:
In file included from /Applications/Xcode.app/Contents/Developer/Platforms/MacOSX.platform/Developer/SDKs/MacOSX27.0.sdk/usr/include/c++/v1/stddef.h:30:
In file included from /Applications/Xcode.app/Contents/Developer/Platforms/MacOSX.platform/Developer/SDKs/MacOSX27.0.sdk/usr/include/c++/v1/__config:15:
/Applications/Xcode.app/Contents/Developer/Platforms/MacOSX.platform/Developer/SDKs/MacOSX27.0.sdk/usr/include/c++/v1/__configuration/availability.h:204:4: warning: "The selected platform is no longer supported by libc++." [-W#warnings]
  204 | #  warning "The selected platform is no longer supported by libc++."
      |    ^
1 warning generated.
  CXX      demux/adaptive/encryption/libvlc_adaptive_la-CommonEncryption.lo
In file included from ../../../modules/demux/adaptive/encryption/CommonEncryption.cpp:22:
In file included from ../config.h:896:
In file included from ../../../include/vlc_fixups.h:166:
In file included from /Applications/Xcode.app/Contents/Developer/Platforms/MacOSX.platform/Developer/SDKs/MacOSX27.0.sdk/usr/include/c++/v1/stddef.h:30:
In file included from /Applications/Xcode.app/Contents/Developer/Platforms/MacOSX.platform/Developer/SDKs/MacOSX27.0.sdk/usr/include/c++/v1/__config:15:
/Applications/Xcode.app/Contents/Developer/Platforms/MacOSX.platform/Developer/SDKs/MacOSX27.0.sdk/usr/include/c++/v1/__configuration/availability.h:204:4: warning: "The selected platform is no longer supported by libc++." [-W#warnings]
  204 | #  warning "The selected platform is no longer supported by libc++."
      |    ^
1 warning generated.
  CXX      demux/adaptive/encryption/libvlc_adaptive_la-Keyring.lo
In file included from ../../../modules/demux/adaptive/encryption/Keyring.cpp:22:
In file included from ../config.h:896:
In file included from ../../../include/vlc_fixups.h:166:
In file included from /Applications/Xcode.app/Contents/Developer/Platforms/MacOSX.platform/Developer/SDKs/MacOSX27.0.sdk/usr/include/c++/v1/stddef.h:30:
In file included from /Applications/Xcode.app/Contents/Developer/Platforms/MacOSX.platform/Developer/SDKs/MacOSX27.0.sdk/usr/include/c++/v1/__config:15:
/Applications/Xcode.app/Contents/Developer/Platforms/MacOSX.platform/Developer/SDKs/MacOSX27.0.sdk/usr/include/c++/v1/__configuration/availability.h:204:4: warning: "The selected platform is no longer supported by libc++." [-W#warnings]
  204 | #  warning "The selected platform is no longer supported by libc++."
      |    ^
1 warning generated.
  CXX      demux/adaptive/logic/libvlc_adaptive_la-AbstractAdaptationLogic.lo
In file included from ../../../modules/demux/adaptive/logic/AbstractAdaptationLogic.cpp:25:
In file included from ../config.h:896:
In file included from ../../../include/vlc_fixups.h:166:
In file included from /Applications/Xcode.app/Contents/Developer/Platforms/MacOSX.platform/Developer/SDKs/MacOSX27.0.sdk/usr/include/c++/v1/stddef.h:30:
In file included from /Applications/Xcode.app/Contents/Developer/Platforms/MacOSX.platform/Developer/SDKs/MacOSX27.0.sdk/usr/include/c++/v1/__config:15:
/Applications/Xcode.app/Contents/Developer/Platforms/MacOSX.platform/Developer/SDKs/MacOSX27.0.sdk/usr/include/c++/v1/__configuration/availability.h:204:4: warning: "The selected platform is no longer supported by libc++." [-W#warnings]
  204 | #  warning "The selected platform is no longer supported by libc++."
      |    ^
1 warning generated.
  CXX      demux/adaptive/logic/libvlc_adaptive_la-AlwaysBestAdaptationLogic.lo
1 warning generated.
  CXX      demux/adaptive/logic/libvlc_adaptive_la-AlwaysLowestAdaptationLogic.lo
In file included from ../../../modules/demux/adaptive/logic/AlwaysBestAdaptationLogic.cpp:25:
In file included from ../config.h:896:
In file included from ../../../include/vlc_fixups.h:166:
In file included from /Applications/Xcode.app/Contents/Developer/Platforms/MacOSX.platform/Developer/SDKs/MacOSX27.0.sdk/usr/include/c++/v1/stddef.h:30:
In file included from /Applications/Xcode.app/Contents/Developer/Platforms/MacOSX.platform/Developer/SDKs/MacOSX27.0.sdk/usr/include/c++/v1/__config:15:
/Applications/Xcode.app/Contents/Developer/Platforms/MacOSX.platform/Developer/SDKs/MacOSX27.0.sdk/usr/include/c++/v1/__configuration/availability.h:204:4: warning: "The selected platform is no longer supported by libc++." [-W#warnings]
  204 | #  warning "The selected platform is no longer supported by libc++."
      |    ^
In file included from ../../../modules/demux/adaptive/logic/AlwaysLowestAdaptationLogic.cpp:21:
In file included from ../config.h:896:
In file included from ../../../include/vlc_fixups.h:166:
In file included from /Applications/Xcode.app/Contents/Developer/Platforms/MacOSX.platform/Developer/SDKs/MacOSX27.0.sdk/usr/include/c++/v1/stddef.h:30:
In file included from /Applications/Xcode.app/Contents/Developer/Platforms/MacOSX.platform/Developer/SDKs/MacOSX27.0.sdk/usr/include/c++/v1/__config:15:
/Applications/Xcode.app/Contents/Developer/Platforms/MacOSX.platform/Developer/SDKs/MacOSX27.0.sdk/usr/include/c++/v1/__configuration/availability.h:204:4: warning: "The selected platform is no longer supported by libc++." [-W#warnings]
  204 | #  warning "The selected platform is no longer supported by libc++."
      |    ^
1 warning generated.
  CXX      demux/adaptive/logic/libvlc_adaptive_la-BufferingLogic.lo
1 warning generated.
  CXX      demux/adaptive/logic/libvlc_adaptive_la-NearOptimalAdaptationLogic.lo
In file included from ../../../modules/demux/adaptive/logic/BufferingLogic.cpp:21:
In file included from ../config.h:896:
In file included from ../../../include/vlc_fixups.h:166:
In file included from /Applications/Xcode.app/Contents/Developer/Platforms/MacOSX.platform/Developer/SDKs/MacOSX27.0.sdk/usr/include/c++/v1/stddef.h:30:
In file included from /Applications/Xcode.app/Contents/Developer/Platforms/MacOSX.platform/Developer/SDKs/MacOSX27.0.sdk/usr/include/c++/v1/__config:15:
/Applications/Xcode.app/Contents/Developer/Platforms/MacOSX.platform/Developer/SDKs/MacOSX27.0.sdk/usr/include/c++/v1/__configuration/availability.h:204:4: warning: "The selected platform is no longer supported by libc++." [-W#warnings]
  204 | #  warning "The selected platform is no longer supported by libc++."
      |    ^
In file included from ../../../modules/demux/adaptive/logic/NearOptimalAdaptationLogic.cpp:21:
In file included from ../config.h:896:
In file included from ../../../include/vlc_fixups.h:166:
In file included from /Applications/Xcode.app/Contents/Developer/Platforms/MacOSX.platform/Developer/SDKs/MacOSX27.0.sdk/usr/include/c++/v1/stddef.h:30:
In file included from /Applications/Xcode.app/Contents/Developer/Platforms/MacOSX.platform/Developer/SDKs/MacOSX27.0.sdk/usr/include/c++/v1/__config:15:
/Applications/Xcode.app/Contents/Developer/Platforms/MacOSX.platform/Developer/SDKs/MacOSX27.0.sdk/usr/include/c++/v1/__configuration/availability.h:204:4: warning: "The selected platform is no longer supported by libc++." [-W#warnings]
  204 | #  warning "The selected platform is no longer supported by libc++."
      |    ^
1 warning generated.
  CXX      demux/adaptive/logic/libvlc_adaptive_la-PredictiveAdaptationLogic.lo
1 warning generated.
  CXX      demux/adaptive/logic/libvlc_adaptive_la-RateBasedAdaptationLogic.lo
In file included from ../../../modules/demux/adaptive/logic/PredictiveAdaptationLogic.cpp:21:
In file included from ../config.h:896:
In file included from ../../../include/vlc_fixups.h:166:
In file included from /Applications/Xcode.app/Contents/Developer/Platforms/MacOSX.platform/Developer/SDKs/MacOSX27.0.sdk/usr/include/c++/v1/stddef.h:30:
In file included from /Applications/Xcode.app/Contents/Developer/Platforms/MacOSX.platform/Developer/SDKs/MacOSX27.0.sdk/usr/include/c++/v1/__config:15:
/Applications/Xcode.app/Contents/Developer/Platforms/MacOSX.platform/Developer/SDKs/MacOSX27.0.sdk/usr/include/c++/v1/__configuration/availability.h:204:4: warning: "The selected platform is no longer supported by libc++." [-W#warnings]
  204 | #  warning "The selected platform is no longer supported by libc++."
      |    ^
In file included from ../../../modules/demux/adaptive/logic/RateBasedAdaptationLogic.cpp:25:
In file included from ../config.h:896:
In file included from ../../../include/vlc_fixups.h:166:
In file included from /Applications/Xcode.app/Contents/Developer/Platforms/MacOSX.platform/Developer/SDKs/MacOSX27.0.sdk/usr/include/c++/v1/stddef.h:30:
In file included from /Applications/Xcode.app/Contents/Developer/Platforms/MacOSX.platform/Developer/SDKs/MacOSX27.0.sdk/usr/include/c++/v1/__config:15:
/Applications/Xcode.app/Contents/Developer/Platforms/MacOSX.platform/Developer/SDKs/MacOSX27.0.sdk/usr/include/c++/v1/__configuration/availability.h:204:4: warning: "The selected platform is no longer supported by libc++." [-W#warnings]
  204 | #  warning "The selected platform is no longer supported by libc++."
      |    ^
1 warning generated.
  CXX      demux/adaptive/logic/libvlc_adaptive_la-Representationselectors.lo
In file included from ../../../modules/demux/adaptive/logic/Representationselectors.cpp:21:
In file included from ../config.h:896:
In file included from ../../../include/vlc_fixups.h:166:
In file included from /Applications/Xcode.app/Contents/Developer/Platforms/MacOSX.platform/Developer/SDKs/MacOSX27.0.sdk/usr/include/c++/v1/stddef.h:30:
In file included from /Applications/Xcode.app/Contents/Developer/Platforms/MacOSX.platform/Developer/SDKs/MacOSX27.0.sdk/usr/include/c++/v1/__config:15:
/Applications/Xcode.app/Contents/Developer/Platforms/MacOSX.platform/Developer/SDKs/MacOSX27.0.sdk/usr/include/c++/v1/__configuration/availability.h:204:4: warning: "The selected platform is no longer supported by libc++." [-W#warnings]
  204 | #  warning "The selected platform is no longer supported by libc++."
      |    ^
1 warning generated.
  CXX      demux/adaptive/logic/libvlc_adaptive_la-RoundRobinLogic.lo
1 warning generated.
  CXX      demux/adaptive/mp4/libvlc_adaptive_la-AtomsReader.lo
In file included from ../../../modules/demux/adaptive/logic/RoundRobinLogic.cpp:2:
In file included from ../config.h:896:
In file included from ../../../include/vlc_fixups.h:166:
In file included from /Applications/Xcode.app/Contents/Developer/Platforms/MacOSX.platform/Developer/SDKs/MacOSX27.0.sdk/usr/include/c++/v1/stddef.h:30:
In file included from /Applications/Xcode.app/Contents/Developer/Platforms/MacOSX.platform/Developer/SDKs/MacOSX27.0.sdk/usr/include/c++/v1/__config:15:
/Applications/Xcode.app/Contents/Developer/Platforms/MacOSX.platform/Developer/SDKs/MacOSX27.0.sdk/usr/include/c++/v1/__configuration/availability.h:204:4: warning: "The selected platform is no longer supported by libc++." [-W#warnings]
  204 | #  warning "The selected platform is no longer supported by libc++."
      |    ^
1 warning generated.
  CXX      demux/adaptive/http/libvlc_adaptive_la-AuthStorage.lo
In file included from ../../../modules/demux/adaptive/mp4/AtomsReader.cpp:21:
In file included from ../config.h:896:
In file included from ../../../include/vlc_fixups.h:166:
In file included from /Applications/Xcode.app/Contents/Developer/Platforms/MacOSX.platform/Developer/SDKs/MacOSX27.0.sdk/usr/include/c++/v1/stddef.h:30:
In file included from /Applications/Xcode.app/Contents/Developer/Platforms/MacOSX.platform/Developer/SDKs/MacOSX27.0.sdk/usr/include/c++/v1/__config:15:
/Applications/Xcode.app/Contents/Developer/Platforms/MacOSX.platform/Developer/SDKs/MacOSX27.0.sdk/usr/include/c++/v1/__configuration/availability.h:204:4: warning: "The selected platform is no longer supported by libc++." [-W#warnings]
  204 | #  warning "The selected platform is no longer supported by libc++."
      |    ^
In file included from ../../../modules/demux/adaptive/http/AuthStorage.cpp:21:
In file included from ../config.h:896:
In file included from ../../../include/vlc_fixups.h:166:
In file included from /Applications/Xcode.app/Contents/Developer/Platforms/MacOSX.platform/Developer/SDKs/MacOSX27.0.sdk/usr/include/c++/v1/stddef.h:30:
In file included from /Applications/Xcode.app/Contents/Developer/Platforms/MacOSX.platform/Developer/SDKs/MacOSX27.0.sdk/usr/include/c++/v1/__config:15:
/Applications/Xcode.app/Contents/Developer/Platforms/MacOSX.platform/Developer/SDKs/MacOSX27.0.sdk/usr/include/c++/v1/__configuration/availability.h:204:4: warning: "The selected platform is no longer supported by libc++." [-W#warnings]
  204 | #  warning "The selected platform is no longer supported by libc++."
      |    ^
1 warning generated.
  CXX      demux/adaptive/http/libvlc_adaptive_la-BytesRange.lo
1 warning generated.
In file included from ../../../modules/demux/adaptive/http/BytesRange.cpp:22:
In file included from ../config.h:896:
In file included from ../../../include/vlc_fixups.h:166:
In file included from /Applications/Xcode.app/Contents/Developer/Platforms/MacOSX.platform/Developer/SDKs/MacOSX27.0.sdk/usr/include/c++/v1/stddef.h:30:
In file included from /Applications/Xcode.app/Contents/Developer/Platforms/MacOSX.platform/Developer/SDKs/MacOSX27.0.sdk/usr/include/c++/v1/__config:15:
/Applications/Xcode.app/Contents/Developer/Platforms/MacOSX.platform/Developer/SDKs/MacOSX27.0.sdk/usr/include/c++/v1/__configuration/availability.h:204:4: warning: "The selected platform is no longer supported by libc++." [-W#warnings]
  204 | #  warning "The selected platform is no longer supported by libc++."
      |    ^
  CXX      demux/adaptive/http/libvlc_adaptive_la-Chunk.lo
In file included from ../../../modules/demux/adaptive/http/Chunk.cpp:25:
In file included from ../config.h:896:
In file included from ../../../include/vlc_fixups.h:166:
In file included from /Applications/Xcode.app/Contents/Developer/Platforms/MacOSX.platform/Developer/SDKs/MacOSX27.0.sdk/usr/include/c++/v1/stddef.h:30:
In file included from /Applications/Xcode.app/Contents/Developer/Platforms/MacOSX.platform/Developer/SDKs/MacOSX27.0.sdk/usr/include/c++/v1/__config:15:
/Applications/Xcode.app/Contents/Developer/Platforms/MacOSX.platform/Developer/SDKs/MacOSX27.0.sdk/usr/include/c++/v1/__configuration/availability.h:204:4: warning: "The selected platform is no longer supported by libc++." [-W#warnings]
  204 | #  warning "The selected platform is no longer supported by libc++."
      |    ^
1 warning generated.
  CXX      demux/adaptive/http/libvlc_adaptive_la-ConnectionParams.lo
1 warning generated.
  CXX      demux/adaptive/http/libvlc_adaptive_la-Downloader.lo
In file included from ../../../modules/demux/adaptive/http/ConnectionParams.cpp:21:
In file included from ../config.h:896:
In file included from ../../../include/vlc_fixups.h:166:
In file included from /Applications/Xcode.app/Contents/Developer/Platforms/MacOSX.platform/Developer/SDKs/MacOSX27.0.sdk/usr/include/c++/v1/stddef.h:30:
In file included from /Applications/Xcode.app/Contents/Developer/Platforms/MacOSX.platform/Developer/SDKs/MacOSX27.0.sdk/usr/include/c++/v1/__config:15:
/Applications/Xcode.app/Contents/Developer/Platforms/MacOSX.platform/Developer/SDKs/MacOSX27.0.sdk/usr/include/c++/v1/__configuration/availability.h:204:4: warning: "The selected platform is no longer supported by libc++." [-W#warnings]
  204 | #  warning "The selected platform is no longer supported by libc++."
      |    ^
In file included from ../../../modules/demux/adaptive/http/Downloader.cpp:21:
In file included from ../config.h:896:
In file included from ../../../include/vlc_fixups.h:166:
In file included from /Applications/Xcode.app/Contents/Developer/Platforms/MacOSX.platform/Developer/SDKs/MacOSX27.0.sdk/usr/include/c++/v1/stddef.h:30:
In file included from /Applications/Xcode.app/Contents/Developer/Platforms/MacOSX.platform/Developer/SDKs/MacOSX27.0.sdk/usr/include/c++/v1/__config:15:
/Applications/Xcode.app/Contents/Developer/Platforms/MacOSX.platform/Developer/SDKs/MacOSX27.0.sdk/usr/include/c++/v1/__configuration/availability.h:204:4: warning: "The selected platform is no longer supported by libc++." [-W#warnings]
  204 | #  warning "The selected platform is no longer supported by libc++."
      |    ^
1 warning generated.
  CXX      demux/adaptive/http/libvlc_adaptive_la-HTTPConnection.lo
In file included from ../../../modules/demux/adaptive/http/HTTPConnection.cpp:21:
In file included from ../config.h:896:
In file included from ../../../include/vlc_fixups.h:166:
In file included from /Applications/Xcode.app/Contents/Developer/Platforms/MacOSX.platform/Developer/SDKs/MacOSX27.0.sdk/usr/include/c++/v1/stddef.h:30:
In file included from /Applications/Xcode.app/Contents/Developer/Platforms/MacOSX.platform/Developer/SDKs/MacOSX27.0.sdk/usr/include/c++/v1/__config:15:
/Applications/Xcode.app/Contents/Developer/Platforms/MacOSX.platform/Developer/SDKs/MacOSX27.0.sdk/usr/include/c++/v1/__configuration/availability.h:204:4: warning: "The selected platform is no longer supported by libc++." [-W#warnings]
  204 | #  warning "The selected platform is no longer supported by libc++."
      |    ^
1 warning generated.
  CXX      demux/adaptive/http/libvlc_adaptive_la-HTTPConnectionManager.lo
In file included from ../../../modules/demux/adaptive/http/HTTPConnectionManager.cpp:25:
In file included from ../config.h:896:
In file included from ../../../include/vlc_fixups.h:166:
In file included from /Applications/Xcode.app/Contents/Developer/Platforms/MacOSX.platform/Developer/SDKs/MacOSX27.0.sdk/usr/include/c++/v1/stddef.h:30:
In file included from /Applications/Xcode.app/Contents/Developer/Platforms/MacOSX.platform/Developer/SDKs/MacOSX27.0.sdk/usr/include/c++/v1/__config:15:
/Applications/Xcode.app/Contents/Developer/Platforms/MacOSX.platform/Developer/SDKs/MacOSX27.0.sdk/usr/include/c++/v1/__configuration/availability.h:204:4: warning: "The selected platform is no longer supported by libc++." [-W#warnings]
  204 | #  warning "The selected platform is no longer supported by libc++."
      |    ^
1 warning generated.
1 warning generated.
  CXX      demux/adaptive/plumbing/libvlc_adaptive_la-CommandsQueue.lo
  CXX      demux/adaptive/plumbing/libvlc_adaptive_la-Demuxer.lo
In file included from ../../../modules/demux/adaptive/plumbing/CommandsQueue.cpp:21:
In file included from ../config.h:896:
In file included from ../../../include/vlc_fixups.h:166:
In file included from /Applications/Xcode.app/Contents/Developer/Platforms/MacOSX.platform/Developer/SDKs/MacOSX27.0.sdk/usr/include/c++/v1/stddef.h:30:
In file included from /Applications/Xcode.app/Contents/Developer/Platforms/MacOSX.platform/Developer/SDKs/MacOSX27.0.sdk/usr/include/c++/v1/__config:15:
/Applications/Xcode.app/Contents/Developer/Platforms/MacOSX.platform/Developer/SDKs/MacOSX27.0.sdk/usr/include/c++/v1/__configuration/availability.h:204:4: warning: "The selected platform is no longer supported by libc++." [-W#warnings]
  204 | #  warning "The selected platform is no longer supported by libc++."
      |    ^
In file included from ../../../modules/demux/adaptive/plumbing/Demuxer.cpp:22:
In file included from ../config.h:896:
In file included from ../../../include/vlc_fixups.h:166:
In file included from /Applications/Xcode.app/Contents/Developer/Platforms/MacOSX.platform/Developer/SDKs/MacOSX27.0.sdk/usr/include/c++/v1/stddef.h:30:
In file included from /Applications/Xcode.app/Contents/Developer/Platforms/MacOSX.platform/Developer/SDKs/MacOSX27.0.sdk/usr/include/c++/v1/__config:15:
/Applications/Xcode.app/Contents/Developer/Platforms/MacOSX.platform/Developer/SDKs/MacOSX27.0.sdk/usr/include/c++/v1/__configuration/availability.h:204:4: warning: "The selected platform is no longer supported by libc++." [-W#warnings]
  204 | #  warning "The selected platform is no longer supported by libc++."
      |    ^
1 warning generated.
  CXX      demux/adaptive/plumbing/libvlc_adaptive_la-FakeESOut.lo
In file included from ../../../modules/demux/adaptive/plumbing/FakeESOut.cpp:22:
In file included from ../config.h:896:
In file included from ../../../include/vlc_fixups.h:166:
In file included from /Applications/Xcode.app/Contents/Developer/Platforms/MacOSX.platform/Developer/SDKs/MacOSX27.0.sdk/usr/include/c++/v1/stddef.h:30:
In file included from /Applications/Xcode.app/Contents/Developer/Platforms/MacOSX.platform/Developer/SDKs/MacOSX27.0.sdk/usr/include/c++/v1/__config:15:
/Applications/Xcode.app/Contents/Developer/Platforms/MacOSX.platform/Developer/SDKs/MacOSX27.0.sdk/usr/include/c++/v1/__configuration/availability.h:204:4: warning: "The selected platform is no longer supported by libc++." [-W#warnings]
  204 | #  warning "The selected platform is no longer supported by libc++."
      |    ^
1 warning generated.
  CXX      demux/adaptive/plumbing/libvlc_adaptive_la-FakeESOutID.lo
In file included from ../../../modules/demux/adaptive/plumbing/FakeESOutID.cpp:22:
In file included from ../config.h:896:
In file included from ../../../include/vlc_fixups.h:166:
In file included from /Applications/Xcode.app/Contents/Developer/Platforms/MacOSX.platform/Developer/SDKs/MacOSX27.0.sdk/usr/include/c++/v1/stddef.h:30:
In file included from /Applications/Xcode.app/Contents/Developer/Platforms/MacOSX.platform/Developer/SDKs/MacOSX27.0.sdk/usr/include/c++/v1/__config:15:
/Applications/Xcode.app/Contents/Developer/Platforms/MacOSX.platform/Developer/SDKs/MacOSX27.0.sdk/usr/include/c++/v1/__configuration/availability.h:204:4: warning: "The selected platform is no longer supported by libc++." [-W#warnings]
  204 | #  warning "The selected platform is no longer supported by libc++."
      |    ^
1 warning generated.
  CXX      demux/adaptive/plumbing/libvlc_adaptive_la-SourceStream.lo
In file included from ../../../modules/demux/adaptive/plumbing/SourceStream.cpp:22:
In file included from ../config.h:896:
In file included from ../../../include/vlc_fixups.h:166:
In file included from /Applications/Xcode.app/Contents/Developer/Platforms/MacOSX.platform/Developer/SDKs/MacOSX27.0.sdk/usr/include/c++/v1/stddef.h:30:
In file included from /Applications/Xcode.app/Contents/Developer/Platforms/MacOSX.platform/Developer/SDKs/MacOSX27.0.sdk/usr/include/c++/v1/__config:15:
/Applications/Xcode.app/Contents/Developer/Platforms/MacOSX.platform/Developer/SDKs/MacOSX27.0.sdk/usr/include/c++/v1/__configuration/availability.h:204:4: warning: "The selected platform is no longer supported by libc++." [-W#warnings]
  204 | #  warning "The selected platform is no longer supported by libc++."
      |    ^
1 warning generated.
  CXX      demux/adaptive/tools/libvlc_adaptive_la-Conversions.lo
1 warning generated.
  CXX      demux/adaptive/tools/libvlc_adaptive_la-FormatNamespace.lo
In file included from ../../../modules/demux/adaptive/tools/Conversions.cpp:22:
In file included from ../config.h:896:
In file included from ../../../include/vlc_fixups.h:166:
In file included from /Applications/Xcode.app/Contents/Developer/Platforms/MacOSX.platform/Developer/SDKs/MacOSX27.0.sdk/usr/include/c++/v1/stddef.h:30:
In file included from /Applications/Xcode.app/Contents/Developer/Platforms/MacOSX.platform/Developer/SDKs/MacOSX27.0.sdk/usr/include/c++/v1/__config:15:
/Applications/Xcode.app/Contents/Developer/Platforms/MacOSX.platform/Developer/SDKs/MacOSX27.0.sdk/usr/include/c++/v1/__configuration/availability.h:204:4: warning: "The selected platform is no longer supported by libc++." [-W#warnings]
  204 | #  warning "The selected platform is no longer supported by libc++."
      |    ^
In file included from ../../../modules/demux/adaptive/tools/FormatNamespace.cpp:21:
In file included from ../config.h:896:
In file included from ../../../include/vlc_fixups.h:166:
In file included from /Applications/Xcode.app/Contents/Developer/Platforms/MacOSX.platform/Developer/SDKs/MacOSX27.0.sdk/usr/include/c++/v1/stddef.h:30:
In file included from /Applications/Xcode.app/Contents/Developer/Platforms/MacOSX.platform/Developer/SDKs/MacOSX27.0.sdk/usr/include/c++/v1/__config:15:
/Applications/Xcode.app/Contents/Developer/Platforms/MacOSX.platform/Developer/SDKs/MacOSX27.0.sdk/usr/include/c++/v1/__configuration/availability.h:204:4: warning: "The selected platform is no longer supported by libc++." [-W#warnings]
  204 | #  warning "The selected platform is no longer supported by libc++."
      |    ^
1 warning generated.
  CXX      demux/adaptive/tools/libvlc_adaptive_la-Helper.lo
1 warning generated.
  CXX      demux/adaptive/tools/libvlc_adaptive_la-Retrieve.lo
In file included from ../../../modules/demux/adaptive/tools/Helper.cpp:25:
In file included from ../config.h:896:
In file included from ../../../include/vlc_fixups.h:166:
In file included from /Applications/Xcode.app/Contents/Developer/Platforms/MacOSX.platform/Developer/SDKs/MacOSX27.0.sdk/usr/include/c++/v1/stddef.h:30:
In file included from /Applications/Xcode.app/Contents/Developer/Platforms/MacOSX.platform/Developer/SDKs/MacOSX27.0.sdk/usr/include/c++/v1/__config:15:
/Applications/Xcode.app/Contents/Developer/Platforms/MacOSX.platform/Developer/SDKs/MacOSX27.0.sdk/usr/include/c++/v1/__configuration/availability.h:204:4: warning: "The selected platform is no longer supported by libc++." [-W#warnings]
  204 | #  warning "The selected platform is no longer supported by libc++."
      |    ^
In file included from ../../../modules/demux/adaptive/tools/Retrieve.cpp:22:
In file included from ../config.h:896:
In file included from ../../../include/vlc_fixups.h:166:
In file included from /Applications/Xcode.app/Contents/Developer/Platforms/MacOSX.platform/Developer/SDKs/MacOSX27.0.sdk/usr/include/c++/v1/stddef.h:30:
In file included from /Applications/Xcode.app/Contents/Developer/Platforms/MacOSX.platform/Developer/SDKs/MacOSX27.0.sdk/usr/include/c++/v1/__config:15:
/Applications/Xcode.app/Contents/Developer/Platforms/MacOSX.platform/Developer/SDKs/MacOSX27.0.sdk/usr/include/c++/v1/__configuration/availability.h:204:4: warning: "The selected platform is no longer supported by libc++." [-W#warnings]
  204 | #  warning "The selected platform is no longer supported by libc++."
      |    ^
In file included from ../../../modules/demux/adaptive/tools/FormatNamespace.cpp:26:
../../../modules/demux/adaptive/tools/../../../packetizer/mpeg4audio.h:86:5: warning: array designators are a C99 extension [-Wc99-designator]
   86 |     [0] = 0, /* Set later */
      |     ^~~
2 warnings generated.
1 warning generated.
  CXX      demux/adaptive/xml/libvlc_adaptive_la-DOMParser.lo
  CXX      demux/adaptive/xml/libvlc_adaptive_la-DOMHelper.lo
In file included from ../../../modules/demux/adaptive/xml/DOMParser.cpp:25:
In file included from ../config.h:896:
In file included from ../../../include/vlc_fixups.h:166:
In file included from /Applications/Xcode.app/Contents/Developer/Platforms/MacOSX.platform/Developer/SDKs/MacOSX27.0.sdk/usr/include/c++/v1/stddef.h:30:
In file included from /Applications/Xcode.app/Contents/Developer/Platforms/MacOSX.platform/Developer/SDKs/MacOSX27.0.sdk/usr/include/c++/v1/__config:15:
/Applications/Xcode.app/Contents/Developer/Platforms/MacOSX.platform/Developer/SDKs/MacOSX27.0.sdk/usr/include/c++/v1/__configuration/availability.h:204:4: warning: "The selected platform is no longer supported by libc++." [-W#warnings]
  204 | #  warning "The selected platform is In file included from ../../../modules/demux/adaptive/xml/DOMHelper.cpp:25:
In file included from ../config.h:896:
In file included from ../../../include/vlc_fixups.hno longer supp:166:
In file included from /Applications/Xcode.app/Contents/Developer/Platforms/MacOSX.platform/Developer/SDKs/MacOSX27.0.sdk/usr/include/c++/v1/stddef.horted by:30:
In file included from /Applications/Xcode.app/Contents/Developer/Platforms/MacOSX.platform/Developer/SDKs/MacOSX27.0.sdk/usr/include/c++/v1/__config:15 libc++."
      |    ^
:
/Applications/Xcode.app/Contents/Developer/Platforms/MacOSX.platform/Developer/SDKs/MacOSX27.0.sdk/usr/include/c++/v1/__configuration/availability.h:204:4: warning: "The selected platform is no longer supported by libc++." [-W#warnings]
  204 | #  warning "The selected platform is no longer supported by libc++."
      |    ^
1 warning generated.
  CXX      demux/adaptive/xml/libvlc_adaptive_la-Namespaces.lo
In file included from ../../../modules/demux/adaptive/xml/Namespaces.cpp:21:
In file included from ../config.h:896:
In file included from ../../../include/vlc_fixups.h:166:
In file included from /Applications/Xcode.app/Contents/Developer/Platforms/MacOSX.platform/Developer/SDKs/MacOSX27.0.sdk/usr/include/c++/v1/stddef.h:30:
In file included from /Applications/Xcode.app/Contents/Developer/Platforms/MacOSX.platform/Developer/SDKs/MacOSX27.0.sdk/usr/include/c++/v1/__config:15:
/Applications/Xcode.app/Contents/Developer/Platforms/MacOSX.platform/Developer/SDKs/MacOSX27.0.sdk/usr/include/c++/v1/__configuration/availability.h:204:4: warning: "The selected platform is no longer supported by libc++." [-W#warnings]
  204 | #  warning "The selected platform is no longer supported by libc++."
      |    ^
1 warning generated.
  CXX      demux/adaptive/xml/libvlc_adaptive_la-Node.lo
In file included from ../../../modules/demux/adaptive/xml/Node.cpp:25:
In file included from ../config.h:896:
In file included from ../../../include/vlc_fixups.h:166:
In file included from /Applications/Xcode.app/Contents/Developer/Platforms/MacOSX.platform/Developer/SDKs/MacOSX27.0.sdk/usr/include/c++/v1/stddef.h:30:
In file included from /Applications/Xcode.app/Contents/Developer/Platforms/MacOSX.platform/Developer/SDKs/MacOSX27.0.sdk/usr/include/c++/v1/__config:15:
/Applications/Xcode.app/Contents/Developer/Platforms/MacOSX.platform/Developer/SDKs/MacOSX27.0.sdk/usr/include/c++/v1/__configuration/availability.h:204:4: warning: "The selected platform is no longer supported by libc++." [-W#warnings]
  204 | #  warning "The selected platform is no longer supported by libc++."
      |    ^
1 warning generated.
  CXX      demux/dash/mpd/libvlc_adaptive_la-AdaptationSet.lo
In file included from ../../../modules/demux/dash/mpd/AdaptationSet.cpp:25:
In file included from ../config.h:896:
In file included from ../../../include/vlc_fixups.h:166:
In file included from /Applications/Xcode.app/Contents/Developer/Platforms/MacOSX.platform/Developer/SDKs/MacOSX27.0.sdk/usr/include/c++/v1/stddef.h:30:
In file included from /Applications/Xcode.app/Contents/Developer/Platforms/MacOSX.platform/Developer/SDKs/MacOSX27.0.sdk/usr/include/c++/v1/__config:15:
/Applications/Xcode.app/Contents/Developer/Platforms/MacOSX.platform/Developer/SDKs/MacOSX27.0.sdk/usr/include/c++/v1/__configuration/availability.h:204:4: warning: "The selected platform is no longer supported by libc++." [-W#warnings]
  204 | #  warning "The selected platform is no longer supported by libc++."
      |    ^
1 warning generated.
  CXX      demux/dash/mpd/libvlc_adaptive_la-DASHCommonAttributesElements.lo
In file included from ../../../modules/demux/dash/mpd/DASHCommonAttributesElements.cpp:25:
In file included from ../config.h:896:
In file included from ../../../include/vlc_fixups.h:166:
In file included from /Applications/Xcode.app/Contents/Developer/Platforms/MacOSX.platform/Developer/SDKs/MacOSX27.0.sdk/usr/include/c++/v1/stddef.h:30:
In file included from /Applications/Xcode.app/Contents/Developer/Platforms/MacOSX.platform/Developer/SDKs/MacOSX27.0.sdk/usr/include/c++/v1/__config:15:
/Applications/Xcode.app/Contents/Developer/Platforms/MacOSX.platform/Developer/SDKs/MacOSX27.0.sdk/usr/include/c++/v1/__configuration/availability.h:204:4: warning: "The selected platform is no longer supported by libc++." [-W#warnings]
  204 | #  warning "The selected platform is no longer supported by libc++."
      |    ^
1 warning generated.
  CXX      demux/dash/mpd/libvlc_adaptive_la-DASHSegment.lo
In file included from ../../../modules/demux/dash/mpd/DASHSegment.cpp:26:
In file included from ../config.h:896:
In file included from ../../../include/vlc_fixups.h:166:
In file included from /Applications/Xcode.app/Contents/Developer/Platforms/MacOSX.platform/Developer/SDKs/MacOSX27.0.sdk/usr/include/c++/v1/stddef.h:30:
In file included from /Applications/Xcode.app/Contents/Developer/Platforms/MacOSX.platform/Developer/SDKs/MacOSX27.0.sdk/usr/include/c++/v1/__config:15:
/Applications/Xcode.app/Contents/Developer/Platforms/MacOSX.platform/Developer/SDKs/MacOSX27.0.sdk/usr/include/c++/v1/__configuration/availability.h:204:4: warning: "The selected platform is no longer supported by libc++." [-W#warnings]
  204 | #  warning "The selected platform is no longer supported by libc++."
      |    ^
1 warning generated.
  CXX      demux/dash/mpd/libvlc_adaptive_la-ContentDescription.lo
In file included from ../../../modules/demux/dash/mpd/ContentDescription.cpp:25:
In file included from ../config.h:896:
In file included from ../../../include/vlc_fixups.h:166:
In file included from /Applications/Xcode.app/Contents/Developer/Platforms/MacOSX.platform/Developer/SDKs/MacOSX27.0.sdk/usr/include/c++/v1/stddef.h:30:
In file included from /Applications/Xcode.app/Contents/Developer/Platforms/MacOSX.platform/Developer/SDKs/MacOSX27.0.sdk/usr/include/c++/v1/__config:15:
/Applications/Xcode.app/Contents/Developer/Platforms/MacOSX.platform/Developer/SDKs/MacOSX27.0.sdk/usr/include/c++/v1/__configuration/availability.h:204:4: warning: "The selected platform is no longer supported by libc++." [-W#warnings]
  204 | #  warning "The selected platform is no longer supported by libc++."
      |    ^
1 warning generated.
  CXX      demux/dash/mpd/libvlc_adaptive_la-IsoffMainParser.lo
In file included from ../../../modules/demux/dash/mpd/IsoffMainParser.cpp:26:
In file included from ../config.h:896:
In file included from ../../../include/vlc_fixups.h:166:
In file included from /Applications/Xcode.app/Contents/Developer/Platforms/MacOSX.platform/Developer/SDKs/MacOSX27.0.sdk/usr/include/c++/v1/stddef.h:30:
In file included from /Applications/Xcode.app/Contents/Developer/Platforms/MacOSX.platform/Developer/SDKs/MacOSX27.0.sdk/usr/include/c++/v1/__config:15:
/Applications/Xcode.app/Contents/Developer/Platforms/MacOSX.platform/Developer/SDKs/MacOSX27.0.sdk/usr/include/c++/v1/__configuration/availability.h:204:4: warning: "The selected platform is no longer supported by libc++." [-W#warnings]
  204 | #  warning "The selected platform is no longer supported by libc++."
      |    ^
1 warning generated.
  CXX      demux/dash/mpd/libvlc_adaptive_la-MPD.lo
1 warning generated.
  CXX      demux/dash/mpd/libvlc_adaptive_la-Profile.lo
In file included from ../../../modules/demux/dash/mpd/MPD.cpp:25:
In file included from ../config.h:896:
In file included from ../../../include/vlc_fixups.h:166:
In file included from /Applications/Xcode.app/Contents/Developer/Platforms/MacOSX.platform/Developer/SDKs/MacOSX27.0.sdk/usr/include/c++/v1/stddef.h:30:
In file included from /Applications/Xcode.app/Contents/Developer/Platforms/MacOSX.platform/Developer/SDKs/MacOSX27.0.sdk/usr/include/c++/v1/__config:15:
/Applications/Xcode.app/Contents/Developer/Platforms/MacOSX.platform/Developer/SDKs/MacOSX27.0.sdk/usr/include/c++/v1/__configuration/availability.h:204:4: warning: "The selected platform is no longer supported by libc++." [-W#warnings]
  204 | #  warning "The selected platform is no longer supported by libc++."
      |    ^
In file included from ../../../modules/demux/dash/mpd/Profile.cpp:21:
In file included from ../config.h:896:
In file included from ../../../include/vlc_fixups.h:166:
In file included from /Applications/Xcode.app/Contents/Developer/Platforms/MacOSX.platform/Developer/SDKs/MacOSX27.0.sdk/usr/include/c++/v1/stddef.h:30:
In file included from /Applications/Xcode.app/Contents/Developer/Platforms/MacOSX.platform/Developer/SDKs/MacOSX27.0.sdk/usr/include/c++/v1/__config:15:
/Applications/Xcode.app/Contents/Developer/Platforms/MacOSX.platform/Developer/SDKs/MacOSX27.0.sdk/usr/include/c++/v1/__configuration/availability.h:204:4: warning: "The selected platform is no longer supported by libc++." [-W#warnings]
  204 | #  warning "The selected platform is no longer supported by libc++."
      |    ^
1 warning generated.
  CXX      demux/dash/mpd/libvlc_adaptive_la-ProgramInformation.lo
In file included from ../../../modules/demux/dash/mpd/ProgramInformation.cpp:25:
In file included from ../config.h:896:
In file included from ../../../include/vlc_fixups.h:166:
In file included from /Applications/Xcode.app/Contents/Developer/Platforms/MacOSX.platform/Developer/SDKs/MacOSX27.0.sdk/usr/include/c++/v1/stddef.h:30:
In file included from /Applications/Xcode.app/Contents/Developer/Platforms/MacOSX.platform/Developer/SDKs/MacOSX27.0.sdk/usr/include/c++/v1/__config:15:
/Applications/Xcode.app/Contents/Developer/Platforms/MacOSX.platform/Developer/SDKs/MacOSX27.0.sdk/usr/include/c++/v1/__configuration/availability.h:204:4: warning: "The selected platform is no longer supported by libc++." [-W#warnings]
  204 | #  warning "The selected platform is no longer supported by libc++."
      |    ^
1 warning generated.
  CXX      demux/dash/mpd/libvlc_adaptive_la-Representation.lo
1 warning generated.
In file included from ../../../modules/demux/dash/mpd/Representation.cpp:25:
In file included from ../config.h:896:
In file included from ../../../include/vlc_fixups.h:166:
In file included from /Applications/Xcode.app/Contents/Developer/Platforms/MacOSX.platform/Developer/SDKs/MacOSX27.0.sdk/usr/include/c++/v1/stddef.h:30:
In file included from /Applications/Xcode.app/Contents/Developer/Platforms/MacOSX.platform/Developer/SDKs/MacOSX27.0.sdk/usr/include/c++/v1/__config:15:
/Applications/Xcode.app/Contents/Developer/Platforms/MacOSX.platform/Developer/SDKs/MacOSX27.0.sdk/usr/include/c++/v1/__configuration/availability.h:204:4: warning: "The selected platform is no longer supported by libc++." [-W#warnings]
  204 | #  warning "The selected platform is no longer supported by libc++."
      |    ^
  CXX      demux/dash/mpd/libvlc_adaptive_la-TemplatedUri.lo
In file included from ../../../modules/demux/dash/mpd/TemplatedUri.cpp:22:
In file included from ../config.h:896:
In file included from ../../../include/vlc_fixups.h:166:
In file included from /Applications/Xcode.app/Contents/Developer/Platforms/MacOSX.platform/Developer/SDKs/MacOSX27.0.sdk/usr/include/c++/v1/stddef.h:30:
In file included from /Applications/Xcode.app/Contents/Developer/Platforms/MacOSX.platform/Developer/SDKs/MacOSX27.0.sdk/usr/include/c++/v1/__config:15:
/Applications/Xcode.app/Contents/Developer/Platforms/MacOSX.platform/Developer/SDKs/MacOSX27.0.sdk/usr/include/c++/v1/__configuration/availability.h:204:4: warning: "The selected platform is no longer supported by libc++." [-W#warnings]
  204 | #  warning "The selected platform is no longer supported by libc++."
      |    ^
1 warning generated.
  CXX      demux/dash/mp4/libvlc_adaptive_la-IndexReader.lo
In file included from ../../../modules/demux/dash/mp4/IndexReader.cpp:21:
In file included from ../config.h:896:
In file included from ../../../include/vlc_fixups.h:166:
In file included from /Applications/Xcode.app/Contents/Developer/Platforms/MacOSX.platform/Developer/SDKs/MacOSX27.0.sdk/usr/include/c++/v1/stddef.h:30:
In file included from /Applications/Xcode.app/Contents/Developer/Platforms/MacOSX.platform/Developer/SDKs/MacOSX27.0.sdk/usr/include/c++/v1/__config:15:
/Applications/Xcode.app/Contents/Developer/Platforms/MacOSX.platform/Developer/SDKs/MacOSX27.0.sdk/usr/include/c++/v1/__configuration/availability.h:204:4: warning: "The selected platform is no longer supported by libc++." [-W#warnings]
  204 | #  warning "The selected platform is no longer supported by libc++."
      |    ^
1 warning generated.
  CXX      demux/dash/libvlc_adaptive_la-DASHManager.lo
In file included from ../../../modules/demux/dash/DASHManager.cpp:26:
In file included from ../config.h:896:
In file included from ../../../include/vlc_fixups.h:166:
In file included from /Applications/Xcode.app/Contents/Developer/Platforms/MacOSX.platform/Developer/SDKs/MacOSX27.0.sdk/usr/include/c++/v1/stddef.h:30:
In file included from /Applications/Xcode.app/Contents/Developer/Platforms/MacOSX.platform/Developer/SDKs/MacOSX27.0.sdk/usr/include/c++/v1/__config:15:
/Applications/Xcode.app/Contents/Developer/Platforms/MacOSX.platform/Developer/SDKs/MacOSX27.0.sdk/usr/include/c++/v1/__configuration/availability.h:204:4: warning: "The selected platform is no longer supported by libc++." [-W#warnings]
  204 | #  warning "The selected platform is no longer supported by libc++."
      |    ^
1 warning generated.
  CXX      demux/dash/libvlc_adaptive_la-DASHStream.lo
1 warning generated.
  CXX      demux/hls/playlist/libvlc_adaptive_la-M3U8.lo
In file included from ../../../modules/demux/dash/DASHStream.cpp:21:
In file included from ../config.h:896:
In file included from ../../../include/vlc_fixups.h:166:
In file included from /Applications/Xcode.app/Contents/Developer/Platforms/MacOSX.platform/Developer/SDKs/MacOSX27.0.sdk/usr/include/c++/v1/stddef.h:30:
In file included from /Applications/Xcode.app/Contents/Developer/Platforms/MacOSX.platform/Developer/SDKs/MacOSX27.0.sdk/usr/include/c++/v1/__config:15:
/Applications/Xcode.app/Contents/Developer/Platforms/MacOSX.platform/Developer/SDKs/MacOSX27.0.sdk/usr/include/c++/v1/__configuration/availability.h:204:4: warning: "The selected platform is no longer supported by libc++." [-W#warnings]
  204 | #  warning "The selected platform is no longer supported by libc++."
      |    ^
In file included from ../../../modules/demux/hls/playlist/M3U8.cpp:21:
In file included from ../config.h:896:
In file included from ../../../include/vlc_fixups.h:166:
In file included from /Applications/Xcode.app/Contents/Developer/Platforms/MacOSX.platform/Developer/SDKs/MacOSX27.0.sdk/usr/include/c++/v1/stddef.h:30:
In file included from /Applications/Xcode.app/Contents/Developer/Platforms/MacOSX.platform/Developer/SDKs/MacOSX27.0.sdk/usr/include/c++/v1/__config:15:
/Applications/Xcode.app/Contents/Developer/Platforms/MacOSX.platform/Developer/SDKs/MacOSX27.0.sdk/usr/include/c++/v1/__configuration/availability.h:204:4: warning: "The selected platform is no longer supported by libc++." [-W#warnings]
  204 | #  warning "The selected platform is no longer supported by libc++."
      |    ^
1 warning generated.
  CXX      demux/hls/playlist/libvlc_adaptive_la-Parser.lo
In file included from ../../../modules/demux/hls/playlist/Parser.cpp:21:
In file included from ../config.h:896:
In file included from ../../../include/vlc_fixups.h:166:
In file included from /Applications/Xcode.app/Contents/Developer/Platforms/MacOSX.platform/Developer/SDKs/MacOSX27.0.sdk/usr/include/c++/v1/stddef.h:30:
In file included from /Applications/Xcode.app/Contents/Developer/Platforms/MacOSX.platform/Developer/SDKs/MacOSX27.0.sdk/usr/include/c++/v1/__config:15:
/Applications/Xcode.app/Contents/Developer/Platforms/MacOSX.platform/Developer/SDKs/MacOSX27.0.sdk/usr/include/c++/v1/__configuration/availability.h:204:4: warning: "The selected platform is no longer supported by libc++." [-W#warnings]
  204 | #  warning "The selected platform is no longer supported by libc++."
      |    ^
1 warning generated.
  CXX      demux/hls/playlist/libvlc_adaptive_la-HLSRepresentation.lo
1 warning generated.
In file included from ../../../modules/demux/hls/playlist/HLSRepresentation.cpp:21:
In file included from ../config.h:896:
In file included from ../../../include/vlc_fixups.h:166:
In file included from /Applications/Xcode.app/Contents/Developer/Platforms/MacOSX.platform/Developer/SDKs/MacOSX27.0.sdk/usr/include/c++/v1/stddef.h:30:
In file included from /Applications/Xcode.app/Contents/Developer/Platforms/MacOSX.platform/Developer/SDKs/MacOSX27.0.sdk/usr/include/c++/v1/__config:15:
/Applications/Xcode.app/Contents/Developer/Platforms/MacOSX.platform/Developer/SDKs/MacOSX27.0.sdk/usr/include/c++/v1/__configuration/availability.h:204:4: warning: "The selected platform is no longer supported by libc++." [-W#warnings]
  204 | #  warning "The selected platform is no longer supported by libc++."
      |    ^
  CXX      demux/hls/playlist/libvlc_adaptive_la-HLSSegment.lo
1 warning generated.
  CXX      demux/hls/playlist/libvlc_adaptive_la-Tags.lo
In file included from ../../../modules/demux/hls/playlist/HLSSegment.cpp:21:
In file included from ../config.h:896:
In file included from ../../../include/vlc_fixups.h:166:
In file included from /Applications/Xcode.app/Contents/Developer/Platforms/MacOSX.platform/Developer/SDKs/MacOSX27.0.sdk/usr/include/c++/v1/stddef.h:30:
In file included from /Applications/Xcode.app/Contents/Developer/Platforms/MacOSX.platform/Developer/SDKs/MacOSX27.0.sdk/usr/include/c++/v1/__config:15:
/Applications/Xcode.app/Contents/Developer/Platforms/MacOSX.platform/Developer/SDKs/MacOSX27.0.sdk/usr/include/c++/v1/__configuration/availability.h:204:4: warning: "The selected platform is no longer supported by libc++." [-W#warnings]
  204 | #  warning "The selected platform is no longer supported by libc++."
      |    ^
In file included from ../../../modules/demux/hls/playlist/Tags.cpp:21:
In file included from ../config.h:896:
In file included from ../../../include/vlc_fixups.h:166:
In file included from /Applications/Xcode.app/Contents/Developer/Platforms/MacOSX.platform/Developer/SDKs/MacOSX27.0.sdk/usr/include/c++/v1/stddef.h:30:
In file included from /Applications/Xcode.app/Contents/Developer/Platforms/MacOSX.platform/Developer/SDKs/MacOSX27.0.sdk/usr/include/c++/v1/__config:15:
/Applications/Xcode.app/Contents/Developer/Platforms/MacOSX.platform/Developer/SDKs/MacOSX27.0.sdk/usr/include/c++/v1/__configuration/availability.h:204:4: warning: "The selected platform is no longer supported by libc++." [-W#warnings]
  204 | #  warning "The selected platform is no longer supported by libc++."
      |    ^
1 warning generated.
  CXX      demux/hls/libvlc_adaptive_la-HLSManager.lo
1 warning generated.
  CXX      demux/hls/libvlc_adaptive_la-HLSStreams.lo
In file included from ../../../modules/demux/hls/HLSManager.cpp:22:
In file included from ../config.h:896:
In file included from ../../../include/vlc_fixups.h:166:
In file included from /Applications/Xcode.app/Contents/Developer/Platforms/MacOSX.platform/Developer/SDKs/MacOSX27.0.sdk/usr/include/c++/v1/stddef.h:30:
In file included from /Applications/Xcode.app/Contents/Developer/Platforms/MacOSX.platform/Developer/SDKs/MacOSX27.0.sdk/usr/include/c++/v1/__config:15:
/Applications/Xcode.app/Contents/Developer/Platforms/MacOSX.platform/Developer/SDKs/MacOSX27.0.sdk/usr/include/c++/v1/__configuration/availability.h:204:4: warning: "The selected platform is no longer supported by libc++." [-W#warnings]
  204 | #  warning "The selected platform is no longer supported by libc++."
      |    ^
In file included from ../../../modules/demux/hls/HLSStreams.cpp:21:
In file included from ../config.h:896:
In file included from ../../../include/vlc_fixups.h:166:
In file included from /Applications/Xcode.app/Contents/Developer/Platforms/MacOSX.platform/Developer/SDKs/MacOSX27.0.sdk/usr/include/c++/v1/stddef.h:30:
In file included from /Applications/Xcode.app/Contents/Developer/Platforms/MacOSX.platform/Developer/SDKs/MacOSX27.0.sdk/usr/include/c++/v1/__config:15:
/Applications/Xcode.app/Contents/Developer/Platforms/MacOSX.platform/Developer/SDKs/MacOSX27.0.sdk/usr/include/c++/v1/__configuration/availability.h:204:4: warning: "The selected platform is no longer supported by libc++." [-W#warnings]
  204 | #  warning "The selected platform is no longer supported by libc++."
      |    ^
1 warning generated.
  CXX      demux/smooth/mp4/libvlc_adaptive_la-SmoothIndexReader.lo
In file included from ../../../modules/demux/smooth/mp4/SmoothIndexReader.cpp:21:
In file included from ../config.h:896:
In file included from ../../../include/vlc_fixups.h:166:
In file included from /Applications/Xcode.app/Contents/Developer/Platforms/MacOSX.platform/Developer/SDKs/MacOSX27.0.sdk/usr/include/c++/v1/stddef.h:30:
In file included from /Applications/Xcode.app/Contents/Developer/Platforms/MacOSX.platform/Developer/SDKs/MacOSX27.0.sdk/usr/include/c++/v1/__config:15:
/Applications/Xcode.app/Contents/Developer/Platforms/MacOSX.platform/Developer/SDKs/MacOSX27.0.sdk/usr/include/c++/v1/__configuration/availability.h:204:4: warning: "The selected platform is no longer supported by libc++." [-W#warnings]
  204 | #  warning "The selected platform is no longer supported by libc++."
      |    ^
1 warning generated.
  CXX      demux/smooth/playlist/libvlc_adaptive_la-CodecParameters.lo
In file included from ../../../modules/demux/smooth/playlist/CodecParameters.cpp:21:
In file included from ../config.h:896:
In file included from ../../../include/vlc_fixups.h:166:
In file included from /Applications/Xcode.app/Contents/Developer/Platforms/MacOSX.platform/Developer/SDKs/MacOSX27.0.sdk/usr/include/c++/v1/stddef.h:30:
In file included from /Applications/Xcode.app/Contents/Developer/Platforms/MacOSX.platform/Developer/SDKs/MacOSX27.0.sdk/usr/include/c++/v1/__config:15:
/Applications/Xcode.app/Contents/Developer/Platforms/MacOSX.platform/Developer/SDKs/MacOSX27.0.sdk/usr/include/c++/v1/__configuration/availability.h:204:4: warning: "The selected platform is no longer supported by libc++." [-W#warnings]
  204 | #  warning "The selected platform is no longer supported by libc++."
      |    ^
1 warning generated.
  CXX      demux/smooth/playlist/libvlc_adaptive_la-ForgedInitSegment.lo
In file included from ../../../modules/demux/smooth/playlist/ForgedInitSegment.cpp:21:
In file included from ../config.h:896:
In file included from ../../../include/vlc_fixups.h:166:
In file included from /Applications/Xcode.app/Contents/Developer/Platforms/MacOSX.platform/Developer/SDKs/MacOSX27.0.sdk/usr/include/c++/v1/stddef.h:30:
In file included from /Applications/Xcode.app/Contents/Developer/Platforms/MacOSX.platform/Developer/SDKs/MacOSX27.0.sdk/usr/include/c++/v1/__config:15:
/Applications/Xcode.app/Contents/Developer/Platforms/MacOSX.platform/Developer/SDKs/MacOSX27.0.sdk/usr/include/c++/v1/__configuration/availability.h:204:4: warning: "The selected platform is no longer supported by libc++." [-W#warnings]
  204 | #  warning "The selected platform is no longer supported by libc++."
      |    ^
1 warning generated.
  CXX      demux/smooth/playlist/libvlc_adaptive_la-Manifest.lo
1 warning generated.
1 warning generated.
  CXX      demux/smooth/playlist/libvlc_adaptive_la-MemoryChunk.lo
  CXX      demux/smooth/playlist/libvlc_adaptive_la-SmoothParser.lo
In file included from ../../../modules/demux/smooth/playlist/Manifest.cpp:21:
In file included from ../config.h:896:
In file included from ../../../include/vlc_fixups.h:166:
In file included from /Applications/Xcode.app/Contents/Developer/Platforms/MacOSX.platform/Developer/SDKs/MacOSX27.0.sdk/usr/include/c++/v1/stddef.h:30:
In file included from /Applications/Xcode.app/Contents/Developer/Platforms/MacOSX.platform/Developer/SDKs/MacOSX27.0.sdk/usr/include/c++/v1/__config:15:
/Applications/Xcode.app/Contents/Developer/Platforms/MacOSX.platform/Developer/SDKs/MacOSX27.0.sdk/usr/include/c++/v1/__configuration/availability.h:204:4: warning: "The selected platform is no longer supported by libc++." [-W#warnings]
  204 | #  warning "The selected platform is no longer supported by libc++."
      |    ^
In file included from ../../../modules/demux/smooth/playlist/MemoryChunk.cpp:21:
In file included from ../config.h:896:
In file included from ../../../include/vlc_fixups.h:166:
In file included from /Applications/Xcode.app/Contents/Developer/Platforms/MacOSX.platform/Developer/SDKs/MacOSX27.0.sdk/usr/include/c++/v1/stddef.h:30:
In file included from /Applications/Xcode.app/Contents/Developer/Platforms/MacOSX.platform/Developer/SDKs/MacOSX27.0.sdk/usr/include/c++/v1/__config:15:
/Applications/Xcode.app/Contents/Developer/Platforms/MacOSX.platform/Developer/SDKs/MacOSX27.0.sdk/usr/include/c++/v1/__configuration/availability.h:204:4: warning: "The selected platform is no longer supported by libc++." [-W#warnings]
  204 | #  warning "The selected platform is no longer supported by libc++."
      |    ^
In file included from ../../../modules/demux/smooth/playlist/SmoothParser.cpp:21:
In file included from ../config.h:896:
In file included from ../../../include/vlc_fixups.h:166:
In file included from /Applications/Xcode.app/Contents/Developer/Platforms/MacOSX.platform/Developer/SDKs/MacOSX27.0.sdk/usr/include/c++/v1/stddef.h:30:
In file included from /Applications/Xcode.app/Contents/Developer/Platforms/MacOSX.platform/Developer/SDKs/MacOSX27.0.sdk/usr/include/c++/v1/__config:15:
/Applications/Xcode.app/Contents/Developer/Platforms/MacOSX.platform/Developer/SDKs/MacOSX27.0.sdk/usr/include/c++/v1/__configuration/availability.h:204:4: warning: "The selected platform is no longer supported by libc++." [-W#warnings]
  204 | #  warning "The selected platform is no longer supported by libc++."
      |    ^
1 warning generated.
  CXX      demux/smooth/playlist/libvlc_adaptive_la-QualityLevel.lo
1 warning generated.
In file included from ../../../modules/demux/smooth/playlist/QualityLevel.cpp:21:
In file included from ../config.h:896:
In file included from ../../../include/vlc_fixups.h:166:
In file included from /Applications/Xcode.app/Contents/Developer/Platforms/MacOSX.platform/Developer/SDKs/MacOSX27.0.sdk/usr/include/c++/v1/stddef.h:30:
In file included from /Applications/Xcode.app/Contents/Developer/Platforms/MacOSX.platform/Developer/SDKs/MacOSX27.0.sdk/usr/include/c++/v1/__config:15:
/Applications/Xcode.app/Contents/Developer/Platforms/MacOSX.platform/Developer/SDKs/MacOSX27.0.sdk/usr/include/c++/v1/__configuration/availability.h:204:4: warning: "The selected platform is no longer supported by libc++." [-W#warnings]
  204 | #  warning "The selected platform is no longer supported by libc++."
      |    ^
  CXX      demux/smooth/playlist/libvlc_adaptive_la-SmoothSegment.lo
1 warning generated.
In file included from ../../../modules/demux/smooth/playlist/SmoothSegment.cpp:21:
In file included from ../config.h:896:
In file included from ../../../include/vlc_fixups.h:166:
In file included from /Applications/Xcode.app/Contents/Developer/Platforms/MacOSX.platform/Developer/SDKs/MacOSX27.0.sdk/usr/include/c++/v1/stddef.h:30:
In file included from /Applications/Xcode.app/Contents/Developer/Platforms/MacOSX.platform/Developer/SDKs/MacOSX27.0.sdk/usr/include/c++/v1/__config:15:
/Applications/Xcode.app/Contents/Developer/Platforms/MacOSX.platform/Developer/SDKs/MacOSX27.0.sdk/usr/include/c++/v1/__configuration/availability.h:204:4: warning: "The selected platform is no longer supported by libc++." [-W#warnings]
  204 | #  warning "The selected platform is no longer supported by libc++."
      |    ^
  CXX      demux/smooth/libvlc_adaptive_la-SmoothManager.lo
In file included from ../../../modules/demux/smooth/SmoothManager.cpp:21:
In file included from ../config.h:896:
In file included from ../../../include/vlc_fixups.h:166:
In file included from /Applications/Xcode.app/Contents/Developer/Platforms/MacOSX.platform/Developer/SDKs/MacOSX27.0.sdk/usr/include/c++/v1/stddef.h:30:
In file included from /Applications/Xcode.app/Contents/Developer/Platforms/MacOSX.platform/Developer/SDKs/MacOSX27.0.sdk/usr/include/c++/v1/__config:15:
/Applications/Xcode.app/Contents/Developer/Platforms/MacOSX.platform/Developer/SDKs/MacOSX27.0.sdk/usr/include/c++/v1/__configuration/availability.h:204:4: warning: "The selected platform is no longer supported by libc++." [-W#warnings]
  204 | #  warning "The selected platform is no longer supported by libc++."
      |    ^
1 warning generated.
  CXX      demux/smooth/libvlc_adaptive_la-SmoothStream.lo
In file included from ../../../modules/demux/smooth/SmoothStream.cpp:21:
In file included from ../config.h:896:
In file included from ../../../include/vlc_fixups.h:166:
In file included from /Applications/Xcode.app/Contents/Developer/Platforms/MacOSX.platform/Developer/SDKs/MacOSX27.0.sdk/usr/include/c++/v1/stddef.h:30:
In file included from /Applications/Xcode.app/Contents/Developer/Platforms/MacOSX.platform/Developer/SDKs/MacOSX27.0.sdk/usr/include/c++/v1/__config:15:
/Applications/Xcode.app/Contents/Developer/Platforms/MacOSX.platform/Developer/SDKs/MacOSX27.0.sdk/usr/include/c++/v1/__configuration/availability.h:204:4: warning: "The selected platform is no longer supported by libc++." [-W#warnings]
  204 | #  warning "The selected platform is no longer supported by libc++."
      |    ^
1 warning generated.
  CC       mux/mp4/libmp4mux.lo
1 warning generated.
  CC       demux/filter/noseek.lo
1 warning generated.
  CXX      stream_out/chromecast/libdemux_chromecast_plugin_la-chromecast_demux.lo
  CC       gui/libncurses_plugin_la-ncurses.lo
In file included from ../../../modules/stream_out/chromecast/chromecast_demux.cpp:28:
In file included from ../config.h:896:
In file included from ../../../include/vlc_fixups.h:166:
In file included from /Applications/Xcode.app/Contents/Developer/Platforms/MacOSX.platform/Developer/SDKs/MacOSX27.0.sdk/usr/include/c++/v1/stddef.h:30:
In file included from /Applications/Xcode.app/Contents/Developer/Platforms/MacOSX.platform/Developer/SDKs/MacOSX27.0.sdk/usr/include/c++/v1/__config:15:
/Applications/Xcode.app/Contents/Developer/Platforms/MacOSX.platform/Developer/SDKs/MacOSX27.0.sdk/usr/include/c++/v1/__configuration/availability.h:204:4: warning: "The selected platform is no longer supported by libc++." [-W#warnings]
  204 | #  warning "The selected platform is no longer supported by libc++."
      |    ^
1 warning generated.
1 warning generated.
  CC       keystore/memory.lo
  CC       keystore/list_util.lo
  CC       keystore/file.lo
  OBJC     keystore/libkeychain_plugin_la-keychain.lo
  CC       logger/console.lo
  CC       logger/file.lo
  CC       logger/syslog.lo
  CC       logger/json.lo
  CC       meta_engine/folder.lo
  CXX      meta_engine/libtaglib_plugin_la-taglib.lo
In file included from ../../../modules/meta_engine/taglib.cpp:26:
In file included from ../config.h:896:
In file included from ../../../include/vlc_fixups.h:166:
In file included from /Applications/Xcode.app/Contents/Developer/Platforms/MacOSX.platform/Developer/SDKs/MacOSX27.0.sdk/usr/include/c++/v1/stddef.h:30:
In file included from /Applications/Xcode.app/Contents/Developer/Platforms/MacOSX.platform/Developer/SDKs/MacOSX27.0.sdk/usr/include/c++/v1/__config:15:
/Applications/Xcode.app/Contents/Developer/Platforms/MacOSX.platform/Developer/SDKs/MacOSX27.0.sdk/usr/include/c++/v1/__configuration/availability.h:204:4: warning: "The selected platform is no longer supported by libc++." [-W#warnings]
  204 | #  warning "The selected platform is no longer supported by libc++."
      |    ^
  CC       misc/stats.lo
  CC       misc/audioscrobbler.lo
../../../modules/keystore/keychain.m:193:23: warning: 'kSecAttrAccessibleAlways' is deprecated: first deprecated in macOS 10.14 - Use an accessibility level that provides some user protection, such as kSecAttrAccessibleAfterFirstUnlock [-Wdeprecated-declarations]
  193 |             secattr = kSecAttrAccessibleAlways;
      |                       ^
/Applications/Xcode.app/Contents/Developer/Platforms/MacOSX.platform/Developer/SDKs/MacOSX27.0.sdk/System/Library/Frameworks/Security.framework/Headers/SecItem.h:609:26: note: 'kSecAttrAccessibleAlways' has been explicitly marked deprecated here
  609 | extern const CFStringRef kSecAttrAccessibleAlways
      |                          ^
../../../modules/keystore/keychain.m:199:23: warning: 'kSecAttrAccessibleAlwaysThisDeviceOnly' is deprecated: first deprecated in macOS 10.14 - Use an accessibility level that provides some user protection, such as kSecAttrAccessibleAfterFirstUnlockThisDeviceOnly [-Wdeprecated-declarations]
  199 |             secattr = kSecAttrAccessibleAlwaysThisDeviceOnly;
      |                       ^
/Applications/Xcode.app/Contents/Developer/Platforms/MacOSX.platform/Developer/SDKs/MacOSX27.0.sdk/System/Library/Frameworks/Security.framework/Headers/SecItem.h:617:26: note: 'kSecAttrAccessibleAlwaysThisDeviceOnly' has been explicitly marked deprecated here
  617 | extern const CFStringRef kSecAttrAccessibleAlwaysThisDeviceOnly
      |                          ^
  CC       misc/playlist/html.lo
2 warnings generated.
  CC       misc/playlist/m3u.lo
  CC       misc/playlist/xspf.lo
  CC       misc/playlist/export.lo
  CCLD     libgnutls_plugin.la
  CCLD     libsecuretransport_plugin.la
  CC       misc/inhibit/iokit-inhibit.lo
  CC       misc/addons/vorepository.lo
In file included from ../../../modules/meta_engine/taglib.cpp:81:
../../../modules/meta_engine/ID3Pictures.h:53:5: warning: array designators are a C99 extension [-Wc99-designator]
   53 |     [ID3_PICTURE_OTHER]                 = 0,
      |     ^~~~~~~~~~~~~~~~~~~
../../../modules/misc/addons/vorepository.c:401:37: warning: 'tempnam' is deprecated: This function is provided for compatibility reasons only.  Due to security concerns inherent in the design of tempnam(3), it is highly recommended that you use mkstemp(3) instead. [-Wdeprecated-declarations]
  401 |     p_finder->p_sys->psz_tempfile = tempnam( NULL, "vlp" );
      |                                     ^
/Applications/Xcode.app/Contents/Developer/Platforms/MacOSX.platform/Developer/SDKs/MacOSX27.0.sdk/usr/include/_stdio.h:407:1: note: 'tempnam' has been explicitly marked deprecated here
  407 | __deprecated_msg("This function is provided for compatibility reasons only.  Due to security concerns inherent in the design of tempnam(3), it is highly recommended that you use mkstemp(3) instead.")
      | ^
/Applications/Xcode.app/Contents/Developer/Platforms/MacOSX.platform/Developer/SDKs/MacOSX27.0.sdk/usr/include/sys/cdefs.h:227:48: note: expanded from macro '__deprecated_msg'
  227 |         #define __deprecated_msg(_msg) __attribute__((__deprecated__(_msg)))
      |                                                       ^
1 warning generated.
  CC       misc/addons/fsstorage.lo
  CC       misc/xml/libxml_plugin_la-libxml.lo
  CXX      misc/medialibrary/libmedialibrary_plugin_la-medialibrary.lo
In file included from ../../../modules/misc/medialibrary/medialibrary.cpp:22:
In file included from ../config.h:896:
In file included from ../../../include/vlc_fixups.h:166:
In file included from /Applications/Xcode.app/Contents/Developer/Platforms/MacOSX.platform/Developer/SDKs/MacOSX27.0.sdk/usr/include/c++/v1/stddef.h:30:
In file included from /Applications/Xcode.app/Contents/Developer/Platforms/MacOSX.platform/Developer/SDKs/MacOSX27.0.sdk/usr/include/c++/v1/__config:15:
/Applications/Xcode.app/Contents/Developer/Platforms/MacOSX.platform/Developer/SDKs/MacOSX27.0.sdk/usr/include/c++/v1/__configuration/availability.h:204:4: warning: "The selected platform is no longer supported by libc++." [-W#warnings]
  204 | #  warning "The selected platform is no longer supported by libc++."
      |    ^
  CXX      misc/medialibrary/libmedialibrary_plugin_la-MetadataExtractor.lo
  CXX      misc/medialibrary/libmedialibrary_plugin_la-entities.lo
In file included from ../../../modules/misc/medialibrary/entities.cpp:22:
In file included from ../config.h:896In file included from ../../../modules/misc/medialibrary/MetadataExtractor.cpp:22:
In file included from ../../../include/vlc_fixups.h:166:
In file included from /Applications/Xcode.app/Contents/Developer/Platforms/MacOSX.platform/Developer/SDKs/MacOSX27.0.sdk/usr/include/c++/v1/stddef.h:30:
In file included from /Applications/Xcode.app/Contents/Developer/Platforms/MacOSX.platform/Developer/SDKs/MacOSX27.0.sdk/usr/include/c++/v1/__config:15:
/Applications/Xcode.app/Contents/Developer/Platforms/MacOSX.platform/Developer/SDKs/MacOSX27.0.sdk/usr/include/c++/v1/__configuration/availability.h::
In file included from ../config.h:204:4: 896:
In file included from ../../../include/vlc_fixups.h:166:
In file included from /Applications/Xcode.app/Contents/Developer/Platforms/MacOSX.platform/Developer/SDKs/MacOSX27.0.sdk/usr/include/c++/v1/stddef.h:30:
In file included from /Applications/Xcode.app/Contents/Developer/Platforms/MacOSX.platform/Developer/SDKs/MacOSX27.0.sdk/usr/include/c++/v1/__configwarning: "The selected platform is no longer supported by libc++." [-W#warnings]
:15  204 | #:
/Applications/Xcode.app/Contents/Developer/Platforms/MacOSX.platform/Developer/SDKs/MacOSX27.0.sdk/usr/include/c++/v1/__configuration/availability.h:204:4: warning: "The selected platform is no longer supported by libc++." [-W#warnings]
  warning   204 | #  "The warning "The selected pselectelatform is no longer supported by libc++."
      |    ^
d platform is no longer supported by libc++."
      |    ^
2 warnings generated.
  CXX      misc/medialibrary/libmedialibrary_plugin_la-Thumbnailer.lo
In file included from ../../../modules/misc/medialibrary/Thumbnailer.cpp:22:
In file included from ../config.h:896:
In file included from ../../../include/vlc_fixups.h:166:
In file included from /Applications/Xcode.app/Contents/Developer/Platforms/MacOSX.platform/Developer/SDKs/MacOSX27.0.sdk/usr/include/c++/v1/stddef.h:30:
In file included from /Applications/Xcode.app/Contents/Developer/Platforms/MacOSX.platform/Developer/SDKs/MacOSX27.0.sdk/usr/include/c++/v1/__config:15:
/Applications/Xcode.app/Contents/Developer/Platforms/MacOSX.platform/Developer/SDKs/MacOSX27.0.sdk/usr/include/c++/v1/__configuration/availability.h:204:4: warning: "The selected platform is no longer supported by libc++." [-W#warnings]
  204 | #  warning "The selected platform is no longer supported by libc++."
      |    ^
1 warning generated.
  CXX      misc/medialibrary/fs/libmedialibrary_plugin_la-device.lo
In file included from ../../../modules/misc/medialibrary/fs/device.cpp:22:
In file included from ../config.h:896:
In file included from ../../../include/vlc_fixups.h:166:
In file included from /Applications/Xcode.app/Contents/Developer/Platforms/MacOSX.platform/Developer/SDKs/MacOSX27.0.sdk/usr/include/c++/v1/stddef.h:30:
In file included from /Applications/Xcode.app/Contents/Developer/Platforms/MacOSX.platform/Developer/SDKs/MacOSX27.0.sdk/usr/include/c++/v1/__config:15:
/Applications/Xcode.app/Contents/Developer/Platforms/MacOSX.platform/Developer/SDKs/MacOSX27.0.sdk/usr/include/c++/v1/__configuration/availability.h:204:4: warning: "The selected platform is no longer supported by libc++." [-W#warnings]
  204 | #  warning "The selected platform is no longer supported by libc++."
      |    ^
1 warning generated.
  CXX      misc/medialibrary/fs/libmedialibrary_plugin_la-directory.lo
In file included from ../../../modules/misc/medialibrary/fs/directory.cpp:22:
In file included from ../config.h:896:
In file included from ../../../include/vlc_fixups.h:166:
In file included from /Applications/Xcode.app/Contents/Developer/Platforms/MacOSX.platform/Developer/SDKs/MacOSX27.0.sdk/usr/include/c++/v1/stddef.h:30:
In file included from /Applications/Xcode.app/Contents/Developer/Platforms/MacOSX.platform/Developer/SDKs/MacOSX27.0.sdk/usr/include/c++/v1/__config:15:
/Applications/Xcode.app/Contents/Developer/Platforms/MacOSX.platform/Developer/SDKs/MacOSX27.0.sdk/usr/include/c++/v1/__configuration/availability.h:204:4: warning: "The selected platform is no longer supported by libc++." [-W#warnings]
  204 | #  warning "The selected platform is no longer supported by libc++."
      |    ^
1 warning generated.
  CXX      misc/medialibrary/fs/libmedialibrary_plugin_la-file.lo
In file included from ../../../modules/misc/medialibrary/fs/file.cpp:22:
In file included from ../config.h:896:
In file included from ../../../include/vlc_fixups.h:166:
In file included from /Applications/Xcode.app/Contents/Developer/Platforms/MacOSX.platform/Developer/SDKs/MacOSX27.0.sdk/usr/include/c++/v1/stddef.h:30:
In file included from /Applications/Xcode.app/Contents/Developer/Platforms/MacOSX.platform/Developer/SDKs/MacOSX27.0.sdk/usr/include/c++/v1/__config:15:
/Applications/Xcode.app/Contents/Developer/Platforms/MacOSX.platform/Developer/SDKs/MacOSX27.0.sdk/usr/include/c++/v1/__configuration/availability.h:204:4: warning: "The selected platform is no longer supported by libc++." [-W#warnings]
  204 | #  warning "The selected platform is no longer supported by libc++."
      |    ^
1 warning generated.
  CXX      misc/medialibrary/fs/libmedialibrary_plugin_la-fs.lo
1 warning generated.
In file included from ../../../modules/misc/medialibrary/fs/fs.cpp:22:
In file included from ../config.h:896:
In file included from ../../../include/vlc_fixups.h:166:
In file included from /Applications/Xcode.app/Contents/Developer/Platforms/MacOSX.platform/Developer/SDKs/MacOSX27.0.sdk/usr/include/c++/v1/stddef.h:30:
In file included from /Applications/Xcode.app/Contents/Developer/Platforms/MacOSX.platform/Developer/SDKs/MacOSX27.0.sdk/usr/include/c++/v1/__config:15:
/Applications/Xcode.app/Contents/Developer/Platforms/MacOSX.platform/Developer/SDKs/MacOSX27.0.sdk/usr/include/c++/v1/__configuration/availability.h:204:4: warning: "The selected platform is no longer supported by libc++." [-W#warnings]
  204 | #  warning "The selected platform is no longer supported by libc++."
      |    ^
  CXX      misc/medialibrary/fs/libmedialibrary_plugin_la-devicelister.lo
In file included from ../../../modules/misc/medialibrary/fs/devicelister.cpp:22:
In file included from ../config.h:896:
In file included from ../../../include/vlc_fixups.h:166:
In file included from /Applications/Xcode.app/Contents/Developer/Platforms/MacOSX.platform/Developer/SDKs/MacOSX27.0.sdk/usr/include/c++/v1/stddef.h:30:
In file included from /Applications/Xcode.app/Contents/Developer/Platforms/MacOSX.platform/Developer/SDKs/MacOSX27.0.sdk/usr/include/c++/v1/__config:15:
/Applications/Xcode.app/Contents/Developer/Platforms/MacOSX.platform/Developer/SDKs/MacOSX27.0.sdk/usr/include/c++/v1/__configuration/availability.h:204:4: warning: "The selected platform is no longer supported by libc++." [-W#warnings]
  204 | #  warning "The selected platform is no longer supported by libc++."
      |    ^
1 warning generated.
  CXX      misc/medialibrary/fs/libmedialibrary_plugin_la-util.lo
In file included from ../../../modules/misc/medialibrary/fs/util.cpp:20:
In file included from ../config.h:896:
In file included from ../../../include/vlc_fixups.h:166:
In file included from /Applications/Xcode.app/Contents/Developer/Platforms/MacOSX.platform/Developer/SDKs/MacOSX27.0.sdk/usr/include/c++/v1/stddef.h:30:
In file included from /Applications/Xcode.app/Contents/Developer/Platforms/MacOSX.platform/Developer/SDKs/MacOSX27.0.sdk/usr/include/c++/v1/__config:15:
/Applications/Xcode.app/Contents/Developer/Platforms/MacOSX.platform/Developer/SDKs/MacOSX27.0.sdk/usr/include/c++/v1/__configuration/availability.h:204:4: warning: "The selected platform is no longer supported by libc++." [-W#warnings]
  204 | #  warning "The selected platform is no longer supported by libc++."
      |    ^
1 warning generated.
  CC       misc/preparser_serializer/json/libpreparserserializer_json_plugin_la-serializer.lo
1 warning generated.
  CC       misc/preparser_serializer/json/libpreparserserializer_json_plugin_la-fromjson.lo
1 warning generated.
  CC       misc/preparser_serializer/json/libpreparserserializer_json_plugin_la-tojson.lo
1 warning generated.
  CCLD     libmux_dummy_plugin.la
  CCLD     libmux_asf_plugin.la
  CCLD     libmux_avi_plugin.la
  CCLD     libmux_mp4_plugin.la
  CCLD     libmux_mpjpeg_plugin.la
  CCLD     libmux_ps_plugin.la
  CCLD     libmux_wav_plugin.la
  CCLD     libmux_ogg_plugin.la
  CCLD     libmux_ts_plugin.la
  CCLD     libvlc_motion.la
  CC       video_filter/deinterlace/common.lo
  CC       video_output/libplacebo/libplacebo_utils_la-utils.lo
  CC       video_output/opengl/libvlc_opengl_la-filter.lo
  CC       video_output/opengl/libvlc_opengl_la-filters.lo
  CC       video_output/opengl/libvlc_opengl_la-gl_api.lo
  CC       video_output/opengl/libvlc_opengl_la-gl_util.lo
  CC       video_output/opengl/libvlc_opengl_la-importer.lo
  CC       video_output/opengl/libvlc_opengl_la-interop.lo
  CC       video_output/opengl/libvlc_opengl_la-sampler_loader.lo
  CCLD     libhxxxhelper_testdec_plugin.la
  CCLD     libdemux_mock_plugin.la
  CCLD     libpacketizer_av1_plugin.la
  CCLD     libpacketizer_mpegvideo_plugin.la
  CCLD     libpacketizer_mpeg4video_plugin.la
  CCLD     libpacketizer_mjpeg_plugin.la
  CCLD     libpacketizer_mpeg4audio_plugin.la
  CCLD     libpacketizer_mpegaudio_plugin.la
  CCLD     libpacketizer_h264_plugin.la
  CCLD     libpacketizer_h266_plugin.la
  CCLD     libpacketizer_hevc_plugin.la
  CCLD     libpacketizer_vc1_plugin.la
  CCLD     libpacketizer_mlp_plugin.la
  CCLD     libpacketizer_flac_plugin.la
  CCLD     libpacketizer_copy_plugin.la
  CCLD     libpacketizer_dts_plugin.la
  CCLD     librtp_ac3_plugin.la
  CCLD     libpacketizer_a52_plugin.la
  CCLD     librtp_mpeg12_plugin.la
  CCLD     librtp_mpeg4_plugin.la
  CCLD     librtp_pcm_plugin.la
  CCLD     librtp_raw_plugin.la
  CCLD     librtp_h264_plugin.la
  CCLD     librtp_h265_plugin.la
  CCLD     librtp_xiph_plugin.la
  CCLD     librtp_opus_plugin.la
  CC       services_discovery/podcast.lo
  CC       services_discovery/radio.lo
  CC       services_discovery/libsap_plugin_la-sap.lo
  CXX      stream_out/libupnp_plugin_la-renderer_common.lo
  CXX      services_discovery/libupnp_plugin_la-upnp.lo
  CXX      services_discovery/libupnp_plugin_la-upnp-wrapper.lo
In file included from ../../../modules/services_discovery/upnp-wrapper.cpp:28:
In file included from ../config.h:896In file included from ../../../modules/stream_out/renderer_common.cpp:27:
In file included from ../config.h:896:
In file included from ../../../include/vlc_fixups.h:166:
In file included from /Applications/Xcode.app/Contents/Developer/Platforms/MacOSX.platform/Developer/SDKs/MacOSX27.0.sdk/usr/include/c++/v1/stddef.h:30:
In file included from /Applications/Xcode.app/Contents/Developer/Platforms/MacOSX.platform/Developer/SDKs/MacOSX27.0.sdk/usr/include/c++/v1/__configIn file included from ../../../modules/services_discovery/upnp.cpp:32:
In file included from ../config.h:896:
In file included from ../../../include/vlc_fixups.h:15:
/Applications/Xcode.app/Contents/Developer/Platforms/MacOSX.platform/Developer/SDKs/MacOSX27.0.sdk/usr/include/c++/v1/__configuration/availability.h:204:
In file included from ../../../include/vlc_fixups.h:166:
In file included from /Applications/Xcode.app/Contents/Developer/Platforms/MacOSX.platform/Developer/SDKs/MacOSX27.0.sdk/usr/include/c++/v1/stddef.h:30:
In file included from /Applications/Xcode.app/Contents/Developer/Platforms/MacOSX.platform/Developer/SDKs/MacOSX27.0.sdk/usr/include/c++/v1/__config:15:
/Applications/Xcode.app/Contents/Developer/Platforms/MacOSX.platform/Developer/SDKs/MacOSX27.0.sdk/usr/include/c++/v1/__configuration/availability.h:166:
In file included from /Applications/Xcode.app/Contents/Developer/Platforms/MacOSX.platform/Developer/SDKs/MacOSX27.0.sdk/usr/include/c++/v1/stddef.h:30:
In file included from /Applications/Xcode.app/Contents/Developer/Platforms/MacOSX.platform/Developer/SDKs/MacOSX27.0.sdk/usr/include/c++/v1/__config:15:
/Applications/Xcode.app/Contents/Developer/Platforms/MacOSX.platform/Developer/SDKs/MacOSX27.0.sdk/usr/include/c++/v1/__configuration/availability.h:204:4: warning: "The selected platform is no longer supported by libc++." [-W#warnings]
  204 | #  warning "The selected platform is no longer:4 :204:4: warning: : warning: "The selected platform is no longer supported by libc++." [-W#warnings]
"The selected platform is no longer supported by libc++." [-W#warnings]  204 | #  wa
r  supported nby libc+ing "The selected platform is+204 no ."
      |    ^
 | #  warlonger ning "The supported by libc++."
      |    ^
selected platform is no longer supported by libc++."
      |    ^
  CXX      stream_out/dlna/libupnp_plugin_la-dlna.lo
In file included from ../../../modules/stream_out/dlna/dlna.cpp:25:
In file included from ../config.h:896:
In file included from ../../../include/vlc_fixups.h:166:
In file included from /Applications/Xcode.app/Contents/Developer/Platforms/MacOSX.platform/Developer/SDKs/MacOSX27.0.sdk/usr/include/c++/v1/stddef.h:30:
In file included from /Applications/Xcode.app/Contents/Developer/Platforms/MacOSX.platform/Developer/SDKs/MacOSX27.0.sdk/usr/include/c++/v1/__config:15:
/Applications/Xcode.app/Contents/Developer/Platforms/MacOSX.platform/Developer/SDKs/MacOSX27.0.sdk/usr/include/c++/v1/__configuration/availability.h:204:4: warning: "The selected platform is no longer supported by libc++." [-W#warnings]
  204 | #  warning "The selected platform is no longer supported by libc++."
      |    ^
1 warning generated.
  CXX      control/upnp_server/cds/libupnp_plugin_la-FixedContainer.lo
In file included from ../../../modules/control/upnp_server/cds/FixedContainer.cpp:23:
In file included from ../config.h:896:
In file included from ../../../include/vlc_fixups.h:166:
In file included from /Applications/Xcode.app/Contents/Developer/Platforms/MacOSX.platform/Developer/SDKs/MacOSX27.0.sdk/usr/include/c++/v1/stddef.h:30:
In file included from /Applications/Xcode.app/Contents/Developer/Platforms/MacOSX.platform/Developer/SDKs/MacOSX27.0.sdk/usr/include/c++/v1/__config:15:
/Applications/Xcode.app/Contents/Developer/Platforms/MacOSX.platform/Developer/SDKs/MacOSX27.0.sdk/usr/include/c++/v1/__configuration/availability.h:204:4: warning: "The selected platform is no longer supported by libc++." [-W#warnings]
  204 | #  warning "The selected platform is no longer supported by libc++."
      |    ^
1 warning generated.
  CXX      control/upnp_server/cds/libupnp_plugin_la-Item.lo
In file included from ../../../modules/control/upnp_server/cds/Item.cpp:23:
In file included from ../config.h:896:
In file included from ../../../include/vlc_fixups.h:166:
In file included from /Applications/Xcode.app/Contents/Developer/Platforms/MacOSX.platform/Developer/SDKs/MacOSX27.0.sdk/usr/include/c++/v1/stddef.h:30:
In file included from /Applications/Xcode.app/Contents/Developer/Platforms/MacOSX.platform/Developer/SDKs/MacOSX27.0.sdk/usr/include/c++/v1/__config:15:
/Applications/Xcode.app/Contents/Developer/Platforms/MacOSX.platform/Developer/SDKs/MacOSX27.0.sdk/usr/include/c++/v1/__configuration/availability.h:204:4: warning: "The selected platform is no longer supported by libc++." [-W#warnings]
  204 | #  warning "The selected platform is no longer supported by libc++."
      |    ^
1 warning generated.
  CXX      control/upnp_server/cds/libupnp_plugin_la-cds.lo
In file included from ../../../modules/control/upnp_server/cds/cds.cpp:23:
In file included from ../config.h:896:
In file included from ../../../include/vlc_fixups.h:166:
In file included from /Applications/Xcode.app/Contents/Developer/Platforms/MacOSX.platform/Developer/SDKs/MacOSX27.0.sdk/usr/include/c++/v1/stddef.h:30:
In file included from /Applications/Xcode.app/Contents/Developer/Platforms/MacOSX.platform/Developer/SDKs/MacOSX27.0.sdk/usr/include/c++/v1/__config:15:
/Applications/Xcode.app/Contents/Developer/Platforms/MacOSX.platform/Developer/SDKs/MacOSX27.0.sdk/usr/include/c++/v1/__configuration/availability.h:204:4: warning: "The selected platform is no longer supported by libc++." [-W#warnings]
  204 | #  warning "The selected platform is no longer supported by libc++."
      |    ^
1 warning generated.
  CXX      control/upnp_server/libupnp_plugin_la-utils.lo
In file included from ../../../modules/control/upnp_server/utils.cpp:23:
In file included from ../config.h:896:
In file included from ../../../include/vlc_fixups.h:166:
In file included from /Applications/Xcode.app/Contents/Developer/Platforms/MacOSX.platform/Developer/SDKs/MacOSX27.0.sdk/usr/include/c++/v1/stddef.h:30:
In file included from /Applications/Xcode.app/Contents/Developer/Platforms/MacOSX.platform/Developer/SDKs/MacOSX27.0.sdk/usr/include/c++/v1/__config:15:
/Applications/Xcode.app/Contents/Developer/Platforms/MacOSX.platform/Developer/SDKs/MacOSX27.0.sdk/usr/include/c++/v1/__configuration/availability.h:204:4: warning: "The selected platform is no longer supported by libc++." [-W#warnings]
  204 | #  warning "The selected platform is no longer supported by libc++."
      |    ^
1 warning generated.
  CXX      control/upnp_server/libupnp_plugin_la-FileHandler.lo
In file included from ../../../modules/control/upnp_server/FileHandler.cpp:23:
In file included from ../config.h:896:
In file included from ../../../include/vlc_fixups.h:166:
In file included from /Applications/Xcode.app/Contents/Developer/Platforms/MacOSX.platform/Developer/SDKs/MacOSX27.0.sdk/usr/include/c++/v1/stddef.h:30:
In file included from /Applications/Xcode.app/Contents/Developer/Platforms/MacOSX.platform/Developer/SDKs/MacOSX27.0.sdk/usr/include/c++/v1/__config:15:
/Applications/Xcode.app/Contents/Developer/Platforms/MacOSX.platform/Developer/SDKs/MacOSX27.0.sdk/usr/include/c++/v1/__configuration/availability.h:204:4: warning: "The selected platform is no longer supported by libc++." [-W#warnings]
  204 | #  warning "The selected platform is no longer supported by libc++."
      |    ^
1 warning generated.
  CXX      control/upnp_server/libupnp_plugin_la-upnp_server.lo
In file included from ../../../modules/control/upnp_server/upnp_server.cpp:24:
In file included from ../config.h:896:
In file included from ../../../include/vlc_fixups.h:166:
In file included from /Applications/Xcode.app/Contents/Developer/Platforms/MacOSX.platform/Developer/SDKs/MacOSX27.0.sdk/usr/include/c++/v1/stddef.h:30:
In file included from /Applications/Xcode.app/Contents/Developer/Platforms/MacOSX.platform/Developer/SDKs/MacOSX27.0.sdk/usr/include/c++/v1/__config:15:
/Applications/Xcode.app/Contents/Developer/Platforms/MacOSX.platform/Developer/SDKs/MacOSX27.0.sdk/usr/include/c++/v1/__configuration/availability.h:204:4: warning: "The selected platform is no longer supported by libc++." [-W#warnings]
  204 | #  warning "The selected platform is no longer supported by libc++."
      |    ^
In file included from ../../../modules/control/upnp_server/FileHandler.cpp:31:
../../../include/vlc_addons.h:215:13: warning: 'sprintf' is deprecated: This function is provided for compatibility reasons only.  Due to security concerns inherent in the design of sprintf(3), it is highly recommended that you use snprintf(3) instead. [-Wdeprecated-declarations]
  215 |             sprintf( p, "%02x", v );
      |             ^
/Applications/Xcode.app/Contents/Developer/Platforms/MacOSX.platform/Developer/SDKs/MacOSX27.0.sdk/usr/include/_stdio.h:278:1: note: 'sprintf' has been explicitly marked deprecated here
  278 | __deprecated_msg("This function is provided for compatibility reasons only.  Due to security concerns inherent in the design of sprintf(3), it is highly recommended that you use snprintf(3) instead.")
      | ^
/Applications/Xcode.app/Contents/Developer/Platforms/MacOSX.platform/Developer/SDKs/MacOSX27.0.sdk/usr/include/sys/cdefs.h:227:48: note: expanded from macro '__deprecated_msg'
  227 |         #define __deprecated_msg(_msg) __attribute__((__deprecated__(_msg)))
      |                                                       ^
In file included from ../../../modules/control/upnp_server/upnp_server.cpp:33:
../../../include/vlc_addons.h:215:13: warning: 'sprintf' is deprecated: This function is provided for compatibility reasons only.  Due to security concerns inherent in the design of sprintf(3), it is highly recommended that you use snprintf(3) instead. [-Wdeprecated-declarations]
  215 |             sprintf( p, "%02x", v );
      |             ^
/Applications/Xcode.app/Contents/Developer/Platforms/MacOSX.platform/Developer/SDKs/MacOSX27.0.sdk/usr/include/_stdio.h:278:1: note: 'sprintf' has been explicitly marked deprecated here
  278 | __deprecated_msg("This function is provided for compatibility reasons only.  Due to security concerns inherent in the design of sprintf(3), it is highly recommended that you use snprintf(3) instead.")
      | ^
/Applications/Xcode.app/Contents/Developer/Platforms/MacOSX.platform/Developer/SDKs/MacOSX27.0.sdk/usr/include/sys/cdefs.h:227:48: note: expanded from macro '__deprecated_msg'
  227 |         #define __deprecated_msg(_msg) __attribute__((__deprecated__(_msg)))
      |                                                       ^
2 warnings generated.
  OBJCLD   libbonjour_plugin.la
1 warning generated.
  CCLD     libstream_out_dummy_plugin.la
1 warning generated.
  CCLD     libstream_out_cycle_plugin.la
2 warnings generated.
  CCLD     libstream_out_delay_plugin.la
  CCLD     libstream_out_stats_plugin.la
  CCLD     libstream_out_standard_plugin.la
  CCLD     libstream_out_duplicate_plugin.la
  CCLD     libstream_out_es_plugin.la
  CCLD     libstream_out_display_plugin.la
  CCLD     libstream_out_gather_plugin.la
  CCLD     libstream_out_bridge_plugin.la
  CCLD     libstream_out_mosaic_bridge_plugin.la
  CCLD     libstream_out_autodel_plugin.la
  CCLD     libstream_out_record_plugin.la
  CCLD     libstream_out_smem_plugin.la
  CCLD     libstream_out_setid_plugin.la
  CCLD     libstream_out_trace_plugin.la
  CC       stream_out/transcode/transcode.lo
  CC       stream_out/transcode/encoder/encoder.lo
  CC       stream_out/transcode/encoder/audio.lo
  CC       stream_out/transcode/encoder/spu.lo
  CC       stream_out/transcode/encoder/video.lo
  CC       stream_out/transcode/spu.lo
  CC       stream_out/transcode/audio.lo
  CC       stream_out/transcode/video.lo
  CC       stream_out/transcode/pcr_sync.lo
  CC       stream_out/transcode/pcr_helper.lo
  CC       stream_out/hls/hls.lo
  CC       stream_out/hls/variant_maps.lo
  CC       stream_out/hls/storage.lo
  CC       stream_out/hls/segments.lo
  CC       stream_out/hls/codecs.lo
  CC       stream_out/hls/subtitles_segmenter.lo
  CCLD     libstream_out_udp_plugin.la
  CXX      stream_out/sdi/libstream_out_sdi_plugin_la-sdiout.lo
  CXX      stream_out/sdi/libstream_out_sdi_plugin_la-Ancillary.lo
  CXX      stream_out/sdi/libstream_out_sdi_plugin_la-AES3Audio.lo
In file included from ../../../modules/stream_out/sdi/sdiout.cpp:22:
In file included from ../config.h:896:
In file included from ../../../include/vlc_fixups.h:166:
In file included from /Applications/Xcode.app/Contents/Developer/Platforms/MacOSX.platform/Developer/SDKs/MacOSX27.0.sdk/usr/include/c++/v1/stddef.h:30:
In file included from /Applications/Xcode.app/Contents/Developer/Platforms/MacOSX.platform/Developer/SDKs/MacOSX27.0.sdk/usr/include/c++/v1/__config:15:
/Applications/Xcode.app/Contents/Developer/Platforms/MacOSX.platform/Developer/SDKs/MacOSX27.0.sdk/usr/include/c++/v1/__configuration/availability.h:204:4: warning: "The selected platform is no longer supported by libc++." [-W#warnings]
  204 | #  warning "The selected platform is no longer supported by libc++."
      |    ^
In file included from ../../../modules/stream_out/sdi/Ancillary.cpp:22:
In file included from ../config.h:896:
In file included from ../../../include/vlc_fixups.h:166:
In file included from /Applications/Xcode.app/Contents/Developer/Platforms/MacOSX.platform/Developer/SDKs/MacOSX27.0.sdk/usr/include/c++/v1/stddef.h:30:
In file included from /Applications/Xcode.app/Contents/Developer/Platforms/MacOSX.platform/Developer/SDKs/MacOSX27.0.sdk/usr/include/c++/v1/__config:15:
/Applications/Xcode.app/Contents/Developer/Platforms/MacOSX.platform/Developer/SDKs/MacOSX27.0.sdk/usr/include/c++/v1/__configuration/availability.h:204:4: warning: "The selected platform is no longer supported by libc++." [-W#warnings]
In file included from ../../../modules/stream_out/sdi/AES3Audio.cpp:21:
In file included from ../config.h:896:
In file included from ../../../include/vlc_fixups.h:166:
In file included from /Applications/Xcode.app/Contents/Developer/Platforms/MacOSX.platform/Developer/SDKs/MacOSX27.0.sdk/usr/include/c++/v1/stddef.h:30:
  204 | #  warning "The selected In file included from /Applications/Xcode.app/Contents/Developer/Platforms/MacOSX.platform/Developer/SDKs/MacOSX27.0.sdk/usr/include/c++/v1/__config:15:
/Applications/Xcode.app/Contents/Developer/Platforms/MacOSX.platform/Developer/SDKs/MacOSX27.0.sdk/usr/include/c++/v1/__configuration/availability.h:204:4platform is no longer supp: warning: "The selected platform is no longer supported by libc++." [-W#warnings]
ort  204 | #  warning "The selected platfed by libc++."
      |    ^
orm is no longer supported by libc++."
      |    ^
  CXX      stream_out/sdi/libstream_out_sdi_plugin_la-DBMHelper.lo
1 warning generated.
  CXX      stream_out/sdi/libstream_out_sdi_plugin_la-DBMSDIOutput.lo
In file included from ../../../modules/stream_out/sdi/DBMHelper.cpp:22:
In file included from ../config.h:896:
In file included from ../../../include/vlc_fixups.h:166:
In file included from /Applications/Xcode.app/Contents/Developer/Platforms/MacOSX.platform/Developer/SDKs/MacOSX27.0.sdk/usr/include/c++/v1/stddef.h:30:
In file included from /Applications/Xcode.app/Contents/Developer/Platforms/MacOSX.platform/Developer/SDKs/MacOSX27.0.sdk/usr/include/c++/v1/__config:15:
/Applications/Xcode.app/Contents/Developer/Platforms/MacOSX.platform/Developer/SDKs/MacOSX27.0.sdk/usr/include/c++/v1/__configuration/availability.h:204:4: warning: "The selected platform is no longer supported by libc++." [-W#warnings]
  204 | #  warning "The selected platform is no longer supported by libc++."
      |    ^
In file included from ../../../modules/stream_out/sdi/DBMSDIOutput.cpp:22:
In file included from ../config.h:896:
In file included from ../../../include/vlc_fixups.h:166:
In file included from /Applications/Xcode.app/Contents/Developer/Platforms/MacOSX.platform/Developer/SDKs/MacOSX27.0.sdk/usr/include/c++/v1/stddef.h:30:
In file included from /Applications/Xcode.app/Contents/Developer/Platforms/MacOSX.platform/Developer/SDKs/MacOSX27.0.sdk/usr/include/c++/v1/__config:15:
/Applications/Xcode.app/Contents/Developer/Platforms/MacOSX.platform/Developer/SDKs/MacOSX27.0.sdk/usr/include/c++/v1/__configuration/availability.h:204:4: warning: "The selected platform is no longer supported by libc++." [-W#warnings]
  204 | #  warning "The selected platform is no longer supported by libc++."
      |    ^
1 warning generated.
1 warning generated.
  CXX      stream_out/sdi/libstream_out_sdi_plugin_la-SDIAudioMultiplex.lo
  CXX      stream_out/sdi/libstream_out_sdi_plugin_la-SDIGenerator.lo
1 warning generated.
  CXX      stream_out/sdi/libstream_out_sdi_plugin_la-SDIOutput.lo
In file included from ../../../modules/stream_out/sdi/SDIAudioMultiplex.cpp:21:
In file included from ../config.h:896:
In file included from ../../../include/vlc_fixups.h:166:
In file included from /Applications/Xcode.app/Contents/Developer/Platforms/MacOSX.platform/Developer/SDKs/MacOSX27.0.sdk/usr/include/c++/v1/stddef.h:30:
In file included from /Applications/Xcode.app/Contents/Developer/Platforms/MacOSX.platform/Developer/SDKs/MacOSX27.0.sdk/usr/include/c++/v1/__config:15:
/Applications/Xcode.app/Contents/Developer/Platforms/MacOSX.platform/Developer/SDKs/MacOSX27.0.sdk/usr/include/c++/v1/__configuration/availability.h:204:4: warning: "The selected platform is no longer supported by libc++." [-W#warnings]
  204 | #  warning "The selected platform is no longer supported by libc++."
      |    ^
In file included from ../../../modules/stream_out/sdi/SDIGenerator.cpp:22:
In file included from ../config.h:896:
In file included from ../../../include/vlc_fixups.h:166:
In file included from /Applications/Xcode.app/Contents/Developer/Platforms/MacOSX.platform/Developer/SDKs/MacOSX27.0.sdk/usr/include/c++/v1/stddef.h:30:
In file included from /Applications/Xcode.app/Contents/Developer/Platforms/MacOSX.platform/Developer/SDKs/MacOSX27.0.sdk/usr/include/c++/v1/__config:15:
/Applications/Xcode.app/Contents/Developer/Platforms/MacOSX.platform/Developer/SDKs/MacOSX27.0.sdk/usr/include/c++/v1/__configuration/availability.h:204:4: warning: "The selected platform is no longer supported by libc++." [-W#warnings]
  204 | #  warning "The selected platform is no longer supported by libc++."
      |    ^
In file included from ../../../modules/stream_out/sdi/SDIOutput.cpp:21:
In file included from ../config.h:896:
In file included from ../../../include/vlc_fixups.h:166:
In file included from /Applications/Xcode.app/Contents/Developer/Platforms/MacOSX.platform/Developer/SDKs/MacOSX27.0.sdk/usr/include/c++/v1/stddef.h:30:
In file included from /Applications/Xcode.app/Contents/Developer/Platforms/MacOSX.platform/Developer/SDKs/MacOSX27.0.sdk/usr/include/c++/v1/__config:15:
/Applications/Xcode.app/Contents/Developer/Platforms/MacOSX.platform/Developer/SDKs/MacOSX27.0.sdk/usr/include/c++/v1/__configuration/availability.h:204:4: warning: "The selected platform is no longer supported by libc++." [-W#warnings]
  204 | #  warning "The selected platform is no longer supported by libc++."
      |    ^
1 warning generated.
  CXX      stream_out/sdi/libstream_out_sdi_plugin_la-SDIStream.lo
In file included from ../../../modules/stream_out/sdi/SDIStream.cpp:21:
In file included from ../config.h:896:
In file included from ../../../include/vlc_fixups.h:166:
In file included from /Applications/Xcode.app/Contents/Developer/Platforms/MacOSX.platform/Developer/SDKs/MacOSX27.0.sdk/usr/include/c++/v1/stddef.h:30:
In file included from /Applications/Xcode.app/Contents/Developer/Platforms/MacOSX.platform/Developer/SDKs/MacOSX27.0.sdk/usr/include/c++/v1/__config:15:
/Applications/Xcode.app/Contents/Developer/Platforms/MacOSX.platform/Developer/SDKs/MacOSX27.0.sdk/usr/include/c++/v1/__configuration/availability.h:204:4: warning: "The selected platform is no longer supported by libc++." [-W#warnings]
  204 | #  warning "The selected platform is no longer supported by libc++."
      |    ^
1 warning generated.
  CXX      stream_out/sdi/libstream_out_sdi_plugin_la-V210.lo
In file included from ../../../modules/stream_out/sdi/V210.cpp:22:
In file included from ../config.h:896:
In file included from ../../../include/vlc_fixups.h:166:
In file included from /Applications/Xcode.app/Contents/Developer/Platforms/MacOSX.platform/Developer/SDKs/MacOSX27.0.sdk/usr/include/c++/v1/stddef.h:30:
In file included from /Applications/Xcode.app/Contents/Developer/Platforms/MacOSX.platform/Developer/SDKs/MacOSX27.0.sdk/usr/include/c++/v1/__config:15:
/Applications/Xcode.app/Contents/Developer/Platforms/MacOSX.platform/Developer/SDKs/MacOSX27.0.sdk/usr/include/c++/v1/__configuration/availability.h:204:4: warning: "The selected platform is no longer supported by libc++." [-W#warnings]
  204 | #  warning "The selected platform is no longer supported by libc++."
      |    ^
1 warning generated.
  CCLD     libstream_out_chromaprint_plugin.la
1 warning generated.
1 warning generated.
  CXX      stream_out/chromecast/3.21.1/libstream_out_chromecast_plugin_la-cast_channel.pb.lo
  CC       video_splitter/clone.lo
In file included from stream_out/chromecast/3.21.1/cast_channel.pb.cc:4:
In file included from stream_out/chromecast/3.21.1/cast_channel.pb.h:7:
In file included from /Applications/Xcode.app/Contents/Developer/Platforms/MacOSX.platform/Developer/SDKs/MacOSX27.0.sdk/usr/include/c++/v1/limits:108:
In file included from /Applications/Xcode.app/Contents/Developer/Platforms/MacOSX.platform/Developer/SDKs/MacOSX27.0.sdk/usr/include/c++/v1/__config:15:
/Applications/Xcode.app/Contents/Developer/Platforms/MacOSX.platform/Developer/SDKs/MacOSX27.0.sdk/usr/include/c++/v1/__configuration/availability.h:204:4: warning: "The selected platform is no longer supported by libc++." [-W#warnings]
  204 | #  warning "The selected platform is no longer supported by libc++."
      |    ^
  CC       video_splitter/wall.lo
  CC       spu/subsdelay.lo
ld: warning: search path '/Applications/Xcode.app/Contents/Developer/Platforms/MacOSX.platform/Developer/SDKs/MacOSX26.2.sdk/System/Library/Frameworks/Accelerate.framework' not found
1 warning generated.
  CC       spu/audiobargraph_v.lo
  CC       spu/logo.lo
In file included from stream_out/chromecast/3.21.1/cast_channel.pb.cc:4:
In file included from stream_out/chromecast/3.21.1/cast_channel.pb.h:23:
In file included from /Users/cam/Documents/Projects/ultima-iv-web/vlc-thumbs/work/story005-master-reproduction/contrib/aarch64-apple-darwin19/include/google/protobuf/io/coded_stream.h:134:
/Users/cam/Documents/Projects/ultima-iv-web/vlc-thumbs/work/story005-master-reproduction/contrib/aarch64-apple-darwin19/include/google/protobuf/port.h:46:41: warning: unused parameter 'size' [-Wunused-parameter]
   46 | inline void SizedDelete(void* p, size_t size) {
      |                                         ^
/Users/cam/Documents/Projects/ultima-iv-web/vlc-thumbs/work/story005-master-reproduction/contrib/aarch64-apple-darwin19/include/google/protobuf/port.h:53:46: warning: unused parameter 'size' [-Wunused-parameter]
   53 | inline void SizedArrayDelete(void* p, size_t size) {
      |                                              ^
  CC       spu/marq.lo
In file included from stream_out/chromecast/3.21.1/cast_channel.pb.cc:4:
In file included from stream_out/chromecast/3.21.1/cast_channel.pb.h:30:
In file included from /Users/cam/Documents/Projects/ultima-iv-web/vlc-thumbs/work/story005-master-reproduction/contrib/aarch64-apple-darwin19/include/google/protobuf/extension_set.h:53:
In file included from /Users/cam/Documents/Projects/ultima-iv-web/vlc-thumbs/work/story005-master-reproduction/contrib/aarch64-apple-darwin19/include/google/protobuf/parse_context.h:47:
/Users/cam/Documents/Projects/ultima-iv-web/vlc-thumbs/work/story005-master-reproduction/contrib/aarch64-apple-darwin19/include/google/protobuf/inlined_string_field.h:430:5: warning: 'GOOGLE_PROTOBUF_INTERNAL_DONATE_STEAL_INLINE' is not defined, evaluates to 0 [-Wundef]
  430 | #if GOOGLE_PROTOBUF_INTERNAL_DONATE_STEAL_INLINE
      |     ^
In file included from stream_out/chromecast/3.21.1/cast_channel.pb.cc:4:
In file included from stream_out/chromecast/3.21.1/cast_channel.pb.h:30:
/Users/cam/Documents/Projects/ultima-iv-web/vlc-thumbs/work/story005-master-reproduction/contrib/aarch64-apple-darwin19/include/google/protobuf/extension_set.h:1264:46: warning: unused parameter 'fn' [-Wunused-parameter]
 1264 |                        LazyEagerVerifyFnType fn) {
      |                                              ^
/Users/cam/Documents/Projects/ultima-iv-web/vlc-thumbs/work/story005-master-reproduction/contrib/aarch64-apple-darwin19/include/google/protobuf/extension_set.h:1330:46: warning: unused parameter 'fn' [-Wunused-parameter]
 1330 |                        LazyEagerVerifyFnType fn) {
      |                                              ^
  CC       spu/mosaic.lo
  CC       spu/rss.lo
  CC       spu/dynamicoverlay/dynamicoverlay_buffer.lo
  CC       spu/dynamicoverlay/dynamicoverlay_queue.lo
  CC       spu/dynamicoverlay/dynamicoverlay_commands.lo
  CC       spu/dynamicoverlay/dynamicoverlay.lo
  CC       stream_extractor/libarchive_plugin_la-archive.lo
6 warnings generated.
  CC       stream_filter/cache_read.lo
  CC       stream_filter/decomp.lo
  CC       stream_filter/inflate.lo
  CC       stream_filter/prefetch.lo
  CC       stream_filter/hds/hds.lo
  CCLD     librecord_plugin.la
  CCLD     libadf_plugin.la
  CCLD     libskiptags_plugin.la
  CC       text_renderer/tdummy.lo
  CC       text_renderer/freetype/libfreetype_plugin_la-platform_fonts.lo
  CC       text_renderer/freetype/libfreetype_plugin_la-freetype.lo
  CC       text_renderer/freetype/libfreetype_plugin_la-ftcache.lo
  CC       text_renderer/freetype/libfreetype_plugin_la-text_layout.lo
  CC       text_renderer/freetype/libfreetype_plugin_la-lru.lo
  CC       text_renderer/freetype/fonts/libfreetype_plugin_la-darwin.lo
  OBJCLD   libnsspeechsynthesizer_plugin.la
  CC       video_filter/adjust.lo
  CC       video_filter/adjust_sat_hue.lo
  CC       video_filter/alphamask.lo
  CC       video_filter/ball.lo
  CC       video_filter/blendbench.lo
  CC       video_filter/bluescreen.lo
  CC       video_filter/canvas.lo
  CC       video_filter/colorthres.lo
  CC       video_filter/croppadd.lo
  CC       video_filter/edgedetection.lo
  CC       video_filter/erase.lo
  CC       video_filter/extract.lo
  CC       video_filter/gradient.lo
  CC       video_filter/grain.lo
  CC       video_filter/gaussianblur.lo
  CC       video_filter/invert.lo
  CC       video_filter/magnify.lo
  CC       video_filter/formatcrop.lo
  CC       video_filter/mirror.lo
  CC       video_filter/motionblur.lo
  CC       video_filter/motiondetect.lo
  CC       video_filter/posterize.lo
  CC       video_filter/psychedelic.lo
  CC       video_filter/ripple.lo
  CC       video_filter/scale.lo
  CC       video_filter/scene.lo
  CC       video_filter/sepia.lo
  CC       video_filter/sharpen.lo
../../../modules/video_filter/scale.c:75:2: warning: Converter cannot (really) change output format. [-W#warnings]
   75 | #warning Converter cannot (really) change output format.
      |  ^
../../../modules/video_filter/scale.c:92:2: warning: Converter cannot (really) change output format. [-W#warnings]
   92 | #warning Converter cannot (really) change output format.
      |  ^
2 warnings generated.
  CC       video_filter/transform.lo
  CC       video_filter/wave.lo
  CC       video_filter/gradfun.lo
  CC       video_filter/antiflicker.lo
../../../modules/video_filter/gradfun.c:176:23: warning: 'aligned_alloc' is only available on macOS 10.15 or newer [-Wunguarded-availability-new]
  176 |         cfg->buf    = aligned_alloc(16,
      |                       ^~~~~~~~~~~~~
/Applications/Xcode.app/Contents/Developer/Platforms/MacOSX.platform/Developer/SDKs/MacOSX27.0.sdk/usr/include/malloc/_malloc.h:67:35: note: 'aligned_alloc' has been marked as being introduced in macOS 10.15 here, but the deployment target is macOS 10.13.0
   67 | void * __sized_by_or_null(__size) aligned_alloc(size_t __alignment, size_t __size) __result_use_check __alloc_align(1) __alloc_size(2) _MALLOC_TYPED(malloc_type_aligned_alloc, 2) __OSX_AVAILABLE(10.15) __IOS_AVAILABLE(13.0) __TVOS_AVAILABLE(13.0) __WATCHOS_AVAILABLE(6.0);
      |                                   ^
../../../modules/video_filter/gradfun.c:176:23: note: enclose 'aligned_alloc' in a __builtin_available check to silence this warning
  176 |         cfg->buf    = aligned_alloc(16,
      |                       ^~~~~~~~~~~~~
  177 |                                    (((fmt->i_width + 15) & ~15) * (cfg->radius + 1) / 2 + 32) * sizeof(*cfg->buf));
      |                                                                                                                    
  CC       video_filter/hqdn3d.lo
  CC       video_filter/anaglyph.lo
1 warning generated.
  CC       video_filter/vhs.lo
  CC       video_filter/oldmovie.lo
  CC       video_filter/fps.lo
  CC       video_filter/freeze.lo
  CC       video_filter/puzzle/puzzle.lo
  CC       video_filter/puzzle/puzzle_bezier.lo
  CC       video_filter/puzzle/puzzle_lib.lo
  CC       video_filter/puzzle/puzzle_mgt.lo
  CC       video_filter/puzzle/puzzle_pce.lo
  CC       video_filter/rotate.lo
  CC       video_filter/dither.lo
../../../modules/video_filter/dither.c:118:40: warning: result of comparison of constant 12297829382473034410 with expression of type 'unsigned int' is always false [-Wtautological-constant-out-of-range-compare]
  118 |     if( p_filter->fmt_in.video.i_width > SIZE_MAX / 3 * 2 )
      |         ~~~~~~~~~~~~~~~~~~~~~~~~~~~~~~ ^ ~~~~~~~~~~~~~~~~
../../../modules/video_filter/dither.c:380:20: warning: unused function 'read_yuv' [-Wunused-function]
  380 | static inline void read_yuv( const picture_t *p_pic, const unsigned int i_x, const unsigned int i_y, int *p_r, int *p_g, int *p_b )
      |                    ^~~~~~~~
../../../modules/video_filter/dither.c:399:20: warning: unused function 'write_yuv' [-Wunused-function]
  399 | static inline void write_yuv( picture_t *p_pic, const unsigned int i_x, const unsigned int i_y, const int i_r, const int i_g, const int i_b )
      |                    ^~~~~~~~~
  OBJC     video_filter/libci_filters_plugin_la-ci_filters.lo
  CC       video_filter/libopengl_filter_plugin_la-opengl.lo
  CXXLD    libopencv_wrapper_plugin.la
3 warnings generated.
  CXXLD    libblend_plugin.la
  CXXLD    libopencv_example_plugin.la
  CC       visualization/libgoom_plugin_la-goom.lo
  CC       visualization/visual/visual.lo
  CC       visualization/visual/effects.lo
  CC       visualization/visual/fft.lo
../../../modules/visualization/visual/effects.c:220:48: warning: implicit conversion from 'uint64_t' (aka 'unsigned long long') to 'float' changes value from 140728898551808 to 140728898420736 [-Wimplicit-const-int-float-conversion]
  220 |         p_dest[i] = p_output[i] * UINT16_MAX / FFT_SCALING_VALUE;
      |                                              ~ ^~~~~~~~~~~~~~~~~
../../../modules/visualization/visual/fft.h:33:72: note: expanded from macro 'FFT_SCALING_VALUE'
   33 | #define FFT_SCALING_VALUE (FFT_MAX_VALUE_OUTPUT * FFT_MAX_VALUE_OUTPUT * 2)
      |                            ~~~~~~~~~~~~~~~~~~~~~~~~~~~~~~~~~~~~~~~~~~~~^~~
  CC       visualization/visual/window.lo
  CXX      video_output/libdecklinkoutput_plugin_la-decklink.lo
  OBJCLD   libglinterop_cvpx_plugin.la
In file included from ../../../modules/video_output/decklink.cpp:30:
In file included from ../config.h:896:
In file included from ../../../include/vlc_fixups.h:166:
In file included from /Applications/Xcode.app/Contents/Developer/Platforms/MacOSX.platform/Developer/SDKs/MacOSX27.0.sdk/usr/include/c++/v1/stddef.h:30:
In file included from /Applications/Xcode.app/Contents/Developer/Platforms/MacOSX.platform/Developer/SDKs/MacOSX27.0.sdk/usr/include/c++/v1/__config:15:
/Applications/Xcode.app/Contents/Developer/Platforms/MacOSX.platform/Developer/SDKs/MacOSX27.0.sdk/usr/include/c++/v1/__configuration/availability.h:204:4: warning: "The selected platform is no longer supported by libc++." [-W#warnings]
  204 | #  warning "The selected platform is no longer supported by libc++."
      |    ^
1 warning generated.
  OBJCLD   libwindow_macosx_plugin.la
  OBJC     video_output/apple/libsamplebufferdisplay_plugin_la-VLCSampleBufferDisplay.lo
1 warning generated.
  OBJC     video_output/apple/libcvpx_gl_plugin_la-VLCCVOpenGLProvider.lo
  CCLD     libflaschen_plugin.la
  CCLD     libvdummy_plugin.la
  CCLD     libvmem_plugin.la
  CCLD     libvideo_splitter_plugin.la
../../../modules/video_output/apple/VLCSampleBufferDisplay.m:177:23: warning: 'CVBufferGetAttachments' is deprecated: first deprecated in macOS 12.0 [-Wdeprecated-declarations]
  177 |         attachments = CVBufferGetAttachments(pixelBuffer, kCVAttachmentMode_ShouldPropagate);
      |                       ^~~~~~~~~~~~~~~~~~~~~~
      |                       CVBufferCopyAttachments
/Applications/Xcode.app/Contents/Developer/Platforms/MacOSX.platform/Developer/SDKs/MacOSX27.0.sdk/System/Library/Frameworks/CoreVideo.framework/Headers/CVBuffer.h:133:63: note: 'CVBufferGetAttachments' has been explicitly marked deprecated here
  133 | CV_EXPORT CFDictionaryRef CF_RETURNS_NOT_RETAINED CV_NULLABLE CVBufferGetAttachments( CVBufferRef CV_NONNULL buffer, CVAttachmentMode attachmentMode ) API_DEPRECATED_WITH_REPLACEMENT("CVBufferCopyAttachments", macos(10.4, 12.0), ios(4.0,15.0), tvos(9.0, 15.0), watchos(4.0, 8.0));
      |                                                               ^
../../../modules/video_output/apple/VLCSampleBufferDisplay.m:1007:26: warning: 'status' is deprecated: first deprecated in macOS 15.0 - Use sampleBufferRenderer's status instead [-Wdeprecated-declarations]
 1007 |         if (displayLayer.status != AVQueuedSampleBufferRenderingStatusFailed)
      |                          ^
/Applications/Xcode.app/Contents/Developer/Platforms/MacOSX.platform/Developer/SDKs/MacOSX27.0.sdk/System/Library/Frameworks/AVFoundation.framework/Headers/AVSampleBufferDisplayLayer.h:80:69: note: 'status' has been explicitly marked deprecated here
   80 | @property (nonatomic, readonly) AVQueuedSampleBufferRenderingStatus status API_DEPRECATED("Use sampleBufferRenderer's status instead", macos(10.10, 15.0), ios(8.0, 18.0), tvos(10.2, 18.0), visionos(1.0, 2.0)) API_UNAVAILABLE(watchos);
      |                                                                     ^
../../../modules/video_output/apple/VLCSampleBufferDisplay.m:1012:31: warning: 'requiresFlushToResumeDecoding' is deprecated: first deprecated in macOS 15.0 - Use sampleBufferRenderer's requiresFlushToResumeDecoding instead [-Wdeprecated-declarations]
 1012 |             if (!displayLayer.requiresFlushToResumeDecoding) {
      |                               ^
/Applications/Xcode.app/Contents/Developer/Platforms/MacOSX.platform/Developer/SDKs/MacOSX27.0.sdk/System/Library/Frameworks/AVFoundation.framework/Headers/AVSampleBufferDisplayLayer.h:134:38: note: 'requiresFlushToResumeDecoding' has been explicitly marked deprecated here
  134 | @property (nonatomic, readonly) BOOL requiresFlushToResumeDecoding API_DEPRECATED("Use sampleBufferRenderer's requiresFlushToResumeDecoding instead", macos(11.0, 15.0), ios(14.0, 18.0), tvos(14.0, 18.0), visionos(1.0, 2.0)) API_UNAVAILABLE(watchos);
      |                                      ^
../../../modules/video_output/apple/VLCSampleBufferDisplay.m:1014:38: warning: 'error' is deprecated: first deprecated in macOS 15.0 - Use sampleBufferRenderer's error instead [-Wdeprecated-declarations]
 1014 |                         displayLayer.error.localizedDescription.UTF8String);
      |                                      ^
/Applications/Xcode.app/Contents/Developer/Platforms/MacOSX.platform/Developer/SDKs/MacOSX27.0.sdk/System/Library/Frameworks/AVFoundation.framework/Headers/AVSampleBufferDisplayLayer.h:85:52: note: 'error' has been explicitly marked deprecated here
   85 | @property (nonatomic, readonly, nullable) NSError *error API_DEPRECATED("Use sampleBufferRenderer's error instead", macos(10.10, 15.0), ios(8.0, 18.0), tvos(10.2, 18.0), visionos(1.0, 2.0)) API_UNAVAILABLE(watchos);
      |                                                    ^
../../../modules/video_output/apple/VLCSampleBufferDisplay.m:1019:23: warning: 'flush' is deprecated: first deprecated in macOS 15.0 - Use sampleBufferRenderer's flush instead [-Wdeprecated-declarations]
 1019 |         [displayLayer flush];
      |                       ^
/Applications/Xcode.app/Contents/Developer/Platforms/MacOSX.platform/Developer/SDKs/MacOSX27.0.sdk/System/Library/Frameworks/AVFoundation.framework/Headers/AVSampleBufferDisplayLayer.h:119:1: note: 'flush' has been explicitly marked deprecated here
  119 | - (void)flush API_DEPRECATED("Use sampleBufferRenderer's flush instead", macos(10.8, 15.0), ios(8.0, 18.0), tvos(10.2, 18.0), visionos(1.0, 2.0)) API_UNAVAILABLE(watchos);
      | ^
../../../modules/video_output/apple/VLCSampleBufferDisplay.m:1096:30: warning: 'status' is deprecated: first deprecated in macOS 15.0 - Use sampleBufferRenderer's status instead [-Wdeprecated-declarations]
 1096 |         if (sys.displayLayer.status == AVQueuedSampleBufferRenderingStatusFailed)
      |                              ^
/Applications/Xcode.app/Contents/Developer/Platforms/MacOSX.platform/Developer/SDKs/MacOSX27.0.sdk/System/Library/Frameworks/AVFoundation.framework/Headers/AVSampleBufferDisplayLayer.h:80:69: note: 'status' has been explicitly marked deprecated here
   80 | @property (nonatomic, readonly) AVQueuedSampleBufferRenderingStatus status API_DEPRECATED("Use sampleBufferRenderer's status instead", macos(10.10, 15.0), ios(8.0, 18.0), tvos(10.2, 18.0), visionos(1.0, 2.0)) API_UNAVAILABLE(watchos);
      |                                                                     ^
../../../modules/video_output/apple/VLCSampleBufferDisplay.m:1169:27: warning: 'enqueueSampleBuffer:' is deprecated: first deprecated in macOS 15.0 - Use sampleBufferRenderer's enqueueSampleBuffer: instead [-Wdeprecated-declarations]
 1169 |         [sys.displayLayer enqueueSampleBuffer:sampleBuffer];
      |                           ^
/Applications/Xcode.app/Contents/Developer/Platforms/MacOSX.platform/Developer/SDKs/MacOSX27.0.sdk/System/Library/Frameworks/AVFoundation.framework/Headers/AVSampleBufferDisplayLayer.h:112:1: note: 'enqueueSampleBuffer:' has been explicitly marked deprecated here
  112 | - (void)enqueueSampleBuffer:(CMSampleBufferRef)sampleBuffer API_DEPRECATED("Use sampleBufferRenderer's enqueueSampleBuffer: instead", macos(10.8, 15.0), ios(8.0, 18.0), tvos(10.2, 18.0), visionos(1.0, 2.0)) API_UNAVAILABLE(watchos);
      | ^
../../../modules/video_output/apple/VLCSampleBufferDisplay.m:1328:37: warning: unused parameter 'vd' [-Wunused-parameter]
 1328 | static void Display(vout_display_t *vd, picture_t *pic)
      |                                     ^
../../../modules/video_output/apple/VLCSampleBufferDisplay.m:1328:52: warning: unused parameter 'pic' [-Wunused-parameter]
 1328 | static void Display(vout_display_t *vd, picture_t *pic)
      |                                                    ^
../../../modules/video_output/apple/VLCSampleBufferDisplay.m:1346:74: warning: unused parameter 'cbs_opaque' [-Wunused-parameter]
 1346 | static pip_controller_t * CreatePipController( vout_display_t *vd, void *cbs_opaque )
      |                                                                          ^
10 warnings generated.
  CCLD     libwdummy_plugin.la
  CCLD     libwextern_plugin.la
  CCLD     libvgl_plugin.la
  CCLD     libyuv_plugin.la
  CCLD     libdeinterlace_aarch64_plugin.la
  CCLD     libdeinterlace_sve_plugin.la
  CXXLD    libdcp_plugin.la
  CCLD     libdata_plugin.la
  CCLD     libfilesystem_plugin.la
  CCLD     libidummy_plugin.la
  CCLD     libimem_plugin.la
ld: warning: search path '/Users/cam/Documents/Projects/ultima-iv-web/vlc-thumbs/work/story005-master-reproduction/contrib/aarch64-apple-darwin19/lib64' not found
  CCLD     libaccess_imem_plugin.la
  CCLD     libsdp_plugin.la
  CCLD     libtimecode_plugin.la
  CCLD     libvdr_plugin.la
  OBJCLD   libavaudiocapture_plugin.la
  CXXLD    libdecklink_plugin.la
  OBJCLD   libavcapture_plugin.la
  CCLD     libshm_plugin.la
  CCLD     libscreen_plugin.la
  CCLD     libvlc_json.la
  CCLD     libvlc_http.la
  CCLD     libaccess_mms_plugin.la
  CCLD     libsmb2_plugin.la
  CCLD     libvlc_rtp.la
  CCLD     libvlc_srtp.la
  CCLD     libaccess_output_dummy_plugin.la
  CCLD     libaccess_output_file_plugin.la
  CCLD     libaccess_output_http_plugin.la
  CCLD     libaccess_output_livehttp_plugin.la
  CCLD     libaccess_output_shout_plugin.la
  CCLD     libaccess_http_put_plugin.la
  CCLD     libaccess_output_srt_plugin.la
  CCLD     libaccess_output_rist_plugin.la
  CCLD     libadummy_plugin.la
  CCLD     libafile_plugin.la
  CCLD     libamem_plugin.la
  CCLD     libauhal_plugin.la
  OBJCLD   libavsamplebuffer_plugin.la
  CCLD     libaudiobargraph_a_plugin.la
  CCLD     libchorus_flanger_plugin.la
  CCLD     libdynamics_common.la
  CCLD     libequalizer_plugin.la
  CCLD     libgate_plugin.la
  CCLD     libkaraoke_plugin.la
  CCLD     libnormvol_plugin.la
  CCLD     libgain_plugin.la
  CCLD     libparam_eq_plugin.la
  CCLD     libscaletempo_plugin.la
  CCLD     libscaletempo_pitch_plugin.la
  CXXLD    libspatializer_plugin.la
  CCLD     libstereo_widen_plugin.la
  CCLD     libcenter_plugin.la
  CCLD     libstereopan_plugin.la
  CCLD     libdolby_surround_decoder_plugin.la
  CCLD     libheadphone_channel_mixer_plugin.la
  CCLD     libmono_plugin.la
  CCLD     libremap_plugin.la
  CCLD     libsimple_channel_mixer_plugin.la
  CCLD     libtrivial_channel_mixer_plugin.la
  CXXLD    libspatialaudio_plugin.la
  CCLD     libtospdif_plugin.la
  CCLD     libaudio_format_plugin.la
  CCLD     libsamplerate_plugin.la
  CCLD     libugly_resampler_plugin.la
  CCLD     libsoxr_plugin.la
  CCLD     libspeex_resampler_plugin.la
  CCLD     libfloat_mixer_plugin.la
  CCLD     libinteger_mixer_plugin.la
  CCLD     libi420_rgb_plugin.la
  CCLD     libchroma_copy.la
  CCLD     libi422_i420_plugin.la
  CCLD     libgrey_yuv_plugin.la
  CCLD     libyuy2_i420_plugin.la
  CCLD     libyuy2_i422_plugin.la
  CCLD     librv32_plugin.la
  CCLD     libchain_plugin.la
  CCLD     libyuvp_plugin.la
  CCLD     liborient_plugin.la
  CCLD     libcvpx_plugin.la
  CCLD     libaribcaption_plugin.la
  CCLD     libaribsub_plugin.la
  CCLD     libspudec_plugin.la
  CCLD     libwebvtt_plugin.la
  CCLD     libttml_plugin.la
  CCLD     libvideotoolbox_plugin.la
  CCLD     libvideotoolbox_enc_plugin.la
  CCLD     libdummy_plugin.la
  CCLD     libgestures_plugin.la
ld: warning: object file (/Users/cam/Documents/Projects/ultima-iv-web/vlc-thumbs/work/story005-master-reproduction/vlc-4.0.0-dev/_build/sub/modules/.libs/libvlc_vtutils.a[3](vt_utils_native.o)) was built for newer 'macOS' version (27.0) than being linked (11.0)
ld: warning: object file (/Users/cam/Documents/Projects/ultima-iv-web/vlc-thumbs/work/story005-master-reproduction/vlc-4.0.0-dev/_build/sub/modules/.libs/libvlc_vtutils.a[3](vt_utils_native.o)) was built for newer 'macOS' version (27.0) than being linked (11.0)
  CCLD     librc_plugin.la
  CCLD     libhotkeys_plugin.la
  CCLD     libflacsys_plugin.la
  CCLD     libogg_plugin.la
  CCLD     libps_plugin.la
  CCLD     libasf_plugin.la
  CCLD     libavi_plugin.la
  CCLD     libvlc_mp4.la
  CCLD     libplaylist_plugin.la
  CCLD     libts_plugin.la
  CCLD     libytdl_plugin.la
  CCLD     libnoseek_plugin.la
  CXXLD    libdemux_chromecast_plugin.la
  CCLD     libncurses_plugin.la
  CCLD     libmemory_keystore_plugin.la
  CCLD     libfile_keystore_plugin.la
  OBJCLD   libkeychain_plugin.la
  CCLD     libconsole_logger_plugin.la
  CCLD     libfile_logger_plugin.la
  CCLD     libsyslog_plugin.la
  CCLD     libjson_tracer_plugin.la
  CCLD     libfolder_plugin.la
  CCLD     libstats_plugin.la
  CXXLD    libtaglib_plugin.la
  CCLD     libaudioscrobbler_plugin.la
  CCLD     libexport_plugin.la
  CCLD     libfingerprinter_plugin.la
  CCLD     libiokit_inhibit_plugin.la
  CCLD     libaddonsvorepository_plugin.la
  CCLD     libaddonsfsstorage_plugin.la
  CCLD     libxml_plugin.la
  CXXLD    libmedialibrary_plugin.la
  CCLD     libpreparserserializer_json_plugin.la
  CCLD     libdeinterlace_common.la
  CCLD     libplacebo_utils.la
  CCLD     libvlc_opengl.la
  CCLD     libpodcast_plugin.la
  CCLD     libradio_plugin.la
  CCLD     libsap_plugin.la
  CXXLD    libupnp_plugin.la
  CCLD     libstream_out_transcode_plugin.la
  CCLD     libstream_out_hls_plugin.la
  CXXLD    libstream_out_sdi_plugin.la
  CCLD     libstream_out_rtp_plugin.la
  CXXLD    libstream_out_chromecast_plugin.la
  CCLD     libclone_plugin.la
  CCLD     libwall_plugin.la
  CCLD     libsubsdelay_plugin.la
  CCLD     libaudiobargraph_v_plugin.la
  CCLD     liblogo_plugin.la
  CCLD     libmarq_plugin.la
  CCLD     libmosaic_plugin.la
  CCLD     librss_plugin.la
  CCLD     libdynamicoverlay_plugin.la
  CCLD     libarchive_plugin.la
  CCLD     libcache_read_plugin.la
  CCLD     libdecomp_plugin.la
  CCLD     libinflate_plugin.la
  CCLD     libprefetch_plugin.la
  CCLD     libhds_plugin.la
  CCLD     libtdummy_plugin.la
  GEN      libfreetype_plugin.la
  CCLD     libadjust_plugin.la
  CCLD     libalphamask_plugin.la
  CCLD     libball_plugin.la
  CCLD     libblendbench_plugin.la
  CCLD     libbluescreen_plugin.la
  CCLD     libcanvas_plugin.la
  CCLD     libcolorthres_plugin.la
  CCLD     libcroppadd_plugin.la
  CCLD     libedgedetection_plugin.la
  CCLD     liberase_plugin.la
  CCLD     libextract_plugin.la
  CCLD     libgradient_plugin.la
  CCLD     libgrain_plugin.la
  CCLD     libgaussianblur_plugin.la
  CCLD     libinvert_plugin.la
  CCLD     libmagnify_plugin.la
  CCLD     libformatcrop_plugin.la
  CCLD     libmirror_plugin.la
  CCLD     libmotionblur_plugin.la
  CCLD     libmotiondetect_plugin.la
  CCLD     libposterize_plugin.la
  CCLD     libpsychedelic_plugin.la
  CCLD     libripple_plugin.la
  CCLD     libscale_plugin.la
  CCLD     libscene_plugin.la
  CCLD     libsepia_plugin.la
  CCLD     libsharpen_plugin.la
  CCLD     libtransform_plugin.la
  CCLD     libwave_plugin.la
  CCLD     libgradfun_plugin.la
  CCLD     libantiflicker_plugin.la
  CCLD     libhqdn3d_plugin.la
  CCLD     libanaglyph_plugin.la
  CCLD     liboldmovie_plugin.la
  CCLD     libvhs_plugin.la
  CCLD     libfps_plugin.la
  CCLD     libfreeze_plugin.la
  CCLD     libpuzzle_plugin.la
  CCLD     librotate_plugin.la
  CCLD     libdither_plugin.la
  OBJCLD   libci_filters_plugin.la
  CCLD     libopengl_filter_plugin.la
  CCLD     libdeinterlace_plugin.la
  CCLD     libglblend_plugin.la
  CCLD     libgladjust_plugin.la
  CCLD     libpl_scale_plugin.la
  CCLD     libgoom_plugin.la
  CCLD     libvisual_plugin.la
  CCLD     libplacebo_plugin.la
  CCLD     libplacebo_gl_plugin.la
  CCLD     libglsampler_builtin_plugin.la
  CCLD     libglinterop_sw_plugin.la
  CCLD     libgl_plugin.la
  CCLD     libglfilter_draw_plugin.la
  CXXLD    libdecklinkoutput_plugin.la
  OBJCLD   libvout_macosx_plugin.la
  OBJCLD   libcaopengllayer_plugin.la
  OBJCLD   libsamplebufferdisplay_plugin.la
  OBJCLD   libcvpx_gl_plugin.la
  CCLD     libcdda_plugin.la
  CCLD     libwebdav_plugin.la
  CCLD     libhttps_plugin.la
  CCLD     librtp_plugin.la
  CCLD     libcompressor_plugin.la
  CCLD     libexpander_plugin.la
  CCLD     liblimiter_plugin.la
  CCLD     libi420_nv12_plugin.la
  CXXLD    libmkv_plugin.la
  CCLD     libmp4_plugin.la
  CXXLD    libvlc_adaptive.la
  CCLD     libglfilter_mock_plugin.la
  CXXLD    libadaptive_plugin.la
Making all in lib
/Applications/Xcode.app/Contents/Developer/usr/bin/make  all-am
  CC       libvlc_la-dialog.lo
  CC       libvlc_la-core.lo
  CC       libvlc_la-renderer_discoverer.lo
  CC       libvlc_la-downloader.lo
  CC       libvlc_la-error.lo
  CC       libvlc_la-log.lo
  CC       libvlc_la-video.lo
  CC       libvlc_la-audio.lo
  CC       libvlc_la-media.lo
  CC       libvlc_la-media_track.lo
  CC       libvlc_la-media_player.lo
  CC       libvlc_la-media_list.lo
  CC       libvlc_la-media_list_player.lo
  CC       libvlc_la-media_discoverer.lo
  CC       libvlc_la-parser.lo
  CC       libvlc_la-picture.lo
  CC       ../src/libvlc_la-revision.lo
  GEN      libvlc.pc
  CCLD     libvlc.la
config.status: creating lib/libvlc.pc
Making all in doc
make[3]: Nothing to be done for `all'.
Making all in bin
  CC       rootwrap.o
  OBJC     vlc_osx-darwinvlc.o
  OBJC     vlc_osx_static-darwinvlc.o
  CC       ../src/config/vlc_preparser_static-getopt.o
  CC       ../src/config/vlc_preparser_static-jaro_winkler.o
  CC       cachegen.o
  CC       ../src/config/vlc_preparser-getopt.o
  CC       ../src/config/vlc_preparser-jaro_winkler.o
  CC       preparser/vlc_preparser-cmdline.o
  CC       preparser/vlc_preparser-main.o
  CCLD     vlc-wrapper
  CC       preparser/vlc_preparser_static-cmdline.o
  CC       preparser/vlc_preparser_static-main.o
clang: warning: argument unused during compilation: '-fcx-limited-range' [-Wunused-command-line-argument]
  CCLD     vlc-cache-gen
  CCLD     vlc-preparser
  OBJCLD   vlc-osx
  CCLD     vlc-preparser-static
clang: warning: argument unused during compilation: '-fcx-limited-range' [-Wunused-command-line-argument]
  OBJCLD   vlc-osx-static
clang: warning: argument unused during compilation: '-fcx-limited-range' [-Wunused-command-line-argument]
clang: warning: argument unused during compilation: '-fcx-limited-range' [-Wunused-command-line-argument]
  GEN      ../modules/plugins.dat
Making all in test
  CC       vlc_window-vlc-window.o
  CCLD     vlc-window
clang: warning: argument unused during compilation: '-fcx-limited-range' [-Wunused-command-line-argument]
  GEN      rvlc
  GEN      vlc
  GEN      nvlc
  GEN      cvlc
/usr/local/bin/gmkdir -p ./bin/Contents/Resources/
ln -s -nf /Users/cam/Documents/Projects/ultima-iv-web/vlc-thumbs/work/story005-master-reproduction/vlc-4.0.0-dev/_build/sub/modules/gui/macosx/UI ./bin/Contents/Resources/Base.lproj
ln -s -nf /Users/cam/Documents/Projects/ultima-iv-web/vlc-thumbs/work/story005-master-reproduction/vlc-4.0.0-dev/_build/sub/modules/gui/macosx/Resources/Assets.car ./bin/Contents/Resources/Assets.car
ln -s -nf /Users/cam/Documents/Projects/ultima-iv-web/vlc-thumbs/work/story005-master-reproduction/vlc-4.0.0-dev/_build/sub/share/macosx/Info.plist ./bin/Contents/Info.plist
ln -s -nf /Users/cam/Documents/Projects/ultima-iv-web/vlc-thumbs/work/story005-master-reproduction/contrib/aarch64-apple-darwin19/Frameworks
cd ./bin/Contents/Resources/ && find /Users/cam/Documents/Projects/ultima-iv-web/vlc-thumbs/work/story005-master-reproduction/vlc-4.0.0-dev/_build/sub/../../modules/gui/macosx/Resources/ -type f -not -path "*.lproj/*" -exec ln -s -f {} \;
Making dvi in compat
make[2]: Nothing to be done for `dvi'.
Making dvi in po
make[2]: Nothing to be done for `dvi'.
Making dvi in share
make[2]: Nothing to be done for `dvi'.
Making dvi in src
make[2]: Nothing to be done for `dvi'.
Making dvi in modules
Making dvi in gui/qt
make[3]: Nothing to be done for `dvi'.
Making dvi in .
make[3]: Nothing to be done for `dvi-am'.
Making dvi in lib
make[2]: Nothing to be done for `dvi'.
Making dvi in doc
make[2]: Nothing to be done for `dvi'.
Making dvi in bin
make[2]: Nothing to be done for `dvi'.
Making dvi in test
make[2]: Nothing to be done for `dvi'.
make[2]: Nothing to be done for `dvi-am'.
/Applications/Xcode.app/Contents/Developer/usr/bin/make  check-recursive
Making check in compat
/Applications/Xcode.app/Contents/Developer/usr/bin/make  test_heap test_strnstr test_ckd_ckd test_ckd_builtin test_ckd_compat test_clock_nanosleep
  CC       test/strnstr.o
  CC       test/heap.o
  CC       test/ckd_ckd-ckd.o
  CC       test/ckd_builtin-ckd.o
../../../compat/test/heap.c:76:13: warning: 'aligned_alloc' is only available on macOS 10.15 or newer [-Wunguarded-availability-new]
   76 |         p = aligned_alloc(alignv[i], 0);
      |             ^~~~~~~~~~~~~
/Applications/Xcode.app/Contents/Developer/Platforms/MacOSX.platform/Developer/SDKs/MacOSX27.0.sdk/usr/include/malloc/_malloc.h:67:35: note: 'aligned_alloc' has been marked as being introduced in macOS 10.15 here, but the deployment target is macOS 10.13.0
   67 | void * __sized_by_or_null(__size) aligned_alloc(size_t __alignment, size_t __size) __result_use_check __alloc_align(1) __alloc_size(2) _MALLOC_TYPED(malloc_type_aligned_alloc, 2) __OSX_AVAILABLE(10.15) __IOS_AVAILABLE(13.0) __TVOS_AVAILABLE(13.0) __WATCHOS_AVAILABLE(6.0);
      |                                   ^
../../../compat/test/heap.c:76:13: note: enclose 'aligned_alloc' in a __builtin_available check to silence this warning
   76 |         p = aligned_alloc(alignv[i], 0);
      |             ^~~~~~~~~~~~~               
../../../compat/test/heap.c:85:18: warning: 'aligned_alloc' is only available on macOS 10.15 or newer [-Wunguarded-availability-new]
   85 |              p = aligned_alloc(align, size);
      |                  ^~~~~~~~~~~~~
/Applications/Xcode.app/Contents/Developer/Platforms/MacOSX.platform/Developer/SDKs/MacOSX27.0.sdk/usr/include/malloc/_malloc.h:67:35: note: 'aligned_alloc' has been marked as being introduced in macOS 10.15 here, but the deployment target is macOS 10.13.0
   67 | void * __sized_by_or_null(__size) aligned_alloc(size_t __alignment, size_t __size) __result_use_check __alloc_align(1) __alloc_size(2) _MALLOC_TYPED(malloc_type_aligned_alloc, 2) __OSX_AVAILABLE(10.15) __IOS_AVAILABLE(13.0) __TVOS_AVAILABLE(13.0) __WATCHOS_AVAILABLE(6.0);
      |                                   ^
../../../compat/test/heap.c:85:18: note: enclose 'aligned_alloc' in a __builtin_available check to silence this warning
   85 |              p = aligned_alloc(align, size);
      |                  ^~~~~~~~~~~~~              
  CC       test/ckd_compat-ckd.o
  CC       test/clock_nanosleep.o
2 warnings generated.
  CCLD     test_strnstr
  CCLD     test_ckd_ckd
  CCLD     test_ckd_builtin
  CCLD     test_ckd_compat
clang: warning: argument unused during compilation: '-fcx-limited-range' [-Wunused-command-line-argument]
clang: warning: argument unused during compilation: '-fcx-limited-range' [-Wunused-command-line-argument]
clang: warning: argument unused during compilation: '-fcx-limited-range' [-Wunused-command-line-argument]
  CCLD     test_clock_nanosleep
clang: warning: argument unused during compilation: '-fcx-limited-range' [-Wunused-command-line-argument]
  CCLD     test_heap
clang: warning: argument unused during compilation: '-fcx-limited-range' [-Wunused-command-line-argument]
clang: warning: argument unused during compilation: '-fcx-limited-range' [-Wunused-command-line-argument]
/Applications/Xcode.app/Contents/Developer/usr/bin/make  check-TESTS
PASS: test_strnstr
PASS: test_ckd_ckd
PASS: test_heap
PASS: test_ckd_builtin
PASS: test_ckd_compat
PASS: test_clock_nanosleep
============================================================================
Testsuite summary for vlc 4.0.0-dev
============================================================================
# TOTAL: 6
# PASS:  6
# SKIP:  0
# XFAIL: 0
# FAIL:  0
# XPASS: 0
# ERROR: 0
============================================================================
Making check in po
make[3]: Nothing to be done for `check'.
Making check in share
make[3]: Nothing to be done for `check'.
Making check in src
  GEN      stamp-revision
fatal: not a git repository (or any of the parent directories): .git
/Applications/Xcode.app/Contents/Developer/usr/bin/make  check-am
/Applications/Xcode.app/Contents/Developer/usr/bin/make  test_block test_dictionary test_executor test_i18n_atof test_interrupt test_jaro_winkler test_list test_md5 test_objects_cxx test_picture_pool test_sort test_timer test_url test_utf8 test_xmlent test_headers test_mrl_helpers test_arrays test_vector test_shared_data_ptr test_playlist test_randomizer test_media_source test_extensions test_thread test_diffutil test_cpp_list test_input_es_out test_input_clock \
	  check_headers check_symbols checkheader_vlc_access.h.check checkheader_vlc_actions.h.check checkheader_vlc_addons.h.check checkheader_vlc_ancillary.h.check checkheader_vlc_aout.h.check checkheader_vlc_aout_volume.h.check checkheader_vlc_arrays.h.check checkheader_vlc_atomic.h.check checkheader_vlc_avcodec.h.check checkheader_vlc_bits.h.check checkheader_vlc_block.h.check checkheader_vlc_block_helper.h.check checkheader_vlc_boxes.h.check checkheader_vlc_charset.h.check checkheader_vlc_codec.h.check checkheader_vlc_common.h.check checkheader_vlc_config.h.check checkheader_vlc_config_cat.h.check checkheader_vlc_configuration.h.check checkheader_vlc_cpu.h.check checkheader_vlc_clock.h.check checkheader_vlc_chroma_probe.h.check checkheader_vlc_decoder.h.check checkheader_vlc_demux.h.check checkheader_vlc_dialog.h.check checkheader_vlc_diffutil.h.check checkheader_vlc_epg.h.check checkheader_vlc_es.h.check checkheader_vlc_es_out.h.check checkheader_vlc_executor.h.check checkheader_vlc_filter.h.check checkheader_vlc_fingerprinter.h.check checkheader_vlc_fourcc.h.check checkheader_vlc_frame.h.check checkheader_vlc_fs.h.check checkheader_vlc_gcrypt.h.check checkheader_vlc_hash.h.check checkheader_vlc_http.h.check checkheader_vlc_httpd.h.check checkheader_vlc_image.h.check checkheader_vlc_inhibit.h.check checkheader_vlc_input.h.check checkheader_vlc_input_item.h.check checkheader_vlc_interface.h.check checkheader_vlc_interrupt.h.check checkheader_vlc_keystore.h.check checkheader_vlc_list.h.check checkheader_vlc_media_library.h.check checkheader_vlc_media_source.h.check checkheader_vlc_memstream.h.check checkheader_vlc_messages.h.check checkheader_vlc_tracer.h.check checkheader_vlc_meta.h.check checkheader_vlc_meta_fetcher.h.check checkheader_vlc_mime.h.check checkheader_vlc_modules.h.check checkheader_vlc_mouse.h.check checkheader_vlc_network.h.check checkheader_vlc_objects.h.check checkheader_vlc_opengl.h.check checkheader_vlc_opengl_interop.h.check checkheader_vlc_opengl_filter.h.check checkheader_vlc_opengl_picture.h.check checkheader_vlc_opengl_sampler.h.check checkheader_vlc_picture.h.check checkheader_vlc_picture_fifo.h.check checkheader_vlc_picture_pool.h.check checkheader_vlc_player.h.check checkheader_vlc_playlist.h.check checkheader_vlc_playlist_export.h.check checkheader_vlc_plugin.h.check checkheader_vlc_poll.h.check checkheader_vlc_probe.h.check checkheader_vlc_preparser.h.check checkheader_vlc_process.h.check checkheader_vlc_preparser_ipc.h.check checkheader_vlc_queue.h.check checkheader_vlc_rand.h.check checkheader_vlc_renderer_discovery.h.check checkheader_vlc_replay_gain.h.check checkheader_vlc_services_discovery.h.check checkheader_vlc_sort.h.check checkheader_vlc_sout.h.check checkheader_vlc_spawn.h.check checkheader_vlc_spu.h.check checkheader_vlc_stream.h.check checkheader_vlc_stream_extractor.h.check checkheader_vlc_strings.h.check checkheader_vlc_subpicture.h.check checkheader_vlc_text_style.h.check checkheader_vlc_threads.h.check checkheader_vlc_tick.h.check checkheader_vlc_timestamp_helper.h.check checkheader_vlc_tls.h.check checkheader_vlc_url.h.check checkheader_vlc_variables.h.check checkheader_vlc_vector.h.check checkheader_vlc_video_splitter.h.check checkheader_vlc_viewpoint.h.check checkheader_vlc_vlm.h.check checkheader_vlc_vout.h.check checkheader_vlc_vout_display.h.check checkheader_vlc_vout_osd.h.check checkheader_vlc_window.h.check checkheader_vlc_xlib.h.check checkheader_vlc_xml.h.check checkheader_vlc_cxx_helpers.hpp.check checkheader_vlc_list.hpp.check
  CXX      misc/objects_cxx_test.o
  CC       config/jaro_winkler.o
  CC       misc/objects.o
  CC       test/picture_pool.o
In file included from ../../../src/misc/objects_cxx_test.cpp:25:
In file included from ../config.h:896:
In file included from ../../../include/vlc_fixups.h:166:
In file included from /Applications/Xcode.app/Contents/Developer/Platforms/MacOSX.platform/Developer/SDKs/MacOSX27.0.sdk/usr/include/c++/v1/stddef.h:30:
In file included from /Applications/Xcode.app/Contents/Developer/Platforms/MacOSX.platform/Developer/SDKs/MacOSX27.0.sdk/usr/include/c++/v1/__config:15:
/Applications/Xcode.app/Contents/Developer/Platforms/MacOSX.platform/Developer/SDKs/MacOSX27.0.sdk/usr/include/c++/v1/__configuration/availability.h:204:4: warning: "The selected platform is no longer supported by libc++." [-W#warnings]
  204 | #  warning "The selected platform is no longer supported by libc++."
      |    ^
../../../src/misc/objects.c:207:27: warning: 'vlc_object_hold' is deprecated [-Wdeprecated-declarations]
  207 |              tab[count]  CC       test/sort.o
 = vlc_object_hold(vlc_externals(priv));
      |                           ^
../../../include/vlc_objects.h:204:1: note: 'vlc_object_hold' has been explicitly marked deprecated here
  204 | VLC_DEPRECATED static inline void *vlc_object_hold(vlc_object_t *o)
      | ^
../../../include/vlc_common.h:95:42: note: expanded from macro 'VLC_DEPRECATED'
   95 | #  define VLC_DEPRECATED  __attribute__((deprecated))
      |                                          ^
1 warning generated.
  CC       test/timer.o
  CC       test/url.o
1 warning generated.
  CC       test/xmlent.o
  CC       test/utf8.o
  CC       test/headers.o
  CC       test/mrl_helpers.o
  CC       test/arrays.o
  CC       test/vector.o
  CXX      test/shared_data_ptr.o
  CC       playlist/test_playlist-test.o
  CC       playlist/test_playlist-content.o
In file included from ../../../src/test/shared_data_ptr.cpp:1:
In file included from /Applications/Xcode.app/Contents/Developer/Platforms/MacOSX.platform/Developer/SDKs/MacOSX27.0.sdk/usr/include/c++/v1/cassert:22:
In file included from /Applications/Xcode.app/Contents/Developer/Platforms/MacOSX.platform/Developer/SDKs/MacOSX27.0.sdk/usr/include/c++/v1/__config:15:
/Applications/Xcode.app/Contents/Developer/Platforms/MacOSX.platform/Developer/SDKs/MacOSX27.0.sdk/usr/include/c++/v1/__configuration/availability.h:204:4: warning: "The selected platform is no longer supported by libc++." [-W#warnings]
  204 | #  warning "The selected platform is no longer supported by libc++."
      |    ^
  CC       playlist/test_playlist-control.o
  CC       playlist/test_playlist-item.o
  CC       playlist/test_playlist-notify.o
  CC       playlist/test_playlist-player.o
  CC       playlist/test_playlist-playlist.o
  CC       playlist/test_playlist-preparse.o
  CC       playlist/test_playlist-randomizer.o
  CC       playlist/test_playlist-request.o
  CC       playlist/test_playlist-shuffle.o
  CC       playlist/test_playlist-sort.o
  CC       playlist/test_randomizer-randomizer.o
  CC       media_source/test_media_source-test.o
1 warning generated.
  CC       media_source/test_media_source-media_source.o
  CC       media_source/test_media_source-media_tree.o
  CC       test/extensions.o
  CC       test/thread.o
  CC       test/diffutil.o
  CXX      test/list_cpp.o
In file included from ../../../src/test/list_cpp.cpp:25:
In file included from ../config.h:896:
In file included from ../../../include/vlc_fixups.h:166:
In file included from /Applications/Xcode.app/Contents/Developer/Platforms/MacOSX.platform/Developer/SDKs/MacOSX27.0.sdk/usr/include/c++/v1/stddef.h:30:
In file included from /Applications/Xcode.app/Contents/Developer/Platforms/MacOSX.platform/Developer/SDKs/MacOSX27.0.sdk/usr/include/c++/v1/__config:15:
/Applications/Xcode.app/Contents/Developer/Platforms/MacOSX.platform/Developer/SDKs/MacOSX27.0.sdk/usr/include/c++/v1/__configuration/availability.h:204:4: warning: "The selected platform is no longer supported by libc++." [-W#warnings]
  204 | #  warning "The selected platform is no longer supported by libc++."
      |    ^
  CC       input/es_out.o
  CC       input/source.o
  CC       input/item.o
  CC       clock/clock.o
1 warning generated.
  CC       text/strings.o
  CC       clock/clock_internal.o
  CC       clock/input_clock.o
make[5]: Nothing to be done for `../../../src/check_headers'.
make[5]: Nothing to be done for `../../../src/check_symbols'.
  CHECK    vlc_access.h
  CHECK    vlc_actions.h
../../../src/clock/input_clock.c:463:2: warning: "input_clock_SetJitter needs more work" [-W#warnings]
  463 | #warning "input_clock_SetJitter needs more work"
      |  ^
1 warning generated.
  CHECK    vlc_addons.h
  CHECK    vlc_ancillary.h
  CHECK    vlc_aout.h
  CHECK    vlc_aout_volume.h
  CHECK    vlc_arrays.h
  CHECK    vlc_atomic.h
  CHECK    vlc_avcodec.h
  CHECK    vlc_bits.h
  CHECK    vlc_block.h
  CHECK    vlc_block_helper.h
  CHECK    vlc_boxes.h
  CHECK    vlc_charset.h
  CHECK    vlc_codec.h
  CHECK    vlc_common.h
  CHECK    vlc_config.h
  CHECK    vlc_config_cat.h
  CHECK    vlc_configuration.h
  CHECK    vlc_cpu.h
  CHECK    vlc_clock.h
  CHECK    vlc_chroma_probe.h
  CHECK    vlc_decoder.h
  CHECK    vlc_demux.h
  CHECK    vlc_dialog.h
  CHECK    vlc_diffutil.h
  CHECK    vlc_epg.h
  CHECK    vlc_es.h
  CHECK    vlc_es_out.h
  CHECK    vlc_filter.h
  CHECK    vlc_executor.h
  CHECK    vlc_fourcc.h
  CHECK    vlc_fingerprinter.h
  CHECK    vlc_frame.h
  CHECK    vlc_fs.h
  CHECK    vlc_gcrypt.h
  CHECK    vlc_hash.h
  CHECK    vlc_http.h
  CHECK    vlc_httpd.h
  CHECK    vlc_image.h
  CHECK    vlc_inhibit.h
  CHECK    vlc_input.h
  CHECK    vlc_input_item.h
  CHECK    vlc_interface.h
  CHECK    vlc_interrupt.h
  CHECK    vlc_list.h
  CHECK    vlc_keystore.h
  CHECK    vlc_media_library.h
  CHECK    vlc_media_source.h
  CHECK    vlc_memstream.h
  CHECK    vlc_messages.h
  CHECK    vlc_tracer.h
  CHECK    vlc_meta.h
  CHECK    vlc_meta_fetcher.h
  CHECK    vlc_mime.h
  CHECK    vlc_modules.h
  CHECK    vlc_mouse.h
  CHECK    vlc_network.h
  CHECK    vlc_objects.h
  CHECK    vlc_opengl_interop.h
  CHECK    vlc_opengl.h
  CHECK    vlc_opengl_filter.h
  CHECK    vlc_opengl_picture.h
  CHECK    vlc_opengl_sampler.h
  CHECK    vlc_picture.h
  CHECK    vlc_picture_fifo.h
  CHECK    vlc_picture_pool.h
  CHECK    vlc_playlist.h
  CHECK    vlc_player.h
  CHECK    vlc_playlist_export.h
  CHECK    vlc_plugin.h
  CHECK    vlc_preparser.h
  CHECK    vlc_probe.h
  CHECK    vlc_poll.h
  CHECK    vlc_process.h
  CHECK    vlc_preparser_ipc.h
  CHECK    vlc_rand.h
  CHECK    vlc_queue.h
  CHECK    vlc_renderer_discovery.h
  CHECK    vlc_replay_gain.h
  CHECK    vlc_services_discovery.h
  CHECK    vlc_sort.h
  CHECK    vlc_sout.h
  CHECK    vlc_spawn.h
  CHECK    vlc_spu.h
  CHECK    vlc_stream.h
  CHECK    vlc_stream_extractor.h
  CHECK    vlc_subpicture.h
  CHECK    vlc_strings.h
  CHECK    vlc_text_style.h
  CHECK    vlc_threads.h
  CHECK    vlc_timestamp_helper.h
  CHECK    vlc_tick.h
  CHECK    vlc_tls.h
  CHECK    vlc_url.h
  CHECK    vlc_variables.h
  CHECK    vlc_vector.h
  CHECK    vlc_video_splitter.h
  CHECK    vlc_viewpoint.h
  CHECK    vlc_vlm.h
  CHECK    vlc_vout.h
  CHECK    vlc_vout_display.h
  CHECK    vlc_vout_osd.h
  CHECK    vlc_xlib.h
  CHECK    vlc_window.h
  CHECK    vlc_xml.h
  CHECK    vlc_cxx_helpers.hpp
In file included from checkheader_vlc_cxx_helpers.hpp.check.cpp:1:
In file included from /Applications/Xcode.app/Contents/Developer/Platforms/MacOSX.platform/Developer/SDKs/MacOSX27.0.sdk/usr/include/c++/v1/stdbool.h:25:
In file included from /Applications/Xcode.app/Contents/Developer/Platforms/MacOSX.platform/Developer/SDKs/MacOSX27.0.sdk/usr/include/c++/v1/__config:15:
/Applications/Xcode.app/Contents/Developer/Platforms/MacOSX.platform/Developer/SDKs/MacOSX27.0.sdk/usr/include/c++/v1/__configuration/availability.h:204:4: warning: "The selected platform is no longer supported by libc++." [-W#warnings]
  204 | #  warning "The selected platform is no longer supported by libc++."
      |    ^
  CHECK    vlc_list.hpp
  CC       test/block_test.o
  CC       test/dictionary.o
In file included from checkheader_vlc_list.hpp.check.cpp:1:
In file included from /Applications/Xcode.app/Contents/Developer/Platforms/MacOSX.platform/Developer/SDKs/MacOSX27.0.sdk/usr/include/c++/v1/stdbool.h:25:
In file included from /Applications/Xcode.app/Contents/Developer/Platforms/MacOSX.platform/Developer/SDKs/MacOSX27.0.sdk/usr/include/c++/v1/__config:15:
/Applications/Xcode.app/Contents/Developer/Platforms/MacOSX.platform/Developer/SDKs/MacOSX27.0.sdk/usr/include/c++/v1/__configuration/availability.h:204:4: warning: "The selected platform is no longer supported by libc++." [-W#warnings]
  204 | #  warning "The selected platform is no longer supported by libc++."
      |    ^
  CC       test/executor.o
  CC       test/i18n_atof.o
1 warning generated.
../../../src/test/executor.c:178:5: warning: call to 'harmful_delay' declared with 'warning' attribute: use proper event handling instead of short delay [-Wattribute-warning]
  178 |     vlc_tick_sleep(delay);
      |     ^
../../../include/vlc_threads.h:864:42: note: expanded from macro 'vlc_tick_sleep'
  864 | #define vlc_tick_sleep(d) vlc_tick_sleep(check_delay(d))
      |                                          ^
../../../include/vlc_threads.h:848:14: note: expanded from macro 'check_delay'
  848 |            ? harmful_delay(d) \
      |              ^
1 warning generated.
  CC       test/interrupt.o
  CC       test/jaro_winkler.o
1 warning generated.
  CC       test/list.o
  CC       test/md5.o
  CXXLD    test_objects_cxx
  CCLD     test_picture_pool
  CCLD     test_sort
  CCLD     test_timer
clang: warning: argument unused during compilation: '-fcx-limited-range' [-Wunused-command-line-argument]
clang++: warning: argument unused during compilation: '-fcx-limited-range' [-Wunused-command-line-argument]
clang: warning: argument unused during compilation: '-fcx-limited-range' [-Wunused-command-line-argument]
clang: warning: argument unused during compilation: '-fcx-limited-range' [-Wunused-command-line-argument]
  CCLD     test_url
  CCLD     test_utf8
  CCLD     test_xmlent
  CCLD     test_headers
clang: warning: argument unused during compilation: '-fcx-limited-range' [-Wunused-command-line-argument]
clang: warning: argument unused during compilation: '-fcx-limited-range' [-Wunused-command-line-argument]
clang: warning: argument unused during compilation: '-fcx-limited-range' [-Wunused-command-line-argument]
clang: warning: argument unused during compilation: '-fcx-limited-range' [-Wunused-command-line-argument]
  CCLD     test_mrl_helpers
  CCLD     test_arrays
  CCLD     test_vector
  CXXLD    test_shared_data_ptr
clang: warning: argument unused during compilation: '-fcx-limited-range' [-Wunused-command-line-argument]
clang: warning: argument unused during compilation: '-fcx-limited-range' [-Wunused-command-line-argument]
clang: warning: argument unused during compilation: '-fcx-limited-range' [-Wunused-command-line-argument]
clang++: warning: argument unused during compilation: '-fcx-limited-range' [-Wunused-command-line-argument]
  CCLD     test_playlist
  CCLD     test_randomizer
  CCLD     test_media_source
  CCLD     test_extensions
clang: warning: argument unused during compilation: '-fcx-limited-range' [-Wunused-command-line-argument]
clang: warning: argument unused during compilation: '-fcx-limited-range' [-Wunused-command-line-argument]
clang: warning: argument unused during compilation: '-fcx-limited-range' [-Wunused-command-line-argument]
clang: warning: argument unused during compilation: '-fcx-limited-range' [-Wunused-command-line-argument]
  CCLD     test_thread
  CCLD     test_diffutil
  CC       input/test/es_out.o
  CXXLD    test_cpp_list
  CC       clock/test/input_clock.o
../../../src/clock/test/input_clock.c:94:35: warning: unused variable 'clock_abort_ops' [-Wunused-const-variable]
   94 | static const struct vlc_clock_cbs clock_abort_ops =
      |                                   ^~~~~~~~~~~~~~~
../../../src/clock/test/input_clock.c:122:35: warning: unused variable 'clock_validate_ops' [-Wunused-const-variable]
  122 | static const struct vlc_clock_cbs clock_validate_ops =
      |                                   ^~~~~~~~~~~~~~~~~~
../../../src/clock/test/input_clock.c:140:35: warning: unused variable 'clock_switch_ops' [-Wunused-const-variable]
  140 | static const struct vlc_clock_cbs clock_switch_ops = {
      |                                   ^~~~~~~~~~~~~~~~
3 warnings generated.
  CCLD     test_block
clang: warning: argument unused during compilation: '-fcx-limited-range' [-Wunused-command-line-argument]
clang: warning: argument unused during compilation: '-fcx-limited-range' [-Wunused-command-line-argument]
  CCLD     test_dictionary
  CCLD     test_executor
clang++: warning: argument unused during compilation: '-fcx-limited-range' [-Wunused-command-line-argument]
  CCLD     test_i18n_atof
clang: warning: argument unused during compilation: '-fcx-limited-range' [-Wunused-command-line-argument]
clang: warning: argument unused during compilation: '-fcx-limited-range' [-Wunused-command-line-argument]
clang: warning: argument unused during compilation: '-fcx-limited-range' [-Wunused-command-line-argument]
  CCLD     test_interrupt
  CCLD     test_jaro_winkler
  CCLD     test_list
clang: warning: argument unused during compilation: '-fcx-limited-range' [-Wunused-command-line-argument]
  CCLD     test_md5
clang: warning: argument unused during compilation: '-fcx-limited-range' [-Wunused-command-line-argument]
clang: warning: argument unused during compilation: '-fcx-limited-range' [-Wunused-command-line-argument]
clang: warning: argument unused during compilation: '-fcx-limited-range' [-Wunused-command-line-argument]
  CCLD     test_input_es_out
  CCLD     test_input_clock
clang: warning: argument unused during compilation: '-fcx-limited-range' [-Wunused-command-line-argument]
clang: warning: argument unused during compilation: '-fcx-limited-range' [-Wunused-command-line-argument]
clang: warning: argument unused during compilation: '-fcx-limited-range' [-Wunused-command-line-argument]
/Applications/Xcode.app/Contents/Developer/usr/bin/make  check-TESTS check-local
  CHECK    vlc_actions.h
  CHECK    vlc_access.h
  CHECK    vlc_ancillary.h
  CHECK    vlc_addons.h
  CHECK    vlc_aout.h
  CHECK    vlc_aout_volume.h
  CHECK    vlc_arrays.h
  CHECK    vlc_atomic.h
  CHECK    vlc_avcodec.h
  CHECK    vlc_bits.h
  CHECK    vlc_block.h
  CHECK    vlc_block_helper.h
  CHECK    vlc_boxes.h
  CHECK    vlc_charset.h
  CHECK    vlc_codec.h
  CHECK    vlc_common.h
  CHECK    vlc_config.h
  CHECK    vlc_config_cat.h
  CHECK    vlc_configuration.h
  CHECK    vlc_cpu.h
  CHECK    vlc_clock.h
  CHECK    vlc_chroma_probe.h
  CHECK    vlc_decoder.h
  CHECK    vlc_demux.h
  CHECK    vlc_diffutil.h
  CHECK    vlc_dialog.h
  CHECK    vlc_epg.h
  CHECK    vlc_es.h
  CHECK    vlc_filter.h
  CHECK    vlc_executor.h
  CHECK    vlc_es_out.h
  CHECK    vlc_fingerprinter.h
  CHECK    vlc_fourcc.h
  CHECK    vlc_frame.h
  CHECK    vlc_fs.h
  CHECK    vlc_gcrypt.h
  CHECK    vlc_hash.h
  CHECK    vlc_http.h
  CHECK    vlc_httpd.h
  CHECK    vlc_image.h
  CHECK    vlc_inhibit.h
  CHECK    vlc_input.h
  CHECK    vlc_input_item.h
  CHECK    vlc_interface.h
  CHECK    vlc_interrupt.h
  CHECK    vlc_list.h
  CHECK    vlc_keystore.h
  CHECK    vlc_media_library.h
  CHECK    vlc_media_source.h
  CHECK    vlc_memstream.h
  CHECK    vlc_messages.h
  CHECK    vlc_tracer.h
  CHECK    vlc_meta.h
  CHECK    vlc_meta_fetcher.h
  CHECK    vlc_mime.h
  CHECK    vlc_modules.h
  CHECK    vlc_network.h
  CHECK    vlc_mouse.h
  CHECK    vlc_objects.h
  CHECK    vlc_opengl.h
  CHECK    vlc_opengl_filter.h
  CHECK    vlc_opengl_interop.h
  CHECK    vlc_opengl_picture.h
  CHECK    vlc_picture_pool.h
  CHECK    vlc_picture.h
  CHECK    vlc_picture_fifo.h
  CHECK    vlc_opengl_sampler.h
  CHECK    vlc_player.h
  CHECK    vlc_playlist.h
  CHECK    vlc_plugin.h
  CHECK    vlc_playlist_export.h
  CHECK    vlc_poll.h
  CHECK    vlc_preparser.h
  CHECK    vlc_probe.h
  CHECK    vlc_process.h
  CHECK    vlc_preparser_ipc.h
  CHECK    vlc_queue.h
  CHECK    vlc_rand.h
  CHECK    vlc_renderer_discovery.h
  CHECK    vlc_services_discovery.h
  CHECK    vlc_sort.h
  CHECK    vlc_replay_gain.h
  CHECK    vlc_sout.h
  CHECK    vlc_spawn.h
  CHECK    vlc_spu.h
  CHECK    vlc_stream.h
  CHECK    vlc_stream_extractor.h
  CHECK    vlc_subpicture.h
  CHECK    vlc_strings.h
  CHECK    vlc_text_style.h
  CHECK    vlc_threads.h
  CHECK    vlc_tick.h
  CHECK    vlc_tls.h
  CHECK    vlc_timestamp_helper.h
  CHECK    vlc_url.h
  CHECK    vlc_variables.h
  CHECK    vlc_vector.h
  CHECK    vlc_video_splitter.h
  CHECK    vlc_viewpoint.h
  CHECK    vlc_vlm.h
  CHECK    vlc_vout.h
  CHECK    vlc_vout_display.h
  CHECK    vlc_vout_osd.h
  CHECK    vlc_window.h
  CHECK    vlc_xlib.h
  CHECK    vlc_xml.h
  CHECK    vlc_cxx_helpers.hpp
In file included from checkheader_vlc_cxx_helpers.hpp.check.cpp:1:
In file included from /Applications/Xcode.app/Contents/Developer/Platforms/MacOSX.platform/Developer/SDKs/MacOSX27.0.sdk/usr/include/c++/v1/stdbool.h:25:
In file included from /Applications/Xcode.app/Contents/Developer/Platforms/MacOSX.platform/Developer/SDKs/MacOSX27.0.sdk/usr/include/c++/v1/__config:15:
/Applications/Xcode.app/Contents/Developer/Platforms/MacOSX.platform/Developer/SDKs/MacOSX27.0.sdk/usr/include/c++/v1/__configuration/availability.h:204:4: warning: "The selected platform is no longer supported by libc++." [-W#warnings]
  204 | #  warning "The selected platform is no longer supported by libc++."
      |    ^
for h in `echo  | sed -e s,\.\./include/,,g`; \
	do \
		echo grep - "#include <$h>" ../../../src/test/headers.c ; \
		if ! grep -- "#include <$h>" ../../../src/test/headers.c ; \
		then \
			echo "Header $h not included in test/headers.c!"; \
			exit 1; \
		fi ; \
	done
  CHECK    vlc_list.hpp
/bin/sh ../../../src/check_headers ../include/vlc_access.h ../include/vlc_actions.h ../include/vlc_addons.h ../include/vlc_ancillary.h ../include/vlc_aout.h ../include/vlc_aout_volume.h ../include/vlc_arrays.h ../include/vlc_atomic.h ../include/vlc_avcodec.h ../include/vlc_bits.h ../include/vlc_block.h ../include/vlc_block_helper.h ../include/vlc_boxes.h ../include/vlc_charset.h ../include/vlc_codec.h ../include/vlc_common.h ../include/vlc_config.h ../include/vlc_config_cat.h ../include/vlc_configuration.h ../include/vlc_cpu.h ../include/vlc_clock.h ../include/vlc_chroma_probe.h ../include/vlc_decoder.h ../include/vlc_demux.h ../include/vlc_dialog.h ../include/vlc_diffutil.h ../include/vlc_epg.h ../include/vlc_es.h ../include/vlc_es_out.h ../include/vlc_executor.h ../include/vlc_filter.h ../include/vlc_fingerprinter.h ../include/vlc_fourcc.h ../include/vlc_frame.h ../include/vlc_fs.h ../include/vlc_gcrypt.h ../include/vlc_hash.h ../include/vlc_http.h ../include/vlc_httpd.h ../include/vlc_image.h ../include/vlc_inhibit.h ../include/vlc_input.h ../include/vlc_input_item.h ../include/vlc_interface.h ../include/vlc_interrupt.h ../include/vlc_keystore.h ../include/vlc_list.h ../include/vlc_media_library.h ../include/vlc_media_source.h ../include/vlc_memstream.h ../include/vlc_messages.h ../include/vlc_tracer.h ../include/vlc_meta.h ../include/vlc_meta_fetcher.h ../include/vlc_mime.h ../include/vlc_modules.h ../include/vlc_mouse.h ../include/vlc_network.h ../include/vlc_objects.h ../include/vlc_opengl.h ../include/vlc_opengl_interop.h ../include/vlc_opengl_filter.h ../include/vlc_opengl_picture.h ../include/vlc_opengl_sampler.h ../include/vlc_picture.h ../include/vlc_picture_fifo.h ../include/vlc_picture_pool.h ../include/vlc_player.h ../include/vlc_playlist.h ../include/vlc_playlist_export.h ../include/vlc_plugin.h ../include/vlc_poll.h ../include/vlc_probe.h ../include/vlc_preparser.h ../include/vlc_process.h ../include/vlc_preparser_ipc.h ../include/vlc_queue.h ../include/vlc_rand.h ../include/vlc_renderer_discovery.h ../include/vlc_replay_gain.h ../include/vlc_services_discovery.h ../include/vlc_sort.h ../include/vlc_sout.h ../include/vlc_spawn.h ../include/vlc_spu.h ../include/vlc_stream.h ../include/vlc_stream_extractor.h ../include/vlc_strings.h ../include/vlc_subpicture.h ../include/vlc_text_style.h ../include/vlc_threads.h ../include/vlc_tick.h ../include/vlc_timestamp_helper.h ../include/vlc_tls.h ../include/vlc_url.h ../include/vlc_variables.h ../include/vlc_vector.h ../include/vlc_video_splitter.h ../include/vlc_viewpoint.h ../include/vlc_vlm.h ../include/vlc_vout.h ../include/vlc_vout_display.h ../include/vlc_vout_osd.h ../include/vlc_window.h ../include/vlc_xlib.h ../include/vlc_xml.h  ../include/vlc_cxx_helpers.hpp ../include/vlc_list.hpp 
In file included from checkheader_vlc_list.hpp.check.cpp:1:
In file included from /Applications/Xcode.app/Contents/Developer/Platforms/MacOSX.platform/Developer/SDKs/MacOSX27.0.sdk/usr/include/c++/v1/stdbool.h:25:
In file included from /Applications/Xcode.app/Contents/Developer/Platforms/MacOSX.platform/Developer/SDKs/MacOSX27.0.sdk/usr/include/c++/v1/__config:15:
/Applications/Xcode.app/Contents/Developer/Platforms/MacOSX.platform/Developer/SDKs/MacOSX27.0.sdk/usr/include/c++/v1/__configuration/availability.h:204:4: warning: "The selected platform is no longer supported by libc++." [-W#warnings]
  204 | #  warning "The selected platform is no longer supported by libc++."
      |    ^
1 warning generated.
1 warning generated.
PASS: test_dictionary
PASS: test_block
PASS: test_executor
PASS: test_i18n_atof
PASS: test_interrupt
PASS: test_jaro_winkler
PASS: test_list
PASS: test_md5
PASS: test_objects_cxx
PASS: test_sort
PASS: test_picture_pool
PASS: test_utf8
SKIP: test_url
PASS: test_timer
PASS: test_xmlent
PASS: test_headers
PASS: test_mrl_helpers
PASS: test_vector
PASS: test_arrays
PASS: test_shared_data_ptr
PASS: test_randomizer
PASS: test_playlist
PASS: test_media_source
PASS: test_extensions
PASS: test_thread
Looking for private defines in public headers...
PASS: test_cpp_list
PASS: test_diffutil
PASS: check_symbols
PASS: test_input_clock
PASS: test_input_es_out
============================================================================
Testsuite summary for vlc 4.0.0-dev
============================================================================
# TOTAL: 30
# PASS:  29
# SKIP:  1
# XFAIL: 0
# FAIL:  0
# XPASS: 0
# ERROR: 0
============================================================================
None found.
Making check in modules
/Applications/Xcode.app/Contents/Developer/usr/bin/make  check-recursive
Making check in gui/qt
/Applications/Xcode.app/Contents/Developer/usr/bin/make  check-am
/Applications/Xcode.app/Contents/Developer/usr/bin/make  
/Applications/Xcode.app/Contents/Developer/usr/bin/make  all-am
make[8]: Nothing to be done for `all-am'.
/Applications/Xcode.app/Contents/Developer/usr/bin/make  check-TESTS
============================================================================
Testsuite summary for vlc 4.0.0-dev
============================================================================
# TOTAL: 0
# PASS:  0
# SKIP:  0
# XFAIL: 0
# FAIL:  0
# XPASS: 0
# ERROR: 0
============================================================================
Making check in .
/Applications/Xcode.app/Contents/Developer/usr/bin/make  hpack_test hpackenc_test h2frame_test h2output_test h2conn_test h1conn_test h1chunked_test http_msg_test http_file_test http_tunnel_test rtpfmt_test sdp_test srtp_aes_test srtp_recv_test css_parser_test videotoolbox_dpb_test xiph_test subtitle_plugin_test adaptive_test   chroma_copy_test libaccesstweaks_plugin.la
  CC       access/http/hpackenc_test-hpackenc.o
  CC       access/http/hpack_test-hpack.o
  CC       access/http/hpackenc_test-hpack.o
  CC       access/http/h2frame_test.o
  CC       access/http/hpack.o
  CC       access/http/hpackenc.o
  CC       access/http/h2frame.o
  CC       access/http/h2output_test.o
  CC       access/http/h2conn_test.o
  CC       access/http/h1conn_test.o
  CC       access/http/chunked_test.o
  CC       access/http/message_test.o
  CC       access/http/message.o
  CC       access/http/file_test.o
  CC       access/http/resource.o
  CC       access/http/file.o
  CC       access/http/tunnel_test.o
  CC       access/rtp/rtpfmt.o
  CC       access/rtp/sdp.o
  CC       codec/webvtt/css_parser_test-css_test.o
  CC       codec/webvtt/css_parser_test-css_parser.o
  CC       codec/webvtt/css_parser_test-CSSGrammar.o
  CC       codec/webvtt/css_parser_test-css_parser_test-CSSLexer.o
codec/webvtt/CSSGrammar.c:1533:9: warning: variable 'cssnerrs' set but not used [-Wunused-but-set-variable]
 1533 |     int yynerrs = 0;
      |         ^
../../../modules/codec/webvtt/CSSGrammar.c:73:25: note: expanded from macro 'yynerrs'
   73 | #define yynerrs         cssnerrs
      |                         ^
  CC       codec/videotoolbox/videotoolbox_dpb_test-dpb_test.o
  CC       codec/videotoolbox/videotoolbox_dpb_test-dpb.o
1 warning generated.
  CC       demux/xiph_test.o
  CC       demux/subtitle_plugin_test-subtitle.o
  CC       video_chroma/chroma_copy_test-copy.o
  CC       stream_filter/accesstweaks.lo
  CCLD     hpack_test
  CCLD     hpackenc_test
  CCLD     h2frame_test
  CCLD     h2output_test
clang: warning: argument unused during compilation: '-fcx-limited-range' [-Wunused-command-line-argument]
clang: warning: argument unused during compilation: '-fcx-limited-range' [-Wunused-command-line-argument]
clang: warning: argument unused during compilation: '-fcx-limited-range' [-Wunused-command-line-argument]
  CCLD     h2conn_test
  CCLD     h1conn_test
  CCLD     h1chunked_test
clang: warning: argument unused during compilation: '-fcx-limited-range' [-Wunused-command-line-argument]
  CCLD     http_msg_test
clang: warning: argument unused during compilation: '-fcx-limited-range' [-Wunused-command-line-argument]
clang: warning: argument unused during compilation: '-fcx-limited-range' [-Wunused-command-line-argument]
clang: warning: argument unused during compilation: '-fcx-limited-range' [-Wunused-command-line-argument]
clang: warning: argument unused during compilation: '-fcx-limited-range' [-Wunused-command-line-argument]
  CCLD     http_file_test
  CCLD     http_tunnel_test
  CC       access/rtp/test/rtpfmt.o
  CC       access/rtp/test/sdp.o
  CC       access/rtp/test/srtp-aes.o
  CC       access/rtp/test/srtp-recv.o
In file included from ../../../modules/access/rtp/test/srtp-aes.c:21:
../../../modules/access/rtp/test/../srtp.c:219:23: warning: variable length array folded to constant array as an extension [-Wgnu-folding-constant]
  219 |         uint8_t dummy[ctrlen];
      |                       ^~~~~~
  CCLD     css_parser_test
1 warning generated.
  CCLD     videotoolbox_dpb_test
clang: warning: argument unused during compilation: '-fcx-limited-range' [-Wunused-command-line-argument]
  CCLD     xiph_test
clang: warning: argument unused during compilation: '-fcx-limited-range' [-Wunused-command-line-argument]
  CCLD     subtitle_plugin_test
clang: warning: argument unused during compilation: '-fcx-limited-range' [-Wunused-command-line-argument]
  CXX      demux/adaptive/test/logic/BufferingLogic.o
clang: warning: argument unused during compilation: '-fcx-limited-range' [-Wunused-command-line-argument]
In file included from ../../../modules/demux/adaptive/test/logic/BufferingLogic.cpp:21:
In file included from ../config.h:896:
In file included from ../../../include/vlc_fixups.h:166:
In file included from /Applications/Xcode.app/Contents/Developer/Platforms/MacOSX.platform/Developer/SDKs/MacOSX27.0.sdk/usr/include/c++/v1/stddef.h:30:
In file included from /Applications/Xcode.app/Contents/Developer/Platforms/MacOSX.platform/Developer/SDKs/MacOSX27.0.sdk/usr/include/c++/v1/__config:15:
/Applications/Xcode.app/Contents/Developer/Platforms/MacOSX.platform/Developer/SDKs/MacOSX27.0.sdk/usr/include/c++/v1/__configuration/availability.h:204:4: warning: "The selected platform is no longer supported by libc++." [-W#warnings]
  204 | #  warning "The selected platform is no longer supported by libc++."
      |    ^
  CXX      demux/adaptive/test/tools/Conversions.o
clang: warning: argument unused during compilation: '-fcx-limited-range' [-Wunused-command-line-argument]
In file included from ../../../modules/demux/adaptive/test/tools/Conversions.cpp:21:
In file included from ../config.h:896:
In file included from ../../../include/vlc_fixups.h:166:
In file included from /Applications/Xcode.app/Contents/Developer/Platforms/MacOSX.platform/Developer/SDKs/MacOSX27.0.sdk/usr/include/c++/v1/stddef.h:30:
In file included from /Applications/Xcode.app/Contents/Developer/Platforms/MacOSX.platform/Developer/SDKs/MacOSX27.0.sdk/usr/include/c++/v1/__config:15:
/Applications/Xcode.app/Contents/Developer/Platforms/MacOSX.platform/Developer/SDKs/MacOSX27.0.sdk/usr/include/c++/v1/__configuration/availability.h:204:4: warning: "The selected platform is no longer supported by libc++." [-W#warnings]
  204 | #  warning "The selected platform is no longer supported by libc++."
      |    ^
  CXX      demux/adaptive/test/playlist/Inheritables.o
In file included from ../../../modules/demux/adaptive/test/playlist/Inheritables.cpp:21:
In file included from ../config.h:896:
In file included from ../../../include/vlc_fixups.h:166:
In file included from /Applications/Xcode.app/Contents/Developer/Platforms/MacOSX.platform/Developer/SDKs/MacOSX27.0.sdk/usr/include/c++/v1/stddef.h:30:
In file included from /Applications/Xcode.app/Contents/Developer/Platforms/MacOSX.platform/Developer/SDKs/MacOSX27.0.sdk/usr/include/c++/v1/__config:15:
/Applications/Xcode.app/Contents/Developer/Platforms/MacOSX.platform/Developer/SDKs/MacOSX27.0.sdk/usr/include/c++/v1/__configuration/availability.h:204:4: warning: "The selected platform is no longer supported by libc++." [-W#warnings]
  204 | #  warning "The selected platform is no longer supported by libc++."
      |    ^
clang: warning: argument unused during compilation: '-fcx-limited-range' [-Wunused-command-line-argument]
  CXX      demux/adaptive/test/playlist/M3U8.o
In file included from ../../../modules/demux/adaptive/test/playlist/M3U8.cpp:21:
In file included from ../config.h:896:
In file included from ../../../include/vlc_fixups.h:166:
In file included from /Applications/Xcode.app/Contents/Developer/Platforms/MacOSX.platform/Developer/SDKs/MacOSX27.0.sdk/usr/include/c++/v1/stddef.h:30:
In file included from /Applications/Xcode.app/Contents/Developer/Platforms/MacOSX.platform/Developer/SDKs/MacOSX27.0.sdk/usr/include/c++/v1/__config:15:
/Applications/Xcode.app/Contents/Developer/Platforms/MacOSX.platform/Developer/SDKs/MacOSX27.0.sdk/usr/include/c++/v1/__configuration/availability.h:204:4: warning: "The selected platform is no longer supported by libc++." [-W#warnings]
  204 | #  warning "The selected platform is no longer supported by libc++."
      |    ^
1 warning generated.
  CXX      demux/adaptive/test/playlist/SegmentBase.o
In file included from ../../../modules/demux/adaptive/test/playlist/SegmentBase.cpp:21:
In file included from ../config.h:896:
In file included from ../../../include/vlc_fixups.h:166:
In file included from /Applications/Xcode.app/Contents/Developer/Platforms/MacOSX.platform/Developer/SDKs/MacOSX27.0.sdk/usr/include/c++/v1/stddef.h:30:
In file included from /Applications/Xcode.app/Contents/Developer/Platforms/MacOSX.platform/Developer/SDKs/MacOSX27.0.sdk/usr/include/c++/v1/__config:15:
/Applications/Xcode.app/Contents/Developer/Platforms/MacOSX.platform/Developer/SDKs/MacOSX27.0.sdk/usr/include/c++/v1/__configuration/availability.h:204:4: warning: "The selected platform is no longer supported by libc++." [-W#warnings]
  204 | #  warning "The selected platform is no longer supported by libc++."
      |    ^
1 warning generated.
  CXX      demux/adaptive/test/playlist/SegmentList.o
1 warning generated.
In file included from ../../../modules/demux/adaptive/test/playlist/SegmentList.cpp:21:
In file included from ../config.h:896:
In file included from ../../../include/vlc_fixups.h:166:
In file included from /Applications/Xcode.app/Contents/Developer/Platforms/MacOSX.platform/Developer/SDKs/MacOSX27.0.sdk/usr/include/c++/v1/stddef.h:30:
In file included from /Applications/Xcode.app/Contents/Developer/Platforms/MacOSX.platform/Developer/SDKs/MacOSX27.0.sdk/usr/include/c++/v1/__config:15:
/Applications/Xcode.app/Contents/Developer/Platforms/MacOSX.platform/Developer/SDKs/MacOSX27.0.sdk/usr/include/c++/v1/__configuration/availability.h:204:4: warning: "The selected platform is no longer supported by libc++." [-W#warnings]
  204 | #  warning "The selected platform is no longer supported by libc++."
      |    ^
  CXX      demux/adaptive/test/playlist/SegmentTemplate.o
In file included from ../../../modules/demux/adaptive/test/playlist/SegmentTemplate.cpp:21:
In file included from ../config.h:896:
In file included from ../../../include/vlc_fixups.h:166:
In file included from /Applications/Xcode.app/Contents/Developer/Platforms/MacOSX.platform/Developer/SDKs/MacOSX27.0.sdk/usr/include/c++/v1/stddef.h:30:
In file included from /Applications/Xcode.app/Contents/Developer/Platforms/MacOSX.platform/Developer/SDKs/MacOSX27.0.sdk/usr/include/c++/v1/__config:15:
/Applications/Xcode.app/Contents/Developer/Platforms/MacOSX.platform/Developer/SDKs/MacOSX27.0.sdk/usr/include/c++/v1/__configuration/availability.h:204:4: warning: "The selected platform is no longer supported by libc++." [-W#warnings]
  204 | #  warning "The selected platform is no longer supported by libc++."
      |    ^
1 warning generated.
  CXX      demux/adaptive/test/playlist/SegmentTimeline.o
1 warning generated.
In file included from ../../../modules/demux/adaptive/test/playlist/SegmentTimeline.cpp:21:
In file included from ../config.h:896:
In file included from ../../../include/vlc_fixups.h:166:
In file included from /Applications/Xcode.app/Contents/Developer/Platforms/MacOSX.platform/Developer/SDKs/MacOSX27.0.sdk/usr/include/c++/v1/stddef.h:30:
In file included from /Applications/Xcode.app/Contents/Developer/Platforms/MacOSX.platform/Developer/SDKs/MacOSX27.0.sdk/usr/include/c++/v1/__config:15:
/Applications/Xcode.app/Contents/Developer/Platforms/MacOSX.platform/Developer/SDKs/MacOSX27.0.sdk/usr/include/c++/v1/__configuration/availability.h:204:4: warning: "The selected platform is no longer supported by libc++." [-W#warnings]
  204 | #  warning "The selected platform is no longer supported by libc++."
      |    ^
  CXX      demux/adaptive/test/playlist/TemplatedUri.o
In file included from ../../../modules/demux/adaptive/test/playlist/TemplatedUri.cpp:21:
In file included from ../config.h:896:
In file included from ../../../include/vlc_fixups.h:166:
In file included from /Applications/Xcode.app/Contents/Developer/Platforms/MacOSX.platform/Developer/SDKs/MacOSX27.0.sdk/usr/include/c++/v1/stddef.h:30:
In file included from /Applications/Xcode.app/Contents/Developer/Platforms/MacOSX.platform/Developer/SDKs/MacOSX27.0.sdk/usr/include/c++/v1/__config:15:
/Applications/Xcode.app/Contents/Developer/Platforms/MacOSX.platform/Developer/SDKs/MacOSX27.0.sdk/usr/include/c++/v1/__configuration/availability.h:204:4: warning: "The selected platform is no longer supported by libc++." [-W#warnings]
  204 | #  warning "The selected platform is no longer supported by libc++."
      |    ^
1 warning generated.
  CXX      demux/adaptive/test/plumbing/CommandsQueue.o
In file included from ../../../modules/demux/adaptive/test/plumbing/CommandsQueue.cpp:21:
In file included from ../config.h:896:
In file included from ../../../include/vlc_fixups.h:166:
In file included from /Applications/Xcode.app/Contents/Developer/Platforms/MacOSX.platform/Developer/SDKs/MacOSX27.0.sdk/usr/include/c++/v1/stddef.h:30:
In file included from /Applications/Xcode.app/Contents/Developer/Platforms/MacOSX.platform/Developer/SDKs/MacOSX27.0.sdk/usr/include/c++/v1/__config:15:
/Applications/Xcode.app/Contents/Developer/Platforms/MacOSX.platform/Developer/SDKs/MacOSX27.0.sdk/usr/include/c++/v1/__configuration/availability.h:204:4: warning: "The selected platform is no longer supported by libc++." [-W#warnings]
  204 | #  warning "The selected platform is no longer supported by libc++."
      |    ^
1 warning generated.
  CXX      demux/adaptive/test/plumbing/FakeEsOut.o
In file included from ../../../modules/demux/adaptive/test/plumbing/FakeEsOut.cpp:21:
In file included from ../config.h:896:
In file included from ../../../include/vlc_fixups.h:166:
In file included from /Applications/Xcode.app/Contents/Developer/Platforms/MacOSX.platform/Developer/SDKs/MacOSX27.0.sdk/usr/include/c++/v1/stddef.h:30:
In file included from /Applications/Xcode.app/Contents/Developer/Platforms/MacOSX.platform/Developer/SDKs/MacOSX27.0.sdk/usr/include/c++/v1/__config:15:
/Applications/Xcode.app/Contents/Developer/Platforms/MacOSX.platform/Developer/SDKs/MacOSX27.0.sdk/usr/include/c++/v1/__configuration/availability.h:204:4: warning: "The selected platform is no longer supported by libc++." [-W#warnings]
  204 | #  warning "The selected platform is no longer supported by libc++."
      |    ^
1 warning generated.
  CXX      demux/adaptive/test/SegmentTracker.o
In file included from ../../../modules/demux/adaptive/test/SegmentTracker.cpp:21:
In file included from ../config.h:896:
In file included from ../../../include/vlc_fixups.h:166:
In file included from /Applications/Xcode.app/Contents/Developer/Platforms/MacOSX.platform/Developer/SDKs/MacOSX27.0.sdk/usr/include/c++/v1/stddef.h:30:
In file included from /Applications/Xcode.app/Contents/Developer/Platforms/MacOSX.platform/Developer/SDKs/MacOSX27.0.sdk/usr/include/c++/v1/__config:15:
/Applications/Xcode.app/Contents/Developer/Platforms/MacOSX.platform/Developer/SDKs/MacOSX27.0.sdk/usr/include/c++/v1/__configuration/availability.h:204:4: warning: "The selected platform is no longer supported by libc++." [-W#warnings]
  204 | #  warning "The selected platform is no longer supported by libc++."
      |    ^
1 warning generated.
  CXX      demux/adaptive/test/test.o
In file included from ../../../modules/demux/adaptive/test/test.cpp:21:
In file included from ../config.h:896:
In file included from ../../../include/vlc_fixups.h:166:
In file included from /Applications/Xcode.app/Contents/Developer/Platforms/MacOSX.platform/Developer/SDKs/MacOSX27.0.sdk/usr/include/c++/v1/stddef.h:30:
In file included from /Applications/Xcode.app/Contents/Developer/Platforms/MacOSX.platform/Developer/SDKs/MacOSX27.0.sdk/usr/include/c++/v1/__config:15:
/Applications/Xcode.app/Contents/Developer/Platforms/MacOSX.platform/Developer/SDKs/MacOSX27.0.sdk/usr/include/c++/v1/__configuration/availability.h:204:4: warning: "The selected platform is no longer supported by libc++." [-W#warnings]
  204 | #  warning "The selected platform is no longer supported by libc++."
      |    ^
1 warning generated.
  CCLD     chroma_copy_test
1 warning generated.
  CCLD     libaccesstweaks_plugin.la
1 warning generated.
  CCLD     rtpfmt_test
clang: warning: argument unused during compilation: '-fcx-limited-range' [-Wunused-command-line-argument]
  CCLD     sdp_test
  CCLD     srtp_aes_test
clang: warning: argument unused during compilation: '-fcx-limited-range' [-Wunused-command-line-argument]
  CCLD     srtp_recv_test
clang: warning: argument unused during compilation: '-fcx-limited-range' [-Wunused-command-line-argument]
1 warning generated.
  CXXLD    adaptive_test
clang: warning: argument unused during compilation: '-fcx-limited-range' [-Wunused-command-line-argument]
clang: warning: argument unused during compilation: '-fcx-limited-range' [-Wunused-command-line-argument]
clang++: warning: argument unused during compilation: '-fcx-limited-range' [-Wunused-command-line-argument]
/Applications/Xcode.app/Contents/Developer/usr/bin/make  check-TESTS
PASS: check_vlc_modules_list.sh
PASS: hpackenc_test
PASS: h2frame_test
PASS: hpack_test
PASS: h2output_test
PASS: h1conn_test
PASS: h2conn_test
PASS: h1chunked_test
PASS: http_msg_test
PASS: rtpfmt_test
PASS: http_file_test
PASS: sdp_test
PASS: srtp_recv_test
PASS: srtp_aes_test
PASS: css_parser_test
PASS: videotoolbox_dpb_test
PASS: xiph_test
PASS: subtitle_plugin_test
PASS: adaptive_test
PASS: chroma_copy_test
PASS: http_tunnel_test
============================================================================
Testsuite summary for vlc 4.0.0-dev
============================================================================
# TOTAL: 21
# PASS:  21
# SKIP:  0
# XFAIL: 0
# FAIL:  0
# XPASS: 0
# ERROR: 0
============================================================================
Making check in lib
/Applications/Xcode.app/Contents/Developer/usr/bin/make  check-am
/Applications/Xcode.app/Contents/Developer/usr/bin/make  checkheader_libvlc_h checkheader_libvlc_dialog_h checkheader_libvlc_downloader_h checkheader_libvlc_media_h checkheader_libvlc_media_discoverer_h checkheader_libvlc_media_list_h checkheader_libvlc_media_list_player_h checkheader_libvlc_media_player_h checkheader_libvlc_media_track_h checkheader_libvlc_parser_h checkheader_libvlc_renderer_discoverer_h checkheader_libvlc_picture_h checkheader_libvlc_version_h checkheader_libvlc_video_h checkheader_vlc_h
  CHECK    vlc/libvlc.h
  CHECK    vlc/libvlc_dialog.h
  CHECK    vlc/libvlc_downloader.h
  CHECK    vlc/libvlc_media.h
  CHECK    vlc/libvlc_media_discoverer.h
  CHECK    vlc/libvlc_media_player.h
  CHECK    vlc/libvlc_media_list_player.h
  CHECK    vlc/libvlc_media_list.h
  CHECK    vlc/libvlc_media_track.h
  CHECK    vlc/libvlc_parser.h
  CHECK    vlc/libvlc_renderer_discoverer.h
  CHECK    vlc/libvlc_picture.h
  CHECK    vlc/libvlc_version.h
  CHECK    vlc/vlc.h
  CHECK    vlc/libvlc_video.h
/Applications/Xcode.app/Contents/Developer/usr/bin/make  check-local
/bin/sh ../../../src/check_headers ../include/vlc/libvlc.h ../include/vlc/libvlc_dialog.h ../include/vlc/libvlc_downloader.h ../include/vlc/libvlc_media.h ../include/vlc/libvlc_media_discoverer.h ../include/vlc/libvlc_media_list.h ../include/vlc/libvlc_media_list_player.h ../include/vlc/libvlc_media_player.h ../include/vlc/libvlc_media_track.h ../include/vlc/libvlc_parser.h ../include/vlc/libvlc_renderer_discoverer.h ../include/vlc/libvlc_picture.h ../include/vlc/libvlc_version.h ../include/vlc/libvlc_video.h ../include/vlc/vlc.h
Looking for private defines in public headers...
None found.
Making check in doc
/Applications/Xcode.app/Contents/Developer/usr/bin/make  samples_libvlc_example samples_libvlc_thumbnailer samples_libvlc_downloader samples_libvlc_parser samples_libvlc_media_discoverer samples_libvlc_renderer_discoverer samples_libvlc_player 
  CC       libvlc/example.o
  CC       libvlc/thumbnailer.o
  CC       libvlc/parser.o
  CC       libvlc/downloader.o
../../../doc/libvlc/parser.c:173:5: warning: 'sem_init' is deprecated [-Wdeprecated-declarations]
  173 |     sem_init(&sem, 0, 0);
      |     ^
/Applications/Xcode.app/Contents/Developer/Platforms/MacOSX.platform/Developer/SDKs/MacOSX27.0.sdk/usr/include/sys/semaphore.h:55:42: note: 'sem_init' has been explicitly marked deprecated here
   55 | int sem_init(sem_t *../../../doc/libvlc/downloader.c:181:5: warning: 'sem_init' is deprecated [-Wdeprecated-declarations]
, int, unsigned int) __deprecated;
      |                                          ^
../../../doc/libvlc/thumbnailer.c:125:5: warning: 'sem_init' is deprecated [-Wdeprecated-declarations]
/Applications/Xcode.app/Contents/Developer/Platforms/MacOSX.platform/Developer/SDKs/MacOSX27.0.sdk/usr/include/sys/cdefs.h  181 |     125 |     sem_init(&c :223:40 sem_itnit(&done_sem, 0, 0);
      |     ^
:x.sem, note: expanded from macro '__deprecated'
 0, 0);
      |   223 | /Applications/Xcode.app/Contents/Developer/Platforms/MacOSX.platform/Developer/SDKs/MacOSX27.0.sdk/usr/include/sys/semaphore.h:55:42: note: 'sem_init' has been explicitly marked deprecated here
#define    ^
 __depre/Applications/Xcode.app/Contents/Developer/Platforms/MacOSX.platform/Developer/SDKs/MacOSX27.0.sdk/usr/include/sys/semaphore.h:55:42: note: 'sem_init' has been explicitly marked deprecated here
   cated    __55 | int   55 | int sem sem_init(sem_tattr_init(sem_t *ibute__( *, in, int, unsigned i(__dt, unsigned intent) __deprecprecaated;
      |                                          ^
ted) _/Applications/Xcode.app/Contents/Developer/Platforms/MacOSX.platform/Developer/SDKs/MacOSX27.0.sdk/usr/include/sys/cdefs.h:223:40: note: __deprecated;
      |                                          ^
_))
      |                                        ^
expanded from macro '__deprecated'
  /Applications/Xcode.app/Contents/Developer/Platforms/MacOSX.platform/Developer/SDKs/MacOSX27.0.sdk/usr/include/sys/cdefs.h:223:40:223 | #defi../../../doc/libvlc/parser.c:184:9:ne _ _depre warning: 'sem_destroy' is deprecated [-Wdeprecated-declarations]cated note: expanded from macro '__deprecated'
   
__attr  184 |         sibute__((  223 | #define__deprec em_ated__))destroy(&
      |                                        ^
sem);__dep
      |         ^
/Applications/Xcode.app/Contents/Developer/Platforms/MacOSX.platform/Developer/SDKs/MacOSX27.0.sdk/usr/include/sys/semaphore.h:53:26recated    ../../../doc/libvlc/downloader.c:188:__attribut: note: 'sem_destroy' has been explicitly marked deprecated here
   53 | int se9:e__((__dem warning: p_des'sem_destroy' is deprecated [-Wdeprecated-declarations]
  188troy |    (     sem_destroy(&sem_trecatedo *)ne_ __d__)sem);)

      |       |                                        ^        ^
dep/Applications/Xcode.app/Contents/Developer/Platforms/MacOSX.platform/Developer/SDKs/MacOSX27.0.sdk/usr/include/sys/semaphore.h:53:26: recated;
      |                          ^

/Applications/Xcode.app/Contents/Developer/Platforms/MacOSX.platform/Developer/SDKs/MacOSX27.0.sdk/usr/include/sys/cdefs.h:223:40note: 'sem_destroy' has been explicitly marked deprecated here
: note: expanded from macro '__deprecated'
   53 | int sem_destroy(sem_t *) __deprecated;
      |                          ^
/Applications/Xcode.app/Contents/Developer/Platforms/MacOSX.platform/Developer/SDKs/MacOSX27.0.sdk/usr/include/sys/cdefs.h:223:40:   223 | #note: expanded from macro '__deprecated'
defin  223 | #e __deprecated    __attribute__((__deprecated__))
      |                                        ^
define __deprecated    __attribute__((__../../../doc/libvlc/parser.c:209:5: warning: 'sem_destroy' is deprecated [-Wdeprecated-declarations]
  209 |     deprecated__))
      |                                        ^
sem_destroy(&sem);
      |     ^
/Applications/Xcode.app/Contents/Developer/Platforms/MacOSX.platform/Developer/SDKs/MacOSX27.0.sdk/usr/include/sys/semaphore.h:53:26: note: 'sem_destroy' has been explicitly marked deprecated here
   53 | int sem_destroy(sem_t *) __deprecated;
      |                          ^
/Applications/Xcode.app/Contents/Developer/Platforms/MacOSX.platform/Developer/SDKs/MacOSX27.0.sdk/usr/include/sys/cdefs.h:223:40: note: expanded from macro '__deprecated'
../../../doc/libvlc/downloader.c:245:5: warning: 'sem_destroy' is deprecated [-Wdeprecated-declarations]
  223 | #define __deprecated    __attribute__((__deprecated__))
      |                                        ^  245 |  
   sem_destroy(&done_sem);
      |     ^
/Applications/Xcode.app/Contents/Developer/Platforms/MacOSX.platform/Developer/SDKs/MacOSX27.0.sdk/usr/include/sys/semaphore.h:53:26: note: 'sem_destroy' has been explicitly marked deprecated here
   53 | int sem_destroy(sem_t *) __deprecated;
      |                          ^
/Applications/Xcode.app/Contents/Developer/Platforms/MacOSX.platform/Developer/SDKs/MacOSX27.0.sdk/usr/include/sys/cdefs.h:223:40: note: expanded from macro '__deprecated'
  223 | #define __deprecated    __attribute__((__deprecated__))
      |                                        ^
  CC       libvlc/media_discoverer.o
3 warnings generated.
1 warning generated.
3 warnings generated.
  CC       libvlc/player.o
  CC       libvlc/renderer_discoverer.o
  CCLD     samples_libvlc_example
  CCLD     samples_libvlc_thumbnailer
  CCLD     samples_libvlc_downloader
  CCLD     samples_libvlc_parser
clang: warning: argument unused during compilation: '-fcx-limited-range' [-Wunused-command-line-argument]
clang: warning: argument unused during compilation: '-fcx-limited-range' [-Wunused-command-line-argument]
clang: warning: argument unused during compilation: '-fcx-limited-range' [-Wunused-command-line-argument]
  CCLD     samples_libvlc_media_discoverer
  CCLD     samples_libvlc_renderer_discoverer
clang: warning: argument unused during compilation: '-fcx-limited-range' [-Wunused-command-line-argument]
  CCLD     samples_libvlc_player
clang: warning: argument unused during compilation: '-fcx-limited-range' [-Wunused-command-line-argument]
clang: warning: argument unused during compilation: '-fcx-limited-range' [-Wunused-command-line-argument]
clang: warning: argument unused during compilation: '-fcx-limited-range' [-Wunused-command-line-argument]
Making check in bin
  GEN      ../modules/plugins.dat
/Applications/Xcode.app/Contents/Developer/usr/bin/make  check-local
make[4]: Nothing to be done for `check-local'.
Making check in test
/Applications/Xcode.app/Contents/Developer/usr/bin/make  test_libvlc_core test_libvlc_downloader test_libvlc_equalizer test_libvlc_media test_libvlc_media_callback test_libvlc_media_thumbnail_argb test_libvlc_media_thumbnail_rgba test_libvlc_media_thumbnail_jpeg test_libvlc_media_thumbnail_png test_libvlc_media_thumbnail_webp test_libvlc_media_list test_libvlc_media_list_player test_libvlc_media_player test_libvlc_video_callback test_libvlc_media_player_record test_libvlc_media_discoverer test_libvlc_renderer_discoverer test_libvlc_slaves test_src_config_chain test_src_clock_clock test_src_clock_start test_src_misc_ancillary test_src_misc_variables test_src_input_stream test_src_input_stream_fifo test_src_preparser_cmp_internal_external test_src_preparser_thumbnail test_src_preparser_thumbnail_to_files test_src_input_decoder test_src_interface_dialog test_src_media_source test_src_misc_bits test_src_misc_chroma_probe test_src_misc_epg test_src_misc_keystore test_src_misc_image test_src_misc_viewpoint test_src_video_output test_src_video_output_inhibit test_src_video_output_opengl test_src_video_output_spu test_modules_lua_extension test_modules_misc_medialibrary test_modules_packetizer_helpers test_modules_packetizer_hxxx test_modules_packetizer_h264 test_modules_packetizer_h266 test_modules_packetizer_h266_nal test_modules_packetizer_hevc test_modules_packetizer_mpegvideo test_modules_codec_hxxx_helper test_modules_codec_cea708 test_modules_codec_cea708_aspect_ratio test_modules_codec_cea708_integration test_modules_keystore test_modules_demux_json test_modules_demux_libmp4 test_modules_demux_timestamps test_modules_demux_timestamps_filter test_modules_demux_ts_pes test_modules_playlist_m3u test_modules_stream_out_pcr_sync test_modules_stream_out_sdi test_modules_tls test_modules_stream_out_transcode test_modules_mux_webvtt test_modules_stream_out_hls_subtitles_segmenter test_src_player_abloop test_src_player_attachments test_src_player_capabilities test_src_player_discontinuities test_src_player_eof test_src_player_errors test_src_player_es_selection test_src_player_lifecycle test_src_player_loudness test_src_player_media test_src_player_next_prev test_src_player_outputs test_src_player_pause test_src_player_programs test_src_player_seeks test_src_player_teletext test_src_player_timers test_src_player_titles test_src_player_tracks test_src_player_tracks_ids test_modules_video_output_opengl_filters test_modules_video_output_opengl_sub_renderer  test_src_misc_image_cvpx   test_libvlc_meta modules/lua/telnet.sh check_POTFILES.sh \
	  libvlc/test.h libvlc/media_utils.h libvlc/media_player.h
  CC       src/misc/chroma_probe.o
  CC       src/misc/bits.o
  CC       src/misc/epg.o
  CC       src/misc/keystore.o
  CC       src/misc/image.o
  CC       src/misc/viewpoint.o
  CC       ../modules/packetizer/h266_nal.o
  CC       ../modules/codec/hxxx_helper.o
  CC       ../modules/packetizer/hxxx_nal.o
  CC       ../modules/packetizer/h264_slice.o
  CC       ../modules/packetizer/h264_nal.o
  CC       ../modules/packetizer/hevc_nal.o
  CC       modules/codec/cea708.o
  CC       ../modules/codec/cea708.o
  CC       modules/codec/cea708_aspect_ratio.o
  CC       modules/codec/cea708_integration.o
  CC       ../modules/demux/mp4/libmp4.o
  CC       ../modules/demux/mpeg/ts_pes.o
  CC       ../modules/stream_out/transcode/pcr_sync.o
  CC       ../modules/stream_out/transcode/pcr_helper.o
  CXX      modules/stream_out/sdi.o
  CXX      ../modules/stream_out/sdi/SDIStream.o
In file included from ../../../test/modules/stream_out/sdi.cpp:24:
In file included from ../config.h:896:
In file included from ../../../include/vlc_fixups.h:166:
In file included from /Applications/Xcode.app/Contents/Developer/Platforms/MacOSX.platform/Developer/SDKs/MacOSX27.0.sdk/usr/include/c++/v1/stddef.h:30:
In file included from /Applications/Xcode.app/Contents/Developer/Platforms/MacOSX.platform/Developer/SDKs/MacOSX27.0.sdk/usr/include/c++/v1/__config:15:
/Applications/Xcode.app/Contents/Developer/Platforms/MacOSX.platform/Developer/SDKs/MacOSX27.0.sdk/usr/include/c++/v1/__configuration/availability.h:204:4: warning: "The selected platform is no longer supported by libc++." [-W#warnings]
  204 | #  warning "The selected platform is no longer supported by libc++."
      |    ^
  CC       modules/misc/tls.o
In file included from ../../../test/../modules/stream_out/sdi/SDIStream.cpp:21:
In file included from ../config.h:896:
In file included from ../../../include/vlc_fixups.h:166:
In file included from /Applications/Xcode.app/Contents/Developer/Platforms/MacOSX.platform/Developer/SDKs/MacOSX27.0.sdk/usr/include/c++/v1/stddef.h:30:
In file included from /Applications/Xcode.app/Contents/Developer/Platforms/MacOSX.platform/Developer/SDKs/MacOSX27.0.sdk/usr/include/c++/v1/__config:15:
/Applications/Xcode.app/Contents/Developer/Platforms/MacOSX.platform/Developer/SDKs/MacOSX27.0.sdk/usr/include/c++/v1/__configuration/availability.h:204:4: warning: "The selected platform is no longer supported by libc++." [-W#warnings]
  204 | #  warning "The selected platform is no longer supported by libc++."
      |    ^
  CC       modules/stream_out/transcode.o
  CC       modules/stream_out/transcode_scenarios.o
1 warning generated.
  CC       ../modules/stream_out/hls/subtitles_segmenter.o
  CC       ../modules/video_output/opengl/test_modules_video_output_opengl_filters-filters.o
  CC       ../modules/video_output/opengl/test_modules_video_output_opengl_filters-filter.o
  CC       ../modules/video_output/opengl/test_modules_video_output_opengl_filters-gl_api.o
  CC       ../modules/video_output/opengl/test_modules_video_output_opengl_filters-interop.o
1 warning generated.
  CC       ../modules/video_output/opengl/test_modules_video_output_opengl_filters-importer.o
  CC       modules/video_output/opengl/test_modules_video_output_opengl_sub_renderer-sub_renderer.o
  CC       ../modules/video_output/opengl/test_modules_video_output_opengl_sub_renderer-sub_renderer.o
  CC       ../modules/video_output/opengl/test_modules_video_output_opengl_sub_renderer-filter.o
  CC       ../modules/video_output/opengl/test_modules_video_output_opengl_sub_renderer-gl_api.o
  CC       ../modules/video_output/opengl/test_modules_video_output_opengl_sub_renderer-interop.o
  CC       ../modules/video_output/opengl/test_modules_video_output_opengl_sub_renderer-gl_util.o
  CC       src/misc/image_cvpx.o
make[4]: Nothing to be done for `../../../test/modules/lua/telnet.sh'.
make[4]: Nothing to be done for `../../../test/check_POTFILES.sh'.
make[4]: Nothing to be done for `../../../test/libvlc/test.h'.
make[4]: Nothing to be done for `../../../test/libvlc/media_utils.h'.
make[4]: Nothing to be done for `../../../test/libvlc/media_player.h'.
  CC       libvlc/meta.o
  CC       libvlc/core.o
  CC       libvlc/downloader.o
  CC       libvlc/equalizer.o
  CC       libvlc/media.o
  CC       libvlc/media_callback.o
../../../test/libvlc/media.c:265:21: warning: variable length array folded to constant array as an extension [-Wgnu-folding-constant]
  265 |     char psz_fd_uri[strlen("fd://") + 11];
      |                     ^~~~~~~~~~~~~~~~~~~~
  CC       libvlc/test_libvlc_media_thumbnail_argb-thumbnailer.o
../../../test/libvlc/media.c:296:9: warning: call to 'harmful_delay' declared with 'warning' attribute: use proper event handling instead of short delay [-Wattribute-warning]
  296 |         vlc_tick_sleep( VLC_TICK_FROM_MS(wait_and_cancel) );
      |         ^
../../../include/vlc_threads.h:864:42: note: expanded from macro 'vlc_tick_sleep'
  864 | #define vlc_tick_sleep(d) vlc_tick_sleep(check_delay(d))
      |                                          ^
../../../include/vlc_threads.h:848:14: note: expanded from macro 'check_delay'
  848 |            ? harmful_delay(d) \
      |              ^
../../../test/libvlc/media_callback.c:274:19: warning: suspicious concatenation of string literals in an array initialization; did you mean to separate the elements with a comma? [-Wstring-concatenation]
  274 |         "--demux="MODULE_STRING,
      |                   ^
      |                   ,
../../../include/vlc_plugin.h:252:25: note: expanded from macro 'MODULE_STRING'
  252 | # define MODULE_STRING  STRINGIFY_NAME(MODULE_NAME)
      |                         ^
../../../include/vlc_plugin.h:243:31: note: expanded from macro 'STRINGIFY_NAME'
  243 | #define STRINGIFY_NAME( z )   STRINGIFY_NAME_( z )
      |                               ^
../../../include/vlc_plugin.h:242:30: note: expanded from macro 'STRINGIFY_NAME_'
  242 | #define STRINGIFY_NAME_( z ) #z
      |                              ^
<scratch space>:7:1: note: expanded from here
    7 | "test_imem"
      | ^
../../../test/libvlc/media_callback.c:274:9: note: place parentheses around the string literal to silence warning
  274 |         "--demux="MODULE_STRING,
      |         ^
2 warnings generated.
  CC       libvlc/test_libvlc_media_thumbnail_rgba-thumbnailer.o
1 warning generated.
  CC       libvlc/test_libvlc_media_thumbnail_jpeg-thumbnailer.o
  CC       libvlc/test_libvlc_media_thumbnail_png-thumbnailer.o
  CC       libvlc/test_libvlc_media_thumbnail_webp-thumbnailer.o
  CC       libvlc/media_list.o
  CC       libvlc/media_list_player.o
  CC       libvlc/media_player.o
  CC       libvlc/video_callback.o
  CC       libvlc/media_player_record.o
  CC       libvlc/media_discoverer.o
  CC       libvlc/renderer_discoverer.o
  CC       libvlc/slaves.o
  CC       src/config/chain.o
  CC       src/clock/clock.o
  CC       src/clock/clock_start.o
  CC       src/misc/ancillary.o
  CC       src/misc/variables.o
  CC       src/input/stream.o
  CC       src/input/stream_fifo.o
  CC       src/preparser/cmp_internal_external.o
  CC       src/preparser/thumbnail.o
  CC       src/preparser/thumbnail_to_files.o
  CC       src/input/decoder/input_decoder_scenarios.o
  CC       src/input/decoder/input_decoder.o
  CC       src/interface/dialog.o
  CC       src/media_source/media_source.o
  CCLD     test_src_misc_bits
  CCLD     test_src_misc_chroma_probe
../../../test/src/interface/dialog.c:211:5: warning: call to 'harmful_delay' declared with 'warning' attribute: use proper event handling instead of short delay [-Wattribute-warning]
  211 |     vlc_tick_sleep(i_dialog_wait);
      |     ^
../../../include/vlc_threads.h:864:42: note: expanded from macro 'vlc_tick_sleep'
  864 | #define vlc_tick_sleep(d) vlc_tick_sleep(check_delay(d))
      |                                          ^
../../../include/vlc_threads.h:848:14: note: expanded from macro 'check_delay'
  848 |            ? harmful_delay(d) \
      |              ^
../../../test/src/interface/dialog.c:224:9: warning: call to 'harmful_delay' declared with 'warning' attribute: use proper event handling instead of short delay [-Wattribute-warning]
  224 |         vlc_tick_sleep(i_dialog_wait / 30);
      |         ^
../../../include/vlc_threads.h:864:42: note: expanded from macro 'vlc_tick_sleep'
  864 | #define vlc_tick_sleep(d) vlc_tick_sleep(check_delay(d))
      |                                          ^
../../../include/vlc_threads.h:848:14: note: expanded from macro 'check_delay'
  848 |            ? harmful_delay(d) \
      |              ^
../../../test/src/interface/dialog.c:233:9: warning: call to 'harmful_delay' declared with 'warning' attribute: use proper event handling instead of short delay [-Wattribute-warning]
  233 |         vlc_tick_sleep(i_dialog_wait / 30);
      |         ^
../../../include/vlc_threads.h:864:42: note: expanded from macro 'vlc_tick_sleep'
  864 | #define vlc_tick_sleep(d) vlc_tick_sleep(check_delay(d))
      |                                          ^
../../../include/vlc_threads.h:848:14: note: expanded from macro 'check_delay'
  848 |            ? harmful_delay(d) \
      |              ^
../../../test/src/interface/dialog.c:248:9: warning: call to 'harmful_delay' declared with 'warning' attribute: use proper event handling instead of short delay [-Wattribute-warning]
  248 |         vlc_tick_sleep(i_dialog_wait / 30);
      |         ^
../../../include/vlc_threads.h:864:42: note: expanded from macro 'vlc_tick_sleep'
  864 | #define vlc_tick_sleep(d) vlc_tick_sleep(check_delay(d))
      |                                          ^
../../../include/vlc_threads.h:848:14: note: expanded from macro 'check_delay'
  848 |            ? harmful_delay(d) \
      |              ^
../../../test/src/interface/dialog.c:278:9: warning: call to 'harmful_delay' declared with 'warning' attribute: use proper event handling instead of short delay [-Wattribute-warning]
  278 |         vlc_tick_sleep(i_dialog_wait / 30);
      |         ^
../../../include/vlc_threads.h:864:42: note: expanded from macro 'vlc_tick_sleep'
  864 | #define vlc_tick_sleep(d) vlc_tick_sleep(check_delay(d))
      |                                          ^
../../../include/vlc_threads.h:848:14: note: expanded from macro 'check_delay'
  848 |            ? harmful_delay(d) \
      |              ^
5 warnings generated.
  CCLD     test_src_misc_epg
  CCLD     test_src_misc_keystore
clang: warning: argument unused during compilation: '-fcx-limited-range' [-Wunused-command-line-argument]
clang: warning: argument unused during compilation: '-fcx-limited-range' [-Wunused-command-line-argument]
  CCLD     test_src_misc_image
clang: warning: argument unused during compilation: '-fcx-limited-range' [-Wunused-command-line-argument]
  CCLD     test_src_misc_viewpoint
clang: warning: argument unused during compilation: '-fcx-limited-range' [-Wunused-command-line-argument]
  CC       src/video_output/video_output.o
  CC       src/video_output/video_output_scenarios.o
  CC       src/video_output/inhibit.o
  CC       src/video_output/opengl.o
../../../test/src/video_output/inhibit.c:56:19: warning: unused variable 'dec_dev_arg' [-Wunused-const-variable]
   56 | static const char dec_dev_arg[] = "--dec-dev=" MODULE_STRING;
      |                   ^~~~~~~~~~~
clang: warning: argument unused during compilation: '-fcx-limited-range' [-Wunused-command-line-argument]
clang: warning: argument unused during compilation: '-fcx-limited-range' [-Wunused-command-line-argument]
1 warning generated.
  CC       src/video_output/spu.o
  CC       modules/lua/test_modules_lua_extension-extension.o
  CC       modules/misc/medialibrary.o
  CC       modules/packetizer/helpers.o
  CC       modules/packetizer/hxxx.o
  CC       modules/packetizer/h266.o
  CC       modules/packetizer/h264.o
  CC       modules/packetizer/h266_nal.o
  CC       modules/packetizer/hevc.o
  CC       modules/packetizer/mpegvideo.o
  CC       modules/codec/hxxx_helper.o
  CCLD     test_modules_codec_cea708_aspect_ratio
  CCLD     test_modules_codec_cea708
  CCLD     test_modules_codec_cea708_integration
  CC       modules/keystore/test.o
  CC       modules/demux/json.o
  CC       modules/demux/libmp4.o
clang: warning: argument unused during compilation: '-fcx-limited-range' [-Wunused-command-line-argument]
clang: warning: argument unused during compilation: '-fcx-limited-range' [-Wunused-command-line-argument]
clang: warning: argument unused during compilation: '-fcx-limited-range' [-Wunused-command-line-argument]
  CC       modules/demux/timestamps.o
  CC       modules/demux/ts_pes.o
  CC       modules/demux/timestamps_filter.o
  CC       modules/demux/playlist/m3u.o
  CC       modules/stream_out/pcr_sync.o
  CXXLD    test_modules_stream_out_sdi
  CCLD     test_modules_tls
  CCLD     test_modules_stream_out_transcode
  CC       modules/mux/webvtt.o
  CC       modules/stream_out/hls/subtitles_segmenter.o
clang++: warning: argument unused during compilation: '-fcx-limited-range' [-Wunused-command-line-argument]
  CC       src/player/modules.o
clang: warning: argument unused during compilation: '-fcx-limited-range' [-Wunused-command-line-argument]
clang: warning: argument unused during compilation: '-fcx-limited-range' [-Wunused-command-line-argument]
  CC       src/player/abloop.o
  CC       src/player/attachments.o
  CC       src/player/capabilities.o
  CC       src/player/discontinuities.o
  CC       src/player/eof.o
  CC       src/player/errors.o
  CC       src/player/es_selection.o
  CC       src/player/lifecycle.o
  CC       src/player/loudness.o
  CC       src/player/media.o
  CC       src/player/next_prev.o
  CC       src/player/outputs.o
  CC       src/player/pause.o
  CC       src/player/programs.o
  CC       src/player/seeks.o
../../../test/src/player/pause.c:97:5: warning: call to 'harmful_delay' declared with 'warning' attribute: use proper event handling instead of short delay [-Wattribute-warning]
   97 |     vlc_tick_sleep(VLC_TICK_FROM_MS(100));
      |     ^
../../../include/vlc_threads.h:864:42: note: expanded from macro 'vlc_tick_sleep'
  864 | #define vlc_tick_sleep(d) vlc_tick_sleep(check_delay(d))
      |                                          ^
../../../include/vlc_threads.h:848:14: note: expanded from macro 'check_delay'
  848 |            ? harmful_delay(d) \
      |              ^
../../../test/src/player/pause.c:131:5: warning: call to 'harmful_delay' declared with 'warning' attribute: use proper event handling instead of short delay [-Wattribute-warning]
  131 |     vlc_tick_sleep(VLC_TICK_FROM_MS(100));
      |     ^
../../../include/vlc_threads.h:864:42: note: expanded from macro 'vlc_tick_sleep'
  864 | #define vlc_tick_sleep(d) vlc_tick_sleep(check_delay(d))
      |                                          ^
../../../include/vlc_threads.h:848:14: note: expanded from macro 'check_delay'
  848 |            ? harmful_delay(d) \
      |              ^
../../../test/src/player/pause.c:141:9: warning: call to 'harmful_delay' declared with 'warning' attribute: use proper event handling instead of short delay [-Wattribute-warning]
  141 |         vlc_tick_sleep(VLC_TICK_FROM_MS(10));
      |         ^
../../../include/vlc_threads.h:864:42: note: expanded from macro 'vlc_tick_sleep'
  864 | #define vlc_tick_sleep(d) vlc_tick_sleep(check_delay(d))
      |                                          ^
../../../include/vlc_threads.h:848:14: note: expanded from macro 'check_delay'
  848 |            ? harmful_delay(d) \
      |              ^
  CC       src/player/test_src_player_teletext-modules.o
3 warnings generated.
  CC       src/player/test_src_player_teletext-teletext.o
  CC       src/player/timers.o
  CC       src/player/titles.o
  CC       src/player/tracks.o
  CC       src/player/tracks_ids.o
  CC       modules/video_output/opengl/test_modules_video_output_opengl_filters-filters.o
  CCLD     test_modules_video_output_opengl_sub_renderer
  CCLD     test_src_misc_image_cvpx
  CCLD     test_libvlc_meta
  CCLD     test_libvlc_core
clang: warning: argument unused during compilation: '-fcx-limited-range' [-Wunused-command-line-argument]
clang: warning: argument unused during compilation: '-fcx-limited-range' [-Wunused-command-line-argument]
clang: warning: argument unused during compilation: '-fcx-limited-range' [-Wunused-command-line-argument]
  CCLD     test_libvlc_downloader
clang: warning: argument unused during compilation: '-fcx-limited-range' [-Wunused-command-line-argument]
  CCLD     test_libvlc_equalizer
  CCLD     test_libvlc_media
  CCLD     test_libvlc_media_callback
clang: clang: warning: argument unused during compilation: '-fcx-limited-range' [-Wunused-command-line-argument]
warning: argument unused during compilation: '-fcx-limited-range' [-Wunused-command-line-argument]
clang: warning: argument unused during compilation: '-fcx-limited-range' [-Wunused-command-line-argument]
  CCLD     test_libvlc_media_thumbnail_rgba
  CCLD     test_libvlc_media_thumbnail_argb
clang: warning: argument unused during compilation: '-fcx-limited-range' [-Wunused-command-line-argument]
  CCLD     test_libvlc_media_thumbnail_jpeg
  CCLD     test_libvlc_media_thumbnail_png
clang: warning: argument unused during compilation: '-fcx-limited-range' [-Wunused-command-line-argument]
clang: warning: argument unused during compilation: '-fcx-limited-range' [-Wunused-command-line-argument]
clang: warning: argument unused during compilation: '-fcx-limited-range' [-Wunused-command-line-argument]
clang: warning: argument unused during compilation: '-fcx-limited-range' [-Wunused-command-line-argument]
  CCLD     test_libvlc_media_list
  CCLD     test_libvlc_media_thumbnail_webp
  CCLD     test_libvlc_media_list_player
  CCLD     test_libvlc_media_player
clang: warning: argument unused during compilation: '-fcx-limited-range' [-Wunused-command-line-argument]
clang: warning: argument unused during compilation: '-fcx-limited-range' [-Wunused-command-line-argument]
  CCLD     test_libvlc_video_callback
clang: clang: warning: argument unused during compilation: '-fcx-limited-range' [-Wunused-command-line-argument]
warning: argument unused during compilation: '-fcx-limited-range' [-Wunused-command-line-argument]
  CCLD     test_libvlc_media_player_record
  CCLD     test_libvlc_media_discoverer
  CCLD     test_libvlc_renderer_discoverer
clang: warning: argument unused during compilation: '-fcx-limited-range' [-Wunused-command-line-argument]
clang: warning: argument unused during compilation: '-fcx-limited-range' [-Wunused-command-line-argument]
clang: warning: argument unused during compilation: '-fcx-limited-range' [-Wunused-command-line-argument]
  CCLD     test_libvlc_slaves
clang: warning: argument unused during compilation: '-fcx-limited-range' [-Wunused-command-line-argument]
  CCLD     test_src_config_chain
  CCLD     test_src_clock_clock
  CCLD     test_src_clock_start
clang: warning: argument unused during compilation: '-fcx-limited-range' [-Wunused-command-line-argument]
clang: warning: argument unused during compilation: '-fcx-limited-range' [-Wunused-command-line-argument]
  CCLD     test_src_misc_ancillary
clang: warning: argument unused during compilation: '-fcx-limited-range' [-Wunused-command-line-argument]
  CCLD     test_src_misc_variables
clang: warning: argument unused during compilation: '-fcx-limited-range' [-Wunused-command-line-argument]
  CCLD     test_src_input_stream
  CCLD     test_src_input_stream_fifo
clang: warning: argument unused during compilation: '-fcx-limited-range' [-Wunused-command-line-argument]
clang: warning: argument unused during compilation: '-fcx-limited-range' [-Wunused-command-line-argument]
  CCLD     test_src_preparser_cmp_internal_external
clang: warning: argument unused during compilation: '-fcx-limited-range' [-Wunused-command-line-argument]
clang: warning: argument unused during compilation: '-fcx-limited-range' [-Wunused-command-line-argument]
  CCLD     test_src_preparser_thumbnail
  CCLD     test_src_preparser_thumbnail_to_files
  CCLD     test_src_input_decoder
clang: warning: argument unused during compilation: '-fcx-limited-range' [-Wunused-command-line-argument]
clang: warning: argument unused during compilation: '-fcx-limited-range' [-Wunused-command-line-argument]
clang: warning: argument unused during compilation: '-fcx-limited-range' [-Wunused-command-line-argument]
  CCLD     test_src_interface_dialog
clang: warning: argument unused during compilation: '-fcx-limited-range' [-Wunused-command-line-argument]
  CCLD     test_src_media_source
  CCLD     test_src_video_output
  CCLD     test_src_video_output_inhibit
clang: warning: argument unused during compilation: '-fcx-limited-range' [-Wunused-command-line-argument]
clang: warning: argument unused during compilation: '-fcx-limited-range' [-Wunused-command-line-argument]
clang: warning: argument unused during compilation: '-fcx-limited-range' [-Wunused-command-line-argument]
clang: warning: argument unused during compilation: '-fcx-limited-range' [-Wunused-command-line-argument]
  CCLD     test_src_video_output_opengl
  CCLD     test_src_video_output_spu
  CCLD     test_modules_lua_extension
  CCLD     test_modules_misc_medialibrary
clang: warning: argument unused during compilation: '-fcx-limited-range' [-Wunused-command-line-argument]
clang: warning: argument unused during compilation: '-fcx-limited-range' [-Wunused-command-line-argument]
clang: warning: argument unused during compilation: '-fcx-limited-range' [-Wunused-command-line-argument]
clang: warning: argument unused during compilation: '-fcx-limited-range' [-Wunused-command-line-argument]
  CCLD     test_modules_packetizer_helpers
  CCLD     test_modules_packetizer_hxxx
  CCLD     test_modules_packetizer_h264
  CCLD     test_modules_packetizer_h266
clang: warning: argument unused during compilation: '-fcx-limited-range' [-Wunused-command-line-argument]
clang: warning: argument unused during compilation: '-fcx-limited-range' [-Wunused-command-line-argument]
clang: warning: argument unused during compilation: '-fcx-limited-range' [-Wunused-command-line-argument]
clang: warning: argument unused during compilation: '-fcx-limited-range' [-Wunused-command-line-argument]
  CCLD     test_modules_packetizer_hevc
  CCLD     test_modules_packetizer_mpegvideo
  CCLD     test_modules_packetizer_h266_nal
  CCLD     test_modules_codec_hxxx_helper
clang: warning: argument unused during compilation: '-fcx-limited-range' [-Wunused-command-line-argument]
clang: warning: argument unused during compilation: '-fcx-limited-range' [-Wunused-command-line-argument]
clang: warning: argument unused during compilation: '-fcx-limited-range' [-Wunused-command-line-argument]
clang: warning: argument unused during compilation: '-fcx-limited-range' [-Wunused-command-line-argument]
  CCLD     test_modules_demux_libmp4
  CCLD     test_modules_demux_json
  CCLD     test_modules_keystore
  CCLD     test_modules_demux_timestamps
clang: warning: argument unused during compilation: '-fcx-limited-range' [-Wunused-command-line-argument]
  CCLD     test_modules_demux_timestamps_filter
clang: warning: argument unused during compilation: '-fcx-limited-range' [-Wunused-command-line-argument]
clang: warning: argument unused during compilation: '-fcx-limited-range' [-Wunused-command-line-argument]
clang: warning: argument unused during compilation: '-fcx-limited-range' [-Wunused-command-line-argument]
  CCLD     test_modules_demux_ts_pes
  CCLD     test_modules_playlist_m3u
  CCLD     test_modules_stream_out_pcr_sync
clang: warning: argument unused during compilation: '-fcx-limited-range' [-Wunused-command-line-argument]
  CCLD     test_modules_mux_webvtt
clang: warning: argument unused during compilation: '-fcx-limited-range' [-Wunused-command-line-argument]
clang: clang: warning: argument unused during compilation: '-fcx-limited-range' [-Wunused-command-line-argument]
warning: argument unused during compilation: '-fcx-limited-range' [-Wunused-command-line-argument]
  CCLD     test_modules_stream_out_hls_subtitles_segmenter
  CCLD     test_src_player_abloop
  CCLD     test_src_player_attachments
clang: warning: argument unused during compilation: '-fcx-limited-range' [-Wunused-command-line-argument]
  CCLD     test_src_player_capabilities
clang: warning: argument unused during compilation: '-fcx-limited-range' [-Wunused-command-line-argument]
clang: clang: warning: argument unused during compilation: '-fcx-limited-range' [-Wunused-command-line-argument]
warning: argument unused during compilation: '-fcx-limited-range' [-Wunused-command-line-argument]
  CCLD     test_src_player_discontinuities
  CCLD     test_src_player_eof
  CCLD     test_src_player_errors
clang: warning: argument unused during compilation: '-fcx-limited-range' [-Wunused-command-line-argument]
  CCLD     test_src_player_es_selection
clang: warning: argument unused during compilation: '-fcx-limited-range' [-Wunused-command-line-argument]
clang: warning: argument unused during compilation: '-fcx-limited-range' [-Wunused-command-line-argument]
clang: warning: argument unused during compilation: '-fcx-limited-range' [-Wunused-command-line-argument]
  CCLD     test_src_player_lifecycle
  CCLD     test_src_player_loudness
  CCLD     test_src_player_media
clang: warning: argument unused during compilation: '-fcx-limited-range' [-Wunused-command-line-argument]
  CCLD     test_src_player_next_prev
clang: warning: argument unused during compilation: '-fcx-limited-range' [-Wunused-command-line-argument]
clang: warning: argument unused during compilation: '-fcx-limited-range' [-Wunused-command-line-argument]
clang: warning: argument unused during compilation: '-fcx-limited-range' [-Wunused-command-line-argument]
  CCLD     test_src_player_outputs
  CCLD     test_src_player_pause
  CCLD     test_src_player_programs
clang: warning: argument unused during compilation: '-fcx-limited-range' [-Wunused-command-line-argument]
  CCLD     test_src_player_seeks
clang: warning: argument unused during compilation: '-fcx-limited-range' [-Wunused-command-line-argument]
clang: warning: argument unused during compilation: '-fcx-limited-range' [-Wunused-command-line-argument]
clang: warning: argument unused during compilation: '-fcx-limited-range' [-Wunused-command-line-argument]
  CCLD     test_src_player_teletext
  CCLD     test_src_player_timers
  CCLD     test_src_player_titles
clang: warning: argument unused during compilation: '-fcx-limited-range' [-Wunused-command-line-argument]
  CCLD     test_src_player_tracks
clang: warning: argument unused during compilation: '-fcx-limited-range' [-Wunused-command-line-argument]
clang: warning: argument unused during compilation: '-fcx-limited-range' [-Wunused-command-line-argument]
clang: warning: argument unused during compilation: '-fcx-limited-range' [-Wunused-command-line-argument]
  CCLD     test_src_player_tracks_ids
  CCLD     test_modules_video_output_opengl_filters
clang: warning: argument unused during compilation: '-fcx-limited-range' [-Wunused-command-line-argument]
clang: warning: argument unused during compilation: '-fcx-limited-range' [-Wunused-command-line-argument]
clang: warning: argument unused during compilation: '-fcx-limited-range' [-Wunused-command-line-argument]
/Applications/Xcode.app/Contents/Developer/usr/bin/make  check-TESTS
PASS: test_libvlc_equalizer
PASS: test_libvlc_core
PASS: test_libvlc_media
PASS: test_libvlc_media_callback
SKIP: test_libvlc_media_thumbnail_argb
SKIP: test_libvlc_media_thumbnail_rgba
SKIP: test_libvlc_media_thumbnail_jpeg
SKIP: test_libvlc_media_thumbnail_png
PASS: test_libvlc_downloader
SKIP: test_libvlc_media_thumbnail_webp
PASS: test_libvlc_media_list
PASS: test_libvlc_video_callback
PASS: test_libvlc_media_player_record
PASS: test_libvlc_media_list_player
PASS: test_libvlc_media_discoverer
PASS: test_libvlc_media_player
PASS: test_libvlc_renderer_discoverer
PASS: test_src_config_chain
PASS: test_src_clock_start
PASS: test_libvlc_slaves
../../../autotools/test-driver: line 119: 33220 Abort trap: 6           "$@" >> "$log_file" 2>&1
FAIL: test_src_clock_clock
PASS: test_src_misc_ancillary
PASS: test_src_misc_variables
PASS: test_src_input_stream
PASS: test_src_input_stream_fifo
PASS: test_src_preparser_thumbnail_to_files
PASS: test_src_preparser_thumbnail
PASS: test_src_preparser_cmp_internal_external
../../../autotools/test-driver: line 119: 33449 Abort trap: 6           "$@" >> "$log_file" 2>&1
FAIL: test_src_input_decoder
PASS: test_src_media_source
PASS: test_src_misc_bits
PASS: test_src_interface_dialog
PASS: test_src_misc_chroma_probe
PASS: test_src_misc_epg
PASS: test_src_misc_image
PASS: test_src_misc_viewpoint
PASS: test_src_video_output
PASS: test_src_misc_keystore
PASS: test_src_video_output_inhibit
PASS: test_src_video_output_opengl
../../../autotools/test-driver: line 119: 33761 Abort trap: 6           "$@" >> "$log_file" 2>&1
FAIL: test_src_video_output_spu
PASS: test_modules_lua_extension
PASS: test_modules_packetizer_helpers
PASS: test_modules_packetizer_hxxx
PASS: test_modules_packetizer_h264
PASS: test_modules_packetizer_h266
PASS: test_modules_packetizer_h266_nal
PASS: test_modules_packetizer_hevc
PASS: test_modules_packetizer_mpegvideo
PASS: test_modules_codec_hxxx_helper
PASS: test_modules_codec_cea708
PASS: test_modules_misc_medialibrary
PASS: test_modules_codec_cea708_aspect_ratio
PASS: test_modules_codec_cea708_integration
PASS: test_modules_demux_timestamps
PASS: test_modules_keystore
PASS: test_modules_demux_json
PASS: test_modules_demux_libmp4
PASS: test_modules_demux_timestamps_filter
PASS: test_modules_demux_ts_pes
PASS: test_modules_stream_out_pcr_sync
PASS: test_modules_playlist_m3u
PASS: test_modules_stream_out_sdi
PASS: test_modules_mux_webvtt
PASS: test_modules_stream_out_transcode
PASS: test_modules_stream_out_hls_subtitles_segmenter
../../../autotools/test-driver: line 119: 34575 Abort trap: 6           "$@" >> "$log_file" 2>&1
FAIL: test_modules_tls
PASS: test_src_player_capabilities
PASS: test_src_player_discontinuities
PASS: test_src_player_eof
PASS: test_src_player_errors
PASS: test_src_player_lifecycle
PASS: test_src_player_loudness
PASS: test_src_player_es_selection
PASS: test_src_player_abloop
PASS: test_src_player_outputs
PASS: test_src_player_media
PASS: test_src_player_programs
PASS: test_src_player_seeks
PASS: test_src_player_teletext
PASS: test_src_player_pause
PASS: test_src_player_titles
PASS: test_src_player_tracks
PASS: test_src_player_next_prev
../../../autotools/test-driver: line 119: 34712 Alarm clock: 14         "$@" >> "$log_file" 2>&1
FAIL: test_src_player_attachments
PASS: test_src_player_tracks_ids
PASS: test_modules_video_output_opengl_sub_renderer
../../../autotools/test-driver: line 119: 35271 Abort trap: 6           "$@" >> "$log_file" 2>&1
FAIL: test_modules_video_output_opengl_filters
../../../autotools/test-driver: line 119: 35454 Abort trap: 6           "$@" >> "$log_file" 2>&1
FAIL: test_src_misc_image_cvpx
PASS: check_POTFILES.sh
PASS: test_libvlc_meta
PASS: test_src_player_timers
============================================================================
Testsuite summary for vlc 4.0.0-dev
============================================================================
# TOTAL: 92
# PASS:  80
# SKIP:  5
# XFAIL: 0
# FAIL:  7
# XPASS: 0
# ERROR: 0
============================================================================
See test/test-suite.log for debugging.
============================================================================
make[5]: *** [test-suite.log] Error 1
make[4]: *** [check-TESTS] Error 2
make[3]: *** [check-am] Error 2
make[2]: *** [check-recursive] Error 1
make[1]: *** [check] Error 2
make: *** [distcheck] Error 1
