[\033[1;32mbuild\033[0m] Building VLC for macOS for architecture arm64 on a aarch64 device
[\033[1;32mbuild\033[0m] Building in "/Users/cam/Documents/Projects/ultima-iv-web/vlc-thumbs/work/build"
[\033[1;32mbuild\033[0m] Building with minimum macOS version 10.7 and SDK 27.0 at /Applications/Xcode.app/Contents/Developer/Platforms/MacOSX.platform/Developer/SDKs/MacOSX.sdk using Xcode 27.0
Build version 27A266a
[\033[1;32mbuild\033[0m] Building building tools
You are ready to build VLC and its contribs
[\033[1;32mbuild\033[0m] Building contribs
Packages licensing...    GPL version 3
Creating makefile...
Bootstrap completed.
Run "make" to start compilation.

Other targets:
 * make install      same as "make"
 * make prebuilt     fetch and install prebuilt binaries
 * make list         list packages
 * make fetch        fetch required source tarballs
 * make fetch-all    fetch all source tarballs
 * make distclean    clean everything and undo bootstrap
 * make mostlyclean  clean everything except source tarballs
 * make clean        clean everything
 * make package      prepare prebuilt packages
 * make help         show this text
All packages:
  SDL_image a52 alloweduwp amf aom aribb24 aribb25 asdcplib ass
  bluray bpg breakpad caca cddb chromaprint crystalhd d3d11 d3d9
  daala dav1d dca dvbpsi dvdcss dvdnav dvdread dxva dxva_x86 dxvahd
  ebml faad2 ffi ffmpeg flac fluid fluidlite fontconfig freetype2
  fribidi gcrypt gettext glew glib gme gmp gnutls goom gpg-error
  growl gsm harfbuzz iconv jack jpeg kate lame libarchive libdsm
  libmpeg2 libplacebo librist libtasn1 libxml2 live555 lua luac mad
  matroska mft10 microdns mingw11-fixes mingw12-fixes mingw64 modplug
  mpcdec mpg123 mysofa ncurses nettle nfs ogg openapv openjpeg opus
  png postproc projectM protobuf qt qtsvg regex samplerate sdl shout
  sidplay2 smb2 soxr sparkle spatialaudio speex speexdsp srt ssh2
  taglib theora tiger tremor twolame upnp utfcpp vncclient vorbis
  vpl vpx winpthreads wix wixlzx x262 x264 x26410b x265 xau xcb
  xcb-proto xorg-macros xproto zlib zvbi
Distribution-provided packages:
   aom aribb24 asdcplib ass bluray cddb chromaprint dav1d dca dvbpsi
   dvdcss dvdnav dvdread ebml faad2 ffmpeg flac fontconfig freetype2
   fribidi gcrypt gmp gnutls goom gpg-error harfbuzz iconv kate
   libarchive libmpeg2 libplacebo librist libxml2 live555 mad
   matroska modplug mpg123 mysofa ncurses nettle nfs ogg opus png
   postproc protobuf regex samplerate shout sidplay2 spatialaudio
   speex speexdsp srt ssh2 taglib theora twolame upnp vorbis vpx
   x264 x26410b x265 zlib zvbi
Automatically selected packages:
  a52 gettext gme lua luac mpcdec vncclient
Manually deselected packages:
Manually selected packages:
Depended-on packages:
  jpeg
To-be-built packages:
  a52 gettext gme jpeg lua luac mpcdec vncclient
make: Nothing to be done for `fetch'.
make: Nothing to be done for `all'.
[\033[1;32mbuild\033[0m] Bootstrap-ing configure
~/Documents/Projects/ultima-iv-web/vlc-thumbs/work/build/vlc-arm64 ~/Documents/Projects/ultima-iv-web/vlc-thumbs/work/build
checking build system type... aarch64-apple-darwin27
checking host system type... aarch64-apple-darwin27
checking for a BSD-compatible install... /usr/local/bin/ginstall -c
checking whether build environment is sane... yes
checking for a race-free mkdir -p... /usr/local/bin/gmkdir -p
checking for gawk... no
checking for mawk... no
checking for nawk... no
checking for awk... awk
checking whether make sets $(MAKE)... yes
checking whether make supports nested variables... yes
checking whether UID '501' is supported by ustar format... yes
checking whether GID '20' is supported by ustar format... yes
checking how to create a ustar tar archive... gnutar
checking whether make supports nested variables... (cached) yes
checking whether to enable maintainer-specific portions of Makefiles... yes
checking for aarch64-apple-darwin27-gcc... /Applications/Xcode.app/Contents/Developer/Toolchains/XcodeDefault.xctoolchain/usr/bin/clang -isysroot /Applications/Xcode.app/Contents/Developer/Platforms/MacOSX.platform/Developer/SDKs/MacOSX.sdk -mmacosx-version-min=10.7
checking whether the C compiler works... yes
checking for C compiler default output file name... a.out
checking for suffix of executables... 
checking whether we are cross compiling... no
checking for suffix of object files... o
checking whether the compiler supports GNU C... yes
checking whether /Applications/Xcode.app/Contents/Developer/Toolchains/XcodeDefault.xctoolchain/usr/bin/clang -isysroot /Applications/Xcode.app/Contents/Developer/Platforms/MacOSX.platform/Developer/SDKs/MacOSX.sdk -mmacosx-version-min=10.7 accepts -g... yes
checking for /Applications/Xcode.app/Contents/Developer/Toolchains/XcodeDefault.xctoolchain/usr/bin/clang -isysroot /Applications/Xcode.app/Contents/Developer/Platforms/MacOSX.platform/Developer/SDKs/MacOSX.sdk -mmacosx-version-min=10.7 option to enable C11 features... none needed
checking whether /Applications/Xcode.app/Contents/Developer/Toolchains/XcodeDefault.xctoolchain/usr/bin/clang -isysroot /Applications/Xcode.app/Contents/Developer/Platforms/MacOSX.platform/Developer/SDKs/MacOSX.sdk -mmacosx-version-min=10.7 understands -c and -o together... rm: conftest.dSYM: is a directory
yes
checking whether make supports the include directive... yes (GNU style)
checking dependency style of /Applications/Xcode.app/Contents/Developer/Toolchains/XcodeDefault.xctoolchain/usr/bin/clang -isysroot /Applications/Xcode.app/Contents/Developer/Platforms/MacOSX.platform/Developer/SDKs/MacOSX.sdk -mmacosx-version-min=10.7... gcc3
checking for stdio.h... yes
checking for stdlib.h... yes
checking for string.h... yes
checking for inttypes.h... yes
checking for stdint.h... yes
checking for strings.h... yes
checking for sys/stat.h... yes
checking for sys/types.h... yes
checking for unistd.h... yes
checking for wchar.h... yes
checking for minix/config.h... no
checking whether it is safe to define __EXTENSIONS__... yes
checking whether _XOPEN_SOURCE should be defined... no
checking whether /Applications/Xcode.app/Contents/Developer/Toolchains/XcodeDefault.xctoolchain/usr/bin/clang -isysroot /Applications/Xcode.app/Contents/Developer/Platforms/MacOSX.platform/Developer/SDKs/MacOSX.sdk -mmacosx-version-min=10.7  supports C11... yes
checking whether the compiler supports GNU C++... yes
checking whether /Applications/Xcode.app/Contents/Developer/Toolchains/XcodeDefault.xctoolchain/usr/bin/clang++ -isysroot /Applications/Xcode.app/Contents/Developer/Platforms/MacOSX.platform/Developer/SDKs/MacOSX.sdk -mmacosx-version-min=10.7 -stdlib=libc++ -std=c++11 accepts -g... yes
checking for /Applications/Xcode.app/Contents/Developer/Toolchains/XcodeDefault.xctoolchain/usr/bin/clang++ -isysroot /Applications/Xcode.app/Contents/Developer/Platforms/MacOSX.platform/Developer/SDKs/MacOSX.sdk -mmacosx-version-min=10.7 -stdlib=libc++ -std=c++11 option to enable C++11 features... none needed
checking dependency style of /Applications/Xcode.app/Contents/Developer/Toolchains/XcodeDefault.xctoolchain/usr/bin/clang++ -isysroot /Applications/Xcode.app/Contents/Developer/Platforms/MacOSX.platform/Developer/SDKs/MacOSX.sdk -mmacosx-version-min=10.7 -stdlib=libc++ -std=c++11... gcc3
checking how to run the C preprocessor... /Applications/Xcode.app/Contents/Developer/Toolchains/XcodeDefault.xctoolchain/usr/bin/clang -isysroot /Applications/Xcode.app/Contents/Developer/Platforms/MacOSX.platform/Developer/SDKs/MacOSX.sdk -mmacosx-version-min=10.7 -E
checking for aarch64-apple-darwin27-gcc... /Applications/Xcode.app/Contents/Developer/Toolchains/XcodeDefault.xctoolchain/usr/bin/clang -isysroot /Applications/Xcode.app/Contents/Developer/Platforms/MacOSX.platform/Developer/SDKs/MacOSX.sdk -mmacosx-version-min=10.7
checking whether the compiler supports GNU Objective C... yes
checking whether /Applications/Xcode.app/Contents/Developer/Toolchains/XcodeDefault.xctoolchain/usr/bin/clang -isysroot /Applications/Xcode.app/Contents/Developer/Platforms/MacOSX.platform/Developer/SDKs/MacOSX.sdk -mmacosx-version-min=10.7 accepts -g... yes
checking dependency style of /Applications/Xcode.app/Contents/Developer/Toolchains/XcodeDefault.xctoolchain/usr/bin/clang -isysroot /Applications/Xcode.app/Contents/Developer/Platforms/MacOSX.platform/Developer/SDKs/MacOSX.sdk -mmacosx-version-min=10.7... gcc3
checking for grep that handles long lines and -e... /usr/bin/grep
checking for egrep... /usr/bin/grep -E
checking whether make sets $(MAKE)... (cached) yes
checking dependency style of /Applications/Xcode.app/Contents/Developer/Toolchains/XcodeDefault.xctoolchain/usr/bin/clang -isysroot /Applications/Xcode.app/Contents/Developer/Platforms/MacOSX.platform/Developer/SDKs/MacOSX.sdk -mmacosx-version-min=10.7... gcc3
checking for flex... flex
checking for lex output file root... lex.yy
checking for lex library... none needed
checking whether yytext is a pointer... yes
checking for bison... bison -y
checking for desktop-file-validate... no
checking for c11-gcc... no
checking for c11... no
checking for c99-gcc... no
checking for c99... c99
checking for an ANSI C-conforming const... yes
checking for inline... inline
checking for C/C++ restrict keyword... __restrict__
checking whether /Applications/Xcode.app/Contents/Developer/Toolchains/XcodeDefault.xctoolchain/usr/bin/clang++ -isysroot /Applications/Xcode.app/Contents/Developer/Platforms/MacOSX.platform/Developer/SDKs/MacOSX.sdk -mmacosx-version-min=10.7 -stdlib=libc++ -std=c++11 supports C++11 features by default... yes
checking whether C compiler accepts -Werror=unknown-warning-option... yes
checking whether C compiler accepts -Werror=invalid-command-line-argument... yes
checking whether C compiler accepts -Werror=unknown-warning-option... (cached) yes
checking whether C compiler accepts -Werror=invalid-command-line-argument... (cached) yes
checking if AppleClang requires -fno-stack-check... no
checking for 3rd party libraries path... /Users/cam/Documents/Projects/ultima-iv-web/vlc-thumbs/work/build/vlc-source/contrib/aarch64-apple-darwin27
checking how to print strings... printf
checking for a sed that does not truncate output... /usr/bin/sed
checking for fgrep... /usr/bin/grep -F
checking for ld used by /Applications/Xcode.app/Contents/Developer/Toolchains/XcodeDefault.xctoolchain/usr/bin/clang -isysroot /Applications/Xcode.app/Contents/Developer/Platforms/MacOSX.platform/Developer/SDKs/MacOSX.sdk -mmacosx-version-min=10.7 -isysroot /Applications/Xcode.app/Contents/Developer/Platforms/MacOSX.platform/Developer/SDKs/MacOSX.sdk -mmacosx-version-min=10.7...  -syslibroot /Applications/Xcode.app/Contents/Developer/Platforms/MacOSX.platform/Developer/SDKs/MacOSX.sdk -mmacosx_version_min=10.7
checking if the linker ( -syslibroot /Applications/Xcode.app/Contents/Developer/Platforms/MacOSX.platform/Developer/SDKs/MacOSX.sdk -mmacosx_version_min=10.7) is GNU ld... no
checking for BSD- or MS-compatible name lister (nm)... /Applications/Xcode.app/Contents/Developer/Toolchains/XcodeDefault.xctoolchain/usr/bin/nm
checking the name lister (/Applications/Xcode.app/Contents/Developer/Toolchains/XcodeDefault.xctoolchain/usr/bin/nm) interface... BSD nm
checking whether ln -s works... yes
checking the maximum length of command line arguments... 786432
checking how to convert aarch64-apple-darwin27 file names to aarch64-apple-darwin27 format... func_convert_file_noop
checking how to convert aarch64-apple-darwin27 file names to toolchain format... func_convert_file_noop
checking for  -syslibroot /Applications/Xcode.app/Contents/Developer/Platforms/MacOSX.platform/Developer/SDKs/MacOSX.sdk -mmacosx_version_min=10.7 option to reload object files... -r
checking for file... file
checking for aarch64-apple-darwin27-objdump... no
checking for objdump... objdump
checking how to recognize dependent libraries... (cached) pass_all
checking for aarch64-apple-darwin27-dlltool... no
checking for dlltool... no
checking how to associate runtime and link libraries... printf %s\n
checking for aarch64-apple-darwin27-ranlib... /Applications/Xcode.app/Contents/Developer/Toolchains/XcodeDefault.xctoolchain/usr/bin/ranlib
checking for aarch64-apple-darwin27-ar... /Applications/Xcode.app/Contents/Developer/Toolchains/XcodeDefault.xctoolchain/usr/bin/ar
checking for archiver @FILE support... no
checking for aarch64-apple-darwin27-strip... /Applications/Xcode.app/Contents/Developer/Toolchains/XcodeDefault.xctoolchain/usr/bin/strip
checking command to parse /Applications/Xcode.app/Contents/Developer/Toolchains/XcodeDefault.xctoolchain/usr/bin/nm output from /Applications/Xcode.app/Contents/Developer/Toolchains/XcodeDefault.xctoolchain/usr/bin/clang -isysroot /Applications/Xcode.app/Contents/Developer/Platforms/MacOSX.platform/Developer/SDKs/MacOSX.sdk -mmacosx-version-min=10.7 -isysroot /Applications/Xcode.app/Contents/Developer/Platforms/MacOSX.platform/Developer/SDKs/MacOSX.sdk -mmacosx-version-min=10.7 object... ok
checking for sysroot... no
checking for a working dd... /bin/dd
checking how to truncate binary pipes... /bin/dd bs=4096 count=1
checking for aarch64-apple-darwin27-mt... no
checking for mt... no
checking if : is a manifest tool... no
checking for aarch64-apple-darwin27-dsymutil... no
checking for dsymutil... dsymutil
checking for aarch64-apple-darwin27-nmedit... no
checking for nmedit... nmedit
checking for aarch64-apple-darwin27-lipo... no
checking for lipo... lipo
checking for aarch64-apple-darwin27-otool... no
checking for otool... otool
checking for aarch64-apple-darwin27-otool64... no
checking for otool64... no
checking for -single_module linker flag... ld: warning: -single_module is obsolete
no
checking for -no_fixup_chains linker flag... yes
checking for -exported_symbols_list linker flag... yes
checking for -force_load linker flag... yes
checking for dlfcn.h... yes
checking for aarch64-apple-darwin27-gcc... (cached) /Applications/Xcode.app/Contents/Developer/Toolchains/XcodeDefault.xctoolchain/usr/bin/clang -isysroot /Applications/Xcode.app/Contents/Developer/Platforms/MacOSX.platform/Developer/SDKs/MacOSX.sdk -mmacosx-version-min=10.7
checking for aarch64-apple-darwin27-gnustep-config... no
checking for gnustep-config... no
checking which variant of shared library versioning to provide... (default) aix
checking for objdir... .libs
checking if /Applications/Xcode.app/Contents/Developer/Toolchains/XcodeDefault.xctoolchain/usr/bin/clang -isysroot /Applications/Xcode.app/Contents/Developer/Platforms/MacOSX.platform/Developer/SDKs/MacOSX.sdk -mmacosx-version-min=10.7 -isysroot /Applications/Xcode.app/Contents/Developer/Platforms/MacOSX.platform/Developer/SDKs/MacOSX.sdk -mmacosx-version-min=10.7 supports -fno-rtti -fno-exceptions... yes
checking for /Applications/Xcode.app/Contents/Developer/Toolchains/XcodeDefault.xctoolchain/usr/bin/clang -isysroot /Applications/Xcode.app/Contents/Developer/Platforms/MacOSX.platform/Developer/SDKs/MacOSX.sdk -mmacosx-version-min=10.7 -isysroot /Applications/Xcode.app/Contents/Developer/Platforms/MacOSX.platform/Developer/SDKs/MacOSX.sdk -mmacosx-version-min=10.7 option to produce PIC... -fno-common -DPIC
checking if /Applications/Xcode.app/Contents/Developer/Toolchains/XcodeDefault.xctoolchain/usr/bin/clang -isysroot /Applications/Xcode.app/Contents/Developer/Platforms/MacOSX.platform/Developer/SDKs/MacOSX.sdk -mmacosx-version-min=10.7 -isysroot /Applications/Xcode.app/Contents/Developer/Platforms/MacOSX.platform/Developer/SDKs/MacOSX.sdk -mmacosx-version-min=10.7 PIC flag -fno-common -DPIC works... yes
checking if /Applications/Xcode.app/Contents/Developer/Toolchains/XcodeDefault.xctoolchain/usr/bin/clang -isysroot /Applications/Xcode.app/Contents/Developer/Platforms/MacOSX.platform/Developer/SDKs/MacOSX.sdk -mmacosx-version-min=10.7 -isysroot /Applications/Xcode.app/Contents/Developer/Platforms/MacOSX.platform/Developer/SDKs/MacOSX.sdk -mmacosx-version-min=10.7 static flag -static works... no
checking if /Applications/Xcode.app/Contents/Developer/Toolchains/XcodeDefault.xctoolchain/usr/bin/clang -isysroot /Applications/Xcode.app/Contents/Developer/Platforms/MacOSX.platform/Developer/SDKs/MacOSX.sdk -mmacosx-version-min=10.7 -isysroot /Applications/Xcode.app/Contents/Developer/Platforms/MacOSX.platform/Developer/SDKs/MacOSX.sdk -mmacosx-version-min=10.7 supports -c -o file.o... yes
checking if /Applications/Xcode.app/Contents/Developer/Toolchains/XcodeDefault.xctoolchain/usr/bin/clang -isysroot /Applications/Xcode.app/Contents/Developer/Platforms/MacOSX.platform/Developer/SDKs/MacOSX.sdk -mmacosx-version-min=10.7 -isysroot /Applications/Xcode.app/Contents/Developer/Platforms/MacOSX.platform/Developer/SDKs/MacOSX.sdk -mmacosx-version-min=10.7 supports -c -o file.o... (cached) yes
checking whether the /Applications/Xcode.app/Contents/Developer/Toolchains/XcodeDefault.xctoolchain/usr/bin/clang -isysroot /Applications/Xcode.app/Contents/Developer/Platforms/MacOSX.platform/Developer/SDKs/MacOSX.sdk -mmacosx-version-min=10.7 -isysroot /Applications/Xcode.app/Contents/Developer/Platforms/MacOSX.platform/Developer/SDKs/MacOSX.sdk -mmacosx-version-min=10.7 linker ( -syslibroot /Applications/Xcode.app/Contents/Developer/Platforms/MacOSX.platform/Developer/SDKs/MacOSX.sdk -mmacosx_version_min=10.7) supports shared libraries... yes
checking dynamic linker characteristics... darwin27 dyld
checking how to hardcode library paths into programs... immediate
checking for dlopen in -ldl... yes
checking whether a program can dlopen itself... yes
checking whether a statically linked program can dlopen itself... yes
checking whether stripping libraries is possible... yes
checking if libtool supports shared libraries... yes
checking whether to build shared libraries... yes
checking whether to build static libraries... no
checking how to run the C++ preprocessor... /Applications/Xcode.app/Contents/Developer/Toolchains/XcodeDefault.xctoolchain/usr/bin/clang++ -isysroot /Applications/Xcode.app/Contents/Developer/Platforms/MacOSX.platform/Developer/SDKs/MacOSX.sdk -mmacosx-version-min=10.7 -stdlib=libc++ -std=c++11 -stdlib=libc++ -std=c++11 -isysroot /Applications/Xcode.app/Contents/Developer/Platforms/MacOSX.platform/Developer/SDKs/MacOSX.sdk -mmacosx-version-min=10.7 -E
checking for ld used by /Applications/Xcode.app/Contents/Developer/Toolchains/XcodeDefault.xctoolchain/usr/bin/clang++ -isysroot /Applications/Xcode.app/Contents/Developer/Platforms/MacOSX.platform/Developer/SDKs/MacOSX.sdk -mmacosx-version-min=10.7 -stdlib=libc++ -std=c++11 -stdlib=libc++ -std=c++11 -isysroot /Applications/Xcode.app/Contents/Developer/Platforms/MacOSX.platform/Developer/SDKs/MacOSX.sdk -mmacosx-version-min=10.7...  -syslibroot /Applications/Xcode.app/Contents/Developer/Platforms/MacOSX.platform/Developer/SDKs/MacOSX.sdk -mmacosx_version_min=10.7
checking if the linker ( -syslibroot /Applications/Xcode.app/Contents/Developer/Platforms/MacOSX.platform/Developer/SDKs/MacOSX.sdk -mmacosx_version_min=10.7) is GNU ld... no
checking whether the /Applications/Xcode.app/Contents/Developer/Toolchains/XcodeDefault.xctoolchain/usr/bin/clang++ -isysroot /Applications/Xcode.app/Contents/Developer/Platforms/MacOSX.platform/Developer/SDKs/MacOSX.sdk -mmacosx-version-min=10.7 -stdlib=libc++ -std=c++11 -stdlib=libc++ -std=c++11 -isysroot /Applications/Xcode.app/Contents/Developer/Platforms/MacOSX.platform/Developer/SDKs/MacOSX.sdk -mmacosx-version-min=10.7 linker ( -syslibroot /Applications/Xcode.app/Contents/Developer/Platforms/MacOSX.platform/Developer/SDKs/MacOSX.sdk -mmacosx_version_min=10.7) supports shared libraries... yes
checking for /Applications/Xcode.app/Contents/Developer/Toolchains/XcodeDefault.xctoolchain/usr/bin/clang++ -isysroot /Applications/Xcode.app/Contents/Developer/Platforms/MacOSX.platform/Developer/SDKs/MacOSX.sdk -mmacosx-version-min=10.7 -stdlib=libc++ -std=c++11 -stdlib=libc++ -std=c++11 -isysroot /Applications/Xcode.app/Contents/Developer/Platforms/MacOSX.platform/Developer/SDKs/MacOSX.sdk -mmacosx-version-min=10.7 option to produce PIC... -fno-common -DPIC
checking if /Applications/Xcode.app/Contents/Developer/Toolchains/XcodeDefault.xctoolchain/usr/bin/clang++ -isysroot /Applications/Xcode.app/Contents/Developer/Platforms/MacOSX.platform/Developer/SDKs/MacOSX.sdk -mmacosx-version-min=10.7 -stdlib=libc++ -std=c++11 -stdlib=libc++ -std=c++11 -isysroot /Applications/Xcode.app/Contents/Developer/Platforms/MacOSX.platform/Developer/SDKs/MacOSX.sdk -mmacosx-version-min=10.7 PIC flag -fno-common -DPIC works... yes
checking if /Applications/Xcode.app/Contents/Developer/Toolchains/XcodeDefault.xctoolchain/usr/bin/clang++ -isysroot /Applications/Xcode.app/Contents/Developer/Platforms/MacOSX.platform/Developer/SDKs/MacOSX.sdk -mmacosx-version-min=10.7 -stdlib=libc++ -std=c++11 -stdlib=libc++ -std=c++11 -isysroot /Applications/Xcode.app/Contents/Developer/Platforms/MacOSX.platform/Developer/SDKs/MacOSX.sdk -mmacosx-version-min=10.7 static flag -static works... no
checking if /Applications/Xcode.app/Contents/Developer/Toolchains/XcodeDefault.xctoolchain/usr/bin/clang++ -isysroot /Applications/Xcode.app/Contents/Developer/Platforms/MacOSX.platform/Developer/SDKs/MacOSX.sdk -mmacosx-version-min=10.7 -stdlib=libc++ -std=c++11 -stdlib=libc++ -std=c++11 -isysroot /Applications/Xcode.app/Contents/Developer/Platforms/MacOSX.platform/Developer/SDKs/MacOSX.sdk -mmacosx-version-min=10.7 supports -c -o file.o... yes
checking if /Applications/Xcode.app/Contents/Developer/Toolchains/XcodeDefault.xctoolchain/usr/bin/clang++ -isysroot /Applications/Xcode.app/Contents/Developer/Platforms/MacOSX.platform/Developer/SDKs/MacOSX.sdk -mmacosx-version-min=10.7 -stdlib=libc++ -std=c++11 -stdlib=libc++ -std=c++11 -isysroot /Applications/Xcode.app/Contents/Developer/Platforms/MacOSX.platform/Developer/SDKs/MacOSX.sdk -mmacosx-version-min=10.7 supports -c -o file.o... (cached) yes
checking whether the /Applications/Xcode.app/Contents/Developer/Toolchains/XcodeDefault.xctoolchain/usr/bin/clang++ -isysroot /Applications/Xcode.app/Contents/Developer/Platforms/MacOSX.platform/Developer/SDKs/MacOSX.sdk -mmacosx-version-min=10.7 -stdlib=libc++ -std=c++11 -stdlib=libc++ -std=c++11 -isysroot /Applications/Xcode.app/Contents/Developer/Platforms/MacOSX.platform/Developer/SDKs/MacOSX.sdk -mmacosx-version-min=10.7 linker ( -syslibroot /Applications/Xcode.app/Contents/Developer/Platforms/MacOSX.platform/Developer/SDKs/MacOSX.sdk -mmacosx_version_min=10.7) supports shared libraries... yes
checking dynamic linker characteristics... darwin27 dyld
checking how to hardcode library paths into programs... immediate
checking for Objective C compilation... yes
checking if /Applications/Xcode.app/Contents/Developer/Toolchains/XcodeDefault.xctoolchain/usr/bin/clang -isysroot /Applications/Xcode.app/Contents/Developer/Platforms/MacOSX.platform/Developer/SDKs/MacOSX.sdk -mmacosx-version-min=10.7 supports -fno-rtti -fno-exceptions... (cached) yes
checking for /Applications/Xcode.app/Contents/Developer/Toolchains/XcodeDefault.xctoolchain/usr/bin/clang -isysroot /Applications/Xcode.app/Contents/Developer/Platforms/MacOSX.platform/Developer/SDKs/MacOSX.sdk -mmacosx-version-min=10.7 option to produce PIC... -fno-common
checking if /Applications/Xcode.app/Contents/Developer/Toolchains/XcodeDefault.xctoolchain/usr/bin/clang -isysroot /Applications/Xcode.app/Contents/Developer/Platforms/MacOSX.platform/Developer/SDKs/MacOSX.sdk -mmacosx-version-min=10.7 PIC flag -fno-common works... yes
checking if /Applications/Xcode.app/Contents/Developer/Toolchains/XcodeDefault.xctoolchain/usr/bin/clang -isysroot /Applications/Xcode.app/Contents/Developer/Platforms/MacOSX.platform/Developer/SDKs/MacOSX.sdk -mmacosx-version-min=10.7 static flag -static works... no
checking if /Applications/Xcode.app/Contents/Developer/Toolchains/XcodeDefault.xctoolchain/usr/bin/clang -isysroot /Applications/Xcode.app/Contents/Developer/Platforms/MacOSX.platform/Developer/SDKs/MacOSX.sdk -mmacosx-version-min=10.7 supports -c -o file.o... yes
checking if /Applications/Xcode.app/Contents/Developer/Toolchains/XcodeDefault.xctoolchain/usr/bin/clang -isysroot /Applications/Xcode.app/Contents/Developer/Platforms/MacOSX.platform/Developer/SDKs/MacOSX.sdk -mmacosx-version-min=10.7 supports -c -o file.o... (cached) yes
checking whether the /Applications/Xcode.app/Contents/Developer/Toolchains/XcodeDefault.xctoolchain/usr/bin/clang -isysroot /Applications/Xcode.app/Contents/Developer/Platforms/MacOSX.platform/Developer/SDKs/MacOSX.sdk -mmacosx-version-min=10.7 linker ( -syslibroot /Applications/Xcode.app/Contents/Developer/Platforms/MacOSX.platform/Developer/SDKs/MacOSX.sdk -mmacosx_version_min=10.7) supports shared libraries... yes
checking how to hardcode library paths into programs... immediate
checking for aarch64-apple-darwin27-windres... no
checking for windres... no
checking for bash... /bin/bash
checking if dolt supports this host... yes, replacing libtool
checking whether NLS is requested... yes
checking for msgfmt... /Users/cam/Documents/Projects/ultima-iv-web/vlc-thumbs/work/build/vlc-source/extras/tools/build/bin/msgfmt
checking for gmsgfmt... /Users/cam/Documents/Projects/ultima-iv-web/vlc-thumbs/work/build/vlc-source/extras/tools/build/bin/msgfmt
checking for xgettext... /Users/cam/Documents/Projects/ultima-iv-web/vlc-thumbs/work/build/vlc-source/extras/tools/build/bin/xgettext
checking for msgmerge... /Users/cam/Documents/Projects/ultima-iv-web/vlc-thumbs/work/build/vlc-source/extras/tools/build/bin/msgmerge
checking for ld used by /Applications/Xcode.app/Contents/Developer/Toolchains/XcodeDefault.xctoolchain/usr/bin/clang -isysroot /Applications/Xcode.app/Contents/Developer/Platforms/MacOSX.platform/Developer/SDKs/MacOSX.sdk -mmacosx-version-min=10.7 -isysroot /Applications/Xcode.app/Contents/Developer/Platforms/MacOSX.platform/Developer/SDKs/MacOSX.sdk -mmacosx-version-min=10.7...  -syslibroot /Applications/Xcode.app/Contents/Developer/Platforms/MacOSX.platform/Developer/SDKs/MacOSX.sdk -mmacosx_version_min=10.7
checking if the linker ( -syslibroot /Applications/Xcode.app/Contents/Developer/Platforms/MacOSX.platform/Developer/SDKs/MacOSX.sdk -mmacosx_version_min=10.7) is GNU ld... no
checking for shared library run path origin... done
checking for CFPreferencesCopyAppValue... yes
checking for CFLocaleCopyCurrent... yes
checking for GNU gettext in libc... no
checking for iconv... yes
checking for working iconv... yes
checking how to link with libiconv... -liconv
checking for GNU gettext in libintl... yes
checking whether to use NLS... yes
checking where the gettext function comes from... external libintl
checking how to link with libintl... /Users/cam/Documents/Projects/ultima-iv-web/vlc-thumbs/work/build/vlc-source/contrib/aarch64-apple-darwin27/lib/libintl.a -lpthread -Wl,-framework -Wl,CoreFoundation
checking for iconv... (cached) yes
checking for working iconv... (cached) yes
checking how to link with libiconv... -liconv
checking for iconv declaration... 
         extern size_t iconv (iconv_t cd, char * *inbuf, size_t *inbytesleft, char * *outbuf, size_t *outbytesleft);
checking for buggy GNU/libc versions... not present
checking for shared objects suffix... .dylib
checking for accept4... no
checking for daemon... yes
checking for fcntl... yes
checking for flock... yes
checking for fstatvfs... yes
checking for fork... yes
checking for getenv... yes
checking for getmntent_r... no
checking for getpwuid_r... yes
checking for isatty... yes
checking for lstat... yes
checking for memalign... no
checking for mkostemp... (cached) no
checking for mmap... yes
checking for newlocale... yes
checking for open_memstream... (cached) no
checking for openat... (cached) no
checking for pipe2... yes
checking for pread... yes
checking for posix_fadvise... no
checking for posix_madvise... yes
checking for posix_memalign... yes
checking for setlocale... yes
checking for stricmp... no
checking for strnicmp... no
checking for strptime... yes
checking for uselocale... yes
checking for aligned_alloc... (cached) no
checking for atof... yes
checking for atoll... yes
checking for dirfd... yes
checking for fdopendir... (cached) no
checking for flockfile... yes
checking for fsync... yes
checking for getdelim... yes
checking for getpid... yes
checking for lfind... yes
checking for lldiv... yes
checking for memrchr... no
checking for nrand48... yes
checking for poll... yes
checking for recvmsg... yes
checking for rewind... yes
checking for sendmsg... yes
checking for setenv... yes
checking for strcasecmp... yes
checking for strcasestr... yes
checking for strdup... yes
checking for strlcpy... yes
checking for strndup... yes
checking for strnlen... yes
checking for strnstr... yes
checking for strsep... yes
checking for strtof... yes
checking for strtok_r... yes
checking for strtoll... yes
checking for swab... yes
checking for tdestroy... no
checking for tfind... yes
checking for timegm... yes
checking for timespec_get... (cached) no
checking for strverscmp... no
checking for pathconf... yes
checking for gettimeofday... yes
checking for fdatasync... yes
checking for /Applications/Xcode.app/Contents/Developer/Toolchains/XcodeDefault.xctoolchain/usr/bin/clang -isysroot /Applications/Xcode.app/Contents/Developer/Platforms/MacOSX.platform/Developer/SDKs/MacOSX.sdk -mmacosx-version-min=10.7 -isysroot /Applications/Xcode.app/Contents/Developer/Platforms/MacOSX.platform/Developer/SDKs/MacOSX.sdk -mmacosx-version-min=10.7 options needed to detect all undeclared functions... none needed
checking whether realpath is declared... yes
checking whether asprintf is declared... yes
checking whether vasprintf is declared... yes
checking whether gmtime_r is declared... yes
checking whether localtime_r is declared... yes
checking whether swab is declared... yes
checking whether ffsll is declared... yes
checking for static_assert in assert.h... yes
checking for working strcoll... yes
checking for struct pollfd... yes
checking for struct timespec... yes
checking for max_align_t... yes
checking for socklen_t in sys/socket.h... yes
checking for struct sockaddr_storage... yes
checking for getopt_long... yes
checking for cos in -lm... yes
checking for lrintf in -lm... yes
checking for nanf in -lm... yes
checking for sincos in -lm... no
checking _Thread_local support... ok
checking for threads.h... no
checking for getaddrinfo_a in -lanl... no
checking for library containing dlsym... none required
checking for library containing pthread_rwlock_init... none required
checking for library containing clock_nanosleep... no
checking for library containing nanosleep... none required
checking for stdckdint.h... yes
checking for arpa/inet.h... yes
checking for pthread.h... yes
checking for search.h... yes
checking for sys/shm.h... yes
checking for sys/socket.h... yes
checking for sys/uio.h... yes
checking for net/if.h... yes
checking for syslog.h... yes
checking for netinet/tcp.h... yes
checking for netinet/udplite.h... no
checking for sys/param.h... yes
checking for sys/mount.h... yes
checking for features.h... no
checking for getopt.h... yes
checking for linux/dccp.h... no
checking for linux/magic.h... no
checking for sys/eventfd.h... no
checking for xlocale.h... yes
checking if C++ headers define locale_t... yes
checking for ssize_t... yes
checking for aarch64-apple-darwin27-pkg-config... no
checking for pkg-config... /usr/local/bin/pkg-config
checking pkg-config is at least version 0.9.0... yes
checking for zlib.h... yes
checking for minizip ... no
checking for unzip.h... no
checking for libidn... no
checking for dbus-1 >= 1.6.0... no
configure: WARNING: Package 'dbus-1' not found.
checking for libsystemd... no
configure: WARNING: Package 'libsystemd' not found.
checking whether C compiler accepts -Wall... yes
checking whether C compiler accepts -Wextra... yes
checking whether C compiler accepts -Wsign-compare... yes
checking whether C compiler accepts -Wundef... yes
checking whether C compiler accepts -Wpointer-arith... yes
checking whether C compiler accepts -Wvolatile-register-var... yes
checking whether C compiler accepts -Wformat... yes
checking whether C compiler accepts -Wformat-security... yes
checking whether C compiler accepts -Wall... (cached) yes
checking whether C compiler accepts -Wextra... (cached) yes
checking whether C compiler accepts -Wsign-compare... (cached) yes
checking whether C compiler accepts -Wundef... (cached) yes
checking whether C compiler accepts -Wpointer-arith... (cached) yes
checking whether C compiler accepts -Wvolatile-register-var... (cached) yes
checking whether C compiler accepts -Wformat... (cached) yes
checking whether C compiler accepts -Wformat-security... (cached) yes
checking whether C compiler accepts -Wbad-function-cast... yes
checking whether C compiler accepts -Wwrite-strings... yes
checking whether C compiler accepts -Wmissing-prototypes... yes
checking whether C compiler accepts -Werror-implicit-function-declaration... yes
checking whether C compiler accepts -Winit-self... yes
checking whether C compiler accepts -Wlogical-op... no
checking whether C compiler accepts -Wshadow=local... no
checking whether C compiler accepts -pipe... yes
checking for library containing connect... none required
checking for library containing inet_pton... none required
checking for struct if_nameindex... yes
checking for if_nameindex... yes
checking if /Applications/Xcode.app/Contents/Developer/Toolchains/XcodeDefault.xctoolchain/usr/bin/clang -isysroot /Applications/Xcode.app/Contents/Developer/Platforms/MacOSX.platform/Developer/SDKs/MacOSX.sdk -mmacosx-version-min=10.7 -isysroot /Applications/Xcode.app/Contents/Developer/Platforms/MacOSX.platform/Developer/SDKs/MacOSX.sdk -mmacosx-version-min=10.7 accepts -fvisibility=hidden... yes
checking if /Applications/Xcode.app/Contents/Developer/Toolchains/XcodeDefault.xctoolchain/usr/bin/clang -isysroot /Applications/Xcode.app/Contents/Developer/Platforms/MacOSX.platform/Developer/SDKs/MacOSX.sdk -mmacosx-version-min=10.7 -isysroot /Applications/Xcode.app/Contents/Developer/Platforms/MacOSX.platform/Developer/SDKs/MacOSX.sdk -mmacosx-version-min=10.7 accepts -O3... yes
checking whether C compiler accepts -fno-math-errno... yes
checking whether C compiler accepts -funsafe-math-optimizations... yes
checking whether C compiler accepts -fno-rounding-math... yes
checking whether C compiler accepts -fno-signaling-nans... no
checking whether C compiler accepts -fcx-limited-range... yes
checking whether C compiler accepts -fno-math-errno... (cached) yes
checking whether C compiler accepts -funsafe-math-optimizations... (cached) yes
checking whether C compiler accepts -fno-rounding-math... (cached) yes
checking whether C compiler accepts -fno-signaling-nans... (cached) no
checking whether C compiler accepts -fcx-limited-range... (cached) yes
checking if /Applications/Xcode.app/Contents/Developer/Toolchains/XcodeDefault.xctoolchain/usr/bin/clang -isysroot /Applications/Xcode.app/Contents/Developer/Platforms/MacOSX.platform/Developer/SDKs/MacOSX.sdk -mmacosx-version-min=10.7 -isysroot /Applications/Xcode.app/Contents/Developer/Platforms/MacOSX.platform/Developer/SDKs/MacOSX.sdk -mmacosx-version-min=10.7 accepts -funroll-loops... yes
checking if /Applications/Xcode.app/Contents/Developer/Toolchains/XcodeDefault.xctoolchain/usr/bin/clang -isysroot /Applications/Xcode.app/Contents/Developer/Platforms/MacOSX.platform/Developer/SDKs/MacOSX.sdk -mmacosx-version-min=10.7 -isysroot /Applications/Xcode.app/Contents/Developer/Platforms/MacOSX.platform/Developer/SDKs/MacOSX.sdk -mmacosx-version-min=10.7 accepts -fomit-frame-pointer... yes
checking whether C compiler accepts -fstack-protector-strong... yes
checking whether C compiler accepts -fstack-protector-strong... (cached) yes
checking if linker supports -Bsymbolic... 
checking if linker supports -z,defs... no
checking for __attribute__((packed))... yes
checking for execinfo.h... yes
checking for backtrace... yes
checking if /Applications/Xcode.app/Contents/Developer/Toolchains/XcodeDefault.xctoolchain/usr/bin/clang -isysroot /Applications/Xcode.app/Contents/Developer/Platforms/MacOSX.platform/Developer/SDKs/MacOSX.sdk -mmacosx-version-min=10.7 -isysroot /Applications/Xcode.app/Contents/Developer/Platforms/MacOSX.platform/Developer/SDKs/MacOSX.sdk -mmacosx-version-min=10.7 groks 3D Now! inline assembly... no
checking if /Applications/Xcode.app/Contents/Developer/Toolchains/XcodeDefault.xctoolchain/usr/bin/clang -isysroot /Applications/Xcode.app/Contents/Developer/Platforms/MacOSX.platform/Developer/SDKs/MacOSX.sdk -mmacosx-version-min=10.7 -isysroot /Applications/Xcode.app/Contents/Developer/Platforms/MacOSX.platform/Developer/SDKs/MacOSX.sdk -mmacosx-version-min=10.7 groks ARM 64 SIMD assembly... yes
checking for lua5.2... no
configure: WARNING: Package 'lua5.2' not found, trying lua 5.1 instead
checking for lua5.1... no
configure: WARNING: Package 'lua5.1' not found, trying lua >= 5.1 instead
checking for lua >= 5.1... yes
checking for libarchive >= 3.1.0... yes
checking for live555... yes
checking for libdc1394-2 >= 2.1.0... no
configure: WARNING: Library libdc1394-2 >= 2.1.0 needed for dc1394 was not found
checking for libraw1394 >= 2.0.1 libavc1394 >= 0.5.3... no
configure: WARNING: Library libraw1394 >= 2.0.1 libavc1394 >= 0.5.3 needed for dv1394 was not found
checking for dvdread > 4.9.0... yes
checking for dvdnav > 4.9.0... yes
checking for dvdnav_stream_cb in dvdnav/dvdnav.h... yes
checking for libbluray >= 0.6.2... yes
checking for opencv > 2.0... no
configure: WARNING: Library opencv > 2.0 needed for opencv was not found
checking for smbclient... no
configure: WARNING: Library smbclient needed for smbclient was not found
checking for libdsm >= 0.2.0... no
checking for libssh2... yes
checking for libnfs >= 1.10.0... yes
checking for linux/videodev2.h... no
checking for sys/videoio.h... no
checking for AMF/core/PropertyStorage.h... no
checking for AMF/components/HQScaler.h... no
checking for AMF/core/PropertyStorage.h... (cached) no
checking for AMF/components/VQEnhancer.h... no
checking for AMF/core/PropertyStorage.h... (cached) no
checking for AMF/components/FRC.h... no
checking for DeckLinkAPIDispatch.cpp... no
configure: WARNING: Blackmagic DeckLink SDI include files not found
checking for cdrom_msf0 in linux/cdrom.h... no
checking for scsireq in sys/scsiio.h... no
checking for ioc_toc_header in sys/cdio.h... no
checking for libcddb >= 0.9.5... yes
checking for Linux DVB version 5.1... no
checking for ApplicationServices/ApplicationServices.h... yes
checking for freerdp >= 1.0.1... no
configure: WARNING: Library freerdp >= 1.0.1 needed for freerdp was not found
checking for asdcplib... yes
checking asdcplib API version... 2.12.2 API
checking for libdvbpsi >= 1.2.0... yes
checking for libgme... yes
checking for libsidplay2... yes
checking for sidplay/builders/resid.h... yes
checking for ogg >= 1.0... yes
checking for vorbis >= 1.1... yes
checking for ogg >= 1.0... yes
checking for shout >= 2.1... yes
checking for libebml >= 1.3.6 libmatroska... yes
checking for libmodplug >= 0.8.9.0... yes
checking for mpc/mpcdec.h... yes
checking for shine >= 3.0.0... no
configure: WARNING: Library shine >= 3.0.0 needed for shine was not found
checking for libcrystalhd/libcrystalhd_if.h... no
checking for mad.h... yes
checking for mad_bit_init in -lmad... yes
checking for libmpg123... yes
checking for gstreamer-app-1.0... no
configure: WARNING: Package 'gstreamer-app-1.0' not found. GStreamer modules will not be built.
checking for libavutil variant... ffmpeg
checking for libavcodec >= 57.37.100 libavutil >= 52.0.0... yes
checking for libavcodec/avcodec.h... yes
checking for libavutil/avutil.h... yes
checking for libva >= 0.38... no
configure: WARNING: Package 'libva' not found.
checking for libva-drm... no
configure: WARNING: Package 'libva-drm' not found.
checking for libva-x11... no
configure: WARNING: Package 'libva-x11' not found.
checking for libva-wayland... no
configure: WARNING: Package 'libva-wayland' not found.
checking for dxgidebug.h... no
checking for dxgi1_6.h... no
checking for d3d11_4.h... no
checking for libavformat >= 53.21.0 libavcodec libavutil... yes
checking for libavformat/avformat.h... yes
checking for libavformat/avio.h... yes
checking for libavcodec/avcodec.h... (cached) yes
checking for libavutil/avutil.h... (cached) yes
checking for libswscale... yes
checking for libswscale/swscale.h... yes
checking for libavutil/avutil.h... (cached) yes
checking for libpostproc libavutil... yes
checking for postproc/postprocess.h... no
checking for neaacdec.h... yes
checking for NeAACDecOpen in -lfaad... yes
checking for aom... yes
checking for dav1d... yes
checking for vpx >= 1.5.0... yes
checking for vpx_codec_vp8_dx in -lvpx... yes
checking for vpx_codec_vp9_dx in -lvpx... yes
checking for vpx_codec_vp8_cx in -lvpx... yes
checking for vpx_codec_vp9_cx in -lvpx... yes
checking for twolame... yes
checking for flac... yes
checking for ogg vorbis >= 1.1 vorbisenc >= 1.1... yes
checking for ogg speex >= 1.0.5... yes
checking for speexdsp... yes
checking for ogg opus >= 1.0.3... yes
checking for spatialaudio... yes
checking for spatialaudio >= 0.4.0... no
checking for ogg theoradec >= 1.0 theoraenc... yes
checking for ogg... yes
checking for png.h... yes
checking for png_set_alpha_mode in -lpng... yes
checking for jpeglib.h... yes
checking for libbpg.h... no
checking for x262... no
checking for x265... yes
checking for x264 >= 0.148... yes
checking for x264 >= 0.153... yes
checking for vpl... no
configure: WARNING: Library vpl needed for vpl was not found
checking for fluidsynth >= 1.1.2... no
configure: WARNING: Library fluidsynth >= 1.1.2 needed for fluidsynth was not found
checking for fluidlite... no
configure: WARNING: Library fluidlite needed for fluidlite was not found
checking for fluidlite.h... no
checking for zvbi-0.2 >= 0.2.28... yes
checking for aribb24 >= 1.0.1... yes
checking for aribb25 >= 0.2.6... no
configure: WARNING: Library aribb25 >= 0.2.6 needed for aribb25 was not found
checking for kate >= 0.3.0... yes
checking for tiger >= 0.3.1... no
checking for egl... no
checking for gl... no
checking for OpenGL... no
checking for X... libraries /opt/X11/lib, headers /opt/X11/include
checking whether -R must be followed by a space... neither works
checking for dnet_ntoa in -ldnet... no
checking for dnet_ntoa in -ldnet_stub... no
checking for gethostbyname... yes
checking for connect... yes
checking for remove... yes
checking for shmat... yes
checking for IceConnectionNumber in -lICE... no
checking for X11/Xlib.h... no
checking for vdpau >= 0.6... no
checking for freetype2... yes
checking for fribidi... yes
checking for harfbuzz... yes
checking for libass >= 0.9.8... yes
checking for ISpObjectToken... no
configure: WARNING: sapi.h not found. Text to Speech renderer for Windows disabled
checking for librsvg-2.0 >= 2.9.0... no
configure: WARNING: Library librsvg-2.0 >= 2.9.0 needed for svg was not found
checking for librsvg-2.0 >= 2.9.0 cairo >= 1.13.1... no
configure: WARNING: Library librsvg-2.0 >= 2.9.0 cairo >= 1.13.1 needed for svgdec was not found
checking for linux/fb.h... no
checking for kva.h... no
checking for interface/mmal/mmal.h... no
configure: WARNING: Cannot find development headers for mmal...
checking for alsa >= 1.0.24... no
checking for soundcard.h... no
checking for sys/soundcard.h... no
checking for sndio... no
checking for audioclient.h... no
checking for jack >= 1.9.7... no
configure: WARNING: Package 'jack' not found, trying jack1 instead
checking for jack >= 0.120.1 jack < 1.0... no
configure: WARNING: Package 'jack' not found
Package 'jack' not found.
checking for samplerate... yes
checking for soxr >= 0.1.2... no
configure: WARNING: Library soxr >= 0.1.2 needed for soxr was not found
checking for kai.h... no
checking for libchromaprint >= 0.6.0... yes
checking for protobuf-lite... yes
checking for protoc... /Users/cam/Documents/Projects/ultima-iv-web/vlc-thumbs/work/build/vlc-source/extras/tools/build/bin/protoc
checking protobuf-lite matches /Users/cam/Documents/Projects/ultima-iv-web/vlc-thumbs/work/build/vlc-source/extras/tools/build/bin/protoc version 3.4... yes
configure: WARNING: The skins2 module depends on the Qt interface, Qt is not built so skins2 is disabled.
checking for xcrun... /usr/bin/xcrun
checking for ibtool (using xcrun)... /Applications/Xcode.app/Contents/Developer/usr/bin/ibtool
checking for dmgbuild... no
configure: WARNING: dmgbuild not found -- unable to build fancy DMGs
checking for VideoToolbox/VideoToolbox.h... yes
checking for AudioToolbox/AudioToolbox.h... yes
checking for ncursesw... yes
checking for srt >= 1.3.0... yes
checking for librist >= 0.2.1... yes
checking for libgoom2... yes
checking for libprojectM... no
configure: WARNING: Package 'libprojectM' not found.
checking for libvsxu... no
configure: WARNING: Package 'libvsxu' not found.
checking for avahi-client >= 0.6... no
configure: WARNING: Library avahi-client >= 0.6 needed for avahi was not found
checking for libudev >= 142... no
configure: WARNING: Library libudev >= 142 needed for udev was not found
checking for libmtp >= 1.0.0... no
configure: WARNING: Library libmtp >= 1.0.0 needed for mtp was not found
checking for libupnp... yes
checking for microdns >= 0.1.2... no
configure: WARNING: Library microdns >= 0.1.2 needed for microdns was not found
checking for libxml-2.0 >= 2.5... yes
checking for gcrypt 1.6.0 or later... yes
checking for gpg-error... yes
checking for gnutls >= 3.3.6... yes
checking for taglib >= 1.9... yes
checking for libsecret-1 >= 0.18... no
configure: WARNING: Library libsecret-1 >= 0.18 needed for secret was not found
checking for libnotify gtk+-3.0... no
configure: WARNING: Library libnotify gtk+-3.0 needed for notify was not found
checking for libplacebo >= 0.2.1 libplacebo < 6... yes
checking whether byte ordering is bigendian... no
checking that generated files are newer than configure... done
configure: creating ./config.status
config.status: creating Makefile
config.status: creating doc/Makefile
config.status: creating modules/Makefile
config.status: creating m4/Makefile
config.status: creating po/Makefile.in
config.status: creating share/Makefile
config.status: creating compat/Makefile
config.status: creating src/Makefile
config.status: creating lib/Makefile
config.status: creating bin/Makefile
config.status: creating test/Makefile
config.status: creating modules/hw/mmal/Makefile
config.status: creating share/org.videolan.vlc.appdata.xml.in
config.status: creating share/macosx/Info.plist
config.status: creating config.h
config.status: config.h is unchanged
config.status: executing depfiles commands
config.status: executing libtool commands
config.status: executing po-directories commands
config.status: creating po/POTFILES
config.status: creating po/Makefile

libvlc configuration
--------------------
version               : 3.0.24
system                : darwin
architecture          : aarch64
optimizations         : yes
vlc aliases           : cvlc rvlc nvlc

To build vlc and its plugins, type `make', or `./compile' if you like nice colors.
[\033[1;32mbuild\033[0m] Running make -j4
/Applications/Xcode.app/Contents/Developer/usr/bin/make  all-recursive
Making all in compat
/Applications/Xcode.app/Contents/Developer/usr/bin/make  all-am
make[3]: Nothing to be done for `all-am'.
Making all in doc
make[2]: Nothing to be done for `all'.
Making all in po
make[2]: Nothing to be done for `all'.
Making all in share
make[2]: Nothing to be done for `all'.
Making all in src
  GEN      stamp-revision
/Applications/Xcode.app/Contents/Developer/usr/bin/make  all-am
make[3]: Nothing to be done for `all-am'.
Making all in modules
/Applications/Xcode.app/Contents/Developer/usr/bin/make  all-recursive
Making all in .
  CCLD     libarchive_plugin.la
  CCLD     libprefetch_plugin.la
  CCLD     libhds_plugin.la
  CCLD     libtdummy_plugin.la
  GEN      libfreetype_plugin.la
  CCLD     libadjust_plugin.la
  CCLD     libalphamask_plugin.la
  CCLD     libball_plugin.la
  CCLD     libblendbench_plugin.la
  CCLD     libbluescreen_plugin.la
  CCLD     libcanvas_plugin.la
  CCLD     libcolorthres_plugin.la
  CCLD     libcroppadd_plugin.la
  CCLD     libedgedetection_plugin.la
  CCLD     liberase_plugin.la
  CCLD     libextract_plugin.la
  CCLD     libgradient_plugin.la
  CCLD     libgrain_plugin.la
  CCLD     libgaussianblur_plugin.la
  CCLD     libinvert_plugin.la
  CCLD     libmagnify_plugin.la
  CCLD     libmirror_plugin.la
  CCLD     libmotionblur_plugin.la
  CCLD     libmotiondetect_plugin.la
  CCLD     libposterize_plugin.la
  CCLD     libpsychedelic_plugin.la
  CCLD     libripple_plugin.la
  CCLD     libscale_plugin.la
  CCLD     libscene_plugin.la
  CCLD     libsepia_plugin.la
  CCLD     libsharpen_plugin.la
  CCLD     libtransform_plugin.la
  CCLD     libwave_plugin.la
  CCLD     libgradfun_plugin.la
  CCLD     libantiflicker_plugin.la
  CCLD     libhqdn3d_plugin.la
  CCLD     libanaglyph_plugin.la
  CCLD     liboldmovie_plugin.la
  CCLD     libvhs_plugin.la
  CCLD     libfps_plugin.la
  CCLD     libfreeze_plugin.la
  CCLD     libpuzzle_plugin.la
  CCLD     librotate_plugin.la
  OBJCLD   libci_filters_plugin.la
  CCLD     libdeinterlace_plugin.la
  CCLD     libgoom_plugin.la
  CCLD     libvisual_plugin.la
ld: warning: search path '/Users/cam/Documents/Projects/ultima-iv-web/vlc-thumbs/work/build/vlc-source/contrib/aarch64-apple-darwin27/Frameworks' not found
  OBJCLD   libvout_macosx_plugin.la
ld: warning: search path '/Users/cam/Documents/Projects/ultima-iv-web/vlc-thumbs/work/build/vlc-source/contrib/aarch64-apple-darwin27/Frameworks' not found
Making all in lib
  GEN      ../include/vlc/libvlc_version.h
config.status: creating src/../include/vlc/libvlc_version.h
/Applications/Xcode.app/Contents/Developer/usr/bin/make  all-am
  CC       renderer_discoverer.lo
  CC       dialog.lo
  CC       core.lo
  CC       error.lo
  CC       log.lo
  CC       playlist.lo
  CC       video.lo
  CC       vlm.lo
  CC       audio.lo
  CC       event.lo
  CC       media.lo
  CC       media_player.lo
  CC       media_list.lo
  CC       media_list_player.lo
/Users/cam/Documents/Projects/ultima-iv-web/vlc-thumbs/work/build/vlc-source/extras/package/macosx/../../../lib/media_list.c:255:2: warning: Missing error handling! [-W#warnings]
  255 | #warning Missing error handling!
      |  ^
1 warning generated.
  CC       media_library.lo
  CC       media_discoverer.lo
  GEN      libvlc.pc
  CCLD     libvlc.la
config.status: creating lib/libvlc.pc
Making all in bin
  CC       rootwrap.o
  OBJC     vlc_osx-darwinvlc.o
  OBJC     vlc_osx_static-darwinvlc.o
  CC       cachegen.o
  CCLD     vlc-cache-gen
  CCLD     vlc-wrapper
clang: warning: argument unused during compilation: '-fcx-limited-range' [-Wunused-command-line-argument]
clang: warning: argument unused during compilation: '-fcx-limited-range' [-Wunused-command-line-argument]
  GEN      ../modules/plugins.dat
  OBJCLD   vlc-osx
  OBJCLD   vlc-osx-static
ld: warning: search path '/Users/cam/Documents/Projects/ultima-iv-web/vlc-thumbs/work/build/vlc-source/contrib/aarch64-apple-darwin27/Frameworks' not found
ld: warning: duplicate -rpath '@executable_path/../Frameworks/' ignored
ld: warning: search path '/Users/cam/Documents/Projects/ultima-iv-web/vlc-thumbs/work/build/vlc-source/contrib/aarch64-apple-darwin27/Frameworks' not found
Making all in test
make[2]: Nothing to be done for `all'.
  GEN      vlc
  GEN      nvlc
  GEN      cvlc
  GEN      rvlc
/usr/local/bin/gmkdir -p ./bin/Contents/Resources/
ln -s -nf /Users/cam/Documents/Projects/ultima-iv-web/vlc-thumbs/work/build/vlc-arm64/modules/gui/macosx/UI ./bin/Contents/Resources/Base.lproj
ln -s -nf /Users/cam/Documents/Projects/ultima-iv-web/vlc-thumbs/work/build/vlc-arm64/share/macosx/Info.plist ./bin/Contents/Info.plist
ln -s -nf /Users/cam/Documents/Projects/ultima-iv-web/vlc-thumbs/work/build/vlc-source/contrib/aarch64-apple-darwin27/Frameworks
cd ./bin/Contents/Resources/ && find /Users/cam/Documents/Projects/ultima-iv-web/vlc-thumbs/work/build/vlc-source/extras/package/macosx/../../../modules/gui/macosx/Resources/ -type f -not -path "*.lproj/*" -exec ln -s -f {} \;
[\033[1;32mbuild\033[0m] Preparing VLC.app
/Applications/Xcode.app/Contents/Developer/usr/bin/make  install-recursive
Making install in compat
/Applications/Xcode.app/Contents/Developer/usr/bin/make  install-am
 /usr/local/bin/gmkdir -p '/Users/cam/Documents/Projects/ultima-iv-web/vlc-thumbs/work/build/vlc-arm64/vlc_install_dir/lib/vlc'
 ../doltlibtool   --mode=install /usr/local/bin/ginstall -c   libcompat.la '/Users/cam/Documents/Projects/ultima-iv-web/vlc-thumbs/work/build/vlc-arm64/vlc_install_dir/lib/vlc'
libtool: install: /usr/local/bin/ginstall -c .libs/libcompat.lai /Users/cam/Documents/Projects/ultima-iv-web/vlc-thumbs/work/build/vlc-arm64/vlc_install_dir/lib/vlc/libcompat.la
libtool: install: /usr/local/bin/ginstall -c .libs/libcompat.a /Users/cam/Documents/Projects/ultima-iv-web/vlc-thumbs/work/build/vlc-arm64/vlc_install_dir/lib/vlc/libcompat.a
libtool: install: chmod 644 /Users/cam/Documents/Projects/ultima-iv-web/vlc-thumbs/work/build/vlc-arm64/vlc_install_dir/lib/vlc/libcompat.a
libtool: install: /Applications/Xcode.app/Contents/Developer/Toolchains/XcodeDefault.xctoolchain/usr/bin/ranlib /Users/cam/Documents/Projects/ultima-iv-web/vlc-thumbs/work/build/vlc-arm64/vlc_install_dir/lib/vlc/libcompat.a
make[4]: Nothing to be done for `install-data-am'.
Making install in doc
make[3]: Nothing to be done for `install-exec-am'.
 /usr/local/bin/gmkdir -p '/Users/cam/Documents/Projects/ultima-iv-web/vlc-thumbs/work/build/vlc-arm64/vlc_install_dir/share/doc/vlc'
 /usr/local/bin/ginstall -c -m 644 /Users/cam/Documents/Projects/ultima-iv-web/vlc-thumbs/work/build/vlc-source/extras/package/macosx/../../../doc/fortunes.txt '/Users/cam/Documents/Projects/ultima-iv-web/vlc-thumbs/work/build/vlc-arm64/vlc_install_dir/share/doc/vlc'
 /usr/local/bin/gmkdir -p '/Users/cam/Documents/Projects/ultima-iv-web/vlc-thumbs/work/build/vlc-arm64/vlc_install_dir/share/man/man1'
 /usr/local/bin/ginstall -c -m 644 /Users/cam/Documents/Projects/ultima-iv-web/vlc-thumbs/work/build/vlc-source/extras/package/macosx/../../../doc/vlc.1 /Users/cam/Documents/Projects/ultima-iv-web/vlc-thumbs/work/build/vlc-source/extras/package/macosx/../../../doc/vlc-wrapper.1 '/Users/cam/Documents/Projects/ultima-iv-web/vlc-thumbs/work/build/vlc-arm64/vlc_install_dir/share/man/man1'
 /usr/local/bin/gmkdir -p '/Users/cam/Documents/Projects/ultima-iv-web/vlc-thumbs/work/build/vlc-arm64/vlc_install_dir/share/doc/vlc'
 /usr/local/bin/gmkdir -p '/Users/cam/Documents/Projects/ultima-iv-web/vlc-thumbs/work/build/vlc-arm64/vlc_install_dir/share/doc/vlc/libvlc'
 /usr/local/bin/ginstall -c -m 644  /Users/cam/Documents/Projects/ultima-iv-web/vlc-thumbs/work/build/vlc-source/extras/package/macosx/../../../doc/libvlc/gtk_player.c /Users/cam/Documents/Projects/ultima-iv-web/vlc-thumbs/work/build/vlc-source/extras/package/macosx/../../../doc/libvlc/libvlc_DVD_ripper.c /Users/cam/Documents/Projects/ultima-iv-web/vlc-thumbs/work/build/vlc-source/extras/package/macosx/../../../doc/libvlc/vlc-thumb.c /Users/cam/Documents/Projects/ultima-iv-web/vlc-thumbs/work/build/vlc-source/extras/package/macosx/../../../doc/libvlc/wx_player.cpp /Users/cam/Documents/Projects/ultima-iv-web/vlc-thumbs/work/build/vlc-source/extras/package/macosx/../../../doc/libvlc/win_player.c /Users/cam/Documents/Projects/ultima-iv-web/vlc-thumbs/work/build/vlc-source/extras/package/macosx/../../../doc/libvlc/CMakeLists.txt '/Users/cam/Documents/Projects/ultima-iv-web/vlc-thumbs/work/build/vlc-arm64/vlc_install_dir/share/doc/vlc/libvlc'
 /usr/local/bin/gmkdir -p '/Users/cam/Documents/Projects/ultima-iv-web/vlc-thumbs/work/build/vlc-arm64/vlc_install_dir/share/doc/vlc/libvlc/QtPlayer'
 /usr/local/bin/ginstall -c -m 644  /Users/cam/Documents/Projects/ultima-iv-web/vlc-thumbs/work/build/vlc-source/extras/package/macosx/../../../doc/libvlc/QtPlayer/LICENSE /Users/cam/Documents/Projects/ultima-iv-web/vlc-thumbs/work/build/vlc-source/extras/package/macosx/../../../doc/libvlc/QtPlayer/main.cpp /Users/cam/Documents/Projects/ultima-iv-web/vlc-thumbs/work/build/vlc-source/extras/package/macosx/../../../doc/libvlc/QtPlayer/player.cpp /Users/cam/Documents/Projects/ultima-iv-web/vlc-thumbs/work/build/vlc-source/extras/package/macosx/../../../doc/libvlc/QtPlayer/player.h /Users/cam/Documents/Projects/ultima-iv-web/vlc-thumbs/work/build/vlc-source/extras/package/macosx/../../../doc/libvlc/QtPlayer/QtVLC.pro '/Users/cam/Documents/Projects/ultima-iv-web/vlc-thumbs/work/build/vlc-arm64/vlc_install_dir/share/doc/vlc/libvlc/QtPlayer'
Making install in po
installing /Users/cam/Documents/Projects/ultima-iv-web/vlc-thumbs/work/build/vlc-source/extras/package/macosx/../../../po/ach.gmo as /Users/cam/Documents/Projects/ultima-iv-web/vlc-thumbs/work/build/vlc-arm64/vlc_install_dir/share/locale/ach/LC_MESSAGES/vlc.mo
installing /Users/cam/Documents/Projects/ultima-iv-web/vlc-thumbs/work/build/vlc-source/extras/package/macosx/../../../po/af.gmo as /Users/cam/Documents/Projects/ultima-iv-web/vlc-thumbs/work/build/vlc-arm64/vlc_install_dir/share/locale/af/LC_MESSAGES/vlc.mo
installing /Users/cam/Documents/Projects/ultima-iv-web/vlc-thumbs/work/build/vlc-source/extras/package/macosx/../../../po/am.gmo as /Users/cam/Documents/Projects/ultima-iv-web/vlc-thumbs/work/build/vlc-arm64/vlc_install_dir/share/locale/am/LC_MESSAGES/vlc.mo
installing /Users/cam/Documents/Projects/ultima-iv-web/vlc-thumbs/work/build/vlc-source/extras/package/macosx/../../../po/am_ET.gmo as /Users/cam/Documents/Projects/ultima-iv-web/vlc-thumbs/work/build/vlc-arm64/vlc_install_dir/share/locale/am_ET/LC_MESSAGES/vlc.mo
installing /Users/cam/Documents/Projects/ultima-iv-web/vlc-thumbs/work/build/vlc-source/extras/package/macosx/../../../po/an.gmo as /Users/cam/Documents/Projects/ultima-iv-web/vlc-thumbs/work/build/vlc-arm64/vlc_install_dir/share/locale/an/LC_MESSAGES/vlc.mo
installing /Users/cam/Documents/Projects/ultima-iv-web/vlc-thumbs/work/build/vlc-source/extras/package/macosx/../../../po/ar.gmo as /Users/cam/Documents/Projects/ultima-iv-web/vlc-thumbs/work/build/vlc-arm64/vlc_install_dir/share/locale/ar/LC_MESSAGES/vlc.mo
installing /Users/cam/Documents/Projects/ultima-iv-web/vlc-thumbs/work/build/vlc-source/extras/package/macosx/../../../po/as.gmo as /Users/cam/Documents/Projects/ultima-iv-web/vlc-thumbs/work/build/vlc-arm64/vlc_install_dir/share/locale/as/LC_MESSAGES/vlc.mo
installing /Users/cam/Documents/Projects/ultima-iv-web/vlc-thumbs/work/build/vlc-source/extras/package/macosx/../../../po/ast.gmo as /Users/cam/Documents/Projects/ultima-iv-web/vlc-thumbs/work/build/vlc-arm64/vlc_install_dir/share/locale/ast/LC_MESSAGES/vlc.mo
installing /Users/cam/Documents/Projects/ultima-iv-web/vlc-thumbs/work/build/vlc-source/extras/package/macosx/../../../po/be.gmo as /Users/cam/Documents/Projects/ultima-iv-web/vlc-thumbs/work/build/vlc-arm64/vlc_install_dir/share/locale/be/LC_MESSAGES/vlc.mo
installing /Users/cam/Documents/Projects/ultima-iv-web/vlc-thumbs/work/build/vlc-source/extras/package/macosx/../../../po/bg.gmo as /Users/cam/Documents/Projects/ultima-iv-web/vlc-thumbs/work/build/vlc-arm64/vlc_install_dir/share/locale/bg/LC_MESSAGES/vlc.mo
installing /Users/cam/Documents/Projects/ultima-iv-web/vlc-thumbs/work/build/vlc-source/extras/package/macosx/../../../po/bn_IN.gmo as /Users/cam/Documents/Projects/ultima-iv-web/vlc-thumbs/work/build/vlc-arm64/vlc_install_dir/share/locale/bn_IN/LC_MESSAGES/vlc.mo
installing /Users/cam/Documents/Projects/ultima-iv-web/vlc-thumbs/work/build/vlc-source/extras/package/macosx/../../../po/bn.gmo as /Users/cam/Documents/Projects/ultima-iv-web/vlc-thumbs/work/build/vlc-arm64/vlc_install_dir/share/locale/bn/LC_MESSAGES/vlc.mo
installing /Users/cam/Documents/Projects/ultima-iv-web/vlc-thumbs/work/build/vlc-source/extras/package/macosx/../../../po/br.gmo as /Users/cam/Documents/Projects/ultima-iv-web/vlc-thumbs/work/build/vlc-arm64/vlc_install_dir/share/locale/br/LC_MESSAGES/vlc.mo
installing /Users/cam/Documents/Projects/ultima-iv-web/vlc-thumbs/work/build/vlc-source/extras/package/macosx/../../../po/brx.gmo as /Users/cam/Documents/Projects/ultima-iv-web/vlc-thumbs/work/build/vlc-arm64/vlc_install_dir/share/locale/brx/LC_MESSAGES/vlc.mo
installing /Users/cam/Documents/Projects/ultima-iv-web/vlc-thumbs/work/build/vlc-source/extras/package/macosx/../../../po/bs.gmo as /Users/cam/Documents/Projects/ultima-iv-web/vlc-thumbs/work/build/vlc-arm64/vlc_install_dir/share/locale/bs/LC_MESSAGES/vlc.mo
installing /Users/cam/Documents/Projects/ultima-iv-web/vlc-thumbs/work/build/vlc-source/extras/package/macosx/../../../po/ca.gmo as /Users/cam/Documents/Projects/ultima-iv-web/vlc-thumbs/work/build/vlc-arm64/vlc_install_dir/share/locale/ca/LC_MESSAGES/vlc.mo
installing /Users/cam/Documents/Projects/ultima-iv-web/vlc-thumbs/work/build/vlc-source/extras/package/macosx/../../../po/ca@valencia.gmo as /Users/cam/Documents/Projects/ultima-iv-web/vlc-thumbs/work/build/vlc-arm64/vlc_install_dir/share/locale/ca@valencia/LC_MESSAGES/vlc.mo
installing /Users/cam/Documents/Projects/ultima-iv-web/vlc-thumbs/work/build/vlc-source/extras/package/macosx/../../../po/cgg.gmo as /Users/cam/Documents/Projects/ultima-iv-web/vlc-thumbs/work/build/vlc-arm64/vlc_install_dir/share/locale/cgg/LC_MESSAGES/vlc.mo
installing /Users/cam/Documents/Projects/ultima-iv-web/vlc-thumbs/work/build/vlc-source/extras/package/macosx/../../../po/co.gmo as /Users/cam/Documents/Projects/ultima-iv-web/vlc-thumbs/work/build/vlc-arm64/vlc_install_dir/share/locale/co/LC_MESSAGES/vlc.mo
installing /Users/cam/Documents/Projects/ultima-iv-web/vlc-thumbs/work/build/vlc-source/extras/package/macosx/../../../po/cs.gmo as /Users/cam/Documents/Projects/ultima-iv-web/vlc-thumbs/work/build/vlc-arm64/vlc_install_dir/share/locale/cs/LC_MESSAGES/vlc.mo
installing /Users/cam/Documents/Projects/ultima-iv-web/vlc-thumbs/work/build/vlc-source/extras/package/macosx/../../../po/cy.gmo as /Users/cam/Documents/Projects/ultima-iv-web/vlc-thumbs/work/build/vlc-arm64/vlc_install_dir/share/locale/cy/LC_MESSAGES/vlc.mo
installing /Users/cam/Documents/Projects/ultima-iv-web/vlc-thumbs/work/build/vlc-source/extras/package/macosx/../../../po/da.gmo as /Users/cam/Documents/Projects/ultima-iv-web/vlc-thumbs/work/build/vlc-arm64/vlc_install_dir/share/locale/da/LC_MESSAGES/vlc.mo
installing /Users/cam/Documents/Projects/ultima-iv-web/vlc-thumbs/work/build/vlc-source/extras/package/macosx/../../../po/de.gmo as /Users/cam/Documents/Projects/ultima-iv-web/vlc-thumbs/work/build/vlc-arm64/vlc_install_dir/share/locale/de/LC_MESSAGES/vlc.mo
installing /Users/cam/Documents/Projects/ultima-iv-web/vlc-thumbs/work/build/vlc-source/extras/package/macosx/../../../po/el.gmo as /Users/cam/Documents/Projects/ultima-iv-web/vlc-thumbs/work/build/vlc-arm64/vlc_install_dir/share/locale/el/LC_MESSAGES/vlc.mo
installing /Users/cam/Documents/Projects/ultima-iv-web/vlc-thumbs/work/build/vlc-source/extras/package/macosx/../../../po/en_GB.gmo as /Users/cam/Documents/Projects/ultima-iv-web/vlc-thumbs/work/build/vlc-arm64/vlc_install_dir/share/locale/en_GB/LC_MESSAGES/vlc.mo
installing /Users/cam/Documents/Projects/ultima-iv-web/vlc-thumbs/work/build/vlc-source/extras/package/macosx/../../../po/eo.gmo as /Users/cam/Documents/Projects/ultima-iv-web/vlc-thumbs/work/build/vlc-arm64/vlc_install_dir/share/locale/eo/LC_MESSAGES/vlc.mo
installing /Users/cam/Documents/Projects/ultima-iv-web/vlc-thumbs/work/build/vlc-source/extras/package/macosx/../../../po/es.gmo as /Users/cam/Documents/Projects/ultima-iv-web/vlc-thumbs/work/build/vlc-arm64/vlc_install_dir/share/locale/es/LC_MESSAGES/vlc.mo
installing /Users/cam/Documents/Projects/ultima-iv-web/vlc-thumbs/work/build/vlc-source/extras/package/macosx/../../../po/es_MX.gmo as /Users/cam/Documents/Projects/ultima-iv-web/vlc-thumbs/work/build/vlc-arm64/vlc_install_dir/share/locale/es_MX/LC_MESSAGES/vlc.mo
installing /Users/cam/Documents/Projects/ultima-iv-web/vlc-thumbs/work/build/vlc-source/extras/package/macosx/../../../po/et.gmo as /Users/cam/Documents/Projects/ultima-iv-web/vlc-thumbs/work/build/vlc-arm64/vlc_install_dir/share/locale/et/LC_MESSAGES/vlc.mo
installing /Users/cam/Documents/Projects/ultima-iv-web/vlc-thumbs/work/build/vlc-source/extras/package/macosx/../../../po/eu.gmo as /Users/cam/Documents/Projects/ultima-iv-web/vlc-thumbs/work/build/vlc-arm64/vlc_install_dir/share/locale/eu/LC_MESSAGES/vlc.mo
installing /Users/cam/Documents/Projects/ultima-iv-web/vlc-thumbs/work/build/vlc-source/extras/package/macosx/../../../po/fa.gmo as /Users/cam/Documents/Projects/ultima-iv-web/vlc-thumbs/work/build/vlc-arm64/vlc_install_dir/share/locale/fa/LC_MESSAGES/vlc.mo
installing /Users/cam/Documents/Projects/ultima-iv-web/vlc-thumbs/work/build/vlc-source/extras/package/macosx/../../../po/ff.gmo as /Users/cam/Documents/Projects/ultima-iv-web/vlc-thumbs/work/build/vlc-arm64/vlc_install_dir/share/locale/ff/LC_MESSAGES/vlc.mo
installing /Users/cam/Documents/Projects/ultima-iv-web/vlc-thumbs/work/build/vlc-source/extras/package/macosx/../../../po/fi.gmo as /Users/cam/Documents/Projects/ultima-iv-web/vlc-thumbs/work/build/vlc-arm64/vlc_install_dir/share/locale/fi/LC_MESSAGES/vlc.mo
installing /Users/cam/Documents/Projects/ultima-iv-web/vlc-thumbs/work/build/vlc-source/extras/package/macosx/../../../po/fr.gmo as /Users/cam/Documents/Projects/ultima-iv-web/vlc-thumbs/work/build/vlc-arm64/vlc_install_dir/share/locale/fr/LC_MESSAGES/vlc.mo
installing /Users/cam/Documents/Projects/ultima-iv-web/vlc-thumbs/work/build/vlc-source/extras/package/macosx/../../../po/fur.gmo as /Users/cam/Documents/Projects/ultima-iv-web/vlc-thumbs/work/build/vlc-arm64/vlc_install_dir/share/locale/fur/LC_MESSAGES/vlc.mo
installing /Users/cam/Documents/Projects/ultima-iv-web/vlc-thumbs/work/build/vlc-source/extras/package/macosx/../../../po/fy.gmo as /Users/cam/Documents/Projects/ultima-iv-web/vlc-thumbs/work/build/vlc-arm64/vlc_install_dir/share/locale/fy/LC_MESSAGES/vlc.mo
installing /Users/cam/Documents/Projects/ultima-iv-web/vlc-thumbs/work/build/vlc-source/extras/package/macosx/../../../po/ga.gmo as /Users/cam/Documents/Projects/ultima-iv-web/vlc-thumbs/work/build/vlc-arm64/vlc_install_dir/share/locale/ga/LC_MESSAGES/vlc.mo
installing /Users/cam/Documents/Projects/ultima-iv-web/vlc-thumbs/work/build/vlc-source/extras/package/macosx/../../../po/gd.gmo as /Users/cam/Documents/Projects/ultima-iv-web/vlc-thumbs/work/build/vlc-arm64/vlc_install_dir/share/locale/gd/LC_MESSAGES/vlc.mo
installing /Users/cam/Documents/Projects/ultima-iv-web/vlc-thumbs/work/build/vlc-source/extras/package/macosx/../../../po/gl.gmo as /Users/cam/Documents/Projects/ultima-iv-web/vlc-thumbs/work/build/vlc-arm64/vlc_install_dir/share/locale/gl/LC_MESSAGES/vlc.mo
installing /Users/cam/Documents/Projects/ultima-iv-web/vlc-thumbs/work/build/vlc-source/extras/package/macosx/../../../po/gu.gmo as /Users/cam/Documents/Projects/ultima-iv-web/vlc-thumbs/work/build/vlc-arm64/vlc_install_dir/share/locale/gu/LC_MESSAGES/vlc.mo
installing /Users/cam/Documents/Projects/ultima-iv-web/vlc-thumbs/work/build/vlc-source/extras/package/macosx/../../../po/he.gmo as /Users/cam/Documents/Projects/ultima-iv-web/vlc-thumbs/work/build/vlc-arm64/vlc_install_dir/share/locale/he/LC_MESSAGES/vlc.mo
installing /Users/cam/Documents/Projects/ultima-iv-web/vlc-thumbs/work/build/vlc-source/extras/package/macosx/../../../po/hi.gmo as /Users/cam/Documents/Projects/ultima-iv-web/vlc-thumbs/work/build/vlc-arm64/vlc_install_dir/share/locale/hi/LC_MESSAGES/vlc.mo
installing /Users/cam/Documents/Projects/ultima-iv-web/vlc-thumbs/work/build/vlc-source/extras/package/macosx/../../../po/hr.gmo as /Users/cam/Documents/Projects/ultima-iv-web/vlc-thumbs/work/build/vlc-arm64/vlc_install_dir/share/locale/hr/LC_MESSAGES/vlc.mo
installing /Users/cam/Documents/Projects/ultima-iv-web/vlc-thumbs/work/build/vlc-source/extras/package/macosx/../../../po/hu.gmo as /Users/cam/Documents/Projects/ultima-iv-web/vlc-thumbs/work/build/vlc-arm64/vlc_install_dir/share/locale/hu/LC_MESSAGES/vlc.mo
installing /Users/cam/Documents/Projects/ultima-iv-web/vlc-thumbs/work/build/vlc-source/extras/package/macosx/../../../po/hy.gmo as /Users/cam/Documents/Projects/ultima-iv-web/vlc-thumbs/work/build/vlc-arm64/vlc_install_dir/share/locale/hy/LC_MESSAGES/vlc.mo
installing /Users/cam/Documents/Projects/ultima-iv-web/vlc-thumbs/work/build/vlc-source/extras/package/macosx/../../../po/id.gmo as /Users/cam/Documents/Projects/ultima-iv-web/vlc-thumbs/work/build/vlc-arm64/vlc_install_dir/share/locale/id/LC_MESSAGES/vlc.mo
installing /Users/cam/Documents/Projects/ultima-iv-web/vlc-thumbs/work/build/vlc-source/extras/package/macosx/../../../po/ie.gmo as /Users/cam/Documents/Projects/ultima-iv-web/vlc-thumbs/work/build/vlc-arm64/vlc_install_dir/share/locale/ie/LC_MESSAGES/vlc.mo
installing /Users/cam/Documents/Projects/ultima-iv-web/vlc-thumbs/work/build/vlc-source/extras/package/macosx/../../../po/is.gmo as /Users/cam/Documents/Projects/ultima-iv-web/vlc-thumbs/work/build/vlc-arm64/vlc_install_dir/share/locale/is/LC_MESSAGES/vlc.mo
installing /Users/cam/Documents/Projects/ultima-iv-web/vlc-thumbs/work/build/vlc-source/extras/package/macosx/../../../po/it.gmo as /Users/cam/Documents/Projects/ultima-iv-web/vlc-thumbs/work/build/vlc-arm64/vlc_install_dir/share/locale/it/LC_MESSAGES/vlc.mo
installing /Users/cam/Documents/Projects/ultima-iv-web/vlc-thumbs/work/build/vlc-source/extras/package/macosx/../../../po/ja.gmo as /Users/cam/Documents/Projects/ultima-iv-web/vlc-thumbs/work/build/vlc-arm64/vlc_install_dir/share/locale/ja/LC_MESSAGES/vlc.mo
installing /Users/cam/Documents/Projects/ultima-iv-web/vlc-thumbs/work/build/vlc-source/extras/package/macosx/../../../po/ka.gmo as /Users/cam/Documents/Projects/ultima-iv-web/vlc-thumbs/work/build/vlc-arm64/vlc_install_dir/share/locale/ka/LC_MESSAGES/vlc.mo
installing /Users/cam/Documents/Projects/ultima-iv-web/vlc-thumbs/work/build/vlc-source/extras/package/macosx/../../../po/kab.gmo as /Users/cam/Documents/Projects/ultima-iv-web/vlc-thumbs/work/build/vlc-arm64/vlc_install_dir/share/locale/kab/LC_MESSAGES/vlc.mo
installing /Users/cam/Documents/Projects/ultima-iv-web/vlc-thumbs/work/build/vlc-source/extras/package/macosx/../../../po/kk.gmo as /Users/cam/Documents/Projects/ultima-iv-web/vlc-thumbs/work/build/vlc-arm64/vlc_install_dir/share/locale/kk/LC_MESSAGES/vlc.mo
installing /Users/cam/Documents/Projects/ultima-iv-web/vlc-thumbs/work/build/vlc-source/extras/package/macosx/../../../po/km.gmo as /Users/cam/Documents/Projects/ultima-iv-web/vlc-thumbs/work/build/vlc-arm64/vlc_install_dir/share/locale/km/LC_MESSAGES/vlc.mo
installing /Users/cam/Documents/Projects/ultima-iv-web/vlc-thumbs/work/build/vlc-source/extras/package/macosx/../../../po/kn.gmo as /Users/cam/Documents/Projects/ultima-iv-web/vlc-thumbs/work/build/vlc-arm64/vlc_install_dir/share/locale/kn/LC_MESSAGES/vlc.mo
installing /Users/cam/Documents/Projects/ultima-iv-web/vlc-thumbs/work/build/vlc-source/extras/package/macosx/../../../po/ko.gmo as /Users/cam/Documents/Projects/ultima-iv-web/vlc-thumbs/work/build/vlc-arm64/vlc_install_dir/share/locale/ko/LC_MESSAGES/vlc.mo
installing /Users/cam/Documents/Projects/ultima-iv-web/vlc-thumbs/work/build/vlc-source/extras/package/macosx/../../../po/ks_IN.gmo as /Users/cam/Documents/Projects/ultima-iv-web/vlc-thumbs/work/build/vlc-arm64/vlc_install_dir/share/locale/ks_IN/LC_MESSAGES/vlc.mo
installing /Users/cam/Documents/Projects/ultima-iv-web/vlc-thumbs/work/build/vlc-source/extras/package/macosx/../../../po/ku_IQ.gmo as /Users/cam/Documents/Projects/ultima-iv-web/vlc-thumbs/work/build/vlc-arm64/vlc_install_dir/share/locale/ku_IQ/LC_MESSAGES/vlc.mo
installing /Users/cam/Documents/Projects/ultima-iv-web/vlc-thumbs/work/build/vlc-source/extras/package/macosx/../../../po/ky.gmo as /Users/cam/Documents/Projects/ultima-iv-web/vlc-thumbs/work/build/vlc-arm64/vlc_install_dir/share/locale/ky/LC_MESSAGES/vlc.mo
installing /Users/cam/Documents/Projects/ultima-iv-web/vlc-thumbs/work/build/vlc-source/extras/package/macosx/../../../po/lg.gmo as /Users/cam/Documents/Projects/ultima-iv-web/vlc-thumbs/work/build/vlc-arm64/vlc_install_dir/share/locale/lg/LC_MESSAGES/vlc.mo
installing /Users/cam/Documents/Projects/ultima-iv-web/vlc-thumbs/work/build/vlc-source/extras/package/macosx/../../../po/lo.gmo as /Users/cam/Documents/Projects/ultima-iv-web/vlc-thumbs/work/build/vlc-arm64/vlc_install_dir/share/locale/lo/LC_MESSAGES/vlc.mo
installing /Users/cam/Documents/Projects/ultima-iv-web/vlc-thumbs/work/build/vlc-source/extras/package/macosx/../../../po/lt.gmo as /Users/cam/Documents/Projects/ultima-iv-web/vlc-thumbs/work/build/vlc-arm64/vlc_install_dir/share/locale/lt/LC_MESSAGES/vlc.mo
installing /Users/cam/Documents/Projects/ultima-iv-web/vlc-thumbs/work/build/vlc-source/extras/package/macosx/../../../po/lv.gmo as /Users/cam/Documents/Projects/ultima-iv-web/vlc-thumbs/work/build/vlc-arm64/vlc_install_dir/share/locale/lv/LC_MESSAGES/vlc.mo
installing /Users/cam/Documents/Projects/ultima-iv-web/vlc-thumbs/work/build/vlc-source/extras/package/macosx/../../../po/mai.gmo as /Users/cam/Documents/Projects/ultima-iv-web/vlc-thumbs/work/build/vlc-arm64/vlc_install_dir/share/locale/mai/LC_MESSAGES/vlc.mo
installing /Users/cam/Documents/Projects/ultima-iv-web/vlc-thumbs/work/build/vlc-source/extras/package/macosx/../../../po/mk.gmo as /Users/cam/Documents/Projects/ultima-iv-web/vlc-thumbs/work/build/vlc-arm64/vlc_install_dir/share/locale/mk/LC_MESSAGES/vlc.mo
installing /Users/cam/Documents/Projects/ultima-iv-web/vlc-thumbs/work/build/vlc-source/extras/package/macosx/../../../po/ml.gmo as /Users/cam/Documents/Projects/ultima-iv-web/vlc-thumbs/work/build/vlc-arm64/vlc_install_dir/share/locale/ml/LC_MESSAGES/vlc.mo
installing /Users/cam/Documents/Projects/ultima-iv-web/vlc-thumbs/work/build/vlc-source/extras/package/macosx/../../../po/mn.gmo as /Users/cam/Documents/Projects/ultima-iv-web/vlc-thumbs/work/build/vlc-arm64/vlc_install_dir/share/locale/mn/LC_MESSAGES/vlc.mo
installing /Users/cam/Documents/Projects/ultima-iv-web/vlc-thumbs/work/build/vlc-source/extras/package/macosx/../../../po/mr.gmo as /Users/cam/Documents/Projects/ultima-iv-web/vlc-thumbs/work/build/vlc-arm64/vlc_install_dir/share/locale/mr/LC_MESSAGES/vlc.mo
installing /Users/cam/Documents/Projects/ultima-iv-web/vlc-thumbs/work/build/vlc-source/extras/package/macosx/../../../po/ms.gmo as /Users/cam/Documents/Projects/ultima-iv-web/vlc-thumbs/work/build/vlc-arm64/vlc_install_dir/share/locale/ms/LC_MESSAGES/vlc.mo
installing /Users/cam/Documents/Projects/ultima-iv-web/vlc-thumbs/work/build/vlc-source/extras/package/macosx/../../../po/my.gmo as /Users/cam/Documents/Projects/ultima-iv-web/vlc-thumbs/work/build/vlc-arm64/vlc_install_dir/share/locale/my/LC_MESSAGES/vlc.mo
installing /Users/cam/Documents/Projects/ultima-iv-web/vlc-thumbs/work/build/vlc-source/extras/package/macosx/../../../po/nb.gmo as /Users/cam/Documents/Projects/ultima-iv-web/vlc-thumbs/work/build/vlc-arm64/vlc_install_dir/share/locale/nb/LC_MESSAGES/vlc.mo
installing /Users/cam/Documents/Projects/ultima-iv-web/vlc-thumbs/work/build/vlc-source/extras/package/macosx/../../../po/ne.gmo as /Users/cam/Documents/Projects/ultima-iv-web/vlc-thumbs/work/build/vlc-arm64/vlc_install_dir/share/locale/ne/LC_MESSAGES/vlc.mo
installing /Users/cam/Documents/Projects/ultima-iv-web/vlc-thumbs/work/build/vlc-source/extras/package/macosx/../../../po/nl.gmo as /Users/cam/Documents/Projects/ultima-iv-web/vlc-thumbs/work/build/vlc-arm64/vlc_install_dir/share/locale/nl/LC_MESSAGES/vlc.mo
installing /Users/cam/Documents/Projects/ultima-iv-web/vlc-thumbs/work/build/vlc-source/extras/package/macosx/../../../po/nn.gmo as /Users/cam/Documents/Projects/ultima-iv-web/vlc-thumbs/work/build/vlc-arm64/vlc_install_dir/share/locale/nn/LC_MESSAGES/vlc.mo
installing /Users/cam/Documents/Projects/ultima-iv-web/vlc-thumbs/work/build/vlc-source/extras/package/macosx/../../../po/oc.gmo as /Users/cam/Documents/Projects/ultima-iv-web/vlc-thumbs/work/build/vlc-arm64/vlc_install_dir/share/locale/oc/LC_MESSAGES/vlc.mo
installing /Users/cam/Documents/Projects/ultima-iv-web/vlc-thumbs/work/build/vlc-source/extras/package/macosx/../../../po/or_IN.gmo as /Users/cam/Documents/Projects/ultima-iv-web/vlc-thumbs/work/build/vlc-arm64/vlc_install_dir/share/locale/or_IN/LC_MESSAGES/vlc.mo
installing /Users/cam/Documents/Projects/ultima-iv-web/vlc-thumbs/work/build/vlc-source/extras/package/macosx/../../../po/pa.gmo as /Users/cam/Documents/Projects/ultima-iv-web/vlc-thumbs/work/build/vlc-arm64/vlc_install_dir/share/locale/pa/LC_MESSAGES/vlc.mo
installing /Users/cam/Documents/Projects/ultima-iv-web/vlc-thumbs/work/build/vlc-source/extras/package/macosx/../../../po/pl.gmo as /Users/cam/Documents/Projects/ultima-iv-web/vlc-thumbs/work/build/vlc-arm64/vlc_install_dir/share/locale/pl/LC_MESSAGES/vlc.mo
installing /Users/cam/Documents/Projects/ultima-iv-web/vlc-thumbs/work/build/vlc-source/extras/package/macosx/../../../po/ps.gmo as /Users/cam/Documents/Projects/ultima-iv-web/vlc-thumbs/work/build/vlc-arm64/vlc_install_dir/share/locale/ps/LC_MESSAGES/vlc.mo
installing /Users/cam/Documents/Projects/ultima-iv-web/vlc-thumbs/work/build/vlc-source/extras/package/macosx/../../../po/pt_BR.gmo as /Users/cam/Documents/Projects/ultima-iv-web/vlc-thumbs/work/build/vlc-arm64/vlc_install_dir/share/locale/pt_BR/LC_MESSAGES/vlc.mo
installing /Users/cam/Documents/Projects/ultima-iv-web/vlc-thumbs/work/build/vlc-source/extras/package/macosx/../../../po/pt_PT.gmo as /Users/cam/Documents/Projects/ultima-iv-web/vlc-thumbs/work/build/vlc-arm64/vlc_install_dir/share/locale/pt_PT/LC_MESSAGES/vlc.mo
installing /Users/cam/Documents/Projects/ultima-iv-web/vlc-thumbs/work/build/vlc-source/extras/package/macosx/../../../po/ro.gmo as /Users/cam/Documents/Projects/ultima-iv-web/vlc-thumbs/work/build/vlc-arm64/vlc_install_dir/share/locale/ro/LC_MESSAGES/vlc.mo
installing /Users/cam/Documents/Projects/ultima-iv-web/vlc-thumbs/work/build/vlc-source/extras/package/macosx/../../../po/ru.gmo as /Users/cam/Documents/Projects/ultima-iv-web/vlc-thumbs/work/build/vlc-arm64/vlc_install_dir/share/locale/ru/LC_MESSAGES/vlc.mo
installing /Users/cam/Documents/Projects/ultima-iv-web/vlc-thumbs/work/build/vlc-source/extras/package/macosx/../../../po/si.gmo as /Users/cam/Documents/Projects/ultima-iv-web/vlc-thumbs/work/build/vlc-arm64/vlc_install_dir/share/locale/si/LC_MESSAGES/vlc.mo
installing /Users/cam/Documents/Projects/ultima-iv-web/vlc-thumbs/work/build/vlc-source/extras/package/macosx/../../../po/sk.gmo as /Users/cam/Documents/Projects/ultima-iv-web/vlc-thumbs/work/build/vlc-arm64/vlc_install_dir/share/locale/sk/LC_MESSAGES/vlc.mo
installing /Users/cam/Documents/Projects/ultima-iv-web/vlc-thumbs/work/build/vlc-source/extras/package/macosx/../../../po/sl.gmo as /Users/cam/Documents/Projects/ultima-iv-web/vlc-thumbs/work/build/vlc-arm64/vlc_install_dir/share/locale/sl/LC_MESSAGES/vlc.mo
installing /Users/cam/Documents/Projects/ultima-iv-web/vlc-thumbs/work/build/vlc-source/extras/package/macosx/../../../po/sm.gmo as /Users/cam/Documents/Projects/ultima-iv-web/vlc-thumbs/work/build/vlc-arm64/vlc_install_dir/share/locale/sm/LC_MESSAGES/vlc.mo
installing /Users/cam/Documents/Projects/ultima-iv-web/vlc-thumbs/work/build/vlc-source/extras/package/macosx/../../../po/sq.gmo as /Users/cam/Documents/Projects/ultima-iv-web/vlc-thumbs/work/build/vlc-arm64/vlc_install_dir/share/locale/sq/LC_MESSAGES/vlc.mo
installing /Users/cam/Documents/Projects/ultima-iv-web/vlc-thumbs/work/build/vlc-source/extras/package/macosx/../../../po/sr.gmo as /Users/cam/Documents/Projects/ultima-iv-web/vlc-thumbs/work/build/vlc-arm64/vlc_install_dir/share/locale/sr/LC_MESSAGES/vlc.mo
installing /Users/cam/Documents/Projects/ultima-iv-web/vlc-thumbs/work/build/vlc-source/extras/package/macosx/../../../po/sv.gmo as /Users/cam/Documents/Projects/ultima-iv-web/vlc-thumbs/work/build/vlc-arm64/vlc_install_dir/share/locale/sv/LC_MESSAGES/vlc.mo
installing /Users/cam/Documents/Projects/ultima-iv-web/vlc-thumbs/work/build/vlc-source/extras/package/macosx/../../../po/sw.gmo as /Users/cam/Documents/Projects/ultima-iv-web/vlc-thumbs/work/build/vlc-arm64/vlc_install_dir/share/locale/sw/LC_MESSAGES/vlc.mo
installing /Users/cam/Documents/Projects/ultima-iv-web/vlc-thumbs/work/build/vlc-source/extras/package/macosx/../../../po/ta.gmo as /Users/cam/Documents/Projects/ultima-iv-web/vlc-thumbs/work/build/vlc-arm64/vlc_install_dir/share/locale/ta/LC_MESSAGES/vlc.mo
installing /Users/cam/Documents/Projects/ultima-iv-web/vlc-thumbs/work/build/vlc-source/extras/package/macosx/../../../po/te.gmo as /Users/cam/Documents/Projects/ultima-iv-web/vlc-thumbs/work/build/vlc-arm64/vlc_install_dir/share/locale/te/LC_MESSAGES/vlc.mo
installing /Users/cam/Documents/Projects/ultima-iv-web/vlc-thumbs/work/build/vlc-source/extras/package/macosx/../../../po/th.gmo as /Users/cam/Documents/Projects/ultima-iv-web/vlc-thumbs/work/build/vlc-arm64/vlc_install_dir/share/locale/th/LC_MESSAGES/vlc.mo
installing /Users/cam/Documents/Projects/ultima-iv-web/vlc-thumbs/work/build/vlc-source/extras/package/macosx/../../../po/tr.gmo as /Users/cam/Documents/Projects/ultima-iv-web/vlc-thumbs/work/build/vlc-arm64/vlc_install_dir/share/locale/tr/LC_MESSAGES/vlc.mo
installing /Users/cam/Documents/Projects/ultima-iv-web/vlc-thumbs/work/build/vlc-source/extras/package/macosx/../../../po/tt.gmo as /Users/cam/Documents/Projects/ultima-iv-web/vlc-thumbs/work/build/vlc-arm64/vlc_install_dir/share/locale/tt/LC_MESSAGES/vlc.mo
installing /Users/cam/Documents/Projects/ultima-iv-web/vlc-thumbs/work/build/vlc-source/extras/package/macosx/../../../po/ug.gmo as /Users/cam/Documents/Projects/ultima-iv-web/vlc-thumbs/work/build/vlc-arm64/vlc_install_dir/share/locale/ug/LC_MESSAGES/vlc.mo
installing /Users/cam/Documents/Projects/ultima-iv-web/vlc-thumbs/work/build/vlc-source/extras/package/macosx/../../../po/uk.gmo as /Users/cam/Documents/Projects/ultima-iv-web/vlc-thumbs/work/build/vlc-arm64/vlc_install_dir/share/locale/uk/LC_MESSAGES/vlc.mo
installing /Users/cam/Documents/Projects/ultima-iv-web/vlc-thumbs/work/build/vlc-source/extras/package/macosx/../../../po/uz.gmo as /Users/cam/Documents/Projects/ultima-iv-web/vlc-thumbs/work/build/vlc-arm64/vlc_install_dir/share/locale/uz/LC_MESSAGES/vlc.mo
installing /Users/cam/Documents/Projects/ultima-iv-web/vlc-thumbs/work/build/vlc-source/extras/package/macosx/../../../po/vi.gmo as /Users/cam/Documents/Projects/ultima-iv-web/vlc-thumbs/work/build/vlc-arm64/vlc_install_dir/share/locale/vi/LC_MESSAGES/vlc.mo
installing /Users/cam/Documents/Projects/ultima-iv-web/vlc-thumbs/work/build/vlc-source/extras/package/macosx/../../../po/wa.gmo as /Users/cam/Documents/Projects/ultima-iv-web/vlc-thumbs/work/build/vlc-arm64/vlc_install_dir/share/locale/wa/LC_MESSAGES/vlc.mo
installing /Users/cam/Documents/Projects/ultima-iv-web/vlc-thumbs/work/build/vlc-source/extras/package/macosx/../../../po/zh_CN.gmo as /Users/cam/Documents/Projects/ultima-iv-web/vlc-thumbs/work/build/vlc-arm64/vlc_install_dir/share/locale/zh_CN/LC_MESSAGES/vlc.mo
installing /Users/cam/Documents/Projects/ultima-iv-web/vlc-thumbs/work/build/vlc-source/extras/package/macosx/../../../po/zh_TW.gmo as /Users/cam/Documents/Projects/ultima-iv-web/vlc-thumbs/work/build/vlc-arm64/vlc_install_dir/share/locale/zh_TW/LC_MESSAGES/vlc.mo
installing /Users/cam/Documents/Projects/ultima-iv-web/vlc-thumbs/work/build/vlc-source/extras/package/macosx/../../../po/zu.gmo as /Users/cam/Documents/Projects/ultima-iv-web/vlc-thumbs/work/build/vlc-arm64/vlc_install_dir/share/locale/zu/LC_MESSAGES/vlc.mo
if test "vlc" = "gettext-tools"; then \
	  /usr/local/bin/gmkdir -p /Users/cam/Documents/Projects/ultima-iv-web/vlc-thumbs/work/build/vlc-arm64/vlc_install_dir/share/gettext/po; \
	  for file in Makefile.in.in remove-potcdate.sin quot.sed boldquot.sed en@quot.header en@boldquot.header insert-header.sin Rules-quot   Makevars.template; do \
	    /usr/local/bin/ginstall -c -m 644 /Users/cam/Documents/Projects/ultima-iv-web/vlc-thumbs/work/build/vlc-source/extras/package/macosx/../../../po/$file \
			    /Users/cam/Documents/Projects/ultima-iv-web/vlc-thumbs/work/build/vlc-arm64/vlc_install_dir/share/gettext/po/$file; \
	  done; \
	  for file in Makevars; do \
	    rm -f /Users/cam/Documents/Projects/ultima-iv-web/vlc-thumbs/work/build/vlc-arm64/vlc_install_dir/share/gettext/po/$file; \
	  done; \
	else \
	  : ; \
	fi
Making install in share
make[3]: Nothing to be done for `install-exec-am'.
 /usr/local/bin/gmkdir -p '/Users/cam/Documents/Projects/ultima-iv-web/vlc-thumbs/work/build/vlc-arm64/vlc_install_dir/share/icons/hicolor/128x128/apps'
 /usr/local/bin/ginstall -c -m 644 /Users/cam/Documents/Projects/ultima-iv-web/vlc-thumbs/work/build/vlc-source/extras/package/macosx/../../../share/icons/128x128/vlc.png /Users/cam/Documents/Projects/ultima-iv-web/vlc-thumbs/work/build/vlc-source/extras/package/macosx/../../../share/icons/128x128/vlc-xmas.png /Users/cam/Documents/Projects/ultima-iv-web/vlc-thumbs/work/build/vlc-source/extras/package/macosx/../../../share/icons/128x128/vlc-kb.png '/Users/cam/Documents/Projects/ultima-iv-web/vlc-thumbs/work/build/vlc-arm64/vlc_install_dir/share/icons/hicolor/128x128/apps'
 /usr/local/bin/gmkdir -p '/Users/cam/Documents/Projects/ultima-iv-web/vlc-thumbs/work/build/vlc-arm64/vlc_install_dir/share/icons/hicolor/16x16/apps'
 /usr/local/bin/ginstall -c -m 644 /Users/cam/Documents/Projects/ultima-iv-web/vlc-thumbs/work/build/vlc-source/extras/package/macosx/../../../share/icons/16x16/vlc.png /Users/cam/Documents/Projects/ultima-iv-web/vlc-thumbs/work/build/vlc-source/extras/package/macosx/../../../share/icons/16x16/vlc.xpm '/Users/cam/Documents/Projects/ultima-iv-web/vlc-thumbs/work/build/vlc-arm64/vlc_install_dir/share/icons/hicolor/16x16/apps'
 /usr/local/bin/gmkdir -p '/Users/cam/Documents/Projects/ultima-iv-web/vlc-thumbs/work/build/vlc-arm64/vlc_install_dir/share/icons/hicolor/256x256/apps'
 /usr/local/bin/ginstall -c -m 644 /Users/cam/Documents/Projects/ultima-iv-web/vlc-thumbs/work/build/vlc-source/extras/package/macosx/../../../share/icons/256x256/vlc.png '/Users/cam/Documents/Projects/ultima-iv-web/vlc-thumbs/work/build/vlc-arm64/vlc_install_dir/share/icons/hicolor/256x256/apps'
 /usr/local/bin/gmkdir -p '/Users/cam/Documents/Projects/ultima-iv-web/vlc-thumbs/work/build/vlc-arm64/vlc_install_dir/share/icons/hicolor/32x32/apps'
 /usr/local/bin/ginstall -c -m 644 /Users/cam/Documents/Projects/ultima-iv-web/vlc-thumbs/work/build/vlc-source/extras/package/macosx/../../../share/icons/32x32/vlc.png /Users/cam/Documents/Projects/ultima-iv-web/vlc-thumbs/work/build/vlc-source/extras/package/macosx/../../../share/icons/32x32/vlc.xpm /Users/cam/Documents/Projects/ultima-iv-web/vlc-thumbs/work/build/vlc-source/extras/package/macosx/../../../share/icons/32x32/vlc-xmas.xpm '/Users/cam/Documents/Projects/ultima-iv-web/vlc-thumbs/work/build/vlc-arm64/vlc_install_dir/share/icons/hicolor/32x32/apps'
 /usr/local/bin/gmkdir -p '/Users/cam/Documents/Projects/ultima-iv-web/vlc-thumbs/work/build/vlc-arm64/vlc_install_dir/share/icons/hicolor/48x48/apps'
 /usr/local/bin/ginstall -c -m 644 /Users/cam/Documents/Projects/ultima-iv-web/vlc-thumbs/work/build/vlc-source/extras/package/macosx/../../../share/icons/48x48/vlc.png /Users/cam/Documents/Projects/ultima-iv-web/vlc-thumbs/work/build/vlc-source/extras/package/macosx/../../../share/icons/48x48/vlc-xmas.png '/Users/cam/Documents/Projects/ultima-iv-web/vlc-thumbs/work/build/vlc-arm64/vlc_install_dir/share/icons/hicolor/48x48/apps'
 /usr/local/bin/gmkdir -p '/Users/cam/Documents/Projects/ultima-iv-web/vlc-thumbs/work/build/vlc-arm64/vlc_install_dir/share/vlc'
 /usr/local/bin/ginstall -c -m 644 /Users/cam/Documents/Projects/ultima-iv-web/vlc-thumbs/work/build/vlc-source/extras/package/macosx/../../../share/icons/vlc.ico '/Users/cam/Documents/Projects/ultima-iv-web/vlc-thumbs/work/build/vlc-arm64/vlc_install_dir/share/vlc'
 /usr/local/bin/gmkdir -p '/Users/cam/Documents/Projects/ultima-iv-web/vlc-thumbs/work/build/vlc-arm64/vlc_install_dir/share/vlc'
 /usr/local/bin/gmkdir -p '/Users/cam/Documents/Projects/ultima-iv-web/vlc-thumbs/work/build/vlc-arm64/vlc_install_dir/share/vlc/lua/http/css/ui-lightness/images'
 /usr/local/bin/ginstall -c -m 644  /Users/cam/Documents/Projects/ultima-iv-web/vlc-thumbs/work/build/vlc-source/extras/package/macosx/../../../share/lua/http/css/ui-lightness/images/ui-bg_diagonals-thick_20_666666_40x40.png /Users/cam/Documents/Projects/ultima-iv-web/vlc-thumbs/work/build/vlc-source/extras/package/macosx/../../../share/lua/http/css/ui-lightness/images/ui-bg_flat_10_000000_40x100.png /Users/cam/Documents/Projects/ultima-iv-web/vlc-thumbs/work/build/vlc-source/extras/package/macosx/../../../share/lua/http/css/ui-lightness/images/ui-icons_ffffff_256x240.png /Users/cam/Documents/Projects/ultima-iv-web/vlc-thumbs/work/build/vlc-source/extras/package/macosx/../../../share/lua/http/css/ui-lightness/images/ui-bg_gloss-wave_35_f6a828_500x100.png /Users/cam/Documents/Projects/ultima-iv-web/vlc-thumbs/work/build/vlc-source/extras/package/macosx/../../../share/lua/http/css/ui-lightness/images/ui-bg_glass_65_ffffff_1x400.png /Users/cam/Documents/Projects/ultima-iv-web/vlc-thumbs/work/build/vlc-source/extras/package/macosx/../../../share/lua/http/css/ui-lightness/images/ui-icons_222222_256x240.png /Users/cam/Documents/Projects/ultima-iv-web/vlc-thumbs/work/build/vlc-source/extras/package/macosx/../../../share/lua/http/css/ui-lightness/images/ui-bg_glass_100_f6f6f6_1x400.png /Users/cam/Documents/Projects/ultima-iv-web/vlc-thumbs/work/build/vlc-source/extras/package/macosx/../../../share/lua/http/css/ui-lightness/images/ui-bg_highlight-soft_100_eeeeee_1x100.png /Users/cam/Documents/Projects/ultima-iv-web/vlc-thumbs/work/build/vlc-source/extras/package/macosx/../../../share/lua/http/css/ui-lightness/images/ui-bg_highlight-soft_75_ffe45c_1x100.png /Users/cam/Documents/Projects/ultima-iv-web/vlc-thumbs/work/build/vlc-source/extras/package/macosx/../../../share/lua/http/css/ui-lightness/images/ui-bg_diagonals-thick_18_b81900_40x40.png /Users/cam/Documents/Projects/ultima-iv-web/vlc-thumbs/work/build/vlc-source/extras/package/macosx/../../../share/lua/http/css/ui-lightness/images/ui-icons_ffd27a_256x240.png /Users/cam/Documents/Projects/ultima-iv-web/vlc-thumbs/work/build/vlc-source/extras/package/macosx/../../../share/lua/http/css/ui-lightness/images/ui-icons_228ef1_256x240.png /Users/cam/Documents/Projects/ultima-iv-web/vlc-thumbs/work/build/vlc-source/extras/package/macosx/../../../share/lua/http/css/ui-lightness/images/ui-icons_ef8c08_256x240.png /Users/cam/Documents/Projects/ultima-iv-web/vlc-thumbs/work/build/vlc-source/extras/package/macosx/../../../share/lua/http/css/ui-lightness/images/ui-bg_glass_100_fdf5ce_1x400.png '/Users/cam/Documents/Projects/ultima-iv-web/vlc-thumbs/work/build/vlc-arm64/vlc_install_dir/share/vlc/lua/http/css/ui-lightness/images'
 /usr/local/bin/gmkdir -p '/Users/cam/Documents/Projects/ultima-iv-web/vlc-thumbs/work/build/vlc-arm64/vlc_install_dir/share/vlc/lua/http'
 /usr/local/bin/ginstall -c -m 644  /Users/cam/Documents/Projects/ultima-iv-web/vlc-thumbs/work/build/vlc-source/extras/package/macosx/../../../share/lua/http/view.html /Users/cam/Documents/Projects/ultima-iv-web/vlc-thumbs/work/build/vlc-source/extras/package/macosx/../../../share/lua/http/mobile.html /Users/cam/Documents/Projects/ultima-iv-web/vlc-thumbs/work/build/vlc-source/extras/package/macosx/../../../share/lua/http/custom.lua /Users/cam/Documents/Projects/ultima-iv-web/vlc-thumbs/work/build/vlc-source/extras/package/macosx/../../../share/lua/http/vlm.html /Users/cam/Documents/Projects/ultima-iv-web/vlc-thumbs/work/build/vlc-source/extras/package/macosx/../../../share/lua/http/mobile_equalizer.html /Users/cam/Documents/Projects/ultima-iv-web/vlc-thumbs/work/build/vlc-source/extras/package/macosx/../../../share/lua/http/vlm_export.html /Users/cam/Documents/Projects/ultima-iv-web/vlc-thumbs/work/build/vlc-source/extras/package/macosx/../../../share/lua/http/mobile_browse.html /Users/cam/Documents/Projects/ultima-iv-web/vlc-thumbs/work/build/vlc-source/extras/package/macosx/../../../share/lua/http/favicon.ico /Users/cam/Documents/Projects/ultima-iv-web/vlc-thumbs/work/build/vlc-source/extras/package/macosx/../../../share/lua/http/mobile_view.html /Users/cam/Documents/Projects/ultima-iv-web/vlc-thumbs/work/build/vlc-source/extras/package/macosx/../../../share/lua/http/index.html '/Users/cam/Documents/Projects/ultima-iv-web/vlc-thumbs/work/build/vlc-arm64/vlc_install_dir/share/vlc/lua/http'
 /usr/local/bin/gmkdir -p '/Users/cam/Documents/Projects/ultima-iv-web/vlc-thumbs/work/build/vlc-arm64/vlc_install_dir/share/vlc/lua/http/js'
 /usr/local/bin/ginstall -c -m 644  /Users/cam/Documents/Projects/ultima-iv-web/vlc-thumbs/work/build/vlc-source/extras/package/macosx/../../../share/lua/http/js/ui.js /Users/cam/Documents/Projects/ultima-iv-web/vlc-thumbs/work/build/vlc-source/extras/package/macosx/../../../share/lua/http/js/common.js /Users/cam/Documents/Projects/ultima-iv-web/vlc-thumbs/work/build/vlc-source/extras/package/macosx/../../../share/lua/http/js/jquery.jstree.js /Users/cam/Documents/Projects/ultima-iv-web/vlc-thumbs/work/build/vlc-source/extras/package/macosx/../../../share/lua/http/js/controllers.js '/Users/cam/Documents/Projects/ultima-iv-web/vlc-thumbs/work/build/vlc-arm64/vlc_install_dir/share/vlc/lua/http/js'
 /usr/local/bin/gmkdir -p '/Users/cam/Documents/Projects/ultima-iv-web/vlc-thumbs/work/build/vlc-arm64/vlc_install_dir/share/vlc/lua/http/images'
 /usr/local/bin/ginstall -c -m 644  /Users/cam/Documents/Projects/ultima-iv-web/vlc-thumbs/work/build/vlc-source/extras/package/macosx/../../../share/lua/http/images/buttons.png /Users/cam/Documents/Projects/ultima-iv-web/vlc-thumbs/work/build/vlc-source/extras/package/macosx/../../../share/lua/http/images/speaker-32.png /Users/cam/Documents/Projects/ultima-iv-web/vlc-thumbs/work/build/vlc-source/extras/package/macosx/../../../share/lua/http/images/vlc-48.png /Users/cam/Documents/Projects/ultima-iv-web/vlc-thumbs/work/build/vlc-source/extras/package/macosx/../../../share/lua/http/images/Audio-48.png /Users/cam/Documents/Projects/ultima-iv-web/vlc-thumbs/work/build/vlc-source/extras/package/macosx/../../../share/lua/http/images/Folder-48.png /Users/cam/Documents/Projects/ultima-iv-web/vlc-thumbs/work/build/vlc-source/extras/package/macosx/../../../share/lua/http/images/Other-48.png /Users/cam/Documents/Projects/ultima-iv-web/vlc-thumbs/work/build/vlc-source/extras/package/macosx/../../../share/lua/http/images/Back-48.png /Users/cam/Documents/Projects/ultima-iv-web/vlc-thumbs/work/build/vlc-source/extras/package/macosx/../../../share/lua/http/images/Video-48.png /Users/cam/Documents/Projects/ultima-iv-web/vlc-thumbs/work/build/vlc-source/extras/package/macosx/../../../share/lua/http/images/vlc16x16.png '/Users/cam/Documents/Projects/ultima-iv-web/vlc-thumbs/work/build/vlc-arm64/vlc_install_dir/share/vlc/lua/http/images'
 /usr/local/bin/gmkdir -p '/Users/cam/Documents/Projects/ultima-iv-web/vlc-thumbs/work/build/vlc-arm64/vlc_install_dir/share/vlc/lua/http/css/ui-lightness'
 /usr/local/bin/ginstall -c -m 644  /Users/cam/Documents/Projects/ultima-iv-web/vlc-thumbs/work/build/vlc-source/extras/package/macosx/../../../share/lua/http/css/ui-lightness/jquery-ui-1.8.13.custom.css '/Users/cam/Documents/Projects/ultima-iv-web/vlc-thumbs/work/build/vlc-arm64/vlc_install_dir/share/vlc/lua/http/css/ui-lightness'
 /usr/local/bin/gmkdir -p '/Users/cam/Documents/Projects/ultima-iv-web/vlc-thumbs/work/build/vlc-arm64/vlc_install_dir/share/vlc/lua/http/requests'
 /usr/local/bin/ginstall -c -m 644  /Users/cam/Documents/Projects/ultima-iv-web/vlc-thumbs/work/build/vlc-source/extras/package/macosx/../../../share/lua/http/requests/playlist.xml /Users/cam/Documents/Projects/ultima-iv-web/vlc-thumbs/work/build/vlc-source/extras/package/macosx/../../../share/lua/http/requests/playlist.json /Users/cam/Documents/Projects/ultima-iv-web/vlc-thumbs/work/build/vlc-source/extras/package/macosx/../../../share/lua/http/requests/README.txt /Users/cam/Documents/Projects/ultima-iv-web/vlc-thumbs/work/build/vlc-source/extras/package/macosx/../../../share/lua/http/requests/playlist_jstree.xml /Users/cam/Documents/Projects/ultima-iv-web/vlc-thumbs/work/build/vlc-source/extras/package/macosx/../../../share/lua/http/requests/browse.xml /Users/cam/Documents/Projects/ultima-iv-web/vlc-thumbs/work/build/vlc-source/extras/package/macosx/../../../share/lua/http/requests/browse.json /Users/cam/Documents/Projects/ultima-iv-web/vlc-thumbs/work/build/vlc-source/extras/package/macosx/../../../share/lua/http/requests/vlm_cmd.xml /Users/cam/Documents/Projects/ultima-iv-web/vlc-thumbs/work/build/vlc-source/extras/package/macosx/../../../share/lua/http/requests/status.xml /Users/cam/Documents/Projects/ultima-iv-web/vlc-thumbs/work/build/vlc-source/extras/package/macosx/../../../share/lua/http/requests/status.json /Users/cam/Documents/Projects/ultima-iv-web/vlc-thumbs/work/build/vlc-source/extras/package/macosx/../../../share/lua/http/requests/vlm.xml '/Users/cam/Documents/Projects/ultima-iv-web/vlc-thumbs/work/build/vlc-arm64/vlc_install_dir/share/vlc/lua/http/requests'
 /usr/local/bin/gmkdir -p '/Users/cam/Documents/Projects/ultima-iv-web/vlc-thumbs/work/build/vlc-arm64/vlc_install_dir/share/vlc/lua/http/css'
 /usr/local/bin/ginstall -c -m 644  /Users/cam/Documents/Projects/ultima-iv-web/vlc-thumbs/work/build/vlc-source/extras/package/macosx/../../../share/lua/http/css/main.css /Users/cam/Documents/Projects/ultima-iv-web/vlc-thumbs/work/build/vlc-source/extras/package/macosx/../../../share/lua/http/css/mobile.css '/Users/cam/Documents/Projects/ultima-iv-web/vlc-thumbs/work/build/vlc-arm64/vlc_install_dir/share/vlc/lua/http/css'
 /usr/local/bin/gmkdir -p '/Users/cam/Documents/Projects/ultima-iv-web/vlc-thumbs/work/build/vlc-arm64/vlc_install_dir/share/vlc/lua/http/dialogs'
 /usr/local/bin/ginstall -c -m 644  /Users/cam/Documents/Projects/ultima-iv-web/vlc-thumbs/work/build/vlc-source/extras/package/macosx/../../../share/lua/http/dialogs/create_stream.html /Users/cam/Documents/Projects/ultima-iv-web/vlc-thumbs/work/build/vlc-source/extras/package/macosx/../../../share/lua/http/dialogs/equalizer_window.html /Users/cam/Documents/Projects/ultima-iv-web/vlc-thumbs/work/build/vlc-source/extras/package/macosx/../../../share/lua/http/dialogs/mosaic_window.html /Users/cam/Documents/Projects/ultima-iv-web/vlc-thumbs/work/build/vlc-source/extras/package/macosx/../../../share/lua/http/dialogs/batch_window.html /Users/cam/Documents/Projects/ultima-iv-web/vlc-thumbs/work/build/vlc-source/extras/package/macosx/../../../share/lua/http/dialogs/error_window.html /Users/cam/Documents/Projects/ultima-iv-web/vlc-thumbs/work/build/vlc-source/extras/package/macosx/../../../share/lua/http/dialogs/browse_window.html /Users/cam/Documents/Projects/ultima-iv-web/vlc-thumbs/work/build/vlc-source/extras/package/macosx/../../../share/lua/http/dialogs/stream_window.html /Users/cam/Documents/Projects/ultima-iv-web/vlc-thumbs/work/build/vlc-source/extras/package/macosx/../../../share/lua/http/dialogs/offset_window.html /Users/cam/Documents/Projects/ultima-iv-web/vlc-thumbs/work/build/vlc-source/extras/package/macosx/../../../share/lua/http/dialogs/stream_config_window.html '/Users/cam/Documents/Projects/ultima-iv-web/vlc-thumbs/work/build/vlc-arm64/vlc_install_dir/share/vlc/lua/http/dialogs'
 /usr/local/bin/gmkdir -p '/Users/cam/Documents/Projects/ultima-iv-web/vlc-thumbs/work/build/vlc-arm64/vlc_install_dir/share/vlc'
 /usr/local/bin/gmkdir -p '/Users/cam/Documents/Projects/ultima-iv-web/vlc-thumbs/work/build/vlc-arm64/vlc_install_dir/share/vlc/utils/'
 /usr/local/bin/ginstall -c /Users/cam/Documents/Projects/ultima-iv-web/vlc-thumbs/work/build/vlc-source/extras/package/macosx/../../../share/utils/gnome-vlc-default.sh /Users/cam/Documents/Projects/ultima-iv-web/vlc-thumbs/work/build/vlc-source/extras/package/macosx/../../../share/utils/audio-vlc-default.sh /Users/cam/Documents/Projects/ultima-iv-web/vlc-thumbs/work/build/vlc-source/extras/package/macosx/../../../share/utils/video-vlc-default.sh '/Users/cam/Documents/Projects/ultima-iv-web/vlc-thumbs/work/build/vlc-arm64/vlc_install_dir/share/vlc/utils/'
 /usr/local/bin/gmkdir -p '/Users/cam/Documents/Projects/ultima-iv-web/vlc-thumbs/work/build/vlc-arm64/vlc_install_dir/share/doc/vlc'
 /usr/local/bin/gmkdir -p '/Users/cam/Documents/Projects/ultima-iv-web/vlc-thumbs/work/build/vlc-arm64/vlc_install_dir/share/doc/vlc/lua/meta/reader'
 /usr/local/bin/ginstall -c -m 644  /Users/cam/Documents/Projects/ultima-iv-web/vlc-thumbs/work/build/vlc-source/extras/package/macosx/../../../share/lua/meta/reader/README.txt /Users/cam/Documents/Projects/ultima-iv-web/vlc-thumbs/work/build/vlc-source/extras/package/macosx/../../../share/lua/meta/reader/filename.lua '/Users/cam/Documents/Projects/ultima-iv-web/vlc-thumbs/work/build/vlc-arm64/vlc_install_dir/share/doc/vlc/lua/meta/reader'
 /usr/local/bin/gmkdir -p '/Users/cam/Documents/Projects/ultima-iv-web/vlc-thumbs/work/build/vlc-arm64/vlc_install_dir/share/doc/vlc/lua/extensions'
 /usr/local/bin/ginstall -c -m 644  /Users/cam/Documents/Projects/ultima-iv-web/vlc-thumbs/work/build/vlc-source/extras/package/macosx/../../../share/lua/extensions/README.txt '/Users/cam/Documents/Projects/ultima-iv-web/vlc-thumbs/work/build/vlc-arm64/vlc_install_dir/share/doc/vlc/lua/extensions'
 /usr/local/bin/gmkdir -p '/Users/cam/Documents/Projects/ultima-iv-web/vlc-thumbs/work/build/vlc-arm64/vlc_install_dir/share/doc/vlc/lua'
 /usr/local/bin/ginstall -c -m 644  /Users/cam/Documents/Projects/ultima-iv-web/vlc-thumbs/work/build/vlc-source/extras/package/macosx/../../../share/lua/README.txt '/Users/cam/Documents/Projects/ultima-iv-web/vlc-thumbs/work/build/vlc-arm64/vlc_install_dir/share/doc/vlc/lua'
 /usr/local/bin/gmkdir -p '/Users/cam/Documents/Projects/ultima-iv-web/vlc-thumbs/work/build/vlc-arm64/vlc_install_dir/share/doc/vlc/lua/playlist'
 /usr/local/bin/ginstall -c -m 644  /Users/cam/Documents/Projects/ultima-iv-web/vlc-thumbs/work/build/vlc-source/extras/package/macosx/../../../share/lua/playlist/README.txt /Users/cam/Documents/Projects/ultima-iv-web/vlc-thumbs/work/build/vlc-source/extras/package/macosx/../../../share/lua/playlist/liveleak.lua '/Users/cam/Documents/Projects/ultima-iv-web/vlc-thumbs/work/build/vlc-arm64/vlc_install_dir/share/doc/vlc/lua/playlist'
 /usr/local/bin/gmkdir -p '/Users/cam/Documents/Projects/ultima-iv-web/vlc-thumbs/work/build/vlc-arm64/vlc_install_dir/share/doc/vlc/lua/meta/fetcher'
 /usr/local/bin/ginstall -c -m 644  /Users/cam/Documents/Projects/ultima-iv-web/vlc-thumbs/work/build/vlc-source/extras/package/macosx/../../../share/lua/meta/fetcher/README.txt '/Users/cam/Documents/Projects/ultima-iv-web/vlc-thumbs/work/build/vlc-arm64/vlc_install_dir/share/doc/vlc/lua/meta/fetcher'
 /usr/local/bin/gmkdir -p '/Users/cam/Documents/Projects/ultima-iv-web/vlc-thumbs/work/build/vlc-arm64/vlc_install_dir/share/doc/vlc/lua/sd'
 /usr/local/bin/ginstall -c -m 644  /Users/cam/Documents/Projects/ultima-iv-web/vlc-thumbs/work/build/vlc-source/extras/package/macosx/../../../share/lua/sd/README.txt /Users/cam/Documents/Projects/ultima-iv-web/vlc-thumbs/work/build/vlc-source/extras/package/macosx/../../../share/lua/sd/icecast.lua /Users/cam/Documents/Projects/ultima-iv-web/vlc-thumbs/work/build/vlc-source/extras/package/macosx/../../../share/lua/sd/icast.lua '/Users/cam/Documents/Projects/ultima-iv-web/vlc-thumbs/work/build/vlc-arm64/vlc_install_dir/share/doc/vlc/lua/sd'
 /usr/local/bin/gmkdir -p '/Users/cam/Documents/Projects/ultima-iv-web/vlc-thumbs/work/build/vlc-arm64/vlc_install_dir/share/doc/vlc/lua/meta/art'
 /usr/local/bin/ginstall -c -m 644  /Users/cam/Documents/Projects/ultima-iv-web/vlc-thumbs/work/build/vlc-source/extras/package/macosx/../../../share/lua/meta/art/README.txt /Users/cam/Documents/Projects/ultima-iv-web/vlc-thumbs/work/build/vlc-source/extras/package/macosx/../../../share/lua/meta/art/01_googleimage.lua '/Users/cam/Documents/Projects/ultima-iv-web/vlc-thumbs/work/build/vlc-arm64/vlc_install_dir/share/doc/vlc/lua/meta/art'
 /usr/local/bin/gmkdir -p '/Users/cam/Documents/Projects/ultima-iv-web/vlc-thumbs/work/build/vlc-arm64/vlc_install_dir/share/doc/vlc/lua/intf'
 /usr/local/bin/ginstall -c -m 644  /Users/cam/Documents/Projects/ultima-iv-web/vlc-thumbs/work/build/vlc-source/extras/package/macosx/../../../share/lua/intf/README.txt /Users/cam/Documents/Projects/ultima-iv-web/vlc-thumbs/work/build/vlc-source/extras/package/macosx/../../../share/lua/intf/dumpmeta.lua '/Users/cam/Documents/Projects/ultima-iv-web/vlc-thumbs/work/build/vlc-arm64/vlc_install_dir/share/doc/vlc/lua/intf'
 /usr/local/bin/gmkdir -p '/Users/cam/Documents/Projects/ultima-iv-web/vlc-thumbs/work/build/vlc-arm64/vlc_install_dir/share/doc/vlc/lua/meta'
 /usr/local/bin/ginstall -c -m 644  /Users/cam/Documents/Projects/ultima-iv-web/vlc-thumbs/work/build/vlc-source/extras/package/macosx/../../../share/lua/meta/README.txt '/Users/cam/Documents/Projects/ultima-iv-web/vlc-thumbs/work/build/vlc-arm64/vlc_install_dir/share/doc/vlc/lua/meta'
 /usr/local/bin/gmkdir -p '/Users/cam/Documents/Projects/ultima-iv-web/vlc-thumbs/work/build/vlc-arm64/vlc_install_dir/share/doc/vlc/lua/http/requests'
 /usr/local/bin/ginstall -c -m 644  /Users/cam/Documents/Projects/ultima-iv-web/vlc-thumbs/work/build/vlc-source/extras/package/macosx/../../../share/lua/http/requests/README.txt '/Users/cam/Documents/Projects/ultima-iv-web/vlc-thumbs/work/build/vlc-arm64/vlc_install_dir/share/doc/vlc/lua/http/requests'
 /usr/local/bin/gmkdir -p '/Users/cam/Documents/Projects/ultima-iv-web/vlc-thumbs/work/build/vlc-arm64/vlc_install_dir/lib/vlc'
 /usr/local/bin/gmkdir -p '/Users/cam/Documents/Projects/ultima-iv-web/vlc-thumbs/work/build/vlc-arm64/vlc_install_dir/lib/vlc/lua/meta/reader'
 /usr/local/bin/ginstall -c -m 644  lua/meta/reader/filename.luac '/Users/cam/Documents/Projects/ultima-iv-web/vlc-thumbs/work/build/vlc-arm64/vlc_install_dir/lib/vlc/lua/meta/reader'
 /usr/local/bin/gmkdir -p '/Users/cam/Documents/Projects/ultima-iv-web/vlc-thumbs/work/build/vlc-arm64/vlc_install_dir/lib/vlc/lua/intf/modules'
 /usr/local/bin/ginstall -c -m 644  lua/intf/modules/host.luac lua/intf/modules/httprequests.luac '/Users/cam/Documents/Projects/ultima-iv-web/vlc-thumbs/work/build/vlc-arm64/vlc_install_dir/lib/vlc/lua/intf/modules'
 /usr/local/bin/gmkdir -p '/Users/cam/Documents/Projects/ultima-iv-web/vlc-thumbs/work/build/vlc-arm64/vlc_install_dir/lib/vlc/lua/extensions'
 /usr/local/bin/ginstall -c -m 644  lua/extensions/VLSub.luac '/Users/cam/Documents/Projects/ultima-iv-web/vlc-thumbs/work/build/vlc-arm64/vlc_install_dir/lib/vlc/lua/extensions'
 /usr/local/bin/gmkdir -p '/Users/cam/Documents/Projects/ultima-iv-web/vlc-thumbs/work/build/vlc-arm64/vlc_install_dir/lib/vlc/lua/playlist'
 /usr/local/bin/ginstall -c -m 644  lua/playlist/anevia_streams.luac lua/playlist/anevia_xml.luac lua/playlist/appletrailers.luac lua/playlist/bbc_co_uk.luac lua/playlist/cue.luac lua/playlist/dailymotion.luac lua/playlist/jamendo.luac lua/playlist/koreus.luac lua/playlist/liveleak.luac lua/playlist/newgrounds.luac lua/playlist/rockbox_fm_presets.luac lua/playlist/soundcloud.luac lua/playlist/vimeo.luac lua/playlist/vocaroo.luac lua/playlist/twitch.luac '/Users/cam/Documents/Projects/ultima-iv-web/vlc-thumbs/work/build/vlc-arm64/vlc_install_dir/lib/vlc/lua/playlist'
 /usr/local/bin/gmkdir -p '/Users/cam/Documents/Projects/ultima-iv-web/vlc-thumbs/work/build/vlc-arm64/vlc_install_dir/lib/vlc/lua/sd'
 /usr/local/bin/ginstall -c -m 644  lua/sd/icecast.luac lua/sd/jamendo.luac '/Users/cam/Documents/Projects/ultima-iv-web/vlc-thumbs/work/build/vlc-arm64/vlc_install_dir/lib/vlc/lua/sd'
 /usr/local/bin/gmkdir -p '/Users/cam/Documents/Projects/ultima-iv-web/vlc-thumbs/work/build/vlc-arm64/vlc_install_dir/lib/vlc/lua/meta/art'
 /usr/local/bin/ginstall -c -m 644  lua/meta/art/02_frenchtv.luac lua/meta/art/03_lastfm.luac lua/meta/art/01_googleimage.luac lua/meta/art/00_musicbrainz.luac '/Users/cam/Documents/Projects/ultima-iv-web/vlc-thumbs/work/build/vlc-arm64/vlc_install_dir/lib/vlc/lua/meta/art'
 /usr/local/bin/gmkdir -p '/Users/cam/Documents/Projects/ultima-iv-web/vlc-thumbs/work/build/vlc-arm64/vlc_install_dir/lib/vlc/lua/intf'
 /usr/local/bin/ginstall -c -m 644  lua/intf/cli.luac lua/intf/dummy.luac lua/intf/dumpmeta.luac lua/intf/luac.luac lua/intf/http.luac lua/intf/telnet.luac '/Users/cam/Documents/Projects/ultima-iv-web/vlc-thumbs/work/build/vlc-arm64/vlc_install_dir/lib/vlc/lua/intf'
 /usr/local/bin/gmkdir -p '/Users/cam/Documents/Projects/ultima-iv-web/vlc-thumbs/work/build/vlc-arm64/vlc_install_dir/lib/vlc/lua/modules'
 /usr/local/bin/ginstall -c -m 644  lua/modules/common.luac lua/modules/dkjson.luac lua/modules/sandbox.luac lua/modules/simplexml.luac '/Users/cam/Documents/Projects/ultima-iv-web/vlc-thumbs/work/build/vlc-arm64/vlc_install_dir/lib/vlc/lua/modules'
Making install in src
  GEN      stamp-revision
/Applications/Xcode.app/Contents/Developer/usr/bin/make  install-am
 /usr/local/bin/gmkdir -p '/Users/cam/Documents/Projects/ultima-iv-web/vlc-thumbs/work/build/vlc-arm64/vlc_install_dir/lib'
 ../doltlibtool   --mode=install /usr/local/bin/ginstall -c   libvlccore.la '/Users/cam/Documents/Projects/ultima-iv-web/vlc-thumbs/work/build/vlc-arm64/vlc_install_dir/lib'
libtool: install: /usr/local/bin/ginstall -c .libs/libvlccore.9.dylib /Users/cam/Documents/Projects/ultima-iv-web/vlc-thumbs/work/build/vlc-arm64/vlc_install_dir/lib/libvlccore.9.dylib
libtool: install: (cd /Users/cam/Documents/Projects/ultima-iv-web/vlc-thumbs/work/build/vlc-arm64/vlc_install_dir/lib && { ln -s -f libvlccore.9.dylib libvlccore.dylib || { rm -f libvlccore.dylib && ln -s libvlccore.9.dylib libvlccore.dylib; }; })
libtool: install: /usr/local/bin/ginstall -c .libs/libvlccore.lai /Users/cam/Documents/Projects/ultima-iv-web/vlc-thumbs/work/build/vlc-arm64/vlc_install_dir/lib/libvlccore.la
 /usr/local/bin/gmkdir -p '/Users/cam/Documents/Projects/ultima-iv-web/vlc-thumbs/work/build/vlc-arm64/vlc_install_dir/include/vlc/plugins'
 /usr/local/bin/ginstall -c -m 644 ../include/vlc_about.h '/Users/cam/Documents/Projects/ultima-iv-web/vlc-thumbs/work/build/vlc-arm64/vlc_install_dir/include/vlc/plugins'
 /usr/local/bin/gmkdir -p '/Users/cam/Documents/Projects/ultima-iv-web/vlc-thumbs/work/build/vlc-arm64/vlc_install_dir/lib/pkgconfig'
 /usr/local/bin/ginstall -c -m 644 vlc-plugin.pc '/Users/cam/Documents/Projects/ultima-iv-web/vlc-thumbs/work/build/vlc-arm64/vlc_install_dir/lib/pkgconfig'
 /usr/local/bin/gmkdir -p '/Users/cam/Documents/Projects/ultima-iv-web/vlc-thumbs/work/build/vlc-arm64/vlc_install_dir/include/vlc/plugins'
 /usr/local/bin/ginstall -c -m 644 /Users/cam/Documents/Projects/ultima-iv-web/vlc-thumbs/work/build/vlc-source/extras/package/macosx/../../../src/../include/vlc_access.h /Users/cam/Documents/Projects/ultima-iv-web/vlc-thumbs/work/build/vlc-source/extras/package/macosx/../../../src/../include/vlc_actions.h /Users/cam/Documents/Projects/ultima-iv-web/vlc-thumbs/work/build/vlc-source/extras/package/macosx/../../../src/../include/vlc_addons.h /Users/cam/Documents/Projects/ultima-iv-web/vlc-thumbs/work/build/vlc-source/extras/package/macosx/../../../src/../include/vlc_aout.h /Users/cam/Documents/Projects/ultima-iv-web/vlc-thumbs/work/build/vlc-source/extras/package/macosx/../../../src/../include/vlc_aout_volume.h /Users/cam/Documents/Projects/ultima-iv-web/vlc-thumbs/work/build/vlc-source/extras/package/macosx/../../../src/../include/vlc_arrays.h /Users/cam/Documents/Projects/ultima-iv-web/vlc-thumbs/work/build/vlc-source/extras/package/macosx/../../../src/../include/vlc_atomic.h /Users/cam/Documents/Projects/ultima-iv-web/vlc-thumbs/work/build/vlc-source/extras/package/macosx/../../../src/../include/vlc_avcodec.h /Users/cam/Documents/Projects/ultima-iv-web/vlc-thumbs/work/build/vlc-source/extras/package/macosx/../../../src/../include/vlc_bits.h /Users/cam/Documents/Projects/ultima-iv-web/vlc-thumbs/work/build/vlc-source/extras/package/macosx/../../../src/../include/vlc_block.h /Users/cam/Documents/Projects/ultima-iv-web/vlc-thumbs/work/build/vlc-source/extras/package/macosx/../../../src/../include/vlc_block_helper.h /Users/cam/Documents/Projects/ultima-iv-web/vlc-thumbs/work/build/vlc-source/extras/package/macosx/../../../src/../include/vlc_boxes.h /Users/cam/Documents/Projects/ultima-iv-web/vlc-thumbs/work/build/vlc-source/extras/package/macosx/../../../src/../include/vlc_charset.h /Users/cam/Documents/Projects/ultima-iv-web/vlc-thumbs/work/build/vlc-source/extras/package/macosx/../../../src/../include/vlc_codec.h /Users/cam/Documents/Projects/ultima-iv-web/vlc-thumbs/work/build/vlc-source/extras/package/macosx/../../../src/../include/vlc_common.h /Users/cam/Documents/Projects/ultima-iv-web/vlc-thumbs/work/build/vlc-source/extras/package/macosx/../../../src/../include/vlc_config.h /Users/cam/Documents/Projects/ultima-iv-web/vlc-thumbs/work/build/vlc-source/extras/package/macosx/../../../src/../include/vlc_config_cat.h /Users/cam/Documents/Projects/ultima-iv-web/vlc-thumbs/work/build/vlc-source/extras/package/macosx/../../../src/../include/vlc_configuration.h /Users/cam/Documents/Projects/ultima-iv-web/vlc-thumbs/work/build/vlc-source/extras/package/macosx/../../../src/../include/vlc_cpu.h /Users/cam/Documents/Projects/ultima-iv-web/vlc-thumbs/work/build/vlc-source/extras/package/macosx/../../../src/../include/vlc_dialog.h /Users/cam/Documents/Projects/ultima-iv-web/vlc-thumbs/work/build/vlc-source/extras/package/macosx/../../../src/../include/vlc_demux.h /Users/cam/Documents/Projects/ultima-iv-web/vlc-thumbs/work/build/vlc-source/extras/package/macosx/../../../src/../include/vlc_epg.h /Users/cam/Documents/Projects/ultima-iv-web/vlc-thumbs/work/build/vlc-source/extras/package/macosx/../../../src/../include/vlc_es.h /Users/cam/Documents/Projects/ultima-iv-web/vlc-thumbs/work/build/vlc-source/extras/package/macosx/../../../src/../include/vlc_es_out.h /Users/cam/Documents/Projects/ultima-iv-web/vlc-thumbs/work/build/vlc-source/extras/package/macosx/../../../src/../include/vlc_events.h /Users/cam/Documents/Projects/ultima-iv-web/vlc-thumbs/work/build/vlc-source/extras/package/macosx/../../../src/../include/vlc_filter.h /Users/cam/Documents/Projects/ultima-iv-web/vlc-thumbs/work/build/vlc-source/extras/package/macosx/../../../src/../include/vlc_fourcc.h /Users/cam/Documents/Projects/ultima-iv-web/vlc-thumbs/work/build/vlc-source/extras/package/macosx/../../../src/../include/vlc_fs.h /Users/cam/Documents/Projects/ultima-iv-web/vlc-thumbs/work/build/vlc-source/extras/package/macosx/../../../src/../include/vlc_gcrypt.h /Users/cam/Documents/Projects/ultima-iv-web/vlc-thumbs/work/build/vlc-source/extras/package/macosx/../../../src/../include/vlc_opengl.h /Users/cam/Documents/Projects/ultima-iv-web/vlc-thumbs/work/build/vlc-source/extras/package/macosx/../../../src/../include/vlc_http.h /Users/cam/Documents/Projects/ultima-iv-web/vlc-thumbs/work/build/vlc-source/extras/package/macosx/../../../src/../include/vlc_httpd.h /Users/cam/Documents/Projects/ultima-iv-web/vlc-thumbs/work/build/vlc-source/extras/package/macosx/../../../src/../include/vlc_image.h /Users/cam/Documents/Projects/ultima-iv-web/vlc-thumbs/work/build/vlc-source/extras/package/macosx/../../../src/../include/vlc_inhibit.h /Users/cam/Documents/Projects/ultima-iv-web/vlc-thumbs/work/build/vlc-source/extras/package/macosx/../../../src/../include/vlc_input.h /Users/cam/Documents/Projects/ultima-iv-web/vlc-thumbs/work/build/vlc-source/extras/package/macosx/../../../src/../include/vlc_input_item.h /Users/cam/Documents/Projects/ultima-iv-web/vlc-thumbs/work/build/vlc-source/extras/package/macosx/../../../src/../include/vlc_interface.h /Users/cam/Documents/Projects/ultima-iv-web/vlc-thumbs/work/build/vlc-source/extras/package/macosx/../../../src/../include/vlc_keystore.h /Users/cam/Documents/Projects/ultima-iv-web/vlc-thumbs/work/build/vlc-source/extras/package/macosx/../../../src/../include/vlc_main.h /Users/cam/Documents/Projects/ultima-iv-web/vlc-thumbs/work/build/vlc-source/extras/package/macosx/../../../src/../include/vlc_md5.h '/Users/cam/Documents/Projects/ultima-iv-web/vlc-thumbs/work/build/vlc-arm64/vlc_install_dir/include/vlc/plugins'
 /usr/local/bin/ginstall -c -m 644 /Users/cam/Documents/Projects/ultima-iv-web/vlc-thumbs/work/build/vlc-source/extras/package/macosx/../../../src/../include/vlc_messages.h /Users/cam/Documents/Projects/ultima-iv-web/vlc-thumbs/work/build/vlc-source/extras/package/macosx/../../../src/../include/vlc_meta.h /Users/cam/Documents/Projects/ultima-iv-web/vlc-thumbs/work/build/vlc-source/extras/package/macosx/../../../src/../include/vlc_meta_fetcher.h /Users/cam/Documents/Projects/ultima-iv-web/vlc-thumbs/work/build/vlc-source/extras/package/macosx/../../../src/../include/vlc_media_library.h /Users/cam/Documents/Projects/ultima-iv-web/vlc-thumbs/work/build/vlc-source/extras/package/macosx/../../../src/../include/vlc_memstream.h /Users/cam/Documents/Projects/ultima-iv-web/vlc-thumbs/work/build/vlc-source/extras/package/macosx/../../../src/../include/vlc_mime.h /Users/cam/Documents/Projects/ultima-iv-web/vlc-thumbs/work/build/vlc-source/extras/package/macosx/../../../src/../include/vlc_modules.h /Users/cam/Documents/Projects/ultima-iv-web/vlc-thumbs/work/build/vlc-source/extras/package/macosx/../../../src/../include/vlc_mouse.h /Users/cam/Documents/Projects/ultima-iv-web/vlc-thumbs/work/build/vlc-source/extras/package/macosx/../../../src/../include/vlc_mtime.h /Users/cam/Documents/Projects/ultima-iv-web/vlc-thumbs/work/build/vlc-source/extras/package/macosx/../../../src/../include/vlc_network.h /Users/cam/Documents/Projects/ultima-iv-web/vlc-thumbs/work/build/vlc-source/extras/package/macosx/../../../src/../include/vlc_objects.h /Users/cam/Documents/Projects/ultima-iv-web/vlc-thumbs/work/build/vlc-source/extras/package/macosx/../../../src/../include/vlc_picture.h /Users/cam/Documents/Projects/ultima-iv-web/vlc-thumbs/work/build/vlc-source/extras/package/macosx/../../../src/../include/vlc_picture_fifo.h /Users/cam/Documents/Projects/ultima-iv-web/vlc-thumbs/work/build/vlc-source/extras/package/macosx/../../../src/../include/vlc_picture_pool.h /Users/cam/Documents/Projects/ultima-iv-web/vlc-thumbs/work/build/vlc-source/extras/package/macosx/../../../src/../include/vlc_playlist.h /Users/cam/Documents/Projects/ultima-iv-web/vlc-thumbs/work/build/vlc-source/extras/package/macosx/../../../src/../include/vlc_plugin.h /Users/cam/Documents/Projects/ultima-iv-web/vlc-thumbs/work/build/vlc-source/extras/package/macosx/../../../src/../include/vlc_probe.h /Users/cam/Documents/Projects/ultima-iv-web/vlc-thumbs/work/build/vlc-source/extras/package/macosx/../../../src/../include/vlc_rand.h /Users/cam/Documents/Projects/ultima-iv-web/vlc-thumbs/work/build/vlc-source/extras/package/macosx/../../../src/../include/vlc_services_discovery.h /Users/cam/Documents/Projects/ultima-iv-web/vlc-thumbs/work/build/vlc-source/extras/package/macosx/../../../src/../include/vlc_fingerprinter.h /Users/cam/Documents/Projects/ultima-iv-web/vlc-thumbs/work/build/vlc-source/extras/package/macosx/../../../src/../include/vlc_interrupt.h /Users/cam/Documents/Projects/ultima-iv-web/vlc-thumbs/work/build/vlc-source/extras/package/macosx/../../../src/../include/vlc_renderer_discovery.h /Users/cam/Documents/Projects/ultima-iv-web/vlc-thumbs/work/build/vlc-source/extras/package/macosx/../../../src/../include/vlc_sout.h /Users/cam/Documents/Projects/ultima-iv-web/vlc-thumbs/work/build/vlc-source/extras/package/macosx/../../../src/../include/vlc_spu.h /Users/cam/Documents/Projects/ultima-iv-web/vlc-thumbs/work/build/vlc-source/extras/package/macosx/../../../src/../include/vlc_stream.h /Users/cam/Documents/Projects/ultima-iv-web/vlc-thumbs/work/build/vlc-source/extras/package/macosx/../../../src/../include/vlc_stream_extractor.h /Users/cam/Documents/Projects/ultima-iv-web/vlc-thumbs/work/build/vlc-source/extras/package/macosx/../../../src/../include/vlc_strings.h /Users/cam/Documents/Projects/ultima-iv-web/vlc-thumbs/work/build/vlc-source/extras/package/macosx/../../../src/../include/vlc_subpicture.h /Users/cam/Documents/Projects/ultima-iv-web/vlc-thumbs/work/build/vlc-source/extras/package/macosx/../../../src/../include/vlc_text_style.h /Users/cam/Documents/Projects/ultima-iv-web/vlc-thumbs/work/build/vlc-source/extras/package/macosx/../../../src/../include/vlc_threads.h /Users/cam/Documents/Projects/ultima-iv-web/vlc-thumbs/work/build/vlc-source/extras/package/macosx/../../../src/../include/vlc_timestamp_helper.h /Users/cam/Documents/Projects/ultima-iv-web/vlc-thumbs/work/build/vlc-source/extras/package/macosx/../../../src/../include/vlc_tls.h /Users/cam/Documents/Projects/ultima-iv-web/vlc-thumbs/work/build/vlc-source/extras/package/macosx/../../../src/../include/vlc_url.h /Users/cam/Documents/Projects/ultima-iv-web/vlc-thumbs/work/build/vlc-source/extras/package/macosx/../../../src/../include/vlc_variables.h /Users/cam/Documents/Projects/ultima-iv-web/vlc-thumbs/work/build/vlc-source/extras/package/macosx/../../../src/../include/vlc_viewpoint.h /Users/cam/Documents/Projects/ultima-iv-web/vlc-thumbs/work/build/vlc-source/extras/package/macosx/../../../src/../include/vlc_vlm.h /Users/cam/Documents/Projects/ultima-iv-web/vlc-thumbs/work/build/vlc-source/extras/package/macosx/../../../src/../include/vlc_video_splitter.h /Users/cam/Documents/Projects/ultima-iv-web/vlc-thumbs/work/build/vlc-source/extras/package/macosx/../../../src/../include/vlc_vout.h /Users/cam/Documents/Projects/ultima-iv-web/vlc-thumbs/work/build/vlc-source/extras/package/macosx/../../../src/../include/vlc_vout_display.h /Users/cam/Documents/Projects/ultima-iv-web/vlc-thumbs/work/build/vlc-source/extras/package/macosx/../../../src/../include/vlc_vout_osd.h '/Users/cam/Documents/Projects/ultima-iv-web/vlc-thumbs/work/build/vlc-arm64/vlc_install_dir/include/vlc/plugins'
 /usr/local/bin/ginstall -c -m 644 /Users/cam/Documents/Projects/ultima-iv-web/vlc-thumbs/work/build/vlc-source/extras/package/macosx/../../../src/../include/vlc_vout_window.h /Users/cam/Documents/Projects/ultima-iv-web/vlc-thumbs/work/build/vlc-source/extras/package/macosx/../../../src/../include/vlc_xml.h /Users/cam/Documents/Projects/ultima-iv-web/vlc-thumbs/work/build/vlc-source/extras/package/macosx/../../../src/../include/vlc_xlib.h '/Users/cam/Documents/Projects/ultima-iv-web/vlc-thumbs/work/build/vlc-arm64/vlc_install_dir/include/vlc/plugins'
Making install in modules
/Applications/Xcode.app/Contents/Developer/usr/bin/make  install-recursive
Making install in .
 /usr/local/bin/gmkdir -p '/Users/cam/Documents/Projects/ultima-iv-web/vlc-thumbs/work/build/vlc-arm64/vlc_install_dir/lib/vlc/plugins/access'
 ../doltlibtool   --mode=install /usr/local/bin/ginstall -c   libattachment_plugin.la libdcp_plugin.la libfilesystem_plugin.la libidummy_plugin.la libimem_plugin.la libaccess_imem_plugin.la libsdp_plugin.la libtimecode_plugin.la libvdr_plugin.la libavaudiocapture_plugin.la libavcapture_plugin.la libshm_plugin.la libscreen_plugin.la libcdda_plugin.la libvcd_plugin.la libdvdnav_plugin.la libdvdread_plugin.la liblibbluray_plugin.la libftp_plugin.la libhttp_plugin.la liblive555_plugin.la libaccess_mms_plugin.la libtcp_plugin.la libudp_plugin.la libsftp_plugin.la libnfs_plugin.la libsatip_plugin.la libaccess_concat_plugin.la libaccess_srt_plugin.la librist_plugin.la libhttps_plugin.la librtp_plugin.la '/Users/cam/Documents/Projects/ultima-iv-web/vlc-thumbs/work/build/vlc-arm64/vlc_install_dir/lib/vlc/plugins/access'
libtool: install: /usr/local/bin/ginstall -c .libs/libattachment_plugin.dylib /Users/cam/Documents/Projects/ultima-iv-web/vlc-thumbs/work/build/vlc-arm64/vlc_install_dir/lib/vlc/plugins/access/libattachment_plugin.dylib
libtool: install: /usr/local/bin/ginstall -c .libs/libattachment_plugin.lai /Users/cam/Documents/Projects/ultima-iv-web/vlc-thumbs/work/build/vlc-arm64/vlc_install_dir/lib/vlc/plugins/access/libattachment_plugin.la
libtool: install: /usr/local/bin/ginstall -c .libs/libdcp_plugin.dylib /Users/cam/Documents/Projects/ultima-iv-web/vlc-thumbs/work/build/vlc-arm64/vlc_install_dir/lib/vlc/plugins/access/libdcp_plugin.dylib
libtool: install: /usr/local/bin/ginstall -c .libs/libdcp_plugin.lai /Users/cam/Documents/Projects/ultima-iv-web/vlc-thumbs/work/build/vlc-arm64/vlc_install_dir/lib/vlc/plugins/access/libdcp_plugin.la
libtool: install: /usr/local/bin/ginstall -c .libs/libfilesystem_plugin.dylib /Users/cam/Documents/Projects/ultima-iv-web/vlc-thumbs/work/build/vlc-arm64/vlc_install_dir/lib/vlc/plugins/access/libfilesystem_plugin.dylib
libtool: install: /usr/local/bin/ginstall -c .libs/libfilesystem_plugin.lai /Users/cam/Documents/Projects/ultima-iv-web/vlc-thumbs/work/build/vlc-arm64/vlc_install_dir/lib/vlc/plugins/access/libfilesystem_plugin.la
libtool: install: /usr/local/bin/ginstall -c .libs/libidummy_plugin.dylib /Users/cam/Documents/Projects/ultima-iv-web/vlc-thumbs/work/build/vlc-arm64/vlc_install_dir/lib/vlc/plugins/access/libidummy_plugin.dylib
libtool: install: /usr/local/bin/ginstall -c .libs/libidummy_plugin.lai /Users/cam/Documents/Projects/ultima-iv-web/vlc-thumbs/work/build/vlc-arm64/vlc_install_dir/lib/vlc/plugins/access/libidummy_plugin.la
libtool: install: /usr/local/bin/ginstall -c .libs/libimem_plugin.dylib /Users/cam/Documents/Projects/ultima-iv-web/vlc-thumbs/work/build/vlc-arm64/vlc_install_dir/lib/vlc/plugins/access/libimem_plugin.dylib
libtool: install: /usr/local/bin/ginstall -c .libs/libimem_plugin.lai /Users/cam/Documents/Projects/ultima-iv-web/vlc-thumbs/work/build/vlc-arm64/vlc_install_dir/lib/vlc/plugins/access/libimem_plugin.la
libtool: install: /usr/local/bin/ginstall -c .libs/libaccess_imem_plugin.dylib /Users/cam/Documents/Projects/ultima-iv-web/vlc-thumbs/work/build/vlc-arm64/vlc_install_dir/lib/vlc/plugins/access/libaccess_imem_plugin.dylib
libtool: install: /usr/local/bin/ginstall -c .libs/libaccess_imem_plugin.lai /Users/cam/Documents/Projects/ultima-iv-web/vlc-thumbs/work/build/vlc-arm64/vlc_install_dir/lib/vlc/plugins/access/libaccess_imem_plugin.la
libtool: install: /usr/local/bin/ginstall -c .libs/libsdp_plugin.dylib /Users/cam/Documents/Projects/ultima-iv-web/vlc-thumbs/work/build/vlc-arm64/vlc_install_dir/lib/vlc/plugins/access/libsdp_plugin.dylib
libtool: install: /usr/local/bin/ginstall -c .libs/libsdp_plugin.lai /Users/cam/Documents/Projects/ultima-iv-web/vlc-thumbs/work/build/vlc-arm64/vlc_install_dir/lib/vlc/plugins/access/libsdp_plugin.la
libtool: install: /usr/local/bin/ginstall -c .libs/libtimecode_plugin.dylib /Users/cam/Documents/Projects/ultima-iv-web/vlc-thumbs/work/build/vlc-arm64/vlc_install_dir/lib/vlc/plugins/access/libtimecode_plugin.dylib
libtool: install: /usr/local/bin/ginstall -c .libs/libtimecode_plugin.lai /Users/cam/Documents/Projects/ultima-iv-web/vlc-thumbs/work/build/vlc-arm64/vlc_install_dir/lib/vlc/plugins/access/libtimecode_plugin.la
libtool: install: /usr/local/bin/ginstall -c .libs/libvdr_plugin.dylib /Users/cam/Documents/Projects/ultima-iv-web/vlc-thumbs/work/build/vlc-arm64/vlc_install_dir/lib/vlc/plugins/access/libvdr_plugin.dylib
libtool: install: /usr/local/bin/ginstall -c .libs/libvdr_plugin.lai /Users/cam/Documents/Projects/ultima-iv-web/vlc-thumbs/work/build/vlc-arm64/vlc_install_dir/lib/vlc/plugins/access/libvdr_plugin.la
libtool: install: /usr/local/bin/ginstall -c .libs/libavaudiocapture_plugin.dylib /Users/cam/Documents/Projects/ultima-iv-web/vlc-thumbs/work/build/vlc-arm64/vlc_install_dir/lib/vlc/plugins/access/libavaudiocapture_plugin.dylib
libtool: install: /usr/local/bin/ginstall -c .libs/libavaudiocapture_plugin.lai /Users/cam/Documents/Projects/ultima-iv-web/vlc-thumbs/work/build/vlc-arm64/vlc_install_dir/lib/vlc/plugins/access/libavaudiocapture_plugin.la
libtool: install: /usr/local/bin/ginstall -c .libs/libavcapture_plugin.dylib /Users/cam/Documents/Projects/ultima-iv-web/vlc-thumbs/work/build/vlc-arm64/vlc_install_dir/lib/vlc/plugins/access/libavcapture_plugin.dylib
libtool: install: /usr/local/bin/ginstall -c .libs/libavcapture_plugin.lai /Users/cam/Documents/Projects/ultima-iv-web/vlc-thumbs/work/build/vlc-arm64/vlc_install_dir/lib/vlc/plugins/access/libavcapture_plugin.la
libtool: install: /usr/local/bin/ginstall -c .libs/libshm_plugin.dylib /Users/cam/Documents/Projects/ultima-iv-web/vlc-thumbs/work/build/vlc-arm64/vlc_install_dir/lib/vlc/plugins/access/libshm_plugin.dylib
libtool: install: /usr/local/bin/ginstall -c .libs/libshm_plugin.lai /Users/cam/Documents/Projects/ultima-iv-web/vlc-thumbs/work/build/vlc-arm64/vlc_install_dir/lib/vlc/plugins/access/libshm_plugin.la
libtool: install: /usr/local/bin/ginstall -c .libs/libscreen_plugin.dylib /Users/cam/Documents/Projects/ultima-iv-web/vlc-thumbs/work/build/vlc-arm64/vlc_install_dir/lib/vlc/plugins/access/libscreen_plugin.dylib
libtool: install: /usr/local/bin/ginstall -c .libs/libscreen_plugin.lai /Users/cam/Documents/Projects/ultima-iv-web/vlc-thumbs/work/build/vlc-arm64/vlc_install_dir/lib/vlc/plugins/access/libscreen_plugin.la
libtool: install: /usr/local/bin/ginstall -c .libs/libcdda_plugin.dylib /Users/cam/Documents/Projects/ultima-iv-web/vlc-thumbs/work/build/vlc-arm64/vlc_install_dir/lib/vlc/plugins/access/libcdda_plugin.dylib
libtool: install: /usr/local/bin/ginstall -c .libs/libcdda_plugin.lai /Users/cam/Documents/Projects/ultima-iv-web/vlc-thumbs/work/build/vlc-arm64/vlc_install_dir/lib/vlc/plugins/access/libcdda_plugin.la
libtool: install: /usr/local/bin/ginstall -c .libs/libvcd_plugin.dylib /Users/cam/Documents/Projects/ultima-iv-web/vlc-thumbs/work/build/vlc-arm64/vlc_install_dir/lib/vlc/plugins/access/libvcd_plugin.dylib
libtool: install: /usr/local/bin/ginstall -c .libs/libvcd_plugin.lai /Users/cam/Documents/Projects/ultima-iv-web/vlc-thumbs/work/build/vlc-arm64/vlc_install_dir/lib/vlc/plugins/access/libvcd_plugin.la
libtool: install: /usr/local/bin/ginstall -c .libs/libdvdnav_plugin.dylib /Users/cam/Documents/Projects/ultima-iv-web/vlc-thumbs/work/build/vlc-arm64/vlc_install_dir/lib/vlc/plugins/access/libdvdnav_plugin.dylib
libtool: install: /usr/local/bin/ginstall -c .libs/libdvdnav_plugin.lai /Users/cam/Documents/Projects/ultima-iv-web/vlc-thumbs/work/build/vlc-arm64/vlc_install_dir/lib/vlc/plugins/access/libdvdnav_plugin.la
libtool: install: /usr/local/bin/ginstall -c .libs/libdvdread_plugin.dylib /Users/cam/Documents/Projects/ultima-iv-web/vlc-thumbs/work/build/vlc-arm64/vlc_install_dir/lib/vlc/plugins/access/libdvdread_plugin.dylib
libtool: install: /usr/local/bin/ginstall -c .libs/libdvdread_plugin.lai /Users/cam/Documents/Projects/ultima-iv-web/vlc-thumbs/work/build/vlc-arm64/vlc_install_dir/lib/vlc/plugins/access/libdvdread_plugin.la
libtool: install: /usr/local/bin/ginstall -c .libs/liblibbluray_plugin.dylib /Users/cam/Documents/Projects/ultima-iv-web/vlc-thumbs/work/build/vlc-arm64/vlc_install_dir/lib/vlc/plugins/access/liblibbluray_plugin.dylib
libtool: install: /usr/local/bin/ginstall -c .libs/liblibbluray_plugin.lai /Users/cam/Documents/Projects/ultima-iv-web/vlc-thumbs/work/build/vlc-arm64/vlc_install_dir/lib/vlc/plugins/access/liblibbluray_plugin.la
libtool: install: /usr/local/bin/ginstall -c .libs/libftp_plugin.dylib /Users/cam/Documents/Projects/ultima-iv-web/vlc-thumbs/work/build/vlc-arm64/vlc_install_dir/lib/vlc/plugins/access/libftp_plugin.dylib
libtool: install: /usr/local/bin/ginstall -c .libs/libftp_plugin.lai /Users/cam/Documents/Projects/ultima-iv-web/vlc-thumbs/work/build/vlc-arm64/vlc_install_dir/lib/vlc/plugins/access/libftp_plugin.la
libtool: install: /usr/local/bin/ginstall -c .libs/libhttp_plugin.dylib /Users/cam/Documents/Projects/ultima-iv-web/vlc-thumbs/work/build/vlc-arm64/vlc_install_dir/lib/vlc/plugins/access/libhttp_plugin.dylib
libtool: install: /usr/local/bin/ginstall -c .libs/libhttp_plugin.lai /Users/cam/Documents/Projects/ultima-iv-web/vlc-thumbs/work/build/vlc-arm64/vlc_install_dir/lib/vlc/plugins/access/libhttp_plugin.la
libtool: install: /usr/local/bin/ginstall -c .libs/liblive555_plugin.dylib /Users/cam/Documents/Projects/ultima-iv-web/vlc-thumbs/work/build/vlc-arm64/vlc_install_dir/lib/vlc/plugins/access/liblive555_plugin.dylib
libtool: install: /usr/local/bin/ginstall -c .libs/liblive555_plugin.lai /Users/cam/Documents/Projects/ultima-iv-web/vlc-thumbs/work/build/vlc-arm64/vlc_install_dir/lib/vlc/plugins/access/liblive555_plugin.la
libtool: install: /usr/local/bin/ginstall -c .libs/libaccess_mms_plugin.dylib /Users/cam/Documents/Projects/ultima-iv-web/vlc-thumbs/work/build/vlc-arm64/vlc_install_dir/lib/vlc/plugins/access/libaccess_mms_plugin.dylib
libtool: install: /usr/local/bin/ginstall -c .libs/libaccess_mms_plugin.lai /Users/cam/Documents/Projects/ultima-iv-web/vlc-thumbs/work/build/vlc-arm64/vlc_install_dir/lib/vlc/plugins/access/libaccess_mms_plugin.la
libtool: install: /usr/local/bin/ginstall -c .libs/libtcp_plugin.dylib /Users/cam/Documents/Projects/ultima-iv-web/vlc-thumbs/work/build/vlc-arm64/vlc_install_dir/lib/vlc/plugins/access/libtcp_plugin.dylib
libtool: install: /usr/local/bin/ginstall -c .libs/libtcp_plugin.lai /Users/cam/Documents/Projects/ultima-iv-web/vlc-thumbs/work/build/vlc-arm64/vlc_install_dir/lib/vlc/plugins/access/libtcp_plugin.la
libtool: install: /usr/local/bin/ginstall -c .libs/libudp_plugin.dylib /Users/cam/Documents/Projects/ultima-iv-web/vlc-thumbs/work/build/vlc-arm64/vlc_install_dir/lib/vlc/plugins/access/libudp_plugin.dylib
libtool: install: /usr/local/bin/ginstall -c .libs/libudp_plugin.lai /Users/cam/Documents/Projects/ultima-iv-web/vlc-thumbs/work/build/vlc-arm64/vlc_install_dir/lib/vlc/plugins/access/libudp_plugin.la
libtool: install: /usr/local/bin/ginstall -c .libs/libsftp_plugin.dylib /Users/cam/Documents/Projects/ultima-iv-web/vlc-thumbs/work/build/vlc-arm64/vlc_install_dir/lib/vlc/plugins/access/libsftp_plugin.dylib
libtool: install: /usr/local/bin/ginstall -c .libs/libsftp_plugin.lai /Users/cam/Documents/Projects/ultima-iv-web/vlc-thumbs/work/build/vlc-arm64/vlc_install_dir/lib/vlc/plugins/access/libsftp_plugin.la
libtool: install: /usr/local/bin/ginstall -c .libs/libnfs_plugin.dylib /Users/cam/Documents/Projects/ultima-iv-web/vlc-thumbs/work/build/vlc-arm64/vlc_install_dir/lib/vlc/plugins/access/libnfs_plugin.dylib
libtool: install: /usr/local/bin/ginstall -c .libs/libnfs_plugin.lai /Users/cam/Documents/Projects/ultima-iv-web/vlc-thumbs/work/build/vlc-arm64/vlc_install_dir/lib/vlc/plugins/access/libnfs_plugin.la
libtool: install: /usr/local/bin/ginstall -c .libs/libsatip_plugin.dylib /Users/cam/Documents/Projects/ultima-iv-web/vlc-thumbs/work/build/vlc-arm64/vlc_install_dir/lib/vlc/plugins/access/libsatip_plugin.dylib
libtool: install: /usr/local/bin/ginstall -c .libs/libsatip_plugin.lai /Users/cam/Documents/Projects/ultima-iv-web/vlc-thumbs/work/build/vlc-arm64/vlc_install_dir/lib/vlc/plugins/access/libsatip_plugin.la
libtool: install: /usr/local/bin/ginstall -c .libs/libaccess_concat_plugin.dylib /Users/cam/Documents/Projects/ultima-iv-web/vlc-thumbs/work/build/vlc-arm64/vlc_install_dir/lib/vlc/plugins/access/libaccess_concat_plugin.dylib
libtool: install: /usr/local/bin/ginstall -c .libs/libaccess_concat_plugin.lai /Users/cam/Documents/Projects/ultima-iv-web/vlc-thumbs/work/build/vlc-arm64/vlc_install_dir/lib/vlc/plugins/access/libaccess_concat_plugin.la
libtool: install: /usr/local/bin/ginstall -c .libs/libaccess_srt_plugin.dylib /Users/cam/Documents/Projects/ultima-iv-web/vlc-thumbs/work/build/vlc-arm64/vlc_install_dir/lib/vlc/plugins/access/libaccess_srt_plugin.dylib
libtool: install: /usr/local/bin/ginstall -c .libs/libaccess_srt_plugin.lai /Users/cam/Documents/Projects/ultima-iv-web/vlc-thumbs/work/build/vlc-arm64/vlc_install_dir/lib/vlc/plugins/access/libaccess_srt_plugin.la
libtool: install: /usr/local/bin/ginstall -c .libs/librist_plugin.dylib /Users/cam/Documents/Projects/ultima-iv-web/vlc-thumbs/work/build/vlc-arm64/vlc_install_dir/lib/vlc/plugins/access/librist_plugin.dylib
libtool: install: /usr/local/bin/ginstall -c .libs/librist_plugin.lai /Users/cam/Documents/Projects/ultima-iv-web/vlc-thumbs/work/build/vlc-arm64/vlc_install_dir/lib/vlc/plugins/access/librist_plugin.la
libtool: install: /usr/local/bin/ginstall -c .libs/libhttps_plugin.dylib /Users/cam/Documents/Projects/ultima-iv-web/vlc-thumbs/work/build/vlc-arm64/vlc_install_dir/lib/vlc/plugins/access/libhttps_plugin.dylib
libtool: install: /usr/local/bin/ginstall -c .libs/libhttps_plugin.lai /Users/cam/Documents/Projects/ultima-iv-web/vlc-thumbs/work/build/vlc-arm64/vlc_install_dir/lib/vlc/plugins/access/libhttps_plugin.la
libtool: install: /usr/local/bin/ginstall -c .libs/librtp_plugin.dylib /Users/cam/Documents/Projects/ultima-iv-web/vlc-thumbs/work/build/vlc-arm64/vlc_install_dir/lib/vlc/plugins/access/librtp_plugin.dylib
libtool: install: /usr/local/bin/ginstall -c .libs/librtp_plugin.lai /Users/cam/Documents/Projects/ultima-iv-web/vlc-thumbs/work/build/vlc-arm64/vlc_install_dir/lib/vlc/plugins/access/librtp_plugin.la
 /usr/local/bin/gmkdir -p '/Users/cam/Documents/Projects/ultima-iv-web/vlc-thumbs/work/build/vlc-arm64/vlc_install_dir/lib/vlc/plugins/access_output'
 ../doltlibtool   --mode=install /usr/local/bin/ginstall -c   libaccess_output_dummy_plugin.la libaccess_output_file_plugin.la libaccess_output_http_plugin.la libaccess_output_udp_plugin.la libaccess_output_livehttp_plugin.la libaccess_output_shout_plugin.la libaccess_output_srt_plugin.la libaccess_output_rist_plugin.la '/Users/cam/Documents/Projects/ultima-iv-web/vlc-thumbs/work/build/vlc-arm64/vlc_install_dir/lib/vlc/plugins/access_output'
libtool: install: /usr/local/bin/ginstall -c .libs/libaccess_output_dummy_plugin.dylib /Users/cam/Documents/Projects/ultima-iv-web/vlc-thumbs/work/build/vlc-arm64/vlc_install_dir/lib/vlc/plugins/access_output/libaccess_output_dummy_plugin.dylib
libtool: install: /usr/local/bin/ginstall -c .libs/libaccess_output_dummy_plugin.lai /Users/cam/Documents/Projects/ultima-iv-web/vlc-thumbs/work/build/vlc-arm64/vlc_install_dir/lib/vlc/plugins/access_output/libaccess_output_dummy_plugin.la
libtool: install: /usr/local/bin/ginstall -c .libs/libaccess_output_file_plugin.dylib /Users/cam/Documents/Projects/ultima-iv-web/vlc-thumbs/work/build/vlc-arm64/vlc_install_dir/lib/vlc/plugins/access_output/libaccess_output_file_plugin.dylib
libtool: install: /usr/local/bin/ginstall -c .libs/libaccess_output_file_plugin.lai /Users/cam/Documents/Projects/ultima-iv-web/vlc-thumbs/work/build/vlc-arm64/vlc_install_dir/lib/vlc/plugins/access_output/libaccess_output_file_plugin.la
libtool: install: /usr/local/bin/ginstall -c .libs/libaccess_output_http_plugin.dylib /Users/cam/Documents/Projects/ultima-iv-web/vlc-thumbs/work/build/vlc-arm64/vlc_install_dir/lib/vlc/plugins/access_output/libaccess_output_http_plugin.dylib
libtool: install: /usr/local/bin/ginstall -c .libs/libaccess_output_http_plugin.lai /Users/cam/Documents/Projects/ultima-iv-web/vlc-thumbs/work/build/vlc-arm64/vlc_install_dir/lib/vlc/plugins/access_output/libaccess_output_http_plugin.la
libtool: install: /usr/local/bin/ginstall -c .libs/libaccess_output_udp_plugin.dylib /Users/cam/Documents/Projects/ultima-iv-web/vlc-thumbs/work/build/vlc-arm64/vlc_install_dir/lib/vlc/plugins/access_output/libaccess_output_udp_plugin.dylib
libtool: install: /usr/local/bin/ginstall -c .libs/libaccess_output_udp_plugin.lai /Users/cam/Documents/Projects/ultima-iv-web/vlc-thumbs/work/build/vlc-arm64/vlc_install_dir/lib/vlc/plugins/access_output/libaccess_output_udp_plugin.la
libtool: install: /usr/local/bin/ginstall -c .libs/libaccess_output_livehttp_plugin.dylib /Users/cam/Documents/Projects/ultima-iv-web/vlc-thumbs/work/build/vlc-arm64/vlc_install_dir/lib/vlc/plugins/access_output/libaccess_output_livehttp_plugin.dylib
libtool: install: /usr/local/bin/ginstall -c .libs/libaccess_output_livehttp_plugin.lai /Users/cam/Documents/Projects/ultima-iv-web/vlc-thumbs/work/build/vlc-arm64/vlc_install_dir/lib/vlc/plugins/access_output/libaccess_output_livehttp_plugin.la
libtool: install: /usr/local/bin/ginstall -c .libs/libaccess_output_shout_plugin.dylib /Users/cam/Documents/Projects/ultima-iv-web/vlc-thumbs/work/build/vlc-arm64/vlc_install_dir/lib/vlc/plugins/access_output/libaccess_output_shout_plugin.dylib
libtool: install: /usr/local/bin/ginstall -c .libs/libaccess_output_shout_plugin.lai /Users/cam/Documents/Projects/ultima-iv-web/vlc-thumbs/work/build/vlc-arm64/vlc_install_dir/lib/vlc/plugins/access_output/libaccess_output_shout_plugin.la
libtool: install: /usr/local/bin/ginstall -c .libs/libaccess_output_srt_plugin.dylib /Users/cam/Documents/Projects/ultima-iv-web/vlc-thumbs/work/build/vlc-arm64/vlc_install_dir/lib/vlc/plugins/access_output/libaccess_output_srt_plugin.dylib
libtool: install: /usr/local/bin/ginstall -c .libs/libaccess_output_srt_plugin.lai /Users/cam/Documents/Projects/ultima-iv-web/vlc-thumbs/work/build/vlc-arm64/vlc_install_dir/lib/vlc/plugins/access_output/libaccess_output_srt_plugin.la
libtool: install: /usr/local/bin/ginstall -c .libs/libaccess_output_rist_plugin.dylib /Users/cam/Documents/Projects/ultima-iv-web/vlc-thumbs/work/build/vlc-arm64/vlc_install_dir/lib/vlc/plugins/access_output/libaccess_output_rist_plugin.dylib
libtool: install: /usr/local/bin/ginstall -c .libs/libaccess_output_rist_plugin.lai /Users/cam/Documents/Projects/ultima-iv-web/vlc-thumbs/work/build/vlc-arm64/vlc_install_dir/lib/vlc/plugins/access_output/libaccess_output_rist_plugin.la
 /usr/local/bin/gmkdir -p '/Users/cam/Documents/Projects/ultima-iv-web/vlc-thumbs/work/build/vlc-arm64/vlc_install_dir/lib/vlc/plugins/audio_output'
 ../doltlibtool   --mode=install /usr/local/bin/ginstall -c   libadummy_plugin.la libafile_plugin.la libamem_plugin.la libauhal_plugin.la '/Users/cam/Documents/Projects/ultima-iv-web/vlc-thumbs/work/build/vlc-arm64/vlc_install_dir/lib/vlc/plugins/audio_output'
libtool: install: /usr/local/bin/ginstall -c .libs/libadummy_plugin.dylib /Users/cam/Documents/Projects/ultima-iv-web/vlc-thumbs/work/build/vlc-arm64/vlc_install_dir/lib/vlc/plugins/audio_output/libadummy_plugin.dylib
libtool: install: /usr/local/bin/ginstall -c .libs/libadummy_plugin.lai /Users/cam/Documents/Projects/ultima-iv-web/vlc-thumbs/work/build/vlc-arm64/vlc_install_dir/lib/vlc/plugins/audio_output/libadummy_plugin.la
libtool: install: /usr/local/bin/ginstall -c .libs/libafile_plugin.dylib /Users/cam/Documents/Projects/ultima-iv-web/vlc-thumbs/work/build/vlc-arm64/vlc_install_dir/lib/vlc/plugins/audio_output/libafile_plugin.dylib
libtool: install: /usr/local/bin/ginstall -c .libs/libafile_plugin.lai /Users/cam/Documents/Projects/ultima-iv-web/vlc-thumbs/work/build/vlc-arm64/vlc_install_dir/lib/vlc/plugins/audio_output/libafile_plugin.la
libtool: install: /usr/local/bin/ginstall -c .libs/libamem_plugin.dylib /Users/cam/Documents/Projects/ultima-iv-web/vlc-thumbs/work/build/vlc-arm64/vlc_install_dir/lib/vlc/plugins/audio_output/libamem_plugin.dylib
libtool: install: /usr/local/bin/ginstall -c .libs/libamem_plugin.lai /Users/cam/Documents/Projects/ultima-iv-web/vlc-thumbs/work/build/vlc-arm64/vlc_install_dir/lib/vlc/plugins/audio_output/libamem_plugin.la
libtool: install: /usr/local/bin/ginstall -c .libs/libauhal_plugin.dylib /Users/cam/Documents/Projects/ultima-iv-web/vlc-thumbs/work/build/vlc-arm64/vlc_install_dir/lib/vlc/plugins/audio_output/libauhal_plugin.dylib
libtool: install: /usr/local/bin/ginstall -c .libs/libauhal_plugin.lai /Users/cam/Documents/Projects/ultima-iv-web/vlc-thumbs/work/build/vlc-arm64/vlc_install_dir/lib/vlc/plugins/audio_output/libauhal_plugin.la
 /usr/local/bin/gmkdir -p '/Users/cam/Documents/Projects/ultima-iv-web/vlc-thumbs/work/build/vlc-arm64/vlc_install_dir/lib/vlc/plugins/audio_filter'
 ../doltlibtool   --mode=install /usr/local/bin/ginstall -c   libaudiobargraph_a_plugin.la libchorus_flanger_plugin.la libcompressor_plugin.la libequalizer_plugin.la libkaraoke_plugin.la libnormvol_plugin.la libgain_plugin.la libparam_eq_plugin.la libscaletempo_plugin.la libscaletempo_pitch_plugin.la libspatializer_plugin.la libstereo_widen_plugin.la libdolby_surround_decoder_plugin.la libheadphone_channel_mixer_plugin.la libmono_plugin.la libremap_plugin.la libsimple_channel_mixer_plugin.la libtrivial_channel_mixer_plugin.la libspatialaudio_plugin.la libtospdif_plugin.la libaudio_format_plugin.la libsamplerate_plugin.la libugly_resampler_plugin.la libspeex_resampler_plugin.la libmad_plugin.la '/Users/cam/Documents/Projects/ultima-iv-web/vlc-thumbs/work/build/vlc-arm64/vlc_install_dir/lib/vlc/plugins/audio_filter'
libtool: install: /usr/local/bin/ginstall -c .libs/libaudiobargraph_a_plugin.dylib /Users/cam/Documents/Projects/ultima-iv-web/vlc-thumbs/work/build/vlc-arm64/vlc_install_dir/lib/vlc/plugins/audio_filter/libaudiobargraph_a_plugin.dylib
libtool: install: /usr/local/bin/ginstall -c .libs/libaudiobargraph_a_plugin.lai /Users/cam/Documents/Projects/ultima-iv-web/vlc-thumbs/work/build/vlc-arm64/vlc_install_dir/lib/vlc/plugins/audio_filter/libaudiobargraph_a_plugin.la
libtool: install: /usr/local/bin/ginstall -c .libs/libchorus_flanger_plugin.dylib /Users/cam/Documents/Projects/ultima-iv-web/vlc-thumbs/work/build/vlc-arm64/vlc_install_dir/lib/vlc/plugins/audio_filter/libchorus_flanger_plugin.dylib
libtool: install: /usr/local/bin/ginstall -c .libs/libchorus_flanger_plugin.lai /Users/cam/Documents/Projects/ultima-iv-web/vlc-thumbs/work/build/vlc-arm64/vlc_install_dir/lib/vlc/plugins/audio_filter/libchorus_flanger_plugin.la
libtool: install: /usr/local/bin/ginstall -c .libs/libcompressor_plugin.dylib /Users/cam/Documents/Projects/ultima-iv-web/vlc-thumbs/work/build/vlc-arm64/vlc_install_dir/lib/vlc/plugins/audio_filter/libcompressor_plugin.dylib
libtool: install: /usr/local/bin/ginstall -c .libs/libcompressor_plugin.lai /Users/cam/Documents/Projects/ultima-iv-web/vlc-thumbs/work/build/vlc-arm64/vlc_install_dir/lib/vlc/plugins/audio_filter/libcompressor_plugin.la
libtool: install: /usr/local/bin/ginstall -c .libs/libequalizer_plugin.dylib /Users/cam/Documents/Projects/ultima-iv-web/vlc-thumbs/work/build/vlc-arm64/vlc_install_dir/lib/vlc/plugins/audio_filter/libequalizer_plugin.dylib
libtool: install: /usr/local/bin/ginstall -c .libs/libequalizer_plugin.lai /Users/cam/Documents/Projects/ultima-iv-web/vlc-thumbs/work/build/vlc-arm64/vlc_install_dir/lib/vlc/plugins/audio_filter/libequalizer_plugin.la
libtool: install: /usr/local/bin/ginstall -c .libs/libkaraoke_plugin.dylib /Users/cam/Documents/Projects/ultima-iv-web/vlc-thumbs/work/build/vlc-arm64/vlc_install_dir/lib/vlc/plugins/audio_filter/libkaraoke_plugin.dylib
libtool: install: /usr/local/bin/ginstall -c .libs/libkaraoke_plugin.lai /Users/cam/Documents/Projects/ultima-iv-web/vlc-thumbs/work/build/vlc-arm64/vlc_install_dir/lib/vlc/plugins/audio_filter/libkaraoke_plugin.la
libtool: install: /usr/local/bin/ginstall -c .libs/libnormvol_plugin.dylib /Users/cam/Documents/Projects/ultima-iv-web/vlc-thumbs/work/build/vlc-arm64/vlc_install_dir/lib/vlc/plugins/audio_filter/libnormvol_plugin.dylib
libtool: install: /usr/local/bin/ginstall -c .libs/libnormvol_plugin.lai /Users/cam/Documents/Projects/ultima-iv-web/vlc-thumbs/work/build/vlc-arm64/vlc_install_dir/lib/vlc/plugins/audio_filter/libnormvol_plugin.la
libtool: install: /usr/local/bin/ginstall -c .libs/libgain_plugin.dylib /Users/cam/Documents/Projects/ultima-iv-web/vlc-thumbs/work/build/vlc-arm64/vlc_install_dir/lib/vlc/plugins/audio_filter/libgain_plugin.dylib
libtool: install: /usr/local/bin/ginstall -c .libs/libgain_plugin.lai /Users/cam/Documents/Projects/ultima-iv-web/vlc-thumbs/work/build/vlc-arm64/vlc_install_dir/lib/vlc/plugins/audio_filter/libgain_plugin.la
libtool: install: /usr/local/bin/ginstall -c .libs/libparam_eq_plugin.dylib /Users/cam/Documents/Projects/ultima-iv-web/vlc-thumbs/work/build/vlc-arm64/vlc_install_dir/lib/vlc/plugins/audio_filter/libparam_eq_plugin.dylib
libtool: install: /usr/local/bin/ginstall -c .libs/libparam_eq_plugin.lai /Users/cam/Documents/Projects/ultima-iv-web/vlc-thumbs/work/build/vlc-arm64/vlc_install_dir/lib/vlc/plugins/audio_filter/libparam_eq_plugin.la
libtool: install: /usr/local/bin/ginstall -c .libs/libscaletempo_plugin.dylib /Users/cam/Documents/Projects/ultima-iv-web/vlc-thumbs/work/build/vlc-arm64/vlc_install_dir/lib/vlc/plugins/audio_filter/libscaletempo_plugin.dylib
libtool: install: /usr/local/bin/ginstall -c .libs/libscaletempo_plugin.lai /Users/cam/Documents/Projects/ultima-iv-web/vlc-thumbs/work/build/vlc-arm64/vlc_install_dir/lib/vlc/plugins/audio_filter/libscaletempo_plugin.la
libtool: install: /usr/local/bin/ginstall -c .libs/libscaletempo_pitch_plugin.dylib /Users/cam/Documents/Projects/ultima-iv-web/vlc-thumbs/work/build/vlc-arm64/vlc_install_dir/lib/vlc/plugins/audio_filter/libscaletempo_pitch_plugin.dylib
libtool: install: /usr/local/bin/ginstall -c .libs/libscaletempo_pitch_plugin.lai /Users/cam/Documents/Projects/ultima-iv-web/vlc-thumbs/work/build/vlc-arm64/vlc_install_dir/lib/vlc/plugins/audio_filter/libscaletempo_pitch_plugin.la
libtool: install: /usr/local/bin/ginstall -c .libs/libspatializer_plugin.dylib /Users/cam/Documents/Projects/ultima-iv-web/vlc-thumbs/work/build/vlc-arm64/vlc_install_dir/lib/vlc/plugins/audio_filter/libspatializer_plugin.dylib
libtool: install: /usr/local/bin/ginstall -c .libs/libspatializer_plugin.lai /Users/cam/Documents/Projects/ultima-iv-web/vlc-thumbs/work/build/vlc-arm64/vlc_install_dir/lib/vlc/plugins/audio_filter/libspatializer_plugin.la
libtool: install: /usr/local/bin/ginstall -c .libs/libstereo_widen_plugin.dylib /Users/cam/Documents/Projects/ultima-iv-web/vlc-thumbs/work/build/vlc-arm64/vlc_install_dir/lib/vlc/plugins/audio_filter/libstereo_widen_plugin.dylib
libtool: install: /usr/local/bin/ginstall -c .libs/libstereo_widen_plugin.lai /Users/cam/Documents/Projects/ultima-iv-web/vlc-thumbs/work/build/vlc-arm64/vlc_install_dir/lib/vlc/plugins/audio_filter/libstereo_widen_plugin.la
libtool: install: /usr/local/bin/ginstall -c .libs/libdolby_surround_decoder_plugin.dylib /Users/cam/Documents/Projects/ultima-iv-web/vlc-thumbs/work/build/vlc-arm64/vlc_install_dir/lib/vlc/plugins/audio_filter/libdolby_surround_decoder_plugin.dylib
libtool: install: /usr/local/bin/ginstall -c .libs/libdolby_surround_decoder_plugin.lai /Users/cam/Documents/Projects/ultima-iv-web/vlc-thumbs/work/build/vlc-arm64/vlc_install_dir/lib/vlc/plugins/audio_filter/libdolby_surround_decoder_plugin.la
libtool: install: /usr/local/bin/ginstall -c .libs/libheadphone_channel_mixer_plugin.dylib /Users/cam/Documents/Projects/ultima-iv-web/vlc-thumbs/work/build/vlc-arm64/vlc_install_dir/lib/vlc/plugins/audio_filter/libheadphone_channel_mixer_plugin.dylib
libtool: install: /usr/local/bin/ginstall -c .libs/libheadphone_channel_mixer_plugin.lai /Users/cam/Documents/Projects/ultima-iv-web/vlc-thumbs/work/build/vlc-arm64/vlc_install_dir/lib/vlc/plugins/audio_filter/libheadphone_channel_mixer_plugin.la
libtool: install: /usr/local/bin/ginstall -c .libs/libmono_plugin.dylib /Users/cam/Documents/Projects/ultima-iv-web/vlc-thumbs/work/build/vlc-arm64/vlc_install_dir/lib/vlc/plugins/audio_filter/libmono_plugin.dylib
libtool: install: /usr/local/bin/ginstall -c .libs/libmono_plugin.lai /Users/cam/Documents/Projects/ultima-iv-web/vlc-thumbs/work/build/vlc-arm64/vlc_install_dir/lib/vlc/plugins/audio_filter/libmono_plugin.la
libtool: install: /usr/local/bin/ginstall -c .libs/libremap_plugin.dylib /Users/cam/Documents/Projects/ultima-iv-web/vlc-thumbs/work/build/vlc-arm64/vlc_install_dir/lib/vlc/plugins/audio_filter/libremap_plugin.dylib
libtool: install: /usr/local/bin/ginstall -c .libs/libremap_plugin.lai /Users/cam/Documents/Projects/ultima-iv-web/vlc-thumbs/work/build/vlc-arm64/vlc_install_dir/lib/vlc/plugins/audio_filter/libremap_plugin.la
libtool: install: /usr/local/bin/ginstall -c .libs/libsimple_channel_mixer_plugin.dylib /Users/cam/Documents/Projects/ultima-iv-web/vlc-thumbs/work/build/vlc-arm64/vlc_install_dir/lib/vlc/plugins/audio_filter/libsimple_channel_mixer_plugin.dylib
libtool: install: /usr/local/bin/ginstall -c .libs/libsimple_channel_mixer_plugin.lai /Users/cam/Documents/Projects/ultima-iv-web/vlc-thumbs/work/build/vlc-arm64/vlc_install_dir/lib/vlc/plugins/audio_filter/libsimple_channel_mixer_plugin.la
libtool: install: /usr/local/bin/ginstall -c .libs/libtrivial_channel_mixer_plugin.dylib /Users/cam/Documents/Projects/ultima-iv-web/vlc-thumbs/work/build/vlc-arm64/vlc_install_dir/lib/vlc/plugins/audio_filter/libtrivial_channel_mixer_plugin.dylib
libtool: install: /usr/local/bin/ginstall -c .libs/libtrivial_channel_mixer_plugin.lai /Users/cam/Documents/Projects/ultima-iv-web/vlc-thumbs/work/build/vlc-arm64/vlc_install_dir/lib/vlc/plugins/audio_filter/libtrivial_channel_mixer_plugin.la
libtool: install: /usr/local/bin/ginstall -c .libs/libspatialaudio_plugin.dylib /Users/cam/Documents/Projects/ultima-iv-web/vlc-thumbs/work/build/vlc-arm64/vlc_install_dir/lib/vlc/plugins/audio_filter/libspatialaudio_plugin.dylib
libtool: install: /usr/local/bin/ginstall -c .libs/libspatialaudio_plugin.lai /Users/cam/Documents/Projects/ultima-iv-web/vlc-thumbs/work/build/vlc-arm64/vlc_install_dir/lib/vlc/plugins/audio_filter/libspatialaudio_plugin.la
libtool: install: /usr/local/bin/ginstall -c .libs/libtospdif_plugin.dylib /Users/cam/Documents/Projects/ultima-iv-web/vlc-thumbs/work/build/vlc-arm64/vlc_install_dir/lib/vlc/plugins/audio_filter/libtospdif_plugin.dylib
libtool: install: /usr/local/bin/ginstall -c .libs/libtospdif_plugin.lai /Users/cam/Documents/Projects/ultima-iv-web/vlc-thumbs/work/build/vlc-arm64/vlc_install_dir/lib/vlc/plugins/audio_filter/libtospdif_plugin.la
libtool: install: /usr/local/bin/ginstall -c .libs/libaudio_format_plugin.dylib /Users/cam/Documents/Projects/ultima-iv-web/vlc-thumbs/work/build/vlc-arm64/vlc_install_dir/lib/vlc/plugins/audio_filter/libaudio_format_plugin.dylib
libtool: install: /usr/local/bin/ginstall -c .libs/libaudio_format_plugin.lai /Users/cam/Documents/Projects/ultima-iv-web/vlc-thumbs/work/build/vlc-arm64/vlc_install_dir/lib/vlc/plugins/audio_filter/libaudio_format_plugin.la
libtool: install: /usr/local/bin/ginstall -c .libs/libsamplerate_plugin.dylib /Users/cam/Documents/Projects/ultima-iv-web/vlc-thumbs/work/build/vlc-arm64/vlc_install_dir/lib/vlc/plugins/audio_filter/libsamplerate_plugin.dylib
libtool: install: /usr/local/bin/ginstall -c .libs/libsamplerate_plugin.lai /Users/cam/Documents/Projects/ultima-iv-web/vlc-thumbs/work/build/vlc-arm64/vlc_install_dir/lib/vlc/plugins/audio_filter/libsamplerate_plugin.la
libtool: install: /usr/local/bin/ginstall -c .libs/libugly_resampler_plugin.dylib /Users/cam/Documents/Projects/ultima-iv-web/vlc-thumbs/work/build/vlc-arm64/vlc_install_dir/lib/vlc/plugins/audio_filter/libugly_resampler_plugin.dylib
libtool: install: /usr/local/bin/ginstall -c .libs/libugly_resampler_plugin.lai /Users/cam/Documents/Projects/ultima-iv-web/vlc-thumbs/work/build/vlc-arm64/vlc_install_dir/lib/vlc/plugins/audio_filter/libugly_resampler_plugin.la
libtool: install: /usr/local/bin/ginstall -c .libs/libspeex_resampler_plugin.dylib /Users/cam/Documents/Projects/ultima-iv-web/vlc-thumbs/work/build/vlc-arm64/vlc_install_dir/lib/vlc/plugins/audio_filter/libspeex_resampler_plugin.dylib
libtool: install: /usr/local/bin/ginstall -c .libs/libspeex_resampler_plugin.lai /Users/cam/Documents/Projects/ultima-iv-web/vlc-thumbs/work/build/vlc-arm64/vlc_install_dir/lib/vlc/plugins/audio_filter/libspeex_resampler_plugin.la
libtool: install: /usr/local/bin/ginstall -c .libs/libmad_plugin.dylib /Users/cam/Documents/Projects/ultima-iv-web/vlc-thumbs/work/build/vlc-arm64/vlc_install_dir/lib/vlc/plugins/audio_filter/libmad_plugin.dylib
libtool: install: /usr/local/bin/ginstall -c .libs/libmad_plugin.lai /Users/cam/Documents/Projects/ultima-iv-web/vlc-thumbs/work/build/vlc-arm64/vlc_install_dir/lib/vlc/plugins/audio_filter/libmad_plugin.la
 /usr/local/bin/gmkdir -p '/Users/cam/Documents/Projects/ultima-iv-web/vlc-thumbs/work/build/vlc-arm64/vlc_install_dir/lib/vlc/plugins/audio_mixer'
 ../doltlibtool   --mode=install /usr/local/bin/ginstall -c   libfloat_mixer_plugin.la libinteger_mixer_plugin.la '/Users/cam/Documents/Projects/ultima-iv-web/vlc-thumbs/work/build/vlc-arm64/vlc_install_dir/lib/vlc/plugins/audio_mixer'
libtool: install: /usr/local/bin/ginstall -c .libs/libfloat_mixer_plugin.dylib /Users/cam/Documents/Projects/ultima-iv-web/vlc-thumbs/work/build/vlc-arm64/vlc_install_dir/lib/vlc/plugins/audio_mixer/libfloat_mixer_plugin.dylib
libtool: install: /usr/local/bin/ginstall -c .libs/libfloat_mixer_plugin.lai /Users/cam/Documents/Projects/ultima-iv-web/vlc-thumbs/work/build/vlc-arm64/vlc_install_dir/lib/vlc/plugins/audio_mixer/libfloat_mixer_plugin.la
libtool: install: /usr/local/bin/ginstall -c .libs/libinteger_mixer_plugin.dylib /Users/cam/Documents/Projects/ultima-iv-web/vlc-thumbs/work/build/vlc-arm64/vlc_install_dir/lib/vlc/plugins/audio_mixer/libinteger_mixer_plugin.dylib
libtool: install: /usr/local/bin/ginstall -c .libs/libinteger_mixer_plugin.lai /Users/cam/Documents/Projects/ultima-iv-web/vlc-thumbs/work/build/vlc-arm64/vlc_install_dir/lib/vlc/plugins/audio_mixer/libinteger_mixer_plugin.la
 /usr/local/bin/gmkdir -p '/Users/cam/Documents/Projects/ultima-iv-web/vlc-thumbs/work/build/vlc-arm64/vlc_install_dir/lib/vlc/plugins/video_chroma'
 ../doltlibtool   --mode=install /usr/local/bin/ginstall -c   libi420_rgb_plugin.la libi420_yuy2_plugin.la libi420_nv12_plugin.la libi420_10_p010_plugin.la libi422_i420_plugin.la libi422_yuy2_plugin.la libgrey_yuv_plugin.la libyuy2_i420_plugin.la libyuy2_i422_plugin.la librv32_plugin.la libchain_plugin.la libyuvp_plugin.la libswscale_plugin.la libcvpx_plugin.la '/Users/cam/Documents/Projects/ultima-iv-web/vlc-thumbs/work/build/vlc-arm64/vlc_install_dir/lib/vlc/plugins/video_chroma'
libtool: install: /usr/local/bin/ginstall -c .libs/libi420_rgb_plugin.dylib /Users/cam/Documents/Projects/ultima-iv-web/vlc-thumbs/work/build/vlc-arm64/vlc_install_dir/lib/vlc/plugins/video_chroma/libi420_rgb_plugin.dylib
libtool: install: /usr/local/bin/ginstall -c .libs/libi420_rgb_plugin.lai /Users/cam/Documents/Projects/ultima-iv-web/vlc-thumbs/work/build/vlc-arm64/vlc_install_dir/lib/vlc/plugins/video_chroma/libi420_rgb_plugin.la
libtool: install: /usr/local/bin/ginstall -c .libs/libi420_yuy2_plugin.dylib /Users/cam/Documents/Projects/ultima-iv-web/vlc-thumbs/work/build/vlc-arm64/vlc_install_dir/lib/vlc/plugins/video_chroma/libi420_yuy2_plugin.dylib
libtool: install: /usr/local/bin/ginstall -c .libs/libi420_yuy2_plugin.lai /Users/cam/Documents/Projects/ultima-iv-web/vlc-thumbs/work/build/vlc-arm64/vlc_install_dir/lib/vlc/plugins/video_chroma/libi420_yuy2_plugin.la
libtool: install: /usr/local/bin/ginstall -c .libs/libi420_nv12_plugin.dylib /Users/cam/Documents/Projects/ultima-iv-web/vlc-thumbs/work/build/vlc-arm64/vlc_install_dir/lib/vlc/plugins/video_chroma/libi420_nv12_plugin.dylib
libtool: install: /usr/local/bin/ginstall -c .libs/libi420_nv12_plugin.lai /Users/cam/Documents/Projects/ultima-iv-web/vlc-thumbs/work/build/vlc-arm64/vlc_install_dir/lib/vlc/plugins/video_chroma/libi420_nv12_plugin.la
libtool: install: /usr/local/bin/ginstall -c .libs/libi420_10_p010_plugin.dylib /Users/cam/Documents/Projects/ultima-iv-web/vlc-thumbs/work/build/vlc-arm64/vlc_install_dir/lib/vlc/plugins/video_chroma/libi420_10_p010_plugin.dylib
libtool: install: /usr/local/bin/ginstall -c .libs/libi420_10_p010_plugin.lai /Users/cam/Documents/Projects/ultima-iv-web/vlc-thumbs/work/build/vlc-arm64/vlc_install_dir/lib/vlc/plugins/video_chroma/libi420_10_p010_plugin.la
libtool: install: /usr/local/bin/ginstall -c .libs/libi422_i420_plugin.dylib /Users/cam/Documents/Projects/ultima-iv-web/vlc-thumbs/work/build/vlc-arm64/vlc_install_dir/lib/vlc/plugins/video_chroma/libi422_i420_plugin.dylib
libtool: install: /usr/local/bin/ginstall -c .libs/libi422_i420_plugin.lai /Users/cam/Documents/Projects/ultima-iv-web/vlc-thumbs/work/build/vlc-arm64/vlc_install_dir/lib/vlc/plugins/video_chroma/libi422_i420_plugin.la
libtool: install: /usr/local/bin/ginstall -c .libs/libi422_yuy2_plugin.dylib /Users/cam/Documents/Projects/ultima-iv-web/vlc-thumbs/work/build/vlc-arm64/vlc_install_dir/lib/vlc/plugins/video_chroma/libi422_yuy2_plugin.dylib
libtool: install: /usr/local/bin/ginstall -c .libs/libi422_yuy2_plugin.lai /Users/cam/Documents/Projects/ultima-iv-web/vlc-thumbs/work/build/vlc-arm64/vlc_install_dir/lib/vlc/plugins/video_chroma/libi422_yuy2_plugin.la
libtool: install: /usr/local/bin/ginstall -c .libs/libgrey_yuv_plugin.dylib /Users/cam/Documents/Projects/ultima-iv-web/vlc-thumbs/work/build/vlc-arm64/vlc_install_dir/lib/vlc/plugins/video_chroma/libgrey_yuv_plugin.dylib
libtool: install: /usr/local/bin/ginstall -c .libs/libgrey_yuv_plugin.lai /Users/cam/Documents/Projects/ultima-iv-web/vlc-thumbs/work/build/vlc-arm64/vlc_install_dir/lib/vlc/plugins/video_chroma/libgrey_yuv_plugin.la
libtool: install: /usr/local/bin/ginstall -c .libs/libyuy2_i420_plugin.dylib /Users/cam/Documents/Projects/ultima-iv-web/vlc-thumbs/work/build/vlc-arm64/vlc_install_dir/lib/vlc/plugins/video_chroma/libyuy2_i420_plugin.dylib
libtool: install: /usr/local/bin/ginstall -c .libs/libyuy2_i420_plugin.lai /Users/cam/Documents/Projects/ultima-iv-web/vlc-thumbs/work/build/vlc-arm64/vlc_install_dir/lib/vlc/plugins/video_chroma/libyuy2_i420_plugin.la
libtool: install: /usr/local/bin/ginstall -c .libs/libyuy2_i422_plugin.dylib /Users/cam/Documents/Projects/ultima-iv-web/vlc-thumbs/work/build/vlc-arm64/vlc_install_dir/lib/vlc/plugins/video_chroma/libyuy2_i422_plugin.dylib
libtool: install: /usr/local/bin/ginstall -c .libs/libyuy2_i422_plugin.lai /Users/cam/Documents/Projects/ultima-iv-web/vlc-thumbs/work/build/vlc-arm64/vlc_install_dir/lib/vlc/plugins/video_chroma/libyuy2_i422_plugin.la
libtool: install: /usr/local/bin/ginstall -c .libs/librv32_plugin.dylib /Users/cam/Documents/Projects/ultima-iv-web/vlc-thumbs/work/build/vlc-arm64/vlc_install_dir/lib/vlc/plugins/video_chroma/librv32_plugin.dylib
libtool: install: /usr/local/bin/ginstall -c .libs/librv32_plugin.lai /Users/cam/Documents/Projects/ultima-iv-web/vlc-thumbs/work/build/vlc-arm64/vlc_install_dir/lib/vlc/plugins/video_chroma/librv32_plugin.la
libtool: install: /usr/local/bin/ginstall -c .libs/libchain_plugin.dylib /Users/cam/Documents/Projects/ultima-iv-web/vlc-thumbs/work/build/vlc-arm64/vlc_install_dir/lib/vlc/plugins/video_chroma/libchain_plugin.dylib
libtool: install: /usr/local/bin/ginstall -c .libs/libchain_plugin.lai /Users/cam/Documents/Projects/ultima-iv-web/vlc-thumbs/work/build/vlc-arm64/vlc_install_dir/lib/vlc/plugins/video_chroma/libchain_plugin.la
libtool: install: /usr/local/bin/ginstall -c .libs/libyuvp_plugin.dylib /Users/cam/Documents/Projects/ultima-iv-web/vlc-thumbs/work/build/vlc-arm64/vlc_install_dir/lib/vlc/plugins/video_chroma/libyuvp_plugin.dylib
libtool: install: /usr/local/bin/ginstall -c .libs/libyuvp_plugin.lai /Users/cam/Documents/Projects/ultima-iv-web/vlc-thumbs/work/build/vlc-arm64/vlc_install_dir/lib/vlc/plugins/video_chroma/libyuvp_plugin.la
libtool: install: /usr/local/bin/ginstall -c .libs/libswscale_plugin.dylib /Users/cam/Documents/Projects/ultima-iv-web/vlc-thumbs/work/build/vlc-arm64/vlc_install_dir/lib/vlc/plugins/video_chroma/libswscale_plugin.dylib
libtool: install: /usr/local/bin/ginstall -c .libs/libswscale_plugin.lai /Users/cam/Documents/Projects/ultima-iv-web/vlc-thumbs/work/build/vlc-arm64/vlc_install_dir/lib/vlc/plugins/video_chroma/libswscale_plugin.la
libtool: install: /usr/local/bin/ginstall -c .libs/libcvpx_plugin.dylib /Users/cam/Documents/Projects/ultima-iv-web/vlc-thumbs/work/build/vlc-arm64/vlc_install_dir/lib/vlc/plugins/video_chroma/libcvpx_plugin.dylib
libtool: install: /usr/local/bin/ginstall -c .libs/libcvpx_plugin.lai /Users/cam/Documents/Projects/ultima-iv-web/vlc-thumbs/work/build/vlc-arm64/vlc_install_dir/lib/vlc/plugins/video_chroma/libcvpx_plugin.la
 /usr/local/bin/gmkdir -p '/Users/cam/Documents/Projects/ultima-iv-web/vlc-thumbs/work/build/vlc-arm64/vlc_install_dir/lib/vlc/plugins/codec'
 ../doltlibtool   --mode=install /usr/local/bin/ginstall -c   libddummy_plugin.la libedummy_plugin.la libspdif_plugin.la libadpcm_plugin.la libaes3_plugin.la libaraw_plugin.la libfaad_plugin.la libg711_plugin.la libaudiotoolboxmidi_plugin.la liblpcm_plugin.la libmpg123_plugin.la libuleaddvaudio_plugin.la libcdg_plugin.la librawvideo_plugin.la librtpvideo_plugin.la libpng_plugin.la libjpeg_plugin.la liblibass_plugin.la libcc_plugin.la libcvdsub_plugin.la libdvbsub_plugin.la libaribsub_plugin.la libscte18_plugin.la libscte27_plugin.la libspudec_plugin.la libstl_plugin.la libsubsdec_plugin.la libsubsusf_plugin.la libttml_plugin.la libwebvtt_plugin.la libsvcdsub_plugin.la libt140_plugin.la libtelx_plugin.la libtextst_plugin.la libzvbi_plugin.la libsubstx3g_plugin.la libflac_plugin.la libkate_plugin.la libopus_plugin.la libspeex_plugin.la libtheora_plugin.la libvorbis_plugin.la liboggspots_plugin.la libvideotoolbox_plugin.la libavcodec_plugin.la libx265_plugin.la libx264_plugin.la libx26410b_plugin.la libvpx_plugin.la libaom_plugin.la libtwolame_plugin.la libdav1d_plugin.la '/Users/cam/Documents/Projects/ultima-iv-web/vlc-thumbs/work/build/vlc-arm64/vlc_install_dir/lib/vlc/plugins/codec'
libtool: install: /usr/local/bin/ginstall -c .libs/libddummy_plugin.dylib /Users/cam/Documents/Projects/ultima-iv-web/vlc-thumbs/work/build/vlc-arm64/vlc_install_dir/lib/vlc/plugins/codec/libddummy_plugin.dylib
libtool: install: /usr/local/bin/ginstall -c .libs/libddummy_plugin.lai /Users/cam/Documents/Projects/ultima-iv-web/vlc-thumbs/work/build/vlc-arm64/vlc_install_dir/lib/vlc/plugins/codec/libddummy_plugin.la
libtool: install: /usr/local/bin/ginstall -c .libs/libedummy_plugin.dylib /Users/cam/Documents/Projects/ultima-iv-web/vlc-thumbs/work/build/vlc-arm64/vlc_install_dir/lib/vlc/plugins/codec/libedummy_plugin.dylib
libtool: install: /usr/local/bin/ginstall -c .libs/libedummy_plugin.lai /Users/cam/Documents/Projects/ultima-iv-web/vlc-thumbs/work/build/vlc-arm64/vlc_install_dir/lib/vlc/plugins/codec/libedummy_plugin.la
libtool: install: /usr/local/bin/ginstall -c .libs/libspdif_plugin.dylib /Users/cam/Documents/Projects/ultima-iv-web/vlc-thumbs/work/build/vlc-arm64/vlc_install_dir/lib/vlc/plugins/codec/libspdif_plugin.dylib
libtool: install: /usr/local/bin/ginstall -c .libs/libspdif_plugin.lai /Users/cam/Documents/Projects/ultima-iv-web/vlc-thumbs/work/build/vlc-arm64/vlc_install_dir/lib/vlc/plugins/codec/libspdif_plugin.la
libtool: install: /usr/local/bin/ginstall -c .libs/libadpcm_plugin.dylib /Users/cam/Documents/Projects/ultima-iv-web/vlc-thumbs/work/build/vlc-arm64/vlc_install_dir/lib/vlc/plugins/codec/libadpcm_plugin.dylib
libtool: install: /usr/local/bin/ginstall -c .libs/libadpcm_plugin.lai /Users/cam/Documents/Projects/ultima-iv-web/vlc-thumbs/work/build/vlc-arm64/vlc_install_dir/lib/vlc/plugins/codec/libadpcm_plugin.la
libtool: install: /usr/local/bin/ginstall -c .libs/libaes3_plugin.dylib /Users/cam/Documents/Projects/ultima-iv-web/vlc-thumbs/work/build/vlc-arm64/vlc_install_dir/lib/vlc/plugins/codec/libaes3_plugin.dylib
libtool: install: /usr/local/bin/ginstall -c .libs/libaes3_plugin.lai /Users/cam/Documents/Projects/ultima-iv-web/vlc-thumbs/work/build/vlc-arm64/vlc_install_dir/lib/vlc/plugins/codec/libaes3_plugin.la
libtool: install: /usr/local/bin/ginstall -c .libs/libaraw_plugin.dylib /Users/cam/Documents/Projects/ultima-iv-web/vlc-thumbs/work/build/vlc-arm64/vlc_install_dir/lib/vlc/plugins/codec/libaraw_plugin.dylib
libtool: install: /usr/local/bin/ginstall -c .libs/libaraw_plugin.lai /Users/cam/Documents/Projects/ultima-iv-web/vlc-thumbs/work/build/vlc-arm64/vlc_install_dir/lib/vlc/plugins/codec/libaraw_plugin.la
libtool: install: /usr/local/bin/ginstall -c .libs/libfaad_plugin.dylib /Users/cam/Documents/Projects/ultima-iv-web/vlc-thumbs/work/build/vlc-arm64/vlc_install_dir/lib/vlc/plugins/codec/libfaad_plugin.dylib
libtool: install: /usr/local/bin/ginstall -c .libs/libfaad_plugin.lai /Users/cam/Documents/Projects/ultima-iv-web/vlc-thumbs/work/build/vlc-arm64/vlc_install_dir/lib/vlc/plugins/codec/libfaad_plugin.la
libtool: install: /usr/local/bin/ginstall -c .libs/libg711_plugin.dylib /Users/cam/Documents/Projects/ultima-iv-web/vlc-thumbs/work/build/vlc-arm64/vlc_install_dir/lib/vlc/plugins/codec/libg711_plugin.dylib
libtool: install: /usr/local/bin/ginstall -c .libs/libg711_plugin.lai /Users/cam/Documents/Projects/ultima-iv-web/vlc-thumbs/work/build/vlc-arm64/vlc_install_dir/lib/vlc/plugins/codec/libg711_plugin.la
libtool: install: /usr/local/bin/ginstall -c .libs/libaudiotoolboxmidi_plugin.dylib /Users/cam/Documents/Projects/ultima-iv-web/vlc-thumbs/work/build/vlc-arm64/vlc_install_dir/lib/vlc/plugins/codec/libaudiotoolboxmidi_plugin.dylib
libtool: install: /usr/local/bin/ginstall -c .libs/libaudiotoolboxmidi_plugin.lai /Users/cam/Documents/Projects/ultima-iv-web/vlc-thumbs/work/build/vlc-arm64/vlc_install_dir/lib/vlc/plugins/codec/libaudiotoolboxmidi_plugin.la
libtool: install: /usr/local/bin/ginstall -c .libs/liblpcm_plugin.dylib /Users/cam/Documents/Projects/ultima-iv-web/vlc-thumbs/work/build/vlc-arm64/vlc_install_dir/lib/vlc/plugins/codec/liblpcm_plugin.dylib
libtool: install: /usr/local/bin/ginstall -c .libs/liblpcm_plugin.lai /Users/cam/Documents/Projects/ultima-iv-web/vlc-thumbs/work/build/vlc-arm64/vlc_install_dir/lib/vlc/plugins/codec/liblpcm_plugin.la
libtool: install: /usr/local/bin/ginstall -c .libs/libmpg123_plugin.dylib /Users/cam/Documents/Projects/ultima-iv-web/vlc-thumbs/work/build/vlc-arm64/vlc_install_dir/lib/vlc/plugins/codec/libmpg123_plugin.dylib
libtool: install: /usr/local/bin/ginstall -c .libs/libmpg123_plugin.lai /Users/cam/Documents/Projects/ultima-iv-web/vlc-thumbs/work/build/vlc-arm64/vlc_install_dir/lib/vlc/plugins/codec/libmpg123_plugin.la
libtool: install: /usr/local/bin/ginstall -c .libs/libuleaddvaudio_plugin.dylib /Users/cam/Documents/Projects/ultima-iv-web/vlc-thumbs/work/build/vlc-arm64/vlc_install_dir/lib/vlc/plugins/codec/libuleaddvaudio_plugin.dylib
libtool: install: /usr/local/bin/ginstall -c .libs/libuleaddvaudio_plugin.lai /Users/cam/Documents/Projects/ultima-iv-web/vlc-thumbs/work/build/vlc-arm64/vlc_install_dir/lib/vlc/plugins/codec/libuleaddvaudio_plugin.la
libtool: install: /usr/local/bin/ginstall -c .libs/libcdg_plugin.dylib /Users/cam/Documents/Projects/ultima-iv-web/vlc-thumbs/work/build/vlc-arm64/vlc_install_dir/lib/vlc/plugins/codec/libcdg_plugin.dylib
libtool: install: /usr/local/bin/ginstall -c .libs/libcdg_plugin.lai /Users/cam/Documents/Projects/ultima-iv-web/vlc-thumbs/work/build/vlc-arm64/vlc_install_dir/lib/vlc/plugins/codec/libcdg_plugin.la
libtool: install: /usr/local/bin/ginstall -c .libs/librawvideo_plugin.dylib /Users/cam/Documents/Projects/ultima-iv-web/vlc-thumbs/work/build/vlc-arm64/vlc_install_dir/lib/vlc/plugins/codec/librawvideo_plugin.dylib
libtool: install: /usr/local/bin/ginstall -c .libs/librawvideo_plugin.lai /Users/cam/Documents/Projects/ultima-iv-web/vlc-thumbs/work/build/vlc-arm64/vlc_install_dir/lib/vlc/plugins/codec/librawvideo_plugin.la
libtool: install: /usr/local/bin/ginstall -c .libs/librtpvideo_plugin.dylib /Users/cam/Documents/Projects/ultima-iv-web/vlc-thumbs/work/build/vlc-arm64/vlc_install_dir/lib/vlc/plugins/codec/librtpvideo_plugin.dylib
libtool: install: /usr/local/bin/ginstall -c .libs/librtpvideo_plugin.lai /Users/cam/Documents/Projects/ultima-iv-web/vlc-thumbs/work/build/vlc-arm64/vlc_install_dir/lib/vlc/plugins/codec/librtpvideo_plugin.la
libtool: install: /usr/local/bin/ginstall -c .libs/libpng_plugin.dylib /Users/cam/Documents/Projects/ultima-iv-web/vlc-thumbs/work/build/vlc-arm64/vlc_install_dir/lib/vlc/plugins/codec/libpng_plugin.dylib
libtool: install: /usr/local/bin/ginstall -c .libs/libpng_plugin.lai /Users/cam/Documents/Projects/ultima-iv-web/vlc-thumbs/work/build/vlc-arm64/vlc_install_dir/lib/vlc/plugins/codec/libpng_plugin.la
libtool: install: /usr/local/bin/ginstall -c .libs/libjpeg_plugin.dylib /Users/cam/Documents/Projects/ultima-iv-web/vlc-thumbs/work/build/vlc-arm64/vlc_install_dir/lib/vlc/plugins/codec/libjpeg_plugin.dylib
libtool: install: /usr/local/bin/ginstall -c .libs/libjpeg_plugin.lai /Users/cam/Documents/Projects/ultima-iv-web/vlc-thumbs/work/build/vlc-arm64/vlc_install_dir/lib/vlc/plugins/codec/libjpeg_plugin.la
libtool: install: /usr/local/bin/ginstall -c .libs/liblibass_plugin.dylib /Users/cam/Documents/Projects/ultima-iv-web/vlc-thumbs/work/build/vlc-arm64/vlc_install_dir/lib/vlc/plugins/codec/liblibass_plugin.dylib
libtool: install: /usr/local/bin/ginstall -c .libs/liblibass_plugin.lai /Users/cam/Documents/Projects/ultima-iv-web/vlc-thumbs/work/build/vlc-arm64/vlc_install_dir/lib/vlc/plugins/codec/liblibass_plugin.la
libtool: install: /usr/local/bin/ginstall -c .libs/libcc_plugin.dylib /Users/cam/Documents/Projects/ultima-iv-web/vlc-thumbs/work/build/vlc-arm64/vlc_install_dir/lib/vlc/plugins/codec/libcc_plugin.dylib
libtool: install: /usr/local/bin/ginstall -c .libs/libcc_plugin.lai /Users/cam/Documents/Projects/ultima-iv-web/vlc-thumbs/work/build/vlc-arm64/vlc_install_dir/lib/vlc/plugins/codec/libcc_plugin.la
libtool: install: /usr/local/bin/ginstall -c .libs/libcvdsub_plugin.dylib /Users/cam/Documents/Projects/ultima-iv-web/vlc-thumbs/work/build/vlc-arm64/vlc_install_dir/lib/vlc/plugins/codec/libcvdsub_plugin.dylib
libtool: install: /usr/local/bin/ginstall -c .libs/libcvdsub_plugin.lai /Users/cam/Documents/Projects/ultima-iv-web/vlc-thumbs/work/build/vlc-arm64/vlc_install_dir/lib/vlc/plugins/codec/libcvdsub_plugin.la
libtool: install: /usr/local/bin/ginstall -c .libs/libdvbsub_plugin.dylib /Users/cam/Documents/Projects/ultima-iv-web/vlc-thumbs/work/build/vlc-arm64/vlc_install_dir/lib/vlc/plugins/codec/libdvbsub_plugin.dylib
libtool: install: /usr/local/bin/ginstall -c .libs/libdvbsub_plugin.lai /Users/cam/Documents/Projects/ultima-iv-web/vlc-thumbs/work/build/vlc-arm64/vlc_install_dir/lib/vlc/plugins/codec/libdvbsub_plugin.la
libtool: install: /usr/local/bin/ginstall -c .libs/libaribsub_plugin.dylib /Users/cam/Documents/Projects/ultima-iv-web/vlc-thumbs/work/build/vlc-arm64/vlc_install_dir/lib/vlc/plugins/codec/libaribsub_plugin.dylib
libtool: install: /usr/local/bin/ginstall -c .libs/libaribsub_plugin.lai /Users/cam/Documents/Projects/ultima-iv-web/vlc-thumbs/work/build/vlc-arm64/vlc_install_dir/lib/vlc/plugins/codec/libaribsub_plugin.la
libtool: install: /usr/local/bin/ginstall -c .libs/libscte18_plugin.dylib /Users/cam/Documents/Projects/ultima-iv-web/vlc-thumbs/work/build/vlc-arm64/vlc_install_dir/lib/vlc/plugins/codec/libscte18_plugin.dylib
libtool: install: /usr/local/bin/ginstall -c .libs/libscte18_plugin.lai /Users/cam/Documents/Projects/ultima-iv-web/vlc-thumbs/work/build/vlc-arm64/vlc_install_dir/lib/vlc/plugins/codec/libscte18_plugin.la
libtool: install: /usr/local/bin/ginstall -c .libs/libscte27_plugin.dylib /Users/cam/Documents/Projects/ultima-iv-web/vlc-thumbs/work/build/vlc-arm64/vlc_install_dir/lib/vlc/plugins/codec/libscte27_plugin.dylib
libtool: install: /usr/local/bin/ginstall -c .libs/libscte27_plugin.lai /Users/cam/Documents/Projects/ultima-iv-web/vlc-thumbs/work/build/vlc-arm64/vlc_install_dir/lib/vlc/plugins/codec/libscte27_plugin.la
libtool: install: /usr/local/bin/ginstall -c .libs/libspudec_plugin.dylib /Users/cam/Documents/Projects/ultima-iv-web/vlc-thumbs/work/build/vlc-arm64/vlc_install_dir/lib/vlc/plugins/codec/libspudec_plugin.dylib
libtool: install: /usr/local/bin/ginstall -c .libs/libspudec_plugin.lai /Users/cam/Documents/Projects/ultima-iv-web/vlc-thumbs/work/build/vlc-arm64/vlc_install_dir/lib/vlc/plugins/codec/libspudec_plugin.la
libtool: install: /usr/local/bin/ginstall -c .libs/libstl_plugin.dylib /Users/cam/Documents/Projects/ultima-iv-web/vlc-thumbs/work/build/vlc-arm64/vlc_install_dir/lib/vlc/plugins/codec/libstl_plugin.dylib
libtool: install: /usr/local/bin/ginstall -c .libs/libstl_plugin.lai /Users/cam/Documents/Projects/ultima-iv-web/vlc-thumbs/work/build/vlc-arm64/vlc_install_dir/lib/vlc/plugins/codec/libstl_plugin.la
libtool: install: /usr/local/bin/ginstall -c .libs/libsubsdec_plugin.dylib /Users/cam/Documents/Projects/ultima-iv-web/vlc-thumbs/work/build/vlc-arm64/vlc_install_dir/lib/vlc/plugins/codec/libsubsdec_plugin.dylib
libtool: install: /usr/local/bin/ginstall -c .libs/libsubsdec_plugin.lai /Users/cam/Documents/Projects/ultima-iv-web/vlc-thumbs/work/build/vlc-arm64/vlc_install_dir/lib/vlc/plugins/codec/libsubsdec_plugin.la
libtool: install: /usr/local/bin/ginstall -c .libs/libsubsusf_plugin.dylib /Users/cam/Documents/Projects/ultima-iv-web/vlc-thumbs/work/build/vlc-arm64/vlc_install_dir/lib/vlc/plugins/codec/libsubsusf_plugin.dylib
libtool: install: /usr/local/bin/ginstall -c .libs/libsubsusf_plugin.lai /Users/cam/Documents/Projects/ultima-iv-web/vlc-thumbs/work/build/vlc-arm64/vlc_install_dir/lib/vlc/plugins/codec/libsubsusf_plugin.la
libtool: install: /usr/local/bin/ginstall -c .libs/libttml_plugin.dylib /Users/cam/Documents/Projects/ultima-iv-web/vlc-thumbs/work/build/vlc-arm64/vlc_install_dir/lib/vlc/plugins/codec/libttml_plugin.dylib
libtool: install: /usr/local/bin/ginstall -c .libs/libttml_plugin.lai /Users/cam/Documents/Projects/ultima-iv-web/vlc-thumbs/work/build/vlc-arm64/vlc_install_dir/lib/vlc/plugins/codec/libttml_plugin.la
libtool: install: /usr/local/bin/ginstall -c .libs/libwebvtt_plugin.dylib /Users/cam/Documents/Projects/ultima-iv-web/vlc-thumbs/work/build/vlc-arm64/vlc_install_dir/lib/vlc/plugins/codec/libwebvtt_plugin.dylib
libtool: install: /usr/local/bin/ginstall -c .libs/libwebvtt_plugin.lai /Users/cam/Documents/Projects/ultima-iv-web/vlc-thumbs/work/build/vlc-arm64/vlc_install_dir/lib/vlc/plugins/codec/libwebvtt_plugin.la
libtool: install: /usr/local/bin/ginstall -c .libs/libsvcdsub_plugin.dylib /Users/cam/Documents/Projects/ultima-iv-web/vlc-thumbs/work/build/vlc-arm64/vlc_install_dir/lib/vlc/plugins/codec/libsvcdsub_plugin.dylib
libtool: install: /usr/local/bin/ginstall -c .libs/libsvcdsub_plugin.lai /Users/cam/Documents/Projects/ultima-iv-web/vlc-thumbs/work/build/vlc-arm64/vlc_install_dir/lib/vlc/plugins/codec/libsvcdsub_plugin.la
libtool: install: /usr/local/bin/ginstall -c .libs/libt140_plugin.dylib /Users/cam/Documents/Projects/ultima-iv-web/vlc-thumbs/work/build/vlc-arm64/vlc_install_dir/lib/vlc/plugins/codec/libt140_plugin.dylib
libtool: install: /usr/local/bin/ginstall -c .libs/libt140_plugin.lai /Users/cam/Documents/Projects/ultima-iv-web/vlc-thumbs/work/build/vlc-arm64/vlc_install_dir/lib/vlc/plugins/codec/libt140_plugin.la
libtool: install: /usr/local/bin/ginstall -c .libs/libtelx_plugin.dylib /Users/cam/Documents/Projects/ultima-iv-web/vlc-thumbs/work/build/vlc-arm64/vlc_install_dir/lib/vlc/plugins/codec/libtelx_plugin.dylib
libtool: install: /usr/local/bin/ginstall -c .libs/libtelx_plugin.lai /Users/cam/Documents/Projects/ultima-iv-web/vlc-thumbs/work/build/vlc-arm64/vlc_install_dir/lib/vlc/plugins/codec/libtelx_plugin.la
libtool: install: /usr/local/bin/ginstall -c .libs/libtextst_plugin.dylib /Users/cam/Documents/Projects/ultima-iv-web/vlc-thumbs/work/build/vlc-arm64/vlc_install_dir/lib/vlc/plugins/codec/libtextst_plugin.dylib
libtool: install: /usr/local/bin/ginstall -c .libs/libtextst_plugin.lai /Users/cam/Documents/Projects/ultima-iv-web/vlc-thumbs/work/build/vlc-arm64/vlc_install_dir/lib/vlc/plugins/codec/libtextst_plugin.la
libtool: install: /usr/local/bin/ginstall -c .libs/libzvbi_plugin.dylib /Users/cam/Documents/Projects/ultima-iv-web/vlc-thumbs/work/build/vlc-arm64/vlc_install_dir/lib/vlc/plugins/codec/libzvbi_plugin.dylib
libtool: install: /usr/local/bin/ginstall -c .libs/libzvbi_plugin.lai /Users/cam/Documents/Projects/ultima-iv-web/vlc-thumbs/work/build/vlc-arm64/vlc_install_dir/lib/vlc/plugins/codec/libzvbi_plugin.la
libtool: install: /usr/local/bin/ginstall -c .libs/libsubstx3g_plugin.dylib /Users/cam/Documents/Projects/ultima-iv-web/vlc-thumbs/work/build/vlc-arm64/vlc_install_dir/lib/vlc/plugins/codec/libsubstx3g_plugin.dylib
libtool: install: /usr/local/bin/ginstall -c .libs/libsubstx3g_plugin.lai /Users/cam/Documents/Projects/ultima-iv-web/vlc-thumbs/work/build/vlc-arm64/vlc_install_dir/lib/vlc/plugins/codec/libsubstx3g_plugin.la
libtool: install: /usr/local/bin/ginstall -c .libs/libflac_plugin.dylib /Users/cam/Documents/Projects/ultima-iv-web/vlc-thumbs/work/build/vlc-arm64/vlc_install_dir/lib/vlc/plugins/codec/libflac_plugin.dylib
libtool: install: /usr/local/bin/ginstall -c .libs/libflac_plugin.lai /Users/cam/Documents/Projects/ultima-iv-web/vlc-thumbs/work/build/vlc-arm64/vlc_install_dir/lib/vlc/plugins/codec/libflac_plugin.la
libtool: install: /usr/local/bin/ginstall -c .libs/libkate_plugin.dylib /Users/cam/Documents/Projects/ultima-iv-web/vlc-thumbs/work/build/vlc-arm64/vlc_install_dir/lib/vlc/plugins/codec/libkate_plugin.dylib
libtool: install: /usr/local/bin/ginstall -c .libs/libkate_plugin.lai /Users/cam/Documents/Projects/ultima-iv-web/vlc-thumbs/work/build/vlc-arm64/vlc_install_dir/lib/vlc/plugins/codec/libkate_plugin.la
libtool: install: /usr/local/bin/ginstall -c .libs/libopus_plugin.dylib /Users/cam/Documents/Projects/ultima-iv-web/vlc-thumbs/work/build/vlc-arm64/vlc_install_dir/lib/vlc/plugins/codec/libopus_plugin.dylib
libtool: install: /usr/local/bin/ginstall -c .libs/libopus_plugin.lai /Users/cam/Documents/Projects/ultima-iv-web/vlc-thumbs/work/build/vlc-arm64/vlc_install_dir/lib/vlc/plugins/codec/libopus_plugin.la
libtool: install: /usr/local/bin/ginstall -c .libs/libspeex_plugin.dylib /Users/cam/Documents/Projects/ultima-iv-web/vlc-thumbs/work/build/vlc-arm64/vlc_install_dir/lib/vlc/plugins/codec/libspeex_plugin.dylib
libtool: install: /usr/local/bin/ginstall -c .libs/libspeex_plugin.lai /Users/cam/Documents/Projects/ultima-iv-web/vlc-thumbs/work/build/vlc-arm64/vlc_install_dir/lib/vlc/plugins/codec/libspeex_plugin.la
libtool: install: /usr/local/bin/ginstall -c .libs/libtheora_plugin.dylib /Users/cam/Documents/Projects/ultima-iv-web/vlc-thumbs/work/build/vlc-arm64/vlc_install_dir/lib/vlc/plugins/codec/libtheora_plugin.dylib
libtool: install: /usr/local/bin/ginstall -c .libs/libtheora_plugin.lai /Users/cam/Documents/Projects/ultima-iv-web/vlc-thumbs/work/build/vlc-arm64/vlc_install_dir/lib/vlc/plugins/codec/libtheora_plugin.la
libtool: install: /usr/local/bin/ginstall -c .libs/libvorbis_plugin.dylib /Users/cam/Documents/Projects/ultima-iv-web/vlc-thumbs/work/build/vlc-arm64/vlc_install_dir/lib/vlc/plugins/codec/libvorbis_plugin.dylib
libtool: install: /usr/local/bin/ginstall -c .libs/libvorbis_plugin.lai /Users/cam/Documents/Projects/ultima-iv-web/vlc-thumbs/work/build/vlc-arm64/vlc_install_dir/lib/vlc/plugins/codec/libvorbis_plugin.la
libtool: install: /usr/local/bin/ginstall -c .libs/liboggspots_plugin.dylib /Users/cam/Documents/Projects/ultima-iv-web/vlc-thumbs/work/build/vlc-arm64/vlc_install_dir/lib/vlc/plugins/codec/liboggspots_plugin.dylib
libtool: install: /usr/local/bin/ginstall -c .libs/liboggspots_plugin.lai /Users/cam/Documents/Projects/ultima-iv-web/vlc-thumbs/work/build/vlc-arm64/vlc_install_dir/lib/vlc/plugins/codec/liboggspots_plugin.la
libtool: install: /usr/local/bin/ginstall -c .libs/libvideotoolbox_plugin.dylib /Users/cam/Documents/Projects/ultima-iv-web/vlc-thumbs/work/build/vlc-arm64/vlc_install_dir/lib/vlc/plugins/codec/libvideotoolbox_plugin.dylib
libtool: install: /usr/local/bin/ginstall -c .libs/libvideotoolbox_plugin.lai /Users/cam/Documents/Projects/ultima-iv-web/vlc-thumbs/work/build/vlc-arm64/vlc_install_dir/lib/vlc/plugins/codec/libvideotoolbox_plugin.la
libtool: install: /usr/local/bin/ginstall -c .libs/libavcodec_plugin.dylib /Users/cam/Documents/Projects/ultima-iv-web/vlc-thumbs/work/build/vlc-arm64/vlc_install_dir/lib/vlc/plugins/codec/libavcodec_plugin.dylib
libtool: install: /usr/local/bin/ginstall -c .libs/libavcodec_plugin.lai /Users/cam/Documents/Projects/ultima-iv-web/vlc-thumbs/work/build/vlc-arm64/vlc_install_dir/lib/vlc/plugins/codec/libavcodec_plugin.la
libtool: install: /usr/local/bin/ginstall -c .libs/libx265_plugin.dylib /Users/cam/Documents/Projects/ultima-iv-web/vlc-thumbs/work/build/vlc-arm64/vlc_install_dir/lib/vlc/plugins/codec/libx265_plugin.dylib
libtool: install: /usr/local/bin/ginstall -c .libs/libx265_plugin.lai /Users/cam/Documents/Projects/ultima-iv-web/vlc-thumbs/work/build/vlc-arm64/vlc_install_dir/lib/vlc/plugins/codec/libx265_plugin.la
libtool: install: /usr/local/bin/ginstall -c .libs/libx264_plugin.dylib /Users/cam/Documents/Projects/ultima-iv-web/vlc-thumbs/work/build/vlc-arm64/vlc_install_dir/lib/vlc/plugins/codec/libx264_plugin.dylib
libtool: install: /usr/local/bin/ginstall -c .libs/libx264_plugin.lai /Users/cam/Documents/Projects/ultima-iv-web/vlc-thumbs/work/build/vlc-arm64/vlc_install_dir/lib/vlc/plugins/codec/libx264_plugin.la
libtool: install: /usr/local/bin/ginstall -c .libs/libx26410b_plugin.dylib /Users/cam/Documents/Projects/ultima-iv-web/vlc-thumbs/work/build/vlc-arm64/vlc_install_dir/lib/vlc/plugins/codec/libx26410b_plugin.dylib
libtool: install: /usr/local/bin/ginstall -c .libs/libx26410b_plugin.lai /Users/cam/Documents/Projects/ultima-iv-web/vlc-thumbs/work/build/vlc-arm64/vlc_install_dir/lib/vlc/plugins/codec/libx26410b_plugin.la
libtool: install: /usr/local/bin/ginstall -c .libs/libvpx_plugin.dylib /Users/cam/Documents/Projects/ultima-iv-web/vlc-thumbs/work/build/vlc-arm64/vlc_install_dir/lib/vlc/plugins/codec/libvpx_plugin.dylib
libtool: install: /usr/local/bin/ginstall -c .libs/libvpx_plugin.lai /Users/cam/Documents/Projects/ultima-iv-web/vlc-thumbs/work/build/vlc-arm64/vlc_install_dir/lib/vlc/plugins/codec/libvpx_plugin.la
libtool: install: /usr/local/bin/ginstall -c .libs/libaom_plugin.dylib /Users/cam/Documents/Projects/ultima-iv-web/vlc-thumbs/work/build/vlc-arm64/vlc_install_dir/lib/vlc/plugins/codec/libaom_plugin.dylib
libtool: install: /usr/local/bin/ginstall -c .libs/libaom_plugin.lai /Users/cam/Documents/Projects/ultima-iv-web/vlc-thumbs/work/build/vlc-arm64/vlc_install_dir/lib/vlc/plugins/codec/libaom_plugin.la
libtool: install: /usr/local/bin/ginstall -c .libs/libtwolame_plugin.dylib /Users/cam/Documents/Projects/ultima-iv-web/vlc-thumbs/work/build/vlc-arm64/vlc_install_dir/lib/vlc/plugins/codec/libtwolame_plugin.dylib
libtool: install: /usr/local/bin/ginstall -c .libs/libtwolame_plugin.lai /Users/cam/Documents/Projects/ultima-iv-web/vlc-thumbs/work/build/vlc-arm64/vlc_install_dir/lib/vlc/plugins/codec/libtwolame_plugin.la
libtool: install: /usr/local/bin/ginstall -c .libs/libdav1d_plugin.dylib /Users/cam/Documents/Projects/ultima-iv-web/vlc-thumbs/work/build/vlc-arm64/vlc_install_dir/lib/vlc/plugins/codec/libdav1d_plugin.dylib
libtool: install: /usr/local/bin/ginstall -c .libs/libdav1d_plugin.lai /Users/cam/Documents/Projects/ultima-iv-web/vlc-thumbs/work/build/vlc-arm64/vlc_install_dir/lib/vlc/plugins/codec/libdav1d_plugin.la
 /usr/local/bin/gmkdir -p '/Users/cam/Documents/Projects/ultima-iv-web/vlc-thumbs/work/build/vlc-arm64/vlc_install_dir/lib/vlc/plugins/control'
 ../doltlibtool   --mode=install /usr/local/bin/ginstall -c   libdummy_plugin.la libgestures_plugin.la libhotkeys_plugin.la libnetsync_plugin.la liboldrc_plugin.la libmotion_plugin.la '/Users/cam/Documents/Projects/ultima-iv-web/vlc-thumbs/work/build/vlc-arm64/vlc_install_dir/lib/vlc/plugins/control'
libtool: install: /usr/local/bin/ginstall -c .libs/libdummy_plugin.dylib /Users/cam/Documents/Projects/ultima-iv-web/vlc-thumbs/work/build/vlc-arm64/vlc_install_dir/lib/vlc/plugins/control/libdummy_plugin.dylib
libtool: install: /usr/local/bin/ginstall -c .libs/libdummy_plugin.lai /Users/cam/Documents/Projects/ultima-iv-web/vlc-thumbs/work/build/vlc-arm64/vlc_install_dir/lib/vlc/plugins/control/libdummy_plugin.la
libtool: install: /usr/local/bin/ginstall -c .libs/libgestures_plugin.dylib /Users/cam/Documents/Projects/ultima-iv-web/vlc-thumbs/work/build/vlc-arm64/vlc_install_dir/lib/vlc/plugins/control/libgestures_plugin.dylib
libtool: install: /usr/local/bin/ginstall -c .libs/libgestures_plugin.lai /Users/cam/Documents/Projects/ultima-iv-web/vlc-thumbs/work/build/vlc-arm64/vlc_install_dir/lib/vlc/plugins/control/libgestures_plugin.la
libtool: install: /usr/local/bin/ginstall -c .libs/libhotkeys_plugin.dylib /Users/cam/Documents/Projects/ultima-iv-web/vlc-thumbs/work/build/vlc-arm64/vlc_install_dir/lib/vlc/plugins/control/libhotkeys_plugin.dylib
libtool: install: /usr/local/bin/ginstall -c .libs/libhotkeys_plugin.lai /Users/cam/Documents/Projects/ultima-iv-web/vlc-thumbs/work/build/vlc-arm64/vlc_install_dir/lib/vlc/plugins/control/libhotkeys_plugin.la
libtool: install: /usr/local/bin/ginstall -c .libs/libnetsync_plugin.dylib /Users/cam/Documents/Projects/ultima-iv-web/vlc-thumbs/work/build/vlc-arm64/vlc_install_dir/lib/vlc/plugins/control/libnetsync_plugin.dylib
libtool: install: /usr/local/bin/ginstall -c .libs/libnetsync_plugin.lai /Users/cam/Documents/Projects/ultima-iv-web/vlc-thumbs/work/build/vlc-arm64/vlc_install_dir/lib/vlc/plugins/control/libnetsync_plugin.la
libtool: install: /usr/local/bin/ginstall -c .libs/liboldrc_plugin.dylib /Users/cam/Documents/Projects/ultima-iv-web/vlc-thumbs/work/build/vlc-arm64/vlc_install_dir/lib/vlc/plugins/control/liboldrc_plugin.dylib
libtool: install: /usr/local/bin/ginstall -c .libs/liboldrc_plugin.lai /Users/cam/Documents/Projects/ultima-iv-web/vlc-thumbs/work/build/vlc-arm64/vlc_install_dir/lib/vlc/plugins/control/liboldrc_plugin.la
libtool: install: /usr/local/bin/ginstall -c .libs/libmotion_plugin.dylib /Users/cam/Documents/Projects/ultima-iv-web/vlc-thumbs/work/build/vlc-arm64/vlc_install_dir/lib/vlc/plugins/control/libmotion_plugin.dylib
libtool: install: /usr/local/bin/ginstall -c .libs/libmotion_plugin.lai /Users/cam/Documents/Projects/ultima-iv-web/vlc-thumbs/work/build/vlc-arm64/vlc_install_dir/lib/vlc/plugins/control/libmotion_plugin.la
 /usr/local/bin/gmkdir -p '/Users/cam/Documents/Projects/ultima-iv-web/vlc-thumbs/work/build/vlc-arm64/vlc_install_dir/lib/vlc/plugins/demux'
 ../doltlibtool   --mode=install /usr/local/bin/ginstall -c   libflacsys_plugin.la libogg_plugin.la libdemuxdump_plugin.la librawdv_plugin.la librawvid_plugin.la libau_plugin.la librawaud_plugin.la libwav_plugin.la libnsv_plugin.la libreal_plugin.la libps_plugin.la libmod_plugin.la libpva_plugin.la libaiff_plugin.la libmjpeg_plugin.la libsubtitle_plugin.la libty_plugin.la libvobsub_plugin.la libvoc_plugin.la libxa_plugin.la libnuv_plugin.la libnsc_plugin.la libmpc_plugin.la libtta_plugin.la libvc1_plugin.la libdemux_cdg_plugin.la libsmf_plugin.la libdmxmus_plugin.la libgme_plugin.la libsid_plugin.la libdiracsys_plugin.la libimage_plugin.la libdemux_stl_plugin.la libasf_plugin.la libavi_plugin.la libcaf_plugin.la libdirectory_demux_plugin.la libes_plugin.la libh26x_plugin.la libmkv_plugin.la libmp4_plugin.la libmpgv_plugin.la libplaylist_plugin.la libts_plugin.la libadaptive_plugin.la libnoseek_plugin.la libdemux_chromecast_plugin.la '/Users/cam/Documents/Projects/ultima-iv-web/vlc-thumbs/work/build/vlc-arm64/vlc_install_dir/lib/vlc/plugins/demux'
libtool: install: /usr/local/bin/ginstall -c .libs/libflacsys_plugin.dylib /Users/cam/Documents/Projects/ultima-iv-web/vlc-thumbs/work/build/vlc-arm64/vlc_install_dir/lib/vlc/plugins/demux/libflacsys_plugin.dylib
libtool: install: /usr/local/bin/ginstall -c .libs/libflacsys_plugin.lai /Users/cam/Documents/Projects/ultima-iv-web/vlc-thumbs/work/build/vlc-arm64/vlc_install_dir/lib/vlc/plugins/demux/libflacsys_plugin.la
libtool: install: /usr/local/bin/ginstall -c .libs/libogg_plugin.dylib /Users/cam/Documents/Projects/ultima-iv-web/vlc-thumbs/work/build/vlc-arm64/vlc_install_dir/lib/vlc/plugins/demux/libogg_plugin.dylib
libtool: install: /usr/local/bin/ginstall -c .libs/libogg_plugin.lai /Users/cam/Documents/Projects/ultima-iv-web/vlc-thumbs/work/build/vlc-arm64/vlc_install_dir/lib/vlc/plugins/demux/libogg_plugin.la
libtool: install: /usr/local/bin/ginstall -c .libs/libdemuxdump_plugin.dylib /Users/cam/Documents/Projects/ultima-iv-web/vlc-thumbs/work/build/vlc-arm64/vlc_install_dir/lib/vlc/plugins/demux/libdemuxdump_plugin.dylib
libtool: install: /usr/local/bin/ginstall -c .libs/libdemuxdump_plugin.lai /Users/cam/Documents/Projects/ultima-iv-web/vlc-thumbs/work/build/vlc-arm64/vlc_install_dir/lib/vlc/plugins/demux/libdemuxdump_plugin.la
libtool: install: /usr/local/bin/ginstall -c .libs/librawdv_plugin.dylib /Users/cam/Documents/Projects/ultima-iv-web/vlc-thumbs/work/build/vlc-arm64/vlc_install_dir/lib/vlc/plugins/demux/librawdv_plugin.dylib
libtool: install: /usr/local/bin/ginstall -c .libs/librawdv_plugin.lai /Users/cam/Documents/Projects/ultima-iv-web/vlc-thumbs/work/build/vlc-arm64/vlc_install_dir/lib/vlc/plugins/demux/librawdv_plugin.la
libtool: install: /usr/local/bin/ginstall -c .libs/librawvid_plugin.dylib /Users/cam/Documents/Projects/ultima-iv-web/vlc-thumbs/work/build/vlc-arm64/vlc_install_dir/lib/vlc/plugins/demux/librawvid_plugin.dylib
libtool: install: /usr/local/bin/ginstall -c .libs/librawvid_plugin.lai /Users/cam/Documents/Projects/ultima-iv-web/vlc-thumbs/work/build/vlc-arm64/vlc_install_dir/lib/vlc/plugins/demux/librawvid_plugin.la
libtool: install: /usr/local/bin/ginstall -c .libs/libau_plugin.dylib /Users/cam/Documents/Projects/ultima-iv-web/vlc-thumbs/work/build/vlc-arm64/vlc_install_dir/lib/vlc/plugins/demux/libau_plugin.dylib
libtool: install: /usr/local/bin/ginstall -c .libs/libau_plugin.lai /Users/cam/Documents/Projects/ultima-iv-web/vlc-thumbs/work/build/vlc-arm64/vlc_install_dir/lib/vlc/plugins/demux/libau_plugin.la
libtool: install: /usr/local/bin/ginstall -c .libs/librawaud_plugin.dylib /Users/cam/Documents/Projects/ultima-iv-web/vlc-thumbs/work/build/vlc-arm64/vlc_install_dir/lib/vlc/plugins/demux/librawaud_plugin.dylib
libtool: install: /usr/local/bin/ginstall -c .libs/librawaud_plugin.lai /Users/cam/Documents/Projects/ultima-iv-web/vlc-thumbs/work/build/vlc-arm64/vlc_install_dir/lib/vlc/plugins/demux/librawaud_plugin.la
libtool: install: /usr/local/bin/ginstall -c .libs/libwav_plugin.dylib /Users/cam/Documents/Projects/ultima-iv-web/vlc-thumbs/work/build/vlc-arm64/vlc_install_dir/lib/vlc/plugins/demux/libwav_plugin.dylib
libtool: install: /usr/local/bin/ginstall -c .libs/libwav_plugin.lai /Users/cam/Documents/Projects/ultima-iv-web/vlc-thumbs/work/build/vlc-arm64/vlc_install_dir/lib/vlc/plugins/demux/libwav_plugin.la
libtool: install: /usr/local/bin/ginstall -c .libs/libnsv_plugin.dylib /Users/cam/Documents/Projects/ultima-iv-web/vlc-thumbs/work/build/vlc-arm64/vlc_install_dir/lib/vlc/plugins/demux/libnsv_plugin.dylib
libtool: install: /usr/local/bin/ginstall -c .libs/libnsv_plugin.lai /Users/cam/Documents/Projects/ultima-iv-web/vlc-thumbs/work/build/vlc-arm64/vlc_install_dir/lib/vlc/plugins/demux/libnsv_plugin.la
libtool: install: /usr/local/bin/ginstall -c .libs/libreal_plugin.dylib /Users/cam/Documents/Projects/ultima-iv-web/vlc-thumbs/work/build/vlc-arm64/vlc_install_dir/lib/vlc/plugins/demux/libreal_plugin.dylib
libtool: install: /usr/local/bin/ginstall -c .libs/libreal_plugin.lai /Users/cam/Documents/Projects/ultima-iv-web/vlc-thumbs/work/build/vlc-arm64/vlc_install_dir/lib/vlc/plugins/demux/libreal_plugin.la
libtool: install: /usr/local/bin/ginstall -c .libs/libps_plugin.dylib /Users/cam/Documents/Projects/ultima-iv-web/vlc-thumbs/work/build/vlc-arm64/vlc_install_dir/lib/vlc/plugins/demux/libps_plugin.dylib
libtool: install: /usr/local/bin/ginstall -c .libs/libps_plugin.lai /Users/cam/Documents/Projects/ultima-iv-web/vlc-thumbs/work/build/vlc-arm64/vlc_install_dir/lib/vlc/plugins/demux/libps_plugin.la
libtool: install: /usr/local/bin/ginstall -c .libs/libmod_plugin.dylib /Users/cam/Documents/Projects/ultima-iv-web/vlc-thumbs/work/build/vlc-arm64/vlc_install_dir/lib/vlc/plugins/demux/libmod_plugin.dylib
libtool: install: /usr/local/bin/ginstall -c .libs/libmod_plugin.lai /Users/cam/Documents/Projects/ultima-iv-web/vlc-thumbs/work/build/vlc-arm64/vlc_install_dir/lib/vlc/plugins/demux/libmod_plugin.la
libtool: install: /usr/local/bin/ginstall -c .libs/libpva_plugin.dylib /Users/cam/Documents/Projects/ultima-iv-web/vlc-thumbs/work/build/vlc-arm64/vlc_install_dir/lib/vlc/plugins/demux/libpva_plugin.dylib
libtool: install: /usr/local/bin/ginstall -c .libs/libpva_plugin.lai /Users/cam/Documents/Projects/ultima-iv-web/vlc-thumbs/work/build/vlc-arm64/vlc_install_dir/lib/vlc/plugins/demux/libpva_plugin.la
libtool: install: /usr/local/bin/ginstall -c .libs/libaiff_plugin.dylib /Users/cam/Documents/Projects/ultima-iv-web/vlc-thumbs/work/build/vlc-arm64/vlc_install_dir/lib/vlc/plugins/demux/libaiff_plugin.dylib
libtool: install: /usr/local/bin/ginstall -c .libs/libaiff_plugin.lai /Users/cam/Documents/Projects/ultima-iv-web/vlc-thumbs/work/build/vlc-arm64/vlc_install_dir/lib/vlc/plugins/demux/libaiff_plugin.la
libtool: install: /usr/local/bin/ginstall -c .libs/libmjpeg_plugin.dylib /Users/cam/Documents/Projects/ultima-iv-web/vlc-thumbs/work/build/vlc-arm64/vlc_install_dir/lib/vlc/plugins/demux/libmjpeg_plugin.dylib
libtool: install: /usr/local/bin/ginstall -c .libs/libmjpeg_plugin.lai /Users/cam/Documents/Projects/ultima-iv-web/vlc-thumbs/work/build/vlc-arm64/vlc_install_dir/lib/vlc/plugins/demux/libmjpeg_plugin.la
libtool: install: /usr/local/bin/ginstall -c .libs/libsubtitle_plugin.dylib /Users/cam/Documents/Projects/ultima-iv-web/vlc-thumbs/work/build/vlc-arm64/vlc_install_dir/lib/vlc/plugins/demux/libsubtitle_plugin.dylib
libtool: install: /usr/local/bin/ginstall -c .libs/libsubtitle_plugin.lai /Users/cam/Documents/Projects/ultima-iv-web/vlc-thumbs/work/build/vlc-arm64/vlc_install_dir/lib/vlc/plugins/demux/libsubtitle_plugin.la
libtool: install: /usr/local/bin/ginstall -c .libs/libty_plugin.dylib /Users/cam/Documents/Projects/ultima-iv-web/vlc-thumbs/work/build/vlc-arm64/vlc_install_dir/lib/vlc/plugins/demux/libty_plugin.dylib
libtool: install: /usr/local/bin/ginstall -c .libs/libty_plugin.lai /Users/cam/Documents/Projects/ultima-iv-web/vlc-thumbs/work/build/vlc-arm64/vlc_install_dir/lib/vlc/plugins/demux/libty_plugin.la
libtool: install: /usr/local/bin/ginstall -c .libs/libvobsub_plugin.dylib /Users/cam/Documents/Projects/ultima-iv-web/vlc-thumbs/work/build/vlc-arm64/vlc_install_dir/lib/vlc/plugins/demux/libvobsub_plugin.dylib
libtool: install: /usr/local/bin/ginstall -c .libs/libvobsub_plugin.lai /Users/cam/Documents/Projects/ultima-iv-web/vlc-thumbs/work/build/vlc-arm64/vlc_install_dir/lib/vlc/plugins/demux/libvobsub_plugin.la
libtool: install: /usr/local/bin/ginstall -c .libs/libvoc_plugin.dylib /Users/cam/Documents/Projects/ultima-iv-web/vlc-thumbs/work/build/vlc-arm64/vlc_install_dir/lib/vlc/plugins/demux/libvoc_plugin.dylib
libtool: install: /usr/local/bin/ginstall -c .libs/libvoc_plugin.lai /Users/cam/Documents/Projects/ultima-iv-web/vlc-thumbs/work/build/vlc-arm64/vlc_install_dir/lib/vlc/plugins/demux/libvoc_plugin.la
libtool: install: /usr/local/bin/ginstall -c .libs/libxa_plugin.dylib /Users/cam/Documents/Projects/ultima-iv-web/vlc-thumbs/work/build/vlc-arm64/vlc_install_dir/lib/vlc/plugins/demux/libxa_plugin.dylib
libtool: install: /usr/local/bin/ginstall -c .libs/libxa_plugin.lai /Users/cam/Documents/Projects/ultima-iv-web/vlc-thumbs/work/build/vlc-arm64/vlc_install_dir/lib/vlc/plugins/demux/libxa_plugin.la
libtool: install: /usr/local/bin/ginstall -c .libs/libnuv_plugin.dylib /Users/cam/Documents/Projects/ultima-iv-web/vlc-thumbs/work/build/vlc-arm64/vlc_install_dir/lib/vlc/plugins/demux/libnuv_plugin.dylib
libtool: install: /usr/local/bin/ginstall -c .libs/libnuv_plugin.lai /Users/cam/Documents/Projects/ultima-iv-web/vlc-thumbs/work/build/vlc-arm64/vlc_install_dir/lib/vlc/plugins/demux/libnuv_plugin.la
libtool: install: /usr/local/bin/ginstall -c .libs/libnsc_plugin.dylib /Users/cam/Documents/Projects/ultima-iv-web/vlc-thumbs/work/build/vlc-arm64/vlc_install_dir/lib/vlc/plugins/demux/libnsc_plugin.dylib
libtool: install: /usr/local/bin/ginstall -c .libs/libnsc_plugin.lai /Users/cam/Documents/Projects/ultima-iv-web/vlc-thumbs/work/build/vlc-arm64/vlc_install_dir/lib/vlc/plugins/demux/libnsc_plugin.la
libtool: install: /usr/local/bin/ginstall -c .libs/libmpc_plugin.dylib /Users/cam/Documents/Projects/ultima-iv-web/vlc-thumbs/work/build/vlc-arm64/vlc_install_dir/lib/vlc/plugins/demux/libmpc_plugin.dylib
libtool: install: /usr/local/bin/ginstall -c .libs/libmpc_plugin.lai /Users/cam/Documents/Projects/ultima-iv-web/vlc-thumbs/work/build/vlc-arm64/vlc_install_dir/lib/vlc/plugins/demux/libmpc_plugin.la
libtool: install: /usr/local/bin/ginstall -c .libs/libtta_plugin.dylib /Users/cam/Documents/Projects/ultima-iv-web/vlc-thumbs/work/build/vlc-arm64/vlc_install_dir/lib/vlc/plugins/demux/libtta_plugin.dylib
libtool: install: /usr/local/bin/ginstall -c .libs/libtta_plugin.lai /Users/cam/Documents/Projects/ultima-iv-web/vlc-thumbs/work/build/vlc-arm64/vlc_install_dir/lib/vlc/plugins/demux/libtta_plugin.la
libtool: install: /usr/local/bin/ginstall -c .libs/libvc1_plugin.dylib /Users/cam/Documents/Projects/ultima-iv-web/vlc-thumbs/work/build/vlc-arm64/vlc_install_dir/lib/vlc/plugins/demux/libvc1_plugin.dylib
libtool: install: /usr/local/bin/ginstall -c .libs/libvc1_plugin.lai /Users/cam/Documents/Projects/ultima-iv-web/vlc-thumbs/work/build/vlc-arm64/vlc_install_dir/lib/vlc/plugins/demux/libvc1_plugin.la
libtool: install: /usr/local/bin/ginstall -c .libs/libdemux_cdg_plugin.dylib /Users/cam/Documents/Projects/ultima-iv-web/vlc-thumbs/work/build/vlc-arm64/vlc_install_dir/lib/vlc/plugins/demux/libdemux_cdg_plugin.dylib
libtool: install: /usr/local/bin/ginstall -c .libs/libdemux_cdg_plugin.lai /Users/cam/Documents/Projects/ultima-iv-web/vlc-thumbs/work/build/vlc-arm64/vlc_install_dir/lib/vlc/plugins/demux/libdemux_cdg_plugin.la
libtool: install: /usr/local/bin/ginstall -c .libs/libsmf_plugin.dylib /Users/cam/Documents/Projects/ultima-iv-web/vlc-thumbs/work/build/vlc-arm64/vlc_install_dir/lib/vlc/plugins/demux/libsmf_plugin.dylib
libtool: install: /usr/local/bin/ginstall -c .libs/libsmf_plugin.lai /Users/cam/Documents/Projects/ultima-iv-web/vlc-thumbs/work/build/vlc-arm64/vlc_install_dir/lib/vlc/plugins/demux/libsmf_plugin.la
libtool: install: /usr/local/bin/ginstall -c .libs/libdmxmus_plugin.dylib /Users/cam/Documents/Projects/ultima-iv-web/vlc-thumbs/work/build/vlc-arm64/vlc_install_dir/lib/vlc/plugins/demux/libdmxmus_plugin.dylib
libtool: install: /usr/local/bin/ginstall -c .libs/libdmxmus_plugin.lai /Users/cam/Documents/Projects/ultima-iv-web/vlc-thumbs/work/build/vlc-arm64/vlc_install_dir/lib/vlc/plugins/demux/libdmxmus_plugin.la
libtool: install: /usr/local/bin/ginstall -c .libs/libgme_plugin.dylib /Users/cam/Documents/Projects/ultima-iv-web/vlc-thumbs/work/build/vlc-arm64/vlc_install_dir/lib/vlc/plugins/demux/libgme_plugin.dylib
libtool: install: /usr/local/bin/ginstall -c .libs/libgme_plugin.lai /Users/cam/Documents/Projects/ultima-iv-web/vlc-thumbs/work/build/vlc-arm64/vlc_install_dir/lib/vlc/plugins/demux/libgme_plugin.la
libtool: install: /usr/local/bin/ginstall -c .libs/libsid_plugin.dylib /Users/cam/Documents/Projects/ultima-iv-web/vlc-thumbs/work/build/vlc-arm64/vlc_install_dir/lib/vlc/plugins/demux/libsid_plugin.dylib
libtool: install: /usr/local/bin/ginstall -c .libs/libsid_plugin.lai /Users/cam/Documents/Projects/ultima-iv-web/vlc-thumbs/work/build/vlc-arm64/vlc_install_dir/lib/vlc/plugins/demux/libsid_plugin.la
libtool: install: /usr/local/bin/ginstall -c .libs/libdiracsys_plugin.dylib /Users/cam/Documents/Projects/ultima-iv-web/vlc-thumbs/work/build/vlc-arm64/vlc_install_dir/lib/vlc/plugins/demux/libdiracsys_plugin.dylib
libtool: install: /usr/local/bin/ginstall -c .libs/libdiracsys_plugin.lai /Users/cam/Documents/Projects/ultima-iv-web/vlc-thumbs/work/build/vlc-arm64/vlc_install_dir/lib/vlc/plugins/demux/libdiracsys_plugin.la
libtool: install: /usr/local/bin/ginstall -c .libs/libimage_plugin.dylib /Users/cam/Documents/Projects/ultima-iv-web/vlc-thumbs/work/build/vlc-arm64/vlc_install_dir/lib/vlc/plugins/demux/libimage_plugin.dylib
libtool: install: /usr/local/bin/ginstall -c .libs/libimage_plugin.lai /Users/cam/Documents/Projects/ultima-iv-web/vlc-thumbs/work/build/vlc-arm64/vlc_install_dir/lib/vlc/plugins/demux/libimage_plugin.la
libtool: install: /usr/local/bin/ginstall -c .libs/libdemux_stl_plugin.dylib /Users/cam/Documents/Projects/ultima-iv-web/vlc-thumbs/work/build/vlc-arm64/vlc_install_dir/lib/vlc/plugins/demux/libdemux_stl_plugin.dylib
libtool: install: /usr/local/bin/ginstall -c .libs/libdemux_stl_plugin.lai /Users/cam/Documents/Projects/ultima-iv-web/vlc-thumbs/work/build/vlc-arm64/vlc_install_dir/lib/vlc/plugins/demux/libdemux_stl_plugin.la
libtool: install: /usr/local/bin/ginstall -c .libs/libasf_plugin.dylib /Users/cam/Documents/Projects/ultima-iv-web/vlc-thumbs/work/build/vlc-arm64/vlc_install_dir/lib/vlc/plugins/demux/libasf_plugin.dylib
libtool: install: /usr/local/bin/ginstall -c .libs/libasf_plugin.lai /Users/cam/Documents/Projects/ultima-iv-web/vlc-thumbs/work/build/vlc-arm64/vlc_install_dir/lib/vlc/plugins/demux/libasf_plugin.la
libtool: install: /usr/local/bin/ginstall -c .libs/libavi_plugin.dylib /Users/cam/Documents/Projects/ultima-iv-web/vlc-thumbs/work/build/vlc-arm64/vlc_install_dir/lib/vlc/plugins/demux/libavi_plugin.dylib
libtool: install: /usr/local/bin/ginstall -c .libs/libavi_plugin.lai /Users/cam/Documents/Projects/ultima-iv-web/vlc-thumbs/work/build/vlc-arm64/vlc_install_dir/lib/vlc/plugins/demux/libavi_plugin.la
libtool: install: /usr/local/bin/ginstall -c .libs/libcaf_plugin.dylib /Users/cam/Documents/Projects/ultima-iv-web/vlc-thumbs/work/build/vlc-arm64/vlc_install_dir/lib/vlc/plugins/demux/libcaf_plugin.dylib
libtool: install: /usr/local/bin/ginstall -c .libs/libcaf_plugin.lai /Users/cam/Documents/Projects/ultima-iv-web/vlc-thumbs/work/build/vlc-arm64/vlc_install_dir/lib/vlc/plugins/demux/libcaf_plugin.la
libtool: install: /usr/local/bin/ginstall -c .libs/libdirectory_demux_plugin.dylib /Users/cam/Documents/Projects/ultima-iv-web/vlc-thumbs/work/build/vlc-arm64/vlc_install_dir/lib/vlc/plugins/demux/libdirectory_demux_plugin.dylib
libtool: install: /usr/local/bin/ginstall -c .libs/libdirectory_demux_plugin.lai /Users/cam/Documents/Projects/ultima-iv-web/vlc-thumbs/work/build/vlc-arm64/vlc_install_dir/lib/vlc/plugins/demux/libdirectory_demux_plugin.la
libtool: install: /usr/local/bin/ginstall -c .libs/libes_plugin.dylib /Users/cam/Documents/Projects/ultima-iv-web/vlc-thumbs/work/build/vlc-arm64/vlc_install_dir/lib/vlc/plugins/demux/libes_plugin.dylib
libtool: install: /usr/local/bin/ginstall -c .libs/libes_plugin.lai /Users/cam/Documents/Projects/ultima-iv-web/vlc-thumbs/work/build/vlc-arm64/vlc_install_dir/lib/vlc/plugins/demux/libes_plugin.la
libtool: install: /usr/local/bin/ginstall -c .libs/libh26x_plugin.dylib /Users/cam/Documents/Projects/ultima-iv-web/vlc-thumbs/work/build/vlc-arm64/vlc_install_dir/lib/vlc/plugins/demux/libh26x_plugin.dylib
libtool: install: /usr/local/bin/ginstall -c .libs/libh26x_plugin.lai /Users/cam/Documents/Projects/ultima-iv-web/vlc-thumbs/work/build/vlc-arm64/vlc_install_dir/lib/vlc/plugins/demux/libh26x_plugin.la
libtool: install: /usr/local/bin/ginstall -c .libs/libmkv_plugin.dylib /Users/cam/Documents/Projects/ultima-iv-web/vlc-thumbs/work/build/vlc-arm64/vlc_install_dir/lib/vlc/plugins/demux/libmkv_plugin.dylib
libtool: install: /usr/local/bin/ginstall -c .libs/libmkv_plugin.lai /Users/cam/Documents/Projects/ultima-iv-web/vlc-thumbs/work/build/vlc-arm64/vlc_install_dir/lib/vlc/plugins/demux/libmkv_plugin.la
libtool: install: /usr/local/bin/ginstall -c .libs/libmp4_plugin.dylib /Users/cam/Documents/Projects/ultima-iv-web/vlc-thumbs/work/build/vlc-arm64/vlc_install_dir/lib/vlc/plugins/demux/libmp4_plugin.dylib
libtool: install: /usr/local/bin/ginstall -c .libs/libmp4_plugin.lai /Users/cam/Documents/Projects/ultima-iv-web/vlc-thumbs/work/build/vlc-arm64/vlc_install_dir/lib/vlc/plugins/demux/libmp4_plugin.la
libtool: install: /usr/local/bin/ginstall -c .libs/libmpgv_plugin.dylib /Users/cam/Documents/Projects/ultima-iv-web/vlc-thumbs/work/build/vlc-arm64/vlc_install_dir/lib/vlc/plugins/demux/libmpgv_plugin.dylib
libtool: install: /usr/local/bin/ginstall -c .libs/libmpgv_plugin.lai /Users/cam/Documents/Projects/ultima-iv-web/vlc-thumbs/work/build/vlc-arm64/vlc_install_dir/lib/vlc/plugins/demux/libmpgv_plugin.la
libtool: install: /usr/local/bin/ginstall -c .libs/libplaylist_plugin.dylib /Users/cam/Documents/Projects/ultima-iv-web/vlc-thumbs/work/build/vlc-arm64/vlc_install_dir/lib/vlc/plugins/demux/libplaylist_plugin.dylib
libtool: install: /usr/local/bin/ginstall -c .libs/libplaylist_plugin.lai /Users/cam/Documents/Projects/ultima-iv-web/vlc-thumbs/work/build/vlc-arm64/vlc_install_dir/lib/vlc/plugins/demux/libplaylist_plugin.la
libtool: install: /usr/local/bin/ginstall -c .libs/libts_plugin.dylib /Users/cam/Documents/Projects/ultima-iv-web/vlc-thumbs/work/build/vlc-arm64/vlc_install_dir/lib/vlc/plugins/demux/libts_plugin.dylib
libtool: install: /usr/local/bin/ginstall -c .libs/libts_plugin.lai /Users/cam/Documents/Projects/ultima-iv-web/vlc-thumbs/work/build/vlc-arm64/vlc_install_dir/lib/vlc/plugins/demux/libts_plugin.la
libtool: install: /usr/local/bin/ginstall -c .libs/libadaptive_plugin.dylib /Users/cam/Documents/Projects/ultima-iv-web/vlc-thumbs/work/build/vlc-arm64/vlc_install_dir/lib/vlc/plugins/demux/libadaptive_plugin.dylib
libtool: install: /usr/local/bin/ginstall -c .libs/libadaptive_plugin.lai /Users/cam/Documents/Projects/ultima-iv-web/vlc-thumbs/work/build/vlc-arm64/vlc_install_dir/lib/vlc/plugins/demux/libadaptive_plugin.la
libtool: install: /usr/local/bin/ginstall -c .libs/libnoseek_plugin.dylib /Users/cam/Documents/Projects/ultima-iv-web/vlc-thumbs/work/build/vlc-arm64/vlc_install_dir/lib/vlc/plugins/demux/libnoseek_plugin.dylib
libtool: install: /usr/local/bin/ginstall -c .libs/libnoseek_plugin.lai /Users/cam/Documents/Projects/ultima-iv-web/vlc-thumbs/work/build/vlc-arm64/vlc_install_dir/lib/vlc/plugins/demux/libnoseek_plugin.la
libtool: install: /usr/local/bin/ginstall -c .libs/libdemux_chromecast_plugin.dylib /Users/cam/Documents/Projects/ultima-iv-web/vlc-thumbs/work/build/vlc-arm64/vlc_install_dir/lib/vlc/plugins/demux/libdemux_chromecast_plugin.dylib
libtool: install: /usr/local/bin/ginstall -c .libs/libdemux_chromecast_plugin.lai /Users/cam/Documents/Projects/ultima-iv-web/vlc-thumbs/work/build/vlc-arm64/vlc_install_dir/lib/vlc/plugins/demux/libdemux_chromecast_plugin.la
 /usr/local/bin/gmkdir -p '/Users/cam/Documents/Projects/ultima-iv-web/vlc-thumbs/work/build/vlc-arm64/vlc_install_dir/share/macosx/Contents/Resources'
 /usr/local/bin/ginstall -c -m 644 /Users/cam/Documents/Projects/ultima-iv-web/vlc-thumbs/work/build/vlc-source/extras/package/macosx/../../../modules/gui/macosx/Resources/App-Icons/VLC-Xmas.icns /Users/cam/Documents/Projects/ultima-iv-web/vlc-thumbs/work/build/vlc-source/extras/package/macosx/../../../modules/gui/macosx/Resources/App-Icons/VLC.icns /Users/cam/Documents/Projects/ultima-iv-web/vlc-thumbs/work/build/vlc-source/extras/package/macosx/../../../modules/gui/macosx/Resources/App-Icons/Assets.car /Users/cam/Documents/Projects/ultima-iv-web/vlc-thumbs/work/build/vlc-source/extras/package/macosx/../../../modules/gui/macosx/Resources/File-Icons/aiff.icns /Users/cam/Documents/Projects/ultima-iv-web/vlc-thumbs/work/build/vlc-source/extras/package/macosx/../../../modules/gui/macosx/Resources/File-Icons/audio.icns /Users/cam/Documents/Projects/ultima-iv-web/vlc-thumbs/work/build/vlc-source/extras/package/macosx/../../../modules/gui/macosx/Resources/File-Icons/avi.icns /Users/cam/Documents/Projects/ultima-iv-web/vlc-thumbs/work/build/vlc-source/extras/package/macosx/../../../modules/gui/macosx/Resources/File-Icons/flv.icns /Users/cam/Documents/Projects/ultima-iv-web/vlc-thumbs/work/build/vlc-source/extras/package/macosx/../../../modules/gui/macosx/Resources/File-Icons/generic.icns /Users/cam/Documents/Projects/ultima-iv-web/vlc-thumbs/work/build/vlc-source/extras/package/macosx/../../../modules/gui/macosx/Resources/File-Icons/m4a.icns /Users/cam/Documents/Projects/ultima-iv-web/vlc-thumbs/work/build/vlc-source/extras/package/macosx/../../../modules/gui/macosx/Resources/File-Icons/m4v.icns /Users/cam/Documents/Projects/ultima-iv-web/vlc-thumbs/work/build/vlc-source/extras/package/macosx/../../../modules/gui/macosx/Resources/File-Icons/mkv.icns /Users/cam/Documents/Projects/ultima-iv-web/vlc-thumbs/work/build/vlc-source/extras/package/macosx/../../../modules/gui/macosx/Resources/File-Icons/mov.icns /Users/cam/Documents/Projects/ultima-iv-web/vlc-thumbs/work/build/vlc-source/extras/package/macosx/../../../modules/gui/macosx/Resources/File-Icons/movie.icns /Users/cam/Documents/Projects/ultima-iv-web/vlc-thumbs/work/build/vlc-source/extras/package/macosx/../../../modules/gui/macosx/Resources/File-Icons/mp3.icns /Users/cam/Documents/Projects/ultima-iv-web/vlc-thumbs/work/build/vlc-source/extras/package/macosx/../../../modules/gui/macosx/Resources/File-Icons/mpeg.icns /Users/cam/Documents/Projects/ultima-iv-web/vlc-thumbs/work/build/vlc-source/extras/package/macosx/../../../modules/gui/macosx/Resources/File-Icons/ogg.icns /Users/cam/Documents/Projects/ultima-iv-web/vlc-thumbs/work/build/vlc-source/extras/package/macosx/../../../modules/gui/macosx/Resources/File-Icons/playlist.icns /Users/cam/Documents/Projects/ultima-iv-web/vlc-thumbs/work/build/vlc-source/extras/package/macosx/../../../modules/gui/macosx/Resources/File-Icons/rm.icns /Users/cam/Documents/Projects/ultima-iv-web/vlc-thumbs/work/build/vlc-source/extras/package/macosx/../../../modules/gui/macosx/Resources/File-Icons/subtitle.icns /Users/cam/Documents/Projects/ultima-iv-web/vlc-thumbs/work/build/vlc-source/extras/package/macosx/../../../modules/gui/macosx/Resources/File-Icons/vob.icns /Users/cam/Documents/Projects/ultima-iv-web/vlc-thumbs/work/build/vlc-source/extras/package/macosx/../../../modules/gui/macosx/Resources/File-Icons/wav.icns /Users/cam/Documents/Projects/ultima-iv-web/vlc-thumbs/work/build/vlc-source/extras/package/macosx/../../../modules/gui/macosx/Resources/File-Icons/wma.icns /Users/cam/Documents/Projects/ultima-iv-web/vlc-thumbs/work/build/vlc-source/extras/package/macosx/../../../modules/gui/macosx/Resources/File-Icons/wmv.icns /Users/cam/Documents/Projects/ultima-iv-web/vlc-thumbs/work/build/vlc-source/extras/package/macosx/../../../modules/gui/macosx/Resources/mainwindow/backward-3btns-pressed.png /Users/cam/Documents/Projects/ultima-iv-web/vlc-thumbs/work/build/vlc-source/extras/package/macosx/../../../modules/gui/macosx/Resources/mainwindow/backward-3btns-pressed@2x.png /Users/cam/Documents/Projects/ultima-iv-web/vlc-thumbs/work/build/vlc-source/extras/package/macosx/../../../modules/gui/macosx/Resources/mainwindow/backward-3btns.png /Users/cam/Documents/Projects/ultima-iv-web/vlc-thumbs/work/build/vlc-source/extras/package/macosx/../../../modules/gui/macosx/Resources/mainwindow/backward-3btns@2x.png /Users/cam/Documents/Projects/ultima-iv-web/vlc-thumbs/work/build/vlc-source/extras/package/macosx/../../../modules/gui/macosx/Resources/mainwindow/backward-6btns-pressed.png /Users/cam/Documents/Projects/ultima-iv-web/vlc-thumbs/work/build/vlc-source/extras/package/macosx/../../../modules/gui/macosx/Resources/mainwindow/backward-6btns-pressed@2x.png /Users/cam/Documents/Projects/ultima-iv-web/vlc-thumbs/work/build/vlc-source/extras/package/macosx/../../../modules/gui/macosx/Resources/mainwindow/backward-6btns.png /Users/cam/Documents/Projects/ultima-iv-web/vlc-thumbs/work/build/vlc-source/extras/package/macosx/../../../modules/gui/macosx/Resources/mainwindow/backward-6btns@2x.png /Users/cam/Documents/Projects/ultima-iv-web/vlc-thumbs/work/build/vlc-source/extras/package/macosx/../../../modules/gui/macosx/Resources/mainwindow/dropzone-background.png /Users/cam/Documents/Projects/ultima-iv-web/vlc-thumbs/work/build/vlc-source/extras/package/macosx/../../../modules/gui/macosx/Resources/mainwindow/dropzone.png /Users/cam/Documents/Projects/ultima-iv-web/vlc-thumbs/work/build/vlc-source/extras/package/macosx/../../../modules/gui/macosx/Resources/mainwindow/dropzone@2x.png /Users/cam/Documents/Projects/ultima-iv-web/vlc-thumbs/work/build/vlc-source/extras/package/macosx/../../../modules/gui/macosx/Resources/mainwindow/effects-double-buttons-pressed.png /Users/cam/Documents/Projects/ultima-iv-web/vlc-thumbs/work/build/vlc-source/extras/package/macosx/../../../modules/gui/macosx/Resources/mainwindow/effects-double-buttons-pressed@2x.png /Users/cam/Documents/Projects/ultima-iv-web/vlc-thumbs/work/build/vlc-source/extras/package/macosx/../../../modules/gui/macosx/Resources/mainwindow/effects-double-buttons.png /Users/cam/Documents/Projects/ultima-iv-web/vlc-thumbs/work/build/vlc-source/extras/package/macosx/../../../modules/gui/macosx/Resources/mainwindow/effects-double-buttons@2x.png /Users/cam/Documents/Projects/ultima-iv-web/vlc-thumbs/work/build/vlc-source/extras/package/macosx/../../../modules/gui/macosx/Resources/mainwindow/effects-one-button-pressed.png /Users/cam/Documents/Projects/ultima-iv-web/vlc-thumbs/work/build/vlc-source/extras/package/macosx/../../../modules/gui/macosx/Resources/mainwindow/effects-one-button-pressed@2x.png '/Users/cam/Documents/Projects/ultima-iv-web/vlc-thumbs/work/build/vlc-arm64/vlc_install_dir/share/macosx/Contents/Resources'
 /usr/local/bin/ginstall -c -m 644 /Users/cam/Documents/Projects/ultima-iv-web/vlc-thumbs/work/build/vlc-source/extras/package/macosx/../../../modules/gui/macosx/Resources/mainwindow/effects-one-button.png /Users/cam/Documents/Projects/ultima-iv-web/vlc-thumbs/work/build/vlc-source/extras/package/macosx/../../../modules/gui/macosx/Resources/mainwindow/effects-one-button@2x.png /Users/cam/Documents/Projects/ultima-iv-web/vlc-thumbs/work/build/vlc-source/extras/package/macosx/../../../modules/gui/macosx/Resources/mainwindow/forward-3btns-pressed.png /Users/cam/Documents/Projects/ultima-iv-web/vlc-thumbs/work/build/vlc-source/extras/package/macosx/../../../modules/gui/macosx/Resources/mainwindow/forward-3btns-pressed@2x.png /Users/cam/Documents/Projects/ultima-iv-web/vlc-thumbs/work/build/vlc-source/extras/package/macosx/../../../modules/gui/macosx/Resources/mainwindow/forward-3btns.png /Users/cam/Documents/Projects/ultima-iv-web/vlc-thumbs/work/build/vlc-source/extras/package/macosx/../../../modules/gui/macosx/Resources/mainwindow/forward-3btns@2x.png /Users/cam/Documents/Projects/ultima-iv-web/vlc-thumbs/work/build/vlc-source/extras/package/macosx/../../../modules/gui/macosx/Resources/mainwindow/forward-6btns-pressed.png /Users/cam/Documents/Projects/ultima-iv-web/vlc-thumbs/work/build/vlc-source/extras/package/macosx/../../../modules/gui/macosx/Resources/mainwindow/forward-6btns-pressed@2x.png /Users/cam/Documents/Projects/ultima-iv-web/vlc-thumbs/work/build/vlc-source/extras/package/macosx/../../../modules/gui/macosx/Resources/mainwindow/forward-6btns.png /Users/cam/Documents/Projects/ultima-iv-web/vlc-thumbs/work/build/vlc-source/extras/package/macosx/../../../modules/gui/macosx/Resources/mainwindow/forward-6btns@2x.png /Users/cam/Documents/Projects/ultima-iv-web/vlc-thumbs/work/build/vlc-source/extras/package/macosx/../../../modules/gui/macosx/Resources/mainwindow/fullscreen-double-buttons-pressed.png /Users/cam/Documents/Projects/ultima-iv-web/vlc-thumbs/work/build/vlc-source/extras/package/macosx/../../../modules/gui/macosx/Resources/mainwindow/fullscreen-double-buttons-pressed@2x.png /Users/cam/Documents/Projects/ultima-iv-web/vlc-thumbs/work/build/vlc-source/extras/package/macosx/../../../modules/gui/macosx/Resources/mainwindow/fullscreen-double-buttons.png /Users/cam/Documents/Projects/ultima-iv-web/vlc-thumbs/work/build/vlc-source/extras/package/macosx/../../../modules/gui/macosx/Resources/mainwindow/fullscreen-double-buttons@2x.png /Users/cam/Documents/Projects/ultima-iv-web/vlc-thumbs/work/build/vlc-source/extras/package/macosx/../../../modules/gui/macosx/Resources/mainwindow/fullscreen-one-button-pressed.png /Users/cam/Documents/Projects/ultima-iv-web/vlc-thumbs/work/build/vlc-source/extras/package/macosx/../../../modules/gui/macosx/Resources/mainwindow/fullscreen-one-button-pressed@2x.png /Users/cam/Documents/Projects/ultima-iv-web/vlc-thumbs/work/build/vlc-source/extras/package/macosx/../../../modules/gui/macosx/Resources/mainwindow/fullscreen-one-button.png /Users/cam/Documents/Projects/ultima-iv-web/vlc-thumbs/work/build/vlc-source/extras/package/macosx/../../../modules/gui/macosx/Resources/mainwindow/fullscreen-one-button@2x.png /Users/cam/Documents/Projects/ultima-iv-web/vlc-thumbs/work/build/vlc-source/extras/package/macosx/../../../modules/gui/macosx/Resources/mainwindow/next-6btns-pressed.png /Users/cam/Documents/Projects/ultima-iv-web/vlc-thumbs/work/build/vlc-source/extras/package/macosx/../../../modules/gui/macosx/Resources/mainwindow/next-6btns-pressed@2x.png /Users/cam/Documents/Projects/ultima-iv-web/vlc-thumbs/work/build/vlc-source/extras/package/macosx/../../../modules/gui/macosx/Resources/mainwindow/next-6btns.png /Users/cam/Documents/Projects/ultima-iv-web/vlc-thumbs/work/build/vlc-source/extras/package/macosx/../../../modules/gui/macosx/Resources/mainwindow/next-6btns@2x.png /Users/cam/Documents/Projects/ultima-iv-web/vlc-thumbs/work/build/vlc-source/extras/package/macosx/../../../modules/gui/macosx/Resources/mainwindow/pause-pressed.png /Users/cam/Documents/Projects/ultima-iv-web/vlc-thumbs/work/build/vlc-source/extras/package/macosx/../../../modules/gui/macosx/Resources/mainwindow/pause-pressed@2x.png /Users/cam/Documents/Projects/ultima-iv-web/vlc-thumbs/work/build/vlc-source/extras/package/macosx/../../../modules/gui/macosx/Resources/mainwindow/pause.png /Users/cam/Documents/Projects/ultima-iv-web/vlc-thumbs/work/build/vlc-source/extras/package/macosx/../../../modules/gui/macosx/Resources/mainwindow/pause@2x.png /Users/cam/Documents/Projects/ultima-iv-web/vlc-thumbs/work/build/vlc-source/extras/package/macosx/../../../modules/gui/macosx/Resources/mainwindow/play-pressed.png /Users/cam/Documents/Projects/ultima-iv-web/vlc-thumbs/work/build/vlc-source/extras/package/macosx/../../../modules/gui/macosx/Resources/mainwindow/play-pressed@2x.png /Users/cam/Documents/Projects/ultima-iv-web/vlc-thumbs/work/build/vlc-source/extras/package/macosx/../../../modules/gui/macosx/Resources/mainwindow/play.png /Users/cam/Documents/Projects/ultima-iv-web/vlc-thumbs/work/build/vlc-source/extras/package/macosx/../../../modules/gui/macosx/Resources/mainwindow/play@2x.png /Users/cam/Documents/Projects/ultima-iv-web/vlc-thumbs/work/build/vlc-source/extras/package/macosx/../../../modules/gui/macosx/Resources/mainwindow/playlist-1btn-pressed.png /Users/cam/Documents/Projects/ultima-iv-web/vlc-thumbs/work/build/vlc-source/extras/package/macosx/../../../modules/gui/macosx/Resources/mainwindow/playlist-1btn-pressed@2x.png /Users/cam/Documents/Projects/ultima-iv-web/vlc-thumbs/work/build/vlc-source/extras/package/macosx/../../../modules/gui/macosx/Resources/mainwindow/playlist-1btn.png /Users/cam/Documents/Projects/ultima-iv-web/vlc-thumbs/work/build/vlc-source/extras/package/macosx/../../../modules/gui/macosx/Resources/mainwindow/playlist-1btn@2x.png /Users/cam/Documents/Projects/ultima-iv-web/vlc-thumbs/work/build/vlc-source/extras/package/macosx/../../../modules/gui/macosx/Resources/mainwindow/playlist-btn-pressed.png /Users/cam/Documents/Projects/ultima-iv-web/vlc-thumbs/work/build/vlc-source/extras/package/macosx/../../../modules/gui/macosx/Resources/mainwindow/playlist-btn-pressed@2x.png /Users/cam/Documents/Projects/ultima-iv-web/vlc-thumbs/work/build/vlc-source/extras/package/macosx/../../../modules/gui/macosx/Resources/mainwindow/playlist-btn.png /Users/cam/Documents/Projects/ultima-iv-web/vlc-thumbs/work/build/vlc-source/extras/package/macosx/../../../modules/gui/macosx/Resources/mainwindow/playlist-btn@2x.png /Users/cam/Documents/Projects/ultima-iv-web/vlc-thumbs/work/build/vlc-source/extras/package/macosx/../../../modules/gui/macosx/Resources/mainwindow/previous-6btns-pressed.png /Users/cam/Documents/Projects/ultima-iv-web/vlc-thumbs/work/build/vlc-source/extras/package/macosx/../../../modules/gui/macosx/Resources/mainwindow/previous-6btns-pressed@2x.png '/Users/cam/Documents/Projects/ultima-iv-web/vlc-thumbs/work/build/vlc-arm64/vlc_install_dir/share/macosx/Contents/Resources'
 /usr/local/bin/ginstall -c -m 644 /Users/cam/Documents/Projects/ultima-iv-web/vlc-thumbs/work/build/vlc-source/extras/package/macosx/../../../modules/gui/macosx/Resources/mainwindow/previous-6btns.png /Users/cam/Documents/Projects/ultima-iv-web/vlc-thumbs/work/build/vlc-source/extras/package/macosx/../../../modules/gui/macosx/Resources/mainwindow/previous-6btns@2x.png /Users/cam/Documents/Projects/ultima-iv-web/vlc-thumbs/work/build/vlc-source/extras/package/macosx/../../../modules/gui/macosx/Resources/mainwindow/repeat-all-pressed.png /Users/cam/Documents/Projects/ultima-iv-web/vlc-thumbs/work/build/vlc-source/extras/package/macosx/../../../modules/gui/macosx/Resources/mainwindow/repeat-all-pressed@2x.png /Users/cam/Documents/Projects/ultima-iv-web/vlc-thumbs/work/build/vlc-source/extras/package/macosx/../../../modules/gui/macosx/Resources/mainwindow/repeat-all.png /Users/cam/Documents/Projects/ultima-iv-web/vlc-thumbs/work/build/vlc-source/extras/package/macosx/../../../modules/gui/macosx/Resources/mainwindow/repeat-all@2x.png /Users/cam/Documents/Projects/ultima-iv-web/vlc-thumbs/work/build/vlc-source/extras/package/macosx/../../../modules/gui/macosx/Resources/mainwindow/repeat-one-pressed.png /Users/cam/Documents/Projects/ultima-iv-web/vlc-thumbs/work/build/vlc-source/extras/package/macosx/../../../modules/gui/macosx/Resources/mainwindow/repeat-one-pressed@2x.png /Users/cam/Documents/Projects/ultima-iv-web/vlc-thumbs/work/build/vlc-source/extras/package/macosx/../../../modules/gui/macosx/Resources/mainwindow/repeat-one.png /Users/cam/Documents/Projects/ultima-iv-web/vlc-thumbs/work/build/vlc-source/extras/package/macosx/../../../modules/gui/macosx/Resources/mainwindow/repeat-one@2x.png /Users/cam/Documents/Projects/ultima-iv-web/vlc-thumbs/work/build/vlc-source/extras/package/macosx/../../../modules/gui/macosx/Resources/mainwindow/repeat-pressed.png /Users/cam/Documents/Projects/ultima-iv-web/vlc-thumbs/work/build/vlc-source/extras/package/macosx/../../../modules/gui/macosx/Resources/mainwindow/repeat-pressed@2x.png /Users/cam/Documents/Projects/ultima-iv-web/vlc-thumbs/work/build/vlc-source/extras/package/macosx/../../../modules/gui/macosx/Resources/mainwindow/repeat.png /Users/cam/Documents/Projects/ultima-iv-web/vlc-thumbs/work/build/vlc-source/extras/package/macosx/../../../modules/gui/macosx/Resources/mainwindow/repeat@2x.png /Users/cam/Documents/Projects/ultima-iv-web/vlc-thumbs/work/build/vlc-source/extras/package/macosx/../../../modules/gui/macosx/Resources/mainwindow/shuffle-blue-pressed.png /Users/cam/Documents/Projects/ultima-iv-web/vlc-thumbs/work/build/vlc-source/extras/package/macosx/../../../modules/gui/macosx/Resources/mainwindow/shuffle-blue-pressed@2x.png /Users/cam/Documents/Projects/ultima-iv-web/vlc-thumbs/work/build/vlc-source/extras/package/macosx/../../../modules/gui/macosx/Resources/mainwindow/shuffle-blue.png /Users/cam/Documents/Projects/ultima-iv-web/vlc-thumbs/work/build/vlc-source/extras/package/macosx/../../../modules/gui/macosx/Resources/mainwindow/shuffle-blue@2x.png /Users/cam/Documents/Projects/ultima-iv-web/vlc-thumbs/work/build/vlc-source/extras/package/macosx/../../../modules/gui/macosx/Resources/mainwindow/shuffle-pressed.png /Users/cam/Documents/Projects/ultima-iv-web/vlc-thumbs/work/build/vlc-source/extras/package/macosx/../../../modules/gui/macosx/Resources/mainwindow/shuffle-pressed@2x.png /Users/cam/Documents/Projects/ultima-iv-web/vlc-thumbs/work/build/vlc-source/extras/package/macosx/../../../modules/gui/macosx/Resources/mainwindow/shuffle.png /Users/cam/Documents/Projects/ultima-iv-web/vlc-thumbs/work/build/vlc-source/extras/package/macosx/../../../modules/gui/macosx/Resources/mainwindow/shuffle@2x.png /Users/cam/Documents/Projects/ultima-iv-web/vlc-thumbs/work/build/vlc-source/extras/package/macosx/../../../modules/gui/macosx/Resources/mainwindow/stop-pressed.png /Users/cam/Documents/Projects/ultima-iv-web/vlc-thumbs/work/build/vlc-source/extras/package/macosx/../../../modules/gui/macosx/Resources/mainwindow/stop-pressed@2x.png /Users/cam/Documents/Projects/ultima-iv-web/vlc-thumbs/work/build/vlc-source/extras/package/macosx/../../../modules/gui/macosx/Resources/mainwindow/stop.png /Users/cam/Documents/Projects/ultima-iv-web/vlc-thumbs/work/build/vlc-source/extras/package/macosx/../../../modules/gui/macosx/Resources/mainwindow/stop@2x.png /Users/cam/Documents/Projects/ultima-iv-web/vlc-thumbs/work/build/vlc-source/extras/package/macosx/../../../modules/gui/macosx/Resources/mainwindow/topbar_background.png /Users/cam/Documents/Projects/ultima-iv-web/vlc-thumbs/work/build/vlc-source/extras/package/macosx/../../../modules/gui/macosx/Resources/mainwindow/volume-high.png /Users/cam/Documents/Projects/ultima-iv-web/vlc-thumbs/work/build/vlc-source/extras/package/macosx/../../../modules/gui/macosx/Resources/mainwindow/volume-high@2x.png /Users/cam/Documents/Projects/ultima-iv-web/vlc-thumbs/work/build/vlc-source/extras/package/macosx/../../../modules/gui/macosx/Resources/mainwindow/volume-low.png /Users/cam/Documents/Projects/ultima-iv-web/vlc-thumbs/work/build/vlc-source/extras/package/macosx/../../../modules/gui/macosx/Resources/mainwindow/volume-low@2x.png /Users/cam/Documents/Projects/ultima-iv-web/vlc-thumbs/work/build/vlc-source/extras/package/macosx/../../../modules/gui/macosx/Resources/mainwindow_dark/backward-3btns-dark-pressed.png /Users/cam/Documents/Projects/ultima-iv-web/vlc-thumbs/work/build/vlc-source/extras/package/macosx/../../../modules/gui/macosx/Resources/mainwindow_dark/backward-3btns-dark-pressed@2x.png /Users/cam/Documents/Projects/ultima-iv-web/vlc-thumbs/work/build/vlc-source/extras/package/macosx/../../../modules/gui/macosx/Resources/mainwindow_dark/backward-3btns-dark.png /Users/cam/Documents/Projects/ultima-iv-web/vlc-thumbs/work/build/vlc-source/extras/package/macosx/../../../modules/gui/macosx/Resources/mainwindow_dark/backward-3btns-dark@2x.png /Users/cam/Documents/Projects/ultima-iv-web/vlc-thumbs/work/build/vlc-source/extras/package/macosx/../../../modules/gui/macosx/Resources/mainwindow_dark/backward-6btns-dark-pressed.png /Users/cam/Documents/Projects/ultima-iv-web/vlc-thumbs/work/build/vlc-source/extras/package/macosx/../../../modules/gui/macosx/Resources/mainwindow_dark/backward-6btns-dark-pressed@2x.png /Users/cam/Documents/Projects/ultima-iv-web/vlc-thumbs/work/build/vlc-source/extras/package/macosx/../../../modules/gui/macosx/Resources/mainwindow_dark/backward-6btns-dark.png /Users/cam/Documents/Projects/ultima-iv-web/vlc-thumbs/work/build/vlc-source/extras/package/macosx/../../../modules/gui/macosx/Resources/mainwindow_dark/backward-6btns-dark@2x.png /Users/cam/Documents/Projects/ultima-iv-web/vlc-thumbs/work/build/vlc-source/extras/package/macosx/../../../modules/gui/macosx/Resources/mainwindow_dark/effects-double-buttons-pressed_dark.png '/Users/cam/Documents/Projects/ultima-iv-web/vlc-thumbs/work/build/vlc-arm64/vlc_install_dir/share/macosx/Contents/Resources'
 /usr/local/bin/ginstall -c -m 644 /Users/cam/Documents/Projects/ultima-iv-web/vlc-thumbs/work/build/vlc-source/extras/package/macosx/../../../modules/gui/macosx/Resources/mainwindow_dark/effects-double-buttons-pressed_dark@2x.png /Users/cam/Documents/Projects/ultima-iv-web/vlc-thumbs/work/build/vlc-source/extras/package/macosx/../../../modules/gui/macosx/Resources/mainwindow_dark/effects-double-buttons_dark.png /Users/cam/Documents/Projects/ultima-iv-web/vlc-thumbs/work/build/vlc-source/extras/package/macosx/../../../modules/gui/macosx/Resources/mainwindow_dark/effects-double-buttons_dark@2x.png /Users/cam/Documents/Projects/ultima-iv-web/vlc-thumbs/work/build/vlc-source/extras/package/macosx/../../../modules/gui/macosx/Resources/mainwindow_dark/effects-one-button-pressed-dark.png /Users/cam/Documents/Projects/ultima-iv-web/vlc-thumbs/work/build/vlc-source/extras/package/macosx/../../../modules/gui/macosx/Resources/mainwindow_dark/effects-one-button-pressed-dark@2x.png /Users/cam/Documents/Projects/ultima-iv-web/vlc-thumbs/work/build/vlc-source/extras/package/macosx/../../../modules/gui/macosx/Resources/mainwindow_dark/effects-one-button_dark.png /Users/cam/Documents/Projects/ultima-iv-web/vlc-thumbs/work/build/vlc-source/extras/package/macosx/../../../modules/gui/macosx/Resources/mainwindow_dark/effects-one-button_dark@2x.png /Users/cam/Documents/Projects/ultima-iv-web/vlc-thumbs/work/build/vlc-source/extras/package/macosx/../../../modules/gui/macosx/Resources/mainwindow_dark/forward-3btns-dark-pressed.png /Users/cam/Documents/Projects/ultima-iv-web/vlc-thumbs/work/build/vlc-source/extras/package/macosx/../../../modules/gui/macosx/Resources/mainwindow_dark/forward-3btns-dark-pressed@2x.png /Users/cam/Documents/Projects/ultima-iv-web/vlc-thumbs/work/build/vlc-source/extras/package/macosx/../../../modules/gui/macosx/Resources/mainwindow_dark/forward-3btns-dark.png /Users/cam/Documents/Projects/ultima-iv-web/vlc-thumbs/work/build/vlc-source/extras/package/macosx/../../../modules/gui/macosx/Resources/mainwindow_dark/forward-3btns-dark@2x.png /Users/cam/Documents/Projects/ultima-iv-web/vlc-thumbs/work/build/vlc-source/extras/package/macosx/../../../modules/gui/macosx/Resources/mainwindow_dark/forward-6btns-dark-pressed.png /Users/cam/Documents/Projects/ultima-iv-web/vlc-thumbs/work/build/vlc-source/extras/package/macosx/../../../modules/gui/macosx/Resources/mainwindow_dark/forward-6btns-dark-pressed@2x.png /Users/cam/Documents/Projects/ultima-iv-web/vlc-thumbs/work/build/vlc-source/extras/package/macosx/../../../modules/gui/macosx/Resources/mainwindow_dark/forward-6btns-dark.png /Users/cam/Documents/Projects/ultima-iv-web/vlc-thumbs/work/build/vlc-source/extras/package/macosx/../../../modules/gui/macosx/Resources/mainwindow_dark/forward-6btns-dark@2x.png /Users/cam/Documents/Projects/ultima-iv-web/vlc-thumbs/work/build/vlc-source/extras/package/macosx/../../../modules/gui/macosx/Resources/mainwindow_dark/fullscreen-double-buttons-pressed_dark.png /Users/cam/Documents/Projects/ultima-iv-web/vlc-thumbs/work/build/vlc-source/extras/package/macosx/../../../modules/gui/macosx/Resources/mainwindow_dark/fullscreen-double-buttons-pressed_dark@2x.png /Users/cam/Documents/Projects/ultima-iv-web/vlc-thumbs/work/build/vlc-source/extras/package/macosx/../../../modules/gui/macosx/Resources/mainwindow_dark/fullscreen-double-buttons_dark.png /Users/cam/Documents/Projects/ultima-iv-web/vlc-thumbs/work/build/vlc-source/extras/package/macosx/../../../modules/gui/macosx/Resources/mainwindow_dark/fullscreen-double-buttons_dark@2x.png /Users/cam/Documents/Projects/ultima-iv-web/vlc-thumbs/work/build/vlc-source/extras/package/macosx/../../../modules/gui/macosx/Resources/mainwindow_dark/fullscreen-one-button-pressed_dark.png /Users/cam/Documents/Projects/ultima-iv-web/vlc-thumbs/work/build/vlc-source/extras/package/macosx/../../../modules/gui/macosx/Resources/mainwindow_dark/fullscreen-one-button-pressed_dark@2x.png /Users/cam/Documents/Projects/ultima-iv-web/vlc-thumbs/work/build/vlc-source/extras/package/macosx/../../../modules/gui/macosx/Resources/mainwindow_dark/fullscreen-one-button_dark.png /Users/cam/Documents/Projects/ultima-iv-web/vlc-thumbs/work/build/vlc-source/extras/package/macosx/../../../modules/gui/macosx/Resources/mainwindow_dark/fullscreen-one-button_dark@2x.png /Users/cam/Documents/Projects/ultima-iv-web/vlc-thumbs/work/build/vlc-source/extras/package/macosx/../../../modules/gui/macosx/Resources/mainwindow_dark/next-6btns-dark-pressed.png /Users/cam/Documents/Projects/ultima-iv-web/vlc-thumbs/work/build/vlc-source/extras/package/macosx/../../../modules/gui/macosx/Resources/mainwindow_dark/next-6btns-dark-pressed@2x.png /Users/cam/Documents/Projects/ultima-iv-web/vlc-thumbs/work/build/vlc-source/extras/package/macosx/../../../modules/gui/macosx/Resources/mainwindow_dark/next-6btns-dark.png /Users/cam/Documents/Projects/ultima-iv-web/vlc-thumbs/work/build/vlc-source/extras/package/macosx/../../../modules/gui/macosx/Resources/mainwindow_dark/next-6btns-dark@2x.png /Users/cam/Documents/Projects/ultima-iv-web/vlc-thumbs/work/build/vlc-source/extras/package/macosx/../../../modules/gui/macosx/Resources/mainwindow_dark/pause-pressed_dark.png /Users/cam/Documents/Projects/ultima-iv-web/vlc-thumbs/work/build/vlc-source/extras/package/macosx/../../../modules/gui/macosx/Resources/mainwindow_dark/pause-pressed_dark@2x.png /Users/cam/Documents/Projects/ultima-iv-web/vlc-thumbs/work/build/vlc-source/extras/package/macosx/../../../modules/gui/macosx/Resources/mainwindow_dark/pause_dark.png /Users/cam/Documents/Projects/ultima-iv-web/vlc-thumbs/work/build/vlc-source/extras/package/macosx/../../../modules/gui/macosx/Resources/mainwindow_dark/pause_dark@2x.png /Users/cam/Documents/Projects/ultima-iv-web/vlc-thumbs/work/build/vlc-source/extras/package/macosx/../../../modules/gui/macosx/Resources/mainwindow_dark/play-pressed_dark.png /Users/cam/Documents/Projects/ultima-iv-web/vlc-thumbs/work/build/vlc-source/extras/package/macosx/../../../modules/gui/macosx/Resources/mainwindow_dark/play-pressed_dark@2x.png /Users/cam/Documents/Projects/ultima-iv-web/vlc-thumbs/work/build/vlc-source/extras/package/macosx/../../../modules/gui/macosx/Resources/mainwindow_dark/play_dark.png /Users/cam/Documents/Projects/ultima-iv-web/vlc-thumbs/work/build/vlc-source/extras/package/macosx/../../../modules/gui/macosx/Resources/mainwindow_dark/play_dark@2x.png /Users/cam/Documents/Projects/ultima-iv-web/vlc-thumbs/work/build/vlc-source/extras/package/macosx/../../../modules/gui/macosx/Resources/mainwindow_dark/playlist-1btn-dark-pressed.png /Users/cam/Documents/Projects/ultima-iv-web/vlc-thumbs/work/build/vlc-source/extras/package/macosx/../../../modules/gui/macosx/Resources/mainwindow_dark/playlist-1btn-dark-pressed@2x.png /Users/cam/Documents/Projects/ultima-iv-web/vlc-thumbs/work/build/vlc-source/extras/package/macosx/../../../modules/gui/macosx/Resources/mainwindow_dark/playlist-1btn-dark.png /Users/cam/Documents/Projects/ultima-iv-web/vlc-thumbs/work/build/vlc-source/extras/package/macosx/../../../modules/gui/macosx/Resources/mainwindow_dark/playlist-1btn-dark@2x.png /Users/cam/Documents/Projects/ultima-iv-web/vlc-thumbs/work/build/vlc-source/extras/package/macosx/../../../modules/gui/macosx/Resources/mainwindow_dark/playlist-pressed_dark.png '/Users/cam/Documents/Projects/ultima-iv-web/vlc-thumbs/work/build/vlc-arm64/vlc_install_dir/share/macosx/Contents/Resources'
 /usr/local/bin/ginstall -c -m 644 /Users/cam/Documents/Projects/ultima-iv-web/vlc-thumbs/work/build/vlc-source/extras/package/macosx/../../../modules/gui/macosx/Resources/mainwindow_dark/playlist-pressed_dark@2x.png /Users/cam/Documents/Projects/ultima-iv-web/vlc-thumbs/work/build/vlc-source/extras/package/macosx/../../../modules/gui/macosx/Resources/mainwindow_dark/playlist_dark.png /Users/cam/Documents/Projects/ultima-iv-web/vlc-thumbs/work/build/vlc-source/extras/package/macosx/../../../modules/gui/macosx/Resources/mainwindow_dark/playlist_dark@2x.png /Users/cam/Documents/Projects/ultima-iv-web/vlc-thumbs/work/build/vlc-source/extras/package/macosx/../../../modules/gui/macosx/Resources/mainwindow_dark/previous-6btns-dark-pressed.png /Users/cam/Documents/Projects/ultima-iv-web/vlc-thumbs/work/build/vlc-source/extras/package/macosx/../../../modules/gui/macosx/Resources/mainwindow_dark/previous-6btns-dark-pressed@2x.png /Users/cam/Documents/Projects/ultima-iv-web/vlc-thumbs/work/build/vlc-source/extras/package/macosx/../../../modules/gui/macosx/Resources/mainwindow_dark/previous-6btns-dark.png /Users/cam/Documents/Projects/ultima-iv-web/vlc-thumbs/work/build/vlc-source/extras/package/macosx/../../../modules/gui/macosx/Resources/mainwindow_dark/previous-6btns-dark@2x.png /Users/cam/Documents/Projects/ultima-iv-web/vlc-thumbs/work/build/vlc-source/extras/package/macosx/../../../modules/gui/macosx/Resources/mainwindow_dark/repeat-all-blue-pressed_dark.png /Users/cam/Documents/Projects/ultima-iv-web/vlc-thumbs/work/build/vlc-source/extras/package/macosx/../../../modules/gui/macosx/Resources/mainwindow_dark/repeat-all-blue-pressed_dark@2x.png /Users/cam/Documents/Projects/ultima-iv-web/vlc-thumbs/work/build/vlc-source/extras/package/macosx/../../../modules/gui/macosx/Resources/mainwindow_dark/repeat-all-blue_dark.png /Users/cam/Documents/Projects/ultima-iv-web/vlc-thumbs/work/build/vlc-source/extras/package/macosx/../../../modules/gui/macosx/Resources/mainwindow_dark/repeat-all-blue_dark@2x.png /Users/cam/Documents/Projects/ultima-iv-web/vlc-thumbs/work/build/vlc-source/extras/package/macosx/../../../modules/gui/macosx/Resources/mainwindow_dark/repeat-one-blue-pressed_dark.png /Users/cam/Documents/Projects/ultima-iv-web/vlc-thumbs/work/build/vlc-source/extras/package/macosx/../../../modules/gui/macosx/Resources/mainwindow_dark/repeat-one-blue-pressed_dark@2x.png /Users/cam/Documents/Projects/ultima-iv-web/vlc-thumbs/work/build/vlc-source/extras/package/macosx/../../../modules/gui/macosx/Resources/mainwindow_dark/repeat-one-blue_dark.png /Users/cam/Documents/Projects/ultima-iv-web/vlc-thumbs/work/build/vlc-source/extras/package/macosx/../../../modules/gui/macosx/Resources/mainwindow_dark/repeat-one-blue_dark@2x.png /Users/cam/Documents/Projects/ultima-iv-web/vlc-thumbs/work/build/vlc-source/extras/package/macosx/../../../modules/gui/macosx/Resources/mainwindow_dark/repeat-pressed_dark.png /Users/cam/Documents/Projects/ultima-iv-web/vlc-thumbs/work/build/vlc-source/extras/package/macosx/../../../modules/gui/macosx/Resources/mainwindow_dark/repeat-pressed_dark@2x.png /Users/cam/Documents/Projects/ultima-iv-web/vlc-thumbs/work/build/vlc-source/extras/package/macosx/../../../modules/gui/macosx/Resources/mainwindow_dark/repeat_dark.png /Users/cam/Documents/Projects/ultima-iv-web/vlc-thumbs/work/build/vlc-source/extras/package/macosx/../../../modules/gui/macosx/Resources/mainwindow_dark/repeat_dark@2x.png /Users/cam/Documents/Projects/ultima-iv-web/vlc-thumbs/work/build/vlc-source/extras/package/macosx/../../../modules/gui/macosx/Resources/mainwindow_dark/shuffle-blue-pressed_dark.png /Users/cam/Documents/Projects/ultima-iv-web/vlc-thumbs/work/build/vlc-source/extras/package/macosx/../../../modules/gui/macosx/Resources/mainwindow_dark/shuffle-blue-pressed_dark@2x.png /Users/cam/Documents/Projects/ultima-iv-web/vlc-thumbs/work/build/vlc-source/extras/package/macosx/../../../modules/gui/macosx/Resources/mainwindow_dark/shuffle-blue_dark.png /Users/cam/Documents/Projects/ultima-iv-web/vlc-thumbs/work/build/vlc-source/extras/package/macosx/../../../modules/gui/macosx/Resources/mainwindow_dark/shuffle-blue_dark@2x.png /Users/cam/Documents/Projects/ultima-iv-web/vlc-thumbs/work/build/vlc-source/extras/package/macosx/../../../modules/gui/macosx/Resources/mainwindow_dark/shuffle-pressed_dark.png /Users/cam/Documents/Projects/ultima-iv-web/vlc-thumbs/work/build/vlc-source/extras/package/macosx/../../../modules/gui/macosx/Resources/mainwindow_dark/shuffle-pressed_dark@2x.png /Users/cam/Documents/Projects/ultima-iv-web/vlc-thumbs/work/build/vlc-source/extras/package/macosx/../../../modules/gui/macosx/Resources/mainwindow_dark/shuffle_dark.png /Users/cam/Documents/Projects/ultima-iv-web/vlc-thumbs/work/build/vlc-source/extras/package/macosx/../../../modules/gui/macosx/Resources/mainwindow_dark/shuffle_dark@2x.png /Users/cam/Documents/Projects/ultima-iv-web/vlc-thumbs/work/build/vlc-source/extras/package/macosx/../../../modules/gui/macosx/Resources/mainwindow_dark/stop-pressed_dark.png /Users/cam/Documents/Projects/ultima-iv-web/vlc-thumbs/work/build/vlc-source/extras/package/macosx/../../../modules/gui/macosx/Resources/mainwindow_dark/stop-pressed_dark@2x.png /Users/cam/Documents/Projects/ultima-iv-web/vlc-thumbs/work/build/vlc-source/extras/package/macosx/../../../modules/gui/macosx/Resources/mainwindow_dark/stop_dark.png /Users/cam/Documents/Projects/ultima-iv-web/vlc-thumbs/work/build/vlc-source/extras/package/macosx/../../../modules/gui/macosx/Resources/mainwindow_dark/stop_dark@2x.png /Users/cam/Documents/Projects/ultima-iv-web/vlc-thumbs/work/build/vlc-source/extras/package/macosx/../../../modules/gui/macosx/Resources/mainwindow_dark/titlebar/lion/lion-window-close-graphite.png /Users/cam/Documents/Projects/ultima-iv-web/vlc-thumbs/work/build/vlc-source/extras/package/macosx/../../../modules/gui/macosx/Resources/mainwindow_dark/titlebar/lion/lion-window-close-graphite@2x.png /Users/cam/Documents/Projects/ultima-iv-web/vlc-thumbs/work/build/vlc-source/extras/package/macosx/../../../modules/gui/macosx/Resources/mainwindow_dark/titlebar/lion/lion-window-close-on-graphite.png /Users/cam/Documents/Projects/ultima-iv-web/vlc-thumbs/work/build/vlc-source/extras/package/macosx/../../../modules/gui/macosx/Resources/mainwindow_dark/titlebar/lion/lion-window-close-on-graphite@2x.png /Users/cam/Documents/Projects/ultima-iv-web/vlc-thumbs/work/build/vlc-source/extras/package/macosx/../../../modules/gui/macosx/Resources/mainwindow_dark/titlebar/lion/lion-window-close-on.png /Users/cam/Documents/Projects/ultima-iv-web/vlc-thumbs/work/build/vlc-source/extras/package/macosx/../../../modules/gui/macosx/Resources/mainwindow_dark/titlebar/lion/lion-window-close-on@2x.png /Users/cam/Documents/Projects/ultima-iv-web/vlc-thumbs/work/build/vlc-source/extras/package/macosx/../../../modules/gui/macosx/Resources/mainwindow_dark/titlebar/lion/lion-window-close-over-graphite.png /Users/cam/Documents/Projects/ultima-iv-web/vlc-thumbs/work/build/vlc-source/extras/package/macosx/../../../modules/gui/macosx/Resources/mainwindow_dark/titlebar/lion/lion-window-close-over-graphite@2x.png /Users/cam/Documents/Projects/ultima-iv-web/vlc-thumbs/work/build/vlc-source/extras/package/macosx/../../../modules/gui/macosx/Resources/mainwindow_dark/titlebar/lion/lion-window-close-over.png '/Users/cam/Documents/Projects/ultima-iv-web/vlc-thumbs/work/build/vlc-arm64/vlc_install_dir/share/macosx/Contents/Resources'
 /usr/local/bin/ginstall -c -m 644 /Users/cam/Documents/Projects/ultima-iv-web/vlc-thumbs/work/build/vlc-source/extras/package/macosx/../../../modules/gui/macosx/Resources/mainwindow_dark/titlebar/lion/lion-window-close-over@2x.png /Users/cam/Documents/Projects/ultima-iv-web/vlc-thumbs/work/build/vlc-source/extras/package/macosx/../../../modules/gui/macosx/Resources/mainwindow_dark/titlebar/lion/lion-window-close.png /Users/cam/Documents/Projects/ultima-iv-web/vlc-thumbs/work/build/vlc-source/extras/package/macosx/../../../modules/gui/macosx/Resources/mainwindow_dark/titlebar/lion/lion-window-close@2x.png /Users/cam/Documents/Projects/ultima-iv-web/vlc-thumbs/work/build/vlc-source/extras/package/macosx/../../../modules/gui/macosx/Resources/mainwindow_dark/titlebar/lion/lion-window-fullscreen-on.png /Users/cam/Documents/Projects/ultima-iv-web/vlc-thumbs/work/build/vlc-source/extras/package/macosx/../../../modules/gui/macosx/Resources/mainwindow_dark/titlebar/lion/lion-window-fullscreen-on@2x.png /Users/cam/Documents/Projects/ultima-iv-web/vlc-thumbs/work/build/vlc-source/extras/package/macosx/../../../modules/gui/macosx/Resources/mainwindow_dark/titlebar/lion/lion-window-fullscreen-over.png /Users/cam/Documents/Projects/ultima-iv-web/vlc-thumbs/work/build/vlc-source/extras/package/macosx/../../../modules/gui/macosx/Resources/mainwindow_dark/titlebar/lion/lion-window-fullscreen-over@2x.png /Users/cam/Documents/Projects/ultima-iv-web/vlc-thumbs/work/build/vlc-source/extras/package/macosx/../../../modules/gui/macosx/Resources/mainwindow_dark/titlebar/lion/lion-window-fullscreen.png /Users/cam/Documents/Projects/ultima-iv-web/vlc-thumbs/work/build/vlc-source/extras/package/macosx/../../../modules/gui/macosx/Resources/mainwindow_dark/titlebar/lion/lion-window-fullscreen@2x.png /Users/cam/Documents/Projects/ultima-iv-web/vlc-thumbs/work/build/vlc-source/extras/package/macosx/../../../modules/gui/macosx/Resources/mainwindow_dark/titlebar/lion/lion-window-minimize-graphite.png /Users/cam/Documents/Projects/ultima-iv-web/vlc-thumbs/work/build/vlc-source/extras/package/macosx/../../../modules/gui/macosx/Resources/mainwindow_dark/titlebar/lion/lion-window-minimize-graphite@2x.png /Users/cam/Documents/Projects/ultima-iv-web/vlc-thumbs/work/build/vlc-source/extras/package/macosx/../../../modules/gui/macosx/Resources/mainwindow_dark/titlebar/lion/lion-window-minimize-on-graphite.png /Users/cam/Documents/Projects/ultima-iv-web/vlc-thumbs/work/build/vlc-source/extras/package/macosx/../../../modules/gui/macosx/Resources/mainwindow_dark/titlebar/lion/lion-window-minimize-on-graphite@2x.png /Users/cam/Documents/Projects/ultima-iv-web/vlc-thumbs/work/build/vlc-source/extras/package/macosx/../../../modules/gui/macosx/Resources/mainwindow_dark/titlebar/lion/lion-window-minimize-on.png /Users/cam/Documents/Projects/ultima-iv-web/vlc-thumbs/work/build/vlc-source/extras/package/macosx/../../../modules/gui/macosx/Resources/mainwindow_dark/titlebar/lion/lion-window-minimize-on@2x.png /Users/cam/Documents/Projects/ultima-iv-web/vlc-thumbs/work/build/vlc-source/extras/package/macosx/../../../modules/gui/macosx/Resources/mainwindow_dark/titlebar/lion/lion-window-minimize-over-graphite.png /Users/cam/Documents/Projects/ultima-iv-web/vlc-thumbs/work/build/vlc-source/extras/package/macosx/../../../modules/gui/macosx/Resources/mainwindow_dark/titlebar/lion/lion-window-minimize-over-graphite@2x.png /Users/cam/Documents/Projects/ultima-iv-web/vlc-thumbs/work/build/vlc-source/extras/package/macosx/../../../modules/gui/macosx/Resources/mainwindow_dark/titlebar/lion/lion-window-minimize-over.png /Users/cam/Documents/Projects/ultima-iv-web/vlc-thumbs/work/build/vlc-source/extras/package/macosx/../../../modules/gui/macosx/Resources/mainwindow_dark/titlebar/lion/lion-window-minimize-over@2x.png /Users/cam/Documents/Projects/ultima-iv-web/vlc-thumbs/work/build/vlc-source/extras/package/macosx/../../../modules/gui/macosx/Resources/mainwindow_dark/titlebar/lion/lion-window-minimize.png /Users/cam/Documents/Projects/ultima-iv-web/vlc-thumbs/work/build/vlc-source/extras/package/macosx/../../../modules/gui/macosx/Resources/mainwindow_dark/titlebar/lion/lion-window-minimize@2x.png /Users/cam/Documents/Projects/ultima-iv-web/vlc-thumbs/work/build/vlc-source/extras/package/macosx/../../../modules/gui/macosx/Resources/mainwindow_dark/titlebar/lion/lion-window-zoom-graphite.png /Users/cam/Documents/Projects/ultima-iv-web/vlc-thumbs/work/build/vlc-source/extras/package/macosx/../../../modules/gui/macosx/Resources/mainwindow_dark/titlebar/lion/lion-window-zoom-graphite@2x.png /Users/cam/Documents/Projects/ultima-iv-web/vlc-thumbs/work/build/vlc-source/extras/package/macosx/../../../modules/gui/macosx/Resources/mainwindow_dark/titlebar/lion/lion-window-zoom-on-graphite.png /Users/cam/Documents/Projects/ultima-iv-web/vlc-thumbs/work/build/vlc-source/extras/package/macosx/../../../modules/gui/macosx/Resources/mainwindow_dark/titlebar/lion/lion-window-zoom-on-graphite@2x.png /Users/cam/Documents/Projects/ultima-iv-web/vlc-thumbs/work/build/vlc-source/extras/package/macosx/../../../modules/gui/macosx/Resources/mainwindow_dark/titlebar/lion/lion-window-zoom-on.png /Users/cam/Documents/Projects/ultima-iv-web/vlc-thumbs/work/build/vlc-source/extras/package/macosx/../../../modules/gui/macosx/Resources/mainwindow_dark/titlebar/lion/lion-window-zoom-on@2x.png /Users/cam/Documents/Projects/ultima-iv-web/vlc-thumbs/work/build/vlc-source/extras/package/macosx/../../../modules/gui/macosx/Resources/mainwindow_dark/titlebar/lion/lion-window-zoom-over-graphite.png /Users/cam/Documents/Projects/ultima-iv-web/vlc-thumbs/work/build/vlc-source/extras/package/macosx/../../../modules/gui/macosx/Resources/mainwindow_dark/titlebar/lion/lion-window-zoom-over-graphite@2x.png /Users/cam/Documents/Projects/ultima-iv-web/vlc-thumbs/work/build/vlc-source/extras/package/macosx/../../../modules/gui/macosx/Resources/mainwindow_dark/titlebar/lion/lion-window-zoom-over.png /Users/cam/Documents/Projects/ultima-iv-web/vlc-thumbs/work/build/vlc-source/extras/package/macosx/../../../modules/gui/macosx/Resources/mainwindow_dark/titlebar/lion/lion-window-zoom-over@2x.png /Users/cam/Documents/Projects/ultima-iv-web/vlc-thumbs/work/build/vlc-source/extras/package/macosx/../../../modules/gui/macosx/Resources/mainwindow_dark/titlebar/lion/lion-window-zoom.png /Users/cam/Documents/Projects/ultima-iv-web/vlc-thumbs/work/build/vlc-source/extras/package/macosx/../../../modules/gui/macosx/Resources/mainwindow_dark/titlebar/lion/lion-window-zoom@2x.png /Users/cam/Documents/Projects/ultima-iv-web/vlc-thumbs/work/build/vlc-source/extras/package/macosx/../../../modules/gui/macosx/Resources/mainwindow_dark/titlebar/yosemite/yosemite-window-close-graphite.png /Users/cam/Documents/Projects/ultima-iv-web/vlc-thumbs/work/build/vlc-source/extras/package/macosx/../../../modules/gui/macosx/Resources/mainwindow_dark/titlebar/yosemite/yosemite-window-close-graphite@2x.png /Users/cam/Documents/Projects/ultima-iv-web/vlc-thumbs/work/build/vlc-source/extras/package/macosx/../../../modules/gui/macosx/Resources/mainwindow_dark/titlebar/yosemite/yosemite-window-close-on-graphite.png /Users/cam/Documents/Projects/ultima-iv-web/vlc-thumbs/work/build/vlc-source/extras/package/macosx/../../../modules/gui/macosx/Resources/mainwindow_dark/titlebar/yosemite/yosemite-window-close-on-graphite@2x.png /Users/cam/Documents/Projects/ultima-iv-web/vlc-thumbs/work/build/vlc-source/extras/package/macosx/../../../modules/gui/macosx/Resources/mainwindow_dark/titlebar/yosemite/yosemite-window-close-on.png /Users/cam/Documents/Projects/ultima-iv-web/vlc-thumbs/work/build/vlc-source/extras/package/macosx/../../../modules/gui/macosx/Resources/mainwindow_dark/titlebar/yosemite/yosemite-window-close-on@2x.png /Users/cam/Documents/Projects/ultima-iv-web/vlc-thumbs/work/build/vlc-source/extras/package/macosx/../../../modules/gui/macosx/Resources/mainwindow_dark/titlebar/yosemite/yosemite-window-close-over-graphite.png '/Users/cam/Documents/Projects/ultima-iv-web/vlc-thumbs/work/build/vlc-arm64/vlc_install_dir/share/macosx/Contents/Resources'
 /usr/local/bin/ginstall -c -m 644 /Users/cam/Documents/Projects/ultima-iv-web/vlc-thumbs/work/build/vlc-source/extras/package/macosx/../../../modules/gui/macosx/Resources/mainwindow_dark/titlebar/yosemite/yosemite-window-close-over-graphite@2x.png /Users/cam/Documents/Projects/ultima-iv-web/vlc-thumbs/work/build/vlc-source/extras/package/macosx/../../../modules/gui/macosx/Resources/mainwindow_dark/titlebar/yosemite/yosemite-window-close-over.png /Users/cam/Documents/Projects/ultima-iv-web/vlc-thumbs/work/build/vlc-source/extras/package/macosx/../../../modules/gui/macosx/Resources/mainwindow_dark/titlebar/yosemite/yosemite-window-close-over@2x.png /Users/cam/Documents/Projects/ultima-iv-web/vlc-thumbs/work/build/vlc-source/extras/package/macosx/../../../modules/gui/macosx/Resources/mainwindow_dark/titlebar/yosemite/yosemite-window-close.png /Users/cam/Documents/Projects/ultima-iv-web/vlc-thumbs/work/build/vlc-source/extras/package/macosx/../../../modules/gui/macosx/Resources/mainwindow_dark/titlebar/yosemite/yosemite-window-close@2x.png /Users/cam/Documents/Projects/ultima-iv-web/vlc-thumbs/work/build/vlc-source/extras/package/macosx/../../../modules/gui/macosx/Resources/mainwindow_dark/titlebar/yosemite/yosemite-window-fullscreen-graphite.png /Users/cam/Documents/Projects/ultima-iv-web/vlc-thumbs/work/build/vlc-source/extras/package/macosx/../../../modules/gui/macosx/Resources/mainwindow_dark/titlebar/yosemite/yosemite-window-fullscreen-graphite@2x.png /Users/cam/Documents/Projects/ultima-iv-web/vlc-thumbs/work/build/vlc-source/extras/package/macosx/../../../modules/gui/macosx/Resources/mainwindow_dark/titlebar/yosemite/yosemite-window-fullscreen-on-graphite.png /Users/cam/Documents/Projects/ultima-iv-web/vlc-thumbs/work/build/vlc-source/extras/package/macosx/../../../modules/gui/macosx/Resources/mainwindow_dark/titlebar/yosemite/yosemite-window-fullscreen-on-graphite@2x.png /Users/cam/Documents/Projects/ultima-iv-web/vlc-thumbs/work/build/vlc-source/extras/package/macosx/../../../modules/gui/macosx/Resources/mainwindow_dark/titlebar/yosemite/yosemite-window-fullscreen-on.png /Users/cam/Documents/Projects/ultima-iv-web/vlc-thumbs/work/build/vlc-source/extras/package/macosx/../../../modules/gui/macosx/Resources/mainwindow_dark/titlebar/yosemite/yosemite-window-fullscreen-on@2x.png /Users/cam/Documents/Projects/ultima-iv-web/vlc-thumbs/work/build/vlc-source/extras/package/macosx/../../../modules/gui/macosx/Resources/mainwindow_dark/titlebar/yosemite/yosemite-window-fullscreen-over-graphite.png /Users/cam/Documents/Projects/ultima-iv-web/vlc-thumbs/work/build/vlc-source/extras/package/macosx/../../../modules/gui/macosx/Resources/mainwindow_dark/titlebar/yosemite/yosemite-window-fullscreen-over-graphite@2x.png /Users/cam/Documents/Projects/ultima-iv-web/vlc-thumbs/work/build/vlc-source/extras/package/macosx/../../../modules/gui/macosx/Resources/mainwindow_dark/titlebar/yosemite/yosemite-window-fullscreen-over.png /Users/cam/Documents/Projects/ultima-iv-web/vlc-thumbs/work/build/vlc-source/extras/package/macosx/../../../modules/gui/macosx/Resources/mainwindow_dark/titlebar/yosemite/yosemite-window-fullscreen-over@2x.png /Users/cam/Documents/Projects/ultima-iv-web/vlc-thumbs/work/build/vlc-source/extras/package/macosx/../../../modules/gui/macosx/Resources/mainwindow_dark/titlebar/yosemite/yosemite-window-fullscreen.png /Users/cam/Documents/Projects/ultima-iv-web/vlc-thumbs/work/build/vlc-source/extras/package/macosx/../../../modules/gui/macosx/Resources/mainwindow_dark/titlebar/yosemite/yosemite-window-fullscreen@2x.png /Users/cam/Documents/Projects/ultima-iv-web/vlc-thumbs/work/build/vlc-source/extras/package/macosx/../../../modules/gui/macosx/Resources/mainwindow_dark/titlebar/yosemite/yosemite-window-minimize-graphite.png /Users/cam/Documents/Projects/ultima-iv-web/vlc-thumbs/work/build/vlc-source/extras/package/macosx/../../../modules/gui/macosx/Resources/mainwindow_dark/titlebar/yosemite/yosemite-window-minimize-graphite@2x.png /Users/cam/Documents/Projects/ultima-iv-web/vlc-thumbs/work/build/vlc-source/extras/package/macosx/../../../modules/gui/macosx/Resources/mainwindow_dark/titlebar/yosemite/yosemite-window-minimize-on-graphite.png /Users/cam/Documents/Projects/ultima-iv-web/vlc-thumbs/work/build/vlc-source/extras/package/macosx/../../../modules/gui/macosx/Resources/mainwindow_dark/titlebar/yosemite/yosemite-window-minimize-on-graphite@2x.png /Users/cam/Documents/Projects/ultima-iv-web/vlc-thumbs/work/build/vlc-source/extras/package/macosx/../../../modules/gui/macosx/Resources/mainwindow_dark/titlebar/yosemite/yosemite-window-minimize-on.png /Users/cam/Documents/Projects/ultima-iv-web/vlc-thumbs/work/build/vlc-source/extras/package/macosx/../../../modules/gui/macosx/Resources/mainwindow_dark/titlebar/yosemite/yosemite-window-minimize-on@2x.png /Users/cam/Documents/Projects/ultima-iv-web/vlc-thumbs/work/build/vlc-source/extras/package/macosx/../../../modules/gui/macosx/Resources/mainwindow_dark/titlebar/yosemite/yosemite-window-minimize-over-graphite.png /Users/cam/Documents/Projects/ultima-iv-web/vlc-thumbs/work/build/vlc-source/extras/package/macosx/../../../modules/gui/macosx/Resources/mainwindow_dark/titlebar/yosemite/yosemite-window-minimize-over-graphite@2x.png /Users/cam/Documents/Projects/ultima-iv-web/vlc-thumbs/work/build/vlc-source/extras/package/macosx/../../../modules/gui/macosx/Resources/mainwindow_dark/titlebar/yosemite/yosemite-window-minimize-over.png /Users/cam/Documents/Projects/ultima-iv-web/vlc-thumbs/work/build/vlc-source/extras/package/macosx/../../../modules/gui/macosx/Resources/mainwindow_dark/titlebar/yosemite/yosemite-window-minimize-over@2x.png /Users/cam/Documents/Projects/ultima-iv-web/vlc-thumbs/work/build/vlc-source/extras/package/macosx/../../../modules/gui/macosx/Resources/mainwindow_dark/titlebar/yosemite/yosemite-window-minimize.png /Users/cam/Documents/Projects/ultima-iv-web/vlc-thumbs/work/build/vlc-source/extras/package/macosx/../../../modules/gui/macosx/Resources/mainwindow_dark/titlebar/yosemite/yosemite-window-minimize@2x.png /Users/cam/Documents/Projects/ultima-iv-web/vlc-thumbs/work/build/vlc-source/extras/package/macosx/../../../modules/gui/macosx/Resources/mainwindow_dark/titlebar/yosemite/yosemite-window-zoom-graphite.png /Users/cam/Documents/Projects/ultima-iv-web/vlc-thumbs/work/build/vlc-source/extras/package/macosx/../../../modules/gui/macosx/Resources/mainwindow_dark/titlebar/yosemite/yosemite-window-zoom-graphite@2x.png /Users/cam/Documents/Projects/ultima-iv-web/vlc-thumbs/work/build/vlc-source/extras/package/macosx/../../../modules/gui/macosx/Resources/mainwindow_dark/titlebar/yosemite/yosemite-window-zoom-on-graphite.png /Users/cam/Documents/Projects/ultima-iv-web/vlc-thumbs/work/build/vlc-source/extras/package/macosx/../../../modules/gui/macosx/Resources/mainwindow_dark/titlebar/yosemite/yosemite-window-zoom-on-graphite@2x.png /Users/cam/Documents/Projects/ultima-iv-web/vlc-thumbs/work/build/vlc-source/extras/package/macosx/../../../modules/gui/macosx/Resources/mainwindow_dark/titlebar/yosemite/yosemite-window-zoom-on.png /Users/cam/Documents/Projects/ultima-iv-web/vlc-thumbs/work/build/vlc-source/extras/package/macosx/../../../modules/gui/macosx/Resources/mainwindow_dark/titlebar/yosemite/yosemite-window-zoom-on@2x.png /Users/cam/Documents/Projects/ultima-iv-web/vlc-thumbs/work/build/vlc-source/extras/package/macosx/../../../modules/gui/macosx/Resources/mainwindow_dark/titlebar/yosemite/yosemite-window-zoom-over-graphite.png /Users/cam/Documents/Projects/ultima-iv-web/vlc-thumbs/work/build/vlc-source/extras/package/macosx/../../../modules/gui/macosx/Resources/mainwindow_dark/titlebar/yosemite/yosemite-window-zoom-over-graphite@2x.png /Users/cam/Documents/Projects/ultima-iv-web/vlc-thumbs/work/build/vlc-source/extras/package/macosx/../../../modules/gui/macosx/Resources/mainwindow_dark/titlebar/yosemite/yosemite-window-zoom-over.png /Users/cam/Documents/Projects/ultima-iv-web/vlc-thumbs/work/build/vlc-source/extras/package/macosx/../../../modules/gui/macosx/Resources/mainwindow_dark/titlebar/yosemite/yosemite-window-zoom-over@2x.png /Users/cam/Documents/Projects/ultima-iv-web/vlc-thumbs/work/build/vlc-source/extras/package/macosx/../../../modules/gui/macosx/Resources/mainwindow_dark/titlebar/yosemite/yosemite-window-zoom.png '/Users/cam/Documents/Projects/ultima-iv-web/vlc-thumbs/work/build/vlc-arm64/vlc_install_dir/share/macosx/Contents/Resources'
 /usr/local/bin/ginstall -c -m 644 /Users/cam/Documents/Projects/ultima-iv-web/vlc-thumbs/work/build/vlc-source/extras/package/macosx/../../../modules/gui/macosx/Resources/mainwindow_dark/titlebar/yosemite/yosemite-window-zoom@2x.png /Users/cam/Documents/Projects/ultima-iv-web/vlc-thumbs/work/build/vlc-source/extras/package/macosx/../../../modules/gui/macosx/Resources/mainwindow_dark/topbar-dark-center-fill.png /Users/cam/Documents/Projects/ultima-iv-web/vlc-thumbs/work/build/vlc-source/extras/package/macosx/../../../modules/gui/macosx/Resources/mainwindow_dark/topbar-dark-center-fill@2x.png /Users/cam/Documents/Projects/ultima-iv-web/vlc-thumbs/work/build/vlc-source/extras/package/macosx/../../../modules/gui/macosx/Resources/mainwindow_dark/topbar-dark-left.png /Users/cam/Documents/Projects/ultima-iv-web/vlc-thumbs/work/build/vlc-source/extras/package/macosx/../../../modules/gui/macosx/Resources/mainwindow_dark/topbar-dark-left@2x.png /Users/cam/Documents/Projects/ultima-iv-web/vlc-thumbs/work/build/vlc-source/extras/package/macosx/../../../modules/gui/macosx/Resources/mainwindow_dark/topbar-dark-right.png /Users/cam/Documents/Projects/ultima-iv-web/vlc-thumbs/work/build/vlc-source/extras/package/macosx/../../../modules/gui/macosx/Resources/mainwindow_dark/topbar-dark-right@2x.png /Users/cam/Documents/Projects/ultima-iv-web/vlc-thumbs/work/build/vlc-source/extras/package/macosx/../../../modules/gui/macosx/Resources/mainwindow_dark/volume-high_dark.png /Users/cam/Documents/Projects/ultima-iv-web/vlc-thumbs/work/build/vlc-source/extras/package/macosx/../../../modules/gui/macosx/Resources/mainwindow_dark/volume-high_dark@2x.png /Users/cam/Documents/Projects/ultima-iv-web/vlc-thumbs/work/build/vlc-source/extras/package/macosx/../../../modules/gui/macosx/Resources/mainwindow_dark/volume-low_dark.png /Users/cam/Documents/Projects/ultima-iv-web/vlc-thumbs/work/build/vlc-source/extras/package/macosx/../../../modules/gui/macosx/Resources/mainwindow_dark/volume-low_dark@2x.png /Users/cam/Documents/Projects/ultima-iv-web/vlc-thumbs/work/build/vlc-source/extras/package/macosx/../../../modules/gui/macosx/Resources/mainwindow_dark/window-resize.png /Users/cam/Documents/Projects/ultima-iv-web/vlc-thumbs/work/build/vlc-source/extras/package/macosx/../../../modules/gui/macosx/Resources/mainwindow_dark_yosemite/ys-backward-3btns-dark-pressed.png /Users/cam/Documents/Projects/ultima-iv-web/vlc-thumbs/work/build/vlc-source/extras/package/macosx/../../../modules/gui/macosx/Resources/mainwindow_dark_yosemite/ys-backward-3btns-dark-pressed@2x.png /Users/cam/Documents/Projects/ultima-iv-web/vlc-thumbs/work/build/vlc-source/extras/package/macosx/../../../modules/gui/macosx/Resources/mainwindow_dark_yosemite/ys-backward-3btns-dark.png /Users/cam/Documents/Projects/ultima-iv-web/vlc-thumbs/work/build/vlc-source/extras/package/macosx/../../../modules/gui/macosx/Resources/mainwindow_dark_yosemite/ys-backward-3btns-dark@2x.png /Users/cam/Documents/Projects/ultima-iv-web/vlc-thumbs/work/build/vlc-source/extras/package/macosx/../../../modules/gui/macosx/Resources/mainwindow_dark_yosemite/ys-backward-6btns-dark-pressed.png /Users/cam/Documents/Projects/ultima-iv-web/vlc-thumbs/work/build/vlc-source/extras/package/macosx/../../../modules/gui/macosx/Resources/mainwindow_dark_yosemite/ys-backward-6btns-dark-pressed@2x.png /Users/cam/Documents/Projects/ultima-iv-web/vlc-thumbs/work/build/vlc-source/extras/package/macosx/../../../modules/gui/macosx/Resources/mainwindow_dark_yosemite/ys-backward-6btns-dark.png /Users/cam/Documents/Projects/ultima-iv-web/vlc-thumbs/work/build/vlc-source/extras/package/macosx/../../../modules/gui/macosx/Resources/mainwindow_dark_yosemite/ys-backward-6btns-dark@2x.png /Users/cam/Documents/Projects/ultima-iv-web/vlc-thumbs/work/build/vlc-source/extras/package/macosx/../../../modules/gui/macosx/Resources/mainwindow_dark_yosemite/ys-effects-double-buttons-pressed_dark.png /Users/cam/Documents/Projects/ultima-iv-web/vlc-thumbs/work/build/vlc-source/extras/package/macosx/../../../modules/gui/macosx/Resources/mainwindow_dark_yosemite/ys-effects-double-buttons-pressed_dark@2x.png /Users/cam/Documents/Projects/ultima-iv-web/vlc-thumbs/work/build/vlc-source/extras/package/macosx/../../../modules/gui/macosx/Resources/mainwindow_dark_yosemite/ys-effects-double-buttons_dark.png /Users/cam/Documents/Projects/ultima-iv-web/vlc-thumbs/work/build/vlc-source/extras/package/macosx/../../../modules/gui/macosx/Resources/mainwindow_dark_yosemite/ys-effects-double-buttons_dark@2x.png /Users/cam/Documents/Projects/ultima-iv-web/vlc-thumbs/work/build/vlc-source/extras/package/macosx/../../../modules/gui/macosx/Resources/mainwindow_dark_yosemite/ys-effects-one-button-pressed-dark.png /Users/cam/Documents/Projects/ultima-iv-web/vlc-thumbs/work/build/vlc-source/extras/package/macosx/../../../modules/gui/macosx/Resources/mainwindow_dark_yosemite/ys-effects-one-button-pressed-dark@2x.png /Users/cam/Documents/Projects/ultima-iv-web/vlc-thumbs/work/build/vlc-source/extras/package/macosx/../../../modules/gui/macosx/Resources/mainwindow_dark_yosemite/ys-effects-one-button_dark.png /Users/cam/Documents/Projects/ultima-iv-web/vlc-thumbs/work/build/vlc-source/extras/package/macosx/../../../modules/gui/macosx/Resources/mainwindow_dark_yosemite/ys-effects-one-button_dark@2x.png /Users/cam/Documents/Projects/ultima-iv-web/vlc-thumbs/work/build/vlc-source/extras/package/macosx/../../../modules/gui/macosx/Resources/mainwindow_dark_yosemite/ys-forward-3btns-dark-pressed.png /Users/cam/Documents/Projects/ultima-iv-web/vlc-thumbs/work/build/vlc-source/extras/package/macosx/../../../modules/gui/macosx/Resources/mainwindow_dark_yosemite/ys-forward-3btns-dark-pressed@2x.png /Users/cam/Documents/Projects/ultima-iv-web/vlc-thumbs/work/build/vlc-source/extras/package/macosx/../../../modules/gui/macosx/Resources/mainwindow_dark_yosemite/ys-forward-3btns-dark.png /Users/cam/Documents/Projects/ultima-iv-web/vlc-thumbs/work/build/vlc-source/extras/package/macosx/../../../modules/gui/macosx/Resources/mainwindow_dark_yosemite/ys-forward-3btns-dark@2x.png /Users/cam/Documents/Projects/ultima-iv-web/vlc-thumbs/work/build/vlc-source/extras/package/macosx/../../../modules/gui/macosx/Resources/mainwindow_dark_yosemite/ys-forward-6btns-dark-pressed.png /Users/cam/Documents/Projects/ultima-iv-web/vlc-thumbs/work/build/vlc-source/extras/package/macosx/../../../modules/gui/macosx/Resources/mainwindow_dark_yosemite/ys-forward-6btns-dark-pressed@2x.png /Users/cam/Documents/Projects/ultima-iv-web/vlc-thumbs/work/build/vlc-source/extras/package/macosx/../../../modules/gui/macosx/Resources/mainwindow_dark_yosemite/ys-forward-6btns-dark.png /Users/cam/Documents/Projects/ultima-iv-web/vlc-thumbs/work/build/vlc-source/extras/package/macosx/../../../modules/gui/macosx/Resources/mainwindow_dark_yosemite/ys-forward-6btns-dark@2x.png /Users/cam/Documents/Projects/ultima-iv-web/vlc-thumbs/work/build/vlc-source/extras/package/macosx/../../../modules/gui/macosx/Resources/mainwindow_dark_yosemite/ys-fullscreen-double-buttons-pressed_dark.png /Users/cam/Documents/Projects/ultima-iv-web/vlc-thumbs/work/build/vlc-source/extras/package/macosx/../../../modules/gui/macosx/Resources/mainwindow_dark_yosemite/ys-fullscreen-double-buttons-pressed_dark@2x.png /Users/cam/Documents/Projects/ultima-iv-web/vlc-thumbs/work/build/vlc-source/extras/package/macosx/../../../modules/gui/macosx/Resources/mainwindow_dark_yosemite/ys-fullscreen-double-buttons_dark.png /Users/cam/Documents/Projects/ultima-iv-web/vlc-thumbs/work/build/vlc-source/extras/package/macosx/../../../modules/gui/macosx/Resources/mainwindow_dark_yosemite/ys-fullscreen-double-buttons_dark@2x.png '/Users/cam/Documents/Projects/ultima-iv-web/vlc-thumbs/work/build/vlc-arm64/vlc_install_dir/share/macosx/Contents/Resources'
 /usr/local/bin/ginstall -c -m 644 /Users/cam/Documents/Projects/ultima-iv-web/vlc-thumbs/work/build/vlc-source/extras/package/macosx/../../../modules/gui/macosx/Resources/mainwindow_dark_yosemite/ys-fullscreen-one-button-pressed_dark.png /Users/cam/Documents/Projects/ultima-iv-web/vlc-thumbs/work/build/vlc-source/extras/package/macosx/../../../modules/gui/macosx/Resources/mainwindow_dark_yosemite/ys-fullscreen-one-button-pressed_dark@2x.png /Users/cam/Documents/Projects/ultima-iv-web/vlc-thumbs/work/build/vlc-source/extras/package/macosx/../../../modules/gui/macosx/Resources/mainwindow_dark_yosemite/ys-fullscreen-one-button_dark.png /Users/cam/Documents/Projects/ultima-iv-web/vlc-thumbs/work/build/vlc-source/extras/package/macosx/../../../modules/gui/macosx/Resources/mainwindow_dark_yosemite/ys-fullscreen-one-button_dark@2x.png /Users/cam/Documents/Projects/ultima-iv-web/vlc-thumbs/work/build/vlc-source/extras/package/macosx/../../../modules/gui/macosx/Resources/mainwindow_dark_yosemite/ys-next-6btns-dark-pressed.png /Users/cam/Documents/Projects/ultima-iv-web/vlc-thumbs/work/build/vlc-source/extras/package/macosx/../../../modules/gui/macosx/Resources/mainwindow_dark_yosemite/ys-next-6btns-dark-pressed@2x.png /Users/cam/Documents/Projects/ultima-iv-web/vlc-thumbs/work/build/vlc-source/extras/package/macosx/../../../modules/gui/macosx/Resources/mainwindow_dark_yosemite/ys-next-6btns-dark.png /Users/cam/Documents/Projects/ultima-iv-web/vlc-thumbs/work/build/vlc-source/extras/package/macosx/../../../modules/gui/macosx/Resources/mainwindow_dark_yosemite/ys-next-6btns-dark@2x.png /Users/cam/Documents/Projects/ultima-iv-web/vlc-thumbs/work/build/vlc-source/extras/package/macosx/../../../modules/gui/macosx/Resources/mainwindow_dark_yosemite/ys-pause-pressed_dark.png /Users/cam/Documents/Projects/ultima-iv-web/vlc-thumbs/work/build/vlc-source/extras/package/macosx/../../../modules/gui/macosx/Resources/mainwindow_dark_yosemite/ys-pause-pressed_dark@2x.png /Users/cam/Documents/Projects/ultima-iv-web/vlc-thumbs/work/build/vlc-source/extras/package/macosx/../../../modules/gui/macosx/Resources/mainwindow_dark_yosemite/ys-pause_dark.png /Users/cam/Documents/Projects/ultima-iv-web/vlc-thumbs/work/build/vlc-source/extras/package/macosx/../../../modules/gui/macosx/Resources/mainwindow_dark_yosemite/ys-pause_dark@2x.png /Users/cam/Documents/Projects/ultima-iv-web/vlc-thumbs/work/build/vlc-source/extras/package/macosx/../../../modules/gui/macosx/Resources/mainwindow_dark_yosemite/ys-play-pressed_dark.png /Users/cam/Documents/Projects/ultima-iv-web/vlc-thumbs/work/build/vlc-source/extras/package/macosx/../../../modules/gui/macosx/Resources/mainwindow_dark_yosemite/ys-play-pressed_dark@2x.png /Users/cam/Documents/Projects/ultima-iv-web/vlc-thumbs/work/build/vlc-source/extras/package/macosx/../../../modules/gui/macosx/Resources/mainwindow_dark_yosemite/ys-play_dark.png /Users/cam/Documents/Projects/ultima-iv-web/vlc-thumbs/work/build/vlc-source/extras/package/macosx/../../../modules/gui/macosx/Resources/mainwindow_dark_yosemite/ys-play_dark@2x.png /Users/cam/Documents/Projects/ultima-iv-web/vlc-thumbs/work/build/vlc-source/extras/package/macosx/../../../modules/gui/macosx/Resources/mainwindow_dark_yosemite/ys-playlist-1btn-dark-pressed.png /Users/cam/Documents/Projects/ultima-iv-web/vlc-thumbs/work/build/vlc-source/extras/package/macosx/../../../modules/gui/macosx/Resources/mainwindow_dark_yosemite/ys-playlist-1btn-dark-pressed@2x.png /Users/cam/Documents/Projects/ultima-iv-web/vlc-thumbs/work/build/vlc-source/extras/package/macosx/../../../modules/gui/macosx/Resources/mainwindow_dark_yosemite/ys-playlist-1btn-dark.png /Users/cam/Documents/Projects/ultima-iv-web/vlc-thumbs/work/build/vlc-source/extras/package/macosx/../../../modules/gui/macosx/Resources/mainwindow_dark_yosemite/ys-playlist-1btn-dark@2x.png /Users/cam/Documents/Projects/ultima-iv-web/vlc-thumbs/work/build/vlc-source/extras/package/macosx/../../../modules/gui/macosx/Resources/mainwindow_dark_yosemite/ys-playlist-pressed_dark.png /Users/cam/Documents/Projects/ultima-iv-web/vlc-thumbs/work/build/vlc-source/extras/package/macosx/../../../modules/gui/macosx/Resources/mainwindow_dark_yosemite/ys-playlist-pressed_dark@2x.png /Users/cam/Documents/Projects/ultima-iv-web/vlc-thumbs/work/build/vlc-source/extras/package/macosx/../../../modules/gui/macosx/Resources/mainwindow_dark_yosemite/ys-playlist_dark.png /Users/cam/Documents/Projects/ultima-iv-web/vlc-thumbs/work/build/vlc-source/extras/package/macosx/../../../modules/gui/macosx/Resources/mainwindow_dark_yosemite/ys-playlist_dark@2x.png /Users/cam/Documents/Projects/ultima-iv-web/vlc-thumbs/work/build/vlc-source/extras/package/macosx/../../../modules/gui/macosx/Resources/mainwindow_dark_yosemite/ys-previous-6btns-dark-pressed.png /Users/cam/Documents/Projects/ultima-iv-web/vlc-thumbs/work/build/vlc-source/extras/package/macosx/../../../modules/gui/macosx/Resources/mainwindow_dark_yosemite/ys-previous-6btns-dark-pressed@2x.png /Users/cam/Documents/Projects/ultima-iv-web/vlc-thumbs/work/build/vlc-source/extras/package/macosx/../../../modules/gui/macosx/Resources/mainwindow_dark_yosemite/ys-previous-6btns-dark.png /Users/cam/Documents/Projects/ultima-iv-web/vlc-thumbs/work/build/vlc-source/extras/package/macosx/../../../modules/gui/macosx/Resources/mainwindow_dark_yosemite/ys-previous-6btns-dark@2x.png /Users/cam/Documents/Projects/ultima-iv-web/vlc-thumbs/work/build/vlc-source/extras/package/macosx/../../../modules/gui/macosx/Resources/mainwindow_dark_yosemite/ys-repeat-all-blue-pressed_dark.png /Users/cam/Documents/Projects/ultima-iv-web/vlc-thumbs/work/build/vlc-source/extras/package/macosx/../../../modules/gui/macosx/Resources/mainwindow_dark_yosemite/ys-repeat-all-blue-pressed_dark@2x.png /Users/cam/Documents/Projects/ultima-iv-web/vlc-thumbs/work/build/vlc-source/extras/package/macosx/../../../modules/gui/macosx/Resources/mainwindow_dark_yosemite/ys-repeat-all-blue_dark.png /Users/cam/Documents/Projects/ultima-iv-web/vlc-thumbs/work/build/vlc-source/extras/package/macosx/../../../modules/gui/macosx/Resources/mainwindow_dark_yosemite/ys-repeat-all-blue_dark@2x.png /Users/cam/Documents/Projects/ultima-iv-web/vlc-thumbs/work/build/vlc-source/extras/package/macosx/../../../modules/gui/macosx/Resources/mainwindow_dark_yosemite/ys-repeat-one-blue-pressed_dark.png /Users/cam/Documents/Projects/ultima-iv-web/vlc-thumbs/work/build/vlc-source/extras/package/macosx/../../../modules/gui/macosx/Resources/mainwindow_dark_yosemite/ys-repeat-one-blue-pressed_dark@2x.png /Users/cam/Documents/Projects/ultima-iv-web/vlc-thumbs/work/build/vlc-source/extras/package/macosx/../../../modules/gui/macosx/Resources/mainwindow_dark_yosemite/ys-repeat-one-blue_dark.png /Users/cam/Documents/Projects/ultima-iv-web/vlc-thumbs/work/build/vlc-source/extras/package/macosx/../../../modules/gui/macosx/Resources/mainwindow_dark_yosemite/ys-repeat-one-blue_dark@2x.png /Users/cam/Documents/Projects/ultima-iv-web/vlc-thumbs/work/build/vlc-source/extras/package/macosx/../../../modules/gui/macosx/Resources/mainwindow_dark_yosemite/ys-repeat-pressed_dark.png /Users/cam/Documents/Projects/ultima-iv-web/vlc-thumbs/work/build/vlc-source/extras/package/macosx/../../../modules/gui/macosx/Resources/mainwindow_dark_yosemite/ys-repeat-pressed_dark@2x.png /Users/cam/Documents/Projects/ultima-iv-web/vlc-thumbs/work/build/vlc-source/extras/package/macosx/../../../modules/gui/macosx/Resources/mainwindow_dark_yosemite/ys-repeat_dark.png /Users/cam/Documents/Projects/ultima-iv-web/vlc-thumbs/work/build/vlc-source/extras/package/macosx/../../../modules/gui/macosx/Resources/mainwindow_dark_yosemite/ys-repeat_dark@2x.png '/Users/cam/Documents/Projects/ultima-iv-web/vlc-thumbs/work/build/vlc-arm64/vlc_install_dir/share/macosx/Contents/Resources'
 /usr/local/bin/ginstall -c -m 644 /Users/cam/Documents/Projects/ultima-iv-web/vlc-thumbs/work/build/vlc-source/extras/package/macosx/../../../modules/gui/macosx/Resources/mainwindow_dark_yosemite/ys-shuffle-blue-pressed_dark.png /Users/cam/Documents/Projects/ultima-iv-web/vlc-thumbs/work/build/vlc-source/extras/package/macosx/../../../modules/gui/macosx/Resources/mainwindow_dark_yosemite/ys-shuffle-blue-pressed_dark@2x.png /Users/cam/Documents/Projects/ultima-iv-web/vlc-thumbs/work/build/vlc-source/extras/package/macosx/../../../modules/gui/macosx/Resources/mainwindow_dark_yosemite/ys-shuffle-blue_dark.png /Users/cam/Documents/Projects/ultima-iv-web/vlc-thumbs/work/build/vlc-source/extras/package/macosx/../../../modules/gui/macosx/Resources/mainwindow_dark_yosemite/ys-shuffle-blue_dark@2x.png /Users/cam/Documents/Projects/ultima-iv-web/vlc-thumbs/work/build/vlc-source/extras/package/macosx/../../../modules/gui/macosx/Resources/mainwindow_dark_yosemite/ys-shuffle-pressed_dark.png /Users/cam/Documents/Projects/ultima-iv-web/vlc-thumbs/work/build/vlc-source/extras/package/macosx/../../../modules/gui/macosx/Resources/mainwindow_dark_yosemite/ys-shuffle-pressed_dark@2x.png /Users/cam/Documents/Projects/ultima-iv-web/vlc-thumbs/work/build/vlc-source/extras/package/macosx/../../../modules/gui/macosx/Resources/mainwindow_dark_yosemite/ys-shuffle_dark.png /Users/cam/Documents/Projects/ultima-iv-web/vlc-thumbs/work/build/vlc-source/extras/package/macosx/../../../modules/gui/macosx/Resources/mainwindow_dark_yosemite/ys-shuffle_dark@2x.png /Users/cam/Documents/Projects/ultima-iv-web/vlc-thumbs/work/build/vlc-source/extras/package/macosx/../../../modules/gui/macosx/Resources/mainwindow_dark_yosemite/ys-stop-pressed_dark.png /Users/cam/Documents/Projects/ultima-iv-web/vlc-thumbs/work/build/vlc-source/extras/package/macosx/../../../modules/gui/macosx/Resources/mainwindow_dark_yosemite/ys-stop-pressed_dark@2x.png /Users/cam/Documents/Projects/ultima-iv-web/vlc-thumbs/work/build/vlc-source/extras/package/macosx/../../../modules/gui/macosx/Resources/mainwindow_dark_yosemite/ys-stop_dark.png /Users/cam/Documents/Projects/ultima-iv-web/vlc-thumbs/work/build/vlc-source/extras/package/macosx/../../../modules/gui/macosx/Resources/mainwindow_dark_yosemite/ys-stop_dark@2x.png /Users/cam/Documents/Projects/ultima-iv-web/vlc-thumbs/work/build/vlc-source/extras/package/macosx/../../../modules/gui/macosx/Resources/mainwindow_dark_yosemite/ys-topbar-dark-center-fill.png /Users/cam/Documents/Projects/ultima-iv-web/vlc-thumbs/work/build/vlc-source/extras/package/macosx/../../../modules/gui/macosx/Resources/mainwindow_dark_yosemite/ys-topbar-dark-center-fill@2x.png /Users/cam/Documents/Projects/ultima-iv-web/vlc-thumbs/work/build/vlc-source/extras/package/macosx/../../../modules/gui/macosx/Resources/mainwindow_dark_yosemite/ys-topbar-dark-left.png /Users/cam/Documents/Projects/ultima-iv-web/vlc-thumbs/work/build/vlc-source/extras/package/macosx/../../../modules/gui/macosx/Resources/mainwindow_dark_yosemite/ys-topbar-dark-left@2x.png /Users/cam/Documents/Projects/ultima-iv-web/vlc-thumbs/work/build/vlc-source/extras/package/macosx/../../../modules/gui/macosx/Resources/mainwindow_dark_yosemite/ys-topbar-dark-right.png /Users/cam/Documents/Projects/ultima-iv-web/vlc-thumbs/work/build/vlc-source/extras/package/macosx/../../../modules/gui/macosx/Resources/mainwindow_dark_yosemite/ys-topbar-dark-right@2x.png /Users/cam/Documents/Projects/ultima-iv-web/vlc-thumbs/work/build/vlc-source/extras/package/macosx/../../../modules/gui/macosx/Resources/mainwindow_dark_yosemite/ys-volume-high_dark.png /Users/cam/Documents/Projects/ultima-iv-web/vlc-thumbs/work/build/vlc-source/extras/package/macosx/../../../modules/gui/macosx/Resources/mainwindow_dark_yosemite/ys-volume-high_dark@2x.png /Users/cam/Documents/Projects/ultima-iv-web/vlc-thumbs/work/build/vlc-source/extras/package/macosx/../../../modules/gui/macosx/Resources/mainwindow_dark_yosemite/ys-volume-low_dark.png /Users/cam/Documents/Projects/ultima-iv-web/vlc-thumbs/work/build/vlc-source/extras/package/macosx/../../../modules/gui/macosx/Resources/mainwindow_dark_yosemite/ys-volume-low_dark@2x.png /Users/cam/Documents/Projects/ultima-iv-web/vlc-thumbs/work/build/vlc-source/extras/package/macosx/../../../modules/gui/macosx/Resources/mainwindow_mojave_dark/mj-dropzone-dark.png /Users/cam/Documents/Projects/ultima-iv-web/vlc-thumbs/work/build/vlc-source/extras/package/macosx/../../../modules/gui/macosx/Resources/mainwindow_mojave_dark/mj-dropzone-dark@2x.png /Users/cam/Documents/Projects/ultima-iv-web/vlc-thumbs/work/build/vlc-source/extras/package/macosx/../../../modules/gui/macosx/Resources/mainwindow_yosemite/ys-backward-3btns-pressed.png /Users/cam/Documents/Projects/ultima-iv-web/vlc-thumbs/work/build/vlc-source/extras/package/macosx/../../../modules/gui/macosx/Resources/mainwindow_yosemite/ys-backward-3btns-pressed@2x.png /Users/cam/Documents/Projects/ultima-iv-web/vlc-thumbs/work/build/vlc-source/extras/package/macosx/../../../modules/gui/macosx/Resources/mainwindow_yosemite/ys-backward-3btns.png /Users/cam/Documents/Projects/ultima-iv-web/vlc-thumbs/work/build/vlc-source/extras/package/macosx/../../../modules/gui/macosx/Resources/mainwindow_yosemite/ys-backward-3btns@2x.png /Users/cam/Documents/Projects/ultima-iv-web/vlc-thumbs/work/build/vlc-source/extras/package/macosx/../../../modules/gui/macosx/Resources/mainwindow_yosemite/ys-backward-6btns-pressed.png /Users/cam/Documents/Projects/ultima-iv-web/vlc-thumbs/work/build/vlc-source/extras/package/macosx/../../../modules/gui/macosx/Resources/mainwindow_yosemite/ys-backward-6btns-pressed@2x.png /Users/cam/Documents/Projects/ultima-iv-web/vlc-thumbs/work/build/vlc-source/extras/package/macosx/../../../modules/gui/macosx/Resources/mainwindow_yosemite/ys-backward-6btns.png /Users/cam/Documents/Projects/ultima-iv-web/vlc-thumbs/work/build/vlc-source/extras/package/macosx/../../../modules/gui/macosx/Resources/mainwindow_yosemite/ys-backward-6btns@2x.png /Users/cam/Documents/Projects/ultima-iv-web/vlc-thumbs/work/build/vlc-source/extras/package/macosx/../../../modules/gui/macosx/Resources/mainwindow_yosemite/ys-dropzone.png /Users/cam/Documents/Projects/ultima-iv-web/vlc-thumbs/work/build/vlc-source/extras/package/macosx/../../../modules/gui/macosx/Resources/mainwindow_yosemite/ys-dropzone@2x.png /Users/cam/Documents/Projects/ultima-iv-web/vlc-thumbs/work/build/vlc-source/extras/package/macosx/../../../modules/gui/macosx/Resources/mainwindow_yosemite/ys-effects-double-buttons-pressed.png /Users/cam/Documents/Projects/ultima-iv-web/vlc-thumbs/work/build/vlc-source/extras/package/macosx/../../../modules/gui/macosx/Resources/mainwindow_yosemite/ys-effects-double-buttons-pressed@2x.png /Users/cam/Documents/Projects/ultima-iv-web/vlc-thumbs/work/build/vlc-source/extras/package/macosx/../../../modules/gui/macosx/Resources/mainwindow_yosemite/ys-effects-double-buttons.png /Users/cam/Documents/Projects/ultima-iv-web/vlc-thumbs/work/build/vlc-source/extras/package/macosx/../../../modules/gui/macosx/Resources/mainwindow_yosemite/ys-effects-double-buttons@2x.png /Users/cam/Documents/Projects/ultima-iv-web/vlc-thumbs/work/build/vlc-source/extras/package/macosx/../../../modules/gui/macosx/Resources/mainwindow_yosemite/ys-effects-one-button-pressed.png /Users/cam/Documents/Projects/ultima-iv-web/vlc-thumbs/work/build/vlc-source/extras/package/macosx/../../../modules/gui/macosx/Resources/mainwindow_yosemite/ys-effects-one-button-pressed@2x.png '/Users/cam/Documents/Projects/ultima-iv-web/vlc-thumbs/work/build/vlc-arm64/vlc_install_dir/share/macosx/Contents/Resources'
 /usr/local/bin/ginstall -c -m 644 /Users/cam/Documents/Projects/ultima-iv-web/vlc-thumbs/work/build/vlc-source/extras/package/macosx/../../../modules/gui/macosx/Resources/mainwindow_yosemite/ys-effects-one-button.png /Users/cam/Documents/Projects/ultima-iv-web/vlc-thumbs/work/build/vlc-source/extras/package/macosx/../../../modules/gui/macosx/Resources/mainwindow_yosemite/ys-effects-one-button@2x.png /Users/cam/Documents/Projects/ultima-iv-web/vlc-thumbs/work/build/vlc-source/extras/package/macosx/../../../modules/gui/macosx/Resources/mainwindow_yosemite/ys-forward-3btns-pressed.png /Users/cam/Documents/Projects/ultima-iv-web/vlc-thumbs/work/build/vlc-source/extras/package/macosx/../../../modules/gui/macosx/Resources/mainwindow_yosemite/ys-forward-3btns-pressed@2x.png /Users/cam/Documents/Projects/ultima-iv-web/vlc-thumbs/work/build/vlc-source/extras/package/macosx/../../../modules/gui/macosx/Resources/mainwindow_yosemite/ys-forward-3btns.png /Users/cam/Documents/Projects/ultima-iv-web/vlc-thumbs/work/build/vlc-source/extras/package/macosx/../../../modules/gui/macosx/Resources/mainwindow_yosemite/ys-forward-3btns@2x.png /Users/cam/Documents/Projects/ultima-iv-web/vlc-thumbs/work/build/vlc-source/extras/package/macosx/../../../modules/gui/macosx/Resources/mainwindow_yosemite/ys-forward-6btns-pressed.png /Users/cam/Documents/Projects/ultima-iv-web/vlc-thumbs/work/build/vlc-source/extras/package/macosx/../../../modules/gui/macosx/Resources/mainwindow_yosemite/ys-forward-6btns-pressed@2x.png /Users/cam/Documents/Projects/ultima-iv-web/vlc-thumbs/work/build/vlc-source/extras/package/macosx/../../../modules/gui/macosx/Resources/mainwindow_yosemite/ys-forward-6btns.png /Users/cam/Documents/Projects/ultima-iv-web/vlc-thumbs/work/build/vlc-source/extras/package/macosx/../../../modules/gui/macosx/Resources/mainwindow_yosemite/ys-forward-6btns@2x.png /Users/cam/Documents/Projects/ultima-iv-web/vlc-thumbs/work/build/vlc-source/extras/package/macosx/../../../modules/gui/macosx/Resources/mainwindow_yosemite/ys-fullscreen-double-buttons-pressed.png /Users/cam/Documents/Projects/ultima-iv-web/vlc-thumbs/work/build/vlc-source/extras/package/macosx/../../../modules/gui/macosx/Resources/mainwindow_yosemite/ys-fullscreen-double-buttons-pressed@2x.png /Users/cam/Documents/Projects/ultima-iv-web/vlc-thumbs/work/build/vlc-source/extras/package/macosx/../../../modules/gui/macosx/Resources/mainwindow_yosemite/ys-fullscreen-double-buttons.png /Users/cam/Documents/Projects/ultima-iv-web/vlc-thumbs/work/build/vlc-source/extras/package/macosx/../../../modules/gui/macosx/Resources/mainwindow_yosemite/ys-fullscreen-double-buttons@2x.png /Users/cam/Documents/Projects/ultima-iv-web/vlc-thumbs/work/build/vlc-source/extras/package/macosx/../../../modules/gui/macosx/Resources/mainwindow_yosemite/ys-fullscreen-one-button-pressed.png /Users/cam/Documents/Projects/ultima-iv-web/vlc-thumbs/work/build/vlc-source/extras/package/macosx/../../../modules/gui/macosx/Resources/mainwindow_yosemite/ys-fullscreen-one-button-pressed@2x.png /Users/cam/Documents/Projects/ultima-iv-web/vlc-thumbs/work/build/vlc-source/extras/package/macosx/../../../modules/gui/macosx/Resources/mainwindow_yosemite/ys-fullscreen-one-button.png /Users/cam/Documents/Projects/ultima-iv-web/vlc-thumbs/work/build/vlc-source/extras/package/macosx/../../../modules/gui/macosx/Resources/mainwindow_yosemite/ys-fullscreen-one-button@2x.png /Users/cam/Documents/Projects/ultima-iv-web/vlc-thumbs/work/build/vlc-source/extras/package/macosx/../../../modules/gui/macosx/Resources/mainwindow_yosemite/ys-next-6btns-pressed.png /Users/cam/Documents/Projects/ultima-iv-web/vlc-thumbs/work/build/vlc-source/extras/package/macosx/../../../modules/gui/macosx/Resources/mainwindow_yosemite/ys-next-6btns-pressed@2x.png /Users/cam/Documents/Projects/ultima-iv-web/vlc-thumbs/work/build/vlc-source/extras/package/macosx/../../../modules/gui/macosx/Resources/mainwindow_yosemite/ys-next-6btns.png /Users/cam/Documents/Projects/ultima-iv-web/vlc-thumbs/work/build/vlc-source/extras/package/macosx/../../../modules/gui/macosx/Resources/mainwindow_yosemite/ys-next-6btns@2x.png /Users/cam/Documents/Projects/ultima-iv-web/vlc-thumbs/work/build/vlc-source/extras/package/macosx/../../../modules/gui/macosx/Resources/mainwindow_yosemite/ys-pause-pressed.png /Users/cam/Documents/Projects/ultima-iv-web/vlc-thumbs/work/build/vlc-source/extras/package/macosx/../../../modules/gui/macosx/Resources/mainwindow_yosemite/ys-pause-pressed@2x.png /Users/cam/Documents/Projects/ultima-iv-web/vlc-thumbs/work/build/vlc-source/extras/package/macosx/../../../modules/gui/macosx/Resources/mainwindow_yosemite/ys-pause.png /Users/cam/Documents/Projects/ultima-iv-web/vlc-thumbs/work/build/vlc-source/extras/package/macosx/../../../modules/gui/macosx/Resources/mainwindow_yosemite/ys-pause@2x.png /Users/cam/Documents/Projects/ultima-iv-web/vlc-thumbs/work/build/vlc-source/extras/package/macosx/../../../modules/gui/macosx/Resources/mainwindow_yosemite/ys-play-pressed.png /Users/cam/Documents/Projects/ultima-iv-web/vlc-thumbs/work/build/vlc-source/extras/package/macosx/../../../modules/gui/macosx/Resources/mainwindow_yosemite/ys-play-pressed@2x.png /Users/cam/Documents/Projects/ultima-iv-web/vlc-thumbs/work/build/vlc-source/extras/package/macosx/../../../modules/gui/macosx/Resources/mainwindow_yosemite/ys-play.png /Users/cam/Documents/Projects/ultima-iv-web/vlc-thumbs/work/build/vlc-source/extras/package/macosx/../../../modules/gui/macosx/Resources/mainwindow_yosemite/ys-play@2x.png /Users/cam/Documents/Projects/ultima-iv-web/vlc-thumbs/work/build/vlc-source/extras/package/macosx/../../../modules/gui/macosx/Resources/mainwindow_yosemite/ys-playlist-1btn-pressed.png /Users/cam/Documents/Projects/ultima-iv-web/vlc-thumbs/work/build/vlc-source/extras/package/macosx/../../../modules/gui/macosx/Resources/mainwindow_yosemite/ys-playlist-1btn-pressed@2x.png /Users/cam/Documents/Projects/ultima-iv-web/vlc-thumbs/work/build/vlc-source/extras/package/macosx/../../../modules/gui/macosx/Resources/mainwindow_yosemite/ys-playlist-1btn.png /Users/cam/Documents/Projects/ultima-iv-web/vlc-thumbs/work/build/vlc-source/extras/package/macosx/../../../modules/gui/macosx/Resources/mainwindow_yosemite/ys-playlist-1btn@2x.png /Users/cam/Documents/Projects/ultima-iv-web/vlc-thumbs/work/build/vlc-source/extras/package/macosx/../../../modules/gui/macosx/Resources/mainwindow_yosemite/ys-playlist-btn-pressed.png /Users/cam/Documents/Projects/ultima-iv-web/vlc-thumbs/work/build/vlc-source/extras/package/macosx/../../../modules/gui/macosx/Resources/mainwindow_yosemite/ys-playlist-btn-pressed@2x.png /Users/cam/Documents/Projects/ultima-iv-web/vlc-thumbs/work/build/vlc-source/extras/package/macosx/../../../modules/gui/macosx/Resources/mainwindow_yosemite/ys-playlist-btn.png /Users/cam/Documents/Projects/ultima-iv-web/vlc-thumbs/work/build/vlc-source/extras/package/macosx/../../../modules/gui/macosx/Resources/mainwindow_yosemite/ys-playlist-btn@2x.png /Users/cam/Documents/Projects/ultima-iv-web/vlc-thumbs/work/build/vlc-source/extras/package/macosx/../../../modules/gui/macosx/Resources/mainwindow_yosemite/ys-previous-6btns-pressed.png /Users/cam/Documents/Projects/ultima-iv-web/vlc-thumbs/work/build/vlc-source/extras/package/macosx/../../../modules/gui/macosx/Resources/mainwindow_yosemite/ys-previous-6btns-pressed@2x.png '/Users/cam/Documents/Projects/ultima-iv-web/vlc-thumbs/work/build/vlc-arm64/vlc_install_dir/share/macosx/Contents/Resources'
 /usr/local/bin/ginstall -c -m 644 /Users/cam/Documents/Projects/ultima-iv-web/vlc-thumbs/work/build/vlc-source/extras/package/macosx/../../../modules/gui/macosx/Resources/mainwindow_yosemite/ys-previous-6btns.png /Users/cam/Documents/Projects/ultima-iv-web/vlc-thumbs/work/build/vlc-source/extras/package/macosx/../../../modules/gui/macosx/Resources/mainwindow_yosemite/ys-previous-6btns@2x.png /Users/cam/Documents/Projects/ultima-iv-web/vlc-thumbs/work/build/vlc-source/extras/package/macosx/../../../modules/gui/macosx/Resources/mainwindow_yosemite/ys-repeat-all-pressed.png /Users/cam/Documents/Projects/ultima-iv-web/vlc-thumbs/work/build/vlc-source/extras/package/macosx/../../../modules/gui/macosx/Resources/mainwindow_yosemite/ys-repeat-all-pressed@2x.png /Users/cam/Documents/Projects/ultima-iv-web/vlc-thumbs/work/build/vlc-source/extras/package/macosx/../../../modules/gui/macosx/Resources/mainwindow_yosemite/ys-repeat-all.png /Users/cam/Documents/Projects/ultima-iv-web/vlc-thumbs/work/build/vlc-source/extras/package/macosx/../../../modules/gui/macosx/Resources/mainwindow_yosemite/ys-repeat-all@2x.png /Users/cam/Documents/Projects/ultima-iv-web/vlc-thumbs/work/build/vlc-source/extras/package/macosx/../../../modules/gui/macosx/Resources/mainwindow_yosemite/ys-repeat-one-pressed.png /Users/cam/Documents/Projects/ultima-iv-web/vlc-thumbs/work/build/vlc-source/extras/package/macosx/../../../modules/gui/macosx/Resources/mainwindow_yosemite/ys-repeat-one-pressed@2x.png /Users/cam/Documents/Projects/ultima-iv-web/vlc-thumbs/work/build/vlc-source/extras/package/macosx/../../../modules/gui/macosx/Resources/mainwindow_yosemite/ys-repeat-one.png /Users/cam/Documents/Projects/ultima-iv-web/vlc-thumbs/work/build/vlc-source/extras/package/macosx/../../../modules/gui/macosx/Resources/mainwindow_yosemite/ys-repeat-one@2x.png /Users/cam/Documents/Projects/ultima-iv-web/vlc-thumbs/work/build/vlc-source/extras/package/macosx/../../../modules/gui/macosx/Resources/mainwindow_yosemite/ys-repeat-pressed.png /Users/cam/Documents/Projects/ultima-iv-web/vlc-thumbs/work/build/vlc-source/extras/package/macosx/../../../modules/gui/macosx/Resources/mainwindow_yosemite/ys-repeat-pressed@2x.png /Users/cam/Documents/Projects/ultima-iv-web/vlc-thumbs/work/build/vlc-source/extras/package/macosx/../../../modules/gui/macosx/Resources/mainwindow_yosemite/ys-repeat.png /Users/cam/Documents/Projects/ultima-iv-web/vlc-thumbs/work/build/vlc-source/extras/package/macosx/../../../modules/gui/macosx/Resources/mainwindow_yosemite/ys-repeat@2x.png /Users/cam/Documents/Projects/ultima-iv-web/vlc-thumbs/work/build/vlc-source/extras/package/macosx/../../../modules/gui/macosx/Resources/mainwindow_yosemite/ys-shuffle-blue-pressed.png /Users/cam/Documents/Projects/ultima-iv-web/vlc-thumbs/work/build/vlc-source/extras/package/macosx/../../../modules/gui/macosx/Resources/mainwindow_yosemite/ys-shuffle-blue-pressed@2x.png /Users/cam/Documents/Projects/ultima-iv-web/vlc-thumbs/work/build/vlc-source/extras/package/macosx/../../../modules/gui/macosx/Resources/mainwindow_yosemite/ys-shuffle-blue.png /Users/cam/Documents/Projects/ultima-iv-web/vlc-thumbs/work/build/vlc-source/extras/package/macosx/../../../modules/gui/macosx/Resources/mainwindow_yosemite/ys-shuffle-blue@2x.png /Users/cam/Documents/Projects/ultima-iv-web/vlc-thumbs/work/build/vlc-source/extras/package/macosx/../../../modules/gui/macosx/Resources/mainwindow_yosemite/ys-shuffle-pressed.png /Users/cam/Documents/Projects/ultima-iv-web/vlc-thumbs/work/build/vlc-source/extras/package/macosx/../../../modules/gui/macosx/Resources/mainwindow_yosemite/ys-shuffle-pressed@2x.png /Users/cam/Documents/Projects/ultima-iv-web/vlc-thumbs/work/build/vlc-source/extras/package/macosx/../../../modules/gui/macosx/Resources/mainwindow_yosemite/ys-shuffle.png /Users/cam/Documents/Projects/ultima-iv-web/vlc-thumbs/work/build/vlc-source/extras/package/macosx/../../../modules/gui/macosx/Resources/mainwindow_yosemite/ys-shuffle@2x.png /Users/cam/Documents/Projects/ultima-iv-web/vlc-thumbs/work/build/vlc-source/extras/package/macosx/../../../modules/gui/macosx/Resources/mainwindow_yosemite/ys-stop-pressed.png /Users/cam/Documents/Projects/ultima-iv-web/vlc-thumbs/work/build/vlc-source/extras/package/macosx/../../../modules/gui/macosx/Resources/mainwindow_yosemite/ys-stop-pressed@2x.png /Users/cam/Documents/Projects/ultima-iv-web/vlc-thumbs/work/build/vlc-source/extras/package/macosx/../../../modules/gui/macosx/Resources/mainwindow_yosemite/ys-stop.png /Users/cam/Documents/Projects/ultima-iv-web/vlc-thumbs/work/build/vlc-source/extras/package/macosx/../../../modules/gui/macosx/Resources/mainwindow_yosemite/ys-stop@2x.png /Users/cam/Documents/Projects/ultima-iv-web/vlc-thumbs/work/build/vlc-source/extras/package/macosx/../../../modules/gui/macosx/Resources/mainwindow_yosemite/ys-volume-high.png /Users/cam/Documents/Projects/ultima-iv-web/vlc-thumbs/work/build/vlc-source/extras/package/macosx/../../../modules/gui/macosx/Resources/mainwindow_yosemite/ys-volume-high@2x.png /Users/cam/Documents/Projects/ultima-iv-web/vlc-thumbs/work/build/vlc-source/extras/package/macosx/../../../modules/gui/macosx/Resources/mainwindow_yosemite/ys-volume-low.png /Users/cam/Documents/Projects/ultima-iv-web/vlc-thumbs/work/build/vlc-source/extras/package/macosx/../../../modules/gui/macosx/Resources/mainwindow_yosemite/ys-volume-low@2x.png /Users/cam/Documents/Projects/ultima-iv-web/vlc-thumbs/work/build/vlc-source/extras/package/macosx/../../../modules/gui/macosx/Resources/noart.png /Users/cam/Documents/Projects/ultima-iv-web/vlc-thumbs/work/build/vlc-source/extras/package/macosx/../../../modules/gui/macosx/Resources/Pref-Icons/VLCAudioCone.png /Users/cam/Documents/Projects/ultima-iv-web/vlc-thumbs/work/build/vlc-source/extras/package/macosx/../../../modules/gui/macosx/Resources/Pref-Icons/VLCHotkeysCone.png /Users/cam/Documents/Projects/ultima-iv-web/vlc-thumbs/work/build/vlc-source/extras/package/macosx/../../../modules/gui/macosx/Resources/Pref-Icons/VLCInputCone.png /Users/cam/Documents/Projects/ultima-iv-web/vlc-thumbs/work/build/vlc-source/extras/package/macosx/../../../modules/gui/macosx/Resources/Pref-Icons/VLCInterfaceCone.png /Users/cam/Documents/Projects/ultima-iv-web/vlc-thumbs/work/build/vlc-source/extras/package/macosx/../../../modules/gui/macosx/Resources/Pref-Icons/VLCSubtitleCone.png /Users/cam/Documents/Projects/ultima-iv-web/vlc-thumbs/work/build/vlc-source/extras/package/macosx/../../../modules/gui/macosx/Resources/Pref-Icons/VLCVideoCone.png /Users/cam/Documents/Projects/ultima-iv-web/vlc-thumbs/work/build/vlc-source/extras/package/macosx/../../../modules/gui/macosx/Resources/sidebar-icons/sidebar-local.png /Users/cam/Documents/Projects/ultima-iv-web/vlc-thumbs/work/build/vlc-source/extras/package/macosx/../../../modules/gui/macosx/Resources/sidebar-icons/sidebar-local@2x.png /Users/cam/Documents/Projects/ultima-iv-web/vlc-thumbs/work/build/vlc-source/extras/package/macosx/../../../modules/gui/macosx/Resources/sidebar-icons/sidebar-movie.png '/Users/cam/Documents/Projects/ultima-iv-web/vlc-thumbs/work/build/vlc-arm64/vlc_install_dir/share/macosx/Contents/Resources'
 /usr/local/bin/ginstall -c -m 644 /Users/cam/Documents/Projects/ultima-iv-web/vlc-thumbs/work/build/vlc-source/extras/package/macosx/../../../modules/gui/macosx/Resources/sidebar-icons/sidebar-movie@2x.png /Users/cam/Documents/Projects/ultima-iv-web/vlc-thumbs/work/build/vlc-source/extras/package/macosx/../../../modules/gui/macosx/Resources/sidebar-icons/sidebar-music.png /Users/cam/Documents/Projects/ultima-iv-web/vlc-thumbs/work/build/vlc-source/extras/package/macosx/../../../modules/gui/macosx/Resources/sidebar-icons/sidebar-music@2x.png /Users/cam/Documents/Projects/ultima-iv-web/vlc-thumbs/work/build/vlc-source/extras/package/macosx/../../../modules/gui/macosx/Resources/sidebar-icons/sidebar-pictures.png /Users/cam/Documents/Projects/ultima-iv-web/vlc-thumbs/work/build/vlc-source/extras/package/macosx/../../../modules/gui/macosx/Resources/sidebar-icons/sidebar-pictures@2x.png /Users/cam/Documents/Projects/ultima-iv-web/vlc-thumbs/work/build/vlc-source/extras/package/macosx/../../../modules/gui/macosx/Resources/sidebar-icons/sidebar-playlist.png /Users/cam/Documents/Projects/ultima-iv-web/vlc-thumbs/work/build/vlc-source/extras/package/macosx/../../../modules/gui/macosx/Resources/sidebar-icons/sidebar-playlist@2x.png /Users/cam/Documents/Projects/ultima-iv-web/vlc-thumbs/work/build/vlc-source/extras/package/macosx/../../../modules/gui/macosx/Resources/sidebar-icons/sidebar-podcast.png /Users/cam/Documents/Projects/ultima-iv-web/vlc-thumbs/work/build/vlc-source/extras/package/macosx/../../../modules/gui/macosx/Resources/sidebar-icons/sidebar-podcast@2x.png /Users/cam/Documents/Projects/ultima-iv-web/vlc-thumbs/work/build/vlc-source/extras/package/macosx/../../../modules/gui/macosx/Resources/sidebar-icons_mojave/dark/mv-dark-sidebar-local.pdf /Users/cam/Documents/Projects/ultima-iv-web/vlc-thumbs/work/build/vlc-source/extras/package/macosx/../../../modules/gui/macosx/Resources/sidebar-icons_mojave/dark/mv-dark-sidebar-movie.pdf /Users/cam/Documents/Projects/ultima-iv-web/vlc-thumbs/work/build/vlc-source/extras/package/macosx/../../../modules/gui/macosx/Resources/sidebar-icons_mojave/dark/mv-dark-sidebar-music.pdf /Users/cam/Documents/Projects/ultima-iv-web/vlc-thumbs/work/build/vlc-source/extras/package/macosx/../../../modules/gui/macosx/Resources/sidebar-icons_mojave/dark/mv-dark-sidebar-pictures.pdf /Users/cam/Documents/Projects/ultima-iv-web/vlc-thumbs/work/build/vlc-source/extras/package/macosx/../../../modules/gui/macosx/Resources/sidebar-icons_mojave/dark/mv-dark-sidebar-playlist.pdf /Users/cam/Documents/Projects/ultima-iv-web/vlc-thumbs/work/build/vlc-source/extras/package/macosx/../../../modules/gui/macosx/Resources/sidebar-icons_mojave/dark/mv-dark-sidebar-podcast.pdf /Users/cam/Documents/Projects/ultima-iv-web/vlc-thumbs/work/build/vlc-source/extras/package/macosx/../../../modules/gui/macosx/Resources/sidebar-icons_mojave/light/mv-sidebar-local.pdf /Users/cam/Documents/Projects/ultima-iv-web/vlc-thumbs/work/build/vlc-source/extras/package/macosx/../../../modules/gui/macosx/Resources/sidebar-icons_mojave/light/mv-sidebar-movie.pdf /Users/cam/Documents/Projects/ultima-iv-web/vlc-thumbs/work/build/vlc-source/extras/package/macosx/../../../modules/gui/macosx/Resources/sidebar-icons_mojave/light/mv-sidebar-music.pdf /Users/cam/Documents/Projects/ultima-iv-web/vlc-thumbs/work/build/vlc-source/extras/package/macosx/../../../modules/gui/macosx/Resources/sidebar-icons_mojave/light/mv-sidebar-pictures.pdf /Users/cam/Documents/Projects/ultima-iv-web/vlc-thumbs/work/build/vlc-source/extras/package/macosx/../../../modules/gui/macosx/Resources/sidebar-icons_mojave/light/mv-sidebar-playlist.pdf /Users/cam/Documents/Projects/ultima-iv-web/vlc-thumbs/work/build/vlc-source/extras/package/macosx/../../../modules/gui/macosx/Resources/sidebar-icons_mojave/light/mv-sidebar-podcast.pdf /Users/cam/Documents/Projects/ultima-iv-web/vlc-thumbs/work/build/vlc-source/extras/package/macosx/../../../modules/gui/macosx/Resources/sidebar-icons_yosemite/ys-sidebar-local.png /Users/cam/Documents/Projects/ultima-iv-web/vlc-thumbs/work/build/vlc-source/extras/package/macosx/../../../modules/gui/macosx/Resources/sidebar-icons_yosemite/ys-sidebar-local@2x.png /Users/cam/Documents/Projects/ultima-iv-web/vlc-thumbs/work/build/vlc-source/extras/package/macosx/../../../modules/gui/macosx/Resources/sidebar-icons_yosemite/ys-sidebar-movie.png /Users/cam/Documents/Projects/ultima-iv-web/vlc-thumbs/work/build/vlc-source/extras/package/macosx/../../../modules/gui/macosx/Resources/sidebar-icons_yosemite/ys-sidebar-movie@2x.png /Users/cam/Documents/Projects/ultima-iv-web/vlc-thumbs/work/build/vlc-source/extras/package/macosx/../../../modules/gui/macosx/Resources/sidebar-icons_yosemite/ys-sidebar-music.png /Users/cam/Documents/Projects/ultima-iv-web/vlc-thumbs/work/build/vlc-source/extras/package/macosx/../../../modules/gui/macosx/Resources/sidebar-icons_yosemite/ys-sidebar-music@2x.png /Users/cam/Documents/Projects/ultima-iv-web/vlc-thumbs/work/build/vlc-source/extras/package/macosx/../../../modules/gui/macosx/Resources/sidebar-icons_yosemite/ys-sidebar-pictures.png /Users/cam/Documents/Projects/ultima-iv-web/vlc-thumbs/work/build/vlc-source/extras/package/macosx/../../../modules/gui/macosx/Resources/sidebar-icons_yosemite/ys-sidebar-pictures@2x.png /Users/cam/Documents/Projects/ultima-iv-web/vlc-thumbs/work/build/vlc-source/extras/package/macosx/../../../modules/gui/macosx/Resources/sidebar-icons_yosemite/ys-sidebar-playlist.png /Users/cam/Documents/Projects/ultima-iv-web/vlc-thumbs/work/build/vlc-source/extras/package/macosx/../../../modules/gui/macosx/Resources/sidebar-icons_yosemite/ys-sidebar-playlist@2x.png /Users/cam/Documents/Projects/ultima-iv-web/vlc-thumbs/work/build/vlc-source/extras/package/macosx/../../../modules/gui/macosx/Resources/sidebar-icons_yosemite/ys-sidebar-podcast.png /Users/cam/Documents/Projects/ultima-iv-web/vlc-thumbs/work/build/vlc-source/extras/package/macosx/../../../modules/gui/macosx/Resources/sidebar-icons_yosemite/ys-sidebar-podcast@2x.png /Users/cam/Documents/Projects/ultima-iv-web/vlc-thumbs/work/build/vlc-source/extras/package/macosx/../../../modules/gui/macosx/Resources/Button-Icons/VLCNextTemplate.pdf /Users/cam/Documents/Projects/ultima-iv-web/vlc-thumbs/work/build/vlc-source/extras/package/macosx/../../../modules/gui/macosx/Resources/Button-Icons/VLCPauseTemplate.pdf /Users/cam/Documents/Projects/ultima-iv-web/vlc-thumbs/work/build/vlc-source/extras/package/macosx/../../../modules/gui/macosx/Resources/Button-Icons/VLCPlayTemplate.pdf /Users/cam/Documents/Projects/ultima-iv-web/vlc-thumbs/work/build/vlc-source/extras/package/macosx/../../../modules/gui/macosx/Resources/Button-Icons/VLCPreviousTemplate.pdf /Users/cam/Documents/Projects/ultima-iv-web/vlc-thumbs/work/build/vlc-source/extras/package/macosx/../../../modules/gui/macosx/Resources/Button-Icons/VLCShuffleTemplate.pdf /Users/cam/Documents/Projects/ultima-iv-web/vlc-thumbs/work/build/vlc-source/extras/package/macosx/../../../modules/gui/macosx/Resources/Button-Icons/VLCStatusBarIcon.pdf /Users/cam/Documents/Projects/ultima-iv-web/vlc-thumbs/work/build/vlc-source/extras/package/macosx/../../../modules/gui/macosx/Resources/Button-Icons/VLCBackwardTemplate.pdf '/Users/cam/Documents/Projects/ultima-iv-web/vlc-thumbs/work/build/vlc-arm64/vlc_install_dir/share/macosx/Contents/Resources'
 /usr/local/bin/ginstall -c -m 644 /Users/cam/Documents/Projects/ultima-iv-web/vlc-thumbs/work/build/vlc-source/extras/package/macosx/../../../modules/gui/macosx/Resources/Button-Icons/VLCForwardTemplate.pdf /Users/cam/Documents/Projects/ultima-iv-web/vlc-thumbs/work/build/vlc-source/extras/package/macosx/../../../modules/gui/macosx/Resources/Button-Icons/VLCFullscreenOnTemplate.pdf /Users/cam/Documents/Projects/ultima-iv-web/vlc-thumbs/work/build/vlc-source/extras/package/macosx/../../../modules/gui/macosx/Resources/Button-Icons/VLCFullscreenOffTemplate.pdf /Users/cam/Documents/Projects/ultima-iv-web/vlc-thumbs/work/build/vlc-source/extras/package/macosx/../../../modules/gui/macosx/Resources/Button-Icons/VLCVolumeOnTemplate.pdf /Users/cam/Documents/Projects/ultima-iv-web/vlc-thumbs/work/build/vlc-source/extras/package/macosx/../../../modules/gui/macosx/Resources/Button-Icons/VLCVolumeOffTemplate.pdf /Users/cam/Documents/Projects/ultima-iv-web/vlc-thumbs/work/build/vlc-source/extras/package/macosx/../../../modules/gui/macosx/Resources/Button-Icons/VLCClearLogTemplate.pdf /Users/cam/Documents/Projects/ultima-iv-web/vlc-thumbs/work/build/vlc-source/extras/package/macosx/../../../modules/gui/macosx/Resources/Button-Icons/VLCSaveTemplate.pdf /Users/cam/Documents/Projects/ultima-iv-web/vlc-thumbs/work/build/vlc-source/extras/package/macosx/../../../modules/gui/macosx/Resources/dsa_pub.pem /Users/cam/Documents/Projects/ultima-iv-web/vlc-thumbs/work/build/vlc-source/extras/package/macosx/../../../modules/gui/macosx/Resources/README /Users/cam/Documents/Projects/ultima-iv-web/vlc-thumbs/work/build/vlc-source/extras/package/macosx/../../../modules/gui/macosx/Resources/vlc.scriptSuite /Users/cam/Documents/Projects/ultima-iv-web/vlc-thumbs/work/build/vlc-source/extras/package/macosx/../../../modules/gui/macosx/Resources/vlc.scriptTerminology '/Users/cam/Documents/Projects/ultima-iv-web/vlc-thumbs/work/build/vlc-arm64/vlc_install_dir/share/macosx/Contents/Resources'
 /usr/local/bin/gmkdir -p '/Users/cam/Documents/Projects/ultima-iv-web/vlc-thumbs/work/build/vlc-arm64/vlc_install_dir/lib/vlc/plugins/gui'
 ../doltlibtool   --mode=install /usr/local/bin/ginstall -c   libncurses_plugin.la libmacosx_plugin.la '/Users/cam/Documents/Projects/ultima-iv-web/vlc-thumbs/work/build/vlc-arm64/vlc_install_dir/lib/vlc/plugins/gui'
libtool: install: /usr/local/bin/ginstall -c .libs/libncurses_plugin.dylib /Users/cam/Documents/Projects/ultima-iv-web/vlc-thumbs/work/build/vlc-arm64/vlc_install_dir/lib/vlc/plugins/gui/libncurses_plugin.dylib
libtool: install: /usr/local/bin/ginstall -c .libs/libncurses_plugin.lai /Users/cam/Documents/Projects/ultima-iv-web/vlc-thumbs/work/build/vlc-arm64/vlc_install_dir/lib/vlc/plugins/gui/libncurses_plugin.la
libtool: install: /usr/local/bin/ginstall -c .libs/libmacosx_plugin.dylib /Users/cam/Documents/Projects/ultima-iv-web/vlc-thumbs/work/build/vlc-arm64/vlc_install_dir/lib/vlc/plugins/gui/libmacosx_plugin.dylib
libtool: install: /usr/local/bin/ginstall -c .libs/libmacosx_plugin.lai /Users/cam/Documents/Projects/ultima-iv-web/vlc-thumbs/work/build/vlc-arm64/vlc_install_dir/lib/vlc/plugins/gui/libmacosx_plugin.la
 /usr/local/bin/gmkdir -p '/Users/cam/Documents/Projects/ultima-iv-web/vlc-thumbs/work/build/vlc-arm64/vlc_install_dir/lib/vlc/plugins/keystore'
 ../doltlibtool   --mode=install /usr/local/bin/ginstall -c   libmemory_keystore_plugin.la libfile_keystore_plugin.la libkeychain_plugin.la '/Users/cam/Documents/Projects/ultima-iv-web/vlc-thumbs/work/build/vlc-arm64/vlc_install_dir/lib/vlc/plugins/keystore'
libtool: install: /usr/local/bin/ginstall -c .libs/libmemory_keystore_plugin.dylib /Users/cam/Documents/Projects/ultima-iv-web/vlc-thumbs/work/build/vlc-arm64/vlc_install_dir/lib/vlc/plugins/keystore/libmemory_keystore_plugin.dylib
libtool: install: /usr/local/bin/ginstall -c .libs/libmemory_keystore_plugin.lai /Users/cam/Documents/Projects/ultima-iv-web/vlc-thumbs/work/build/vlc-arm64/vlc_install_dir/lib/vlc/plugins/keystore/libmemory_keystore_plugin.la
libtool: install: /usr/local/bin/ginstall -c .libs/libfile_keystore_plugin.dylib /Users/cam/Documents/Projects/ultima-iv-web/vlc-thumbs/work/build/vlc-arm64/vlc_install_dir/lib/vlc/plugins/keystore/libfile_keystore_plugin.dylib
libtool: install: /usr/local/bin/ginstall -c .libs/libfile_keystore_plugin.lai /Users/cam/Documents/Projects/ultima-iv-web/vlc-thumbs/work/build/vlc-arm64/vlc_install_dir/lib/vlc/plugins/keystore/libfile_keystore_plugin.la
libtool: install: /usr/local/bin/ginstall -c .libs/libkeychain_plugin.dylib /Users/cam/Documents/Projects/ultima-iv-web/vlc-thumbs/work/build/vlc-arm64/vlc_install_dir/lib/vlc/plugins/keystore/libkeychain_plugin.dylib
libtool: install: /usr/local/bin/ginstall -c .libs/libkeychain_plugin.lai /Users/cam/Documents/Projects/ultima-iv-web/vlc-thumbs/work/build/vlc-arm64/vlc_install_dir/lib/vlc/plugins/keystore/libkeychain_plugin.la
 /usr/local/bin/gmkdir -p '/Users/cam/Documents/Projects/ultima-iv-web/vlc-thumbs/work/build/vlc-arm64/vlc_install_dir/lib/vlc/plugins/logger'
 ../doltlibtool   --mode=install /usr/local/bin/ginstall -c   libconsole_logger_plugin.la libfile_logger_plugin.la libsyslog_plugin.la '/Users/cam/Documents/Projects/ultima-iv-web/vlc-thumbs/work/build/vlc-arm64/vlc_install_dir/lib/vlc/plugins/logger'
libtool: install: /usr/local/bin/ginstall -c .libs/libconsole_logger_plugin.dylib /Users/cam/Documents/Projects/ultima-iv-web/vlc-thumbs/work/build/vlc-arm64/vlc_install_dir/lib/vlc/plugins/logger/libconsole_logger_plugin.dylib
libtool: install: /usr/local/bin/ginstall -c .libs/libconsole_logger_plugin.lai /Users/cam/Documents/Projects/ultima-iv-web/vlc-thumbs/work/build/vlc-arm64/vlc_install_dir/lib/vlc/plugins/logger/libconsole_logger_plugin.la
libtool: install: /usr/local/bin/ginstall -c .libs/libfile_logger_plugin.dylib /Users/cam/Documents/Projects/ultima-iv-web/vlc-thumbs/work/build/vlc-arm64/vlc_install_dir/lib/vlc/plugins/logger/libfile_logger_plugin.dylib
libtool: install: /usr/local/bin/ginstall -c .libs/libfile_logger_plugin.lai /Users/cam/Documents/Projects/ultima-iv-web/vlc-thumbs/work/build/vlc-arm64/vlc_install_dir/lib/vlc/plugins/logger/libfile_logger_plugin.la
libtool: install: /usr/local/bin/ginstall -c .libs/libsyslog_plugin.dylib /Users/cam/Documents/Projects/ultima-iv-web/vlc-thumbs/work/build/vlc-arm64/vlc_install_dir/lib/vlc/plugins/logger/libsyslog_plugin.dylib
libtool: install: /usr/local/bin/ginstall -c .libs/libsyslog_plugin.lai /Users/cam/Documents/Projects/ultima-iv-web/vlc-thumbs/work/build/vlc-arm64/vlc_install_dir/lib/vlc/plugins/logger/libsyslog_plugin.la
 /usr/local/bin/gmkdir -p '/Users/cam/Documents/Projects/ultima-iv-web/vlc-thumbs/work/build/vlc-arm64/vlc_install_dir/lib/vlc/plugins/lua'
 ../doltlibtool   --mode=install /usr/local/bin/ginstall -c   liblua_plugin.la '/Users/cam/Documents/Projects/ultima-iv-web/vlc-thumbs/work/build/vlc-arm64/vlc_install_dir/lib/vlc/plugins/lua'
libtool: install: /usr/local/bin/ginstall -c .libs/liblua_plugin.dylib /Users/cam/Documents/Projects/ultima-iv-web/vlc-thumbs/work/build/vlc-arm64/vlc_install_dir/lib/vlc/plugins/lua/liblua_plugin.dylib
libtool: install: /usr/local/bin/ginstall -c .libs/liblua_plugin.lai /Users/cam/Documents/Projects/ultima-iv-web/vlc-thumbs/work/build/vlc-arm64/vlc_install_dir/lib/vlc/plugins/lua/liblua_plugin.la
 /usr/local/bin/gmkdir -p '/Users/cam/Documents/Projects/ultima-iv-web/vlc-thumbs/work/build/vlc-arm64/vlc_install_dir/lib/vlc/plugins/meta_engine'
 ../doltlibtool   --mode=install /usr/local/bin/ginstall -c   libfolder_plugin.la libtaglib_plugin.la '/Users/cam/Documents/Projects/ultima-iv-web/vlc-thumbs/work/build/vlc-arm64/vlc_install_dir/lib/vlc/plugins/meta_engine'
libtool: install: /usr/local/bin/ginstall -c .libs/libfolder_plugin.dylib /Users/cam/Documents/Projects/ultima-iv-web/vlc-thumbs/work/build/vlc-arm64/vlc_install_dir/lib/vlc/plugins/meta_engine/libfolder_plugin.dylib
libtool: install: /usr/local/bin/ginstall -c .libs/libfolder_plugin.lai /Users/cam/Documents/Projects/ultima-iv-web/vlc-thumbs/work/build/vlc-arm64/vlc_install_dir/lib/vlc/plugins/meta_engine/libfolder_plugin.la
libtool: install: /usr/local/bin/ginstall -c .libs/libtaglib_plugin.dylib /Users/cam/Documents/Projects/ultima-iv-web/vlc-thumbs/work/build/vlc-arm64/vlc_install_dir/lib/vlc/plugins/meta_engine/libtaglib_plugin.dylib
libtool: install: /usr/local/bin/ginstall -c .libs/libtaglib_plugin.lai /Users/cam/Documents/Projects/ultima-iv-web/vlc-thumbs/work/build/vlc-arm64/vlc_install_dir/lib/vlc/plugins/meta_engine/libtaglib_plugin.la
 /usr/local/bin/gmkdir -p '/Users/cam/Documents/Projects/ultima-iv-web/vlc-thumbs/work/build/vlc-arm64/vlc_install_dir/lib/vlc/plugins/misc'
 ../doltlibtool   --mode=install /usr/local/bin/ginstall -c   liblogger_plugin.la libstats_plugin.la libaudioscrobbler_plugin.la libexport_plugin.la libfingerprinter_plugin.la libgnutls_plugin.la libsecuretransport_plugin.la libaddonsvorepository_plugin.la libaddonsfsstorage_plugin.la libvod_rtsp_plugin.la libxml_plugin.la '/Users/cam/Documents/Projects/ultima-iv-web/vlc-thumbs/work/build/vlc-arm64/vlc_install_dir/lib/vlc/plugins/misc'
libtool: install: /usr/local/bin/ginstall -c .libs/liblogger_plugin.dylib /Users/cam/Documents/Projects/ultima-iv-web/vlc-thumbs/work/build/vlc-arm64/vlc_install_dir/lib/vlc/plugins/misc/liblogger_plugin.dylib
libtool: install: /usr/local/bin/ginstall -c .libs/liblogger_plugin.lai /Users/cam/Documents/Projects/ultima-iv-web/vlc-thumbs/work/build/vlc-arm64/vlc_install_dir/lib/vlc/plugins/misc/liblogger_plugin.la
libtool: install: /usr/local/bin/ginstall -c .libs/libstats_plugin.dylib /Users/cam/Documents/Projects/ultima-iv-web/vlc-thumbs/work/build/vlc-arm64/vlc_install_dir/lib/vlc/plugins/misc/libstats_plugin.dylib
libtool: install: /usr/local/bin/ginstall -c .libs/libstats_plugin.lai /Users/cam/Documents/Projects/ultima-iv-web/vlc-thumbs/work/build/vlc-arm64/vlc_install_dir/lib/vlc/plugins/misc/libstats_plugin.la
libtool: install: /usr/local/bin/ginstall -c .libs/libaudioscrobbler_plugin.dylib /Users/cam/Documents/Projects/ultima-iv-web/vlc-thumbs/work/build/vlc-arm64/vlc_install_dir/lib/vlc/plugins/misc/libaudioscrobbler_plugin.dylib
libtool: install: /usr/local/bin/ginstall -c .libs/libaudioscrobbler_plugin.lai /Users/cam/Documents/Projects/ultima-iv-web/vlc-thumbs/work/build/vlc-arm64/vlc_install_dir/lib/vlc/plugins/misc/libaudioscrobbler_plugin.la
libtool: install: /usr/local/bin/ginstall -c .libs/libexport_plugin.dylib /Users/cam/Documents/Projects/ultima-iv-web/vlc-thumbs/work/build/vlc-arm64/vlc_install_dir/lib/vlc/plugins/misc/libexport_plugin.dylib
libtool: install: /usr/local/bin/ginstall -c .libs/libexport_plugin.lai /Users/cam/Documents/Projects/ultima-iv-web/vlc-thumbs/work/build/vlc-arm64/vlc_install_dir/lib/vlc/plugins/misc/libexport_plugin.la
libtool: install: /usr/local/bin/ginstall -c .libs/libfingerprinter_plugin.dylib /Users/cam/Documents/Projects/ultima-iv-web/vlc-thumbs/work/build/vlc-arm64/vlc_install_dir/lib/vlc/plugins/misc/libfingerprinter_plugin.dylib
libtool: install: /usr/local/bin/ginstall -c .libs/libfingerprinter_plugin.lai /Users/cam/Documents/Projects/ultima-iv-web/vlc-thumbs/work/build/vlc-arm64/vlc_install_dir/lib/vlc/plugins/misc/libfingerprinter_plugin.la
libtool: install: /usr/local/bin/ginstall -c .libs/libgnutls_plugin.dylib /Users/cam/Documents/Projects/ultima-iv-web/vlc-thumbs/work/build/vlc-arm64/vlc_install_dir/lib/vlc/plugins/misc/libgnutls_plugin.dylib
libtool: install: /usr/local/bin/ginstall -c .libs/libgnutls_plugin.lai /Users/cam/Documents/Projects/ultima-iv-web/vlc-thumbs/work/build/vlc-arm64/vlc_install_dir/lib/vlc/plugins/misc/libgnutls_plugin.la
libtool: install: /usr/local/bin/ginstall -c .libs/libsecuretransport_plugin.dylib /Users/cam/Documents/Projects/ultima-iv-web/vlc-thumbs/work/build/vlc-arm64/vlc_install_dir/lib/vlc/plugins/misc/libsecuretransport_plugin.dylib
libtool: install: /usr/local/bin/ginstall -c .libs/libsecuretransport_plugin.lai /Users/cam/Documents/Projects/ultima-iv-web/vlc-thumbs/work/build/vlc-arm64/vlc_install_dir/lib/vlc/plugins/misc/libsecuretransport_plugin.la
libtool: install: /usr/local/bin/ginstall -c .libs/libaddonsvorepository_plugin.dylib /Users/cam/Documents/Projects/ultima-iv-web/vlc-thumbs/work/build/vlc-arm64/vlc_install_dir/lib/vlc/plugins/misc/libaddonsvorepository_plugin.dylib
libtool: install: /usr/local/bin/ginstall -c .libs/libaddonsvorepository_plugin.lai /Users/cam/Documents/Projects/ultima-iv-web/vlc-thumbs/work/build/vlc-arm64/vlc_install_dir/lib/vlc/plugins/misc/libaddonsvorepository_plugin.la
libtool: install: /usr/local/bin/ginstall -c .libs/libaddonsfsstorage_plugin.dylib /Users/cam/Documents/Projects/ultima-iv-web/vlc-thumbs/work/build/vlc-arm64/vlc_install_dir/lib/vlc/plugins/misc/libaddonsfsstorage_plugin.dylib
libtool: install: /usr/local/bin/ginstall -c .libs/libaddonsfsstorage_plugin.lai /Users/cam/Documents/Projects/ultima-iv-web/vlc-thumbs/work/build/vlc-arm64/vlc_install_dir/lib/vlc/plugins/misc/libaddonsfsstorage_plugin.la
libtool: install: /usr/local/bin/ginstall -c .libs/libvod_rtsp_plugin.dylib /Users/cam/Documents/Projects/ultima-iv-web/vlc-thumbs/work/build/vlc-arm64/vlc_install_dir/lib/vlc/plugins/misc/libvod_rtsp_plugin.dylib
libtool: install: /usr/local/bin/ginstall -c .libs/libvod_rtsp_plugin.lai /Users/cam/Documents/Projects/ultima-iv-web/vlc-thumbs/work/build/vlc-arm64/vlc_install_dir/lib/vlc/plugins/misc/libvod_rtsp_plugin.la
libtool: install: /usr/local/bin/ginstall -c .libs/libxml_plugin.dylib /Users/cam/Documents/Projects/ultima-iv-web/vlc-thumbs/work/build/vlc-arm64/vlc_install_dir/lib/vlc/plugins/misc/libxml_plugin.dylib
libtool: install: /usr/local/bin/ginstall -c .libs/libxml_plugin.lai /Users/cam/Documents/Projects/ultima-iv-web/vlc-thumbs/work/build/vlc-arm64/vlc_install_dir/lib/vlc/plugins/misc/libxml_plugin.la
 /usr/local/bin/gmkdir -p '/Users/cam/Documents/Projects/ultima-iv-web/vlc-thumbs/work/build/vlc-arm64/vlc_install_dir/lib/vlc/plugins/mux'
 ../doltlibtool   --mode=install /usr/local/bin/ginstall -c   libmux_dummy_plugin.la libmux_asf_plugin.la libmux_avi_plugin.la libmux_mp4_plugin.la libmux_mpjpeg_plugin.la libmux_ps_plugin.la libmux_wav_plugin.la libmux_ogg_plugin.la libmux_ts_plugin.la '/Users/cam/Documents/Projects/ultima-iv-web/vlc-thumbs/work/build/vlc-arm64/vlc_install_dir/lib/vlc/plugins/mux'
libtool: install: /usr/local/bin/ginstall -c .libs/libmux_dummy_plugin.dylib /Users/cam/Documents/Projects/ultima-iv-web/vlc-thumbs/work/build/vlc-arm64/vlc_install_dir/lib/vlc/plugins/mux/libmux_dummy_plugin.dylib
libtool: install: /usr/local/bin/ginstall -c .libs/libmux_dummy_plugin.lai /Users/cam/Documents/Projects/ultima-iv-web/vlc-thumbs/work/build/vlc-arm64/vlc_install_dir/lib/vlc/plugins/mux/libmux_dummy_plugin.la
libtool: install: /usr/local/bin/ginstall -c .libs/libmux_asf_plugin.dylib /Users/cam/Documents/Projects/ultima-iv-web/vlc-thumbs/work/build/vlc-arm64/vlc_install_dir/lib/vlc/plugins/mux/libmux_asf_plugin.dylib
libtool: install: /usr/local/bin/ginstall -c .libs/libmux_asf_plugin.lai /Users/cam/Documents/Projects/ultima-iv-web/vlc-thumbs/work/build/vlc-arm64/vlc_install_dir/lib/vlc/plugins/mux/libmux_asf_plugin.la
libtool: install: /usr/local/bin/ginstall -c .libs/libmux_avi_plugin.dylib /Users/cam/Documents/Projects/ultima-iv-web/vlc-thumbs/work/build/vlc-arm64/vlc_install_dir/lib/vlc/plugins/mux/libmux_avi_plugin.dylib
libtool: install: /usr/local/bin/ginstall -c .libs/libmux_avi_plugin.lai /Users/cam/Documents/Projects/ultima-iv-web/vlc-thumbs/work/build/vlc-arm64/vlc_install_dir/lib/vlc/plugins/mux/libmux_avi_plugin.la
libtool: install: /usr/local/bin/ginstall -c .libs/libmux_mp4_plugin.dylib /Users/cam/Documents/Projects/ultima-iv-web/vlc-thumbs/work/build/vlc-arm64/vlc_install_dir/lib/vlc/plugins/mux/libmux_mp4_plugin.dylib
libtool: install: /usr/local/bin/ginstall -c .libs/libmux_mp4_plugin.lai /Users/cam/Documents/Projects/ultima-iv-web/vlc-thumbs/work/build/vlc-arm64/vlc_install_dir/lib/vlc/plugins/mux/libmux_mp4_plugin.la
libtool: install: /usr/local/bin/ginstall -c .libs/libmux_mpjpeg_plugin.dylib /Users/cam/Documents/Projects/ultima-iv-web/vlc-thumbs/work/build/vlc-arm64/vlc_install_dir/lib/vlc/plugins/mux/libmux_mpjpeg_plugin.dylib
libtool: install: /usr/local/bin/ginstall -c .libs/libmux_mpjpeg_plugin.lai /Users/cam/Documents/Projects/ultima-iv-web/vlc-thumbs/work/build/vlc-arm64/vlc_install_dir/lib/vlc/plugins/mux/libmux_mpjpeg_plugin.la
libtool: install: /usr/local/bin/ginstall -c .libs/libmux_ps_plugin.dylib /Users/cam/Documents/Projects/ultima-iv-web/vlc-thumbs/work/build/vlc-arm64/vlc_install_dir/lib/vlc/plugins/mux/libmux_ps_plugin.dylib
libtool: install: /usr/local/bin/ginstall -c .libs/libmux_ps_plugin.lai /Users/cam/Documents/Projects/ultima-iv-web/vlc-thumbs/work/build/vlc-arm64/vlc_install_dir/lib/vlc/plugins/mux/libmux_ps_plugin.la
libtool: install: /usr/local/bin/ginstall -c .libs/libmux_wav_plugin.dylib /Users/cam/Documents/Projects/ultima-iv-web/vlc-thumbs/work/build/vlc-arm64/vlc_install_dir/lib/vlc/plugins/mux/libmux_wav_plugin.dylib
libtool: install: /usr/local/bin/ginstall -c .libs/libmux_wav_plugin.lai /Users/cam/Documents/Projects/ultima-iv-web/vlc-thumbs/work/build/vlc-arm64/vlc_install_dir/lib/vlc/plugins/mux/libmux_wav_plugin.la
libtool: install: /usr/local/bin/ginstall -c .libs/libmux_ogg_plugin.dylib /Users/cam/Documents/Projects/ultima-iv-web/vlc-thumbs/work/build/vlc-arm64/vlc_install_dir/lib/vlc/plugins/mux/libmux_ogg_plugin.dylib
libtool: install: /usr/local/bin/ginstall -c .libs/libmux_ogg_plugin.lai /Users/cam/Documents/Projects/ultima-iv-web/vlc-thumbs/work/build/vlc-arm64/vlc_install_dir/lib/vlc/plugins/mux/libmux_ogg_plugin.la
libtool: install: /usr/local/bin/ginstall -c .libs/libmux_ts_plugin.dylib /Users/cam/Documents/Projects/ultima-iv-web/vlc-thumbs/work/build/vlc-arm64/vlc_install_dir/lib/vlc/plugins/mux/libmux_ts_plugin.dylib
libtool: install: /usr/local/bin/ginstall -c .libs/libmux_ts_plugin.lai /Users/cam/Documents/Projects/ultima-iv-web/vlc-thumbs/work/build/vlc-arm64/vlc_install_dir/lib/vlc/plugins/mux/libmux_ts_plugin.la
 /usr/local/bin/gmkdir -p '/Users/cam/Documents/Projects/ultima-iv-web/vlc-thumbs/work/build/vlc-arm64/vlc_install_dir/lib/vlc/plugins/packetizer'
 ../doltlibtool   --mode=install /usr/local/bin/ginstall -c   libpacketizer_av1_plugin.la libpacketizer_mpegvideo_plugin.la libpacketizer_mpeg4video_plugin.la libpacketizer_mpeg4audio_plugin.la libpacketizer_mpegaudio_plugin.la libpacketizer_h264_plugin.la libpacketizer_vc1_plugin.la libpacketizer_mlp_plugin.la libpacketizer_dirac_plugin.la libpacketizer_flac_plugin.la libpacketizer_hevc_plugin.la libpacketizer_copy_plugin.la libpacketizer_a52_plugin.la libpacketizer_dts_plugin.la '/Users/cam/Documents/Projects/ultima-iv-web/vlc-thumbs/work/build/vlc-arm64/vlc_install_dir/lib/vlc/plugins/packetizer'
libtool: install: /usr/local/bin/ginstall -c .libs/libpacketizer_av1_plugin.dylib /Users/cam/Documents/Projects/ultima-iv-web/vlc-thumbs/work/build/vlc-arm64/vlc_install_dir/lib/vlc/plugins/packetizer/libpacketizer_av1_plugin.dylib
libtool: install: /usr/local/bin/ginstall -c .libs/libpacketizer_av1_plugin.lai /Users/cam/Documents/Projects/ultima-iv-web/vlc-thumbs/work/build/vlc-arm64/vlc_install_dir/lib/vlc/plugins/packetizer/libpacketizer_av1_plugin.la
libtool: install: /usr/local/bin/ginstall -c .libs/libpacketizer_mpegvideo_plugin.dylib /Users/cam/Documents/Projects/ultima-iv-web/vlc-thumbs/work/build/vlc-arm64/vlc_install_dir/lib/vlc/plugins/packetizer/libpacketizer_mpegvideo_plugin.dylib
libtool: install: /usr/local/bin/ginstall -c .libs/libpacketizer_mpegvideo_plugin.lai /Users/cam/Documents/Projects/ultima-iv-web/vlc-thumbs/work/build/vlc-arm64/vlc_install_dir/lib/vlc/plugins/packetizer/libpacketizer_mpegvideo_plugin.la
libtool: install: /usr/local/bin/ginstall -c .libs/libpacketizer_mpeg4video_plugin.dylib /Users/cam/Documents/Projects/ultima-iv-web/vlc-thumbs/work/build/vlc-arm64/vlc_install_dir/lib/vlc/plugins/packetizer/libpacketizer_mpeg4video_plugin.dylib
libtool: install: /usr/local/bin/ginstall -c .libs/libpacketizer_mpeg4video_plugin.lai /Users/cam/Documents/Projects/ultima-iv-web/vlc-thumbs/work/build/vlc-arm64/vlc_install_dir/lib/vlc/plugins/packetizer/libpacketizer_mpeg4video_plugin.la
libtool: install: /usr/local/bin/ginstall -c .libs/libpacketizer_mpeg4audio_plugin.dylib /Users/cam/Documents/Projects/ultima-iv-web/vlc-thumbs/work/build/vlc-arm64/vlc_install_dir/lib/vlc/plugins/packetizer/libpacketizer_mpeg4audio_plugin.dylib
libtool: install: /usr/local/bin/ginstall -c .libs/libpacketizer_mpeg4audio_plugin.lai /Users/cam/Documents/Projects/ultima-iv-web/vlc-thumbs/work/build/vlc-arm64/vlc_install_dir/lib/vlc/plugins/packetizer/libpacketizer_mpeg4audio_plugin.la
libtool: install: /usr/local/bin/ginstall -c .libs/libpacketizer_mpegaudio_plugin.dylib /Users/cam/Documents/Projects/ultima-iv-web/vlc-thumbs/work/build/vlc-arm64/vlc_install_dir/lib/vlc/plugins/packetizer/libpacketizer_mpegaudio_plugin.dylib
libtool: install: /usr/local/bin/ginstall -c .libs/libpacketizer_mpegaudio_plugin.lai /Users/cam/Documents/Projects/ultima-iv-web/vlc-thumbs/work/build/vlc-arm64/vlc_install_dir/lib/vlc/plugins/packetizer/libpacketizer_mpegaudio_plugin.la
libtool: install: /usr/local/bin/ginstall -c .libs/libpacketizer_h264_plugin.dylib /Users/cam/Documents/Projects/ultima-iv-web/vlc-thumbs/work/build/vlc-arm64/vlc_install_dir/lib/vlc/plugins/packetizer/libpacketizer_h264_plugin.dylib
libtool: install: /usr/local/bin/ginstall -c .libs/libpacketizer_h264_plugin.lai /Users/cam/Documents/Projects/ultima-iv-web/vlc-thumbs/work/build/vlc-arm64/vlc_install_dir/lib/vlc/plugins/packetizer/libpacketizer_h264_plugin.la
libtool: install: /usr/local/bin/ginstall -c .libs/libpacketizer_vc1_plugin.dylib /Users/cam/Documents/Projects/ultima-iv-web/vlc-thumbs/work/build/vlc-arm64/vlc_install_dir/lib/vlc/plugins/packetizer/libpacketizer_vc1_plugin.dylib
libtool: install: /usr/local/bin/ginstall -c .libs/libpacketizer_vc1_plugin.lai /Users/cam/Documents/Projects/ultima-iv-web/vlc-thumbs/work/build/vlc-arm64/vlc_install_dir/lib/vlc/plugins/packetizer/libpacketizer_vc1_plugin.la
libtool: install: /usr/local/bin/ginstall -c .libs/libpacketizer_mlp_plugin.dylib /Users/cam/Documents/Projects/ultima-iv-web/vlc-thumbs/work/build/vlc-arm64/vlc_install_dir/lib/vlc/plugins/packetizer/libpacketizer_mlp_plugin.dylib
libtool: install: /usr/local/bin/ginstall -c .libs/libpacketizer_mlp_plugin.lai /Users/cam/Documents/Projects/ultima-iv-web/vlc-thumbs/work/build/vlc-arm64/vlc_install_dir/lib/vlc/plugins/packetizer/libpacketizer_mlp_plugin.la
libtool: install: /usr/local/bin/ginstall -c .libs/libpacketizer_dirac_plugin.dylib /Users/cam/Documents/Projects/ultima-iv-web/vlc-thumbs/work/build/vlc-arm64/vlc_install_dir/lib/vlc/plugins/packetizer/libpacketizer_dirac_plugin.dylib
libtool: install: /usr/local/bin/ginstall -c .libs/libpacketizer_dirac_plugin.lai /Users/cam/Documents/Projects/ultima-iv-web/vlc-thumbs/work/build/vlc-arm64/vlc_install_dir/lib/vlc/plugins/packetizer/libpacketizer_dirac_plugin.la
libtool: install: /usr/local/bin/ginstall -c .libs/libpacketizer_flac_plugin.dylib /Users/cam/Documents/Projects/ultima-iv-web/vlc-thumbs/work/build/vlc-arm64/vlc_install_dir/lib/vlc/plugins/packetizer/libpacketizer_flac_plugin.dylib
libtool: install: /usr/local/bin/ginstall -c .libs/libpacketizer_flac_plugin.lai /Users/cam/Documents/Projects/ultima-iv-web/vlc-thumbs/work/build/vlc-arm64/vlc_install_dir/lib/vlc/plugins/packetizer/libpacketizer_flac_plugin.la
libtool: install: /usr/local/bin/ginstall -c .libs/libpacketizer_hevc_plugin.dylib /Users/cam/Documents/Projects/ultima-iv-web/vlc-thumbs/work/build/vlc-arm64/vlc_install_dir/lib/vlc/plugins/packetizer/libpacketizer_hevc_plugin.dylib
libtool: install: /usr/local/bin/ginstall -c .libs/libpacketizer_hevc_plugin.lai /Users/cam/Documents/Projects/ultima-iv-web/vlc-thumbs/work/build/vlc-arm64/vlc_install_dir/lib/vlc/plugins/packetizer/libpacketizer_hevc_plugin.la
libtool: install: /usr/local/bin/ginstall -c .libs/libpacketizer_copy_plugin.dylib /Users/cam/Documents/Projects/ultima-iv-web/vlc-thumbs/work/build/vlc-arm64/vlc_install_dir/lib/vlc/plugins/packetizer/libpacketizer_copy_plugin.dylib
libtool: install: /usr/local/bin/ginstall -c .libs/libpacketizer_copy_plugin.lai /Users/cam/Documents/Projects/ultima-iv-web/vlc-thumbs/work/build/vlc-arm64/vlc_install_dir/lib/vlc/plugins/packetizer/libpacketizer_copy_plugin.la
libtool: install: /usr/local/bin/ginstall -c .libs/libpacketizer_a52_plugin.dylib /Users/cam/Documents/Projects/ultima-iv-web/vlc-thumbs/work/build/vlc-arm64/vlc_install_dir/lib/vlc/plugins/packetizer/libpacketizer_a52_plugin.dylib
libtool: install: /usr/local/bin/ginstall -c .libs/libpacketizer_a52_plugin.lai /Users/cam/Documents/Projects/ultima-iv-web/vlc-thumbs/work/build/vlc-arm64/vlc_install_dir/lib/vlc/plugins/packetizer/libpacketizer_a52_plugin.la
libtool: install: /usr/local/bin/ginstall -c .libs/libpacketizer_dts_plugin.dylib /Users/cam/Documents/Projects/ultima-iv-web/vlc-thumbs/work/build/vlc-arm64/vlc_install_dir/lib/vlc/plugins/packetizer/libpacketizer_dts_plugin.dylib
libtool: install: /usr/local/bin/ginstall -c .libs/libpacketizer_dts_plugin.lai /Users/cam/Documents/Projects/ultima-iv-web/vlc-thumbs/work/build/vlc-arm64/vlc_install_dir/lib/vlc/plugins/packetizer/libpacketizer_dts_plugin.la
 /usr/local/bin/gmkdir -p '/Users/cam/Documents/Projects/ultima-iv-web/vlc-thumbs/work/build/vlc-arm64/vlc_install_dir/lib/vlc/plugins/services_discovery'
 ../doltlibtool   --mode=install /usr/local/bin/ginstall -c   libmediadirs_plugin.la libpodcast_plugin.la libsap_plugin.la libupnp_plugin.la libbonjour_plugin.la '/Users/cam/Documents/Projects/ultima-iv-web/vlc-thumbs/work/build/vlc-arm64/vlc_install_dir/lib/vlc/plugins/services_discovery'
libtool: install: /usr/local/bin/ginstall -c .libs/libmediadirs_plugin.dylib /Users/cam/Documents/Projects/ultima-iv-web/vlc-thumbs/work/build/vlc-arm64/vlc_install_dir/lib/vlc/plugins/services_discovery/libmediadirs_plugin.dylib
libtool: install: /usr/local/bin/ginstall -c .libs/libmediadirs_plugin.lai /Users/cam/Documents/Projects/ultima-iv-web/vlc-thumbs/work/build/vlc-arm64/vlc_install_dir/lib/vlc/plugins/services_discovery/libmediadirs_plugin.la
libtool: install: /usr/local/bin/ginstall -c .libs/libpodcast_plugin.dylib /Users/cam/Documents/Projects/ultima-iv-web/vlc-thumbs/work/build/vlc-arm64/vlc_install_dir/lib/vlc/plugins/services_discovery/libpodcast_plugin.dylib
libtool: install: /usr/local/bin/ginstall -c .libs/libpodcast_plugin.lai /Users/cam/Documents/Projects/ultima-iv-web/vlc-thumbs/work/build/vlc-arm64/vlc_install_dir/lib/vlc/plugins/services_discovery/libpodcast_plugin.la
libtool: install: /usr/local/bin/ginstall -c .libs/libsap_plugin.dylib /Users/cam/Documents/Projects/ultima-iv-web/vlc-thumbs/work/build/vlc-arm64/vlc_install_dir/lib/vlc/plugins/services_discovery/libsap_plugin.dylib
libtool: install: /usr/local/bin/ginstall -c .libs/libsap_plugin.lai /Users/cam/Documents/Projects/ultima-iv-web/vlc-thumbs/work/build/vlc-arm64/vlc_install_dir/lib/vlc/plugins/services_discovery/libsap_plugin.la
libtool: install: /usr/local/bin/ginstall -c .libs/libupnp_plugin.dylib /Users/cam/Documents/Projects/ultima-iv-web/vlc-thumbs/work/build/vlc-arm64/vlc_install_dir/lib/vlc/plugins/services_discovery/libupnp_plugin.dylib
libtool: install: /usr/local/bin/ginstall -c .libs/libupnp_plugin.lai /Users/cam/Documents/Projects/ultima-iv-web/vlc-thumbs/work/build/vlc-arm64/vlc_install_dir/lib/vlc/plugins/services_discovery/libupnp_plugin.la
libtool: install: /usr/local/bin/ginstall -c .libs/libbonjour_plugin.dylib /Users/cam/Documents/Projects/ultima-iv-web/vlc-thumbs/work/build/vlc-arm64/vlc_install_dir/lib/vlc/plugins/services_discovery/libbonjour_plugin.dylib
libtool: install: /usr/local/bin/ginstall -c .libs/libbonjour_plugin.lai /Users/cam/Documents/Projects/ultima-iv-web/vlc-thumbs/work/build/vlc-arm64/vlc_install_dir/lib/vlc/plugins/services_discovery/libbonjour_plugin.la
 /usr/local/bin/gmkdir -p '/Users/cam/Documents/Projects/ultima-iv-web/vlc-thumbs/work/build/vlc-arm64/vlc_install_dir/lib/vlc/plugins/stream_out'
 ../doltlibtool   --mode=install /usr/local/bin/ginstall -c   libstream_out_dummy_plugin.la libstream_out_cycle_plugin.la libstream_out_delay_plugin.la libstream_out_stats_plugin.la libstream_out_description_plugin.la libstream_out_standard_plugin.la libstream_out_duplicate_plugin.la libstream_out_es_plugin.la libstream_out_display_plugin.la libstream_out_gather_plugin.la libstream_out_bridge_plugin.la libstream_out_mosaic_bridge_plugin.la libstream_out_autodel_plugin.la libstream_out_record_plugin.la libstream_out_smem_plugin.la libstream_out_setid_plugin.la libstream_out_transcode_plugin.la libstream_out_rtp_plugin.la libstream_out_chromaprint_plugin.la libstream_out_chromecast_plugin.la '/Users/cam/Documents/Projects/ultima-iv-web/vlc-thumbs/work/build/vlc-arm64/vlc_install_dir/lib/vlc/plugins/stream_out'
libtool: install: /usr/local/bin/ginstall -c .libs/libstream_out_dummy_plugin.dylib /Users/cam/Documents/Projects/ultima-iv-web/vlc-thumbs/work/build/vlc-arm64/vlc_install_dir/lib/vlc/plugins/stream_out/libstream_out_dummy_plugin.dylib
libtool: install: /usr/local/bin/ginstall -c .libs/libstream_out_dummy_plugin.lai /Users/cam/Documents/Projects/ultima-iv-web/vlc-thumbs/work/build/vlc-arm64/vlc_install_dir/lib/vlc/plugins/stream_out/libstream_out_dummy_plugin.la
libtool: install: /usr/local/bin/ginstall -c .libs/libstream_out_cycle_plugin.dylib /Users/cam/Documents/Projects/ultima-iv-web/vlc-thumbs/work/build/vlc-arm64/vlc_install_dir/lib/vlc/plugins/stream_out/libstream_out_cycle_plugin.dylib
libtool: install: /usr/local/bin/ginstall -c .libs/libstream_out_cycle_plugin.lai /Users/cam/Documents/Projects/ultima-iv-web/vlc-thumbs/work/build/vlc-arm64/vlc_install_dir/lib/vlc/plugins/stream_out/libstream_out_cycle_plugin.la
libtool: install: /usr/local/bin/ginstall -c .libs/libstream_out_delay_plugin.dylib /Users/cam/Documents/Projects/ultima-iv-web/vlc-thumbs/work/build/vlc-arm64/vlc_install_dir/lib/vlc/plugins/stream_out/libstream_out_delay_plugin.dylib
libtool: install: /usr/local/bin/ginstall -c .libs/libstream_out_delay_plugin.lai /Users/cam/Documents/Projects/ultima-iv-web/vlc-thumbs/work/build/vlc-arm64/vlc_install_dir/lib/vlc/plugins/stream_out/libstream_out_delay_plugin.la
libtool: install: /usr/local/bin/ginstall -c .libs/libstream_out_stats_plugin.dylib /Users/cam/Documents/Projects/ultima-iv-web/vlc-thumbs/work/build/vlc-arm64/vlc_install_dir/lib/vlc/plugins/stream_out/libstream_out_stats_plugin.dylib
libtool: install: /usr/local/bin/ginstall -c .libs/libstream_out_stats_plugin.lai /Users/cam/Documents/Projects/ultima-iv-web/vlc-thumbs/work/build/vlc-arm64/vlc_install_dir/lib/vlc/plugins/stream_out/libstream_out_stats_plugin.la
libtool: install: /usr/local/bin/ginstall -c .libs/libstream_out_description_plugin.dylib /Users/cam/Documents/Projects/ultima-iv-web/vlc-thumbs/work/build/vlc-arm64/vlc_install_dir/lib/vlc/plugins/stream_out/libstream_out_description_plugin.dylib
libtool: install: /usr/local/bin/ginstall -c .libs/libstream_out_description_plugin.lai /Users/cam/Documents/Projects/ultima-iv-web/vlc-thumbs/work/build/vlc-arm64/vlc_install_dir/lib/vlc/plugins/stream_out/libstream_out_description_plugin.la
libtool: install: /usr/local/bin/ginstall -c .libs/libstream_out_standard_plugin.dylib /Users/cam/Documents/Projects/ultima-iv-web/vlc-thumbs/work/build/vlc-arm64/vlc_install_dir/lib/vlc/plugins/stream_out/libstream_out_standard_plugin.dylib
libtool: install: /usr/local/bin/ginstall -c .libs/libstream_out_standard_plugin.lai /Users/cam/Documents/Projects/ultima-iv-web/vlc-thumbs/work/build/vlc-arm64/vlc_install_dir/lib/vlc/plugins/stream_out/libstream_out_standard_plugin.la
libtool: install: /usr/local/bin/ginstall -c .libs/libstream_out_duplicate_plugin.dylib /Users/cam/Documents/Projects/ultima-iv-web/vlc-thumbs/work/build/vlc-arm64/vlc_install_dir/lib/vlc/plugins/stream_out/libstream_out_duplicate_plugin.dylib
libtool: install: /usr/local/bin/ginstall -c .libs/libstream_out_duplicate_plugin.lai /Users/cam/Documents/Projects/ultima-iv-web/vlc-thumbs/work/build/vlc-arm64/vlc_install_dir/lib/vlc/plugins/stream_out/libstream_out_duplicate_plugin.la
libtool: install: /usr/local/bin/ginstall -c .libs/libstream_out_es_plugin.dylib /Users/cam/Documents/Projects/ultima-iv-web/vlc-thumbs/work/build/vlc-arm64/vlc_install_dir/lib/vlc/plugins/stream_out/libstream_out_es_plugin.dylib
libtool: install: /usr/local/bin/ginstall -c .libs/libstream_out_es_plugin.lai /Users/cam/Documents/Projects/ultima-iv-web/vlc-thumbs/work/build/vlc-arm64/vlc_install_dir/lib/vlc/plugins/stream_out/libstream_out_es_plugin.la
libtool: install: /usr/local/bin/ginstall -c .libs/libstream_out_display_plugin.dylib /Users/cam/Documents/Projects/ultima-iv-web/vlc-thumbs/work/build/vlc-arm64/vlc_install_dir/lib/vlc/plugins/stream_out/libstream_out_display_plugin.dylib
libtool: install: /usr/local/bin/ginstall -c .libs/libstream_out_display_plugin.lai /Users/cam/Documents/Projects/ultima-iv-web/vlc-thumbs/work/build/vlc-arm64/vlc_install_dir/lib/vlc/plugins/stream_out/libstream_out_display_plugin.la
libtool: install: /usr/local/bin/ginstall -c .libs/libstream_out_gather_plugin.dylib /Users/cam/Documents/Projects/ultima-iv-web/vlc-thumbs/work/build/vlc-arm64/vlc_install_dir/lib/vlc/plugins/stream_out/libstream_out_gather_plugin.dylib
libtool: install: /usr/local/bin/ginstall -c .libs/libstream_out_gather_plugin.lai /Users/cam/Documents/Projects/ultima-iv-web/vlc-thumbs/work/build/vlc-arm64/vlc_install_dir/lib/vlc/plugins/stream_out/libstream_out_gather_plugin.la
libtool: install: /usr/local/bin/ginstall -c .libs/libstream_out_bridge_plugin.dylib /Users/cam/Documents/Projects/ultima-iv-web/vlc-thumbs/work/build/vlc-arm64/vlc_install_dir/lib/vlc/plugins/stream_out/libstream_out_bridge_plugin.dylib
libtool: install: /usr/local/bin/ginstall -c .libs/libstream_out_bridge_plugin.lai /Users/cam/Documents/Projects/ultima-iv-web/vlc-thumbs/work/build/vlc-arm64/vlc_install_dir/lib/vlc/plugins/stream_out/libstream_out_bridge_plugin.la
libtool: install: /usr/local/bin/ginstall -c .libs/libstream_out_mosaic_bridge_plugin.dylib /Users/cam/Documents/Projects/ultima-iv-web/vlc-thumbs/work/build/vlc-arm64/vlc_install_dir/lib/vlc/plugins/stream_out/libstream_out_mosaic_bridge_plugin.dylib
libtool: install: /usr/local/bin/ginstall -c .libs/libstream_out_mosaic_bridge_plugin.lai /Users/cam/Documents/Projects/ultima-iv-web/vlc-thumbs/work/build/vlc-arm64/vlc_install_dir/lib/vlc/plugins/stream_out/libstream_out_mosaic_bridge_plugin.la
libtool: install: /usr/local/bin/ginstall -c .libs/libstream_out_autodel_plugin.dylib /Users/cam/Documents/Projects/ultima-iv-web/vlc-thumbs/work/build/vlc-arm64/vlc_install_dir/lib/vlc/plugins/stream_out/libstream_out_autodel_plugin.dylib
libtool: install: /usr/local/bin/ginstall -c .libs/libstream_out_autodel_plugin.lai /Users/cam/Documents/Projects/ultima-iv-web/vlc-thumbs/work/build/vlc-arm64/vlc_install_dir/lib/vlc/plugins/stream_out/libstream_out_autodel_plugin.la
libtool: install: /usr/local/bin/ginstall -c .libs/libstream_out_record_plugin.dylib /Users/cam/Documents/Projects/ultima-iv-web/vlc-thumbs/work/build/vlc-arm64/vlc_install_dir/lib/vlc/plugins/stream_out/libstream_out_record_plugin.dylib
libtool: install: /usr/local/bin/ginstall -c .libs/libstream_out_record_plugin.lai /Users/cam/Documents/Projects/ultima-iv-web/vlc-thumbs/work/build/vlc-arm64/vlc_install_dir/lib/vlc/plugins/stream_out/libstream_out_record_plugin.la
libtool: install: /usr/local/bin/ginstall -c .libs/libstream_out_smem_plugin.dylib /Users/cam/Documents/Projects/ultima-iv-web/vlc-thumbs/work/build/vlc-arm64/vlc_install_dir/lib/vlc/plugins/stream_out/libstream_out_smem_plugin.dylib
libtool: install: /usr/local/bin/ginstall -c .libs/libstream_out_smem_plugin.lai /Users/cam/Documents/Projects/ultima-iv-web/vlc-thumbs/work/build/vlc-arm64/vlc_install_dir/lib/vlc/plugins/stream_out/libstream_out_smem_plugin.la
libtool: install: /usr/local/bin/ginstall -c .libs/libstream_out_setid_plugin.dylib /Users/cam/Documents/Projects/ultima-iv-web/vlc-thumbs/work/build/vlc-arm64/vlc_install_dir/lib/vlc/plugins/stream_out/libstream_out_setid_plugin.dylib
libtool: install: /usr/local/bin/ginstall -c .libs/libstream_out_setid_plugin.lai /Users/cam/Documents/Projects/ultima-iv-web/vlc-thumbs/work/build/vlc-arm64/vlc_install_dir/lib/vlc/plugins/stream_out/libstream_out_setid_plugin.la
libtool: install: /usr/local/bin/ginstall -c .libs/libstream_out_transcode_plugin.dylib /Users/cam/Documents/Projects/ultima-iv-web/vlc-thumbs/work/build/vlc-arm64/vlc_install_dir/lib/vlc/plugins/stream_out/libstream_out_transcode_plugin.dylib
libtool: install: /usr/local/bin/ginstall -c .libs/libstream_out_transcode_plugin.lai /Users/cam/Documents/Projects/ultima-iv-web/vlc-thumbs/work/build/vlc-arm64/vlc_install_dir/lib/vlc/plugins/stream_out/libstream_out_transcode_plugin.la
libtool: install: /usr/local/bin/ginstall -c .libs/libstream_out_rtp_plugin.dylib /Users/cam/Documents/Projects/ultima-iv-web/vlc-thumbs/work/build/vlc-arm64/vlc_install_dir/lib/vlc/plugins/stream_out/libstream_out_rtp_plugin.dylib
libtool: install: /usr/local/bin/ginstall -c .libs/libstream_out_rtp_plugin.lai /Users/cam/Documents/Projects/ultima-iv-web/vlc-thumbs/work/build/vlc-arm64/vlc_install_dir/lib/vlc/plugins/stream_out/libstream_out_rtp_plugin.la
libtool: install: /usr/local/bin/ginstall -c .libs/libstream_out_chromaprint_plugin.dylib /Users/cam/Documents/Projects/ultima-iv-web/vlc-thumbs/work/build/vlc-arm64/vlc_install_dir/lib/vlc/plugins/stream_out/libstream_out_chromaprint_plugin.dylib
libtool: install: /usr/local/bin/ginstall -c .libs/libstream_out_chromaprint_plugin.lai /Users/cam/Documents/Projects/ultima-iv-web/vlc-thumbs/work/build/vlc-arm64/vlc_install_dir/lib/vlc/plugins/stream_out/libstream_out_chromaprint_plugin.la
libtool: install: /usr/local/bin/ginstall -c .libs/libstream_out_chromecast_plugin.dylib /Users/cam/Documents/Projects/ultima-iv-web/vlc-thumbs/work/build/vlc-arm64/vlc_install_dir/lib/vlc/plugins/stream_out/libstream_out_chromecast_plugin.dylib
libtool: install: /usr/local/bin/ginstall -c .libs/libstream_out_chromecast_plugin.lai /Users/cam/Documents/Projects/ultima-iv-web/vlc-thumbs/work/build/vlc-arm64/vlc_install_dir/lib/vlc/plugins/stream_out/libstream_out_chromecast_plugin.la
 /usr/local/bin/gmkdir -p '/Users/cam/Documents/Projects/ultima-iv-web/vlc-thumbs/work/build/vlc-arm64/vlc_install_dir/lib/vlc/plugins/video_splitter'
 ../doltlibtool   --mode=install /usr/local/bin/ginstall -c   libclone_plugin.la libwall_plugin.la '/Users/cam/Documents/Projects/ultima-iv-web/vlc-thumbs/work/build/vlc-arm64/vlc_install_dir/lib/vlc/plugins/video_splitter'
libtool: install: /usr/local/bin/ginstall -c .libs/libclone_plugin.dylib /Users/cam/Documents/Projects/ultima-iv-web/vlc-thumbs/work/build/vlc-arm64/vlc_install_dir/lib/vlc/plugins/video_splitter/libclone_plugin.dylib
libtool: install: /usr/local/bin/ginstall -c .libs/libclone_plugin.lai /Users/cam/Documents/Projects/ultima-iv-web/vlc-thumbs/work/build/vlc-arm64/vlc_install_dir/lib/vlc/plugins/video_splitter/libclone_plugin.la
libtool: install: /usr/local/bin/ginstall -c .libs/libwall_plugin.dylib /Users/cam/Documents/Projects/ultima-iv-web/vlc-thumbs/work/build/vlc-arm64/vlc_install_dir/lib/vlc/plugins/video_splitter/libwall_plugin.dylib
libtool: install: /usr/local/bin/ginstall -c .libs/libwall_plugin.lai /Users/cam/Documents/Projects/ultima-iv-web/vlc-thumbs/work/build/vlc-arm64/vlc_install_dir/lib/vlc/plugins/video_splitter/libwall_plugin.la
 /usr/local/bin/gmkdir -p '/Users/cam/Documents/Projects/ultima-iv-web/vlc-thumbs/work/build/vlc-arm64/vlc_install_dir/lib/vlc/plugins/spu'
 ../doltlibtool   --mode=install /usr/local/bin/ginstall -c   libsubsdelay_plugin.la libaudiobargraph_v_plugin.la liblogo_plugin.la libmarq_plugin.la libmosaic_plugin.la librss_plugin.la libdynamicoverlay_plugin.la libremoteosd_plugin.la '/Users/cam/Documents/Projects/ultima-iv-web/vlc-thumbs/work/build/vlc-arm64/vlc_install_dir/lib/vlc/plugins/spu'
libtool: install: /usr/local/bin/ginstall -c .libs/libsubsdelay_plugin.dylib /Users/cam/Documents/Projects/ultima-iv-web/vlc-thumbs/work/build/vlc-arm64/vlc_install_dir/lib/vlc/plugins/spu/libsubsdelay_plugin.dylib
libtool: install: /usr/local/bin/ginstall -c .libs/libsubsdelay_plugin.lai /Users/cam/Documents/Projects/ultima-iv-web/vlc-thumbs/work/build/vlc-arm64/vlc_install_dir/lib/vlc/plugins/spu/libsubsdelay_plugin.la
libtool: install: /usr/local/bin/ginstall -c .libs/libaudiobargraph_v_plugin.dylib /Users/cam/Documents/Projects/ultima-iv-web/vlc-thumbs/work/build/vlc-arm64/vlc_install_dir/lib/vlc/plugins/spu/libaudiobargraph_v_plugin.dylib
libtool: install: /usr/local/bin/ginstall -c .libs/libaudiobargraph_v_plugin.lai /Users/cam/Documents/Projects/ultima-iv-web/vlc-thumbs/work/build/vlc-arm64/vlc_install_dir/lib/vlc/plugins/spu/libaudiobargraph_v_plugin.la
libtool: install: /usr/local/bin/ginstall -c .libs/liblogo_plugin.dylib /Users/cam/Documents/Projects/ultima-iv-web/vlc-thumbs/work/build/vlc-arm64/vlc_install_dir/lib/vlc/plugins/spu/liblogo_plugin.dylib
libtool: install: /usr/local/bin/ginstall -c .libs/liblogo_plugin.lai /Users/cam/Documents/Projects/ultima-iv-web/vlc-thumbs/work/build/vlc-arm64/vlc_install_dir/lib/vlc/plugins/spu/liblogo_plugin.la
libtool: install: /usr/local/bin/ginstall -c .libs/libmarq_plugin.dylib /Users/cam/Documents/Projects/ultima-iv-web/vlc-thumbs/work/build/vlc-arm64/vlc_install_dir/lib/vlc/plugins/spu/libmarq_plugin.dylib
libtool: install: /usr/local/bin/ginstall -c .libs/libmarq_plugin.lai /Users/cam/Documents/Projects/ultima-iv-web/vlc-thumbs/work/build/vlc-arm64/vlc_install_dir/lib/vlc/plugins/spu/libmarq_plugin.la
libtool: install: /usr/local/bin/ginstall -c .libs/libmosaic_plugin.dylib /Users/cam/Documents/Projects/ultima-iv-web/vlc-thumbs/work/build/vlc-arm64/vlc_install_dir/lib/vlc/plugins/spu/libmosaic_plugin.dylib
libtool: install: /usr/local/bin/ginstall -c .libs/libmosaic_plugin.lai /Users/cam/Documents/Projects/ultima-iv-web/vlc-thumbs/work/build/vlc-arm64/vlc_install_dir/lib/vlc/plugins/spu/libmosaic_plugin.la
libtool: install: /usr/local/bin/ginstall -c .libs/librss_plugin.dylib /Users/cam/Documents/Projects/ultima-iv-web/vlc-thumbs/work/build/vlc-arm64/vlc_install_dir/lib/vlc/plugins/spu/librss_plugin.dylib
libtool: install: /usr/local/bin/ginstall -c .libs/librss_plugin.lai /Users/cam/Documents/Projects/ultima-iv-web/vlc-thumbs/work/build/vlc-arm64/vlc_install_dir/lib/vlc/plugins/spu/librss_plugin.la
libtool: install: /usr/local/bin/ginstall -c .libs/libdynamicoverlay_plugin.dylib /Users/cam/Documents/Projects/ultima-iv-web/vlc-thumbs/work/build/vlc-arm64/vlc_install_dir/lib/vlc/plugins/spu/libdynamicoverlay_plugin.dylib
libtool: install: /usr/local/bin/ginstall -c .libs/libdynamicoverlay_plugin.lai /Users/cam/Documents/Projects/ultima-iv-web/vlc-thumbs/work/build/vlc-arm64/vlc_install_dir/lib/vlc/plugins/spu/libdynamicoverlay_plugin.la
libtool: install: /usr/local/bin/ginstall -c .libs/libremoteosd_plugin.dylib /Users/cam/Documents/Projects/ultima-iv-web/vlc-thumbs/work/build/vlc-arm64/vlc_install_dir/lib/vlc/plugins/spu/libremoteosd_plugin.dylib
libtool: install: /usr/local/bin/ginstall -c .libs/libremoteosd_plugin.lai /Users/cam/Documents/Projects/ultima-iv-web/vlc-thumbs/work/build/vlc-arm64/vlc_install_dir/lib/vlc/plugins/spu/libremoteosd_plugin.la
 /usr/local/bin/gmkdir -p '/Users/cam/Documents/Projects/ultima-iv-web/vlc-thumbs/work/build/vlc-arm64/vlc_install_dir/lib/vlc/plugins/stream_extractor'
 ../doltlibtool   --mode=install /usr/local/bin/ginstall -c   libarchive_plugin.la '/Users/cam/Documents/Projects/ultima-iv-web/vlc-thumbs/work/build/vlc-arm64/vlc_install_dir/lib/vlc/plugins/stream_extractor'
libtool: install: /usr/local/bin/ginstall -c .libs/libarchive_plugin.dylib /Users/cam/Documents/Projects/ultima-iv-web/vlc-thumbs/work/build/vlc-arm64/vlc_install_dir/lib/vlc/plugins/stream_extractor/libarchive_plugin.dylib
libtool: install: /usr/local/bin/ginstall -c .libs/libarchive_plugin.lai /Users/cam/Documents/Projects/ultima-iv-web/vlc-thumbs/work/build/vlc-arm64/vlc_install_dir/lib/vlc/plugins/stream_extractor/libarchive_plugin.la
 /usr/local/bin/gmkdir -p '/Users/cam/Documents/Projects/ultima-iv-web/vlc-thumbs/work/build/vlc-arm64/vlc_install_dir/lib/vlc/plugins/stream_filter'
 ../doltlibtool   --mode=install /usr/local/bin/ginstall -c   libcache_read_plugin.la libcache_block_plugin.la libdecomp_plugin.la libinflate_plugin.la libprefetch_plugin.la libhds_plugin.la librecord_plugin.la libadf_plugin.la libskiptags_plugin.la '/Users/cam/Documents/Projects/ultima-iv-web/vlc-thumbs/work/build/vlc-arm64/vlc_install_dir/lib/vlc/plugins/stream_filter'
libtool: install: /usr/local/bin/ginstall -c .libs/libcache_read_plugin.dylib /Users/cam/Documents/Projects/ultima-iv-web/vlc-thumbs/work/build/vlc-arm64/vlc_install_dir/lib/vlc/plugins/stream_filter/libcache_read_plugin.dylib
libtool: install: /usr/local/bin/ginstall -c .libs/libcache_read_plugin.lai /Users/cam/Documents/Projects/ultima-iv-web/vlc-thumbs/work/build/vlc-arm64/vlc_install_dir/lib/vlc/plugins/stream_filter/libcache_read_plugin.la
libtool: install: /usr/local/bin/ginstall -c .libs/libcache_block_plugin.dylib /Users/cam/Documents/Projects/ultima-iv-web/vlc-thumbs/work/build/vlc-arm64/vlc_install_dir/lib/vlc/plugins/stream_filter/libcache_block_plugin.dylib
libtool: install: /usr/local/bin/ginstall -c .libs/libcache_block_plugin.lai /Users/cam/Documents/Projects/ultima-iv-web/vlc-thumbs/work/build/vlc-arm64/vlc_install_dir/lib/vlc/plugins/stream_filter/libcache_block_plugin.la
libtool: install: /usr/local/bin/ginstall -c .libs/libdecomp_plugin.dylib /Users/cam/Documents/Projects/ultima-iv-web/vlc-thumbs/work/build/vlc-arm64/vlc_install_dir/lib/vlc/plugins/stream_filter/libdecomp_plugin.dylib
libtool: install: /usr/local/bin/ginstall -c .libs/libdecomp_plugin.lai /Users/cam/Documents/Projects/ultima-iv-web/vlc-thumbs/work/build/vlc-arm64/vlc_install_dir/lib/vlc/plugins/stream_filter/libdecomp_plugin.la
libtool: install: /usr/local/bin/ginstall -c .libs/libinflate_plugin.dylib /Users/cam/Documents/Projects/ultima-iv-web/vlc-thumbs/work/build/vlc-arm64/vlc_install_dir/lib/vlc/plugins/stream_filter/libinflate_plugin.dylib
libtool: install: /usr/local/bin/ginstall -c .libs/libinflate_plugin.lai /Users/cam/Documents/Projects/ultima-iv-web/vlc-thumbs/work/build/vlc-arm64/vlc_install_dir/lib/vlc/plugins/stream_filter/libinflate_plugin.la
libtool: install: /usr/local/bin/ginstall -c .libs/libprefetch_plugin.dylib /Users/cam/Documents/Projects/ultima-iv-web/vlc-thumbs/work/build/vlc-arm64/vlc_install_dir/lib/vlc/plugins/stream_filter/libprefetch_plugin.dylib
libtool: install: /usr/local/bin/ginstall -c .libs/libprefetch_plugin.lai /Users/cam/Documents/Projects/ultima-iv-web/vlc-thumbs/work/build/vlc-arm64/vlc_install_dir/lib/vlc/plugins/stream_filter/libprefetch_plugin.la
libtool: install: /usr/local/bin/ginstall -c .libs/libhds_plugin.dylib /Users/cam/Documents/Projects/ultima-iv-web/vlc-thumbs/work/build/vlc-arm64/vlc_install_dir/lib/vlc/plugins/stream_filter/libhds_plugin.dylib
libtool: install: /usr/local/bin/ginstall -c .libs/libhds_plugin.lai /Users/cam/Documents/Projects/ultima-iv-web/vlc-thumbs/work/build/vlc-arm64/vlc_install_dir/lib/vlc/plugins/stream_filter/libhds_plugin.la
libtool: install: /usr/local/bin/ginstall -c .libs/librecord_plugin.dylib /Users/cam/Documents/Projects/ultima-iv-web/vlc-thumbs/work/build/vlc-arm64/vlc_install_dir/lib/vlc/plugins/stream_filter/librecord_plugin.dylib
libtool: install: /usr/local/bin/ginstall -c .libs/librecord_plugin.lai /Users/cam/Documents/Projects/ultima-iv-web/vlc-thumbs/work/build/vlc-arm64/vlc_install_dir/lib/vlc/plugins/stream_filter/librecord_plugin.la
libtool: install: /usr/local/bin/ginstall -c .libs/libadf_plugin.dylib /Users/cam/Documents/Projects/ultima-iv-web/vlc-thumbs/work/build/vlc-arm64/vlc_install_dir/lib/vlc/plugins/stream_filter/libadf_plugin.dylib
libtool: install: /usr/local/bin/ginstall -c .libs/libadf_plugin.lai /Users/cam/Documents/Projects/ultima-iv-web/vlc-thumbs/work/build/vlc-arm64/vlc_install_dir/lib/vlc/plugins/stream_filter/libadf_plugin.la
libtool: install: /usr/local/bin/ginstall -c .libs/libskiptags_plugin.dylib /Users/cam/Documents/Projects/ultima-iv-web/vlc-thumbs/work/build/vlc-arm64/vlc_install_dir/lib/vlc/plugins/stream_filter/libskiptags_plugin.dylib
libtool: install: /usr/local/bin/ginstall -c .libs/libskiptags_plugin.lai /Users/cam/Documents/Projects/ultima-iv-web/vlc-thumbs/work/build/vlc-arm64/vlc_install_dir/lib/vlc/plugins/stream_filter/libskiptags_plugin.la
 /usr/local/bin/gmkdir -p '/Users/cam/Documents/Projects/ultima-iv-web/vlc-thumbs/work/build/vlc-arm64/vlc_install_dir/lib/vlc/plugins/text_renderer'
 ../doltlibtool   --mode=install /usr/local/bin/ginstall -c   libtdummy_plugin.la libfreetype_plugin.la libnsspeechsynthesizer_plugin.la '/Users/cam/Documents/Projects/ultima-iv-web/vlc-thumbs/work/build/vlc-arm64/vlc_install_dir/lib/vlc/plugins/text_renderer'
libtool: install: /usr/local/bin/ginstall -c .libs/libtdummy_plugin.dylib /Users/cam/Documents/Projects/ultima-iv-web/vlc-thumbs/work/build/vlc-arm64/vlc_install_dir/lib/vlc/plugins/text_renderer/libtdummy_plugin.dylib
libtool: install: /usr/local/bin/ginstall -c .libs/libtdummy_plugin.lai /Users/cam/Documents/Projects/ultima-iv-web/vlc-thumbs/work/build/vlc-arm64/vlc_install_dir/lib/vlc/plugins/text_renderer/libtdummy_plugin.la
libtool: install: /usr/local/bin/ginstall -c .libs/libfreetype_plugin.dylib /Users/cam/Documents/Projects/ultima-iv-web/vlc-thumbs/work/build/vlc-arm64/vlc_install_dir/lib/vlc/plugins/text_renderer/libfreetype_plugin.dylib
libtool: install: /usr/local/bin/ginstall -c .libs/libfreetype_plugin.lai /Users/cam/Documents/Projects/ultima-iv-web/vlc-thumbs/work/build/vlc-arm64/vlc_install_dir/lib/vlc/plugins/text_renderer/libfreetype_plugin.la
libtool: install: /usr/local/bin/ginstall -c .libs/libnsspeechsynthesizer_plugin.dylib /Users/cam/Documents/Projects/ultima-iv-web/vlc-thumbs/work/build/vlc-arm64/vlc_install_dir/lib/vlc/plugins/text_renderer/libnsspeechsynthesizer_plugin.dylib
libtool: install: /usr/local/bin/ginstall -c .libs/libnsspeechsynthesizer_plugin.lai /Users/cam/Documents/Projects/ultima-iv-web/vlc-thumbs/work/build/vlc-arm64/vlc_install_dir/lib/vlc/plugins/text_renderer/libnsspeechsynthesizer_plugin.la
 /usr/local/bin/gmkdir -p '/Users/cam/Documents/Projects/ultima-iv-web/vlc-thumbs/work/build/vlc-arm64/vlc_install_dir/lib/vlc/plugins/video_filter'
 ../doltlibtool   --mode=install /usr/local/bin/ginstall -c   libadjust_plugin.la libalphamask_plugin.la libball_plugin.la libblendbench_plugin.la libbluescreen_plugin.la libcanvas_plugin.la libcolorthres_plugin.la libcroppadd_plugin.la libedgedetection_plugin.la liberase_plugin.la libextract_plugin.la libgradient_plugin.la libgrain_plugin.la libgaussianblur_plugin.la libinvert_plugin.la libmagnify_plugin.la libmirror_plugin.la libmotionblur_plugin.la libmotiondetect_plugin.la libposterize_plugin.la libpsychedelic_plugin.la libripple_plugin.la libscale_plugin.la libscene_plugin.la libsepia_plugin.la libsharpen_plugin.la libtransform_plugin.la libwave_plugin.la libgradfun_plugin.la libantiflicker_plugin.la libhqdn3d_plugin.la libanaglyph_plugin.la liboldmovie_plugin.la libvhs_plugin.la libfps_plugin.la libfreeze_plugin.la libpuzzle_plugin.la librotate_plugin.la libci_filters_plugin.la libdeinterlace_plugin.la libpostproc_plugin.la libblend_plugin.la '/Users/cam/Documents/Projects/ultima-iv-web/vlc-thumbs/work/build/vlc-arm64/vlc_install_dir/lib/vlc/plugins/video_filter'
libtool: install: /usr/local/bin/ginstall -c .libs/libadjust_plugin.dylib /Users/cam/Documents/Projects/ultima-iv-web/vlc-thumbs/work/build/vlc-arm64/vlc_install_dir/lib/vlc/plugins/video_filter/libadjust_plugin.dylib
libtool: install: /usr/local/bin/ginstall -c .libs/libadjust_plugin.lai /Users/cam/Documents/Projects/ultima-iv-web/vlc-thumbs/work/build/vlc-arm64/vlc_install_dir/lib/vlc/plugins/video_filter/libadjust_plugin.la
libtool: install: /usr/local/bin/ginstall -c .libs/libalphamask_plugin.dylib /Users/cam/Documents/Projects/ultima-iv-web/vlc-thumbs/work/build/vlc-arm64/vlc_install_dir/lib/vlc/plugins/video_filter/libalphamask_plugin.dylib
libtool: install: /usr/local/bin/ginstall -c .libs/libalphamask_plugin.lai /Users/cam/Documents/Projects/ultima-iv-web/vlc-thumbs/work/build/vlc-arm64/vlc_install_dir/lib/vlc/plugins/video_filter/libalphamask_plugin.la
libtool: install: /usr/local/bin/ginstall -c .libs/libball_plugin.dylib /Users/cam/Documents/Projects/ultima-iv-web/vlc-thumbs/work/build/vlc-arm64/vlc_install_dir/lib/vlc/plugins/video_filter/libball_plugin.dylib
libtool: install: /usr/local/bin/ginstall -c .libs/libball_plugin.lai /Users/cam/Documents/Projects/ultima-iv-web/vlc-thumbs/work/build/vlc-arm64/vlc_install_dir/lib/vlc/plugins/video_filter/libball_plugin.la
libtool: install: /usr/local/bin/ginstall -c .libs/libblendbench_plugin.dylib /Users/cam/Documents/Projects/ultima-iv-web/vlc-thumbs/work/build/vlc-arm64/vlc_install_dir/lib/vlc/plugins/video_filter/libblendbench_plugin.dylib
libtool: install: /usr/local/bin/ginstall -c .libs/libblendbench_plugin.lai /Users/cam/Documents/Projects/ultima-iv-web/vlc-thumbs/work/build/vlc-arm64/vlc_install_dir/lib/vlc/plugins/video_filter/libblendbench_plugin.la
libtool: install: /usr/local/bin/ginstall -c .libs/libbluescreen_plugin.dylib /Users/cam/Documents/Projects/ultima-iv-web/vlc-thumbs/work/build/vlc-arm64/vlc_install_dir/lib/vlc/plugins/video_filter/libbluescreen_plugin.dylib
libtool: install: /usr/local/bin/ginstall -c .libs/libbluescreen_plugin.lai /Users/cam/Documents/Projects/ultima-iv-web/vlc-thumbs/work/build/vlc-arm64/vlc_install_dir/lib/vlc/plugins/video_filter/libbluescreen_plugin.la
libtool: install: /usr/local/bin/ginstall -c .libs/libcanvas_plugin.dylib /Users/cam/Documents/Projects/ultima-iv-web/vlc-thumbs/work/build/vlc-arm64/vlc_install_dir/lib/vlc/plugins/video_filter/libcanvas_plugin.dylib
libtool: install: /usr/local/bin/ginstall -c .libs/libcanvas_plugin.lai /Users/cam/Documents/Projects/ultima-iv-web/vlc-thumbs/work/build/vlc-arm64/vlc_install_dir/lib/vlc/plugins/video_filter/libcanvas_plugin.la
libtool: install: /usr/local/bin/ginstall -c .libs/libcolorthres_plugin.dylib /Users/cam/Documents/Projects/ultima-iv-web/vlc-thumbs/work/build/vlc-arm64/vlc_install_dir/lib/vlc/plugins/video_filter/libcolorthres_plugin.dylib
libtool: install: /usr/local/bin/ginstall -c .libs/libcolorthres_plugin.lai /Users/cam/Documents/Projects/ultima-iv-web/vlc-thumbs/work/build/vlc-arm64/vlc_install_dir/lib/vlc/plugins/video_filter/libcolorthres_plugin.la
libtool: install: /usr/local/bin/ginstall -c .libs/libcroppadd_plugin.dylib /Users/cam/Documents/Projects/ultima-iv-web/vlc-thumbs/work/build/vlc-arm64/vlc_install_dir/lib/vlc/plugins/video_filter/libcroppadd_plugin.dylib
libtool: install: /usr/local/bin/ginstall -c .libs/libcroppadd_plugin.lai /Users/cam/Documents/Projects/ultima-iv-web/vlc-thumbs/work/build/vlc-arm64/vlc_install_dir/lib/vlc/plugins/video_filter/libcroppadd_plugin.la
libtool: install: /usr/local/bin/ginstall -c .libs/libedgedetection_plugin.dylib /Users/cam/Documents/Projects/ultima-iv-web/vlc-thumbs/work/build/vlc-arm64/vlc_install_dir/lib/vlc/plugins/video_filter/libedgedetection_plugin.dylib
libtool: install: /usr/local/bin/ginstall -c .libs/libedgedetection_plugin.lai /Users/cam/Documents/Projects/ultima-iv-web/vlc-thumbs/work/build/vlc-arm64/vlc_install_dir/lib/vlc/plugins/video_filter/libedgedetection_plugin.la
libtool: install: /usr/local/bin/ginstall -c .libs/liberase_plugin.dylib /Users/cam/Documents/Projects/ultima-iv-web/vlc-thumbs/work/build/vlc-arm64/vlc_install_dir/lib/vlc/plugins/video_filter/liberase_plugin.dylib
libtool: install: /usr/local/bin/ginstall -c .libs/liberase_plugin.lai /Users/cam/Documents/Projects/ultima-iv-web/vlc-thumbs/work/build/vlc-arm64/vlc_install_dir/lib/vlc/plugins/video_filter/liberase_plugin.la
libtool: install: /usr/local/bin/ginstall -c .libs/libextract_plugin.dylib /Users/cam/Documents/Projects/ultima-iv-web/vlc-thumbs/work/build/vlc-arm64/vlc_install_dir/lib/vlc/plugins/video_filter/libextract_plugin.dylib
libtool: install: /usr/local/bin/ginstall -c .libs/libextract_plugin.lai /Users/cam/Documents/Projects/ultima-iv-web/vlc-thumbs/work/build/vlc-arm64/vlc_install_dir/lib/vlc/plugins/video_filter/libextract_plugin.la
libtool: install: /usr/local/bin/ginstall -c .libs/libgradient_plugin.dylib /Users/cam/Documents/Projects/ultima-iv-web/vlc-thumbs/work/build/vlc-arm64/vlc_install_dir/lib/vlc/plugins/video_filter/libgradient_plugin.dylib
libtool: install: /usr/local/bin/ginstall -c .libs/libgradient_plugin.lai /Users/cam/Documents/Projects/ultima-iv-web/vlc-thumbs/work/build/vlc-arm64/vlc_install_dir/lib/vlc/plugins/video_filter/libgradient_plugin.la
libtool: install: /usr/local/bin/ginstall -c .libs/libgrain_plugin.dylib /Users/cam/Documents/Projects/ultima-iv-web/vlc-thumbs/work/build/vlc-arm64/vlc_install_dir/lib/vlc/plugins/video_filter/libgrain_plugin.dylib
libtool: install: /usr/local/bin/ginstall -c .libs/libgrain_plugin.lai /Users/cam/Documents/Projects/ultima-iv-web/vlc-thumbs/work/build/vlc-arm64/vlc_install_dir/lib/vlc/plugins/video_filter/libgrain_plugin.la
libtool: install: /usr/local/bin/ginstall -c .libs/libgaussianblur_plugin.dylib /Users/cam/Documents/Projects/ultima-iv-web/vlc-thumbs/work/build/vlc-arm64/vlc_install_dir/lib/vlc/plugins/video_filter/libgaussianblur_plugin.dylib
libtool: install: /usr/local/bin/ginstall -c .libs/libgaussianblur_plugin.lai /Users/cam/Documents/Projects/ultima-iv-web/vlc-thumbs/work/build/vlc-arm64/vlc_install_dir/lib/vlc/plugins/video_filter/libgaussianblur_plugin.la
libtool: install: /usr/local/bin/ginstall -c .libs/libinvert_plugin.dylib /Users/cam/Documents/Projects/ultima-iv-web/vlc-thumbs/work/build/vlc-arm64/vlc_install_dir/lib/vlc/plugins/video_filter/libinvert_plugin.dylib
libtool: install: /usr/local/bin/ginstall -c .libs/libinvert_plugin.lai /Users/cam/Documents/Projects/ultima-iv-web/vlc-thumbs/work/build/vlc-arm64/vlc_install_dir/lib/vlc/plugins/video_filter/libinvert_plugin.la
libtool: install: /usr/local/bin/ginstall -c .libs/libmagnify_plugin.dylib /Users/cam/Documents/Projects/ultima-iv-web/vlc-thumbs/work/build/vlc-arm64/vlc_install_dir/lib/vlc/plugins/video_filter/libmagnify_plugin.dylib
libtool: install: /usr/local/bin/ginstall -c .libs/libmagnify_plugin.lai /Users/cam/Documents/Projects/ultima-iv-web/vlc-thumbs/work/build/vlc-arm64/vlc_install_dir/lib/vlc/plugins/video_filter/libmagnify_plugin.la
libtool: install: /usr/local/bin/ginstall -c .libs/libmirror_plugin.dylib /Users/cam/Documents/Projects/ultima-iv-web/vlc-thumbs/work/build/vlc-arm64/vlc_install_dir/lib/vlc/plugins/video_filter/libmirror_plugin.dylib
libtool: install: /usr/local/bin/ginstall -c .libs/libmirror_plugin.lai /Users/cam/Documents/Projects/ultima-iv-web/vlc-thumbs/work/build/vlc-arm64/vlc_install_dir/lib/vlc/plugins/video_filter/libmirror_plugin.la
libtool: install: /usr/local/bin/ginstall -c .libs/libmotionblur_plugin.dylib /Users/cam/Documents/Projects/ultima-iv-web/vlc-thumbs/work/build/vlc-arm64/vlc_install_dir/lib/vlc/plugins/video_filter/libmotionblur_plugin.dylib
libtool: install: /usr/local/bin/ginstall -c .libs/libmotionblur_plugin.lai /Users/cam/Documents/Projects/ultima-iv-web/vlc-thumbs/work/build/vlc-arm64/vlc_install_dir/lib/vlc/plugins/video_filter/libmotionblur_plugin.la
libtool: install: /usr/local/bin/ginstall -c .libs/libmotiondetect_plugin.dylib /Users/cam/Documents/Projects/ultima-iv-web/vlc-thumbs/work/build/vlc-arm64/vlc_install_dir/lib/vlc/plugins/video_filter/libmotiondetect_plugin.dylib
libtool: install: /usr/local/bin/ginstall -c .libs/libmotiondetect_plugin.lai /Users/cam/Documents/Projects/ultima-iv-web/vlc-thumbs/work/build/vlc-arm64/vlc_install_dir/lib/vlc/plugins/video_filter/libmotiondetect_plugin.la
libtool: install: /usr/local/bin/ginstall -c .libs/libposterize_plugin.dylib /Users/cam/Documents/Projects/ultima-iv-web/vlc-thumbs/work/build/vlc-arm64/vlc_install_dir/lib/vlc/plugins/video_filter/libposterize_plugin.dylib
libtool: install: /usr/local/bin/ginstall -c .libs/libposterize_plugin.lai /Users/cam/Documents/Projects/ultima-iv-web/vlc-thumbs/work/build/vlc-arm64/vlc_install_dir/lib/vlc/plugins/video_filter/libposterize_plugin.la
libtool: install: /usr/local/bin/ginstall -c .libs/libpsychedelic_plugin.dylib /Users/cam/Documents/Projects/ultima-iv-web/vlc-thumbs/work/build/vlc-arm64/vlc_install_dir/lib/vlc/plugins/video_filter/libpsychedelic_plugin.dylib
libtool: install: /usr/local/bin/ginstall -c .libs/libpsychedelic_plugin.lai /Users/cam/Documents/Projects/ultima-iv-web/vlc-thumbs/work/build/vlc-arm64/vlc_install_dir/lib/vlc/plugins/video_filter/libpsychedelic_plugin.la
libtool: install: /usr/local/bin/ginstall -c .libs/libripple_plugin.dylib /Users/cam/Documents/Projects/ultima-iv-web/vlc-thumbs/work/build/vlc-arm64/vlc_install_dir/lib/vlc/plugins/video_filter/libripple_plugin.dylib
libtool: install: /usr/local/bin/ginstall -c .libs/libripple_plugin.lai /Users/cam/Documents/Projects/ultima-iv-web/vlc-thumbs/work/build/vlc-arm64/vlc_install_dir/lib/vlc/plugins/video_filter/libripple_plugin.la
libtool: install: /usr/local/bin/ginstall -c .libs/libscale_plugin.dylib /Users/cam/Documents/Projects/ultima-iv-web/vlc-thumbs/work/build/vlc-arm64/vlc_install_dir/lib/vlc/plugins/video_filter/libscale_plugin.dylib
libtool: install: /usr/local/bin/ginstall -c .libs/libscale_plugin.lai /Users/cam/Documents/Projects/ultima-iv-web/vlc-thumbs/work/build/vlc-arm64/vlc_install_dir/lib/vlc/plugins/video_filter/libscale_plugin.la
libtool: install: /usr/local/bin/ginstall -c .libs/libscene_plugin.dylib /Users/cam/Documents/Projects/ultima-iv-web/vlc-thumbs/work/build/vlc-arm64/vlc_install_dir/lib/vlc/plugins/video_filter/libscene_plugin.dylib
libtool: install: /usr/local/bin/ginstall -c .libs/libscene_plugin.lai /Users/cam/Documents/Projects/ultima-iv-web/vlc-thumbs/work/build/vlc-arm64/vlc_install_dir/lib/vlc/plugins/video_filter/libscene_plugin.la
libtool: install: /usr/local/bin/ginstall -c .libs/libsepia_plugin.dylib /Users/cam/Documents/Projects/ultima-iv-web/vlc-thumbs/work/build/vlc-arm64/vlc_install_dir/lib/vlc/plugins/video_filter/libsepia_plugin.dylib
libtool: install: /usr/local/bin/ginstall -c .libs/libsepia_plugin.lai /Users/cam/Documents/Projects/ultima-iv-web/vlc-thumbs/work/build/vlc-arm64/vlc_install_dir/lib/vlc/plugins/video_filter/libsepia_plugin.la
libtool: install: /usr/local/bin/ginstall -c .libs/libsharpen_plugin.dylib /Users/cam/Documents/Projects/ultima-iv-web/vlc-thumbs/work/build/vlc-arm64/vlc_install_dir/lib/vlc/plugins/video_filter/libsharpen_plugin.dylib
libtool: install: /usr/local/bin/ginstall -c .libs/libsharpen_plugin.lai /Users/cam/Documents/Projects/ultima-iv-web/vlc-thumbs/work/build/vlc-arm64/vlc_install_dir/lib/vlc/plugins/video_filter/libsharpen_plugin.la
libtool: install: /usr/local/bin/ginstall -c .libs/libtransform_plugin.dylib /Users/cam/Documents/Projects/ultima-iv-web/vlc-thumbs/work/build/vlc-arm64/vlc_install_dir/lib/vlc/plugins/video_filter/libtransform_plugin.dylib
libtool: install: /usr/local/bin/ginstall -c .libs/libtransform_plugin.lai /Users/cam/Documents/Projects/ultima-iv-web/vlc-thumbs/work/build/vlc-arm64/vlc_install_dir/lib/vlc/plugins/video_filter/libtransform_plugin.la
libtool: install: /usr/local/bin/ginstall -c .libs/libwave_plugin.dylib /Users/cam/Documents/Projects/ultima-iv-web/vlc-thumbs/work/build/vlc-arm64/vlc_install_dir/lib/vlc/plugins/video_filter/libwave_plugin.dylib
libtool: install: /usr/local/bin/ginstall -c .libs/libwave_plugin.lai /Users/cam/Documents/Projects/ultima-iv-web/vlc-thumbs/work/build/vlc-arm64/vlc_install_dir/lib/vlc/plugins/video_filter/libwave_plugin.la
libtool: install: /usr/local/bin/ginstall -c .libs/libgradfun_plugin.dylib /Users/cam/Documents/Projects/ultima-iv-web/vlc-thumbs/work/build/vlc-arm64/vlc_install_dir/lib/vlc/plugins/video_filter/libgradfun_plugin.dylib
libtool: install: /usr/local/bin/ginstall -c .libs/libgradfun_plugin.lai /Users/cam/Documents/Projects/ultima-iv-web/vlc-thumbs/work/build/vlc-arm64/vlc_install_dir/lib/vlc/plugins/video_filter/libgradfun_plugin.la
libtool: install: /usr/local/bin/ginstall -c .libs/libantiflicker_plugin.dylib /Users/cam/Documents/Projects/ultima-iv-web/vlc-thumbs/work/build/vlc-arm64/vlc_install_dir/lib/vlc/plugins/video_filter/libantiflicker_plugin.dylib
libtool: install: /usr/local/bin/ginstall -c .libs/libantiflicker_plugin.lai /Users/cam/Documents/Projects/ultima-iv-web/vlc-thumbs/work/build/vlc-arm64/vlc_install_dir/lib/vlc/plugins/video_filter/libantiflicker_plugin.la
libtool: install: /usr/local/bin/ginstall -c .libs/libhqdn3d_plugin.dylib /Users/cam/Documents/Projects/ultima-iv-web/vlc-thumbs/work/build/vlc-arm64/vlc_install_dir/lib/vlc/plugins/video_filter/libhqdn3d_plugin.dylib
libtool: install: /usr/local/bin/ginstall -c .libs/libhqdn3d_plugin.lai /Users/cam/Documents/Projects/ultima-iv-web/vlc-thumbs/work/build/vlc-arm64/vlc_install_dir/lib/vlc/plugins/video_filter/libhqdn3d_plugin.la
libtool: install: /usr/local/bin/ginstall -c .libs/libanaglyph_plugin.dylib /Users/cam/Documents/Projects/ultima-iv-web/vlc-thumbs/work/build/vlc-arm64/vlc_install_dir/lib/vlc/plugins/video_filter/libanaglyph_plugin.dylib
libtool: install: /usr/local/bin/ginstall -c .libs/libanaglyph_plugin.lai /Users/cam/Documents/Projects/ultima-iv-web/vlc-thumbs/work/build/vlc-arm64/vlc_install_dir/lib/vlc/plugins/video_filter/libanaglyph_plugin.la
libtool: install: /usr/local/bin/ginstall -c .libs/liboldmovie_plugin.dylib /Users/cam/Documents/Projects/ultima-iv-web/vlc-thumbs/work/build/vlc-arm64/vlc_install_dir/lib/vlc/plugins/video_filter/liboldmovie_plugin.dylib
libtool: install: /usr/local/bin/ginstall -c .libs/liboldmovie_plugin.lai /Users/cam/Documents/Projects/ultima-iv-web/vlc-thumbs/work/build/vlc-arm64/vlc_install_dir/lib/vlc/plugins/video_filter/liboldmovie_plugin.la
libtool: install: /usr/local/bin/ginstall -c .libs/libvhs_plugin.dylib /Users/cam/Documents/Projects/ultima-iv-web/vlc-thumbs/work/build/vlc-arm64/vlc_install_dir/lib/vlc/plugins/video_filter/libvhs_plugin.dylib
libtool: install: /usr/local/bin/ginstall -c .libs/libvhs_plugin.lai /Users/cam/Documents/Projects/ultima-iv-web/vlc-thumbs/work/build/vlc-arm64/vlc_install_dir/lib/vlc/plugins/video_filter/libvhs_plugin.la
libtool: install: /usr/local/bin/ginstall -c .libs/libfps_plugin.dylib /Users/cam/Documents/Projects/ultima-iv-web/vlc-thumbs/work/build/vlc-arm64/vlc_install_dir/lib/vlc/plugins/video_filter/libfps_plugin.dylib
libtool: install: /usr/local/bin/ginstall -c .libs/libfps_plugin.lai /Users/cam/Documents/Projects/ultima-iv-web/vlc-thumbs/work/build/vlc-arm64/vlc_install_dir/lib/vlc/plugins/video_filter/libfps_plugin.la
libtool: install: /usr/local/bin/ginstall -c .libs/libfreeze_plugin.dylib /Users/cam/Documents/Projects/ultima-iv-web/vlc-thumbs/work/build/vlc-arm64/vlc_install_dir/lib/vlc/plugins/video_filter/libfreeze_plugin.dylib
libtool: install: /usr/local/bin/ginstall -c .libs/libfreeze_plugin.lai /Users/cam/Documents/Projects/ultima-iv-web/vlc-thumbs/work/build/vlc-arm64/vlc_install_dir/lib/vlc/plugins/video_filter/libfreeze_plugin.la
libtool: install: /usr/local/bin/ginstall -c .libs/libpuzzle_plugin.dylib /Users/cam/Documents/Projects/ultima-iv-web/vlc-thumbs/work/build/vlc-arm64/vlc_install_dir/lib/vlc/plugins/video_filter/libpuzzle_plugin.dylib
libtool: install: /usr/local/bin/ginstall -c .libs/libpuzzle_plugin.lai /Users/cam/Documents/Projects/ultima-iv-web/vlc-thumbs/work/build/vlc-arm64/vlc_install_dir/lib/vlc/plugins/video_filter/libpuzzle_plugin.la
libtool: install: /usr/local/bin/ginstall -c .libs/librotate_plugin.dylib /Users/cam/Documents/Projects/ultima-iv-web/vlc-thumbs/work/build/vlc-arm64/vlc_install_dir/lib/vlc/plugins/video_filter/librotate_plugin.dylib
libtool: install: /usr/local/bin/ginstall -c .libs/librotate_plugin.lai /Users/cam/Documents/Projects/ultima-iv-web/vlc-thumbs/work/build/vlc-arm64/vlc_install_dir/lib/vlc/plugins/video_filter/librotate_plugin.la
libtool: install: /usr/local/bin/ginstall -c .libs/libci_filters_plugin.dylib /Users/cam/Documents/Projects/ultima-iv-web/vlc-thumbs/work/build/vlc-arm64/vlc_install_dir/lib/vlc/plugins/video_filter/libci_filters_plugin.dylib
libtool: install: /usr/local/bin/ginstall -c .libs/libci_filters_plugin.lai /Users/cam/Documents/Projects/ultima-iv-web/vlc-thumbs/work/build/vlc-arm64/vlc_install_dir/lib/vlc/plugins/video_filter/libci_filters_plugin.la
libtool: install: /usr/local/bin/ginstall -c .libs/libdeinterlace_plugin.dylib /Users/cam/Documents/Projects/ultima-iv-web/vlc-thumbs/work/build/vlc-arm64/vlc_install_dir/lib/vlc/plugins/video_filter/libdeinterlace_plugin.dylib
libtool: install: /usr/local/bin/ginstall -c .libs/libdeinterlace_plugin.lai /Users/cam/Documents/Projects/ultima-iv-web/vlc-thumbs/work/build/vlc-arm64/vlc_install_dir/lib/vlc/plugins/video_filter/libdeinterlace_plugin.la
libtool: install: /usr/local/bin/ginstall -c .libs/libpostproc_plugin.dylib /Users/cam/Documents/Projects/ultima-iv-web/vlc-thumbs/work/build/vlc-arm64/vlc_install_dir/lib/vlc/plugins/video_filter/libpostproc_plugin.dylib
libtool: install: /usr/local/bin/ginstall -c .libs/libpostproc_plugin.lai /Users/cam/Documents/Projects/ultima-iv-web/vlc-thumbs/work/build/vlc-arm64/vlc_install_dir/lib/vlc/plugins/video_filter/libpostproc_plugin.la
libtool: install: /usr/local/bin/ginstall -c .libs/libblend_plugin.dylib /Users/cam/Documents/Projects/ultima-iv-web/vlc-thumbs/work/build/vlc-arm64/vlc_install_dir/lib/vlc/plugins/video_filter/libblend_plugin.dylib
libtool: install: /usr/local/bin/ginstall -c .libs/libblend_plugin.lai /Users/cam/Documents/Projects/ultima-iv-web/vlc-thumbs/work/build/vlc-arm64/vlc_install_dir/lib/vlc/plugins/video_filter/libblend_plugin.la
 /usr/local/bin/gmkdir -p '/Users/cam/Documents/Projects/ultima-iv-web/vlc-thumbs/work/build/vlc-arm64/vlc_install_dir/lib/vlc/plugins/visualization'
 ../doltlibtool   --mode=install /usr/local/bin/ginstall -c   libgoom_plugin.la libvisual_plugin.la '/Users/cam/Documents/Projects/ultima-iv-web/vlc-thumbs/work/build/vlc-arm64/vlc_install_dir/lib/vlc/plugins/visualization'
libtool: install: /usr/local/bin/ginstall -c .libs/libgoom_plugin.dylib /Users/cam/Documents/Projects/ultima-iv-web/vlc-thumbs/work/build/vlc-arm64/vlc_install_dir/lib/vlc/plugins/visualization/libgoom_plugin.dylib
libtool: install: /usr/local/bin/ginstall -c .libs/libgoom_plugin.lai /Users/cam/Documents/Projects/ultima-iv-web/vlc-thumbs/work/build/vlc-arm64/vlc_install_dir/lib/vlc/plugins/visualization/libgoom_plugin.la
libtool: install: /usr/local/bin/ginstall -c .libs/libvisual_plugin.dylib /Users/cam/Documents/Projects/ultima-iv-web/vlc-thumbs/work/build/vlc-arm64/vlc_install_dir/lib/vlc/plugins/visualization/libvisual_plugin.dylib
libtool: install: /usr/local/bin/ginstall -c .libs/libvisual_plugin.lai /Users/cam/Documents/Projects/ultima-iv-web/vlc-thumbs/work/build/vlc-arm64/vlc_install_dir/lib/vlc/plugins/visualization/libvisual_plugin.la
 /usr/local/bin/gmkdir -p '/Users/cam/Documents/Projects/ultima-iv-web/vlc-thumbs/work/build/vlc-arm64/vlc_install_dir/lib/vlc/plugins/video_output'
 ../doltlibtool   --mode=install /usr/local/bin/ginstall -c   libvout_macosx_plugin.la libcaopengllayer_plugin.la libglconv_cvpx_plugin.la libflaschen_plugin.la libvdummy_plugin.la libvmem_plugin.la libyuv_plugin.la '/Users/cam/Documents/Projects/ultima-iv-web/vlc-thumbs/work/build/vlc-arm64/vlc_install_dir/lib/vlc/plugins/video_output'
libtool: install: /usr/local/bin/ginstall -c .libs/libvout_macosx_plugin.dylib /Users/cam/Documents/Projects/ultima-iv-web/vlc-thumbs/work/build/vlc-arm64/vlc_install_dir/lib/vlc/plugins/video_output/libvout_macosx_plugin.dylib
libtool: install: /usr/local/bin/ginstall -c .libs/libvout_macosx_plugin.lai /Users/cam/Documents/Projects/ultima-iv-web/vlc-thumbs/work/build/vlc-arm64/vlc_install_dir/lib/vlc/plugins/video_output/libvout_macosx_plugin.la
libtool: install: /usr/local/bin/ginstall -c .libs/libcaopengllayer_plugin.dylib /Users/cam/Documents/Projects/ultima-iv-web/vlc-thumbs/work/build/vlc-arm64/vlc_install_dir/lib/vlc/plugins/video_output/libcaopengllayer_plugin.dylib
libtool: install: /usr/local/bin/ginstall -c .libs/libcaopengllayer_plugin.lai /Users/cam/Documents/Projects/ultima-iv-web/vlc-thumbs/work/build/vlc-arm64/vlc_install_dir/lib/vlc/plugins/video_output/libcaopengllayer_plugin.la
libtool: install: /usr/local/bin/ginstall -c .libs/libglconv_cvpx_plugin.dylib /Users/cam/Documents/Projects/ultima-iv-web/vlc-thumbs/work/build/vlc-arm64/vlc_install_dir/lib/vlc/plugins/video_output/libglconv_cvpx_plugin.dylib
libtool: install: /usr/local/bin/ginstall -c .libs/libglconv_cvpx_plugin.lai /Users/cam/Documents/Projects/ultima-iv-web/vlc-thumbs/work/build/vlc-arm64/vlc_install_dir/lib/vlc/plugins/video_output/libglconv_cvpx_plugin.la
libtool: install: /usr/local/bin/ginstall -c .libs/libflaschen_plugin.dylib /Users/cam/Documents/Projects/ultima-iv-web/vlc-thumbs/work/build/vlc-arm64/vlc_install_dir/lib/vlc/plugins/video_output/libflaschen_plugin.dylib
libtool: install: /usr/local/bin/ginstall -c .libs/libflaschen_plugin.lai /Users/cam/Documents/Projects/ultima-iv-web/vlc-thumbs/work/build/vlc-arm64/vlc_install_dir/lib/vlc/plugins/video_output/libflaschen_plugin.la
libtool: install: /usr/local/bin/ginstall -c .libs/libvdummy_plugin.dylib /Users/cam/Documents/Projects/ultima-iv-web/vlc-thumbs/work/build/vlc-arm64/vlc_install_dir/lib/vlc/plugins/video_output/libvdummy_plugin.dylib
libtool: install: /usr/local/bin/ginstall -c .libs/libvdummy_plugin.lai /Users/cam/Documents/Projects/ultima-iv-web/vlc-thumbs/work/build/vlc-arm64/vlc_install_dir/lib/vlc/plugins/video_output/libvdummy_plugin.la
libtool: install: /usr/local/bin/ginstall -c .libs/libvmem_plugin.dylib /Users/cam/Documents/Projects/ultima-iv-web/vlc-thumbs/work/build/vlc-arm64/vlc_install_dir/lib/vlc/plugins/video_output/libvmem_plugin.dylib
libtool: install: /usr/local/bin/ginstall -c .libs/libvmem_plugin.lai /Users/cam/Documents/Projects/ultima-iv-web/vlc-thumbs/work/build/vlc-arm64/vlc_install_dir/lib/vlc/plugins/video_output/libvmem_plugin.la
libtool: install: /usr/local/bin/ginstall -c .libs/libyuv_plugin.dylib /Users/cam/Documents/Projects/ultima-iv-web/vlc-thumbs/work/build/vlc-arm64/vlc_install_dir/lib/vlc/plugins/video_output/libyuv_plugin.dylib
libtool: install: /usr/local/bin/ginstall -c .libs/libyuv_plugin.lai /Users/cam/Documents/Projects/ultima-iv-web/vlc-thumbs/work/build/vlc-arm64/vlc_install_dir/lib/vlc/plugins/video_output/libyuv_plugin.la
Making install in lib
/Applications/Xcode.app/Contents/Developer/usr/bin/make  install-am
 /usr/local/bin/gmkdir -p '/Users/cam/Documents/Projects/ultima-iv-web/vlc-thumbs/work/build/vlc-arm64/vlc_install_dir/lib'
 ../doltlibtool   --mode=install /usr/local/bin/ginstall -c   libvlc.la '/Users/cam/Documents/Projects/ultima-iv-web/vlc-thumbs/work/build/vlc-arm64/vlc_install_dir/lib'
libtool: install: /usr/local/bin/ginstall -c .libs/libvlc.5.dylib /Users/cam/Documents/Projects/ultima-iv-web/vlc-thumbs/work/build/vlc-arm64/vlc_install_dir/lib/libvlc.5.dylib
libtool: install: (cd /Users/cam/Documents/Projects/ultima-iv-web/vlc-thumbs/work/build/vlc-arm64/vlc_install_dir/lib && { ln -s -f libvlc.5.dylib libvlc.dylib || { rm -f libvlc.dylib && ln -s libvlc.5.dylib libvlc.dylib; }; })
libtool: install: /usr/local/bin/ginstall -c .libs/libvlc.lai /Users/cam/Documents/Projects/ultima-iv-web/vlc-thumbs/work/build/vlc-arm64/vlc_install_dir/lib/libvlc.la
 /usr/local/bin/gmkdir -p '/Users/cam/Documents/Projects/ultima-iv-web/vlc-thumbs/work/build/vlc-arm64/vlc_install_dir/include/vlc'
 /usr/local/bin/ginstall -c -m 644 ../include/vlc/libvlc_version.h '/Users/cam/Documents/Projects/ultima-iv-web/vlc-thumbs/work/build/vlc-arm64/vlc_install_dir/include/vlc'
 /usr/local/bin/gmkdir -p '/Users/cam/Documents/Projects/ultima-iv-web/vlc-thumbs/work/build/vlc-arm64/vlc_install_dir/lib/pkgconfig'
 /usr/local/bin/ginstall -c -m 644 libvlc.pc '/Users/cam/Documents/Projects/ultima-iv-web/vlc-thumbs/work/build/vlc-arm64/vlc_install_dir/lib/pkgconfig'
 /usr/local/bin/gmkdir -p '/Users/cam/Documents/Projects/ultima-iv-web/vlc-thumbs/work/build/vlc-arm64/vlc_install_dir/include/vlc'
 /usr/local/bin/ginstall -c -m 644 /Users/cam/Documents/Projects/ultima-iv-web/vlc-thumbs/work/build/vlc-source/extras/package/macosx/../../../lib/../include/vlc/deprecated.h /Users/cam/Documents/Projects/ultima-iv-web/vlc-thumbs/work/build/vlc-source/extras/package/macosx/../../../lib/../include/vlc/libvlc.h /Users/cam/Documents/Projects/ultima-iv-web/vlc-thumbs/work/build/vlc-source/extras/package/macosx/../../../lib/../include/vlc/libvlc_dialog.h /Users/cam/Documents/Projects/ultima-iv-web/vlc-thumbs/work/build/vlc-source/extras/package/macosx/../../../lib/../include/vlc/libvlc_events.h /Users/cam/Documents/Projects/ultima-iv-web/vlc-thumbs/work/build/vlc-source/extras/package/macosx/../../../lib/../include/vlc/libvlc_media.h /Users/cam/Documents/Projects/ultima-iv-web/vlc-thumbs/work/build/vlc-source/extras/package/macosx/../../../lib/../include/vlc/libvlc_media_discoverer.h /Users/cam/Documents/Projects/ultima-iv-web/vlc-thumbs/work/build/vlc-source/extras/package/macosx/../../../lib/../include/vlc/libvlc_media_library.h /Users/cam/Documents/Projects/ultima-iv-web/vlc-thumbs/work/build/vlc-source/extras/package/macosx/../../../lib/../include/vlc/libvlc_media_list.h /Users/cam/Documents/Projects/ultima-iv-web/vlc-thumbs/work/build/vlc-source/extras/package/macosx/../../../lib/../include/vlc/libvlc_media_list_player.h /Users/cam/Documents/Projects/ultima-iv-web/vlc-thumbs/work/build/vlc-source/extras/package/macosx/../../../lib/../include/vlc/libvlc_media_player.h /Users/cam/Documents/Projects/ultima-iv-web/vlc-thumbs/work/build/vlc-source/extras/package/macosx/../../../lib/../include/vlc/libvlc_vlm.h /Users/cam/Documents/Projects/ultima-iv-web/vlc-thumbs/work/build/vlc-source/extras/package/macosx/../../../lib/../include/vlc/libvlc_renderer_discoverer.h /Users/cam/Documents/Projects/ultima-iv-web/vlc-thumbs/work/build/vlc-source/extras/package/macosx/../../../lib/../include/vlc/vlc.h '/Users/cam/Documents/Projects/ultima-iv-web/vlc-thumbs/work/build/vlc-arm64/vlc_install_dir/include/vlc'
Making install in bin
  GEN      ../modules/plugins.dat
 /usr/local/bin/gmkdir -p '/Users/cam/Documents/Projects/ultima-iv-web/vlc-thumbs/work/build/vlc-arm64/vlc_install_dir/bin'
  ../doltlibtool   --mode=install /usr/local/bin/ginstall -c vlc-osx vlc-wrapper '/Users/cam/Documents/Projects/ultima-iv-web/vlc-thumbs/work/build/vlc-arm64/vlc_install_dir/bin'
libtool: install: /usr/local/bin/ginstall -c .libs/vlc-osx /Users/cam/Documents/Projects/ultima-iv-web/vlc-thumbs/work/build/vlc-arm64/vlc_install_dir/bin/vlc-osx
libtool: install: /usr/local/bin/ginstall -c vlc-wrapper /Users/cam/Documents/Projects/ultima-iv-web/vlc-thumbs/work/build/vlc-arm64/vlc_install_dir/bin/vlc-wrapper
cd /Users/cam/Documents/Projects/ultima-iv-web/vlc-thumbs/work/build/vlc-arm64/vlc_install_dir/bin; mv vlc-osx vlc
 /usr/local/bin/gmkdir -p '/Users/cam/Documents/Projects/ultima-iv-web/vlc-thumbs/work/build/vlc-arm64/vlc_install_dir/lib/vlc'
  ../doltlibtool   --mode=install /usr/local/bin/ginstall -c vlc-cache-gen '/Users/cam/Documents/Projects/ultima-iv-web/vlc-thumbs/work/build/vlc-arm64/vlc_install_dir/lib/vlc'
libtool: install: /usr/local/bin/ginstall -c .libs/vlc-cache-gen /Users/cam/Documents/Projects/ultima-iv-web/vlc-thumbs/work/build/vlc-arm64/vlc_install_dir/lib/vlc/vlc-cache-gen
Making install in test
make[3]: Nothing to be done for `install-exec-am'.
make[3]: Nothing to be done for `install-data-am'.
/usr/local/bin/gmkdir -p ./bin/Contents/Resources/
ln -s -nf /Users/cam/Documents/Projects/ultima-iv-web/vlc-thumbs/work/build/vlc-arm64/modules/gui/macosx/UI ./bin/Contents/Resources/Base.lproj
ln -s -nf /Users/cam/Documents/Projects/ultima-iv-web/vlc-thumbs/work/build/vlc-arm64/share/macosx/Info.plist ./bin/Contents/Info.plist
ln -s -nf /Users/cam/Documents/Projects/ultima-iv-web/vlc-thumbs/work/build/vlc-source/contrib/aarch64-apple-darwin27/Frameworks
cd ./bin/Contents/Resources/ && find /Users/cam/Documents/Projects/ultima-iv-web/vlc-thumbs/work/build/vlc-source/extras/package/macosx/../../../modules/gui/macosx/Resources/ -type f -not -path "*.lproj/*" -exec ln -s -f {} \;
 /usr/local/bin/gmkdir -p '/Users/cam/Documents/Projects/ultima-iv-web/vlc-thumbs/work/build/vlc-arm64/vlc_install_dir/bin'
 /usr/local/bin/ginstall -c cvlc rvlc nvlc '/Users/cam/Documents/Projects/ultima-iv-web/vlc-thumbs/work/build/vlc-arm64/vlc_install_dir/bin'
/Applications/Xcode.app/Contents/Developer/usr/bin/make  install-exec-hook
if test "aarch64-apple-darwin27" = "aarch64-apple-darwin27"; then \
		PATH="/Users/cam/Documents/Projects/ultima-iv-web/vlc-thumbs/work/build/vlc-arm64/vlc_install_dir/bin:$PATH" \
		LD_LIBRARY_PATH="/Users/cam/Documents/Projects/ultima-iv-web/vlc-thumbs/work/build/vlc-arm64/vlc_install_dir/lib:$LD_LIBRARY_PATH" \
		DYLD_LIBRARY_PATH="/Users/cam/Documents/Projects/ultima-iv-web/vlc-thumbs/work/build/vlc-arm64/vlc_install_dir/lib:$DYLD_LIBRARY_PATH" \
		"/Users/cam/Documents/Projects/ultima-iv-web/vlc-thumbs/work/build/vlc-arm64/vlc_install_dir/lib/vlc/vlc-cache-gen" \
			 "/Users/cam/Documents/Projects/ultima-iv-web/vlc-thumbs/work/build/vlc-arm64/vlc_install_dir/lib/vlc/plugins" ; \
	else \
		echo "Cross-compilation: cache generation skipped!" ; \
	fi
make[3]: Nothing to be done for `install-data-am'.
rm -Rf VLC.app
cp -R /Users/cam/Documents/Projects/ultima-iv-web/vlc-thumbs/work/build/vlc-arm64/vlc_install_dir/share/macosx/ VLC.app
cp -R "/Users/cam/Documents/Projects/ultima-iv-web/vlc-thumbs/work/build/vlc-source/extras/package/macosx/../../../modules/gui/macosx/Resources/"*.lproj VLC.app/Contents/Resources/
cp -R "./modules/gui/macosx/UI/." VLC.app/Contents/Resources/English.lproj/
cp -R ./share/macosx/Info.plist VLC.app/Contents/
xcrun plutil -convert binary1 VLC.app/Contents/Info.plist
mkdir -p VLC.app/Contents/Frameworks
mkdir -p VLC.app/Contents/MacOS/share/
cp -r "/Users/cam/Documents/Projects/ultima-iv-web/vlc-thumbs/work/build/vlc-arm64/vlc_install_dir/share/vlc/lua" VLC.app/Contents/MacOS/share/
cp -r "/Users/cam/Documents/Projects/ultima-iv-web/vlc-thumbs/work/build/vlc-arm64/vlc_install_dir/lib/vlc/lua" VLC.app/Contents/MacOS/share/
cp -r /Users/cam/Documents/Projects/ultima-iv-web/vlc-thumbs/work/build/vlc-source/extras/package/macosx/../../../share/hrtfs VLC.app/Contents/MacOS/share/
mkdir -p VLC.app/Contents/MacOS/include/
(cd "/Users/cam/Documents/Projects/ultima-iv-web/vlc-thumbs/work/build/vlc-arm64/vlc_install_dir/include" && ${TAR-tar} -c --exclude "plugins" vlc) | ${TAR-tar} -x -C VLC.app/Contents/MacOS/include/
cp -r "/Users/cam/Documents/Projects/ultima-iv-web/vlc-thumbs/work/build/vlc-arm64/vlc_install_dir/share/locale" VLC.app/Contents/MacOS/share/
printf "APPLVLC#" >| VLC.app/Contents/PkgInfo
mkdir -p VLC.app/Contents/MacOS/lib
find /Users/cam/Documents/Projects/ultima-iv-web/vlc-thumbs/work/build/vlc-arm64/vlc_install_dir/lib -name 'libvlc*.dylib' -maxdepth 1 -exec cp -a {} VLC.app/Contents/MacOS/lib \;
if test "aarch64" = "x86_64"; then \
		find VLC.app/Contents/MacOS/lib -name 'libvlccore*.dylib' -maxdepth 1 -type f -exec install_name_tool -change /System/Library/Frameworks/CFNetwork.framework/Versions/A/CFNetwork /System/Library/Frameworks/CoreServices.framework/Versions/A/CoreServices {} \; ; \
	fi
mkdir -p VLC.app/Contents/MacOS/plugins
find /Users/cam/Documents/Projects/ultima-iv-web/vlc-thumbs/work/build/vlc-arm64/vlc_install_dir/lib/vlc/plugins -name 'lib*_plugin.dylib' -maxdepth 3 -exec cp -a {} VLC.app/Contents/MacOS/plugins \;
find "/Users/cam/Documents/Projects/ultima-iv-web/vlc-thumbs/work/build/vlc-source/contrib/aarch64-apple-darwin27/share/java/" -name 'libbluray*.jar' -maxdepth 1 -exec cp -a {} VLC.app/Contents/MacOS/plugins \; || true
cp /Users/cam/Documents/Projects/ultima-iv-web/vlc-thumbs/work/build/vlc-arm64/vlc_install_dir/bin/vlc VLC.app/Contents/MacOS/VLC
if test "aarch64-apple-darwin27" = "aarch64-apple-darwin27"; then \
		bin/vlc-cache-gen VLC.app/Contents/MacOS/plugins ; \
	else \
		echo "Cross-compilation: cache generation skipped!" ; \
	fi
find VLC.app -type d -exec chmod ugo+rx '{}' \;
find VLC.app -type f -exec chmod ugo+r '{}' \;
/Users/cam/Documents/Projects/ultima-iv-web/vlc-thumbs/work/build/vlc-source/extras/package/macosx/../../../extras/package/macosx/codesign.sh -i -
[[1;32mcodesign[0m] Cleaning frameworks
[[1;32mcodesign[0m] Signing frameworks
[[1;32mcodesign[0m] Signing the framework headers
[[1;32mcodesign[0m] Signing the framework strings
[[1;32mcodesign[0m] Signing the framework plist files
[[1;32mcodesign[0m] Signing the framework nib files
[[1;32mcodesign[0m] Signing the headers
VLC.app/Contents/MacOS/include/vlc/libvlc_dialog.h: signed generic [libvlc_dialog-bc93d12b461f11193cee02e495f59bd57efc5e07]
VLC.app/Contents/MacOS/include/vlc/libvlc_renderer_discoverer.h: signed generic [libvlc_renderer_discoverer-54e54076a51d6133e84c689bfe3441fb0d7a86fa]
VLC.app/Contents/MacOS/include/vlc/libvlc_media.h: signed generic [libvlc_media-54a94b2a8280657582828e4648d1ec6e955fe6b8]
VLC.app/Contents/MacOS/include/vlc/libvlc_media_list_player.h: signed generic [libvlc_media_list_player-50a39d2de5630bfd03fe7bdc5a4b0c98522433a6]
VLC.app/Contents/MacOS/include/vlc/libvlc_media_player.h: signed generic [libvlc_media_player-1379d50df2f23f0b8c1ece4bc43437fd8cfe9db7]
VLC.app/Contents/MacOS/include/vlc/libvlc_events.h: signed generic [libvlc_events-f9b6454456be06d816d7bed6c0c1c5fbd7ead3ec]
VLC.app/Contents/MacOS/include/vlc/vlc.h: signed generic [vlc-c1f43dca6f3969369f1113930970e67950e74381]
VLC.app/Contents/MacOS/include/vlc/libvlc_media_discoverer.h: signed generic [libvlc_media_discoverer-9fd4eac9a30db723b9f5a99f3083919ee1331dbf]
VLC.app/Contents/MacOS/include/vlc/deprecated.h: signed generic [deprecated-fbdd08c10fd275696279e8b45156bd24ac981d4b]
VLC.app/Contents/MacOS/include/vlc/libvlc.h: signed generic [libvlc-00a0584d28a3f78b10d821e3599ebeabfe77c184]
VLC.app/Contents/MacOS/include/vlc/libvlc_media_list.h: signed generic [libvlc_media_list-b6da544292c24448e0c538688ca4b5c4056e95f8]
VLC.app/Contents/MacOS/include/vlc/libvlc_version.h: signed generic [libvlc_version-51609efe091cdaaabd603e0238cd0d679885a1c3]
VLC.app/Contents/MacOS/include/vlc/libvlc_vlm.h: signed generic [libvlc_vlm-626aa2f056c2ce172334eef60d6dbc0c9055b043]
VLC.app/Contents/MacOS/include/vlc/libvlc_media_library.h: signed generic [libvlc_media_library-a4364894c87c0bdf7aa461e8941a7532cc5b541a]
[[1;32mcodesign[0m] Signing the modules
VLC.app/Contents/MacOS/plugins/libtospdif_plugin.dylib: replacing existing signature
VLC.app/Contents/MacOS/plugins/libtospdif_plugin.dylib: signed Mach-O thin (arm64) [libtospdif_plugin-555549447c1a80939c46318ba48b289c615c3858]
VLC.app/Contents/MacOS/plugins/libddummy_plugin.dylib: replacing existing signature
VLC.app/Contents/MacOS/plugins/libddummy_plugin.dylib: signed Mach-O thin (arm64) [libddummy_plugin-555549447e72f6c43d2e310896792b1974555be4]
VLC.app/Contents/MacOS/plugins/libtaglib_plugin.dylib: replacing existing signature
VLC.app/Contents/MacOS/plugins/libtaglib_plugin.dylib: signed Mach-O thin (arm64) [libtaglib_plugin-5555494461bf4e09ae9c3bcf91941953bd11029e]
VLC.app/Contents/MacOS/plugins/liblibass_plugin.dylib: replacing existing signature
VLC.app/Contents/MacOS/plugins/liblibass_plugin.dylib: signed Mach-O thin (arm64) [liblibass_plugin-55554944ffd1b006621a3db997fae9a745fd3ccf]
VLC.app/Contents/MacOS/plugins/libspeex_plugin.dylib: replacing existing signature
VLC.app/Contents/MacOS/plugins/libspeex_plugin.dylib: signed Mach-O thin (arm64) [libspeex_plugin-55554944e793022128fa3d3a91e0fa11be13b2c7]
VLC.app/Contents/MacOS/plugins/libi420_rgb_plugin.dylib: replacing existing signature
VLC.app/Contents/MacOS/plugins/libi420_rgb_plugin.dylib: signed Mach-O thin (arm64) [libi420_rgb_plugin-555549445f14674c27073afe9987093c212f9bd2]
VLC.app/Contents/MacOS/plugins/libmarq_plugin.dylib: replacing existing signature
VLC.app/Contents/MacOS/plugins/libmarq_plugin.dylib: signed Mach-O thin (arm64) [libmarq_plugin-5555494457a6c814462436b3ad46cca761a83390]
VLC.app/Contents/MacOS/plugins/libugly_resampler_plugin.dylib: replacing existing signature
VLC.app/Contents/MacOS/plugins/libugly_resampler_plugin.dylib: signed Mach-O thin (arm64) [libugly_resampler_plugin-5555494470ab8b79a39d37feb2cf5bb7ccd9ab05]
VLC.app/Contents/MacOS/plugins/librawvideo_plugin.dylib: replacing existing signature
VLC.app/Contents/MacOS/plugins/librawvideo_plugin.dylib: signed Mach-O thin (arm64) [librawvideo_plugin-55554944355f857e96b93641a71ac169cf3f52bb]
VLC.app/Contents/MacOS/plugins/libfreetype_plugin.dylib: replacing existing signature
VLC.app/Contents/MacOS/plugins/libfreetype_plugin.dylib: signed Mach-O thin (arm64) [libfreetype_plugin-555549444e13a201d38a331d94458b4458fdad1f]
VLC.app/Contents/MacOS/plugins/libscreen_plugin.dylib: replacing existing signature
VLC.app/Contents/MacOS/plugins/libscreen_plugin.dylib: signed Mach-O thin (arm64) [libscreen_plugin-5555494458d4a5610b043311963758aa6855bef4]
VLC.app/Contents/MacOS/plugins/libadummy_plugin.dylib: replacing existing signature
VLC.app/Contents/MacOS/plugins/libadummy_plugin.dylib: signed Mach-O thin (arm64) [libadummy_plugin-55554944bea0fad0683e3b17bbc7f672150a154c]
VLC.app/Contents/MacOS/plugins/libmosaic_plugin.dylib: replacing existing signature
VLC.app/Contents/MacOS/plugins/libmosaic_plugin.dylib: signed Mach-O thin (arm64) [libmosaic_plugin-55554944f5307d954a283b61be32e69b196d31a4]
VLC.app/Contents/MacOS/plugins/libaccess_concat_plugin.dylib: replacing existing signature
VLC.app/Contents/MacOS/plugins/libaccess_concat_plugin.dylib: signed Mach-O thin (arm64) [libaccess_concat_plugin-55554944b0eeabfbf11634ca9e04fbced8f295fd]
VLC.app/Contents/MacOS/plugins/libasf_plugin.dylib: replacing existing signature
VLC.app/Contents/MacOS/plugins/libasf_plugin.dylib: signed Mach-O thin (arm64) [libasf_plugin-555549440e2f04add71e395fb27bf0e39095978d]
VLC.app/Contents/MacOS/plugins/libpng_plugin.dylib: replacing existing signature
VLC.app/Contents/MacOS/plugins/libpng_plugin.dylib: signed Mach-O thin (arm64) [libpng_plugin-55554944ab1ec003f4163b19ae42216da3fc148f]
VLC.app/Contents/MacOS/plugins/libaom_plugin.dylib: replacing existing signature
VLC.app/Contents/MacOS/plugins/libaom_plugin.dylib: signed Mach-O thin (arm64) [libaom_plugin-5555494405387a901d363a4fbfe5424e70591ac9]
VLC.app/Contents/MacOS/plugins/libstream_out_autodel_plugin.dylib: replacing existing signature
VLC.app/Contents/MacOS/plugins/libstream_out_autodel_plugin.dylib: signed Mach-O thin (arm64) [libstream_out_autodel_plugin-55554944c41770bbd8293bb9a65311ac5c3857db]
VLC.app/Contents/MacOS/plugins/libpsychedelic_plugin.dylib: replacing existing signature
VLC.app/Contents/MacOS/plugins/libpsychedelic_plugin.dylib: signed Mach-O thin (arm64) [libpsychedelic_plugin-55554944721c8859b1a030868db5d2001511b45b]
VLC.app/Contents/MacOS/plugins/libdolby_surround_decoder_plugin.dylib: replacing existing signature
VLC.app/Contents/MacOS/plugins/libdolby_surround_decoder_plugin.dylib: signed Mach-O thin (arm64) [libdolby_surround_decoder_plugin-55554944d03ea1534cbd3662b2605e03ecde33c1]
VLC.app/Contents/MacOS/plugins/libequalizer_plugin.dylib: replacing existing signature
VLC.app/Contents/MacOS/plugins/libequalizer_plugin.dylib: signed Mach-O thin (arm64) [libequalizer_plugin-555549443c948b2bb48d389a96ad519e876b3e7d]
VLC.app/Contents/MacOS/plugins/libmux_ps_plugin.dylib: replacing existing signature
VLC.app/Contents/MacOS/plugins/libmux_ps_plugin.dylib: signed Mach-O thin (arm64) [libmux_ps_plugin-555549449ea39ed58de431deb966d580466ee5fb]
VLC.app/Contents/MacOS/plugins/libi420_10_p010_plugin.dylib: replacing existing signature
VLC.app/Contents/MacOS/plugins/libi420_10_p010_plugin.dylib: signed Mach-O thin (arm64) [libi420_10_p010_plugin-5555494458e07113e81d363a95d623f6fb8134bc]
VLC.app/Contents/MacOS/plugins/libaes3_plugin.dylib: replacing existing signature
VLC.app/Contents/MacOS/plugins/libaes3_plugin.dylib: signed Mach-O thin (arm64) [libaes3_plugin-555549448e193e33959437999d87bd7a07b37f57]
VLC.app/Contents/MacOS/plugins/libnormvol_plugin.dylib: replacing existing signature
VLC.app/Contents/MacOS/plugins/libnormvol_plugin.dylib: signed Mach-O thin (arm64) [libnormvol_plugin-55554944cc94d5b0edc03cfb930ec1294b4c892e]
VLC.app/Contents/MacOS/plugins/libstream_out_dummy_plugin.dylib: replacing existing signature
VLC.app/Contents/MacOS/plugins/libstream_out_dummy_plugin.dylib: signed Mach-O thin (arm64) [libstream_out_dummy_plugin-5555494434c3748d2adc35b4894919492e351d42]
VLC.app/Contents/MacOS/plugins/libscaletempo_pitch_plugin.dylib: replacing existing signature
VLC.app/Contents/MacOS/plugins/libscaletempo_pitch_plugin.dylib: signed Mach-O thin (arm64) [libscaletempo_pitch_plugin-5555494450c14fc94dd138999f4fb04f98018e25]
VLC.app/Contents/MacOS/plugins/libinteger_mixer_plugin.dylib: replacing existing signature
VLC.app/Contents/MacOS/plugins/libinteger_mixer_plugin.dylib: signed Mach-O thin (arm64) [libinteger_mixer_plugin-5555494483d431dc63613958b59790221d630b8b]
VLC.app/Contents/MacOS/plugins/libxa_plugin.dylib: replacing existing signature
VLC.app/Contents/MacOS/plugins/libxa_plugin.dylib: signed Mach-O thin (arm64) [libxa_plugin-5555494441fc0fc2fa2e36cbaf8df507947bbf6e]
VLC.app/Contents/MacOS/plugins/libaccess_srt_plugin.dylib: replacing existing signature
VLC.app/Contents/MacOS/plugins/libaccess_srt_plugin.dylib: signed Mach-O thin (arm64) [libaccess_srt_plugin-55554944b1dc0da8798131bc99238dadc237b506]
VLC.app/Contents/MacOS/plugins/libi420_yuy2_plugin.dylib: replacing existing signature
VLC.app/Contents/MacOS/plugins/libi420_yuy2_plugin.dylib: signed Mach-O thin (arm64) [libi420_yuy2_plugin-5555494439aeb9451df733ba99b1c22da81f2bab]
VLC.app/Contents/MacOS/plugins/libvideotoolbox_plugin.dylib: replacing existing signature
VLC.app/Contents/MacOS/plugins/libvideotoolbox_plugin.dylib: signed Mach-O thin (arm64) [libvideotoolbox_plugin-55554944f0eb8a4b11fd3b478e616869e6749c28]
VLC.app/Contents/MacOS/plugins/libcroppadd_plugin.dylib: replacing existing signature
VLC.app/Contents/MacOS/plugins/libcroppadd_plugin.dylib: signed Mach-O thin (arm64) [libcroppadd_plugin-555549448393e35a9a713a27a760fbd6b22afcad]
VLC.app/Contents/MacOS/plugins/libvoc_plugin.dylib: replacing existing signature
VLC.app/Contents/MacOS/plugins/libvoc_plugin.dylib: signed Mach-O thin (arm64) [libvoc_plugin-555549444064d609b66735b0ac0bde7043fec7d3]
VLC.app/Contents/MacOS/plugins/libscte27_plugin.dylib: replacing existing signature
VLC.app/Contents/MacOS/plugins/libscte27_plugin.dylib: signed Mach-O thin (arm64) [libscte27_plugin-55554944d719389de9d33cfb89b38ceed9157dfc]
VLC.app/Contents/MacOS/plugins/libnoseek_plugin.dylib: replacing existing signature
VLC.app/Contents/MacOS/plugins/libnoseek_plugin.dylib: signed Mach-O thin (arm64) [libnoseek_plugin-55554944f1953161e41d3a94980acefc1776718a]
VLC.app/Contents/MacOS/plugins/libaccess_output_file_plugin.dylib: replacing existing signature
VLC.app/Contents/MacOS/plugins/libaccess_output_file_plugin.dylib: signed Mach-O thin (arm64) [libaccess_output_file_plugin-555549444aaa6f67cb683b25b0b89d767a3bfaf7]
VLC.app/Contents/MacOS/plugins/libvout_macosx_plugin.dylib: replacing existing signature
VLC.app/Contents/MacOS/plugins/libvout_macosx_plugin.dylib: signed Mach-O thin (arm64) [libvout_macosx_plugin-555549445759d61a77d53aa1b16809263faaf4ec]
VLC.app/Contents/MacOS/plugins/libstream_out_gather_plugin.dylib: replacing existing signature
VLC.app/Contents/MacOS/plugins/libstream_out_gather_plugin.dylib: signed Mach-O thin (arm64) [libstream_out_gather_plugin-5555494462caad7a874436b7b315f3e7e5b70f3b]
VLC.app/Contents/MacOS/plugins/libflaschen_plugin.dylib: replacing existing signature
VLC.app/Contents/MacOS/plugins/libflaschen_plugin.dylib: signed Mach-O thin (arm64) [libflaschen_plugin-5555494427b8d1509b363248be28304f233f194f]
VLC.app/Contents/MacOS/plugins/libmux_ts_plugin.dylib: replacing existing signature
VLC.app/Contents/MacOS/plugins/libmux_ts_plugin.dylib: signed Mach-O thin (arm64) [libmux_ts_plugin-55554944c016ea7917cc3e4696d9bd2157f146a9]
VLC.app/Contents/MacOS/plugins/libavcodec_plugin.dylib: replacing existing signature
VLC.app/Contents/MacOS/plugins/libavcodec_plugin.dylib: signed Mach-O thin (arm64) [libavcodec_plugin-5555494486dc97c6d80a32418b6a7eaf0bbd603f]
VLC.app/Contents/MacOS/plugins/libedgedetection_plugin.dylib: replacing existing signature
VLC.app/Contents/MacOS/plugins/libedgedetection_plugin.dylib: signed Mach-O thin (arm64) [libedgedetection_plugin-55554944936bd88389b53eba816414d1827410cc]
VLC.app/Contents/MacOS/plugins/libaddonsvorepository_plugin.dylib: replacing existing signature
VLC.app/Contents/MacOS/plugins/libaddonsvorepository_plugin.dylib: signed Mach-O thin (arm64) [libaddonsvorepository_plugin-55554944d021520767c4373d8717166b5279d927]
VLC.app/Contents/MacOS/plugins/libcaopengllayer_plugin.dylib: replacing existing signature
VLC.app/Contents/MacOS/plugins/libcaopengllayer_plugin.dylib: signed Mach-O thin (arm64) [libcaopengllayer_plugin-555549440a2fcc85091d3a4aa3ef0d89ab588058]
VLC.app/Contents/MacOS/plugins/libedummy_plugin.dylib: replacing existing signature
VLC.app/Contents/MacOS/plugins/libedummy_plugin.dylib: signed Mach-O thin (arm64) [libedummy_plugin-55554944dc990d10b89231ba81a1cc67751349d4]
VLC.app/Contents/MacOS/plugins/libbonjour_plugin.dylib: replacing existing signature
VLC.app/Contents/MacOS/plugins/libbonjour_plugin.dylib: signed Mach-O thin (arm64) [libbonjour_plugin-555549443203b814f7bf3282b52e53f9ae57c404]
VLC.app/Contents/MacOS/plugins/libpacketizer_av1_plugin.dylib: replacing existing signature
VLC.app/Contents/MacOS/plugins/libpacketizer_av1_plugin.dylib: signed Mach-O thin (arm64) [libpacketizer_av1_plugin-5555494445eff05ebb6f38f4921981ae152b8024]
VLC.app/Contents/MacOS/plugins/libcache_read_plugin.dylib: replacing existing signature
VLC.app/Contents/MacOS/plugins/libcache_read_plugin.dylib: signed Mach-O thin (arm64) [libcache_read_plugin-55554944a8969a36391a35b7a88bfefe49359d1d]
VLC.app/Contents/MacOS/plugins/libblendbench_plugin.dylib: replacing existing signature
VLC.app/Contents/MacOS/plugins/libblendbench_plugin.dylib: signed Mach-O thin (arm64) [libblendbench_plugin-55554944ae313e7e01ef3d33b6a211079f9c9a7d]
VLC.app/Contents/MacOS/plugins/libinvert_plugin.dylib: replacing existing signature
VLC.app/Contents/MacOS/plugins/libinvert_plugin.dylib: signed Mach-O thin (arm64) [libinvert_plugin-555549440d60ab658101396595cf70f71883373a]
VLC.app/Contents/MacOS/plugins/libvc1_plugin.dylib: replacing existing signature
VLC.app/Contents/MacOS/plugins/libvc1_plugin.dylib: signed Mach-O thin (arm64) [libvc1_plugin-5555494466131c845f2d36869c71e82c8e4814d5]
VLC.app/Contents/MacOS/plugins/libdcp_plugin.dylib: replacing existing signature
VLC.app/Contents/MacOS/plugins/libdcp_plugin.dylib: signed Mach-O thin (arm64) [libdcp_plugin-55554944087a71c3bbe63d3f94a7278e4cf3799f]
VLC.app/Contents/MacOS/plugins/libfolder_plugin.dylib: replacing existing signature
VLC.app/Contents/MacOS/plugins/libfolder_plugin.dylib: signed Mach-O thin (arm64) [libfolder_plugin-555549449c3c2f5182f233d2bfb8206e5e3c7c7d]
VLC.app/Contents/MacOS/plugins/libstream_out_record_plugin.dylib: replacing existing signature
VLC.app/Contents/MacOS/plugins/libstream_out_record_plugin.dylib: signed Mach-O thin (arm64) [libstream_out_record_plugin-555549443239bdeee4e63e3ea97a6b3d475d5b34]
VLC.app/Contents/MacOS/plugins/libpacketizer_mlp_plugin.dylib: replacing existing signature
VLC.app/Contents/MacOS/plugins/libpacketizer_mlp_plugin.dylib: signed Mach-O thin (arm64) [libpacketizer_mlp_plugin-555549440d8d164fe4cf3767859196565695b16c]
VLC.app/Contents/MacOS/plugins/libavcapture_plugin.dylib: replacing existing signature
VLC.app/Contents/MacOS/plugins/libavcapture_plugin.dylib: signed Mach-O thin (arm64) [libavcapture_plugin-55554944deff57dab27f39d3b14d6e2f72a7f6a7]
VLC.app/Contents/MacOS/plugins/libvdr_plugin.dylib: replacing existing signature
VLC.app/Contents/MacOS/plugins/libvdr_plugin.dylib: signed Mach-O thin (arm64) [libvdr_plugin-555549442a727451e4c13295aba1e60d0753fa4a]
VLC.app/Contents/MacOS/plugins/libfaad_plugin.dylib: replacing existing signature
VLC.app/Contents/MacOS/plugins/libfaad_plugin.dylib: signed Mach-O thin (arm64) [libfaad_plugin-55554944e4f7216d79fc3eef85fa21fc77728ab1]
VLC.app/Contents/MacOS/plugins/libdecomp_plugin.dylib: replacing existing signature
VLC.app/Contents/MacOS/plugins/libdecomp_plugin.dylib: signed Mach-O thin (arm64) [libdecomp_plugin-55554944e520aef80f8e3ba48171aff26bad740e]
VLC.app/Contents/MacOS/plugins/libvobsub_plugin.dylib: replacing existing signature
VLC.app/Contents/MacOS/plugins/libvobsub_plugin.dylib: signed Mach-O thin (arm64) [libvobsub_plugin-555549440e81a8fab82e32fbb321aacf8ee2e62c]
VLC.app/Contents/MacOS/plugins/libsecuretransport_plugin.dylib: replacing existing signature
VLC.app/Contents/MacOS/plugins/libsecuretransport_plugin.dylib: signed Mach-O thin (arm64) [libsecuretransport_plugin-555549444e97f65ab5ff3bd3865648e6632a394b]
VLC.app/Contents/MacOS/plugins/libfreeze_plugin.dylib: replacing existing signature
VLC.app/Contents/MacOS/plugins/libfreeze_plugin.dylib: signed Mach-O thin (arm64) [libfreeze_plugin-55554944724025d157f333dcb51b80133ffa3ef8]
VLC.app/Contents/MacOS/plugins/libpacketizer_copy_plugin.dylib: replacing existing signature
VLC.app/Contents/MacOS/plugins/libpacketizer_copy_plugin.dylib: signed Mach-O thin (arm64) [libpacketizer_copy_plugin-55554944788da62f2aa235309d21f93df77060e3]
VLC.app/Contents/MacOS/plugins/libscene_plugin.dylib: replacing existing signature
VLC.app/Contents/MacOS/plugins/libscene_plugin.dylib: signed Mach-O thin (arm64) [libscene_plugin-555549449ad84ff0313c307985ec157919d44b42]
VLC.app/Contents/MacOS/plugins/libupnp_plugin.dylib: replacing existing signature
VLC.app/Contents/MacOS/plugins/libupnp_plugin.dylib: signed Mach-O thin (arm64) [libupnp_plugin-55554944884c974b77ab316e88a03287bd397e10]
VLC.app/Contents/MacOS/plugins/libposterize_plugin.dylib: replacing existing signature
VLC.app/Contents/MacOS/plugins/libposterize_plugin.dylib: signed Mach-O thin (arm64) [libposterize_plugin-55554944d16dd480ad103f76aac81d35ead1536d]
VLC.app/Contents/MacOS/plugins/libsubsdec_plugin.dylib: replacing existing signature
VLC.app/Contents/MacOS/plugins/libsubsdec_plugin.dylib: signed Mach-O thin (arm64) [libsubsdec_plugin-55554944e7b1d86a8ebc3244b0cdf0ae5972eafb]
VLC.app/Contents/MacOS/plugins/libgestures_plugin.dylib: replacing existing signature
VLC.app/Contents/MacOS/plugins/libgestures_plugin.dylib: signed Mach-O thin (arm64) [libgestures_plugin-5555494484ab7faa060b3547861e41d263b63e5b]
VLC.app/Contents/MacOS/plugins/libgnutls_plugin.dylib: replacing existing signature
VLC.app/Contents/MacOS/plugins/libgnutls_plugin.dylib: signed Mach-O thin (arm64) [libgnutls_plugin-555549443697ac51edb43436975d5c07e135f867]
VLC.app/Contents/MacOS/plugins/libstream_out_transcode_plugin.dylib: replacing existing signature
VLC.app/Contents/MacOS/plugins/libstream_out_transcode_plugin.dylib: signed Mach-O thin (arm64) [libstream_out_transcode_plugin-55554944e747bfac12413bf0bd782a56d78ec480]
VLC.app/Contents/MacOS/plugins/libimage_plugin.dylib: replacing existing signature
VLC.app/Contents/MacOS/plugins/libimage_plugin.dylib: signed Mach-O thin (arm64) [libimage_plugin-555549448b30abf9e5e23079a871e62005137916]
VLC.app/Contents/MacOS/plugins/libvmem_plugin.dylib: replacing existing signature
VLC.app/Contents/MacOS/plugins/libvmem_plugin.dylib: signed Mach-O thin (arm64) [libvmem_plugin-55554944b40f230a53f2366cab73d416aac9596e]
VLC.app/Contents/MacOS/plugins/libstream_out_stats_plugin.dylib: replacing existing signature
VLC.app/Contents/MacOS/plugins/libstream_out_stats_plugin.dylib: signed Mach-O thin (arm64) [libstream_out_stats_plugin-55554944d59e32062e2c313eaea41992e1ae69c6]
VLC.app/Contents/MacOS/plugins/libsatip_plugin.dylib: replacing existing signature
VLC.app/Contents/MacOS/plugins/libsatip_plugin.dylib: signed Mach-O thin (arm64) [libsatip_plugin-555549448910ff158fd9332f9c6d45d6b204d7c6]
VLC.app/Contents/MacOS/plugins/libaccess_output_dummy_plugin.dylib: replacing existing signature
VLC.app/Contents/MacOS/plugins/libaccess_output_dummy_plugin.dylib: signed Mach-O thin (arm64) [libaccess_output_dummy_plugin-55554944728c16d809653f9790a0f7fe7a747a62]
VLC.app/Contents/MacOS/plugins/libwav_plugin.dylib: replacing existing signature
VLC.app/Contents/MacOS/plugins/libwav_plugin.dylib: signed Mach-O thin (arm64) [libwav_plugin-555549443787cbd0690a34fd8fae5089466176fe]
VLC.app/Contents/MacOS/plugins/libsamplerate_plugin.dylib: replacing existing signature
VLC.app/Contents/MacOS/plugins/libsamplerate_plugin.dylib: signed Mach-O thin (arm64) [libsamplerate_plugin-555549441dd37964f42b3dc7b364c8449ccddf03]
VLC.app/Contents/MacOS/plugins/liblpcm_plugin.dylib: replacing existing signature
VLC.app/Contents/MacOS/plugins/liblpcm_plugin.dylib: signed Mach-O thin (arm64) [liblpcm_plugin-555549448f9cc9c315453a599a8cb38b48dd7ec3]
VLC.app/Contents/MacOS/plugins/libchorus_flanger_plugin.dylib: replacing existing signature
VLC.app/Contents/MacOS/plugins/libchorus_flanger_plugin.dylib: signed Mach-O thin (arm64) [libchorus_flanger_plugin-555549443e55fc7fa5433c40b000b73c8f3b39c3]
VLC.app/Contents/MacOS/plugins/libmux_mpjpeg_plugin.dylib: replacing existing signature
VLC.app/Contents/MacOS/plugins/libmux_mpjpeg_plugin.dylib: signed Mach-O thin (arm64) [libmux_mpjpeg_plugin-55554944404417fe2fe63356b86cb179f0bff308]
VLC.app/Contents/MacOS/plugins/libhotkeys_plugin.dylib: replacing existing signature
VLC.app/Contents/MacOS/plugins/libhotkeys_plugin.dylib: signed Mach-O thin (arm64) [libhotkeys_plugin-55554944a6c2184e524637e5aae1a85d3c83c1eb]
VLC.app/Contents/MacOS/plugins/libdvdnav_plugin.dylib: replacing existing signature
VLC.app/Contents/MacOS/plugins/libdvdnav_plugin.dylib: signed Mach-O thin (arm64) [libdvdnav_plugin-55554944f32c8fbe3c783832b6654f53e737e7b4]
VLC.app/Contents/MacOS/plugins/libhqdn3d_plugin.dylib: replacing existing signature
VLC.app/Contents/MacOS/plugins/libhqdn3d_plugin.dylib: signed Mach-O thin (arm64) [libhqdn3d_plugin-55554944348391fd595b3c7fb01d897feaad6d44]
VLC.app/Contents/MacOS/plugins/libmirror_plugin.dylib: replacing existing signature
VLC.app/Contents/MacOS/plugins/libmirror_plugin.dylib: signed Mach-O thin (arm64) [libmirror_plugin-555549440e54eafd06ed3ef1800e520d724e1996]
VLC.app/Contents/MacOS/plugins/libflac_plugin.dylib: replacing existing signature
VLC.app/Contents/MacOS/plugins/libflac_plugin.dylib: signed Mach-O thin (arm64) [libflac_plugin-5555494464c84541c0e13a7fabdc4d8ef31cfb07]
VLC.app/Contents/MacOS/plugins/libcaf_plugin.dylib: replacing existing signature
VLC.app/Contents/MacOS/plugins/libcaf_plugin.dylib: signed Mach-O thin (arm64) [libcaf_plugin-55554944faebf8c256ba32f5bd8cff5572a205b6]
VLC.app/Contents/MacOS/plugins/libaudio_format_plugin.dylib: replacing existing signature
VLC.app/Contents/MacOS/plugins/libaudio_format_plugin.dylib: signed Mach-O thin (arm64) [libaudio_format_plugin-5555494493b0f0b7eeb23af18b6721b655e623f6]
VLC.app/Contents/MacOS/plugins/libsmf_plugin.dylib: replacing existing signature
VLC.app/Contents/MacOS/plugins/libsmf_plugin.dylib: signed Mach-O thin (arm64) [libsmf_plugin-555549449b0223bd76df34ac8abe84820942738a]
VLC.app/Contents/MacOS/plugins/libspatializer_plugin.dylib: replacing existing signature
VLC.app/Contents/MacOS/plugins/libspatializer_plugin.dylib: signed Mach-O thin (arm64) [libspatializer_plugin-5555494445a91237c5523e90b4d3a34801db4e98]
VLC.app/Contents/MacOS/plugins/libanaglyph_plugin.dylib: replacing existing signature
VLC.app/Contents/MacOS/plugins/libanaglyph_plugin.dylib: signed Mach-O thin (arm64) [libanaglyph_plugin-55554944eb33063347c03d8f80bb50b1fd76b5b8]
VLC.app/Contents/MacOS/plugins/libsap_plugin.dylib: replacing existing signature
VLC.app/Contents/MacOS/plugins/libsap_plugin.dylib: signed Mach-O thin (arm64) [libsap_plugin-555549448fff6458a64c32eca05b81c4d8097b6f]
VLC.app/Contents/MacOS/plugins/libmono_plugin.dylib: replacing existing signature
VLC.app/Contents/MacOS/plugins/libmono_plugin.dylib: signed Mach-O thin (arm64) [libmono_plugin-55554944fe361176ac943e73a3d67c8f3b78b8ca]
VLC.app/Contents/MacOS/plugins/libx26410b_plugin.dylib: replacing existing signature
VLC.app/Contents/MacOS/plugins/libx26410b_plugin.dylib: signed Mach-O thin (arm64) [libx26410b_plugin-55554944ddefbf1deddb32bb95c2f25c93d57d80]
VLC.app/Contents/MacOS/plugins/libmediadirs_plugin.dylib: replacing existing signature
VLC.app/Contents/MacOS/plugins/libmediadirs_plugin.dylib: signed Mach-O thin (arm64) [libmediadirs_plugin-55554944b8fc63c1525539ff8b44e7f0daa085b6]
VLC.app/Contents/MacOS/plugins/libnuv_plugin.dylib: replacing existing signature
VLC.app/Contents/MacOS/plugins/libnuv_plugin.dylib: signed Mach-O thin (arm64) [libnuv_plugin-5555494464a83139af0d34d09dc96f76cd8c57a1]
VLC.app/Contents/MacOS/plugins/libalphamask_plugin.dylib: replacing existing signature
VLC.app/Contents/MacOS/plugins/libalphamask_plugin.dylib: signed Mach-O thin (arm64) [libalphamask_plugin-55554944359a997707103877add33531c3c163cc]
VLC.app/Contents/MacOS/plugins/libstereo_widen_plugin.dylib: replacing existing signature
VLC.app/Contents/MacOS/plugins/libstereo_widen_plugin.dylib: signed Mach-O thin (arm64) [libstereo_widen_plugin-55554944dfb0f4b693a935eb9057ad468997fb0a]
VLC.app/Contents/MacOS/plugins/libtwolame_plugin.dylib: replacing existing signature
VLC.app/Contents/MacOS/plugins/libtwolame_plugin.dylib: signed Mach-O thin (arm64) [libtwolame_plugin-5555494479182088f5373f448313f0432366b4b4]
VLC.app/Contents/MacOS/plugins/libsepia_plugin.dylib: replacing existing signature
VLC.app/Contents/MacOS/plugins/libsepia_plugin.dylib: signed Mach-O thin (arm64) [libsepia_plugin-55554944cd6296cca7b33fcdaa21f09153571c56]
VLC.app/Contents/MacOS/plugins/libaccess_output_udp_plugin.dylib: replacing existing signature
VLC.app/Contents/MacOS/plugins/libaccess_output_udp_plugin.dylib: signed Mach-O thin (arm64) [libaccess_output_udp_plugin-555549441f7bd752cf2b3bdebc08bb7b3e273670]
VLC.app/Contents/MacOS/plugins/libmux_mp4_plugin.dylib: replacing existing signature
VLC.app/Contents/MacOS/plugins/libmux_mp4_plugin.dylib: signed Mach-O thin (arm64) [libmux_mp4_plugin-5555494472ec4ce124193f8a8fa97d9af82d0685]
VLC.app/Contents/MacOS/plugins/libaudiobargraph_a_plugin.dylib: replacing existing signature
VLC.app/Contents/MacOS/plugins/libaudiobargraph_a_plugin.dylib: signed Mach-O thin (arm64) [libaudiobargraph_a_plugin-555549444898211018a33eb1a666c94f7244a497]
VLC.app/Contents/MacOS/plugins/librawdv_plugin.dylib: replacing existing signature
VLC.app/Contents/MacOS/plugins/librawdv_plugin.dylib: signed Mach-O thin (arm64) [librawdv_plugin-5555494486f4b427dd9135dead00fee90422a944]
VLC.app/Contents/MacOS/plugins/libstream_out_description_plugin.dylib: replacing existing signature
VLC.app/Contents/MacOS/plugins/libstream_out_description_plugin.dylib: signed Mach-O thin (arm64) [libstream_out_description_plugin-555549442cc81827c73739f99646c4b7b8f65852]
VLC.app/Contents/MacOS/plugins/libglconv_cvpx_plugin.dylib: replacing existing signature
VLC.app/Contents/MacOS/plugins/libglconv_cvpx_plugin.dylib: signed Mach-O thin (arm64) [libglconv_cvpx_plugin-555549445d3b23c5170132af818418755d4e105d]
VLC.app/Contents/MacOS/plugins/libt140_plugin.dylib: replacing existing signature
VLC.app/Contents/MacOS/plugins/libt140_plugin.dylib: signed Mach-O thin (arm64) [libt140_plugin-5555494438b2be43df3f326eab88f64765a9cfc9]
VLC.app/Contents/MacOS/plugins/libmux_ogg_plugin.dylib: replacing existing signature
VLC.app/Contents/MacOS/plugins/libmux_ogg_plugin.dylib: signed Mach-O thin (arm64) [libmux_ogg_plugin-555549441a5ac5b1ed47383cbd8d94f4b21fda5a]
VLC.app/Contents/MacOS/plugins/libstream_out_setid_plugin.dylib: replacing existing signature
VLC.app/Contents/MacOS/plugins/libstream_out_setid_plugin.dylib: signed Mach-O thin (arm64) [libstream_out_setid_plugin-55554944e242aebadd203aeabbe2c0185afdc0c8]
VLC.app/Contents/MacOS/plugins/libstream_out_cycle_plugin.dylib: replacing existing signature
VLC.app/Contents/MacOS/plugins/libstream_out_cycle_plugin.dylib: signed Mach-O thin (arm64) [libstream_out_cycle_plugin-5555494461b9573828c03d3bb89894cae5381d68]
VLC.app/Contents/MacOS/plugins/libtextst_plugin.dylib: replacing existing signature
VLC.app/Contents/MacOS/plugins/libtextst_plugin.dylib: signed Mach-O thin (arm64) [libtextst_plugin-55554944874cc79b7a9e3f3eb41839fde2053203]
VLC.app/Contents/MacOS/plugins/libi422_yuy2_plugin.dylib: replacing existing signature
VLC.app/Contents/MacOS/plugins/libi422_yuy2_plugin.dylib: signed Mach-O thin (arm64) [libi422_yuy2_plugin-55554944862c88206d0b35018ee2e93ba6be48d8]
VLC.app/Contents/MacOS/plugins/libmotiondetect_plugin.dylib: replacing existing signature
VLC.app/Contents/MacOS/plugins/libmotiondetect_plugin.dylib: signed Mach-O thin (arm64) [libmotiondetect_plugin-55554944b836e29b74f8319f88904f5965006cc0]
VLC.app/Contents/MacOS/plugins/libaccess_output_livehttp_plugin.dylib: replacing existing signature
VLC.app/Contents/MacOS/plugins/libaccess_output_livehttp_plugin.dylib: signed Mach-O thin (arm64) [libaccess_output_livehttp_plugin-555549447c40de422bc233d385ab8ab8a33d85ae]
VLC.app/Contents/MacOS/plugins/libwave_plugin.dylib: replacing existing signature
VLC.app/Contents/MacOS/plugins/libwave_plugin.dylib: signed Mach-O thin (arm64) [libwave_plugin-55554944aabb5f2fb3f63e84ac411f2e6aacb979]
VLC.app/Contents/MacOS/plugins/libpacketizer_dirac_plugin.dylib: replacing existing signature
VLC.app/Contents/MacOS/plugins/libpacketizer_dirac_plugin.dylib: signed Mach-O thin (arm64) [libpacketizer_dirac_plugin-555549442e1fbe44809434e7b3377e1a9fd083a6]
VLC.app/Contents/MacOS/plugins/libfps_plugin.dylib: replacing existing signature
VLC.app/Contents/MacOS/plugins/libfps_plugin.dylib: signed Mach-O thin (arm64) [libfps_plugin-55554944cb64d556b2883eb9a8cea9d24eb51c66]
VLC.app/Contents/MacOS/plugins/libwebvtt_plugin.dylib: replacing existing signature
VLC.app/Contents/MacOS/plugins/libwebvtt_plugin.dylib: signed Mach-O thin (arm64) [libwebvtt_plugin-5555494462e72d01ac783ce2898cdd7002927ece]
VLC.app/Contents/MacOS/plugins/libhttps_plugin.dylib: replacing existing signature
VLC.app/Contents/MacOS/plugins/libhttps_plugin.dylib: signed Mach-O thin (arm64) [libhttps_plugin-5555494462d1aff342433b76be16fdb22d617d7e]
VLC.app/Contents/MacOS/plugins/libball_plugin.dylib: replacing existing signature
VLC.app/Contents/MacOS/plugins/libball_plugin.dylib: signed Mach-O thin (arm64) [libball_plugin-55554944274545b018a13e248e50ce0321685d36]
VLC.app/Contents/MacOS/plugins/libpva_plugin.dylib: replacing existing signature
VLC.app/Contents/MacOS/plugins/libpva_plugin.dylib: signed Mach-O thin (arm64) [libpva_plugin-5555494411fc78f303ae3ae69a2c51279c2a3c71]
VLC.app/Contents/MacOS/plugins/libvisual_plugin.dylib: replacing existing signature
VLC.app/Contents/MacOS/plugins/libvisual_plugin.dylib: signed Mach-O thin (arm64) [libvisual_plugin-555549442939983de31b3678ab8d10b5a22d6ff9]
VLC.app/Contents/MacOS/plugins/liblogo_plugin.dylib: replacing existing signature
VLC.app/Contents/MacOS/plugins/liblogo_plugin.dylib: signed Mach-O thin (arm64) [liblogo_plugin-55554944e5c3354ca9903abdbc356fbfe6a3bafb]
VLC.app/Contents/MacOS/plugins/libdiracsys_plugin.dylib: replacing existing signature
VLC.app/Contents/MacOS/plugins/libdiracsys_plugin.dylib: signed Mach-O thin (arm64) [libdiracsys_plugin-55554944865c2c6fd46e3f81b6d2aae006d8d1bf]
VLC.app/Contents/MacOS/plugins/libfingerprinter_plugin.dylib: replacing existing signature
VLC.app/Contents/MacOS/plugins/libfingerprinter_plugin.dylib: signed Mach-O thin (arm64) [libfingerprinter_plugin-55554944aba057bddbad3b5c8128923b9c902f03]
VLC.app/Contents/MacOS/plugins/libcvdsub_plugin.dylib: replacing existing signature
VLC.app/Contents/MacOS/plugins/libcvdsub_plugin.dylib: signed Mach-O thin (arm64) [libcvdsub_plugin-555549442a08af00397e31518c52830c6be80775]
VLC.app/Contents/MacOS/plugins/libsharpen_plugin.dylib: replacing existing signature
VLC.app/Contents/MacOS/plugins/libsharpen_plugin.dylib: signed Mach-O thin (arm64) [libsharpen_plugin-555549443177069ecb0e35b095cf264df7349e86]
VLC.app/Contents/MacOS/plugins/libfile_keystore_plugin.dylib: replacing existing signature
VLC.app/Contents/MacOS/plugins/libfile_keystore_plugin.dylib: signed Mach-O thin (arm64) [libfile_keystore_plugin-55554944a5dc302822ba3fa7b68dcfb5555e6908]
VLC.app/Contents/MacOS/plugins/libclone_plugin.dylib: replacing existing signature
VLC.app/Contents/MacOS/plugins/libclone_plugin.dylib: signed Mach-O thin (arm64) [libclone_plugin-55554944ef8537dd74b331a1a527a2f3abef54d1]
VLC.app/Contents/MacOS/plugins/libgaussianblur_plugin.dylib: replacing existing signature
VLC.app/Contents/MacOS/plugins/libgaussianblur_plugin.dylib: signed Mach-O thin (arm64) [libgaussianblur_plugin-555549440d14e89efc633b5f94bd8a781bd456e7]
VLC.app/Contents/MacOS/plugins/libavi_plugin.dylib: replacing existing signature
VLC.app/Contents/MacOS/plugins/libavi_plugin.dylib: signed Mach-O thin (arm64) [libavi_plugin-555549440db7546a3aae3acfba701b5fd5d64226]
VLC.app/Contents/MacOS/plugins/librtp_plugin.dylib: replacing existing signature
VLC.app/Contents/MacOS/plugins/librtp_plugin.dylib: signed Mach-O thin (arm64) [librtp_plugin-555549444ab98083412b39d886704d4fa399f34d]
VLC.app/Contents/MacOS/plugins/libmemory_keystore_plugin.dylib: replacing existing signature
VLC.app/Contents/MacOS/plugins/libmemory_keystore_plugin.dylib: signed Mach-O thin (arm64) [libmemory_keystore_plugin-55554944bf12724c2a423b1d8c17bf195377f8f1]
VLC.app/Contents/MacOS/plugins/libyuy2_i420_plugin.dylib: replacing existing signature
VLC.app/Contents/MacOS/plugins/libyuy2_i420_plugin.dylib: signed Mach-O thin (arm64) [libyuy2_i420_plugin-555549447748d37f8aad35c6a20384bff30918c1]
VLC.app/Contents/MacOS/plugins/libstream_out_chromaprint_plugin.dylib: replacing existing signature
VLC.app/Contents/MacOS/plugins/libstream_out_chromaprint_plugin.dylib: signed Mach-O thin (arm64) [libstream_out_chromaprint_plugin-55554944a5c2cc1106643f62a7a1080ae30d91c4]
VLC.app/Contents/MacOS/plugins/libsubsusf_plugin.dylib: replacing existing signature
VLC.app/Contents/MacOS/plugins/libsubsusf_plugin.dylib: signed Mach-O thin (arm64) [libsubsusf_plugin-55554944b10a2ba3c31138e0936bd18a6ac0e8ef]
VLC.app/Contents/MacOS/plugins/libdvbsub_plugin.dylib: replacing existing signature
VLC.app/Contents/MacOS/plugins/libdvbsub_plugin.dylib: signed Mach-O thin (arm64) [libdvbsub_plugin-55554944f32c9d435a123ed7af78f9b0ad540e55]
VLC.app/Contents/MacOS/plugins/libkaraoke_plugin.dylib: replacing existing signature
VLC.app/Contents/MacOS/plugins/libkaraoke_plugin.dylib: signed Mach-O thin (arm64) [libkaraoke_plugin-555549442153fad685f130a4af64c3466cd08c5b]
VLC.app/Contents/MacOS/plugins/libmotionblur_plugin.dylib: replacing existing signature
VLC.app/Contents/MacOS/plugins/libmotionblur_plugin.dylib: signed Mach-O thin (arm64) [libmotionblur_plugin-555549446f9744445bd33489b2f3c8046b752793]
VLC.app/Contents/MacOS/plugins/libpacketizer_flac_plugin.dylib: replacing existing signature
VLC.app/Contents/MacOS/plugins/libpacketizer_flac_plugin.dylib: signed Mach-O thin (arm64) [libpacketizer_flac_plugin-555549440011beefd6fc3e0c854493177bda61d2]
VLC.app/Contents/MacOS/plugins/libripple_plugin.dylib: replacing existing signature
VLC.app/Contents/MacOS/plugins/libripple_plugin.dylib: signed Mach-O thin (arm64) [libripple_plugin-5555494449f09192ae283e6da14e23830a27f81e]
VLC.app/Contents/MacOS/plugins/libpacketizer_h264_plugin.dylib: replacing existing signature
VLC.app/Contents/MacOS/plugins/libpacketizer_h264_plugin.dylib: signed Mach-O thin (arm64) [libpacketizer_h264_plugin-55554944811da297160233caa7f952f8eccfc758]
VLC.app/Contents/MacOS/plugins/libwall_plugin.dylib: replacing existing signature
VLC.app/Contents/MacOS/plugins/libwall_plugin.dylib: signed Mach-O thin (arm64) [libwall_plugin-55554944724cb8dd6b4a33e3945a56b5387278f6]
VLC.app/Contents/MacOS/plugins/libsftp_plugin.dylib: replacing existing signature
VLC.app/Contents/MacOS/plugins/libsftp_plugin.dylib: signed Mach-O thin (arm64) [libsftp_plugin-55554944d34bc0b57a983ea5b58286b1c8b0ee73]
VLC.app/Contents/MacOS/plugins/libcanvas_plugin.dylib: replacing existing signature
VLC.app/Contents/MacOS/plugins/libcanvas_plugin.dylib: signed Mach-O thin (arm64) [libcanvas_plugin-555549440346a6a5669b31a396da4df7ad6989af]
VLC.app/Contents/MacOS/plugins/librawvid_plugin.dylib: replacing existing signature
VLC.app/Contents/MacOS/plugins/librawvid_plugin.dylib: signed Mach-O thin (arm64) [librawvid_plugin-5555494407f9292082733b27ba1b7749878164d7]
VLC.app/Contents/MacOS/plugins/libstream_out_display_plugin.dylib: replacing existing signature
VLC.app/Contents/MacOS/plugins/libstream_out_display_plugin.dylib: signed Mach-O thin (arm64) [libstream_out_display_plugin-55554944143d7d93ba603899b7e8307fdb39ae0e]
VLC.app/Contents/MacOS/plugins/libaccess_imem_plugin.dylib: replacing existing signature
VLC.app/Contents/MacOS/plugins/libaccess_imem_plugin.dylib: signed Mach-O thin (arm64) [libaccess_imem_plugin-555549444408e94fd2b9320184eda2118e11e59f]
VLC.app/Contents/MacOS/plugins/libblend_plugin.dylib: replacing existing signature
VLC.app/Contents/MacOS/plugins/libblend_plugin.dylib: signed Mach-O thin (arm64) [libblend_plugin-55554944dc41f1ef968937ba878ec01869a9b54e]
VLC.app/Contents/MacOS/plugins/libvod_rtsp_plugin.dylib: replacing existing signature
VLC.app/Contents/MacOS/plugins/libvod_rtsp_plugin.dylib: signed Mach-O thin (arm64) [libvod_rtsp_plugin-555549441c00491719713003a9e1d95b7e7d00ee]
VLC.app/Contents/MacOS/plugins/libi420_nv12_plugin.dylib: replacing existing signature
VLC.app/Contents/MacOS/plugins/libi420_nv12_plugin.dylib: signed Mach-O thin (arm64) [libi420_nv12_plugin-55554944d9ac30183dd5338f8c5430e689dbbde7]
VLC.app/Contents/MacOS/plugins/libauhal_plugin.dylib: replacing existing signature
VLC.app/Contents/MacOS/plugins/libauhal_plugin.dylib: signed Mach-O thin (arm64) [libauhal_plugin-555549448abe5b3d34903a72b1063e0620ca4138]
VLC.app/Contents/MacOS/plugins/libbluray-awt-j2se-1.4.1.jar: signed generic [libbluray-awt-j2se-1-e0491dcafde1dcb379216fd056c3cae7e66480c2]
VLC.app/Contents/MacOS/plugins/libpuzzle_plugin.dylib: replacing existing signature
VLC.app/Contents/MacOS/plugins/libpuzzle_plugin.dylib: signed Mach-O thin (arm64) [libpuzzle_plugin-55554944745e7fa985db3b199638f5a0050dd4b4]
VLC.app/Contents/MacOS/plugins/libstream_out_delay_plugin.dylib: replacing existing signature
VLC.app/Contents/MacOS/plugins/libstream_out_delay_plugin.dylib: signed Mach-O thin (arm64) [libstream_out_delay_plugin-55554944b39c941ac4043331b9c9e6b16fb06ccf]
VLC.app/Contents/MacOS/plugins/libdmxmus_plugin.dylib: replacing existing signature
VLC.app/Contents/MacOS/plugins/libdmxmus_plugin.dylib: signed Mach-O thin (arm64) [libdmxmus_plugin-5555494409d1eccfaf5336a99e6cdd65b9385aca]
VLC.app/Contents/MacOS/plugins/libattachment_plugin.dylib: replacing existing signature
VLC.app/Contents/MacOS/plugins/libattachment_plugin.dylib: signed Mach-O thin (arm64) [libattachment_plugin-55554944946c6c4f50613df9b7581ebc421a9756]
VLC.app/Contents/MacOS/plugins/libnfs_plugin.dylib: replacing existing signature
VLC.app/Contents/MacOS/plugins/libnfs_plugin.dylib: signed Mach-O thin (arm64) [libnfs_plugin-55554944b1054317ccb534749c1651bc923fb2b9]
VLC.app/Contents/MacOS/plugins/libgme_plugin.dylib: replacing existing signature
VLC.app/Contents/MacOS/plugins/libgme_plugin.dylib: signed Mach-O thin (arm64) [libgme_plugin-555549444296abcc6f313b8295330c2d64303954]
VLC.app/Contents/MacOS/plugins/libexport_plugin.dylib: replacing existing signature
VLC.app/Contents/MacOS/plugins/libexport_plugin.dylib: signed Mach-O thin (arm64) [libexport_plugin-5555494425baa4eb9cab39dfa0d82b281394ed81]
VLC.app/Contents/MacOS/plugins/libskiptags_plugin.dylib: replacing existing signature
VLC.app/Contents/MacOS/plugins/libskiptags_plugin.dylib: signed Mach-O thin (arm64) [libskiptags_plugin-555549446a92d73a4ee43e50ae9e614133aaf919]
VLC.app/Contents/MacOS/plugins/libantiflicker_plugin.dylib: replacing existing signature
VLC.app/Contents/MacOS/plugins/libantiflicker_plugin.dylib: signed Mach-O thin (arm64) [libantiflicker_plugin-555549445dab0377dcf2306aaf77310b9524f398]
VLC.app/Contents/MacOS/plugins/liblogger_plugin.dylib: replacing existing signature
VLC.app/Contents/MacOS/plugins/liblogger_plugin.dylib: signed Mach-O thin (arm64) [liblogger_plugin-55554944c08268895bd1360891c096c84c0d5738]
VLC.app/Contents/MacOS/plugins/libfloat_mixer_plugin.dylib: replacing existing signature
VLC.app/Contents/MacOS/plugins/libfloat_mixer_plugin.dylib: signed Mach-O thin (arm64) [libfloat_mixer_plugin-5555494443a1aa9d44ba376f8feab8bcd1d48f3d]
VLC.app/Contents/MacOS/plugins/libstream_out_es_plugin.dylib: replacing existing signature
VLC.app/Contents/MacOS/plugins/libstream_out_es_plugin.dylib: signed Mach-O thin (arm64) [libstream_out_es_plugin-55554944bd9351f22a0a30d79710286f685cab1d]
VLC.app/Contents/MacOS/plugins/libxml_plugin.dylib: replacing existing signature
VLC.app/Contents/MacOS/plugins/libxml_plugin.dylib: signed Mach-O thin (arm64) [libxml_plugin-55554944482630dbb1e8376db5e8d2655636dbae]
VLC.app/Contents/MacOS/plugins/libaudioscrobbler_plugin.dylib: replacing existing signature
VLC.app/Contents/MacOS/plugins/libaudioscrobbler_plugin.dylib: signed Mach-O thin (arm64) [libaudioscrobbler_plugin-5555494419741f137d693869912eb40a54a0aba5]
VLC.app/Contents/MacOS/plugins/libdemux_chromecast_plugin.dylib: replacing existing signature
VLC.app/Contents/MacOS/plugins/libdemux_chromecast_plugin.dylib: signed Mach-O thin (arm64) [libdemux_chromecast_plugin-555549440345120292ef353b80d9bdef47ae5fb0]
VLC.app/Contents/MacOS/plugins/libplaylist_plugin.dylib: replacing existing signature
VLC.app/Contents/MacOS/plugins/libplaylist_plugin.dylib: signed Mach-O thin (arm64) [libplaylist_plugin-55554944b0fc3588c6db39d2aa4b51aa1af449e6]
VLC.app/Contents/MacOS/plugins/libgradient_plugin.dylib: replacing existing signature
VLC.app/Contents/MacOS/plugins/libgradient_plugin.dylib: signed Mach-O thin (arm64) [libgradient_plugin-55554944496b58daa70032e2ab02368f8f23e13b]
VLC.app/Contents/MacOS/plugins/libpacketizer_mpegaudio_plugin.dylib: replacing existing signature
VLC.app/Contents/MacOS/plugins/libpacketizer_mpegaudio_plugin.dylib: signed Mach-O thin (arm64) [libpacketizer_mpegaudio_plugin-55554944269073f695413202ace1c49e56e5f605]
VLC.app/Contents/MacOS/plugins/libsubtitle_plugin.dylib: replacing existing signature
VLC.app/Contents/MacOS/plugins/libsubtitle_plugin.dylib: signed Mach-O thin (arm64) [libsubtitle_plugin-55554944b49420818bc9360aa49836cb80221825]
VLC.app/Contents/MacOS/plugins/libmux_wav_plugin.dylib: replacing existing signature
VLC.app/Contents/MacOS/plugins/libmux_wav_plugin.dylib: signed Mach-O thin (arm64) [libmux_wav_plugin-555549449fbb35722bf43dd6af5b797b33f5441d]
VLC.app/Contents/MacOS/plugins/libmad_plugin.dylib: replacing existing signature
VLC.app/Contents/MacOS/plugins/libmad_plugin.dylib: signed Mach-O thin (arm64) [libmad_plugin-555549448b5d74dcd4743eadaed9a4536c8f1abb]
VLC.app/Contents/MacOS/plugins/libreal_plugin.dylib: replacing existing signature
VLC.app/Contents/MacOS/plugins/libreal_plugin.dylib: signed Mach-O thin (arm64) [libreal_plugin-5555494412d491a27125343b8a988715eab08560]
VLC.app/Contents/MacOS/plugins/libtransform_plugin.dylib: replacing existing signature
VLC.app/Contents/MacOS/plugins/libtransform_plugin.dylib: signed Mach-O thin (arm64) [libtransform_plugin-5555494408ae13dcfffd3987b85fe9931eb9ca72]
VLC.app/Contents/MacOS/plugins/libopus_plugin.dylib: replacing existing signature
VLC.app/Contents/MacOS/plugins/libopus_plugin.dylib: signed Mach-O thin (arm64) [libopus_plugin-555549441ad43be72f393b978d2953ed22b77ebf]
VLC.app/Contents/MacOS/plugins/libtcp_plugin.dylib: replacing existing signature
VLC.app/Contents/MacOS/plugins/libtcp_plugin.dylib: signed Mach-O thin (arm64) [libtcp_plugin-555549442468e5c63e4831d48b8e972a25e00c1a]
VLC.app/Contents/MacOS/plugins/libnsspeechsynthesizer_plugin.dylib: replacing existing signature
VLC.app/Contents/MacOS/plugins/libnsspeechsynthesizer_plugin.dylib: signed Mach-O thin (arm64) [libnsspeechsynthesizer_plugin-5555494408e691f697da31649da7809769e34c9a]
VLC.app/Contents/MacOS/plugins/libudp_plugin.dylib: replacing existing signature
VLC.app/Contents/MacOS/plugins/libudp_plugin.dylib: signed Mach-O thin (arm64) [libudp_plugin-555549443a2994a943b03a7aa735b3fd1a7c9d7b]
VLC.app/Contents/MacOS/plugins/libnsv_plugin.dylib: replacing existing signature
VLC.app/Contents/MacOS/plugins/libnsv_plugin.dylib: signed Mach-O thin (arm64) [libnsv_plugin-555549443475c82e2e1c3e59a5cadcff2e981f6a]
VLC.app/Contents/MacOS/plugins/libpacketizer_vc1_plugin.dylib: replacing existing signature
VLC.app/Contents/MacOS/plugins/libpacketizer_vc1_plugin.dylib: signed Mach-O thin (arm64) [libpacketizer_vc1_plugin-5555494464b8dccf7f913f5e97653ca647469c8c]
VLC.app/Contents/MacOS/plugins/libmpgv_plugin.dylib: replacing existing signature
VLC.app/Contents/MacOS/plugins/libmpgv_plugin.dylib: signed Mach-O thin (arm64) [libmpgv_plugin-55554944f98cc5063cd1303b9236f948958a1dfc]
VLC.app/Contents/MacOS/plugins/libstl_plugin.dylib: replacing existing signature
VLC.app/Contents/MacOS/plugins/libstl_plugin.dylib: signed Mach-O thin (arm64) [libstl_plugin-55554944cce78fe673873902879dd898bd2acfdc]
VLC.app/Contents/MacOS/plugins/libaddonsfsstorage_plugin.dylib: replacing existing signature
VLC.app/Contents/MacOS/plugins/libaddonsfsstorage_plugin.dylib: signed Mach-O thin (arm64) [libaddonsfsstorage_plugin-55554944fc6e4d70790132b0874e1ef514ce93a3]
VLC.app/Contents/MacOS/plugins/libcdg_plugin.dylib: replacing existing signature
VLC.app/Contents/MacOS/plugins/libcdg_plugin.dylib: signed Mach-O thin (arm64) [libcdg_plugin-555549445f30ab9c3221322199359f0726f72471]
VLC.app/Contents/MacOS/plugins/libtrivial_channel_mixer_plugin.dylib: replacing existing signature
VLC.app/Contents/MacOS/plugins/libtrivial_channel_mixer_plugin.dylib: signed Mach-O thin (arm64) [libtrivial_channel_mixer_plugin-555549441592ac2d13473dd5959886d808814a6f]
VLC.app/Contents/MacOS/plugins/libyuy2_i422_plugin.dylib: replacing existing signature
VLC.app/Contents/MacOS/plugins/libyuy2_i422_plugin.dylib: signed Mach-O thin (arm64) [libyuy2_i422_plugin-555549442e847ff7a3413ed2ab801daae5c2f034]
VLC.app/Contents/MacOS/plugins/librtpvideo_plugin.dylib: replacing existing signature
VLC.app/Contents/MacOS/plugins/librtpvideo_plugin.dylib: signed Mach-O thin (arm64) [librtpvideo_plugin-5555494453633fff57f6303fa90627b417275dfa]
VLC.app/Contents/MacOS/plugins/libstats_plugin.dylib: replacing existing signature
VLC.app/Contents/MacOS/plugins/libstats_plugin.dylib: signed Mach-O thin (arm64) [libstats_plugin-55554944201194fd0773358a84a6b44592e95fa0]
VLC.app/Contents/MacOS/plugins/libmotion_plugin.dylib: replacing existing signature
VLC.app/Contents/MacOS/plugins/libmotion_plugin.dylib: signed Mach-O thin (arm64) [libmotion_plugin-55554944f2b721b3aed13a2e9614e82ea9f685c9]
VLC.app/Contents/MacOS/plugins/libpacketizer_dts_plugin.dylib: replacing existing signature
VLC.app/Contents/MacOS/plugins/libpacketizer_dts_plugin.dylib: signed Mach-O thin (arm64) [libpacketizer_dts_plugin-55554944a7052a31e9c73c3f99d90072a9262f71]
VLC.app/Contents/MacOS/plugins/libhds_plugin.dylib: replacing existing signature
VLC.app/Contents/MacOS/plugins/libhds_plugin.dylib: signed Mach-O thin (arm64) [libhds_plugin-55554944e88a4dac365b3d0dbebad9d9ce95bde3]
VLC.app/Contents/MacOS/plugins/libmkv_plugin.dylib: replacing existing signature
VLC.app/Contents/MacOS/plugins/libmkv_plugin.dylib: signed Mach-O thin (arm64) [libmkv_plugin-5555494471f323a0440b36ae9e3a4c52c61f82b6]
VLC.app/Contents/MacOS/plugins/libcolorthres_plugin.dylib: replacing existing signature
VLC.app/Contents/MacOS/plugins/libcolorthres_plugin.dylib: signed Mach-O thin (arm64) [libcolorthres_plugin-555549446782ddde4b193c9eb62bf447a6da10d8]
VLC.app/Contents/MacOS/plugins/libheadphone_channel_mixer_plugin.dylib: replacing existing signature
VLC.app/Contents/MacOS/plugins/libheadphone_channel_mixer_plugin.dylib: signed Mach-O thin (arm64) [libheadphone_channel_mixer_plugin-555549449a36fe062ef53a9c973b4d05271dd768]
VLC.app/Contents/MacOS/plugins/libmjpeg_plugin.dylib: replacing existing signature
VLC.app/Contents/MacOS/plugins/libmjpeg_plugin.dylib: signed Mach-O thin (arm64) [libmjpeg_plugin-5555494407a4c7d70fcb34c689fe07b1f1230b71]
VLC.app/Contents/MacOS/plugins/libtimecode_plugin.dylib: replacing existing signature
VLC.app/Contents/MacOS/plugins/libtimecode_plugin.dylib: signed Mach-O thin (arm64) [libtimecode_plugin-55554944315a210509b33edb828ed5f669c98c27]
VLC.app/Contents/MacOS/plugins/libaccess_output_http_plugin.dylib: replacing existing signature
VLC.app/Contents/MacOS/plugins/libaccess_output_http_plugin.dylib: signed Mach-O thin (arm64) [libaccess_output_http_plugin-555549447570a34246ce38f4adc5335d674a93b0]
VLC.app/Contents/MacOS/plugins/libgain_plugin.dylib: replacing existing signature
VLC.app/Contents/MacOS/plugins/libgain_plugin.dylib: signed Mach-O thin (arm64) [libgain_plugin-5555494435c1c825a3c230cb9ff6674a66d4ff83]
VLC.app/Contents/MacOS/plugins/libmpc_plugin.dylib: replacing existing signature
VLC.app/Contents/MacOS/plugins/libmpc_plugin.dylib: signed Mach-O thin (arm64) [libmpc_plugin-555549440b0f8f265b0935ef9ebd27fb3ffdfae2]
VLC.app/Contents/MacOS/plugins/libaccess_output_shout_plugin.dylib: replacing existing signature
VLC.app/Contents/MacOS/plugins/libaccess_output_shout_plugin.dylib: signed Mach-O thin (arm64) [libaccess_output_shout_plugin-5555494466013d01e412329ab57d7fa3573bf140]
VLC.app/Contents/MacOS/plugins/libzvbi_plugin.dylib: replacing existing signature
VLC.app/Contents/MacOS/plugins/libzvbi_plugin.dylib: signed Mach-O thin (arm64) [libzvbi_plugin-555549442e5c6bc8802b3b80b888bd6140ca5f10]
VLC.app/Contents/MacOS/plugins/librotate_plugin.dylib: replacing existing signature
VLC.app/Contents/MacOS/plugins/librotate_plugin.dylib: signed Mach-O thin (arm64) [librotate_plugin-5555494468737c72b62e383bad8025bcb6b25db7]
VLC.app/Contents/MacOS/plugins/libremoteosd_plugin.dylib: replacing existing signature
VLC.app/Contents/MacOS/plugins/libremoteosd_plugin.dylib: signed Mach-O thin (arm64) [libremoteosd_plugin-55554944f58ed48d0b763b399f148398c8e9f51b]
VLC.app/Contents/MacOS/plugins/libkeychain_plugin.dylib: replacing existing signature
VLC.app/Contents/MacOS/plugins/libkeychain_plugin.dylib: signed Mach-O thin (arm64) [libkeychain_plugin-55554944755d8f70baa7329a9466f5d599b5bb86]
VLC.app/Contents/MacOS/plugins/libcc_plugin.dylib: replacing existing signature
VLC.app/Contents/MacOS/plugins/libcc_plugin.dylib: signed Mach-O thin (arm64) [libcc_plugin-55554944b5f1af1932093dde9a73ba51ebe6d790]
VLC.app/Contents/MacOS/plugins/libx265_plugin.dylib: replacing existing signature
VLC.app/Contents/MacOS/plugins/libx265_plugin.dylib: signed Mach-O thin (arm64) [libx265_plugin-555549449cf9baad2ae231ed90fc49e3695dcbf6]
VLC.app/Contents/MacOS/plugins/libftp_plugin.dylib: replacing existing signature
VLC.app/Contents/MacOS/plugins/libftp_plugin.dylib: signed Mach-O thin (arm64) [libftp_plugin-555549445c76562808e23321995f7ef7721d23de]
VLC.app/Contents/MacOS/plugins/libpostproc_plugin.dylib: replacing existing signature
VLC.app/Contents/MacOS/plugins/libpostproc_plugin.dylib: signed Mach-O thin (arm64) [libpostproc_plugin-5555494454ac78e10685381d866177da77f5885f]
VLC.app/Contents/MacOS/plugins/libconsole_logger_plugin.dylib: replacing existing signature
VLC.app/Contents/MacOS/plugins/libconsole_logger_plugin.dylib: signed Mach-O thin (arm64) [libconsole_logger_plugin-55554944e24a98c96d363db0a7988bd1a04d6f4d]
VLC.app/Contents/MacOS/plugins/libstream_out_rtp_plugin.dylib: replacing existing signature
VLC.app/Contents/MacOS/plugins/libstream_out_rtp_plugin.dylib: signed Mach-O thin (arm64) [libstream_out_rtp_plugin-555549445b28070364373def9fe30960f1fc8e37]
VLC.app/Contents/MacOS/plugins/libbluescreen_plugin.dylib: replacing existing signature
VLC.app/Contents/MacOS/plugins/libbluescreen_plugin.dylib: signed Mach-O thin (arm64) [libbluescreen_plugin-5555494428dbc62ff1b83eee8cbbd36d2f1ac871]
VLC.app/Contents/MacOS/plugins/libgrain_plugin.dylib: replacing existing signature
VLC.app/Contents/MacOS/plugins/libgrain_plugin.dylib: signed Mach-O thin (arm64) [libgrain_plugin-55554944ddf428e22e4e3faaa9a6c4f1cf26d34d]
VLC.app/Contents/MacOS/plugins/librawaud_plugin.dylib: replacing existing signature
VLC.app/Contents/MacOS/plugins/librawaud_plugin.dylib: signed Mach-O thin (arm64) [librawaud_plugin-555549442d74c63eca82351f80cb747d1643ad7f]
VLC.app/Contents/MacOS/plugins/libmpg123_plugin.dylib: replacing existing signature
VLC.app/Contents/MacOS/plugins/libmpg123_plugin.dylib: signed Mach-O thin (arm64) [libmpg123_plugin-55554944cd7b73fa75c13e81a2573cd3e7b10d77]
VLC.app/Contents/MacOS/plugins/libpacketizer_a52_plugin.dylib: replacing existing signature
VLC.app/Contents/MacOS/plugins/libpacketizer_a52_plugin.dylib: signed Mach-O thin (arm64) [libpacketizer_a52_plugin-555549445f2691fd31dc395694925066b153f2f1]
VLC.app/Contents/MacOS/plugins/librss_plugin.dylib: replacing existing signature
VLC.app/Contents/MacOS/plugins/librss_plugin.dylib: signed Mach-O thin (arm64) [librss_plugin-555549445e3b7b725a6339bc87ba05ede717b0ea]
VLC.app/Contents/MacOS/plugins/libaccess_output_srt_plugin.dylib: replacing existing signature
VLC.app/Contents/MacOS/plugins/libaccess_output_srt_plugin.dylib: signed Mach-O thin (arm64) [libaccess_output_srt_plugin-55554944769cad29e4e5387583c8c83d652e1d3b]
VLC.app/Contents/MacOS/plugins/libspudec_plugin.dylib: replacing existing signature
VLC.app/Contents/MacOS/plugins/libspudec_plugin.dylib: signed Mach-O thin (arm64) [libspudec_plugin-555549440baabe6734f537b88b6202cf3e9bba1b]
VLC.app/Contents/MacOS/plugins/libarchive_plugin.dylib: replacing existing signature
VLC.app/Contents/MacOS/plugins/libarchive_plugin.dylib: signed Mach-O thin (arm64) [libarchive_plugin-55554944545ac5a54c023b5ab1878c5b49adcd06]
VLC.app/Contents/MacOS/plugins/libdvdread_plugin.dylib: replacing existing signature
VLC.app/Contents/MacOS/plugins/libdvdread_plugin.dylib: signed Mach-O thin (arm64) [libdvdread_plugin-55554944954bdf785ce439f6bb46a499fb59fbb0]
VLC.app/Contents/MacOS/plugins/libty_plugin.dylib: replacing existing signature
VLC.app/Contents/MacOS/plugins/libty_plugin.dylib: signed Mach-O thin (arm64) [libty_plugin-5555494434dbb487a09039fe8f1fff1975977d33]
VLC.app/Contents/MacOS/plugins/libi422_i420_plugin.dylib: replacing existing signature
VLC.app/Contents/MacOS/plugins/libi422_i420_plugin.dylib: signed Mach-O thin (arm64) [libi422_i420_plugin-55554944fc12a8634d513561ba7c549e0904401b]
VLC.app/Contents/MacOS/plugins/libvpx_plugin.dylib: replacing existing signature
VLC.app/Contents/MacOS/plugins/libvpx_plugin.dylib: signed Mach-O thin (arm64) [libvpx_plugin-55554944d2cf1a976db336fc8b68b4bb51371993]
VLC.app/Contents/MacOS/plugins/libprefetch_plugin.dylib: replacing existing signature
VLC.app/Contents/MacOS/plugins/libprefetch_plugin.dylib: signed Mach-O thin (arm64) [libprefetch_plugin-55554944f5477e9c331a30f8aa560ed29e68a253]
VLC.app/Contents/MacOS/plugins/libadjust_plugin.dylib: replacing existing signature
VLC.app/Contents/MacOS/plugins/libadjust_plugin.dylib: signed Mach-O thin (arm64) [libadjust_plugin-555549444e685170d5cb38909deb9b2062c53b4f]
VLC.app/Contents/MacOS/plugins/libdummy_plugin.dylib: replacing existing signature
VLC.app/Contents/MacOS/plugins/libdummy_plugin.dylib: signed Mach-O thin (arm64) [libdummy_plugin-55554944fa053f9bc43834dc92a99b1a087d73ea]
VLC.app/Contents/MacOS/plugins/libtdummy_plugin.dylib: replacing existing signature
VLC.app/Contents/MacOS/plugins/libtdummy_plugin.dylib: signed Mach-O thin (arm64) [libtdummy_plugin-55554944f5ffa90421153e60a03157ca95d02e68]
VLC.app/Contents/MacOS/plugins/libgoom_plugin.dylib: replacing existing signature
VLC.app/Contents/MacOS/plugins/libgoom_plugin.dylib: signed Mach-O thin (arm64) [libgoom_plugin-55554944985588ae503532b1aa95fc5eca78eaa5]
VLC.app/Contents/MacOS/plugins/libpodcast_plugin.dylib: replacing existing signature
VLC.app/Contents/MacOS/plugins/libpodcast_plugin.dylib: signed Mach-O thin (arm64) [libpodcast_plugin-5555494458cdb154291c37d28e4948d13b965126]
VLC.app/Contents/MacOS/plugins/libmux_dummy_plugin.dylib: replacing existing signature
VLC.app/Contents/MacOS/plugins/libmux_dummy_plugin.dylib: signed Mach-O thin (arm64) [libmux_dummy_plugin-555549449baf9342979f33d9bc6047505a8efac3]
VLC.app/Contents/MacOS/plugins/libvhs_plugin.dylib: replacing existing signature
VLC.app/Contents/MacOS/plugins/libvhs_plugin.dylib: signed Mach-O thin (arm64) [libvhs_plugin-55554944727a060fb89b35539924ec7b3c7bb180]
VLC.app/Contents/MacOS/plugins/libinflate_plugin.dylib: replacing existing signature
VLC.app/Contents/MacOS/plugins/libinflate_plugin.dylib: signed Mach-O thin (arm64) [libinflate_plugin-5555494405ec2a75ef3d3496a9d4af1afc3a4af1]
VLC.app/Contents/MacOS/plugins/libsid_plugin.dylib: replacing existing signature
VLC.app/Contents/MacOS/plugins/libsid_plugin.dylib: signed Mach-O thin (arm64) [libsid_plugin-55554944f9b72df2fd243c8c8d628327cf50cde8]
VLC.app/Contents/MacOS/plugins/libgrey_yuv_plugin.dylib: replacing existing signature
VLC.app/Contents/MacOS/plugins/libgrey_yuv_plugin.dylib: signed Mach-O thin (arm64) [libgrey_yuv_plugin-555549443fd662c4ae973085ba668b61b5d34172]
VLC.app/Contents/MacOS/plugins/libmux_asf_plugin.dylib: replacing existing signature
VLC.app/Contents/MacOS/plugins/libmux_asf_plugin.dylib: signed Mach-O thin (arm64) [libmux_asf_plugin-55554944633ad828f8673fdfa9a03d4e3ef2a207]
VLC.app/Contents/MacOS/plugins/libdemuxdump_plugin.dylib: replacing existing signature
VLC.app/Contents/MacOS/plugins/libdemuxdump_plugin.dylib: signed Mach-O thin (arm64) [libdemuxdump_plugin-55554944731b53ad5444365d86d4db40c49a4c1b]
VLC.app/Contents/MacOS/plugins/liblua_plugin.dylib: replacing existing signature
VLC.app/Contents/MacOS/plugins/liblua_plugin.dylib: signed Mach-O thin (arm64) [liblua_plugin-55554944731c562c1c8f3412b4b3ac9910ce659c]
VLC.app/Contents/MacOS/plugins/libtheora_plugin.dylib: replacing existing signature
VLC.app/Contents/MacOS/plugins/libtheora_plugin.dylib: signed Mach-O thin (arm64) [libtheora_plugin-55554944b8d1fd364d913344b2e8f04d685c9f4d]
VLC.app/Contents/MacOS/plugins/libsdp_plugin.dylib: replacing existing signature
VLC.app/Contents/MacOS/plugins/libsdp_plugin.dylib: signed Mach-O thin (arm64) [libsdp_plugin-55554944689742a6b8c83e2fa97998f86817a275]
VLC.app/Contents/MacOS/plugins/libvorbis_plugin.dylib: replacing existing signature
VLC.app/Contents/MacOS/plugins/libvorbis_plugin.dylib: signed Mach-O thin (arm64) [libvorbis_plugin-555549447ff59c1809553642b60f25fb83ebdf73]
VLC.app/Contents/MacOS/plugins/libcvpx_plugin.dylib: replacing existing signature
VLC.app/Contents/MacOS/plugins/libcvpx_plugin.dylib: signed Mach-O thin (arm64) [libcvpx_plugin-5555494453c46b2bc2e43e9eafb409b7555c5419]
VLC.app/Contents/MacOS/plugins/libspdif_plugin.dylib: replacing existing signature
VLC.app/Contents/MacOS/plugins/libspdif_plugin.dylib: signed Mach-O thin (arm64) [libspdif_plugin-5555494496514856eee031b2ac4bc56b0a35dcfb]
VLC.app/Contents/MacOS/plugins/liboldrc_plugin.dylib: replacing existing signature
VLC.app/Contents/MacOS/plugins/liboldrc_plugin.dylib: signed Mach-O thin (arm64) [liboldrc_plugin-55554944c450d4c8fcdb3903ac020d95e57161f8]
VLC.app/Contents/MacOS/plugins/libscte18_plugin.dylib: replacing existing signature
VLC.app/Contents/MacOS/plugins/libscte18_plugin.dylib: signed Mach-O thin (arm64) [libscte18_plugin-555549442a090752b8433b38bad707a35a8c4560]
VLC.app/Contents/MacOS/plugins/libci_filters_plugin.dylib: replacing existing signature
VLC.app/Contents/MacOS/plugins/libci_filters_plugin.dylib: signed Mach-O thin (arm64) [libci_filters_plugin-5555494492e6ba8cd9f13f148fab95e0a57d50e1]
VLC.app/Contents/MacOS/plugins/libsvcdsub_plugin.dylib: replacing existing signature
VLC.app/Contents/MacOS/plugins/libsvcdsub_plugin.dylib: signed Mach-O thin (arm64) [libsvcdsub_plugin-5555494403c56ec8fa933bf1aec9c42e73fc3711]
VLC.app/Contents/MacOS/plugins/libaraw_plugin.dylib: replacing existing signature
VLC.app/Contents/MacOS/plugins/libaraw_plugin.dylib: signed Mach-O thin (arm64) [libaraw_plugin-555549444f7e1bfa0a7b3faf8e65fe46c2bda415]
VLC.app/Contents/MacOS/plugins/libvcd_plugin.dylib: replacing existing signature
VLC.app/Contents/MacOS/plugins/libvcd_plugin.dylib: signed Mach-O thin (arm64) [libvcd_plugin-55554944c90cdd883250327e98b2f398924bf4aa]
VLC.app/Contents/MacOS/plugins/libaccess_output_rist_plugin.dylib: replacing existing signature
VLC.app/Contents/MacOS/plugins/libaccess_output_rist_plugin.dylib: signed Mach-O thin (arm64) [libaccess_output_rist_plugin-555549448fd5453b28773cb891dec97f88d966d1]
VLC.app/Contents/MacOS/plugins/libchain_plugin.dylib: replacing existing signature
VLC.app/Contents/MacOS/plugins/libchain_plugin.dylib: signed Mach-O thin (arm64) [libchain_plugin-555549440c57792a1fce36848a7b6d911feecbda]
VLC.app/Contents/MacOS/plugins/libpacketizer_mpegvideo_plugin.dylib: replacing existing signature
VLC.app/Contents/MacOS/plugins/libpacketizer_mpegvideo_plugin.dylib: signed Mach-O thin (arm64) [libpacketizer_mpegvideo_plugin-55554944c655ba6e63c23ffebd9e141c694afce9]
VLC.app/Contents/MacOS/plugins/libscale_plugin.dylib: replacing existing signature
VLC.app/Contents/MacOS/plugins/libscale_plugin.dylib: signed Mach-O thin (arm64) [libscale_plugin-555549449a7b8a686143328088266ba6361d8f25]
VLC.app/Contents/MacOS/plugins/libcompressor_plugin.dylib: replacing existing signature
VLC.app/Contents/MacOS/plugins/libcompressor_plugin.dylib: signed Mach-O thin (arm64) [libcompressor_plugin-555549448ffb2b1f73473bc0877959c33d3dfb39]
VLC.app/Contents/MacOS/plugins/libx264_plugin.dylib: replacing existing signature
VLC.app/Contents/MacOS/plugins/libx264_plugin.dylib: signed Mach-O thin (arm64) [libx264_plugin-55554944fc0420b5aede306eaeb25f57cc2f4ece]
VLC.app/Contents/MacOS/plugins/libcache_block_plugin.dylib: replacing existing signature
VLC.app/Contents/MacOS/plugins/libcache_block_plugin.dylib: signed Mach-O thin (arm64) [libcache_block_plugin-55554944b0ca74d24d00318e8443f0d3ef2756c2]
VLC.app/Contents/MacOS/plugins/libadpcm_plugin.dylib: replacing existing signature
VLC.app/Contents/MacOS/plugins/libadpcm_plugin.dylib: signed Mach-O thin (arm64) [libadpcm_plugin-55554944fb680b5ff4ef3a00af371381a7e4a69c]
VLC.app/Contents/MacOS/plugins/libyuvp_plugin.dylib: replacing existing signature
VLC.app/Contents/MacOS/plugins/libyuvp_plugin.dylib: signed Mach-O thin (arm64) [libyuvp_plugin-55554944d208bf897d8637c6a36b8c0def3e718f]
VLC.app/Contents/MacOS/plugins/libgradfun_plugin.dylib: replacing existing signature
VLC.app/Contents/MacOS/plugins/libgradfun_plugin.dylib: signed Mach-O thin (arm64) [libgradfun_plugin-555549440a8c3f3df7b43a119ab95a4e41b86224]
VLC.app/Contents/MacOS/plugins/libcdda_plugin.dylib: replacing existing signature
VLC.app/Contents/MacOS/plugins/libcdda_plugin.dylib: signed Mach-O thin (arm64) [libcdda_plugin-555549440558daa68062386887847e1859db9020]
VLC.app/Contents/MacOS/plugins/liboldmovie_plugin.dylib: replacing existing signature
VLC.app/Contents/MacOS/plugins/liboldmovie_plugin.dylib: signed Mach-O thin (arm64) [liboldmovie_plugin-55554944d2922c019ff032858428c7b6f3d81529]
VLC.app/Contents/MacOS/plugins/libdav1d_plugin.dylib: replacing existing signature
VLC.app/Contents/MacOS/plugins/libdav1d_plugin.dylib: signed Mach-O thin (arm64) [libdav1d_plugin-55554944642f28e3cc8c30efb912912664935100]
VLC.app/Contents/MacOS/plugins/libparam_eq_plugin.dylib: replacing existing signature
VLC.app/Contents/MacOS/plugins/libparam_eq_plugin.dylib: signed Mach-O thin (arm64) [libparam_eq_plugin-55554944f6c7035501d53a51af964449e4723aa8]
VLC.app/Contents/MacOS/plugins/libaiff_plugin.dylib: replacing existing signature
VLC.app/Contents/MacOS/plugins/libaiff_plugin.dylib: signed Mach-O thin (arm64) [libaiff_plugin-55554944ac3107f0acb834fe90f5018bd328086b]
VLC.app/Contents/MacOS/plugins/libidummy_plugin.dylib: replacing existing signature
VLC.app/Contents/MacOS/plugins/libidummy_plugin.dylib: signed Mach-O thin (arm64) [libidummy_plugin-55554944239422aa18e23ee0b65bb69aa724e09b]
VLC.app/Contents/MacOS/plugins/libhttp_plugin.dylib: replacing existing signature
VLC.app/Contents/MacOS/plugins/libhttp_plugin.dylib: signed Mach-O thin (arm64) [libhttp_plugin-55554944985a57d36e5f30eabd03e5ae3b2f3362]
VLC.app/Contents/MacOS/plugins/librv32_plugin.dylib: replacing existing signature
VLC.app/Contents/MacOS/plugins/librv32_plugin.dylib: signed Mach-O thin (arm64) [librv32_plugin-5555494473accd4dd0043ade8a508a6988badfe2]
VLC.app/Contents/MacOS/plugins/libbluray-j2se-1.4.1.jar: signed generic [libbluray-j2se-1-57890769e6de34e8751b026b289272e8b80f8632]
VLC.app/Contents/MacOS/plugins/libaudiotoolboxmidi_plugin.dylib: replacing existing signature
VLC.app/Contents/MacOS/plugins/libaudiotoolboxmidi_plugin.dylib: signed Mach-O thin (arm64) [libaudiotoolboxmidi_plugin-555549446d7bb624d78b312fad75d74b2808c56a]
VLC.app/Contents/MacOS/plugins/libes_plugin.dylib: replacing existing signature
VLC.app/Contents/MacOS/plugins/libes_plugin.dylib: signed Mach-O thin (arm64) [libes_plugin-55554944c54cdb68491733768c8205af267d9cf3]
VLC.app/Contents/MacOS/plugins/libjpeg_plugin.dylib: replacing existing signature
VLC.app/Contents/MacOS/plugins/libjpeg_plugin.dylib: signed Mach-O thin (arm64) [libjpeg_plugin-55554944cf5f62567f093d6f9f431cf26cac8993]
VLC.app/Contents/MacOS/plugins/libnetsync_plugin.dylib: replacing existing signature
VLC.app/Contents/MacOS/plugins/libnetsync_plugin.dylib: signed Mach-O thin (arm64) [libnetsync_plugin-555549449acda10096db331b988590393c3352bd]
VLC.app/Contents/MacOS/plugins/libfilesystem_plugin.dylib: replacing existing signature
VLC.app/Contents/MacOS/plugins/libfilesystem_plugin.dylib: signed Mach-O thin (arm64) [libfilesystem_plugin-55554944ede24d8bf13f3b17994127b746ae6806]
VLC.app/Contents/MacOS/plugins/libstream_out_bridge_plugin.dylib: replacing existing signature
VLC.app/Contents/MacOS/plugins/libstream_out_bridge_plugin.dylib: signed Mach-O thin (arm64) [libstream_out_bridge_plugin-55554944fe991224f57d33cd94710208b6c7a8a7]
VLC.app/Contents/MacOS/plugins/libkate_plugin.dylib: replacing existing signature
VLC.app/Contents/MacOS/plugins/libkate_plugin.dylib: signed Mach-O thin (arm64) [libkate_plugin-55554944afdf551e79a13e3a9b9c3847b2a48b49]
VLC.app/Contents/MacOS/plugins/libaribsub_plugin.dylib: replacing existing signature
VLC.app/Contents/MacOS/plugins/libaribsub_plugin.dylib: signed Mach-O thin (arm64) [libaribsub_plugin-55554944a88ad0e122353a09a9cc9b8d34d5f710]
VLC.app/Contents/MacOS/plugins/libps_plugin.dylib: replacing existing signature
VLC.app/Contents/MacOS/plugins/libps_plugin.dylib: signed Mach-O thin (arm64) [libps_plugin-55554944eb3bb46e0f943a41a8c6906a634386f4]
VLC.app/Contents/MacOS/plugins/liberase_plugin.dylib: replacing existing signature
VLC.app/Contents/MacOS/plugins/liberase_plugin.dylib: signed Mach-O thin (arm64) [liberase_plugin-555549442c693792605f3eb0bf29417fcc631f2d]
VLC.app/Contents/MacOS/plugins/libadaptive_plugin.dylib: replacing existing signature
VLC.app/Contents/MacOS/plugins/libadaptive_plugin.dylib: signed Mach-O thin (arm64) [libadaptive_plugin-5555494471f5ad26102538fdabd170df386422e8]
VLC.app/Contents/MacOS/plugins/librecord_plugin.dylib: replacing existing signature
VLC.app/Contents/MacOS/plugins/librecord_plugin.dylib: signed Mach-O thin (arm64) [librecord_plugin-555549443918e7de3d213765b1deb6cc24c5bca4]
VLC.app/Contents/MacOS/plugins/libstream_out_standard_plugin.dylib: replacing existing signature
VLC.app/Contents/MacOS/plugins/libstream_out_standard_plugin.dylib: signed Mach-O thin (arm64) [libstream_out_standard_plugin-55554944f45451e16c7b3965bd8d0877ae16eb9c]
VLC.app/Contents/MacOS/plugins/libsubstx3g_plugin.dylib: replacing existing signature
VLC.app/Contents/MacOS/plugins/libsubstx3g_plugin.dylib: signed Mach-O thin (arm64) [libsubstx3g_plugin-555549446f9006ab17bf3016b97edab5a1bfc471]
VLC.app/Contents/MacOS/plugins/libdeinterlace_plugin.dylib: replacing existing signature
VLC.app/Contents/MacOS/plugins/libdeinterlace_plugin.dylib: signed Mach-O thin (arm64) [libdeinterlace_plugin-5555494410b6fc31fcd4371881648e840bf8add1]
VLC.app/Contents/MacOS/plugins/libuleaddvaudio_plugin.dylib: replacing existing signature
VLC.app/Contents/MacOS/plugins/libuleaddvaudio_plugin.dylib: signed Mach-O thin (arm64) [libuleaddvaudio_plugin-55554944e54586d9e63b3154b686f51543d334ae]
VLC.app/Contents/MacOS/plugins/libadf_plugin.dylib: replacing existing signature
VLC.app/Contents/MacOS/plugins/libadf_plugin.dylib: signed Mach-O thin (arm64) [libadf_plugin-555549448078a05bf379392588660e979ca119e3]
VLC.app/Contents/MacOS/plugins/libmux_avi_plugin.dylib: replacing existing signature
VLC.app/Contents/MacOS/plugins/libmux_avi_plugin.dylib: signed Mach-O thin (arm64) [libmux_avi_plugin-5555494455e0b2a537833eaab7092de8c0dbc472]
VLC.app/Contents/MacOS/plugins/libdemux_cdg_plugin.dylib: replacing existing signature
VLC.app/Contents/MacOS/plugins/libdemux_cdg_plugin.dylib: signed Mach-O thin (arm64) [libdemux_cdg_plugin-555549449a6e23ee990037a09431926d463ada09]
VLC.app/Contents/MacOS/plugins/libimem_plugin.dylib: replacing existing signature
VLC.app/Contents/MacOS/plugins/libimem_plugin.dylib: signed Mach-O thin (arm64) [libimem_plugin-55554944df6bf5912d873c9ea897e22cf9f74ba1]
VLC.app/Contents/MacOS/plugins/liblibbluray_plugin.dylib: replacing existing signature
VLC.app/Contents/MacOS/plugins/liblibbluray_plugin.dylib: signed Mach-O thin (arm64) [liblibbluray_plugin-555549446b33622ffb863fcb85805333f45dba1c]
VLC.app/Contents/MacOS/plugins/libtelx_plugin.dylib: replacing existing signature
VLC.app/Contents/MacOS/plugins/libtelx_plugin.dylib: signed Mach-O thin (arm64) [libtelx_plugin-55554944a0189374c59737ffaaf6e9de97645e55]
VLC.app/Contents/MacOS/plugins/libdemux_stl_plugin.dylib: replacing existing signature
VLC.app/Contents/MacOS/plugins/libdemux_stl_plugin.dylib: signed Mach-O thin (arm64) [libdemux_stl_plugin-555549447e46f56153cc3fb7acc3d5e64f9b4021]
VLC.app/Contents/MacOS/plugins/libts_plugin.dylib: replacing existing signature
VLC.app/Contents/MacOS/plugins/libts_plugin.dylib: signed Mach-O thin (arm64) [libts_plugin-5555494405b4c2b5e28f3bb7bd422ce92b00f154]
VLC.app/Contents/MacOS/plugins/libextract_plugin.dylib: replacing existing signature
VLC.app/Contents/MacOS/plugins/libextract_plugin.dylib: signed Mach-O thin (arm64) [libextract_plugin-55554944f46b6f10db5936cca84e98a25ffef309]
VLC.app/Contents/MacOS/plugins/libpacketizer_mpeg4audio_plugin.dylib: replacing existing signature
VLC.app/Contents/MacOS/plugins/libpacketizer_mpeg4audio_plugin.dylib: signed Mach-O thin (arm64) [libpacketizer_mpeg4audio_plugin-55554944fb894eecf71e3e519d1f2452e94fb017]
VLC.app/Contents/MacOS/plugins/libremap_plugin.dylib: replacing existing signature
VLC.app/Contents/MacOS/plugins/libremap_plugin.dylib: signed Mach-O thin (arm64) [libremap_plugin-555549447580a5cf902434d1bc4860bd7328cce3]
VLC.app/Contents/MacOS/plugins/libaudiobargraph_v_plugin.dylib: replacing existing signature
VLC.app/Contents/MacOS/plugins/libaudiobargraph_v_plugin.dylib: signed Mach-O thin (arm64) [libaudiobargraph_v_plugin-55554944192e8ebcb90631e0985b83b41602b828]
VLC.app/Contents/MacOS/plugins/libpacketizer_hevc_plugin.dylib: replacing existing signature
VLC.app/Contents/MacOS/plugins/libpacketizer_hevc_plugin.dylib: signed Mach-O thin (arm64) [libpacketizer_hevc_plugin-55554944ed8510511c0132baa1014e76fe186eb9]
VLC.app/Contents/MacOS/plugins/librist_plugin.dylib: replacing existing signature
VLC.app/Contents/MacOS/plugins/librist_plugin.dylib: signed Mach-O thin (arm64) [librist_plugin-555549447e265f715fa43be3b4e41c21e2892bcd]
VLC.app/Contents/MacOS/plugins/libfile_logger_plugin.dylib: replacing existing signature
VLC.app/Contents/MacOS/plugins/libfile_logger_plugin.dylib: signed Mach-O thin (arm64) [libfile_logger_plugin-5555494488387e891da538fda1a6dc8b030a2284]
VLC.app/Contents/MacOS/plugins/libtta_plugin.dylib: replacing existing signature
VLC.app/Contents/MacOS/plugins/libtta_plugin.dylib: signed Mach-O thin (arm64) [libtta_plugin-55554944b11d015a93963a46b0cb04e280b15a55]
VLC.app/Contents/MacOS/plugins/libdirectory_demux_plugin.dylib: replacing existing signature
VLC.app/Contents/MacOS/plugins/libdirectory_demux_plugin.dylib: signed Mach-O thin (arm64) [libdirectory_demux_plugin-55554944c3950b462b0231e2a1e672fe4c666020]
VLC.app/Contents/MacOS/plugins/libspatialaudio_plugin.dylib: replacing existing signature
VLC.app/Contents/MacOS/plugins/libspatialaudio_plugin.dylib: signed Mach-O thin (arm64) [libspatialaudio_plugin-55554944b4e7e2f03851336f9f98a7f8b29b5cbb]
VLC.app/Contents/MacOS/plugins/libsimple_channel_mixer_plugin.dylib: replacing existing signature
VLC.app/Contents/MacOS/plugins/libsimple_channel_mixer_plugin.dylib: signed Mach-O thin (arm64) [libsimple_channel_mixer_plugin-55554944f80939b5d44834f6bfc88007752f9f64]
VLC.app/Contents/MacOS/plugins/libh26x_plugin.dylib: replacing existing signature
VLC.app/Contents/MacOS/plugins/libh26x_plugin.dylib: signed Mach-O thin (arm64) [libh26x_plugin-55554944a0149d28dbe63a72b6276e4b2e4b5705]
VLC.app/Contents/MacOS/plugins/libg711_plugin.dylib: replacing existing signature
VLC.app/Contents/MacOS/plugins/libg711_plugin.dylib: signed Mach-O thin (arm64) [libg711_plugin-555549446243960d8bf635b1b242b7ba0262e842]
VLC.app/Contents/MacOS/plugins/liblive555_plugin.dylib: replacing existing signature
VLC.app/Contents/MacOS/plugins/liblive555_plugin.dylib: signed Mach-O thin (arm64) [liblive555_plugin-555549447f04700902ff33199509b7f433dd031e]
VLC.app/Contents/MacOS/plugins/libttml_plugin.dylib: replacing existing signature
VLC.app/Contents/MacOS/plugins/libttml_plugin.dylib: signed Mach-O thin (arm64) [libttml_plugin-55554944f22f38f4dcdc30f7b903cb0d8c8efeae]
VLC.app/Contents/MacOS/plugins/libvdummy_plugin.dylib: replacing existing signature
VLC.app/Contents/MacOS/plugins/libvdummy_plugin.dylib: signed Mach-O thin (arm64) [libvdummy_plugin-55554944ba640afbf47d3f839821b89aa555b439]
VLC.app/Contents/MacOS/plugins/libogg_plugin.dylib: replacing existing signature
VLC.app/Contents/MacOS/plugins/libogg_plugin.dylib: signed Mach-O thin (arm64) [libogg_plugin-555549442c73618470793dac9c9ce7a6ef438df5]
VLC.app/Contents/MacOS/plugins/libau_plugin.dylib: replacing existing signature
VLC.app/Contents/MacOS/plugins/libau_plugin.dylib: signed Mach-O thin (arm64) [libau_plugin-55554944251a46560c3a3814916cb9891edaeb49]
VLC.app/Contents/MacOS/plugins/libnsc_plugin.dylib: replacing existing signature
VLC.app/Contents/MacOS/plugins/libnsc_plugin.dylib: signed Mach-O thin (arm64) [libnsc_plugin-5555494419a5338dff6632809cf11deab345aa30]
VLC.app/Contents/MacOS/plugins/libyuv_plugin.dylib: replacing existing signature
VLC.app/Contents/MacOS/plugins/libyuv_plugin.dylib: signed Mach-O thin (arm64) [libyuv_plugin-55554944c74f90afe918398cafc0d1eb02bd0951]
VLC.app/Contents/MacOS/plugins/libafile_plugin.dylib: replacing existing signature
VLC.app/Contents/MacOS/plugins/libafile_plugin.dylib: signed Mach-O thin (arm64) [libafile_plugin-55554944e14c4dd34a00390ca943de89b9ed4d04]
VLC.app/Contents/MacOS/plugins/libstream_out_mosaic_bridge_plugin.dylib: replacing existing signature
VLC.app/Contents/MacOS/plugins/libstream_out_mosaic_bridge_plugin.dylib: signed Mach-O thin (arm64) [libstream_out_mosaic_bridge_plugin-5555494471b7e40b40f535c6a5783673afe60da5]
VLC.app/Contents/MacOS/plugins/libmp4_plugin.dylib: replacing existing signature
VLC.app/Contents/MacOS/plugins/libmp4_plugin.dylib: signed Mach-O thin (arm64) [libmp4_plugin-55554944722c7e920f173f7490ae761a3fdbb52f]
VLC.app/Contents/MacOS/plugins/liboggspots_plugin.dylib: replacing existing signature
VLC.app/Contents/MacOS/plugins/liboggspots_plugin.dylib: signed Mach-O thin (arm64) [liboggspots_plugin-555549448123f077144132bb841b7c83204fe47a]
VLC.app/Contents/MacOS/plugins/libpacketizer_mpeg4video_plugin.dylib: replacing existing signature
VLC.app/Contents/MacOS/plugins/libpacketizer_mpeg4video_plugin.dylib: signed Mach-O thin (arm64) [libpacketizer_mpeg4video_plugin-555549446366e97efd233b59814d57f78bfbb7bf]
VLC.app/Contents/MacOS/plugins/libavaudiocapture_plugin.dylib: replacing existing signature
VLC.app/Contents/MacOS/plugins/libavaudiocapture_plugin.dylib: signed Mach-O thin (arm64) [libavaudiocapture_plugin-5555494499e4a6c321a03fdb94ef1042d33a3d18]
VLC.app/Contents/MacOS/plugins/libncurses_plugin.dylib: replacing existing signature
VLC.app/Contents/MacOS/plugins/libncurses_plugin.dylib: signed Mach-O thin (arm64) [libncurses_plugin-55554944d60bb1498a8537f4a397da523a4374c8]
VLC.app/Contents/MacOS/plugins/libdynamicoverlay_plugin.dylib: replacing existing signature
VLC.app/Contents/MacOS/plugins/libdynamicoverlay_plugin.dylib: signed Mach-O thin (arm64) [libdynamicoverlay_plugin-555549446a7af315b4bb38d8a27fe9888aeb77f6]
VLC.app/Contents/MacOS/plugins/libmacosx_plugin.dylib: replacing existing signature
VLC.app/Contents/MacOS/plugins/libmacosx_plugin.dylib: signed Mach-O thin (arm64) [libmacosx_plugin-555549448689b67e478136029ebaaf5882a9a13c]
VLC.app/Contents/MacOS/plugins/libshm_plugin.dylib: replacing existing signature
VLC.app/Contents/MacOS/plugins/libshm_plugin.dylib: signed Mach-O thin (arm64) [libshm_plugin-55554944aad85990e586373a8f5736b1e229cfd9]
VLC.app/Contents/MacOS/plugins/libstream_out_chromecast_plugin.dylib: replacing existing signature
VLC.app/Contents/MacOS/plugins/libstream_out_chromecast_plugin.dylib: signed Mach-O thin (arm64) [libstream_out_chromecast_plugin-5555494472270c838e943d52b7377261a72b197d]
VLC.app/Contents/MacOS/plugins/libflacsys_plugin.dylib: replacing existing signature
VLC.app/Contents/MacOS/plugins/libflacsys_plugin.dylib: signed Mach-O thin (arm64) [libflacsys_plugin-55554944fc3618f186b2384bb3bf27ff6fc48bd9]
VLC.app/Contents/MacOS/plugins/libaccess_mms_plugin.dylib: replacing existing signature
VLC.app/Contents/MacOS/plugins/libaccess_mms_plugin.dylib: signed Mach-O thin (arm64) [libaccess_mms_plugin-555549446b87ecae4d3735cea7a53dae07421117]
VLC.app/Contents/MacOS/plugins/libmod_plugin.dylib: replacing existing signature
VLC.app/Contents/MacOS/plugins/libmod_plugin.dylib: signed Mach-O thin (arm64) [libmod_plugin-55554944cb6cbae733cc353fb6bda9b2853a8b8b]
VLC.app/Contents/MacOS/plugins/libscaletempo_plugin.dylib: replacing existing signature
VLC.app/Contents/MacOS/plugins/libscaletempo_plugin.dylib: signed Mach-O thin (arm64) [libscaletempo_plugin-55554944df0ff88e4ec43d86b9f97aae08c9f3ec]
VLC.app/Contents/MacOS/plugins/libsyslog_plugin.dylib: replacing existing signature
VLC.app/Contents/MacOS/plugins/libsyslog_plugin.dylib: signed Mach-O thin (arm64) [libsyslog_plugin-55554944f67bc4aa15223f5f8e0f919f45d8fd9c]
VLC.app/Contents/MacOS/plugins/libmagnify_plugin.dylib: replacing existing signature
VLC.app/Contents/MacOS/plugins/libmagnify_plugin.dylib: signed Mach-O thin (arm64) [libmagnify_plugin-555549442689ea39d6893760bb12b52b2c188153]
VLC.app/Contents/MacOS/plugins/libstream_out_duplicate_plugin.dylib: replacing existing signature
VLC.app/Contents/MacOS/plugins/libstream_out_duplicate_plugin.dylib: signed Mach-O thin (arm64) [libstream_out_duplicate_plugin-55554944cdc13596fefc350bb00b3069667b2cc1]
VLC.app/Contents/MacOS/plugins/libsubsdelay_plugin.dylib: replacing existing signature
VLC.app/Contents/MacOS/plugins/libsubsdelay_plugin.dylib: signed Mach-O thin (arm64) [libsubsdelay_plugin-55554944559c166d575937b0853ea142f9f8b0a7]
VLC.app/Contents/MacOS/plugins/libswscale_plugin.dylib: replacing existing signature
VLC.app/Contents/MacOS/plugins/libswscale_plugin.dylib: signed Mach-O thin (arm64) [libswscale_plugin-55554944f2ee623f4b343b61877e3c2105a04482]
VLC.app/Contents/MacOS/plugins/libamem_plugin.dylib: replacing existing signature
VLC.app/Contents/MacOS/plugins/libamem_plugin.dylib: signed Mach-O thin (arm64) [libamem_plugin-555549447461ac5081753c56a1880bb6bb5f826f]
VLC.app/Contents/MacOS/plugins/libstream_out_smem_plugin.dylib: replacing existing signature
VLC.app/Contents/MacOS/plugins/libstream_out_smem_plugin.dylib: signed Mach-O thin (arm64) [libstream_out_smem_plugin-55554944723062c2d47b3972a2b7825cfb33ba68]
VLC.app/Contents/MacOS/plugins/libspeex_resampler_plugin.dylib: replacing existing signature
VLC.app/Contents/MacOS/plugins/libspeex_resampler_plugin.dylib: signed Mach-O thin (arm64) [libspeex_resampler_plugin-5555494453101cbe063b3850865d18044d5b04cc]
VLC.app/Contents/MacOS/plugins/plugins.dat: signed generic [plugins-bcb6e1661f9958c2a38e2b2dae518a6117832de0]
[[1;32mcodesign[0m] Signing the libraries
VLC.app/Contents/MacOS/lib/libvlc.5.dylib: replacing existing signature
VLC.app/Contents/MacOS/lib/libvlc.5.dylib: signed Mach-O thin (arm64) [libvlc.5]
VLC.app/Contents/MacOS/lib/libvlccore.9.dylib: replacing existing signature
VLC.app/Contents/MacOS/lib/libvlccore.9.dylib: signed Mach-O thin (arm64) [libvlccore.9]
[[1;32mcodesign[0m] Signing share
VLC.app/Contents/MacOS/share/locale/sl/LC_MESSAGES/vlc.mo: signed generic [vlc-85c85dab246698719c40fb58c7e85854ff25e91b]
VLC.app/Contents/MacOS/share/locale/sk/LC_MESSAGES/vlc.mo: signed generic [vlc-34efce8cbabe7631844c705df2a5ea2fc5707950]
VLC.app/Contents/MacOS/share/locale/mai/LC_MESSAGES/vlc.mo: signed generic [vlc-d60fbf00e38eaa4229a917715658eec88cb0d8c5]
VLC.app/Contents/MacOS/share/locale/sw/LC_MESSAGES/vlc.mo: signed generic [vlc-6e5f8a60c39736f7d1d15b05c0346976e891634e]
VLC.app/Contents/MacOS/share/locale/kab/LC_MESSAGES/vlc.mo: signed generic [vlc-abebf0163efeaa77525ea339d9d64dca1956432d]
VLC.app/Contents/MacOS/share/locale/ug/LC_MESSAGES/vlc.mo: signed generic [vlc-47ac1e604427e8852b8133564381db93466dbca2]
VLC.app/Contents/MacOS/share/locale/uz/LC_MESSAGES/vlc.mo: signed generic [vlc-74a7d5591601a5a2fb255568fdf3d0293d99af60]
VLC.app/Contents/MacOS/share/locale/pl/LC_MESSAGES/vlc.mo: signed generic [vlc-13387415359d5977b5cb2289fbe7ce373064c8e2]
VLC.app/Contents/MacOS/share/locale/sm/LC_MESSAGES/vlc.mo: signed generic [vlc-9857ce30240c11946f27d89b429b610e789d7ebe]
VLC.app/Contents/MacOS/share/locale/vi/LC_MESSAGES/vlc.mo: signed generic [vlc-a849741403978d0cbc64eb22c4a98a2539da656a]
VLC.app/Contents/MacOS/share/locale/sq/LC_MESSAGES/vlc.mo: signed generic [vlc-1df62a12655d64e3c06b1f2543f38bd509105183]
VLC.app/Contents/MacOS/share/locale/sv/LC_MESSAGES/vlc.mo: signed generic [vlc-2bfb67498c3ecc16831c9ad22813bc0a7c642c3f]
VLC.app/Contents/MacOS/share/locale/ga/LC_MESSAGES/vlc.mo: signed generic [vlc-ef8e7ddc6ab20eab8a8ee9df726a3cbc46a7f68f]
VLC.app/Contents/MacOS/share/locale/he/LC_MESSAGES/vlc.mo: signed generic [vlc-abb60abf5cc1ab364e22a2cfed87cb3b4c828de9]
VLC.app/Contents/MacOS/share/locale/ms/LC_MESSAGES/vlc.mo: signed generic [vlc-04c1732fbd0fd2910991ff1c6e1944c7856e2345]
VLC.app/Contents/MacOS/share/locale/km/LC_MESSAGES/vlc.mo: signed generic [vlc-c6d8c0ea4b6a4d5a3f200923cac77bfd049bc8e9]
VLC.app/Contents/MacOS/share/locale/am_ET/LC_MESSAGES/vlc.mo: signed generic [vlc-54793545f88d80dd5e24e2dc7ea57f83ecfc38f0]
VLC.app/Contents/MacOS/share/locale/hy/LC_MESSAGES/vlc.mo: signed generic [vlc-f7bb30955ab6df7f1e51c7beb5c5706232c814ce]
VLC.app/Contents/MacOS/share/locale/am/LC_MESSAGES/vlc.mo: signed generic [vlc-0fcd0c7614752973c24dd6caa3d35eb097bef1e8]
VLC.app/Contents/MacOS/share/locale/nn/LC_MESSAGES/vlc.mo: signed generic [vlc-c929eec6c2e7e60ea171bd914c3f6319d5b8fdf0]
VLC.app/Contents/MacOS/share/locale/be/LC_MESSAGES/vlc.mo: signed generic [vlc-745e18fbae433eee7fbb46cf6618c4a1ce408483]
VLC.app/Contents/MacOS/share/locale/da/LC_MESSAGES/vlc.mo: signed generic [vlc-dd007fe8b1a601b0d38cc7584b0dd9e36fd621f2]
VLC.app/Contents/MacOS/share/locale/mr/LC_MESSAGES/vlc.mo: signed generic [vlc-b7e8ea49cbb517af102bc5c4bdef0f69d80ac3f1]
VLC.app/Contents/MacOS/share/locale/kk/LC_MESSAGES/vlc.mo: signed generic [vlc-615f68c16a6429c0a5b14d96b1c48257e9e14327]
VLC.app/Contents/MacOS/share/locale/ky/LC_MESSAGES/vlc.mo: signed generic [vlc-4adc1a1d61a9538e5e656ee162eb9d2461880250]
VLC.app/Contents/MacOS/share/locale/gu/LC_MESSAGES/vlc.mo: signed generic [vlc-77d57906608e2138a1eb7c22a2c033acf374c19c]
VLC.app/Contents/MacOS/share/locale/mn/LC_MESSAGES/vlc.mo: signed generic [vlc-43809db13a10421715272d69de0f5005a2b85663]
VLC.app/Contents/MacOS/share/locale/pt_BR/LC_MESSAGES/vlc.mo: signed generic [vlc-c3ac8af111bad0e25a1c28d67be20985ef076c82]
VLC.app/Contents/MacOS/share/locale/ja/LC_MESSAGES/vlc.mo: signed generic [vlc-6290f8ae05c1d24839719fc891edd834c91b832e]
VLC.app/Contents/MacOS/share/locale/el/LC_MESSAGES/vlc.mo: signed generic [vlc-7295a4a1e36da1dbd868aa21cf693d385a8560eb]
VLC.app/Contents/MacOS/share/locale/lv/LC_MESSAGES/vlc.mo: signed generic [vlc-412305d3dc27b598fa02861b278266dc2f16d9d3]
VLC.app/Contents/MacOS/share/locale/oc/LC_MESSAGES/vlc.mo: signed generic [vlc-e3b4686a931c98dc6f751a8e3f2ea3667ad66d03]
VLC.app/Contents/MacOS/share/locale/fy/LC_MESSAGES/vlc.mo: signed generic [vlc-8997ab25ad70cb45f1d6d421c49951a4bf302040]
VLC.app/Contents/MacOS/share/locale/bn_IN/LC_MESSAGES/vlc.mo: signed generic [vlc-697df33d7d902284022fdd720ac775310e106cd3]
VLC.app/Contents/MacOS/share/locale/co/LC_MESSAGES/vlc.mo: signed generic [vlc-ec255f387c9d6311d827dc65b42bd5f98d6e27de]
VLC.app/Contents/MacOS/share/locale/it/LC_MESSAGES/vlc.mo: signed generic [vlc-73cfccaa93fc8acf10e7cc1e6d333b9caa47cf0b]
VLC.app/Contents/MacOS/share/locale/ca/LC_MESSAGES/vlc.mo: signed generic [vlc-3cc568540bc87cc8a67e75576302af3fe5c07e42]
VLC.app/Contents/MacOS/share/locale/zh_TW/LC_MESSAGES/vlc.mo: signed generic [vlc-954e89c39eb5bde17e923c9adfd792856644c61e]
VLC.app/Contents/MacOS/share/locale/is/LC_MESSAGES/vlc.mo: signed generic [vlc-c316710286020f2ba008c894b4708f68822008e2]
VLC.app/Contents/MacOS/share/locale/cs/LC_MESSAGES/vlc.mo: signed generic [vlc-d37ed1aff99a0dadd22ea2d5e0c5c0f27af13f29]
VLC.app/Contents/MacOS/share/locale/te/LC_MESSAGES/vlc.mo: signed generic [vlc-b3b80289f847d75e68cc0f85a9c709b4a4a5b3ad]
VLC.app/Contents/MacOS/share/locale/fur/LC_MESSAGES/vlc.mo: signed generic [vlc-189968cf8cd4ef5a763ef60d46ee77d6b88e8394]
VLC.app/Contents/MacOS/share/locale/pt_PT/LC_MESSAGES/vlc.mo: signed generic [vlc-3fd4e06cda56e1e245879d50eba94384950fcb43]
VLC.app/Contents/MacOS/share/locale/ach/LC_MESSAGES/vlc.mo: signed generic [vlc-2ca2e7ac398ea01a1227c4747cf875a79d82c70c]
VLC.app/Contents/MacOS/share/locale/ru/LC_MESSAGES/vlc.mo: signed generic [vlc-e8fb38cd31d29c086cbbb2f595cddd8f22370945]
VLC.app/Contents/MacOS/share/locale/ro/LC_MESSAGES/vlc.mo: signed generic [vlc-7b663f8399f2c524cedf68996bfbadf1e38c4976]
VLC.app/Contents/MacOS/share/locale/zh_CN/LC_MESSAGES/vlc.mo: signed generic [vlc-fa1d587b618abc9998624889d2ae07b02a04345b]
VLC.app/Contents/MacOS/share/locale/zu/LC_MESSAGES/vlc.mo: signed generic [vlc-48d6b172bdedd5b45070b326b04b9dc3aabb0983]
VLC.app/Contents/MacOS/share/locale/cgg/LC_MESSAGES/vlc.mo: signed generic [vlc-4f2cf70ff461e2e5b374926f36c58ca4422a14d7]
VLC.app/Contents/MacOS/share/locale/ps/LC_MESSAGES/vlc.mo: signed generic [vlc-429061e6c72e57696d1ce2345b460514be1b8433]
VLC.app/Contents/MacOS/share/locale/uk/LC_MESSAGES/vlc.mo: signed generic [vlc-0be9adc783964891f6507ae72843cc9b24254161]
VLC.app/Contents/MacOS/share/locale/sr/LC_MESSAGES/vlc.mo: signed generic [vlc-adaa22deb87d4015a08397d3879a5654f12d26c1]
VLC.app/Contents/MacOS/share/locale/brx/LC_MESSAGES/vlc.mo: signed generic [vlc-e2400a750efd90249e6309f3326a3523a0e0ea96]
VLC.app/Contents/MacOS/share/locale/pa/LC_MESSAGES/vlc.mo: signed generic [vlc-d488e4518a6853679056e2a61acf0ec0b515f398]
VLC.app/Contents/MacOS/share/locale/en_GB/LC_MESSAGES/vlc.mo: signed generic [vlc-ad238700aecaa0ecc3ae54e783b138edb96414bf]
VLC.app/Contents/MacOS/share/locale/si/LC_MESSAGES/vlc.mo: signed generic [vlc-a8753d13c12e5e90d306a5b7e1b5bf2090ead2bb]
VLC.app/Contents/MacOS/share/locale/ml/LC_MESSAGES/vlc.mo: signed generic [vlc-7b638142b04bcf8d16294c5d2774c2fd8d6bbd42]
VLC.app/Contents/MacOS/share/locale/es_MX/LC_MESSAGES/vlc.mo: signed generic [vlc-5484cde4ad68d6602e50c300f3183f4dcac23ae9]
VLC.app/Contents/MacOS/share/locale/mk/LC_MESSAGES/vlc.mo: signed generic [vlc-9b512c11e5a7265779a4547257ab91cc7255362f]
VLC.app/Contents/MacOS/share/locale/an/LC_MESSAGES/vlc.mo: signed generic [vlc-e89a6af97c5bbebeb3a09d0fdbf8dce1aa37e2fa]
VLC.app/Contents/MacOS/share/locale/kn/LC_MESSAGES/vlc.mo: signed generic [vlc-62a9e3ad2ac2c35b60de14add2842c57e8aab35f]
VLC.app/Contents/MacOS/share/locale/bs/LC_MESSAGES/vlc.mo: signed generic [vlc-66db3ad44561a9aa81d526a98b7d2b1f490f2836]
VLC.app/Contents/MacOS/share/locale/my/LC_MESSAGES/vlc.mo: signed generic [vlc-4344376ebd50fda33c373bffb4a262d34efde3df]
VLC.app/Contents/MacOS/share/locale/ar/LC_MESSAGES/vlc.mo: signed generic [vlc-a5b09ce67bb0122f209ecfaf774c9ac1657e2d13]
VLC.app/Contents/MacOS/share/locale/gl/LC_MESSAGES/vlc.mo: signed generic [vlc-92c55c69ee006a3649c6f64bd1eb94d8b5b41598]
VLC.app/Contents/MacOS/share/locale/hr/LC_MESSAGES/vlc.mo: signed generic [vlc-cbbdbb747cbd70551510e85144b892313fc1c4b3]
VLC.app/Contents/MacOS/share/locale/hu/LC_MESSAGES/vlc.mo: signed generic [vlc-b2d4d0194b34fc3ef0821a60c17f808073a9f160]
VLC.app/Contents/MacOS/share/locale/nl/LC_MESSAGES/vlc.mo: signed generic [vlc-fc3ad0c1f17a28a53a2ba92a97d367c27df12fbb]
VLC.app/Contents/MacOS/share/locale/or_IN/LC_MESSAGES/vlc.mo: signed generic [vlc-fc8bb08fe30c74f4985d602da1480c9f246545f5]
VLC.app/Contents/MacOS/share/locale/bg/LC_MESSAGES/vlc.mo: signed generic [vlc-addac32fb3b0334d158e25691a5ef5fcd2157cb6]
VLC.app/Contents/MacOS/share/locale/bn/LC_MESSAGES/vlc.mo: signed generic [vlc-371cc22a236bd490f3bdf3e5ed781b181f45ffe5]
VLC.app/Contents/MacOS/share/locale/ne/LC_MESSAGES/vlc.mo: signed generic [vlc-20e25b48555b8f6f1a41d4984757d1b7e16c49f7]
VLC.app/Contents/MacOS/share/locale/ast/LC_MESSAGES/vlc.mo: signed generic [vlc-d1ca1557948e1d0be97c1f0b1eb54e9c250bfadf]
VLC.app/Contents/MacOS/share/locale/af/LC_MESSAGES/vlc.mo: signed generic [vlc-7fb741ff12d411377fde3f86237b10339970bb30]
VLC.app/Contents/MacOS/share/locale/nb/LC_MESSAGES/vlc.mo: signed generic [vlc-aab0dc38412a3b2f3b45a483d641826784354b1c]
VLC.app/Contents/MacOS/share/locale/hi/LC_MESSAGES/vlc.mo: signed generic [vlc-f6d38b256faee1dca987845aedb070ac644c0714]
VLC.app/Contents/MacOS/share/locale/ka/LC_MESSAGES/vlc.mo: signed generic [vlc-694e22def4080a5e443dc1a17bb345bb2bfd4202]
VLC.app/Contents/MacOS/share/locale/de/LC_MESSAGES/vlc.mo: signed generic [vlc-bd7d67a75febcb914e3b2561a932ae81d152b0a3]
VLC.app/Contents/MacOS/share/locale/as/LC_MESSAGES/vlc.mo: signed generic [vlc-4637990f2a6e039ad05e846779a728b990bd9e50]
VLC.app/Contents/MacOS/share/locale/ks_IN/LC_MESSAGES/vlc.mo: signed generic [vlc-3cb247b8d5c825116002471ba53859a8d4383908]
VLC.app/Contents/MacOS/share/locale/gd/LC_MESSAGES/vlc.mo: signed generic [vlc-b1cc582edd6f9e45d82f29c15e2a299e3b28d15f]
VLC.app/Contents/MacOS/share/locale/br/LC_MESSAGES/vlc.mo: signed generic [vlc-f4238ebec7cce16f333c21b12e57a9b9cc6882bc]
VLC.app/Contents/MacOS/share/locale/ko/LC_MESSAGES/vlc.mo: signed generic [vlc-cdbfb1a5c4ad0da6421525c1521e8456b46f7625]
VLC.app/Contents/MacOS/share/locale/ca@valencia/LC_MESSAGES/vlc.mo: signed generic [vlc-6e0031dc09b5906da25b32ab3dcb053881ed79ff]
VLC.app/Contents/MacOS/share/locale/fi/LC_MESSAGES/vlc.mo: signed generic [vlc-cd83109465391a394a40929a84ac7e9d9f0bc6d7]
VLC.app/Contents/MacOS/share/locale/eo/LC_MESSAGES/vlc.mo: signed generic [vlc-a2b48c30e1c4a568966e13903cfba2b3649673dd]
VLC.app/Contents/MacOS/share/locale/id/LC_MESSAGES/vlc.mo: signed generic [vlc-1b55b468fcfa44d07df527920c9a5750d54f56dd]
VLC.app/Contents/MacOS/share/locale/fr/LC_MESSAGES/vlc.mo: signed generic [vlc-c5c07505b0987b8b8c9e91a7ee3cf14404bad6fe]
VLC.app/Contents/MacOS/share/locale/lg/LC_MESSAGES/vlc.mo: signed generic [vlc-732362c847a6deee469534a9f72913a98f5433a6]
VLC.app/Contents/MacOS/share/locale/es/LC_MESSAGES/vlc.mo: signed generic [vlc-4b7f43e438e8e32124d77870bce15c906a4932b1]
VLC.app/Contents/MacOS/share/locale/et/LC_MESSAGES/vlc.mo: signed generic [vlc-01702a35d656e5bfe32d47f3fd5e3fe230ec9e29]
VLC.app/Contents/MacOS/share/locale/ie/LC_MESSAGES/vlc.mo: signed generic [vlc-d9e45d69dd144ed420b88e181d523fc9120c777c]
VLC.app/Contents/MacOS/share/locale/fa/LC_MESSAGES/vlc.mo: signed generic [vlc-96288e9028d8fdb7aece7c5ec3fa2bc133ce6d44]
VLC.app/Contents/MacOS/share/locale/lt/LC_MESSAGES/vlc.mo: signed generic [vlc-123b58bcf78009b5673695e580eaa370652c89d3]
VLC.app/Contents/MacOS/share/locale/ff/LC_MESSAGES/vlc.mo: signed generic [vlc-1e7e5685b92f27f5189bf9e98047c7487bc74cf7]
VLC.app/Contents/MacOS/share/locale/cy/LC_MESSAGES/vlc.mo: signed generic [vlc-87d3eb609a76d4f44a82696e4901d0e3134800e6]
VLC.app/Contents/MacOS/share/locale/eu/LC_MESSAGES/vlc.mo: signed generic [vlc-d30596e135635c471f5a0454f8e7825d97e61759]
VLC.app/Contents/MacOS/share/locale/lo/LC_MESSAGES/vlc.mo: signed generic [vlc-80fd41a68866beb6e55bc5ada4a32d188f558863]
VLC.app/Contents/MacOS/share/locale/tt/LC_MESSAGES/vlc.mo: signed generic [vlc-7f90739024e240c26f8af938bea7aa834161a158]
VLC.app/Contents/MacOS/share/locale/ta/LC_MESSAGES/vlc.mo: signed generic [vlc-ccb022ee54a18fa1c2aa36f1a1af4bcaefe13263]
VLC.app/Contents/MacOS/share/locale/th/LC_MESSAGES/vlc.mo: signed generic [vlc-25fe3617e3d8569ebda01ae2edff087fadbf7776]
VLC.app/Contents/MacOS/share/locale/tr/LC_MESSAGES/vlc.mo: signed generic [vlc-2f4b2d53bcb4be5323a6d50b25e2908d200ad9f5]
VLC.app/Contents/MacOS/share/locale/wa/LC_MESSAGES/vlc.mo: signed generic [vlc-c17f82fefb51487770a30b4183f33f335e57de95]
VLC.app/Contents/MacOS/share/locale/ku_IQ/LC_MESSAGES/vlc.mo: signed generic [vlc-8b36491b52de4088a1de127d2beb50b05cb87f1e]
VLC.app/Contents/MacOS/share/lua/sd/jamendo.luac: signed generic [jamendo-759c2dc7abfa5a03029851f13d09b0ba714c716e]
VLC.app/Contents/MacOS/share/lua/sd/icecast.luac: signed generic [icecast-f3c8aca96ec8fa434d716888cde254ecbc15725c]
VLC.app/Contents/MacOS/share/lua/playlist/newgrounds.luac: signed generic [newgrounds-566c805c4213af6d9cc52fee2caafa667e85c511]
VLC.app/Contents/MacOS/share/lua/playlist/vocaroo.luac: signed generic [vocaroo-ceeb6f689e5c3703a482fe0495bfd44e04b311f2]
VLC.app/Contents/MacOS/share/lua/playlist/soundcloud.luac: signed generic [soundcloud-8d233d452ee02216f5de5bca5717c4ae24c8e04f]
VLC.app/Contents/MacOS/share/lua/playlist/jamendo.luac: signed generic [jamendo-6f10cac0a40e529a1949ad4facb7b49c9f3b7e2b]
VLC.app/Contents/MacOS/share/lua/playlist/anevia_xml.luac: signed generic [anevia_xml-2cca20172767a5036662e908b2d602539ecfe0e7]
VLC.app/Contents/MacOS/share/lua/playlist/bbc_co_uk.luac: signed generic [bbc_co_uk-dbdc175f7fe1d969db0c5f2ed7b27c0769a5ad8c]
VLC.app/Contents/MacOS/share/lua/playlist/appletrailers.luac: signed generic [appletrailers-1c843da2c60ab2d39ece13420455df8bf624e3d6]
VLC.app/Contents/MacOS/share/lua/playlist/liveleak.luac: signed generic [liveleak-0343d493540b07dda8cb1b44362eeaa62e12d3e7]
VLC.app/Contents/MacOS/share/lua/playlist/rockbox_fm_presets.luac: signed generic [rockbox_fm_presets-f5d6efb0fa15af2a4f5cec07dbd3d099d20ba52a]
VLC.app/Contents/MacOS/share/lua/playlist/twitch.luac: signed generic [twitch-66593e0c473972c05e262dec27ff179992243d25]
VLC.app/Contents/MacOS/share/lua/playlist/cue.luac: signed generic [cue-44ccc33adf3590a5d6921ce1be5e75e87c011129]
VLC.app/Contents/MacOS/share/lua/playlist/anevia_streams.luac: signed generic [anevia_streams-c8f295a19ed668a0241719c35932c0519e785e63]
VLC.app/Contents/MacOS/share/lua/playlist/dailymotion.luac: signed generic [dailymotion-8206fe0886c97813f194618c19cecaebff82a48e]
VLC.app/Contents/MacOS/share/lua/playlist/koreus.luac: signed generic [koreus-682102d4c7ad87af314395241a3ff0c61814cbc8]
VLC.app/Contents/MacOS/share/lua/playlist/vimeo.luac: signed generic [vimeo-b996c8e7bd2ddd275bf1361ae0eb1de631e79ff3]
VLC.app/Contents/MacOS/share/lua/meta/reader/filename.luac: signed generic [filename-088c42226a3e3eb0d4194ae0754e378e728fd4c0]
VLC.app/Contents/MacOS/share/lua/meta/art/02_frenchtv.luac: signed generic [02_frenchtv-eb904079cc2ebbb452b88454db13cdf5cb55aa64]
VLC.app/Contents/MacOS/share/lua/meta/art/03_lastfm.luac: signed generic [03_lastfm-a3f11389ebb9eee53fffa533581bc64e4442afec]
VLC.app/Contents/MacOS/share/lua/meta/art/01_googleimage.luac: signed generic [01_googleimage-ea77933a855a72aabfe1649b923cd6066d18b464]
VLC.app/Contents/MacOS/share/lua/meta/art/00_musicbrainz.luac: signed generic [00_musicbrainz-7b6e843278e2454e4590567e1de1071d9eb01259]
VLC.app/Contents/MacOS/share/lua/extensions/VLSub.luac: signed generic [VLSub-87b89ca81bf400fb3e8a9f7b38e6b80e0370338b]
VLC.app/Contents/MacOS/share/lua/http/favicon.ico: signed generic [favicon-2353afb5c229987df63696fb48bdf840aa208791]
VLC.app/Contents/MacOS/share/lua/http/index.html: signed generic [index-6b262196d766724c83bdac111ddf52b896edd937]
VLC.app/Contents/MacOS/share/lua/http/custom.lua: signed generic [custom-0ca02729ccc616d182f85467947eb24c4318f53e]
VLC.app/Contents/MacOS/share/lua/http/css/main.css: signed generic [main-7c571435113e3c73f95026e11e38b46e3096aaef]
VLC.app/Contents/MacOS/share/lua/http/css/ui-lightness/images/ui-icons_ef8c08_256x240.png: signed generic [ui-icons_ef8c08_256x240-60213b56c68d6253bb1941bceea7899608fa0901]
VLC.app/Contents/MacOS/share/lua/http/css/ui-lightness/images/ui-bg_diagonals-thick_18_b81900_40x40.png: signed generic [ui-bg_diagonals-thick_18_b81900_40x40-182e0e40ea9ce075d70dac695ce89b2f8c215a11]
VLC.app/Contents/MacOS/share/lua/http/css/ui-lightness/images/ui-bg_glass_100_f6f6f6_1x400.png: signed generic [ui-bg_glass_100_f6f6f6_1x400-0e2d4e277ccaba84f60f1f9d6c5aa27bf4f5386a]
VLC.app/Contents/MacOS/share/lua/http/css/ui-lightness/images/ui-bg_gloss-wave_35_f6a828_500x100.png: signed generic [ui-bg_gloss-wave_35_f6a828_500x100-d007d4344be5703f1ddd8a9dfe443ce6f4ca71bb]
VLC.app/Contents/MacOS/share/lua/http/css/ui-lightness/images/ui-bg_highlight-soft_100_eeeeee_1x100.png: signed generic [ui-bg_highlight-soft_100_eeeeee_1x100-88e3777e42b562ff111bab862a89264da36c5fbc]
VLC.app/Contents/MacOS/share/lua/http/css/ui-lightness/images/ui-bg_highlight-soft_75_ffe45c_1x100.png: signed generic [ui-bg_highlight-soft_75_ffe45c_1x100-1331b2a5e54319a575e6ecf90c8187cf0f373fa6]
VLC.app/Contents/MacOS/share/lua/http/css/ui-lightness/images/ui-bg_glass_65_ffffff_1x400.png: signed generic [ui-bg_glass_65_ffffff_1x400-aac8d38e7ad1fe569b77923b2cde3da6fdd71a40]
VLC.app/Contents/MacOS/share/lua/http/css/ui-lightness/images/ui-icons_228ef1_256x240.png: signed generic [ui-icons_228ef1_256x240-7d7a0c57ef6d0c0c2e6899deceaa190e05cc1eab]
VLC.app/Contents/MacOS/share/lua/http/css/ui-lightness/images/ui-bg_diagonals-thick_20_666666_40x40.png: signed generic [ui-bg_diagonals-thick_20_666666_40x40-74a7e1bf795a281541c6b2ceaf77060681e64d5d]
VLC.app/Contents/MacOS/share/lua/http/css/ui-lightness/images/ui-bg_glass_100_fdf5ce_1x400.png: signed generic [ui-bg_glass_100_fdf5ce_1x400-10e7afee0d86aef1d82cd9edf3a9a323db8696be]
VLC.app/Contents/MacOS/share/lua/http/css/ui-lightness/images/ui-icons_ffffff_256x240.png: signed generic [ui-icons_ffffff_256x240-fe83d47a2a6ca61b6ae9997c4fafb12738a282b7]
VLC.app/Contents/MacOS/share/lua/http/css/ui-lightness/images/ui-icons_222222_256x240.png: signed generic [ui-icons_222222_256x240-3a1bbe8ffef42c999b26b2d4bed4a4690a1e9e3b]
VLC.app/Contents/MacOS/share/lua/http/css/ui-lightness/images/ui-icons_ffd27a_256x240.png: signed generic [ui-icons_ffd27a_256x240-186eb155681076f159e25b34464a22637205baab]
VLC.app/Contents/MacOS/share/lua/http/css/ui-lightness/images/ui-bg_flat_10_000000_40x100.png: signed generic [ui-bg_flat_10_000000_40x100-f568d061917eb74853c955dd2dc87e098a1a49f2]
VLC.app/Contents/MacOS/share/lua/http/css/ui-lightness/jquery-ui-1.8.13.custom.css: signed generic [jquery-ui-1.8.13.custom]
VLC.app/Contents/MacOS/share/lua/http/css/mobile.css: signed generic [mobile-45477ab1c37f96024a3734a2d38ab036c003c8b3]
VLC.app/Contents/MacOS/share/lua/http/images/vlc16x16.png: signed generic [vlc16x16-5208ab4fe4fb80ea154b4dd4afc6bc59eec34044]
VLC.app/Contents/MacOS/share/lua/http/images/Video-48.png: signed generic [Video-48-82e0eebfefd8d0f66f38ce6338fd353db5aef0b2]
VLC.app/Contents/MacOS/share/lua/http/images/Other-48.png: signed generic [Other-48-80a2de9df9369253ecf7c1118d6e1d02384f1ba0]
VLC.app/Contents/MacOS/share/lua/http/images/speaker-32.png: signed generic [speaker-32-a4f202528d7d36569448fddb2cf32cbc63c798b5]
VLC.app/Contents/MacOS/share/lua/http/images/buttons.png: signed generic [buttons-25396f2cd88001fee9aa40758d37433352a12f0a]
VLC.app/Contents/MacOS/share/lua/http/images/vlc-48.png: signed generic [vlc-48-e61eb558e07c26cb8acd78c9e4f5a9ba58565d4a]
VLC.app/Contents/MacOS/share/lua/http/images/Back-48.png: signed generic [Back-48-a289f86f632b083f2d23d5096377c79b75ccd347]
VLC.app/Contents/MacOS/share/lua/http/images/Folder-48.png: signed generic [Folder-48-533ca01c16863f92b91f60b07bcc33adcde4c973]
VLC.app/Contents/MacOS/share/lua/http/images/Audio-48.png: signed generic [Audio-48-779408823553a29f963ffd465aac2b3ef3167a90]
VLC.app/Contents/MacOS/share/lua/http/js/controllers.js: signed generic [controllers-ca01f595437eced9f37575cce157120d1f480307]
VLC.app/Contents/MacOS/share/lua/http/js/ui.js: signed generic [ui-90e4c4167a6821954dcee2c14ce07d22552ab9bd]
VLC.app/Contents/MacOS/share/lua/http/js/jquery.jstree.js: signed generic [jquery.jstree]
VLC.app/Contents/MacOS/share/lua/http/js/common.js: signed generic [common-752361cc668c78b23ff05ab3876b493080b17b14]
VLC.app/Contents/MacOS/share/lua/http/mobile_equalizer.html: signed generic [mobile_equalizer-74b8d1d6c2995ca56bd5a1566cebc75082073f3d]
VLC.app/Contents/MacOS/share/lua/http/requests/playlist.xml: signed generic [playlist-0c197dea171adaabcca7e9a86a44f2fd4e40368f]
VLC.app/Contents/MacOS/share/lua/http/requests/playlist.json: signed generic [playlist-b1fc67022ec23bf40e37693558d6eefdb4155216]
VLC.app/Contents/MacOS/share/lua/http/requests/status.xml: signed generic [status-59e7cde7f531ad5982089b75bdc541573d997f5d]
VLC.app/Contents/MacOS/share/lua/http/requests/vlm.xml: signed generic [vlm-b7395c22f5d4184e8ea921f642e789c7a7fc6fbc]
VLC.app/Contents/MacOS/share/lua/http/requests/README.txt: signed generic [README-4cf5f6fb0f3227c080df5bb990411c264d45716d]
VLC.app/Contents/MacOS/share/lua/http/requests/vlm_cmd.xml: signed generic [vlm_cmd-679b2811167f855bfe2ff251437d4ae9c58870df]
VLC.app/Contents/MacOS/share/lua/http/requests/browse.json: signed generic [browse-2b374f3c29065976c1e3045b812f59471ff2f5f6]
VLC.app/Contents/MacOS/share/lua/http/requests/playlist_jstree.xml: signed generic [playlist_jstree-7656f8a4ba0fa8f0977ba1e2634fbe1ca107d48e]
VLC.app/Contents/MacOS/share/lua/http/requests/status.json: signed generic [status-60bb894eb5a974fd179275e1f20055e9fed1580c]
VLC.app/Contents/MacOS/share/lua/http/requests/browse.xml: signed generic [browse-28ab09db832db0fdaf0c1ddb79c4c00ab5043b47]
VLC.app/Contents/MacOS/share/lua/http/mobile_view.html: signed generic [mobile_view-f4b2dc41f8a8c0b40ad6e6ccb1a5a7230cfaad2a]
VLC.app/Contents/MacOS/share/lua/http/mobile.html: signed generic [mobile-d421b13e35ee80057ebee0227067a158260404cf]
VLC.app/Contents/MacOS/share/lua/http/mobile_browse.html: signed generic [mobile_browse-950d4b5d72ceb118e028353a98372de4511e6bbc]
VLC.app/Contents/MacOS/share/lua/http/vlm.html: signed generic [vlm-8708dcf873bf367e27562a73132d745f2cd697c8]
VLC.app/Contents/MacOS/share/lua/http/vlm_export.html: signed generic [vlm_export-413cd5315093e48ddc6aa7406f4da769f3fe9c0f]
VLC.app/Contents/MacOS/share/lua/http/view.html: signed generic [view-75067dd70a3e1821faca903c2938a9dc284263af]
VLC.app/Contents/MacOS/share/lua/http/dialogs/mosaic_window.html: signed generic [mosaic_window-6ed0804573550a07646f2c37e65c5969beaa8ff4]
VLC.app/Contents/MacOS/share/lua/http/dialogs/equalizer_window.html: signed generic [equalizer_window-752c78ed08c327cd93fefb6f3fe4bcfb9e0d432c]
VLC.app/Contents/MacOS/share/lua/http/dialogs/stream_window.html: signed generic [stream_window-10da4b42425a99ec0e9435e274f75fc19f4a38d4]
VLC.app/Contents/MacOS/share/lua/http/dialogs/browse_window.html: signed generic [browse_window-68980a36475125fa7c44ed74c1a8ebe201a1579b]
VLC.app/Contents/MacOS/share/lua/http/dialogs/error_window.html: signed generic [error_window-9360d78f8a9a350c5d9ec5dcf1e3b5e14d41068e]
VLC.app/Contents/MacOS/share/lua/http/dialogs/offset_window.html: signed generic [offset_window-ee49e564c6589a0a529e79b7c4741ea0f4a5b2b6]
VLC.app/Contents/MacOS/share/lua/http/dialogs/stream_config_window.html: signed generic [stream_config_window-b6edf005901ab6b2ef36beae29e5f7cc7738f614]
VLC.app/Contents/MacOS/share/lua/http/dialogs/create_stream.html: signed generic [create_stream-6c6b7c4bbd90a6d772dfb1737e7a1f628534bfd0]
VLC.app/Contents/MacOS/share/lua/http/dialogs/batch_window.html: signed generic [batch_window-e0b7a510ae1d9fe54a62607009a53dc9c1a3f839]
VLC.app/Contents/MacOS/share/lua/intf/luac.luac: signed generic [luac-d54f13a77009f460c3bcb5323ba6f775f6329371]
VLC.app/Contents/MacOS/share/lua/intf/dummy.luac: signed generic [dummy-6577a31b4e99a98f60864962d0f5542c5551c855]
VLC.app/Contents/MacOS/share/lua/intf/cli.luac: signed generic [cli-d01da8c855c808889c14016e8a0cda3b480f4a06]
VLC.app/Contents/MacOS/share/lua/intf/http.luac: signed generic [http-de1cb8854613baf019b7ce0b7ad8c6d4665328f2]
VLC.app/Contents/MacOS/share/lua/intf/telnet.luac: signed generic [telnet-4715b5292bb88197095d3f20bb13d3a6277f50ee]
VLC.app/Contents/MacOS/share/lua/intf/modules/host.luac: signed generic [host-3f0b07facbe4730e9cd4f501209b0ec3956a3b1c]
VLC.app/Contents/MacOS/share/lua/intf/modules/httprequests.luac: signed generic [httprequests-9e81748537a8633f763c95aee3097364e4f8a52b]
VLC.app/Contents/MacOS/share/lua/intf/dumpmeta.luac: signed generic [dumpmeta-334a5d6341ef2a13a9bba4d11d28c9583c91f282]
VLC.app/Contents/MacOS/share/lua/modules/dkjson.luac: signed generic [dkjson-d34a286ad0a01dc3cb211fad3cef94c17b3f0221]
VLC.app/Contents/MacOS/share/lua/modules/simplexml.luac: signed generic [simplexml-98cbf41811f42f09d6d7411b0efe5a6606e88443]
VLC.app/Contents/MacOS/share/lua/modules/common.luac: signed generic [common-1bb613c6df26bfe73c6ee88644137e567e7d02b5]
VLC.app/Contents/MacOS/share/lua/modules/sandbox.luac: signed generic [sandbox-e4944c5c9d03259e966acd5cb7fc8154a15df07f]
VLC.app/Contents/MacOS/share/hrtfs/dodeca_and_7channel_3DSL_HRTF.sofa: signed generic [dodeca_and_7channel_3DSL_HRTF-a22b5aefd62a59f7ffde3aafdd94b4ef14d7caec]
[[1;32mcodesign[0m] Signing the executable
VLC.app: replacing existing signature
VLC.app: signed app bundle with Mach-O thin (arm64) [org.videolan.vlc]
[[1;32mcodesign[0m] all items signed, validating...
[[1;32mcodesign[0m] Validating frameworks
[[1;32mcodesign[0m] Validating complete bundle
--prepared:/Users/cam/Documents/Projects/ultima-iv-web/vlc-thumbs/work/build/vlc-arm64/VLC.app/Contents/MacOS/plugins/libi420_rgb_plugin.dylib
--validated:/Users/cam/Documents/Projects/ultima-iv-web/vlc-thumbs/work/build/vlc-arm64/VLC.app/Contents/MacOS/plugins/libi420_rgb_plugin.dylib
--prepared:/Users/cam/Documents/Projects/ultima-iv-web/vlc-thumbs/work/build/vlc-arm64/VLC.app/Contents/MacOS/plugins/libscreen_plugin.dylib
--prepared:/Users/cam/Documents/Projects/ultima-iv-web/vlc-thumbs/work/build/vlc-arm64/VLC.app/Contents/MacOS/plugins/libadummy_plugin.dylib
--validated:/Users/cam/Documents/Projects/ultima-iv-web/vlc-thumbs/work/build/vlc-arm64/VLC.app/Contents/MacOS/plugins/libscreen_plugin.dylib
--validated:/Users/cam/Documents/Projects/ultima-iv-web/vlc-thumbs/work/build/vlc-arm64/VLC.app/Contents/MacOS/plugins/libadummy_plugin.dylib
--prepared:/Users/cam/Documents/Projects/ultima-iv-web/vlc-thumbs/work/build/vlc-arm64/VLC.app/Contents/MacOS/plugins/libugly_resampler_plugin.dylib
--prepared:/Users/cam/Documents/Projects/ultima-iv-web/vlc-thumbs/work/build/vlc-arm64/VLC.app/Contents/MacOS/plugins/librawvideo_plugin.dylib
--prepared:/Users/cam/Documents/Projects/ultima-iv-web/vlc-thumbs/work/build/vlc-arm64/VLC.app/Contents/MacOS/plugins/libtospdif_plugin.dylib
--validated:/Users/cam/Documents/Projects/ultima-iv-web/vlc-thumbs/work/build/vlc-arm64/VLC.app/Contents/MacOS/plugins/libugly_resampler_plugin.dylib
--prepared:/Users/cam/Documents/Projects/ultima-iv-web/vlc-thumbs/work/build/vlc-arm64/VLC.app/Contents/MacOS/plugins/libaccess_concat_plugin.dylib
--validated:/Users/cam/Documents/Projects/ultima-iv-web/vlc-thumbs/work/build/vlc-arm64/VLC.app/Contents/MacOS/plugins/libtospdif_plugin.dylib
--validated:/Users/cam/Documents/Projects/ultima-iv-web/vlc-thumbs/work/build/vlc-arm64/VLC.app/Contents/MacOS/plugins/librawvideo_plugin.dylib
--prepared:/Users/cam/Documents/Projects/ultima-iv-web/vlc-thumbs/work/build/vlc-arm64/VLC.app/Contents/MacOS/plugins/libspeex_plugin.dylib--validated:/Users/cam/Documents/Projects/ultima-iv-web/vlc-thumbs/work/build/vlc-arm64/VLC.app/Contents/MacOS/plugins/libaccess_concat_plugin.dylib

--prepared:/Users/cam/Documents/Projects/ultima-iv-web/vlc-thumbs/work/build/vlc-arm64/VLC.app/Contents/MacOS/plugins/libmosaic_plugin.dylib
--validated:/Users/cam/Documents/Projects/ultima-iv-web/vlc-thumbs/work/build/vlc-arm64/VLC.app/Contents/MacOS/plugins/libspeex_plugin.dylib
--prepared:/Users/cam/Documents/Projects/ultima-iv-web/vlc-thumbs/work/build/vlc-arm64/VLC.app/Contents/MacOS/plugins/libmarq_plugin.dylib
--validated:/Users/cam/Documents/Projects/ultima-iv-web/vlc-thumbs/work/build/vlc-arm64/VLC.app/Contents/MacOS/plugins/libmosaic_plugin.dylib
--validated:/Users/cam/Documents/Projects/ultima-iv-web/vlc-thumbs/work/build/vlc-arm64/VLC.app/Contents/MacOS/plugins/libmarq_plugin.dylib
--prepared:/Users/cam/Documents/Projects/ultima-iv-web/vlc-thumbs/work/build/vlc-arm64/VLC.app/Contents/MacOS/plugins/libddummy_plugin.dylib
--validated:/Users/cam/Documents/Projects/ultima-iv-web/vlc-thumbs/work/build/vlc-arm64/VLC.app/Contents/MacOS/plugins/libddummy_plugin.dylib
--prepared:/Users/cam/Documents/Projects/ultima-iv-web/vlc-thumbs/work/build/vlc-arm64/VLC.app/Contents/MacOS/plugins/libtaglib_plugin.dylib
--validated:/Users/cam/Documents/Projects/ultima-iv-web/vlc-thumbs/work/build/vlc-arm64/VLC.app/Contents/MacOS/plugins/libtaglib_plugin.dylib
--prepared:/Users/cam/Documents/Projects/ultima-iv-web/vlc-thumbs/work/build/vlc-arm64/VLC.app/Contents/MacOS/plugins/liblibass_plugin.dylib
--validated:/Users/cam/Documents/Projects/ultima-iv-web/vlc-thumbs/work/build/vlc-arm64/VLC.app/Contents/MacOS/plugins/liblibass_plugin.dylib
--prepared:/Users/cam/Documents/Projects/ultima-iv-web/vlc-thumbs/work/build/vlc-arm64/VLC.app/Contents/MacOS/plugins/libfreetype_plugin.dylib
--validated:/Users/cam/Documents/Projects/ultima-iv-web/vlc-thumbs/work/build/vlc-arm64/VLC.app/Contents/MacOS/plugins/libfreetype_plugin.dylib
--prepared:/Users/cam/Documents/Projects/ultima-iv-web/vlc-thumbs/work/build/vlc-arm64/VLC.app/Contents/MacOS/plugins/libdolby_surround_decoder_plugin.dylib
--validated:/Users/cam/Documents/Projects/ultima-iv-web/vlc-thumbs/work/build/vlc-arm64/VLC.app/Contents/MacOS/plugins/libdolby_surround_decoder_plugin.dylib
--prepared:/Users/cam/Documents/Projects/ultima-iv-web/vlc-thumbs/work/build/vlc-arm64/VLC.app/Contents/MacOS/plugins/libmux_ps_plugin.dylib
--prepared:/Users/cam/Documents/Projects/ultima-iv-web/vlc-thumbs/work/build/vlc-arm64/VLC.app/Contents/MacOS/plugins/libpsychedelic_plugin.dylib
--validated:/Users/cam/Documents/Projects/ultima-iv-web/vlc-thumbs/work/build/vlc-arm64/VLC.app/Contents/MacOS/plugins/libmux_ps_plugin.dylib
--prepared:/Users/cam/Documents/Projects/ultima-iv-web/vlc-thumbs/work/build/vlc-arm64/VLC.app/Contents/MacOS/plugins/libstream_out_autodel_plugin.dylib
--prepared:/Users/cam/Documents/Projects/ultima-iv-web/vlc-thumbs/work/build/vlc-arm64/VLC.app/Contents/MacOS/plugins/libequalizer_plugin.dylib
--validated:/Users/cam/Documents/Projects/ultima-iv-web/vlc-thumbs/work/build/vlc-arm64/VLC.app/Contents/MacOS/plugins/libpsychedelic_plugin.dylib
--validated:/Users/cam/Documents/Projects/ultima-iv-web/vlc-thumbs/work/build/vlc-arm64/VLC.app/Contents/MacOS/plugins/libstream_out_autodel_plugin.dylib
--prepared:/Users/cam/Documents/Projects/ultima-iv-web/vlc-thumbs/work/build/vlc-arm64/VLC.app/Contents/MacOS/plugins/libasf_plugin.dylib
--validated:/Users/cam/Documents/Projects/ultima-iv-web/vlc-thumbs/work/build/vlc-arm64/VLC.app/Contents/MacOS/plugins/libequalizer_plugin.dylib
--prepared:/Users/cam/Documents/Projects/ultima-iv-web/vlc-thumbs/work/build/vlc-arm64/VLC.app/Contents/MacOS/plugins/libpng_plugin.dylib
--validated:/Users/cam/Documents/Projects/ultima-iv-web/vlc-thumbs/work/build/vlc-arm64/VLC.app/Contents/MacOS/plugins/libasf_plugin.dylib
--validated:/Users/cam/Documents/Projects/ultima-iv-web/vlc-thumbs/work/build/vlc-arm64/VLC.app/Contents/MacOS/plugins/libpng_plugin.dylib
--prepared:/Users/cam/Documents/Projects/ultima-iv-web/vlc-thumbs/work/build/vlc-arm64/VLC.app/Contents/MacOS/plugins/libaom_plugin.dylib
--validated:/Users/cam/Documents/Projects/ultima-iv-web/vlc-thumbs/work/build/vlc-arm64/VLC.app/Contents/MacOS/plugins/libaom_plugin.dylib
--prepared:/Users/cam/Documents/Projects/ultima-iv-web/vlc-thumbs/work/build/vlc-arm64/VLC.app/Contents/MacOS/plugins/libxa_plugin.dylib
--prepared:/Users/cam/Documents/Projects/ultima-iv-web/vlc-thumbs/work/build/vlc-arm64/VLC.app/Contents/MacOS/plugins/libinteger_mixer_plugin.dylib--prepared:/Users/cam/Documents/Projects/ultima-iv-web/vlc-thumbs/work/build/vlc-arm64/VLC.app/Contents/MacOS/plugins/libi420_10_p010_plugin.dylib

--prepared:/Users/cam/Documents/Projects/ultima-iv-web/vlc-thumbs/work/build/vlc-arm64/VLC.app/Contents/MacOS/plugins/libaes3_plugin.dylib--prepared:/Users/cam/Documents/Projects/ultima-iv-web/vlc-thumbs/work/build/vlc-arm64/VLC.app/Contents/MacOS/plugins/libnormvol_plugin.dylib

--prepared:/Users/cam/Documents/Projects/ultima-iv-web/vlc-thumbs/work/build/vlc-arm64/VLC.app/Contents/MacOS/plugins/libstream_out_dummy_plugin.dylib
--validated:/Users/cam/Documents/Projects/ultima-iv-web/vlc-thumbs/work/build/vlc-arm64/VLC.app/Contents/MacOS/plugins/libxa_plugin.dylib
--validated:/Users/cam/Documents/Projects/ultima-iv-web/vlc-thumbs/work/build/vlc-arm64/VLC.app/Contents/MacOS/plugins/libi420_10_p010_plugin.dylib
--validated:/Users/cam/Documents/Projects/ultima-iv-web/vlc-thumbs/work/build/vlc-arm64/VLC.app/Contents/MacOS/plugins/libinteger_mixer_plugin.dylib
--prepared:/Users/cam/Documents/Projects/ultima-iv-web/vlc-thumbs/work/build/vlc-arm64/VLC.app/Contents/MacOS/plugins/libscaletempo_pitch_plugin.dylib
--validated:/Users/cam/Documents/Projects/ultima-iv-web/vlc-thumbs/work/build/vlc-arm64/VLC.app/Contents/MacOS/plugins/libnormvol_plugin.dylib
--validated:/Users/cam/Documents/Projects/ultima-iv-web/vlc-thumbs/work/build/vlc-arm64/VLC.app/Contents/MacOS/plugins/libstream_out_dummy_plugin.dylib
--prepared:/Users/cam/Documents/Projects/ultima-iv-web/vlc-thumbs/work/build/vlc-arm64/VLC.app/Contents/MacOS/plugins/libi420_yuy2_plugin.dylib
--validated:/Users/cam/Documents/Projects/ultima-iv-web/vlc-thumbs/work/build/vlc-arm64/VLC.app/Contents/MacOS/plugins/libscaletempo_pitch_plugin.dylib
--validated:/Users/cam/Documents/Projects/ultima-iv-web/vlc-thumbs/work/build/vlc-arm64/VLC.app/Contents/MacOS/plugins/libaes3_plugin.dylib
--validated:/Users/cam/Documents/Projects/ultima-iv-web/vlc-thumbs/work/build/vlc-arm64/VLC.app/Contents/MacOS/plugins/libi420_yuy2_plugin.dylib
--prepared:/Users/cam/Documents/Projects/ultima-iv-web/vlc-thumbs/work/build/vlc-arm64/VLC.app/Contents/MacOS/plugins/libaccess_srt_plugin.dylib
--validated:/Users/cam/Documents/Projects/ultima-iv-web/vlc-thumbs/work/build/vlc-arm64/VLC.app/Contents/MacOS/plugins/libaccess_srt_plugin.dylib
--prepared:/Users/cam/Documents/Projects/ultima-iv-web/vlc-thumbs/work/build/vlc-arm64/VLC.app/Contents/MacOS/plugins/libnoseek_plugin.dylib
--prepared:/Users/cam/Documents/Projects/ultima-iv-web/vlc-thumbs/work/build/vlc-arm64/VLC.app/Contents/MacOS/plugins/libvoc_plugin.dylib
--prepared:/Users/cam/Documents/Projects/ultima-iv-web/vlc-thumbs/work/build/vlc-arm64/VLC.app/Contents/MacOS/plugins/libscte27_plugin.dylib
--validated:/Users/cam/Documents/Projects/ultima-iv-web/vlc-thumbs/work/build/vlc-arm64/VLC.app/Contents/MacOS/plugins/libnoseek_plugin.dylib
--validated:/Users/cam/Documents/Projects/ultima-iv-web/vlc-thumbs/work/build/vlc-arm64/VLC.app/Contents/MacOS/plugins/libvoc_plugin.dylib
--validated:/Users/cam/Documents/Projects/ultima-iv-web/vlc-thumbs/work/build/vlc-arm64/VLC.app/Contents/MacOS/plugins/libscte27_plugin.dylib
--prepared:/Users/cam/Documents/Projects/ultima-iv-web/vlc-thumbs/work/build/vlc-arm64/VLC.app/Contents/MacOS/plugins/libstream_out_gather_plugin.dylib
--prepared:/Users/cam/Documents/Projects/ultima-iv-web/vlc-thumbs/work/build/vlc-arm64/VLC.app/Contents/MacOS/plugins/libflaschen_plugin.dylib
--prepared:/Users/cam/Documents/Projects/ultima-iv-web/vlc-thumbs/work/build/vlc-arm64/VLC.app/Contents/MacOS/plugins/libcroppadd_plugin.dylib--validated:/Users/cam/Documents/Projects/ultima-iv-web/vlc-thumbs/work/build/vlc-arm64/VLC.app/Contents/MacOS/plugins/libstream_out_gather_plugin.dylib
--prepared:/Users/cam/Documents/Projects/ultima-iv-web/vlc-thumbs/work/build/vlc-arm64/VLC.app/Contents/MacOS/plugins/libedgedetection_plugin.dylib--validated:/Users/cam/Documents/Projects/ultima-iv-web/vlc-thumbs/work/build/vlc-arm64/VLC.app/Contents/MacOS/plugins/libflaschen_plugin.dylib--prepared:/Users/cam/Documents/Projects/ultima-iv-web/vlc-thumbs/work/build/vlc-arm64/VLC.app/Contents/MacOS/plugins/libaddonsvorepository_plugin.dylib
--prepared:/Users/cam/Documents/Projects/ultima-iv-web/vlc-thumbs/work/build/vlc-arm64/VLC.app/Contents/MacOS/plugins/libvideotoolbox_plugin.dylib

--prepared:/Users/cam/Documents/Projects/ultima-iv-web/vlc-thumbs/work/build/vlc-arm64/VLC.app/Contents/MacOS/plugins/libaccess_output_file_plugin.dylib

--validated:/Users/cam/Documents/Projects/ultima-iv-web/vlc-thumbs/work/build/vlc-arm64/VLC.app/Contents/MacOS/plugins/libvideotoolbox_plugin.dylib

--validated:/Users/cam/Documents/Projects/ultima-iv-web/vlc-thumbs/work/build/vlc-arm64/VLC.app/Contents/MacOS/plugins/libcroppadd_plugin.dylib
--validated:/Users/cam/Documents/Projects/ultima-iv-web/vlc-thumbs/work/build/vlc-arm64/VLC.app/Contents/MacOS/plugins/libedgedetection_plugin.dylib
--validated:/Users/cam/Documents/Projects/ultima-iv-web/vlc-thumbs/work/build/vlc-arm64/VLC.app/Contents/MacOS/plugins/libaccess_output_file_plugin.dylib
--validated:/Users/cam/Documents/Projects/ultima-iv-web/vlc-thumbs/work/build/vlc-arm64/VLC.app/Contents/MacOS/plugins/libaddonsvorepository_plugin.dylib--prepared:/Users/cam/Documents/Projects/ultima-iv-web/vlc-thumbs/work/build/vlc-arm64/VLC.app/Contents/MacOS/plugins/libmux_ts_plugin.dylib

--prepared:/Users/cam/Documents/Projects/ultima-iv-web/vlc-thumbs/work/build/vlc-arm64/VLC.app/Contents/MacOS/plugins/libvout_macosx_plugin.dylib
--validated:/Users/cam/Documents/Projects/ultima-iv-web/vlc-thumbs/work/build/vlc-arm64/VLC.app/Contents/MacOS/plugins/libmux_ts_plugin.dylib
--validated:/Users/cam/Documents/Projects/ultima-iv-web/vlc-thumbs/work/build/vlc-arm64/VLC.app/Contents/MacOS/plugins/libvout_macosx_plugin.dylib
--prepared:/Users/cam/Documents/Projects/ultima-iv-web/vlc-thumbs/work/build/vlc-arm64/VLC.app/Contents/MacOS/plugins/libcache_read_plugin.dylib
--prepared:/Users/cam/Documents/Projects/ultima-iv-web/vlc-thumbs/work/build/vlc-arm64/VLC.app/Contents/MacOS/plugins/libavcapture_plugin.dylib
--validated:/Users/cam/Documents/Projects/ultima-iv-web/vlc-thumbs/work/build/vlc-arm64/VLC.app/Contents/MacOS/plugins/libcache_read_plugin.dylib
--validated:/Users/cam/Documents/Projects/ultima-iv-web/vlc-thumbs/work/build/vlc-arm64/VLC.app/Contents/MacOS/plugins/libavcapture_plugin.dylib
--prepared:/Users/cam/Documents/Projects/ultima-iv-web/vlc-thumbs/work/build/vlc-arm64/VLC.app/Contents/MacOS/plugins/libblendbench_plugin.dylib
--validated:/Users/cam/Documents/Projects/ultima-iv-web/vlc-thumbs/work/build/vlc-arm64/VLC.app/Contents/MacOS/plugins/libblendbench_plugin.dylib
--prepared:/Users/cam/Documents/Projects/ultima-iv-web/vlc-thumbs/work/build/vlc-arm64/VLC.app/Contents/MacOS/plugins/libedummy_plugin.dylib
--validated:/Users/cam/Documents/Projects/ultima-iv-web/vlc-thumbs/work/build/vlc-arm64/VLC.app/Contents/MacOS/plugins/libedummy_plugin.dylib
--prepared:/Users/cam/Documents/Projects/ultima-iv-web/vlc-thumbs/work/build/vlc-arm64/VLC.app/Contents/MacOS/plugins/libbonjour_plugin.dylib
--validated:/Users/cam/Documents/Projects/ultima-iv-web/vlc-thumbs/work/build/vlc-arm64/VLC.app/Contents/MacOS/plugins/libbonjour_plugin.dylib
--prepared:/Users/cam/Documents/Projects/ultima-iv-web/vlc-thumbs/work/build/vlc-arm64/VLC.app/Contents/MacOS/plugins/libpacketizer_av1_plugin.dylib
--prepared:/Users/cam/Documents/Projects/ultima-iv-web/vlc-thumbs/work/build/vlc-arm64/VLC.app/Contents/MacOS/plugins/libcaopengllayer_plugin.dylib
--prepared:/Users/cam/Documents/Projects/ultima-iv-web/vlc-thumbs/work/build/vlc-arm64/VLC.app/Contents/MacOS/plugins/libinvert_plugin.dylib
--prepared:/Users/cam/Documents/Projects/ultima-iv-web/vlc-thumbs/work/build/vlc-arm64/VLC.app/Contents/MacOS/plugins/libpacketizer_mlp_plugin.dylib
--validated:/Users/cam/Documents/Projects/ultima-iv-web/vlc-thumbs/work/build/vlc-arm64/VLC.app/Contents/MacOS/plugins/libcaopengllayer_plugin.dylib
--validated:/Users/cam/Documents/Projects/ultima-iv-web/vlc-thumbs/work/build/vlc-arm64/VLC.app/Contents/MacOS/plugins/libpacketizer_av1_plugin.dylib
--validated:/Users/cam/Documents/Projects/ultima-iv-web/vlc-thumbs/work/build/vlc-arm64/VLC.app/Contents/MacOS/plugins/libpacketizer_mlp_plugin.dylib--prepared:/Users/cam/Documents/Projects/ultima-iv-web/vlc-thumbs/work/build/vlc-arm64/VLC.app/Contents/MacOS/plugins/libfolder_plugin.dylib

--prepared:/Users/cam/Documents/Projects/ultima-iv-web/vlc-thumbs/work/build/vlc-arm64/VLC.app/Contents/MacOS/plugins/libstream_out_record_plugin.dylib
--validated:/Users/cam/Documents/Projects/ultima-iv-web/vlc-thumbs/work/build/vlc-arm64/VLC.app/Contents/MacOS/plugins/libinvert_plugin.dylib
--validated:/Users/cam/Documents/Projects/ultima-iv-web/vlc-thumbs/work/build/vlc-arm64/VLC.app/Contents/MacOS/plugins/libfolder_plugin.dylib
--validated:/Users/cam/Documents/Projects/ultima-iv-web/vlc-thumbs/work/build/vlc-arm64/VLC.app/Contents/MacOS/plugins/libstream_out_record_plugin.dylib
--prepared:/Users/cam/Documents/Projects/ultima-iv-web/vlc-thumbs/work/build/vlc-arm64/VLC.app/Contents/MacOS/plugins/libvc1_plugin.dylib
--validated:/Users/cam/Documents/Projects/ultima-iv-web/vlc-thumbs/work/build/vlc-arm64/VLC.app/Contents/MacOS/plugins/libvc1_plugin.dylib
--prepared:/Users/cam/Documents/Projects/ultima-iv-web/vlc-thumbs/work/build/vlc-arm64/VLC.app/Contents/MacOS/plugins/libvdr_plugin.dylib
--validated:/Users/cam/Documents/Projects/ultima-iv-web/vlc-thumbs/work/build/vlc-arm64/VLC.app/Contents/MacOS/plugins/libvdr_plugin.dylib
--prepared:/Users/cam/Documents/Projects/ultima-iv-web/vlc-thumbs/work/build/vlc-arm64/VLC.app/Contents/MacOS/plugins/libfaad_plugin.dylib
--validated:/Users/cam/Documents/Projects/ultima-iv-web/vlc-thumbs/work/build/vlc-arm64/VLC.app/Contents/MacOS/plugins/libfaad_plugin.dylib
--prepared:/Users/cam/Documents/Projects/ultima-iv-web/vlc-thumbs/work/build/vlc-arm64/VLC.app/Contents/MacOS/plugins/libdcp_plugin.dylib
--validated:/Users/cam/Documents/Projects/ultima-iv-web/vlc-thumbs/work/build/vlc-arm64/VLC.app/Contents/MacOS/plugins/libdcp_plugin.dylib
--prepared:/Users/cam/Documents/Projects/ultima-iv-web/vlc-thumbs/work/build/vlc-arm64/VLC.app/Contents/MacOS/plugins/libsubsdec_plugin.dylib
--prepared:/Users/cam/Documents/Projects/ultima-iv-web/vlc-thumbs/work/build/vlc-arm64/VLC.app/Contents/MacOS/plugins/libpacketizer_copy_plugin.dylib
--prepared:/Users/cam/Documents/Projects/ultima-iv-web/vlc-thumbs/work/build/vlc-arm64/VLC.app/Contents/MacOS/plugins/libdecomp_plugin.dylib
--validated:/Users/cam/Documents/Projects/ultima-iv-web/vlc-thumbs/work/build/vlc-arm64/VLC.app/Contents/MacOS/plugins/libsubsdec_plugin.dylib
--validated:/Users/cam/Documents/Projects/ultima-iv-web/vlc-thumbs/work/build/vlc-arm64/VLC.app/Contents/MacOS/plugins/libpacketizer_copy_plugin.dylib
--validated:/Users/cam/Documents/Projects/ultima-iv-web/vlc-thumbs/work/build/vlc-arm64/VLC.app/Contents/MacOS/plugins/libdecomp_plugin.dylib
--prepared:/Users/cam/Documents/Projects/ultima-iv-web/vlc-thumbs/work/build/vlc-arm64/VLC.app/Contents/MacOS/plugins/libscene_plugin.dylib
--prepared:/Users/cam/Documents/Projects/ultima-iv-web/vlc-thumbs/work/build/vlc-arm64/VLC.app/Contents/MacOS/plugins/libvobsub_plugin.dylib
--validated:/Users/cam/Documents/Projects/ultima-iv-web/vlc-thumbs/work/build/vlc-arm64/VLC.app/Contents/MacOS/plugins/libscene_plugin.dylib
--validated:/Users/cam/Documents/Projects/ultima-iv-web/vlc-thumbs/work/build/vlc-arm64/VLC.app/Contents/MacOS/plugins/libvobsub_plugin.dylib
--prepared:/Users/cam/Documents/Projects/ultima-iv-web/vlc-thumbs/work/build/vlc-arm64/VLC.app/Contents/MacOS/plugins/libfreeze_plugin.dylib
--prepared:/Users/cam/Documents/Projects/ultima-iv-web/vlc-thumbs/work/build/vlc-arm64/VLC.app/Contents/MacOS/plugins/libavcodec_plugin.dylib
--prepared:/Users/cam/Documents/Projects/ultima-iv-web/vlc-thumbs/work/build/vlc-arm64/VLC.app/Contents/MacOS/plugins/libsecuretransport_plugin.dylib--prepared:/Users/cam/Documents/Projects/ultima-iv-web/vlc-thumbs/work/build/vlc-arm64/VLC.app/Contents/MacOS/plugins/libstream_out_transcode_plugin.dylib
--validated:/Users/cam/Documents/Projects/ultima-iv-web/vlc-thumbs/work/build/vlc-arm64/VLC.app/Contents/MacOS/plugins/libfreeze_plugin.dylib
--prepared:/Users/cam/Documents/Projects/ultima-iv-web/vlc-thumbs/work/build/vlc-arm64/VLC.app/Contents/MacOS/plugins/libupnp_plugin.dylib
--validated:/Users/cam/Documents/Projects/ultima-iv-web/vlc-thumbs/work/build/vlc-arm64/VLC.app/Contents/MacOS/plugins/libavcodec_plugin.dylib

--validated:/Users/cam/Documents/Projects/ultima-iv-web/vlc-thumbs/work/build/vlc-arm64/VLC.app/Contents/MacOS/plugins/libstream_out_transcode_plugin.dylib
--prepared:/Users/cam/Documents/Projects/ultima-iv-web/vlc-thumbs/work/build/vlc-arm64/VLC.app/Contents/MacOS/plugins/libgestures_plugin.dylib--prepared:/Users/cam/Documents/Projects/ultima-iv-web/vlc-thumbs/work/build/vlc-arm64/VLC.app/Contents/MacOS/plugins/libposterize_plugin.dylib
--validated:/Users/cam/Documents/Projects/ultima-iv-web/vlc-thumbs/work/build/vlc-arm64/VLC.app/Contents/MacOS/plugins/libsecuretransport_plugin.dylib
--validated:/Users/cam/Documents/Projects/ultima-iv-web/vlc-thumbs/work/build/vlc-arm64/VLC.app/Contents/MacOS/plugins/libupnp_plugin.dylib

--validated:/Users/cam/Documents/Projects/ultima-iv-web/vlc-thumbs/work/build/vlc-arm64/VLC.app/Contents/MacOS/plugins/libposterize_plugin.dylib
--validated:/Users/cam/Documents/Projects/ultima-iv-web/vlc-thumbs/work/build/vlc-arm64/VLC.app/Contents/MacOS/plugins/libgestures_plugin.dylib
--prepared:/Users/cam/Documents/Projects/ultima-iv-web/vlc-thumbs/work/build/vlc-arm64/VLC.app/Contents/MacOS/plugins/libgnutls_plugin.dylib
--validated:/Users/cam/Documents/Projects/ultima-iv-web/vlc-thumbs/work/build/vlc-arm64/VLC.app/Contents/MacOS/plugins/libgnutls_plugin.dylib
--prepared:/Users/cam/Documents/Projects/ultima-iv-web/vlc-thumbs/work/build/vlc-arm64/VLC.app/Contents/MacOS/plugins/libvmem_plugin.dylib
--validated:/Users/cam/Documents/Projects/ultima-iv-web/vlc-thumbs/work/build/vlc-arm64/VLC.app/Contents/MacOS/plugins/libvmem_plugin.dylib
--prepared:/Users/cam/Documents/Projects/ultima-iv-web/vlc-thumbs/work/build/vlc-arm64/VLC.app/Contents/MacOS/plugins/libimage_plugin.dylib
--prepared:/Users/cam/Documents/Projects/ultima-iv-web/vlc-thumbs/work/build/vlc-arm64/VLC.app/Contents/MacOS/plugins/libmux_mpjpeg_plugin.dylib
--prepared:/Users/cam/Documents/Projects/ultima-iv-web/vlc-thumbs/work/build/vlc-arm64/VLC.app/Contents/MacOS/plugins/libstream_out_stats_plugin.dylib
--prepared:/Users/cam/Documents/Projects/ultima-iv-web/vlc-thumbs/work/build/vlc-arm64/VLC.app/Contents/MacOS/plugins/libaccess_output_dummy_plugin.dylib
--prepared:/Users/cam/Documents/Projects/ultima-iv-web/vlc-thumbs/work/build/vlc-arm64/VLC.app/Contents/MacOS/plugins/libwav_plugin.dylib
--prepared:/Users/cam/Documents/Projects/ultima-iv-web/vlc-thumbs/work/build/vlc-arm64/VLC.app/Contents/MacOS/plugins/liblpcm_plugin.dylib
--validated:/Users/cam/Documents/Projects/ultima-iv-web/vlc-thumbs/work/build/vlc-arm64/VLC.app/Contents/MacOS/plugins/libimage_plugin.dylib
--validated:/Users/cam/Documents/Projects/ultima-iv-web/vlc-thumbs/work/build/vlc-arm64/VLC.app/Contents/MacOS/plugins/libwav_plugin.dylib
--prepared:/Users/cam/Documents/Projects/ultima-iv-web/vlc-thumbs/work/build/vlc-arm64/VLC.app/Contents/MacOS/plugins/libhotkeys_plugin.dylib
--prepared:/Users/cam/Documents/Projects/ultima-iv-web/vlc-thumbs/work/build/vlc-arm64/VLC.app/Contents/MacOS/plugins/libsatip_plugin.dylib
--validated:/Users/cam/Documents/Projects/ultima-iv-web/vlc-thumbs/work/build/vlc-arm64/VLC.app/Contents/MacOS/plugins/libaccess_output_dummy_plugin.dylib
--prepared:/Users/cam/Documents/Projects/ultima-iv-web/vlc-thumbs/work/build/vlc-arm64/VLC.app/Contents/MacOS/plugins/libhqdn3d_plugin.dylib
--prepared:/Users/cam/Documents/Projects/ultima-iv-web/vlc-thumbs/work/build/vlc-arm64/VLC.app/Contents/MacOS/plugins/libchorus_flanger_plugin.dylib
--validated:/Users/cam/Documents/Projects/ultima-iv-web/vlc-thumbs/work/build/vlc-arm64/VLC.app/Contents/MacOS/plugins/libmux_mpjpeg_plugin.dylib
--validated:/Users/cam/Documents/Projects/ultima-iv-web/vlc-thumbs/work/build/vlc-arm64/VLC.app/Contents/MacOS/plugins/liblpcm_plugin.dylib
--validated:/Users/cam/Documents/Projects/ultima-iv-web/vlc-thumbs/work/build/vlc-arm64/VLC.app/Contents/MacOS/plugins/libsatip_plugin.dylib--prepared:/Users/cam/Documents/Projects/ultima-iv-web/vlc-thumbs/work/build/vlc-arm64/VLC.app/Contents/MacOS/plugins/libdvdnav_plugin.dylib
--validated:/Users/cam/Documents/Projects/ultima-iv-web/vlc-thumbs/work/build/vlc-arm64/VLC.app/Contents/MacOS/plugins/libhqdn3d_plugin.dylib

--validated:/Users/cam/Documents/Projects/ultima-iv-web/vlc-thumbs/work/build/vlc-arm64/VLC.app/Contents/MacOS/plugins/libchorus_flanger_plugin.dylib
--validated:/Users/cam/Documents/Projects/ultima-iv-web/vlc-thumbs/work/build/vlc-arm64/VLC.app/Contents/MacOS/plugins/libstream_out_stats_plugin.dylib
--validated:/Users/cam/Documents/Projects/ultima-iv-web/vlc-thumbs/work/build/vlc-arm64/VLC.app/Contents/MacOS/plugins/libdvdnav_plugin.dylib
--validated:/Users/cam/Documents/Projects/ultima-iv-web/vlc-thumbs/work/build/vlc-arm64/VLC.app/Contents/MacOS/plugins/libhotkeys_plugin.dylib
--prepared:/Users/cam/Documents/Projects/ultima-iv-web/vlc-thumbs/work/build/vlc-arm64/VLC.app/Contents/MacOS/plugins/libsamplerate_plugin.dylib
--validated:/Users/cam/Documents/Projects/ultima-iv-web/vlc-thumbs/work/build/vlc-arm64/VLC.app/Contents/MacOS/plugins/libsamplerate_plugin.dylib
--prepared:/Users/cam/Documents/Projects/ultima-iv-web/vlc-thumbs/work/build/vlc-arm64/VLC.app/Contents/MacOS/plugins/libspatializer_plugin.dylib
--prepared:/Users/cam/Documents/Projects/ultima-iv-web/vlc-thumbs/work/build/vlc-arm64/VLC.app/Contents/MacOS/plugins/libmirror_plugin.dylib
--prepared:/Users/cam/Documents/Projects/ultima-iv-web/vlc-thumbs/work/build/vlc-arm64/VLC.app/Contents/MacOS/plugins/libnuv_plugin.dylib
--validated:/Users/cam/Documents/Projects/ultima-iv-web/vlc-thumbs/work/build/vlc-arm64/VLC.app/Contents/MacOS/plugins/libspatializer_plugin.dylib
--prepared:/Users/cam/Documents/Projects/ultima-iv-web/vlc-thumbs/work/build/vlc-arm64/VLC.app/Contents/MacOS/plugins/libcaf_plugin.dylib
--validated:/Users/cam/Documents/Projects/ultima-iv-web/vlc-thumbs/work/build/vlc-arm64/VLC.app/Contents/MacOS/plugins/libmirror_plugin.dylib
--validated:/Users/cam/Documents/Projects/ultima-iv-web/vlc-thumbs/work/build/vlc-arm64/VLC.app/Contents/MacOS/plugins/libcaf_plugin.dylib
--validated:/Users/cam/Documents/Projects/ultima-iv-web/vlc-thumbs/work/build/vlc-arm64/VLC.app/Contents/MacOS/plugins/libnuv_plugin.dylib
--prepared:/Users/cam/Documents/Projects/ultima-iv-web/vlc-thumbs/work/build/vlc-arm64/VLC.app/Contents/MacOS/plugins/libanaglyph_plugin.dylib
--validated:/Users/cam/Documents/Projects/ultima-iv-web/vlc-thumbs/work/build/vlc-arm64/VLC.app/Contents/MacOS/plugins/libanaglyph_plugin.dylib
--prepared:/Users/cam/Documents/Projects/ultima-iv-web/vlc-thumbs/work/build/vlc-arm64/VLC.app/Contents/MacOS/plugins/libaudio_format_plugin.dylib
--prepared:/Users/cam/Documents/Projects/ultima-iv-web/vlc-thumbs/work/build/vlc-arm64/VLC.app/Contents/MacOS/plugins/libsmf_plugin.dylib
--validated:/Users/cam/Documents/Projects/ultima-iv-web/vlc-thumbs/work/build/vlc-arm64/VLC.app/Contents/MacOS/plugins/libaudio_format_plugin.dylib
--prepared:/Users/cam/Documents/Projects/ultima-iv-web/vlc-thumbs/work/build/vlc-arm64/VLC.app/Contents/MacOS/plugins/libflac_plugin.dylib
--prepared:/Users/cam/Documents/Projects/ultima-iv-web/vlc-thumbs/work/build/vlc-arm64/VLC.app/Contents/MacOS/plugins/libmediadirs_plugin.dylib
--validated:/Users/cam/Documents/Projects/ultima-iv-web/vlc-thumbs/work/build/vlc-arm64/VLC.app/Contents/MacOS/plugins/libflac_plugin.dylib
--validated:/Users/cam/Documents/Projects/ultima-iv-web/vlc-thumbs/work/build/vlc-arm64/VLC.app/Contents/MacOS/plugins/libsmf_plugin.dylib
--prepared:/Users/cam/Documents/Projects/ultima-iv-web/vlc-thumbs/work/build/vlc-arm64/VLC.app/Contents/MacOS/plugins/libsap_plugin.dylib
--prepared:/Users/cam/Documents/Projects/ultima-iv-web/vlc-thumbs/work/build/vlc-arm64/VLC.app/Contents/MacOS/plugins/plugins.dat
--validated:/Users/cam/Documents/Projects/ultima-iv-web/vlc-thumbs/work/build/vlc-arm64/VLC.app/Contents/MacOS/plugins/libmediadirs_plugin.dylib
--validated:/Users/cam/Documents/Projects/ultima-iv-web/vlc-thumbs/work/build/vlc-arm64/VLC.app/Contents/MacOS/plugins/libsap_plugin.dylib
--validated:/Users/cam/Documents/Projects/ultima-iv-web/vlc-thumbs/work/build/vlc-arm64/VLC.app/Contents/MacOS/plugins/plugins.dat
--prepared:/Users/cam/Documents/Projects/ultima-iv-web/vlc-thumbs/work/build/vlc-arm64/VLC.app/Contents/MacOS/plugins/libmono_plugin.dylib
--validated:/Users/cam/Documents/Projects/ultima-iv-web/vlc-thumbs/work/build/vlc-arm64/VLC.app/Contents/MacOS/plugins/libmono_plugin.dylib
--prepared:/Users/cam/Documents/Projects/ultima-iv-web/vlc-thumbs/work/build/vlc-arm64/VLC.app/Contents/MacOS/plugins/libx26410b_plugin.dylib
--validated:/Users/cam/Documents/Projects/ultima-iv-web/vlc-thumbs/work/build/vlc-arm64/VLC.app/Contents/MacOS/plugins/libx26410b_plugin.dylib
--prepared:/Users/cam/Documents/Projects/ultima-iv-web/vlc-thumbs/work/build/vlc-arm64/VLC.app/Contents/MacOS/plugins/libalphamask_plugin.dylib
--validated:/Users/cam/Documents/Projects/ultima-iv-web/vlc-thumbs/work/build/vlc-arm64/VLC.app/Contents/MacOS/plugins/libalphamask_plugin.dylib
--prepared:/Users/cam/Documents/Projects/ultima-iv-web/vlc-thumbs/work/build/vlc-arm64/VLC.app/Contents/MacOS/plugins/libtwolame_plugin.dylib
--prepared:/Users/cam/Documents/Projects/ultima-iv-web/vlc-thumbs/work/build/vlc-arm64/VLC.app/Contents/MacOS/plugins/libstereo_widen_plugin.dylib
--validated:/Users/cam/Documents/Projects/ultima-iv-web/vlc-thumbs/work/build/vlc-arm64/VLC.app/Contents/MacOS/plugins/libtwolame_plugin.dylib
--prepared:/Users/cam/Documents/Projects/ultima-iv-web/vlc-thumbs/work/build/vlc-arm64/VLC.app/Contents/MacOS/plugins/libsepia_plugin.dylib
--validated:/Users/cam/Documents/Projects/ultima-iv-web/vlc-thumbs/work/build/vlc-arm64/VLC.app/Contents/MacOS/plugins/libstereo_widen_plugin.dylib
--validated:/Users/cam/Documents/Projects/ultima-iv-web/vlc-thumbs/work/build/vlc-arm64/VLC.app/Contents/MacOS/plugins/libsepia_plugin.dylib
--prepared:/Users/cam/Documents/Projects/ultima-iv-web/vlc-thumbs/work/build/vlc-arm64/VLC.app/Contents/MacOS/plugins/libaccess_output_udp_plugin.dylib
--validated:/Users/cam/Documents/Projects/ultima-iv-web/vlc-thumbs/work/build/vlc-arm64/VLC.app/Contents/MacOS/plugins/libaccess_output_udp_plugin.dylib
--prepared:/Users/cam/Documents/Projects/ultima-iv-web/vlc-thumbs/work/build/vlc-arm64/VLC.app/Contents/MacOS/plugins/libmux_mp4_plugin.dylib
--validated:/Users/cam/Documents/Projects/ultima-iv-web/vlc-thumbs/work/build/vlc-arm64/VLC.app/Contents/MacOS/plugins/libmux_mp4_plugin.dylib
--prepared:/Users/cam/Documents/Projects/ultima-iv-web/vlc-thumbs/work/build/vlc-arm64/VLC.app/Contents/MacOS/plugins/libtextst_plugin.dylib
--validated:/Users/cam/Documents/Projects/ultima-iv-web/vlc-thumbs/work/build/vlc-arm64/VLC.app/Contents/MacOS/plugins/libtextst_plugin.dylib
--prepared:/Users/cam/Documents/Projects/ultima-iv-web/vlc-thumbs/work/build/vlc-arm64/VLC.app/Contents/MacOS/plugins/libstream_out_cycle_plugin.dylib
--prepared:/Users/cam/Documents/Projects/ultima-iv-web/vlc-thumbs/work/build/vlc-arm64/VLC.app/Contents/MacOS/plugins/libmotiondetect_plugin.dylib
--validated:/Users/cam/Documents/Projects/ultima-iv-web/vlc-thumbs/work/build/vlc-arm64/VLC.app/Contents/MacOS/plugins/libstream_out_cycle_plugin.dylib
--validated:/Users/cam/Documents/Projects/ultima-iv-web/vlc-thumbs/work/build/vlc-arm64/VLC.app/Contents/MacOS/plugins/libmotiondetect_plugin.dylib
--prepared:/Users/cam/Documents/Projects/ultima-iv-web/vlc-thumbs/work/build/vlc-arm64/VLC.app/Contents/MacOS/plugins/libaudiobargraph_a_plugin.dylib
--prepared:/Users/cam/Documents/Projects/ultima-iv-web/vlc-thumbs/work/build/vlc-arm64/VLC.app/Contents/MacOS/plugins/libpacketizer_dirac_plugin.dylib
--prepared:/Users/cam/Documents/Projects/ultima-iv-web/vlc-thumbs/work/build/vlc-arm64/VLC.app/Contents/MacOS/plugins/librawdv_plugin.dylib
--prepared:/Users/cam/Documents/Projects/ultima-iv-web/vlc-thumbs/work/build/vlc-arm64/VLC.app/Contents/MacOS/plugins/libwave_plugin.dylib
--validated:/Users/cam/Documents/Projects/ultima-iv-web/vlc-thumbs/work/build/vlc-arm64/VLC.app/Contents/MacOS/plugins/libaudiobargraph_a_plugin.dylib
--prepared:/Users/cam/Documents/Projects/ultima-iv-web/vlc-thumbs/work/build/vlc-arm64/VLC.app/Contents/MacOS/plugins/libstream_out_description_plugin.dylib
--validated:/Users/cam/Documents/Projects/ultima-iv-web/vlc-thumbs/work/build/vlc-arm64/VLC.app/Contents/MacOS/plugins/libpacketizer_dirac_plugin.dylib--prepared:/Users/cam/Documents/Projects/ultima-iv-web/vlc-thumbs/work/build/vlc-arm64/VLC.app/Contents/MacOS/plugins/libmux_ogg_plugin.dylib
--validated:/Users/cam/Documents/Projects/ultima-iv-web/vlc-thumbs/work/build/vlc-arm64/VLC.app/Contents/MacOS/plugins/libwave_plugin.dylib
--validated:/Users/cam/Documents/Projects/ultima-iv-web/vlc-thumbs/work/build/vlc-arm64/VLC.app/Contents/MacOS/plugins/librawdv_plugin.dylib
--validated:/Users/cam/Documents/Projects/ultima-iv-web/vlc-thumbs/work/build/vlc-arm64/VLC.app/Contents/MacOS/plugins/libmux_ogg_plugin.dylib
--prepared:/Users/cam/Documents/Projects/ultima-iv-web/vlc-thumbs/work/build/vlc-arm64/VLC.app/Contents/MacOS/plugins/libi422_yuy2_plugin.dylib
--prepared:/Users/cam/Documents/Projects/ultima-iv-web/vlc-thumbs/work/build/vlc-arm64/VLC.app/Contents/MacOS/plugins/libglconv_cvpx_plugin.dylib

--prepared:/Users/cam/Documents/Projects/ultima-iv-web/vlc-thumbs/work/build/vlc-arm64/VLC.app/Contents/MacOS/plugins/libstream_out_setid_plugin.dylib
--validated:/Users/cam/Documents/Projects/ultima-iv-web/vlc-thumbs/work/build/vlc-arm64/VLC.app/Contents/MacOS/plugins/libstream_out_description_plugin.dylib
--validated:/Users/cam/Documents/Projects/ultima-iv-web/vlc-thumbs/work/build/vlc-arm64/VLC.app/Contents/MacOS/plugins/libglconv_cvpx_plugin.dylib
--validated:/Users/cam/Documents/Projects/ultima-iv-web/vlc-thumbs/work/build/vlc-arm64/VLC.app/Contents/MacOS/plugins/libstream_out_setid_plugin.dylib
--prepared:/Users/cam/Documents/Projects/ultima-iv-web/vlc-thumbs/work/build/vlc-arm64/VLC.app/Contents/MacOS/plugins/libt140_plugin.dylib
--validated:/Users/cam/Documents/Projects/ultima-iv-web/vlc-thumbs/work/build/vlc-arm64/VLC.app/Contents/MacOS/plugins/libi422_yuy2_plugin.dylib
--validated:/Users/cam/Documents/Projects/ultima-iv-web/vlc-thumbs/work/build/vlc-arm64/VLC.app/Contents/MacOS/plugins/libt140_plugin.dylib
--prepared:/Users/cam/Documents/Projects/ultima-iv-web/vlc-thumbs/work/build/vlc-arm64/VLC.app/Contents/MacOS/plugins/libaccess_output_livehttp_plugin.dylib
--validated:/Users/cam/Documents/Projects/ultima-iv-web/vlc-thumbs/work/build/vlc-arm64/VLC.app/Contents/MacOS/plugins/libaccess_output_livehttp_plugin.dylib
--prepared:/Users/cam/Documents/Projects/ultima-iv-web/vlc-thumbs/work/build/vlc-arm64/VLC.app/Contents/MacOS/plugins/libpva_plugin.dylib
--validated:/Users/cam/Documents/Projects/ultima-iv-web/vlc-thumbs/work/build/vlc-arm64/VLC.app/Contents/MacOS/plugins/libpva_plugin.dylib
--prepared:/Users/cam/Documents/Projects/ultima-iv-web/vlc-thumbs/work/build/vlc-arm64/VLC.app/Contents/MacOS/plugins/liblogo_plugin.dylib
--prepared:/Users/cam/Documents/Projects/ultima-iv-web/vlc-thumbs/work/build/vlc-arm64/VLC.app/Contents/MacOS/plugins/libball_plugin.dylib
--validated:/Users/cam/Documents/Projects/ultima-iv-web/vlc-thumbs/work/build/vlc-arm64/VLC.app/Contents/MacOS/plugins/liblogo_plugin.dylib
--prepared:/Users/cam/Documents/Projects/ultima-iv-web/vlc-thumbs/work/build/vlc-arm64/VLC.app/Contents/MacOS/plugins/libhttps_plugin.dylib
--prepared:/Users/cam/Documents/Projects/ultima-iv-web/vlc-thumbs/work/build/vlc-arm64/VLC.app/Contents/MacOS/plugins/libfps_plugin.dylib
--validated:/Users/cam/Documents/Projects/ultima-iv-web/vlc-thumbs/work/build/vlc-arm64/VLC.app/Contents/MacOS/plugins/libball_plugin.dylib
--validated:/Users/cam/Documents/Projects/ultima-iv-web/vlc-thumbs/work/build/vlc-arm64/VLC.app/Contents/MacOS/plugins/libhttps_plugin.dylib
--prepared:/Users/cam/Documents/Projects/ultima-iv-web/vlc-thumbs/work/build/vlc-arm64/VLC.app/Contents/MacOS/plugins/libvisual_plugin.dylib
--validated:/Users/cam/Documents/Projects/ultima-iv-web/vlc-thumbs/work/build/vlc-arm64/VLC.app/Contents/MacOS/plugins/libfps_plugin.dylib
--validated:/Users/cam/Documents/Projects/ultima-iv-web/vlc-thumbs/work/build/vlc-arm64/VLC.app/Contents/MacOS/plugins/libvisual_plugin.dylib
--prepared:/Users/cam/Documents/Projects/ultima-iv-web/vlc-thumbs/work/build/vlc-arm64/VLC.app/Contents/MacOS/plugins/libwebvtt_plugin.dylib
--validated:/Users/cam/Documents/Projects/ultima-iv-web/vlc-thumbs/work/build/vlc-arm64/VLC.app/Contents/MacOS/plugins/libwebvtt_plugin.dylib
--prepared:/Users/cam/Documents/Projects/ultima-iv-web/vlc-thumbs/work/build/vlc-arm64/VLC.app/Contents/MacOS/plugins/libyuy2_i420_plugin.dylib
--prepared:/Users/cam/Documents/Projects/ultima-iv-web/vlc-thumbs/work/build/vlc-arm64/VLC.app/Contents/MacOS/plugins/libfile_keystore_plugin.dylib
--prepared:/Users/cam/Documents/Projects/ultima-iv-web/vlc-thumbs/work/build/vlc-arm64/VLC.app/Contents/MacOS/plugins/libdiracsys_plugin.dylib
--prepared:/Users/cam/Documents/Projects/ultima-iv-web/vlc-thumbs/work/build/vlc-arm64/VLC.app/Contents/MacOS/plugins/libavi_plugin.dylib
--prepared:/Users/cam/Documents/Projects/ultima-iv-web/vlc-thumbs/work/build/vlc-arm64/VLC.app/Contents/MacOS/plugins/libfingerprinter_plugin.dylib
--validated:/Users/cam/Documents/Projects/ultima-iv-web/vlc-thumbs/work/build/vlc-arm64/VLC.app/Contents/MacOS/plugins/libyuy2_i420_plugin.dylib
--prepared:/Users/cam/Documents/Projects/ultima-iv-web/vlc-thumbs/work/build/vlc-arm64/VLC.app/Contents/MacOS/plugins/libgaussianblur_plugin.dylib
--validated:/Users/cam/Documents/Projects/ultima-iv-web/vlc-thumbs/work/build/vlc-arm64/VLC.app/Contents/MacOS/plugins/libfingerprinter_plugin.dylib
--prepared:/Users/cam/Documents/Projects/ultima-iv-web/vlc-thumbs/work/build/vlc-arm64/VLC.app/Contents/MacOS/plugins/libclone_plugin.dylib
--prepared:/Users/cam/Documents/Projects/ultima-iv-web/vlc-thumbs/work/build/vlc-arm64/VLC.app/Contents/MacOS/plugins/libmemory_keystore_plugin.dylib
--prepared:/Users/cam/Documents/Projects/ultima-iv-web/vlc-thumbs/work/build/vlc-arm64/VLC.app/Contents/MacOS/plugins/libcvdsub_plugin.dylib
--prepared:/Users/cam/Documents/Projects/ultima-iv-web/vlc-thumbs/work/build/vlc-arm64/VLC.app/Contents/MacOS/plugins/libsharpen_plugin.dylib
--validated:/Users/cam/Documents/Projects/ultima-iv-web/vlc-thumbs/work/build/vlc-arm64/VLC.app/Contents/MacOS/plugins/libmemory_keystore_plugin.dylib
--validated:/Users/cam/Documents/Projects/ultima-iv-web/vlc-thumbs/work/build/vlc-arm64/VLC.app/Contents/MacOS/plugins/libdiracsys_plugin.dylib
--validated:/Users/cam/Documents/Projects/ultima-iv-web/vlc-thumbs/work/build/vlc-arm64/VLC.app/Contents/MacOS/plugins/libgaussianblur_plugin.dylib
--validated:/Users/cam/Documents/Projects/ultima-iv-web/vlc-thumbs/work/build/vlc-arm64/VLC.app/Contents/MacOS/plugins/libcvdsub_plugin.dylib
--validated:/Users/cam/Documents/Projects/ultima-iv-web/vlc-thumbs/work/build/vlc-arm64/VLC.app/Contents/MacOS/plugins/libsharpen_plugin.dylib
--validated:/Users/cam/Documents/Projects/ultima-iv-web/vlc-thumbs/work/build/vlc-arm64/VLC.app/Contents/MacOS/plugins/libavi_plugin.dylib
--validated:/Users/cam/Documents/Projects/ultima-iv-web/vlc-thumbs/work/build/vlc-arm64/VLC.app/Contents/MacOS/plugins/libclone_plugin.dylib
--validated:/Users/cam/Documents/Projects/ultima-iv-web/vlc-thumbs/work/build/vlc-arm64/VLC.app/Contents/MacOS/plugins/libfile_keystore_plugin.dylib
--prepared:/Users/cam/Documents/Projects/ultima-iv-web/vlc-thumbs/work/build/vlc-arm64/VLC.app/Contents/MacOS/plugins/librtp_plugin.dylib
--validated:/Users/cam/Documents/Projects/ultima-iv-web/vlc-thumbs/work/build/vlc-arm64/VLC.app/Contents/MacOS/plugins/librtp_plugin.dylib
--prepared:/Users/cam/Documents/Projects/ultima-iv-web/vlc-thumbs/work/build/vlc-arm64/VLC.app/Contents/MacOS/plugins/libsubsusf_plugin.dylib
--prepared:/Users/cam/Documents/Projects/ultima-iv-web/vlc-thumbs/work/build/vlc-arm64/VLC.app/Contents/MacOS/plugins/libkaraoke_plugin.dylib
--prepared:/Users/cam/Documents/Projects/ultima-iv-web/vlc-thumbs/work/build/vlc-arm64/VLC.app/Contents/MacOS/plugins/libmotionblur_plugin.dylib
--validated:/Users/cam/Documents/Projects/ultima-iv-web/vlc-thumbs/work/build/vlc-arm64/VLC.app/Contents/MacOS/plugins/libsubsusf_plugin.dylib
--validated:/Users/cam/Documents/Projects/ultima-iv-web/vlc-thumbs/work/build/vlc-arm64/VLC.app/Contents/MacOS/plugins/libkaraoke_plugin.dylib
--prepared:/Users/cam/Documents/Projects/ultima-iv-web/vlc-thumbs/work/build/vlc-arm64/VLC.app/Contents/MacOS/plugins/libdvbsub_plugin.dylib
--validated:/Users/cam/Documents/Projects/ultima-iv-web/vlc-thumbs/work/build/vlc-arm64/VLC.app/Contents/MacOS/plugins/libmotionblur_plugin.dylib
--prepared:/Users/cam/Documents/Projects/ultima-iv-web/vlc-thumbs/work/build/vlc-arm64/VLC.app/Contents/MacOS/plugins/libstream_out_chromaprint_plugin.dylib
--validated:/Users/cam/Documents/Projects/ultima-iv-web/vlc-thumbs/work/build/vlc-arm64/VLC.app/Contents/MacOS/plugins/libdvbsub_plugin.dylib
--validated:/Users/cam/Documents/Projects/ultima-iv-web/vlc-thumbs/work/build/vlc-arm64/VLC.app/Contents/MacOS/plugins/libstream_out_chromaprint_plugin.dylib
--prepared:/Users/cam/Documents/Projects/ultima-iv-web/vlc-thumbs/work/build/vlc-arm64/VLC.app/Contents/MacOS/plugins/libi420_nv12_plugin.dylib
--validated:/Users/cam/Documents/Projects/ultima-iv-web/vlc-thumbs/work/build/vlc-arm64/VLC.app/Contents/MacOS/plugins/libi420_nv12_plugin.dylib
--prepared:/Users/cam/Documents/Projects/ultima-iv-web/vlc-thumbs/work/build/vlc-arm64/VLC.app/Contents/MacOS/plugins/libcanvas_plugin.dylib
--prepared:/Users/cam/Documents/Projects/ultima-iv-web/vlc-thumbs/work/build/vlc-arm64/VLC.app/Contents/MacOS/plugins/libpacketizer_h264_plugin.dylib
--prepared:/Users/cam/Documents/Projects/ultima-iv-web/vlc-thumbs/work/build/vlc-arm64/VLC.app/Contents/MacOS/plugins/libaccess_imem_plugin.dylib
--prepared:/Users/cam/Documents/Projects/ultima-iv-web/vlc-thumbs/work/build/vlc-arm64/VLC.app/Contents/MacOS/plugins/libblend_plugin.dylib
--validated:/Users/cam/Documents/Projects/ultima-iv-web/vlc-thumbs/work/build/vlc-arm64/VLC.app/Contents/MacOS/plugins/libpacketizer_h264_plugin.dylib
--prepared:/Users/cam/Documents/Projects/ultima-iv-web/vlc-thumbs/work/build/vlc-arm64/VLC.app/Contents/MacOS/plugins/libauhal_plugin.dylib
--prepared:/Users/cam/Documents/Projects/ultima-iv-web/vlc-thumbs/work/build/vlc-arm64/VLC.app/Contents/MacOS/plugins/libbluray-awt-j2se-1.4.1.jar
--validated:/Users/cam/Documents/Projects/ultima-iv-web/vlc-thumbs/work/build/vlc-arm64/VLC.app/Contents/MacOS/plugins/libblend_plugin.dylib
--validated:/Users/cam/Documents/Projects/ultima-iv-web/vlc-thumbs/work/build/vlc-arm64/VLC.app/Contents/MacOS/plugins/libcanvas_plugin.dylib
--prepared:/Users/cam/Documents/Projects/ultima-iv-web/vlc-thumbs/work/build/vlc-arm64/VLC.app/Contents/MacOS/plugins/libwall_plugin.dylib
--prepared:/Users/cam/Documents/Projects/ultima-iv-web/vlc-thumbs/work/build/vlc-arm64/VLC.app/Contents/MacOS/plugins/libripple_plugin.dylib
--prepared:/Users/cam/Documents/Projects/ultima-iv-web/vlc-thumbs/work/build/vlc-arm64/VLC.app/Contents/MacOS/plugins/libstream_out_display_plugin.dylib
--validated:/Users/cam/Documents/Projects/ultima-iv-web/vlc-thumbs/work/build/vlc-arm64/VLC.app/Contents/MacOS/plugins/libaccess_imem_plugin.dylib
--prepared:/Users/cam/Documents/Projects/ultima-iv-web/vlc-thumbs/work/build/vlc-arm64/VLC.app/Contents/MacOS/plugins/libvod_rtsp_plugin.dylib
--prepared:/Users/cam/Documents/Projects/ultima-iv-web/vlc-thumbs/work/build/vlc-arm64/VLC.app/Contents/MacOS/plugins/librawvid_plugin.dylib
--validated:/Users/cam/Documents/Projects/ultima-iv-web/vlc-thumbs/work/build/vlc-arm64/VLC.app/Contents/MacOS/plugins/libbluray-awt-j2se-1.4.1.jar
--validated:/Users/cam/Documents/Projects/ultima-iv-web/vlc-thumbs/work/build/vlc-arm64/VLC.app/Contents/MacOS/plugins/libauhal_plugin.dylib--validated:/Users/cam/Documents/Projects/ultima-iv-web/vlc-thumbs/work/build/vlc-arm64/VLC.app/Contents/MacOS/plugins/libwall_plugin.dylib
--validated:/Users/cam/Documents/Projects/ultima-iv-web/vlc-thumbs/work/build/vlc-arm64/VLC.app/Contents/MacOS/plugins/libripple_plugin.dylib
--validated:/Users/cam/Documents/Projects/ultima-iv-web/vlc-thumbs/work/build/vlc-arm64/VLC.app/Contents/MacOS/plugins/libvod_rtsp_plugin.dylib
--validated:/Users/cam/Documents/Projects/ultima-iv-web/vlc-thumbs/work/build/vlc-arm64/VLC.app/Contents/MacOS/plugins/librawvid_plugin.dylib

--prepared:/Users/cam/Documents/Projects/ultima-iv-web/vlc-thumbs/work/build/vlc-arm64/VLC.app/Contents/MacOS/plugins/libpacketizer_flac_plugin.dylib
--validated:/Users/cam/Documents/Projects/ultima-iv-web/vlc-thumbs/work/build/vlc-arm64/VLC.app/Contents/MacOS/plugins/libstream_out_display_plugin.dylib
--validated:/Users/cam/Documents/Projects/ultima-iv-web/vlc-thumbs/work/build/vlc-arm64/VLC.app/Contents/MacOS/plugins/libpacketizer_flac_plugin.dylib
--prepared:/Users/cam/Documents/Projects/ultima-iv-web/vlc-thumbs/work/build/vlc-arm64/VLC.app/Contents/MacOS/plugins/libsftp_plugin.dylib
--validated:/Users/cam/Documents/Projects/ultima-iv-web/vlc-thumbs/work/build/vlc-arm64/VLC.app/Contents/MacOS/plugins/libsftp_plugin.dylib
--prepared:/Users/cam/Documents/Projects/ultima-iv-web/vlc-thumbs/work/build/vlc-arm64/VLC.app/Contents/MacOS/plugins/libpuzzle_plugin.dylib
--prepared:/Users/cam/Documents/Projects/ultima-iv-web/vlc-thumbs/work/build/vlc-arm64/VLC.app/Contents/MacOS/plugins/libexport_plugin.dylib
--prepared:/Users/cam/Documents/Projects/ultima-iv-web/vlc-thumbs/work/build/vlc-arm64/VLC.app/Contents/MacOS/plugins/libattachment_plugin.dylib
--validated:/Users/cam/Documents/Projects/ultima-iv-web/vlc-thumbs/work/build/vlc-arm64/VLC.app/Contents/MacOS/plugins/libpuzzle_plugin.dylib
--prepared:/Users/cam/Documents/Projects/ultima-iv-web/vlc-thumbs/work/build/vlc-arm64/VLC.app/Contents/MacOS/plugins/libstream_out_delay_plugin.dylib
--validated:/Users/cam/Documents/Projects/ultima-iv-web/vlc-thumbs/work/build/vlc-arm64/VLC.app/Contents/MacOS/plugins/libexport_plugin.dylib--validated:/Users/cam/Documents/Projects/ultima-iv-web/vlc-thumbs/work/build/vlc-arm64/VLC.app/Contents/MacOS/plugins/libattachment_plugin.dylib
--prepared:/Users/cam/Documents/Projects/ultima-iv-web/vlc-thumbs/work/build/vlc-arm64/VLC.app/Contents/MacOS/plugins/libdmxmus_plugin.dylib--validated:/Users/cam/Documents/Projects/ultima-iv-web/vlc-thumbs/work/build/vlc-arm64/VLC.app/Contents/MacOS/plugins/libstream_out_delay_plugin.dylib

--prepared:/Users/cam/Documents/Projects/ultima-iv-web/vlc-thumbs/work/build/vlc-arm64/VLC.app/Contents/MacOS/plugins/libnfs_plugin.dylib

--validated:/Users/cam/Documents/Projects/ultima-iv-web/vlc-thumbs/work/build/vlc-arm64/VLC.app/Contents/MacOS/plugins/libdmxmus_plugin.dylib
--validated:/Users/cam/Documents/Projects/ultima-iv-web/vlc-thumbs/work/build/vlc-arm64/VLC.app/Contents/MacOS/plugins/libnfs_plugin.dylib
--prepared:/Users/cam/Documents/Projects/ultima-iv-web/vlc-thumbs/work/build/vlc-arm64/VLC.app/Contents/MacOS/plugins/libgme_plugin.dylib
--validated:/Users/cam/Documents/Projects/ultima-iv-web/vlc-thumbs/work/build/vlc-arm64/VLC.app/Contents/MacOS/plugins/libgme_plugin.dylib
--prepared:/Users/cam/Documents/Projects/ultima-iv-web/vlc-thumbs/work/build/vlc-arm64/VLC.app/Contents/MacOS/plugins/libstream_out_es_plugin.dylib
--prepared:/Users/cam/Documents/Projects/ultima-iv-web/vlc-thumbs/work/build/vlc-arm64/VLC.app/Contents/MacOS/plugins/libskiptags_plugin.dylib
--prepared:/Users/cam/Documents/Projects/ultima-iv-web/vlc-thumbs/work/build/vlc-arm64/VLC.app/Contents/MacOS/plugins/libgradient_plugin.dylib
--prepared:/Users/cam/Documents/Projects/ultima-iv-web/vlc-thumbs/work/build/vlc-arm64/VLC.app/Contents/MacOS/plugins/libmad_plugin.dylib
--validated:/Users/cam/Documents/Projects/ultima-iv-web/vlc-thumbs/work/build/vlc-arm64/VLC.app/Contents/MacOS/plugins/libgradient_plugin.dylib
--prepared:/Users/cam/Documents/Projects/ultima-iv-web/vlc-thumbs/work/build/vlc-arm64/VLC.app/Contents/MacOS/plugins/libmux_wav_plugin.dylib
--prepared:/Users/cam/Documents/Projects/ultima-iv-web/vlc-thumbs/work/build/vlc-arm64/VLC.app/Contents/MacOS/plugins/libdemux_chromecast_plugin.dylib
--validated:/Users/cam/Documents/Projects/ultima-iv-web/vlc-thumbs/work/build/vlc-arm64/VLC.app/Contents/MacOS/plugins/libmad_plugin.dylib
--prepared:/Users/cam/Documents/Projects/ultima-iv-web/vlc-thumbs/work/build/vlc-arm64/VLC.app/Contents/MacOS/plugins/liblogger_plugin.dylib
--prepared:/Users/cam/Documents/Projects/ultima-iv-web/vlc-thumbs/work/build/vlc-arm64/VLC.app/Contents/MacOS/plugins/libsubtitle_plugin.dylib
--validated:/Users/cam/Documents/Projects/ultima-iv-web/vlc-thumbs/work/build/vlc-arm64/VLC.app/Contents/MacOS/plugins/libskiptags_plugin.dylib
--prepared:/Users/cam/Documents/Projects/ultima-iv-web/vlc-thumbs/work/build/vlc-arm64/VLC.app/Contents/MacOS/plugins/libpacketizer_mpegaudio_plugin.dylib
--validated:/Users/cam/Documents/Projects/ultima-iv-web/vlc-thumbs/work/build/vlc-arm64/VLC.app/Contents/MacOS/plugins/libdemux_chromecast_plugin.dylib
--validated:/Users/cam/Documents/Projects/ultima-iv-web/vlc-thumbs/work/build/vlc-arm64/VLC.app/Contents/MacOS/plugins/libmux_wav_plugin.dylib
--validated:/Users/cam/Documents/Projects/ultima-iv-web/vlc-thumbs/work/build/vlc-arm64/VLC.app/Contents/MacOS/plugins/liblogger_plugin.dylib
--prepared:/Users/cam/Documents/Projects/ultima-iv-web/vlc-thumbs/work/build/vlc-arm64/VLC.app/Contents/MacOS/plugins/libplaylist_plugin.dylib
--prepared:/Users/cam/Documents/Projects/ultima-iv-web/vlc-thumbs/work/build/vlc-arm64/VLC.app/Contents/MacOS/plugins/libaudioscrobbler_plugin.dylib
--prepared:/Users/cam/Documents/Projects/ultima-iv-web/vlc-thumbs/work/build/vlc-arm64/VLC.app/Contents/MacOS/plugins/libantiflicker_plugin.dylib
--validated:/Users/cam/Documents/Projects/ultima-iv-web/vlc-thumbs/work/build/vlc-arm64/VLC.app/Contents/MacOS/plugins/libsubtitle_plugin.dylib
--validated:/Users/cam/Documents/Projects/ultima-iv-web/vlc-thumbs/work/build/vlc-arm64/VLC.app/Contents/MacOS/plugins/libplaylist_plugin.dylib
--validated:/Users/cam/Documents/Projects/ultima-iv-web/vlc-thumbs/work/build/vlc-arm64/VLC.app/Contents/MacOS/plugins/libstream_out_es_plugin.dylib
--validated:/Users/cam/Documents/Projects/ultima-iv-web/vlc-thumbs/work/build/vlc-arm64/VLC.app/Contents/MacOS/plugins/libaudioscrobbler_plugin.dylib
--prepared:/Users/cam/Documents/Projects/ultima-iv-web/vlc-thumbs/work/build/vlc-arm64/VLC.app/Contents/MacOS/plugins/libfloat_mixer_plugin.dylib
--prepared:/Users/cam/Documents/Projects/ultima-iv-web/vlc-thumbs/work/build/vlc-arm64/VLC.app/Contents/MacOS/plugins/libxml_plugin.dylib
--validated:/Users/cam/Documents/Projects/ultima-iv-web/vlc-thumbs/work/build/vlc-arm64/VLC.app/Contents/MacOS/plugins/libantiflicker_plugin.dylib
--validated:/Users/cam/Documents/Projects/ultima-iv-web/vlc-thumbs/work/build/vlc-arm64/VLC.app/Contents/MacOS/plugins/libpacketizer_mpegaudio_plugin.dylib
--validated:/Users/cam/Documents/Projects/ultima-iv-web/vlc-thumbs/work/build/vlc-arm64/VLC.app/Contents/MacOS/plugins/libxml_plugin.dylib
--validated:/Users/cam/Documents/Projects/ultima-iv-web/vlc-thumbs/work/build/vlc-arm64/VLC.app/Contents/MacOS/plugins/libfloat_mixer_plugin.dylib
--prepared:/Users/cam/Documents/Projects/ultima-iv-web/vlc-thumbs/work/build/vlc-arm64/VLC.app/Contents/MacOS/plugins/libtransform_plugin.dylib
--prepared:/Users/cam/Documents/Projects/ultima-iv-web/vlc-thumbs/work/build/vlc-arm64/VLC.app/Contents/MacOS/plugins/libreal_plugin.dylib
--validated:/Users/cam/Documents/Projects/ultima-iv-web/vlc-thumbs/work/build/vlc-arm64/VLC.app/Contents/MacOS/plugins/libtransform_plugin.dylib
--validated:/Users/cam/Documents/Projects/ultima-iv-web/vlc-thumbs/work/build/vlc-arm64/VLC.app/Contents/MacOS/plugins/libreal_plugin.dylib
--prepared:/Users/cam/Documents/Projects/ultima-iv-web/vlc-thumbs/work/build/vlc-arm64/VLC.app/Contents/MacOS/plugins/libaddonsfsstorage_plugin.dylib
--validated:/Users/cam/Documents/Projects/ultima-iv-web/vlc-thumbs/work/build/vlc-arm64/VLC.app/Contents/MacOS/plugins/libaddonsfsstorage_plugin.dylib
--prepared:/Users/cam/Documents/Projects/ultima-iv-web/vlc-thumbs/work/build/vlc-arm64/VLC.app/Contents/MacOS/plugins/libcdg_plugin.dylib
--prepared:/Users/cam/Documents/Projects/ultima-iv-web/vlc-thumbs/work/build/vlc-arm64/VLC.app/Contents/MacOS/plugins/libmpgv_plugin.dylib--prepared:/Users/cam/Documents/Projects/ultima-iv-web/vlc-thumbs/work/build/vlc-arm64/VLC.app/Contents/MacOS/plugins/libtcp_plugin.dylib
--prepared:/Users/cam/Documents/Projects/ultima-iv-web/vlc-thumbs/work/build/vlc-arm64/VLC.app/Contents/MacOS/plugins/libstats_plugin.dylib
--prepared:/Users/cam/Documents/Projects/ultima-iv-web/vlc-thumbs/work/build/vlc-arm64/VLC.app/Contents/MacOS/plugins/libudp_plugin.dylib

--prepared:/Users/cam/Documents/Projects/ultima-iv-web/vlc-thumbs/work/build/vlc-arm64/VLC.app/Contents/MacOS/plugins/libnsv_plugin.dylib
--prepared:/Users/cam/Documents/Projects/ultima-iv-web/vlc-thumbs/work/build/vlc-arm64/VLC.app/Contents/MacOS/plugins/libyuy2_i422_plugin.dylib
--validated:/Users/cam/Documents/Projects/ultima-iv-web/vlc-thumbs/work/build/vlc-arm64/VLC.app/Contents/MacOS/plugins/libcdg_plugin.dylib
--prepared:/Users/cam/Documents/Projects/ultima-iv-web/vlc-thumbs/work/build/vlc-arm64/VLC.app/Contents/MacOS/plugins/libtrivial_channel_mixer_plugin.dylib--prepared:/Users/cam/Documents/Projects/ultima-iv-web/vlc-thumbs/work/build/vlc-arm64/VLC.app/Contents/MacOS/plugins/libopus_plugin.dylib
--validated:/Users/cam/Documents/Projects/ultima-iv-web/vlc-thumbs/work/build/vlc-arm64/VLC.app/Contents/MacOS/plugins/libstats_plugin.dylib
--prepared:/Users/cam/Documents/Projects/ultima-iv-web/vlc-thumbs/work/build/vlc-arm64/VLC.app/Contents/MacOS/plugins/libpacketizer_vc1_plugin.dylib
--validated:/Users/cam/Documents/Projects/ultima-iv-web/vlc-thumbs/work/build/vlc-arm64/VLC.app/Contents/MacOS/plugins/libopus_plugin.dylib
--validated:/Users/cam/Documents/Projects/ultima-iv-web/vlc-thumbs/work/build/vlc-arm64/VLC.app/Contents/MacOS/plugins/libtcp_plugin.dylib
--prepared:/Users/cam/Documents/Projects/ultima-iv-web/vlc-thumbs/work/build/vlc-arm64/VLC.app/Contents/MacOS/plugins/libstl_plugin.dylib
--prepared:/Users/cam/Documents/Projects/ultima-iv-web/vlc-thumbs/work/build/vlc-arm64/VLC.app/Contents/MacOS/plugins/libnsspeechsynthesizer_plugin.dylib
--validated:/Users/cam/Documents/Projects/ultima-iv-web/vlc-thumbs/work/build/vlc-arm64/VLC.app/Contents/MacOS/plugins/libudp_plugin.dylib
--validated:/Users/cam/Documents/Projects/ultima-iv-web/vlc-thumbs/work/build/vlc-arm64/VLC.app/Contents/MacOS/plugins/libyuy2_i422_plugin.dylib
--validated:/Users/cam/Documents/Projects/ultima-iv-web/vlc-thumbs/work/build/vlc-arm64/VLC.app/Contents/MacOS/plugins/libstl_plugin.dylib
--validated:/Users/cam/Documents/Projects/ultima-iv-web/vlc-thumbs/work/build/vlc-arm64/VLC.app/Contents/MacOS/plugins/libmpgv_plugin.dylib
--validated:/Users/cam/Documents/Projects/ultima-iv-web/vlc-thumbs/work/build/vlc-arm64/VLC.app/Contents/MacOS/plugins/libpacketizer_vc1_plugin.dylib
--prepared:/Users/cam/Documents/Projects/ultima-iv-web/vlc-thumbs/work/build/vlc-arm64/VLC.app/Contents/MacOS/plugins/librtpvideo_plugin.dylib
--validated:/Users/cam/Documents/Projects/ultima-iv-web/vlc-thumbs/work/build/vlc-arm64/VLC.app/Contents/MacOS/plugins/libnsspeechsynthesizer_plugin.dylib--validated:/Users/cam/Documents/Projects/ultima-iv-web/vlc-thumbs/work/build/vlc-arm64/VLC.app/Contents/MacOS/plugins/librtpvideo_plugin.dylib


--validated:/Users/cam/Documents/Projects/ultima-iv-web/vlc-thumbs/work/build/vlc-arm64/VLC.app/Contents/MacOS/plugins/libnsv_plugin.dylib
--validated:/Users/cam/Documents/Projects/ultima-iv-web/vlc-thumbs/work/build/vlc-arm64/VLC.app/Contents/MacOS/plugins/libtrivial_channel_mixer_plugin.dylib
--prepared:/Users/cam/Documents/Projects/ultima-iv-web/vlc-thumbs/work/build/vlc-arm64/VLC.app/Contents/MacOS/plugins/libpacketizer_dts_plugin.dylib
--prepared:/Users/cam/Documents/Projects/ultima-iv-web/vlc-thumbs/work/build/vlc-arm64/VLC.app/Contents/MacOS/plugins/libmotion_plugin.dylib
--prepared:/Users/cam/Documents/Projects/ultima-iv-web/vlc-thumbs/work/build/vlc-arm64/VLC.app/Contents/MacOS/plugins/libhds_plugin.dylib
--validated:/Users/cam/Documents/Projects/ultima-iv-web/vlc-thumbs/work/build/vlc-arm64/VLC.app/Contents/MacOS/plugins/libpacketizer_dts_plugin.dylib
--validated:/Users/cam/Documents/Projects/ultima-iv-web/vlc-thumbs/work/build/vlc-arm64/VLC.app/Contents/MacOS/plugins/libmotion_plugin.dylib
--validated:/Users/cam/Documents/Projects/ultima-iv-web/vlc-thumbs/work/build/vlc-arm64/VLC.app/Contents/MacOS/plugins/libhds_plugin.dylib
--prepared:/Users/cam/Documents/Projects/ultima-iv-web/vlc-thumbs/work/build/vlc-arm64/VLC.app/Contents/MacOS/plugins/libmkv_plugin.dylib
--validated:/Users/cam/Documents/Projects/ultima-iv-web/vlc-thumbs/work/build/vlc-arm64/VLC.app/Contents/MacOS/plugins/libmkv_plugin.dylib
--prepared:/Users/cam/Documents/Projects/ultima-iv-web/vlc-thumbs/work/build/vlc-arm64/VLC.app/Contents/MacOS/plugins/libtimecode_plugin.dylib
--validated:/Users/cam/Documents/Projects/ultima-iv-web/vlc-thumbs/work/build/vlc-arm64/VLC.app/Contents/MacOS/plugins/libtimecode_plugin.dylib
--prepared:/Users/cam/Documents/Projects/ultima-iv-web/vlc-thumbs/work/build/vlc-arm64/VLC.app/Contents/MacOS/plugins/libaccess_output_http_plugin.dylib
--prepared:/Users/cam/Documents/Projects/ultima-iv-web/vlc-thumbs/work/build/vlc-arm64/VLC.app/Contents/MacOS/plugins/libmjpeg_plugin.dylib
--prepared:/Users/cam/Documents/Projects/ultima-iv-web/vlc-thumbs/work/build/vlc-arm64/VLC.app/Contents/MacOS/plugins/libheadphone_channel_mixer_plugin.dylib--prepared:/Users/cam/Documents/Projects/ultima-iv-web/vlc-thumbs/work/build/vlc-arm64/VLC.app/Contents/MacOS/plugins/libcolorthres_plugin.dylib
--validated:/Users/cam/Documents/Projects/ultima-iv-web/vlc-thumbs/work/build/vlc-arm64/VLC.app/Contents/MacOS/plugins/libmjpeg_plugin.dylib
--prepared:/Users/cam/Documents/Projects/ultima-iv-web/vlc-thumbs/work/build/vlc-arm64/VLC.app/Contents/MacOS/plugins/libcc_plugin.dylib
--prepared:/Users/cam/Documents/Projects/ultima-iv-web/vlc-thumbs/work/build/vlc-arm64/VLC.app/Contents/MacOS/plugins/libgain_plugin.dylib
--validated:/Users/cam/Documents/Projects/ultima-iv-web/vlc-thumbs/work/build/vlc-arm64/VLC.app/Contents/MacOS/plugins/libaccess_output_http_plugin.dylib
--validated:/Users/cam/Documents/Projects/ultima-iv-web/vlc-thumbs/work/build/vlc-arm64/VLC.app/Contents/MacOS/plugins/libcc_plugin.dylib
--validated:/Users/cam/Documents/Projects/ultima-iv-web/vlc-thumbs/work/build/vlc-arm64/VLC.app/Contents/MacOS/plugins/libgain_plugin.dylib
--prepared:/Users/cam/Documents/Projects/ultima-iv-web/vlc-thumbs/work/build/vlc-arm64/VLC.app/Contents/MacOS/plugins/librotate_plugin.dylib
--prepared:/Users/cam/Documents/Projects/ultima-iv-web/vlc-thumbs/work/build/vlc-arm64/VLC.app/Contents/MacOS/plugins/libkeychain_plugin.dylib

--validated:/Users/cam/Documents/Projects/ultima-iv-web/vlc-thumbs/work/build/vlc-arm64/VLC.app/Contents/MacOS/plugins/libcolorthres_plugin.dylib
--prepared:/Users/cam/Documents/Projects/ultima-iv-web/vlc-thumbs/work/build/vlc-arm64/VLC.app/Contents/MacOS/plugins/libmpc_plugin.dylib
--validated:/Users/cam/Documents/Projects/ultima-iv-web/vlc-thumbs/work/build/vlc-arm64/VLC.app/Contents/MacOS/plugins/libheadphone_channel_mixer_plugin.dylib
--validated:/Users/cam/Documents/Projects/ultima-iv-web/vlc-thumbs/work/build/vlc-arm64/VLC.app/Contents/MacOS/plugins/libkeychain_plugin.dylib
--validated:/Users/cam/Documents/Projects/ultima-iv-web/vlc-thumbs/work/build/vlc-arm64/VLC.app/Contents/MacOS/plugins/librotate_plugin.dylib
--validated:/Users/cam/Documents/Projects/ultima-iv-web/vlc-thumbs/work/build/vlc-arm64/VLC.app/Contents/MacOS/plugins/libmpc_plugin.dylib
--prepared:/Users/cam/Documents/Projects/ultima-iv-web/vlc-thumbs/work/build/vlc-arm64/VLC.app/Contents/MacOS/plugins/libzvbi_plugin.dylib
--validated:/Users/cam/Documents/Projects/ultima-iv-web/vlc-thumbs/work/build/vlc-arm64/VLC.app/Contents/MacOS/plugins/libzvbi_plugin.dylib
--prepared:/Users/cam/Documents/Projects/ultima-iv-web/vlc-thumbs/work/build/vlc-arm64/VLC.app/Contents/MacOS/plugins/libaccess_output_shout_plugin.dylib
--prepared:/Users/cam/Documents/Projects/ultima-iv-web/vlc-thumbs/work/build/vlc-arm64/VLC.app/Contents/MacOS/plugins/libremoteosd_plugin.dylib
--validated:/Users/cam/Documents/Projects/ultima-iv-web/vlc-thumbs/work/build/vlc-arm64/VLC.app/Contents/MacOS/plugins/libaccess_output_shout_plugin.dylib
--validated:/Users/cam/Documents/Projects/ultima-iv-web/vlc-thumbs/work/build/vlc-arm64/VLC.app/Contents/MacOS/plugins/libremoteosd_plugin.dylib
--prepared:/Users/cam/Documents/Projects/ultima-iv-web/vlc-thumbs/work/build/vlc-arm64/VLC.app/Contents/MacOS/plugins/libx265_plugin.dylib
--validated:/Users/cam/Documents/Projects/ultima-iv-web/vlc-thumbs/work/build/vlc-arm64/VLC.app/Contents/MacOS/plugins/libx265_plugin.dylib
--prepared:/Users/cam/Documents/Projects/ultima-iv-web/vlc-thumbs/work/build/vlc-arm64/VLC.app/Contents/MacOS/plugins/libbluescreen_plugin.dylib
--prepared:/Users/cam/Documents/Projects/ultima-iv-web/vlc-thumbs/work/build/vlc-arm64/VLC.app/Contents/MacOS/plugins/libftp_plugin.dylib
--prepared:/Users/cam/Documents/Projects/ultima-iv-web/vlc-thumbs/work/build/vlc-arm64/VLC.app/Contents/MacOS/plugins/libgrain_plugin.dylib
--prepared:/Users/cam/Documents/Projects/ultima-iv-web/vlc-thumbs/work/build/vlc-arm64/VLC.app/Contents/MacOS/plugins/librawaud_plugin.dylib
--prepared:/Users/cam/Documents/Projects/ultima-iv-web/vlc-thumbs/work/build/vlc-arm64/VLC.app/Contents/MacOS/plugins/libconsole_logger_plugin.dylib
--prepared:/Users/cam/Documents/Projects/ultima-iv-web/vlc-thumbs/work/build/vlc-arm64/VLC.app/Contents/MacOS/plugins/librss_plugin.dylib
--validated:/Users/cam/Documents/Projects/ultima-iv-web/vlc-thumbs/work/build/vlc-arm64/VLC.app/Contents/MacOS/plugins/libbluescreen_plugin.dylib
--validated:/Users/cam/Documents/Projects/ultima-iv-web/vlc-thumbs/work/build/vlc-arm64/VLC.app/Contents/MacOS/plugins/libgrain_plugin.dylib
--validated:/Users/cam/Documents/Projects/ultima-iv-web/vlc-thumbs/work/build/vlc-arm64/VLC.app/Contents/MacOS/plugins/libconsole_logger_plugin.dylib--prepared:/Users/cam/Documents/Projects/ultima-iv-web/vlc-thumbs/work/build/vlc-arm64/VLC.app/Contents/MacOS/plugins/libdvdread_plugin.dylib
--prepared:/Users/cam/Documents/Projects/ultima-iv-web/vlc-thumbs/work/build/vlc-arm64/VLC.app/Contents/MacOS/plugins/libarchive_plugin.dylib
--validated:/Users/cam/Documents/Projects/ultima-iv-web/vlc-thumbs/work/build/vlc-arm64/VLC.app/Contents/MacOS/plugins/librawaud_plugin.dylib
--validated:/Users/cam/Documents/Projects/ultima-iv-web/vlc-thumbs/work/build/vlc-arm64/VLC.app/Contents/MacOS/plugins/librss_plugin.dylib

--prepared:/Users/cam/Documents/Projects/ultima-iv-web/vlc-thumbs/work/build/vlc-arm64/VLC.app/Contents/MacOS/plugins/libspudec_plugin.dylib
--prepared:/Users/cam/Documents/Projects/ultima-iv-web/vlc-thumbs/work/build/vlc-arm64/VLC.app/Contents/MacOS/plugins/libpacketizer_a52_plugin.dylib
--validated:/Users/cam/Documents/Projects/ultima-iv-web/vlc-thumbs/work/build/vlc-arm64/VLC.app/Contents/MacOS/plugins/libdvdread_plugin.dylib
--validated:/Users/cam/Documents/Projects/ultima-iv-web/vlc-thumbs/work/build/vlc-arm64/VLC.app/Contents/MacOS/plugins/libftp_plugin.dylib
--prepared:/Users/cam/Documents/Projects/ultima-iv-web/vlc-thumbs/work/build/vlc-arm64/VLC.app/Contents/MacOS/plugins/libpostproc_plugin.dylib--validated:/Users/cam/Documents/Projects/ultima-iv-web/vlc-thumbs/work/build/vlc-arm64/VLC.app/Contents/MacOS/plugins/libpacketizer_a52_plugin.dylib--validated:/Users/cam/Documents/Projects/ultima-iv-web/vlc-thumbs/work/build/vlc-arm64/VLC.app/Contents/MacOS/plugins/libspudec_plugin.dylib
--prepared:/Users/cam/Documents/Projects/ultima-iv-web/vlc-thumbs/work/build/vlc-arm64/VLC.app/Contents/MacOS/plugins/libmpg123_plugin.dylib

--validated:/Users/cam/Documents/Projects/ultima-iv-web/vlc-thumbs/work/build/vlc-arm64/VLC.app/Contents/MacOS/plugins/libmpg123_plugin.dylib
--prepared:/Users/cam/Documents/Projects/ultima-iv-web/vlc-thumbs/work/build/vlc-arm64/VLC.app/Contents/MacOS/plugins/libstream_out_rtp_plugin.dylib

--validated:/Users/cam/Documents/Projects/ultima-iv-web/vlc-thumbs/work/build/vlc-arm64/VLC.app/Contents/MacOS/plugins/libstream_out_rtp_plugin.dylib
--validated:/Users/cam/Documents/Projects/ultima-iv-web/vlc-thumbs/work/build/vlc-arm64/VLC.app/Contents/MacOS/plugins/libpostproc_plugin.dylib
--validated:/Users/cam/Documents/Projects/ultima-iv-web/vlc-thumbs/work/build/vlc-arm64/VLC.app/Contents/MacOS/plugins/libarchive_plugin.dylib
--prepared:/Users/cam/Documents/Projects/ultima-iv-web/vlc-thumbs/work/build/vlc-arm64/VLC.app/Contents/MacOS/plugins/libaccess_output_srt_plugin.dylib
--validated:/Users/cam/Documents/Projects/ultima-iv-web/vlc-thumbs/work/build/vlc-arm64/VLC.app/Contents/MacOS/plugins/libaccess_output_srt_plugin.dylib
--prepared:/Users/cam/Documents/Projects/ultima-iv-web/vlc-thumbs/work/build/vlc-arm64/VLC.app/Contents/MacOS/plugins/libprefetch_plugin.dylib
--prepared:/Users/cam/Documents/Projects/ultima-iv-web/vlc-thumbs/work/build/vlc-arm64/VLC.app/Contents/MacOS/plugins/libdummy_plugin.dylib
--prepared:/Users/cam/Documents/Projects/ultima-iv-web/vlc-thumbs/work/build/vlc-arm64/VLC.app/Contents/MacOS/plugins/libi422_i420_plugin.dylib
--prepared:/Users/cam/Documents/Projects/ultima-iv-web/vlc-thumbs/work/build/vlc-arm64/VLC.app/Contents/MacOS/plugins/libadjust_plugin.dylib
--prepared:/Users/cam/Documents/Projects/ultima-iv-web/vlc-thumbs/work/build/vlc-arm64/VLC.app/Contents/MacOS/plugins/libty_plugin.dylib
--validated:/Users/cam/Documents/Projects/ultima-iv-web/vlc-thumbs/work/build/vlc-arm64/VLC.app/Contents/MacOS/plugins/libi422_i420_plugin.dylib
--validated:/Users/cam/Documents/Projects/ultima-iv-web/vlc-thumbs/work/build/vlc-arm64/VLC.app/Contents/MacOS/plugins/libdummy_plugin.dylib
--prepared:/Users/cam/Documents/Projects/ultima-iv-web/vlc-thumbs/work/build/vlc-arm64/VLC.app/Contents/MacOS/plugins/libpodcast_plugin.dylib
--validated:/Users/cam/Documents/Projects/ultima-iv-web/vlc-thumbs/work/build/vlc-arm64/VLC.app/Contents/MacOS/plugins/libprefetch_plugin.dylib
--prepared:/Users/cam/Documents/Projects/ultima-iv-web/vlc-thumbs/work/build/vlc-arm64/VLC.app/Contents/MacOS/plugins/libtdummy_plugin.dylib
--prepared:/Users/cam/Documents/Projects/ultima-iv-web/vlc-thumbs/work/build/vlc-arm64/VLC.app/Contents/MacOS/plugins/libgoom_plugin.dylib
--validated:/Users/cam/Documents/Projects/ultima-iv-web/vlc-thumbs/work/build/vlc-arm64/VLC.app/Contents/MacOS/plugins/libpodcast_plugin.dylib
--validated:/Users/cam/Documents/Projects/ultima-iv-web/vlc-thumbs/work/build/vlc-arm64/VLC.app/Contents/MacOS/plugins/libtdummy_plugin.dylib
--validated:/Users/cam/Documents/Projects/ultima-iv-web/vlc-thumbs/work/build/vlc-arm64/VLC.app/Contents/MacOS/plugins/libadjust_plugin.dylib
--validated:/Users/cam/Documents/Projects/ultima-iv-web/vlc-thumbs/work/build/vlc-arm64/VLC.app/Contents/MacOS/plugins/libgoom_plugin.dylib
--validated:/Users/cam/Documents/Projects/ultima-iv-web/vlc-thumbs/work/build/vlc-arm64/VLC.app/Contents/MacOS/plugins/libty_plugin.dylib
--prepared:/Users/cam/Documents/Projects/ultima-iv-web/vlc-thumbs/work/build/vlc-arm64/VLC.app/Contents/MacOS/plugins/libvpx_plugin.dylib
--validated:/Users/cam/Documents/Projects/ultima-iv-web/vlc-thumbs/work/build/vlc-arm64/VLC.app/Contents/MacOS/plugins/libvpx_plugin.dylib
--prepared:/Users/cam/Documents/Projects/ultima-iv-web/vlc-thumbs/work/build/vlc-arm64/VLC.app/Contents/MacOS/plugins/libmux_dummy_plugin.dylib
--prepared:/Users/cam/Documents/Projects/ultima-iv-web/vlc-thumbs/work/build/vlc-arm64/VLC.app/Contents/MacOS/plugins/libmux_asf_plugin.dylib
--validated:/Users/cam/Documents/Projects/ultima-iv-web/vlc-thumbs/work/build/vlc-arm64/VLC.app/Contents/MacOS/plugins/libmux_dummy_plugin.dylib
--prepared:/Users/cam/Documents/Projects/ultima-iv-web/vlc-thumbs/work/build/vlc-arm64/VLC.app/Contents/MacOS/plugins/libcvpx_plugin.dylib
--validated:/Users/cam/Documents/Projects/ultima-iv-web/vlc-thumbs/work/build/vlc-arm64/VLC.app/Contents/MacOS/plugins/libmux_asf_plugin.dylib
--prepared:/Users/cam/Documents/Projects/ultima-iv-web/vlc-thumbs/work/build/vlc-arm64/VLC.app/Contents/MacOS/plugins/libspdif_plugin.dylib
--prepared:/Users/cam/Documents/Projects/ultima-iv-web/vlc-thumbs/work/build/vlc-arm64/VLC.app/Contents/MacOS/plugins/libgrey_yuv_plugin.dylib
--validated:/Users/cam/Documents/Projects/ultima-iv-web/vlc-thumbs/work/build/vlc-arm64/VLC.app/Contents/MacOS/plugins/libcvpx_plugin.dylib
--prepared:/Users/cam/Documents/Projects/ultima-iv-web/vlc-thumbs/work/build/vlc-arm64/VLC.app/Contents/MacOS/plugins/libinflate_plugin.dylib--validated:/Users/cam/Documents/Projects/ultima-iv-web/vlc-thumbs/work/build/vlc-arm64/VLC.app/Contents/MacOS/plugins/libspdif_plugin.dylib

--prepared:/Users/cam/Documents/Projects/ultima-iv-web/vlc-thumbs/work/build/vlc-arm64/VLC.app/Contents/MacOS/plugins/libvhs_plugin.dylib
--validated:/Users/cam/Documents/Projects/ultima-iv-web/vlc-thumbs/work/build/vlc-arm64/VLC.app/Contents/MacOS/plugins/libgrey_yuv_plugin.dylib
--validated:/Users/cam/Documents/Projects/ultima-iv-web/vlc-thumbs/work/build/vlc-arm64/VLC.app/Contents/MacOS/plugins/libinflate_plugin.dylib
--validated:/Users/cam/Documents/Projects/ultima-iv-web/vlc-thumbs/work/build/vlc-arm64/VLC.app/Contents/MacOS/plugins/libvhs_plugin.dylib
--prepared:/Users/cam/Documents/Projects/ultima-iv-web/vlc-thumbs/work/build/vlc-arm64/VLC.app/Contents/MacOS/plugins/libtheora_plugin.dylib
--prepared:/Users/cam/Documents/Projects/ultima-iv-web/vlc-thumbs/work/build/vlc-arm64/VLC.app/Contents/MacOS/plugins/liblua_plugin.dylib--prepared:/Users/cam/Documents/Projects/ultima-iv-web/vlc-thumbs/work/build/vlc-arm64/VLC.app/Contents/MacOS/plugins/libsdp_plugin.dylib
--prepared:/Users/cam/Documents/Projects/ultima-iv-web/vlc-thumbs/work/build/vlc-arm64/VLC.app/Contents/MacOS/plugins/libdemuxdump_plugin.dylib
--prepared:/Users/cam/Documents/Projects/ultima-iv-web/vlc-thumbs/work/build/vlc-arm64/VLC.app/Contents/MacOS/plugins/libsid_plugin.dylib

--validated:/Users/cam/Documents/Projects/ultima-iv-web/vlc-thumbs/work/build/vlc-arm64/VLC.app/Contents/MacOS/plugins/libdemuxdump_plugin.dylib
--validated:/Users/cam/Documents/Projects/ultima-iv-web/vlc-thumbs/work/build/vlc-arm64/VLC.app/Contents/MacOS/plugins/libsdp_plugin.dylib
--validated:/Users/cam/Documents/Projects/ultima-iv-web/vlc-thumbs/work/build/vlc-arm64/VLC.app/Contents/MacOS/plugins/libtheora_plugin.dylib
--validated:/Users/cam/Documents/Projects/ultima-iv-web/vlc-thumbs/work/build/vlc-arm64/VLC.app/Contents/MacOS/plugins/libsid_plugin.dylib
--validated:/Users/cam/Documents/Projects/ultima-iv-web/vlc-thumbs/work/build/vlc-arm64/VLC.app/Contents/MacOS/plugins/liblua_plugin.dylib
--prepared:/Users/cam/Documents/Projects/ultima-iv-web/vlc-thumbs/work/build/vlc-arm64/VLC.app/Contents/MacOS/plugins/libvorbis_plugin.dylib
--validated:/Users/cam/Documents/Projects/ultima-iv-web/vlc-thumbs/work/build/vlc-arm64/VLC.app/Contents/MacOS/plugins/libvorbis_plugin.dylib
--prepared:/Users/cam/Documents/Projects/ultima-iv-web/vlc-thumbs/work/build/vlc-arm64/VLC.app/Contents/MacOS/plugins/libsvcdsub_plugin.dylib
--prepared:/Users/cam/Documents/Projects/ultima-iv-web/vlc-thumbs/work/build/vlc-arm64/VLC.app/Contents/MacOS/plugins/liboldrc_plugin.dylib
--validated:/Users/cam/Documents/Projects/ultima-iv-web/vlc-thumbs/work/build/vlc-arm64/VLC.app/Contents/MacOS/plugins/libsvcdsub_plugin.dylib
--validated:/Users/cam/Documents/Projects/ultima-iv-web/vlc-thumbs/work/build/vlc-arm64/VLC.app/Contents/MacOS/plugins/liboldrc_plugin.dylib
--prepared:/Users/cam/Documents/Projects/ultima-iv-web/vlc-thumbs/work/build/vlc-arm64/VLC.app/Contents/MacOS/plugins/libci_filters_plugin.dylib--prepared:/Users/cam/Documents/Projects/ultima-iv-web/vlc-thumbs/work/build/vlc-arm64/VLC.app/Contents/MacOS/plugins/libaraw_plugin.dylib

--prepared:/Users/cam/Documents/Projects/ultima-iv-web/vlc-thumbs/work/build/vlc-arm64/VLC.app/Contents/MacOS/plugins/libscte18_plugin.dylib
--validated:/Users/cam/Documents/Projects/ultima-iv-web/vlc-thumbs/work/build/vlc-arm64/VLC.app/Contents/MacOS/plugins/libaraw_plugin.dylib
--validated:/Users/cam/Documents/Projects/ultima-iv-web/vlc-thumbs/work/build/vlc-arm64/VLC.app/Contents/MacOS/plugins/libci_filters_plugin.dylib
--validated:/Users/cam/Documents/Projects/ultima-iv-web/vlc-thumbs/work/build/vlc-arm64/VLC.app/Contents/MacOS/plugins/libscte18_plugin.dylib
--prepared:/Users/cam/Documents/Projects/ultima-iv-web/vlc-thumbs/work/build/vlc-arm64/VLC.app/Contents/MacOS/plugins/libvcd_plugin.dylib
--prepared:/Users/cam/Documents/Projects/ultima-iv-web/vlc-thumbs/work/build/vlc-arm64/VLC.app/Contents/MacOS/plugins/libchain_plugin.dylib
--prepared:/Users/cam/Documents/Projects/ultima-iv-web/vlc-thumbs/work/build/vlc-arm64/VLC.app/Contents/MacOS/plugins/libscale_plugin.dylib
--prepared:/Users/cam/Documents/Projects/ultima-iv-web/vlc-thumbs/work/build/vlc-arm64/VLC.app/Contents/MacOS/plugins/libcompressor_plugin.dylib
--validated:/Users/cam/Documents/Projects/ultima-iv-web/vlc-thumbs/work/build/vlc-arm64/VLC.app/Contents/MacOS/plugins/libvcd_plugin.dylib
--prepared:/Users/cam/Documents/Projects/ultima-iv-web/vlc-thumbs/work/build/vlc-arm64/VLC.app/Contents/MacOS/plugins/libgradfun_plugin.dylib
--prepared:/Users/cam/Documents/Projects/ultima-iv-web/vlc-thumbs/work/build/vlc-arm64/VLC.app/Contents/MacOS/plugins/libyuvp_plugin.dylib
--validated:/Users/cam/Documents/Projects/ultima-iv-web/vlc-thumbs/work/build/vlc-arm64/VLC.app/Contents/MacOS/plugins/libcompressor_plugin.dylib--validated:/Users/cam/Documents/Projects/ultima-iv-web/vlc-thumbs/work/build/vlc-arm64/VLC.app/Contents/MacOS/plugins/libscale_plugin.dylib
--prepared:/Users/cam/Documents/Projects/ultima-iv-web/vlc-thumbs/work/build/vlc-arm64/VLC.app/Contents/MacOS/plugins/libpacketizer_mpegvideo_plugin.dylib
--validated:/Users/cam/Documents/Projects/ultima-iv-web/vlc-thumbs/work/build/vlc-arm64/VLC.app/Contents/MacOS/plugins/libgradfun_plugin.dylib
--validated:/Users/cam/Documents/Projects/ultima-iv-web/vlc-thumbs/work/build/vlc-arm64/VLC.app/Contents/MacOS/plugins/libchain_plugin.dylib
--validated:/Users/cam/Documents/Projects/ultima-iv-web/vlc-thumbs/work/build/vlc-arm64/VLC.app/Contents/MacOS/plugins/libyuvp_plugin.dylib--prepared:/Users/cam/Documents/Projects/ultima-iv-web/vlc-thumbs/work/build/vlc-arm64/VLC.app/Contents/MacOS/plugins/liboldmovie_plugin.dylib
--prepared:/Users/cam/Documents/Projects/ultima-iv-web/vlc-thumbs/work/build/vlc-arm64/VLC.app/Contents/MacOS/plugins/libcache_block_plugin.dylib
--prepared:/Users/cam/Documents/Projects/ultima-iv-web/vlc-thumbs/work/build/vlc-arm64/VLC.app/Contents/MacOS/plugins/libadpcm_plugin.dylib
--validated:/Users/cam/Documents/Projects/ultima-iv-web/vlc-thumbs/work/build/vlc-arm64/VLC.app/Contents/MacOS/plugins/liboldmovie_plugin.dylib
--prepared:/Users/cam/Documents/Projects/ultima-iv-web/vlc-thumbs/work/build/vlc-arm64/VLC.app/Contents/MacOS/plugins/libx264_plugin.dylib
--validated:/Users/cam/Documents/Projects/ultima-iv-web/vlc-thumbs/work/build/vlc-arm64/VLC.app/Contents/MacOS/plugins/libadpcm_plugin.dylib
--validated:/Users/cam/Documents/Projects/ultima-iv-web/vlc-thumbs/work/build/vlc-arm64/VLC.app/Contents/MacOS/plugins/libpacketizer_mpegvideo_plugin.dylib--validated:/Users/cam/Documents/Projects/ultima-iv-web/vlc-thumbs/work/build/vlc-arm64/VLC.app/Contents/MacOS/plugins/libcache_block_plugin.dylib--validated:/Users/cam/Documents/Projects/ultima-iv-web/vlc-thumbs/work/build/vlc-arm64/VLC.app/Contents/MacOS/plugins/libx264_plugin.dylib




--prepared:/Users/cam/Documents/Projects/ultima-iv-web/vlc-thumbs/work/build/vlc-arm64/VLC.app/Contents/MacOS/plugins/libcdda_plugin.dylib
--validated:/Users/cam/Documents/Projects/ultima-iv-web/vlc-thumbs/work/build/vlc-arm64/VLC.app/Contents/MacOS/plugins/libcdda_plugin.dylib
--prepared:/Users/cam/Documents/Projects/ultima-iv-web/vlc-thumbs/work/build/vlc-arm64/VLC.app/Contents/MacOS/plugins/libdav1d_plugin.dylib
--validated:/Users/cam/Documents/Projects/ultima-iv-web/vlc-thumbs/work/build/vlc-arm64/VLC.app/Contents/MacOS/plugins/libdav1d_plugin.dylib
--prepared:/Users/cam/Documents/Projects/ultima-iv-web/vlc-thumbs/work/build/vlc-arm64/VLC.app/Contents/MacOS/plugins/libaccess_output_rist_plugin.dylib
--validated:/Users/cam/Documents/Projects/ultima-iv-web/vlc-thumbs/work/build/vlc-arm64/VLC.app/Contents/MacOS/plugins/libaccess_output_rist_plugin.dylib
--prepared:/Users/cam/Documents/Projects/ultima-iv-web/vlc-thumbs/work/build/vlc-arm64/VLC.app/Contents/MacOS/plugins/libstream_out_bridge_plugin.dylib
--prepared:/Users/cam/Documents/Projects/ultima-iv-web/vlc-thumbs/work/build/vlc-arm64/VLC.app/Contents/MacOS/plugins/libaiff_plugin.dylib
--validated:/Users/cam/Documents/Projects/ultima-iv-web/vlc-thumbs/work/build/vlc-arm64/VLC.app/Contents/MacOS/plugins/libstream_out_bridge_plugin.dylib
--validated:/Users/cam/Documents/Projects/ultima-iv-web/vlc-thumbs/work/build/vlc-arm64/VLC.app/Contents/MacOS/plugins/libaiff_plugin.dylib
--prepared:/Users/cam/Documents/Projects/ultima-iv-web/vlc-thumbs/work/build/vlc-arm64/VLC.app/Contents/MacOS/plugins/libfilesystem_plugin.dylib
--prepared:/Users/cam/Documents/Projects/ultima-iv-web/vlc-thumbs/work/build/vlc-arm64/VLC.app/Contents/MacOS/plugins/libes_plugin.dylib--prepared:/Users/cam/Documents/Projects/ultima-iv-web/vlc-thumbs/work/build/vlc-arm64/VLC.app/Contents/MacOS/plugins/libhttp_plugin.dylib

--validated:/Users/cam/Documents/Projects/ultima-iv-web/vlc-thumbs/work/build/vlc-arm64/VLC.app/Contents/MacOS/plugins/libfilesystem_plugin.dylib
--prepared:/Users/cam/Documents/Projects/ultima-iv-web/vlc-thumbs/work/build/vlc-arm64/VLC.app/Contents/MacOS/plugins/libkate_plugin.dylib
--prepared:/Users/cam/Documents/Projects/ultima-iv-web/vlc-thumbs/work/build/vlc-arm64/VLC.app/Contents/MacOS/plugins/libnetsync_plugin.dylib
--prepared:/Users/cam/Documents/Projects/ultima-iv-web/vlc-thumbs/work/build/vlc-arm64/VLC.app/Contents/MacOS/plugins/librv32_plugin.dylib
--validated:/Users/cam/Documents/Projects/ultima-iv-web/vlc-thumbs/work/build/vlc-arm64/VLC.app/Contents/MacOS/plugins/libes_plugin.dylib
--validated:/Users/cam/Documents/Projects/ultima-iv-web/vlc-thumbs/work/build/vlc-arm64/VLC.app/Contents/MacOS/plugins/libhttp_plugin.dylib
--validated:/Users/cam/Documents/Projects/ultima-iv-web/vlc-thumbs/work/build/vlc-arm64/VLC.app/Contents/MacOS/plugins/librv32_plugin.dylib
--validated:/Users/cam/Documents/Projects/ultima-iv-web/vlc-thumbs/work/build/vlc-arm64/VLC.app/Contents/MacOS/plugins/libkate_plugin.dylib
--validated:/Users/cam/Documents/Projects/ultima-iv-web/vlc-thumbs/work/build/vlc-arm64/VLC.app/Contents/MacOS/plugins/libnetsync_plugin.dylib
--prepared:/Users/cam/Documents/Projects/ultima-iv-web/vlc-thumbs/work/build/vlc-arm64/VLC.app/Contents/MacOS/plugins/libparam_eq_plugin.dylib
--prepared:/Users/cam/Documents/Projects/ultima-iv-web/vlc-thumbs/work/build/vlc-arm64/VLC.app/Contents/MacOS/plugins/libidummy_plugin.dylib
--prepared:/Users/cam/Documents/Projects/ultima-iv-web/vlc-thumbs/work/build/vlc-arm64/VLC.app/Contents/MacOS/plugins/libaudiotoolboxmidi_plugin.dylib
--prepared:/Users/cam/Documents/Projects/ultima-iv-web/vlc-thumbs/work/build/vlc-arm64/VLC.app/Contents/MacOS/plugins/libjpeg_plugin.dylib
--validated:/Users/cam/Documents/Projects/ultima-iv-web/vlc-thumbs/work/build/vlc-arm64/VLC.app/Contents/MacOS/plugins/libparam_eq_plugin.dylib
--validated:/Users/cam/Documents/Projects/ultima-iv-web/vlc-thumbs/work/build/vlc-arm64/VLC.app/Contents/MacOS/plugins/libidummy_plugin.dylib
--validated:/Users/cam/Documents/Projects/ultima-iv-web/vlc-thumbs/work/build/vlc-arm64/VLC.app/Contents/MacOS/plugins/libaudiotoolboxmidi_plugin.dylib
--validated:/Users/cam/Documents/Projects/ultima-iv-web/vlc-thumbs/work/build/vlc-arm64/VLC.app/Contents/MacOS/plugins/libjpeg_plugin.dylib
--prepared:/Users/cam/Documents/Projects/ultima-iv-web/vlc-thumbs/work/build/vlc-arm64/VLC.app/Contents/MacOS/plugins/libbluray-j2se-1.4.1.jar
--validated:/Users/cam/Documents/Projects/ultima-iv-web/vlc-thumbs/work/build/vlc-arm64/VLC.app/Contents/MacOS/plugins/libbluray-j2se-1.4.1.jar
--prepared:/Users/cam/Documents/Projects/ultima-iv-web/vlc-thumbs/work/build/vlc-arm64/VLC.app/Contents/MacOS/plugins/libadf_plugin.dylib
--prepared:/Users/cam/Documents/Projects/ultima-iv-web/vlc-thumbs/work/build/vlc-arm64/VLC.app/Contents/MacOS/plugins/liberase_plugin.dylib
--validated:/Users/cam/Documents/Projects/ultima-iv-web/vlc-thumbs/work/build/vlc-arm64/VLC.app/Contents/MacOS/plugins/libadf_plugin.dylib
--prepared:/Users/cam/Documents/Projects/ultima-iv-web/vlc-thumbs/work/build/vlc-arm64/VLC.app/Contents/MacOS/plugins/libps_plugin.dylib
--prepared:/Users/cam/Documents/Projects/ultima-iv-web/vlc-thumbs/work/build/vlc-arm64/VLC.app/Contents/MacOS/plugins/libmux_avi_plugin.dylib
--validated:/Users/cam/Documents/Projects/ultima-iv-web/vlc-thumbs/work/build/vlc-arm64/VLC.app/Contents/MacOS/plugins/liberase_plugin.dylib
--prepared:/Users/cam/Documents/Projects/ultima-iv-web/vlc-thumbs/work/build/vlc-arm64/VLC.app/Contents/MacOS/plugins/libuleaddvaudio_plugin.dylib
--validated:/Users/cam/Documents/Projects/ultima-iv-web/vlc-thumbs/work/build/vlc-arm64/VLC.app/Contents/MacOS/plugins/libps_plugin.dylib
--validated:/Users/cam/Documents/Projects/ultima-iv-web/vlc-thumbs/work/build/vlc-arm64/VLC.app/Contents/MacOS/plugins/libmux_avi_plugin.dylib
--validated:/Users/cam/Documents/Projects/ultima-iv-web/vlc-thumbs/work/build/vlc-arm64/VLC.app/Contents/MacOS/plugins/libuleaddvaudio_plugin.dylib
--prepared:/Users/cam/Documents/Projects/ultima-iv-web/vlc-thumbs/work/build/vlc-arm64/VLC.app/Contents/MacOS/plugins/libsubstx3g_plugin.dylib
--prepared:/Users/cam/Documents/Projects/ultima-iv-web/vlc-thumbs/work/build/vlc-arm64/VLC.app/Contents/MacOS/plugins/libdeinterlace_plugin.dylib
--prepared:/Users/cam/Documents/Projects/ultima-iv-web/vlc-thumbs/work/build/vlc-arm64/VLC.app/Contents/MacOS/plugins/libaribsub_plugin.dylib
--prepared:/Users/cam/Documents/Projects/ultima-iv-web/vlc-thumbs/work/build/vlc-arm64/VLC.app/Contents/MacOS/plugins/libstream_out_standard_plugin.dylib
--validated:/Users/cam/Documents/Projects/ultima-iv-web/vlc-thumbs/work/build/vlc-arm64/VLC.app/Contents/MacOS/plugins/libaribsub_plugin.dylib
--validated:/Users/cam/Documents/Projects/ultima-iv-web/vlc-thumbs/work/build/vlc-arm64/VLC.app/Contents/MacOS/plugins/libsubstx3g_plugin.dylib
--validated:/Users/cam/Documents/Projects/ultima-iv-web/vlc-thumbs/work/build/vlc-arm64/VLC.app/Contents/MacOS/plugins/libstream_out_standard_plugin.dylib
--validated:/Users/cam/Documents/Projects/ultima-iv-web/vlc-thumbs/work/build/vlc-arm64/VLC.app/Contents/MacOS/plugins/libdeinterlace_plugin.dylib
--prepared:/Users/cam/Documents/Projects/ultima-iv-web/vlc-thumbs/work/build/vlc-arm64/VLC.app/Contents/MacOS/plugins/librecord_plugin.dylib
--validated:/Users/cam/Documents/Projects/ultima-iv-web/vlc-thumbs/work/build/vlc-arm64/VLC.app/Contents/MacOS/plugins/librecord_plugin.dylib
--prepared:/Users/cam/Documents/Projects/ultima-iv-web/vlc-thumbs/work/build/vlc-arm64/VLC.app/Contents/MacOS/plugins/libadaptive_plugin.dylib
--validated:/Users/cam/Documents/Projects/ultima-iv-web/vlc-thumbs/work/build/vlc-arm64/VLC.app/Contents/MacOS/plugins/libadaptive_plugin.dylib
--prepared:/Users/cam/Documents/Projects/ultima-iv-web/vlc-thumbs/work/build/vlc-arm64/VLC.app/Contents/MacOS/plugins/libtelx_plugin.dylib
--prepared:/Users/cam/Documents/Projects/ultima-iv-web/vlc-thumbs/work/build/vlc-arm64/VLC.app/Contents/MacOS/plugins/libextract_plugin.dylib
--prepared:/Users/cam/Documents/Projects/ultima-iv-web/vlc-thumbs/work/build/vlc-arm64/VLC.app/Contents/MacOS/plugins/libdemux_cdg_plugin.dylib
--prepared:/Users/cam/Documents/Projects/ultima-iv-web/vlc-thumbs/work/build/vlc-arm64/VLC.app/Contents/MacOS/plugins/libimem_plugin.dylib--prepared:/Users/cam/Documents/Projects/ultima-iv-web/vlc-thumbs/work/build/vlc-arm64/VLC.app/Contents/MacOS/plugins/libpacketizer_mpeg4audio_plugin.dylib
--validated:/Users/cam/Documents/Projects/ultima-iv-web/vlc-thumbs/work/build/vlc-arm64/VLC.app/Contents/MacOS/plugins/libtelx_plugin.dylib
--prepared:/Users/cam/Documents/Projects/ultima-iv-web/vlc-thumbs/work/build/vlc-arm64/VLC.app/Contents/MacOS/plugins/libdemux_stl_plugin.dylib
--validated:/Users/cam/Documents/Projects/ultima-iv-web/vlc-thumbs/work/build/vlc-arm64/VLC.app/Contents/MacOS/plugins/libpacketizer_mpeg4audio_plugin.dylib
--validated:/Users/cam/Documents/Projects/ultima-iv-web/vlc-thumbs/work/build/vlc-arm64/VLC.app/Contents/MacOS/plugins/libextract_plugin.dylib

--validated:/Users/cam/Documents/Projects/ultima-iv-web/vlc-thumbs/work/build/vlc-arm64/VLC.app/Contents/MacOS/plugins/libdemux_stl_plugin.dylib
--validated:/Users/cam/Documents/Projects/ultima-iv-web/vlc-thumbs/work/build/vlc-arm64/VLC.app/Contents/MacOS/plugins/libdemux_cdg_plugin.dylib
--validated:/Users/cam/Documents/Projects/ultima-iv-web/vlc-thumbs/work/build/vlc-arm64/VLC.app/Contents/MacOS/plugins/libimem_plugin.dylib
--prepared:/Users/cam/Documents/Projects/ultima-iv-web/vlc-thumbs/work/build/vlc-arm64/VLC.app/Contents/MacOS/plugins/libts_plugin.dylib
--validated:/Users/cam/Documents/Projects/ultima-iv-web/vlc-thumbs/work/build/vlc-arm64/VLC.app/Contents/MacOS/plugins/libts_plugin.dylib
--prepared:/Users/cam/Documents/Projects/ultima-iv-web/vlc-thumbs/work/build/vlc-arm64/VLC.app/Contents/MacOS/plugins/liblibbluray_plugin.dylib
--validated:/Users/cam/Documents/Projects/ultima-iv-web/vlc-thumbs/work/build/vlc-arm64/VLC.app/Contents/MacOS/plugins/liblibbluray_plugin.dylib
--prepared:/Users/cam/Documents/Projects/ultima-iv-web/vlc-thumbs/work/build/vlc-arm64/VLC.app/Contents/MacOS/plugins/libg711_plugin.dylib
--validated:/Users/cam/Documents/Projects/ultima-iv-web/vlc-thumbs/work/build/vlc-arm64/VLC.app/Contents/MacOS/plugins/libg711_plugin.dylib
--prepared:/Users/cam/Documents/Projects/ultima-iv-web/vlc-thumbs/work/build/vlc-arm64/VLC.app/Contents/MacOS/plugins/libpacketizer_hevc_plugin.dylib
--validated:/Users/cam/Documents/Projects/ultima-iv-web/vlc-thumbs/work/build/vlc-arm64/VLC.app/Contents/MacOS/plugins/libpacketizer_hevc_plugin.dylib
--prepared:/Users/cam/Documents/Projects/ultima-iv-web/vlc-thumbs/work/build/vlc-arm64/VLC.app/Contents/MacOS/plugins/libremap_plugin.dylib
--prepared:/Users/cam/Documents/Projects/ultima-iv-web/vlc-thumbs/work/build/vlc-arm64/VLC.app/Contents/MacOS/plugins/libaudiobargraph_v_plugin.dylib--prepared:/Users/cam/Documents/Projects/ultima-iv-web/vlc-thumbs/work/build/vlc-arm64/VLC.app/Contents/MacOS/plugins/libdirectory_demux_plugin.dylib
--prepared:/Users/cam/Documents/Projects/ultima-iv-web/vlc-thumbs/work/build/vlc-arm64/VLC.app/Contents/MacOS/plugins/libtta_plugin.dylib

--prepared:/Users/cam/Documents/Projects/ultima-iv-web/vlc-thumbs/work/build/vlc-arm64/VLC.app/Contents/MacOS/plugins/libspatialaudio_plugin.dylib
--prepared:/Users/cam/Documents/Projects/ultima-iv-web/vlc-thumbs/work/build/vlc-arm64/VLC.app/Contents/MacOS/plugins/libfile_logger_plugin.dylib
--validated:/Users/cam/Documents/Projects/ultima-iv-web/vlc-thumbs/work/build/vlc-arm64/VLC.app/Contents/MacOS/plugins/libremap_plugin.dylib
--validated:/Users/cam/Documents/Projects/ultima-iv-web/vlc-thumbs/work/build/vlc-arm64/VLC.app/Contents/MacOS/plugins/libdirectory_demux_plugin.dylib--validated:/Users/cam/Documents/Projects/ultima-iv-web/vlc-thumbs/work/build/vlc-arm64/VLC.app/Contents/MacOS/plugins/libspatialaudio_plugin.dylib
--validated:/Users/cam/Documents/Projects/ultima-iv-web/vlc-thumbs/work/build/vlc-arm64/VLC.app/Contents/MacOS/plugins/libfile_logger_plugin.dylib
--prepared:/Users/cam/Documents/Projects/ultima-iv-web/vlc-thumbs/work/build/vlc-arm64/VLC.app/Contents/MacOS/plugins/libsimple_channel_mixer_plugin.dylib
--validated:/Users/cam/Documents/Projects/ultima-iv-web/vlc-thumbs/work/build/vlc-arm64/VLC.app/Contents/MacOS/plugins/libtta_plugin.dylib

--prepared:/Users/cam/Documents/Projects/ultima-iv-web/vlc-thumbs/work/build/vlc-arm64/VLC.app/Contents/MacOS/plugins/libh26x_plugin.dylib
--validated:/Users/cam/Documents/Projects/ultima-iv-web/vlc-thumbs/work/build/vlc-arm64/VLC.app/Contents/MacOS/plugins/libaudiobargraph_v_plugin.dylib
--validated:/Users/cam/Documents/Projects/ultima-iv-web/vlc-thumbs/work/build/vlc-arm64/VLC.app/Contents/MacOS/plugins/libsimple_channel_mixer_plugin.dylib
--validated:/Users/cam/Documents/Projects/ultima-iv-web/vlc-thumbs/work/build/vlc-arm64/VLC.app/Contents/MacOS/plugins/libh26x_plugin.dylib
--prepared:/Users/cam/Documents/Projects/ultima-iv-web/vlc-thumbs/work/build/vlc-arm64/VLC.app/Contents/MacOS/plugins/liblive555_plugin.dylib
--validated:/Users/cam/Documents/Projects/ultima-iv-web/vlc-thumbs/work/build/vlc-arm64/VLC.app/Contents/MacOS/plugins/liblive555_plugin.dylib
--prepared:/Users/cam/Documents/Projects/ultima-iv-web/vlc-thumbs/work/build/vlc-arm64/VLC.app/Contents/MacOS/plugins/librist_plugin.dylib
--validated:/Users/cam/Documents/Projects/ultima-iv-web/vlc-thumbs/work/build/vlc-arm64/VLC.app/Contents/MacOS/plugins/librist_plugin.dylib
--prepared:/Users/cam/Documents/Projects/ultima-iv-web/vlc-thumbs/work/build/vlc-arm64/VLC.app/Contents/MacOS/plugins/libvdummy_plugin.dylib
--validated:/Users/cam/Documents/Projects/ultima-iv-web/vlc-thumbs/work/build/vlc-arm64/VLC.app/Contents/MacOS/plugins/libvdummy_plugin.dylib
--prepared:/Users/cam/Documents/Projects/ultima-iv-web/vlc-thumbs/work/build/vlc-arm64/VLC.app/Contents/MacOS/plugins/libyuv_plugin.dylib
--prepared:/Users/cam/Documents/Projects/ultima-iv-web/vlc-thumbs/work/build/vlc-arm64/VLC.app/Contents/MacOS/plugins/libstream_out_mosaic_bridge_plugin.dylib
--prepared:/Users/cam/Documents/Projects/ultima-iv-web/vlc-thumbs/work/build/vlc-arm64/VLC.app/Contents/MacOS/plugins/libnsc_plugin.dylib
--validated:/Users/cam/Documents/Projects/ultima-iv-web/vlc-thumbs/work/build/vlc-arm64/VLC.app/Contents/MacOS/plugins/libyuv_plugin.dylib
--prepared:/Users/cam/Documents/Projects/ultima-iv-web/vlc-thumbs/work/build/vlc-arm64/VLC.app/Contents/MacOS/plugins/libttml_plugin.dylib
--validated:/Users/cam/Documents/Projects/ultima-iv-web/vlc-thumbs/work/build/vlc-arm64/VLC.app/Contents/MacOS/plugins/libnsc_plugin.dylib--prepared:/Users/cam/Documents/Projects/ultima-iv-web/vlc-thumbs/work/build/vlc-arm64/VLC.app/Contents/MacOS/plugins/libavaudiocapture_plugin.dylib
--prepared:/Users/cam/Documents/Projects/ultima-iv-web/vlc-thumbs/work/build/vlc-arm64/VLC.app/Contents/MacOS/plugins/libpacketizer_mpeg4video_plugin.dylib
--validated:/Users/cam/Documents/Projects/ultima-iv-web/vlc-thumbs/work/build/vlc-arm64/VLC.app/Contents/MacOS/plugins/libstream_out_mosaic_bridge_plugin.dylib
--prepared:/Users/cam/Documents/Projects/ultima-iv-web/vlc-thumbs/work/build/vlc-arm64/VLC.app/Contents/MacOS/plugins/libafile_plugin.dylib--validated:/Users/cam/Documents/Projects/ultima-iv-web/vlc-thumbs/work/build/vlc-arm64/VLC.app/Contents/MacOS/plugins/libpacketizer_mpeg4video_plugin.dylib
--validated:/Users/cam/Documents/Projects/ultima-iv-web/vlc-thumbs/work/build/vlc-arm64/VLC.app/Contents/MacOS/plugins/libttml_plugin.dylib
--prepared:/Users/cam/Documents/Projects/ultima-iv-web/vlc-thumbs/work/build/vlc-arm64/VLC.app/Contents/MacOS/plugins/liboggspots_plugin.dylib
--prepared:/Users/cam/Documents/Projects/ultima-iv-web/vlc-thumbs/work/build/vlc-arm64/VLC.app/Contents/MacOS/plugins/libmp4_plugin.dylib

--validated:/Users/cam/Documents/Projects/ultima-iv-web/vlc-thumbs/work/build/vlc-arm64/VLC.app/Contents/MacOS/plugins/libavaudiocapture_plugin.dylib

--prepared:/Users/cam/Documents/Projects/ultima-iv-web/vlc-thumbs/work/build/vlc-arm64/VLC.app/Contents/MacOS/plugins/libau_plugin.dylib
--prepared:/Users/cam/Documents/Projects/ultima-iv-web/vlc-thumbs/work/build/vlc-arm64/VLC.app/Contents/MacOS/plugins/libncurses_plugin.dylib
--prepared:/Users/cam/Documents/Projects/ultima-iv-web/vlc-thumbs/work/build/vlc-arm64/VLC.app/Contents/MacOS/plugins/libogg_plugin.dylib
--validated:/Users/cam/Documents/Projects/ultima-iv-web/vlc-thumbs/work/build/vlc-arm64/VLC.app/Contents/MacOS/plugins/liboggspots_plugin.dylib
--validated:/Users/cam/Documents/Projects/ultima-iv-web/vlc-thumbs/work/build/vlc-arm64/VLC.app/Contents/MacOS/plugins/libau_plugin.dylib
--validated:/Users/cam/Documents/Projects/ultima-iv-web/vlc-thumbs/work/build/vlc-arm64/VLC.app/Contents/MacOS/plugins/libogg_plugin.dylib
--validated:/Users/cam/Documents/Projects/ultima-iv-web/vlc-thumbs/work/build/vlc-arm64/VLC.app/Contents/MacOS/plugins/libafile_plugin.dylib
--validated:/Users/cam/Documents/Projects/ultima-iv-web/vlc-thumbs/work/build/vlc-arm64/VLC.app/Contents/MacOS/plugins/libmp4_plugin.dylib
--validated:/Users/cam/Documents/Projects/ultima-iv-web/vlc-thumbs/work/build/vlc-arm64/VLC.app/Contents/MacOS/plugins/libncurses_plugin.dylib
--prepared:/Users/cam/Documents/Projects/ultima-iv-web/vlc-thumbs/work/build/vlc-arm64/VLC.app/Contents/MacOS/plugins/libmacosx_plugin.dylib
--validated:/Users/cam/Documents/Projects/ultima-iv-web/vlc-thumbs/work/build/vlc-arm64/VLC.app/Contents/MacOS/plugins/libmacosx_plugin.dylib
--prepared:/Users/cam/Documents/Projects/ultima-iv-web/vlc-thumbs/work/build/vlc-arm64/VLC.app/Contents/MacOS/plugins/libamem_plugin.dylib
--prepared:/Users/cam/Documents/Projects/ultima-iv-web/vlc-thumbs/work/build/vlc-arm64/VLC.app/Contents/MacOS/plugins/libscaletempo_plugin.dylib
--prepared:/Users/cam/Documents/Projects/ultima-iv-web/vlc-thumbs/work/build/vlc-arm64/VLC.app/Contents/MacOS/plugins/libshm_plugin.dylib
--validated:/Users/cam/Documents/Projects/ultima-iv-web/vlc-thumbs/work/build/vlc-arm64/VLC.app/Contents/MacOS/plugins/libamem_plugin.dylib
--prepared:/Users/cam/Documents/Projects/ultima-iv-web/vlc-thumbs/work/build/vlc-arm64/VLC.app/Contents/MacOS/plugins/libaccess_mms_plugin.dylib
--prepared:/Users/cam/Documents/Projects/ultima-iv-web/vlc-thumbs/work/build/vlc-arm64/VLC.app/Contents/MacOS/plugins/libdynamicoverlay_plugin.dylib
--validated:/Users/cam/Documents/Projects/ultima-iv-web/vlc-thumbs/work/build/vlc-arm64/VLC.app/Contents/MacOS/plugins/libscaletempo_plugin.dylib
--prepared:/Users/cam/Documents/Projects/ultima-iv-web/vlc-thumbs/work/build/vlc-arm64/VLC.app/Contents/MacOS/plugins/libstream_out_duplicate_plugin.dylib
--prepared:/Users/cam/Documents/Projects/ultima-iv-web/vlc-thumbs/work/build/vlc-arm64/VLC.app/Contents/MacOS/plugins/libstream_out_chromecast_plugin.dylib
--validated:/Users/cam/Documents/Projects/ultima-iv-web/vlc-thumbs/work/build/vlc-arm64/VLC.app/Contents/MacOS/plugins/libdynamicoverlay_plugin.dylib
--prepared:/Users/cam/Documents/Projects/ultima-iv-web/vlc-thumbs/work/build/vlc-arm64/VLC.app/Contents/MacOS/plugins/libflacsys_plugin.dylib
--validated:/Users/cam/Documents/Projects/ultima-iv-web/vlc-thumbs/work/build/vlc-arm64/VLC.app/Contents/MacOS/plugins/libstream_out_duplicate_plugin.dylib
--prepared:/Users/cam/Documents/Projects/ultima-iv-web/vlc-thumbs/work/build/vlc-arm64/VLC.app/Contents/MacOS/plugins/libmagnify_plugin.dylib
--validated:/Users/cam/Documents/Projects/ultima-iv-web/vlc-thumbs/work/build/vlc-arm64/VLC.app/Contents/MacOS/plugins/libaccess_mms_plugin.dylib
--prepared:/Users/cam/Documents/Projects/ultima-iv-web/vlc-thumbs/work/build/vlc-arm64/VLC.app/Contents/MacOS/plugins/libsyslog_plugin.dylib
--validated:/Users/cam/Documents/Projects/ultima-iv-web/vlc-thumbs/work/build/vlc-arm64/VLC.app/Contents/MacOS/plugins/libflacsys_plugin.dylib
--validated:/Users/cam/Documents/Projects/ultima-iv-web/vlc-thumbs/work/build/vlc-arm64/VLC.app/Contents/MacOS/plugins/libstream_out_chromecast_plugin.dylib
--validated:/Users/cam/Documents/Projects/ultima-iv-web/vlc-thumbs/work/build/vlc-arm64/VLC.app/Contents/MacOS/plugins/libshm_plugin.dylib
--prepared:/Users/cam/Documents/Projects/ultima-iv-web/vlc-thumbs/work/build/vlc-arm64/VLC.app/Contents/MacOS/plugins/libmod_plugin.dylib
--validated:/Users/cam/Documents/Projects/ultima-iv-web/vlc-thumbs/work/build/vlc-arm64/VLC.app/Contents/MacOS/plugins/libsyslog_plugin.dylib
--validated:/Users/cam/Documents/Projects/ultima-iv-web/vlc-thumbs/work/build/vlc-arm64/VLC.app/Contents/MacOS/plugins/libmagnify_plugin.dylib
--prepared:/Users/cam/Documents/Projects/ultima-iv-web/vlc-thumbs/work/build/vlc-arm64/VLC.app/Contents/MacOS/plugins/libsubsdelay_plugin.dylib
--validated:/Users/cam/Documents/Projects/ultima-iv-web/vlc-thumbs/work/build/vlc-arm64/VLC.app/Contents/MacOS/plugins/libmod_plugin.dylib
--validated:/Users/cam/Documents/Projects/ultima-iv-web/vlc-thumbs/work/build/vlc-arm64/VLC.app/Contents/MacOS/plugins/libsubsdelay_plugin.dylib
--prepared:/Users/cam/Documents/Projects/ultima-iv-web/vlc-thumbs/work/build/vlc-arm64/VLC.app/Contents/MacOS/plugins/libswscale_plugin.dylib
--validated:/Users/cam/Documents/Projects/ultima-iv-web/vlc-thumbs/work/build/vlc-arm64/VLC.app/Contents/MacOS/plugins/libswscale_plugin.dylib
--prepared:/Users/cam/Documents/Projects/ultima-iv-web/vlc-thumbs/work/build/vlc-arm64/VLC.app/Contents/MacOS/plugins/libstream_out_smem_plugin.dylib
--validated:/Users/cam/Documents/Projects/ultima-iv-web/vlc-thumbs/work/build/vlc-arm64/VLC.app/Contents/MacOS/plugins/libstream_out_smem_plugin.dylib
--prepared:/Users/cam/Documents/Projects/ultima-iv-web/vlc-thumbs/work/build/vlc-arm64/VLC.app/Contents/MacOS/plugins/libspeex_resampler_plugin.dylib
--validated:/Users/cam/Documents/Projects/ultima-iv-web/vlc-thumbs/work/build/vlc-arm64/VLC.app/Contents/MacOS/plugins/libspeex_resampler_plugin.dylib
--prepared:/Users/cam/Documents/Projects/ultima-iv-web/vlc-thumbs/work/build/vlc-arm64/VLC.app/Contents/MacOS/include/vlc/libvlc_dialog.h
--prepared:/Users/cam/Documents/Projects/ultima-iv-web/vlc-thumbs/work/build/vlc-arm64/VLC.app/Contents/MacOS/include/vlc/libvlc_renderer_discoverer.h
--prepared:/Users/cam/Documents/Projects/ultima-iv-web/vlc-thumbs/work/build/vlc-arm64/VLC.app/Contents/MacOS/include/vlc/libvlc_media.h
--validated:/Users/cam/Documents/Projects/ultima-iv-web/vlc-thumbs/work/build/vlc-arm64/VLC.app/Contents/MacOS/include/vlc/libvlc_dialog.h
--validated:/Users/cam/Documents/Projects/ultima-iv-web/vlc-thumbs/work/build/vlc-arm64/VLC.app/Contents/MacOS/include/vlc/libvlc_renderer_discoverer.h
--validated:/Users/cam/Documents/Projects/ultima-iv-web/vlc-thumbs/work/build/vlc-arm64/VLC.app/Contents/MacOS/include/vlc/libvlc_media.h
--prepared:/Users/cam/Documents/Projects/ultima-iv-web/vlc-thumbs/work/build/vlc-arm64/VLC.app/Contents/MacOS/include/vlc/libvlc_media_list_player.h
--prepared:/Users/cam/Documents/Projects/ultima-iv-web/vlc-thumbs/work/build/vlc-arm64/VLC.app/Contents/MacOS/include/vlc/libvlc_media_player.h
--prepared:/Users/cam/Documents/Projects/ultima-iv-web/vlc-thumbs/work/build/vlc-arm64/VLC.app/Contents/MacOS/include/vlc/libvlc_media_library.h
--prepared:/Users/cam/Documents/Projects/ultima-iv-web/vlc-thumbs/work/build/vlc-arm64/VLC.app/Contents/MacOS/include/vlc/libvlc_media_discoverer.h
--prepared:/Users/cam/Documents/Projects/ultima-iv-web/vlc-thumbs/work/build/vlc-arm64/VLC.app/Contents/MacOS/include/vlc/deprecated.h
--prepared:/Users/cam/Documents/Projects/ultima-iv-web/vlc-thumbs/work/build/vlc-arm64/VLC.app/Contents/MacOS/include/vlc/libvlc_events.h
--validated:/Users/cam/Documents/Projects/ultima-iv-web/vlc-thumbs/work/build/vlc-arm64/VLC.app/Contents/MacOS/include/vlc/libvlc_media_player.h
--prepared:/Users/cam/Documents/Projects/ultima-iv-web/vlc-thumbs/work/build/vlc-arm64/VLC.app/Contents/MacOS/include/vlc/libvlc.h
--prepared:/Users/cam/Documents/Projects/ultima-iv-web/vlc-thumbs/work/build/vlc-arm64/VLC.app/Contents/MacOS/include/vlc/vlc.h
--validated:/Users/cam/Documents/Projects/ultima-iv-web/vlc-thumbs/work/build/vlc-arm64/VLC.app/Contents/MacOS/include/vlc/libvlc_media_library.h
--prepared:/Users/cam/Documents/Projects/ultima-iv-web/vlc-thumbs/work/build/vlc-arm64/VLC.app/Contents/MacOS/include/vlc/libvlc_version.h--validated:/Users/cam/Documents/Projects/ultima-iv-web/vlc-thumbs/work/build/vlc-arm64/VLC.app/Contents/MacOS/include/vlc/libvlc_media_list_player.h
--prepared:/Users/cam/Documents/Projects/ultima-iv-web/vlc-thumbs/work/build/vlc-arm64/VLC.app/Contents/MacOS/include/vlc/libvlc_media_list.h
--validated:/Users/cam/Documents/Projects/ultima-iv-web/vlc-thumbs/work/build/vlc-arm64/VLC.app/Contents/MacOS/include/vlc/libvlc_media_discoverer.h
--validated:/Users/cam/Documents/Projects/ultima-iv-web/vlc-thumbs/work/build/vlc-arm64/VLC.app/Contents/MacOS/include/vlc/deprecated.h
--validated:/Users/cam/Documents/Projects/ultima-iv-web/vlc-thumbs/work/build/vlc-arm64/VLC.app/Contents/MacOS/include/vlc/libvlc.h--prepared:/Users/cam/Documents/Projects/ultima-iv-web/vlc-thumbs/work/build/vlc-arm64/VLC.app/Contents/MacOS/include/vlc/libvlc_vlm.h--validated:/Users/cam/Documents/Projects/ultima-iv-web/vlc-thumbs/work/build/vlc-arm64/VLC.app/Contents/MacOS/include/vlc/libvlc_media_list.h
--validated:/Users/cam/Documents/Projects/ultima-iv-web/vlc-thumbs/work/build/vlc-arm64/VLC.app/Contents/MacOS/include/vlc/libvlc_events.h
--validated:/Users/cam/Documents/Projects/ultima-iv-web/vlc-thumbs/work/build/vlc-arm64/VLC.app/Contents/MacOS/include/vlc/vlc.h



--validated:/Users/cam/Documents/Projects/ultima-iv-web/vlc-thumbs/work/build/vlc-arm64/VLC.app/Contents/MacOS/include/vlc/libvlc_version.h
--validated:/Users/cam/Documents/Projects/ultima-iv-web/vlc-thumbs/work/build/vlc-arm64/VLC.app/Contents/MacOS/include/vlc/libvlc_vlm.h
--prepared:/Users/cam/Documents/Projects/ultima-iv-web/vlc-thumbs/work/build/vlc-arm64/VLC.app/Contents/MacOS/lib/libvlc.5.dylib
--validated:/Users/cam/Documents/Projects/ultima-iv-web/vlc-thumbs/work/build/vlc-arm64/VLC.app/Contents/MacOS/lib/libvlc.5.dylib
--prepared:/Users/cam/Documents/Projects/ultima-iv-web/vlc-thumbs/work/build/vlc-arm64/VLC.app/Contents/MacOS/lib/libvlccore.9.dylib
--validated:/Users/cam/Documents/Projects/ultima-iv-web/vlc-thumbs/work/build/vlc-arm64/VLC.app/Contents/MacOS/lib/libvlccore.9.dylib
--prepared:/Users/cam/Documents/Projects/ultima-iv-web/vlc-thumbs/work/build/vlc-arm64/VLC.app/Contents/MacOS/share/locale/sl/LC_MESSAGES/vlc.mo
--prepared:/Users/cam/Documents/Projects/ultima-iv-web/vlc-thumbs/work/build/vlc-arm64/VLC.app/Contents/MacOS/share/locale/sw/LC_MESSAGES/vlc.mo
--prepared:/Users/cam/Documents/Projects/ultima-iv-web/vlc-thumbs/work/build/vlc-arm64/VLC.app/Contents/MacOS/share/locale/sk/LC_MESSAGES/vlc.mo
--validated:/Users/cam/Documents/Projects/ultima-iv-web/vlc-thumbs/work/build/vlc-arm64/VLC.app/Contents/MacOS/share/locale/sl/LC_MESSAGES/vlc.mo
--prepared:/Users/cam/Documents/Projects/ultima-iv-web/vlc-thumbs/work/build/vlc-arm64/VLC.app/Contents/MacOS/share/locale/mai/LC_MESSAGES/vlc.mo
--validated:/Users/cam/Documents/Projects/ultima-iv-web/vlc-thumbs/work/build/vlc-arm64/VLC.app/Contents/MacOS/share/locale/sw/LC_MESSAGES/vlc.mo
--validated:/Users/cam/Documents/Projects/ultima-iv-web/vlc-thumbs/work/build/vlc-arm64/VLC.app/Contents/MacOS/share/locale/sk/LC_MESSAGES/vlc.mo
--validated:/Users/cam/Documents/Projects/ultima-iv-web/vlc-thumbs/work/build/vlc-arm64/VLC.app/Contents/MacOS/share/locale/mai/LC_MESSAGES/vlc.mo
--prepared:/Users/cam/Documents/Projects/ultima-iv-web/vlc-thumbs/work/build/vlc-arm64/VLC.app/Contents/MacOS/share/locale/kab/LC_MESSAGES/vlc.mo
--validated:/Users/cam/Documents/Projects/ultima-iv-web/vlc-thumbs/work/build/vlc-arm64/VLC.app/Contents/MacOS/share/locale/kab/LC_MESSAGES/vlc.mo
--prepared:/Users/cam/Documents/Projects/ultima-iv-web/vlc-thumbs/work/build/vlc-arm64/VLC.app/Contents/MacOS/share/locale/uz/LC_MESSAGES/vlc.mo
--validated:/Users/cam/Documents/Projects/ultima-iv-web/vlc-thumbs/work/build/vlc-arm64/VLC.app/Contents/MacOS/share/locale/uz/LC_MESSAGES/vlc.mo
--prepared:/Users/cam/Documents/Projects/ultima-iv-web/vlc-thumbs/work/build/vlc-arm64/VLC.app/Contents/MacOS/share/locale/ug/LC_MESSAGES/vlc.mo
--prepared:/Users/cam/Documents/Projects/ultima-iv-web/vlc-thumbs/work/build/vlc-arm64/VLC.app/Contents/MacOS/share/locale/sm/LC_MESSAGES/vlc.mo
--prepared:/Users/cam/Documents/Projects/ultima-iv-web/vlc-thumbs/work/build/vlc-arm64/VLC.app/Contents/MacOS/share/locale/pl/LC_MESSAGES/vlc.mo
--validated:/Users/cam/Documents/Projects/ultima-iv-web/vlc-thumbs/work/build/vlc-arm64/VLC.app/Contents/MacOS/share/locale/ug/LC_MESSAGES/vlc.mo
--validated:/Users/cam/Documents/Projects/ultima-iv-web/vlc-thumbs/work/build/vlc-arm64/VLC.app/Contents/MacOS/share/locale/sm/LC_MESSAGES/vlc.mo
--validated:/Users/cam/Documents/Projects/ultima-iv-web/vlc-thumbs/work/build/vlc-arm64/VLC.app/Contents/MacOS/share/locale/pl/LC_MESSAGES/vlc.mo
--prepared:/Users/cam/Documents/Projects/ultima-iv-web/vlc-thumbs/work/build/vlc-arm64/VLC.app/Contents/MacOS/share/locale/vi/LC_MESSAGES/vlc.mo
--prepared:/Users/cam/Documents/Projects/ultima-iv-web/vlc-thumbs/work/build/vlc-arm64/VLC.app/Contents/MacOS/share/locale/sq/LC_MESSAGES/vlc.mo
--validated:/Users/cam/Documents/Projects/ultima-iv-web/vlc-thumbs/work/build/vlc-arm64/VLC.app/Contents/MacOS/share/locale/vi/LC_MESSAGES/vlc.mo
--validated:/Users/cam/Documents/Projects/ultima-iv-web/vlc-thumbs/work/build/vlc-arm64/VLC.app/Contents/MacOS/share/locale/sq/LC_MESSAGES/vlc.mo
--prepared:/Users/cam/Documents/Projects/ultima-iv-web/vlc-thumbs/work/build/vlc-arm64/VLC.app/Contents/MacOS/share/locale/ga/LC_MESSAGES/vlc.mo
--prepared:/Users/cam/Documents/Projects/ultima-iv-web/vlc-thumbs/work/build/vlc-arm64/VLC.app/Contents/MacOS/share/locale/sv/LC_MESSAGES/vlc.mo
--validated:/Users/cam/Documents/Projects/ultima-iv-web/vlc-thumbs/work/build/vlc-arm64/VLC.app/Contents/MacOS/share/locale/ga/LC_MESSAGES/vlc.mo
--validated:/Users/cam/Documents/Projects/ultima-iv-web/vlc-thumbs/work/build/vlc-arm64/VLC.app/Contents/MacOS/share/locale/sv/LC_MESSAGES/vlc.mo
--prepared:/Users/cam/Documents/Projects/ultima-iv-web/vlc-thumbs/work/build/vlc-arm64/VLC.app/Contents/MacOS/share/locale/he/LC_MESSAGES/vlc.mo
--validated:/Users/cam/Documents/Projects/ultima-iv-web/vlc-thumbs/work/build/vlc-arm64/VLC.app/Contents/MacOS/share/locale/he/LC_MESSAGES/vlc.mo
--prepared:/Users/cam/Documents/Projects/ultima-iv-web/vlc-thumbs/work/build/vlc-arm64/VLC.app/Contents/MacOS/share/locale/ms/LC_MESSAGES/vlc.mo
--prepared:/Users/cam/Documents/Projects/ultima-iv-web/vlc-thumbs/work/build/vlc-arm64/VLC.app/Contents/MacOS/share/locale/am_ET/LC_MESSAGES/vlc.mo
--validated:/Users/cam/Documents/Projects/ultima-iv-web/vlc-thumbs/work/build/vlc-arm64/VLC.app/Contents/MacOS/share/locale/ms/LC_MESSAGES/vlc.mo
--prepared:/Users/cam/Documents/Projects/ultima-iv-web/vlc-thumbs/work/build/vlc-arm64/VLC.app/Contents/MacOS/share/locale/km/LC_MESSAGES/vlc.mo
--validated:/Users/cam/Documents/Projects/ultima-iv-web/vlc-thumbs/work/build/vlc-arm64/VLC.app/Contents/MacOS/share/locale/am_ET/LC_MESSAGES/vlc.mo
--prepared:/Users/cam/Documents/Projects/ultima-iv-web/vlc-thumbs/work/build/vlc-arm64/VLC.app/Contents/MacOS/share/locale/hy/LC_MESSAGES/vlc.mo
--validated:/Users/cam/Documents/Projects/ultima-iv-web/vlc-thumbs/work/build/vlc-arm64/VLC.app/Contents/MacOS/share/locale/km/LC_MESSAGES/vlc.mo
--prepared:/Users/cam/Documents/Projects/ultima-iv-web/vlc-thumbs/work/build/vlc-arm64/VLC.app/Contents/MacOS/share/locale/am/LC_MESSAGES/vlc.mo
--validated:/Users/cam/Documents/Projects/ultima-iv-web/vlc-thumbs/work/build/vlc-arm64/VLC.app/Contents/MacOS/share/locale/hy/LC_MESSAGES/vlc.mo
--validated:/Users/cam/Documents/Projects/ultima-iv-web/vlc-thumbs/work/build/vlc-arm64/VLC.app/Contents/MacOS/share/locale/am/LC_MESSAGES/vlc.mo
--prepared:/Users/cam/Documents/Projects/ultima-iv-web/vlc-thumbs/work/build/vlc-arm64/VLC.app/Contents/MacOS/share/locale/nn/LC_MESSAGES/vlc.mo
--validated:/Users/cam/Documents/Projects/ultima-iv-web/vlc-thumbs/work/build/vlc-arm64/VLC.app/Contents/MacOS/share/locale/nn/LC_MESSAGES/vlc.mo
--prepared:/Users/cam/Documents/Projects/ultima-iv-web/vlc-thumbs/work/build/vlc-arm64/VLC.app/Contents/MacOS/share/locale/be/LC_MESSAGES/vlc.mo
--prepared:/Users/cam/Documents/Projects/ultima-iv-web/vlc-thumbs/work/build/vlc-arm64/VLC.app/Contents/MacOS/share/locale/ky/LC_MESSAGES/vlc.mo
--prepared:/Users/cam/Documents/Projects/ultima-iv-web/vlc-thumbs/work/build/vlc-arm64/VLC.app/Contents/MacOS/share/locale/da/LC_MESSAGES/vlc.mo
--validated:/Users/cam/Documents/Projects/ultima-iv-web/vlc-thumbs/work/build/vlc-arm64/VLC.app/Contents/MacOS/share/locale/ky/LC_MESSAGES/vlc.mo
--prepared:/Users/cam/Documents/Projects/ultima-iv-web/vlc-thumbs/work/build/vlc-arm64/VLC.app/Contents/MacOS/share/locale/mn/LC_MESSAGES/vlc.mo
--validated:/Users/cam/Documents/Projects/ultima-iv-web/vlc-thumbs/work/build/vlc-arm64/VLC.app/Contents/MacOS/share/locale/da/LC_MESSAGES/vlc.mo
--validated:/Users/cam/Documents/Projects/ultima-iv-web/vlc-thumbs/work/build/vlc-arm64/VLC.app/Contents/MacOS/share/locale/be/LC_MESSAGES/vlc.mo
--prepared:/Users/cam/Documents/Projects/ultima-iv-web/vlc-thumbs/work/build/vlc-arm64/VLC.app/Contents/MacOS/share/locale/kk/LC_MESSAGES/vlc.mo
--prepared:/Users/cam/Documents/Projects/ultima-iv-web/vlc-thumbs/work/build/vlc-arm64/VLC.app/Contents/MacOS/share/locale/mr/LC_MESSAGES/vlc.mo
--validated:/Users/cam/Documents/Projects/ultima-iv-web/vlc-thumbs/work/build/vlc-arm64/VLC.app/Contents/MacOS/share/locale/mn/LC_MESSAGES/vlc.mo
--validated:/Users/cam/Documents/Projects/ultima-iv-web/vlc-thumbs/work/build/vlc-arm64/VLC.app/Contents/MacOS/share/locale/kk/LC_MESSAGES/vlc.mo
--validated:/Users/cam/Documents/Projects/ultima-iv-web/vlc-thumbs/work/build/vlc-arm64/VLC.app/Contents/MacOS/share/locale/mr/LC_MESSAGES/vlc.mo
--prepared:/Users/cam/Documents/Projects/ultima-iv-web/vlc-thumbs/work/build/vlc-arm64/VLC.app/Contents/MacOS/share/locale/pt_BR/LC_MESSAGES/vlc.mo
--validated:/Users/cam/Documents/Projects/ultima-iv-web/vlc-thumbs/work/build/vlc-arm64/VLC.app/Contents/MacOS/share/locale/pt_BR/LC_MESSAGES/vlc.mo
--prepared:/Users/cam/Documents/Projects/ultima-iv-web/vlc-thumbs/work/build/vlc-arm64/VLC.app/Contents/MacOS/share/locale/gu/LC_MESSAGES/vlc.mo
--validated:/Users/cam/Documents/Projects/ultima-iv-web/vlc-thumbs/work/build/vlc-arm64/VLC.app/Contents/MacOS/share/locale/gu/LC_MESSAGES/vlc.mo
--prepared:/Users/cam/Documents/Projects/ultima-iv-web/vlc-thumbs/work/build/vlc-arm64/VLC.app/Contents/MacOS/share/locale/ja/LC_MESSAGES/vlc.mo
--validated:/Users/cam/Documents/Projects/ultima-iv-web/vlc-thumbs/work/build/vlc-arm64/VLC.app/Contents/MacOS/share/locale/ja/LC_MESSAGES/vlc.mo
--prepared:/Users/cam/Documents/Projects/ultima-iv-web/vlc-thumbs/work/build/vlc-arm64/VLC.app/Contents/MacOS/share/locale/lv/LC_MESSAGES/vlc.mo
--prepared:/Users/cam/Documents/Projects/ultima-iv-web/vlc-thumbs/work/build/vlc-arm64/VLC.app/Contents/MacOS/share/locale/oc/LC_MESSAGES/vlc.mo
--validated:/Users/cam/Documents/Projects/ultima-iv-web/vlc-thumbs/work/build/vlc-arm64/VLC.app/Contents/MacOS/share/locale/lv/LC_MESSAGES/vlc.mo
--prepared:/Users/cam/Documents/Projects/ultima-iv-web/vlc-thumbs/work/build/vlc-arm64/VLC.app/Contents/MacOS/share/locale/fy/LC_MESSAGES/vlc.mo
--prepared:/Users/cam/Documents/Projects/ultima-iv-web/vlc-thumbs/work/build/vlc-arm64/VLC.app/Contents/MacOS/share/locale/el/LC_MESSAGES/vlc.mo
--prepared:/Users/cam/Documents/Projects/ultima-iv-web/vlc-thumbs/work/build/vlc-arm64/VLC.app/Contents/MacOS/share/locale/co/LC_MESSAGES/vlc.mo
--validated:/Users/cam/Documents/Projects/ultima-iv-web/vlc-thumbs/work/build/vlc-arm64/VLC.app/Contents/MacOS/share/locale/el/LC_MESSAGES/vlc.mo
--validated:/Users/cam/Documents/Projects/ultima-iv-web/vlc-thumbs/work/build/vlc-arm64/VLC.app/Contents/MacOS/share/locale/fy/LC_MESSAGES/vlc.mo
--validated:/Users/cam/Documents/Projects/ultima-iv-web/vlc-thumbs/work/build/vlc-arm64/VLC.app/Contents/MacOS/share/locale/co/LC_MESSAGES/vlc.mo
--prepared:/Users/cam/Documents/Projects/ultima-iv-web/vlc-thumbs/work/build/vlc-arm64/VLC.app/Contents/MacOS/share/locale/it/LC_MESSAGES/vlc.mo
--prepared:/Users/cam/Documents/Projects/ultima-iv-web/vlc-thumbs/work/build/vlc-arm64/VLC.app/Contents/MacOS/share/locale/bn_IN/LC_MESSAGES/vlc.mo
--validated:/Users/cam/Documents/Projects/ultima-iv-web/vlc-thumbs/work/build/vlc-arm64/VLC.app/Contents/MacOS/share/locale/oc/LC_MESSAGES/vlc.mo
--validated:/Users/cam/Documents/Projects/ultima-iv-web/vlc-thumbs/work/build/vlc-arm64/VLC.app/Contents/MacOS/share/locale/it/LC_MESSAGES/vlc.mo
--validated:/Users/cam/Documents/Projects/ultima-iv-web/vlc-thumbs/work/build/vlc-arm64/VLC.app/Contents/MacOS/share/locale/bn_IN/LC_MESSAGES/vlc.mo
--prepared:/Users/cam/Documents/Projects/ultima-iv-web/vlc-thumbs/work/build/vlc-arm64/VLC.app/Contents/MacOS/share/locale/ca/LC_MESSAGES/vlc.mo
--prepared:/Users/cam/Documents/Projects/ultima-iv-web/vlc-thumbs/work/build/vlc-arm64/VLC.app/Contents/MacOS/share/locale/zh_TW/LC_MESSAGES/vlc.mo
--validated:/Users/cam/Documents/Projects/ultima-iv-web/vlc-thumbs/work/build/vlc-arm64/VLC.app/Contents/MacOS/share/locale/ca/LC_MESSAGES/vlc.mo
--validated:/Users/cam/Documents/Projects/ultima-iv-web/vlc-thumbs/work/build/vlc-arm64/VLC.app/Contents/MacOS/share/locale/zh_TW/LC_MESSAGES/vlc.mo
--prepared:/Users/cam/Documents/Projects/ultima-iv-web/vlc-thumbs/work/build/vlc-arm64/VLC.app/Contents/MacOS/share/locale/is/LC_MESSAGES/vlc.mo
--validated:/Users/cam/Documents/Projects/ultima-iv-web/vlc-thumbs/work/build/vlc-arm64/VLC.app/Contents/MacOS/share/locale/is/LC_MESSAGES/vlc.mo
--prepared:/Users/cam/Documents/Projects/ultima-iv-web/vlc-thumbs/work/build/vlc-arm64/VLC.app/Contents/MacOS/share/locale/te/LC_MESSAGES/vlc.mo
--prepared:/Users/cam/Documents/Projects/ultima-iv-web/vlc-thumbs/work/build/vlc-arm64/VLC.app/Contents/MacOS/share/locale/cs/LC_MESSAGES/vlc.mo
--validated:/Users/cam/Documents/Projects/ultima-iv-web/vlc-thumbs/work/build/vlc-arm64/VLC.app/Contents/MacOS/share/locale/cs/LC_MESSAGES/vlc.mo--prepared:/Users/cam/Documents/Projects/ultima-iv-web/vlc-thumbs/work/build/vlc-arm64/VLC.app/Contents/MacOS/share/locale/fur/LC_MESSAGES/vlc.mo
--validated:/Users/cam/Documents/Projects/ultima-iv-web/vlc-thumbs/work/build/vlc-arm64/VLC.app/Contents/MacOS/share/locale/te/LC_MESSAGES/vlc.mo
--validated:/Users/cam/Documents/Projects/ultima-iv-web/vlc-thumbs/work/build/vlc-arm64/VLC.app/Contents/MacOS/share/locale/fur/LC_MESSAGES/vlc.mo
--prepared:/Users/cam/Documents/Projects/ultima-iv-web/vlc-thumbs/work/build/vlc-arm64/VLC.app/Contents/MacOS/share/locale/ach/LC_MESSAGES/vlc.mo

--prepared:/Users/cam/Documents/Projects/ultima-iv-web/vlc-thumbs/work/build/vlc-arm64/VLC.app/Contents/MacOS/share/locale/pt_PT/LC_MESSAGES/vlc.mo
--validated:/Users/cam/Documents/Projects/ultima-iv-web/vlc-thumbs/work/build/vlc-arm64/VLC.app/Contents/MacOS/share/locale/ach/LC_MESSAGES/vlc.mo
--validated:/Users/cam/Documents/Projects/ultima-iv-web/vlc-thumbs/work/build/vlc-arm64/VLC.app/Contents/MacOS/share/locale/pt_PT/LC_MESSAGES/vlc.mo
--prepared:/Users/cam/Documents/Projects/ultima-iv-web/vlc-thumbs/work/build/vlc-arm64/VLC.app/Contents/MacOS/share/locale/zu/LC_MESSAGES/vlc.mo
--prepared:/Users/cam/Documents/Projects/ultima-iv-web/vlc-thumbs/work/build/vlc-arm64/VLC.app/Contents/MacOS/share/locale/ru/LC_MESSAGES/vlc.mo
--prepared:/Users/cam/Documents/Projects/ultima-iv-web/vlc-thumbs/work/build/vlc-arm64/VLC.app/Contents/MacOS/share/locale/ro/LC_MESSAGES/vlc.mo
--validated:/Users/cam/Documents/Projects/ultima-iv-web/vlc-thumbs/work/build/vlc-arm64/VLC.app/Contents/MacOS/share/locale/ru/LC_MESSAGES/vlc.mo
--validated:/Users/cam/Documents/Projects/ultima-iv-web/vlc-thumbs/work/build/vlc-arm64/VLC.app/Contents/MacOS/share/locale/zu/LC_MESSAGES/vlc.mo
--prepared:/Users/cam/Documents/Projects/ultima-iv-web/vlc-thumbs/work/build/vlc-arm64/VLC.app/Contents/MacOS/share/locale/zh_CN/LC_MESSAGES/vlc.mo
--prepared:/Users/cam/Documents/Projects/ultima-iv-web/vlc-thumbs/work/build/vlc-arm64/VLC.app/Contents/MacOS/share/locale/cgg/LC_MESSAGES/vlc.mo
--validated:/Users/cam/Documents/Projects/ultima-iv-web/vlc-thumbs/work/build/vlc-arm64/VLC.app/Contents/MacOS/share/locale/ro/LC_MESSAGES/vlc.mo
--validated:/Users/cam/Documents/Projects/ultima-iv-web/vlc-thumbs/work/build/vlc-arm64/VLC.app/Contents/MacOS/share/locale/zh_CN/LC_MESSAGES/vlc.mo
--prepared:/Users/cam/Documents/Projects/ultima-iv-web/vlc-thumbs/work/build/vlc-arm64/VLC.app/Contents/MacOS/share/locale/ps/LC_MESSAGES/vlc.mo
--validated:/Users/cam/Documents/Projects/ultima-iv-web/vlc-thumbs/work/build/vlc-arm64/VLC.app/Contents/MacOS/share/locale/cgg/LC_MESSAGES/vlc.mo
--validated:/Users/cam/Documents/Projects/ultima-iv-web/vlc-thumbs/work/build/vlc-arm64/VLC.app/Contents/MacOS/share/locale/ps/LC_MESSAGES/vlc.mo
--prepared:/Users/cam/Documents/Projects/ultima-iv-web/vlc-thumbs/work/build/vlc-arm64/VLC.app/Contents/MacOS/share/locale/sr/LC_MESSAGES/vlc.mo
--validated:/Users/cam/Documents/Projects/ultima-iv-web/vlc-thumbs/work/build/vlc-arm64/VLC.app/Contents/MacOS/share/locale/sr/LC_MESSAGES/vlc.mo
--prepared:/Users/cam/Documents/Projects/ultima-iv-web/vlc-thumbs/work/build/vlc-arm64/VLC.app/Contents/MacOS/share/locale/uk/LC_MESSAGES/vlc.mo
--prepared:/Users/cam/Documents/Projects/ultima-iv-web/vlc-thumbs/work/build/vlc-arm64/VLC.app/Contents/MacOS/share/locale/pa/LC_MESSAGES/vlc.mo
--validated:/Users/cam/Documents/Projects/ultima-iv-web/vlc-thumbs/work/build/vlc-arm64/VLC.app/Contents/MacOS/share/locale/uk/LC_MESSAGES/vlc.mo
--prepared:/Users/cam/Documents/Projects/ultima-iv-web/vlc-thumbs/work/build/vlc-arm64/VLC.app/Contents/MacOS/share/locale/brx/LC_MESSAGES/vlc.mo
--validated:/Users/cam/Documents/Projects/ultima-iv-web/vlc-thumbs/work/build/vlc-arm64/VLC.app/Contents/MacOS/share/locale/pa/LC_MESSAGES/vlc.mo
--prepared:/Users/cam/Documents/Projects/ultima-iv-web/vlc-thumbs/work/build/vlc-arm64/VLC.app/Contents/MacOS/share/locale/en_GB/LC_MESSAGES/vlc.mo
--validated:/Users/cam/Documents/Projects/ultima-iv-web/vlc-thumbs/work/build/vlc-arm64/VLC.app/Contents/MacOS/share/locale/brx/LC_MESSAGES/vlc.mo
--validated:/Users/cam/Documents/Projects/ultima-iv-web/vlc-thumbs/work/build/vlc-arm64/VLC.app/Contents/MacOS/share/locale/en_GB/LC_MESSAGES/vlc.mo
--prepared:/Users/cam/Documents/Projects/ultima-iv-web/vlc-thumbs/work/build/vlc-arm64/VLC.app/Contents/MacOS/share/locale/si/LC_MESSAGES/vlc.mo
--validated:/Users/cam/Documents/Projects/ultima-iv-web/vlc-thumbs/work/build/vlc-arm64/VLC.app/Contents/MacOS/share/locale/si/LC_MESSAGES/vlc.mo
--prepared:/Users/cam/Documents/Projects/ultima-iv-web/vlc-thumbs/work/build/vlc-arm64/VLC.app/Contents/MacOS/share/locale/mk/LC_MESSAGES/vlc.mo
--prepared:/Users/cam/Documents/Projects/ultima-iv-web/vlc-thumbs/work/build/vlc-arm64/VLC.app/Contents/MacOS/share/locale/es_MX/LC_MESSAGES/vlc.mo
--validated:/Users/cam/Documents/Projects/ultima-iv-web/vlc-thumbs/work/build/vlc-arm64/VLC.app/Contents/MacOS/share/locale/mk/LC_MESSAGES/vlc.mo
--validated:/Users/cam/Documents/Projects/ultima-iv-web/vlc-thumbs/work/build/vlc-arm64/VLC.app/Contents/MacOS/share/locale/es_MX/LC_MESSAGES/vlc.mo
--prepared:/Users/cam/Documents/Projects/ultima-iv-web/vlc-thumbs/work/build/vlc-arm64/VLC.app/Contents/MacOS/share/locale/an/LC_MESSAGES/vlc.mo
--prepared:/Users/cam/Documents/Projects/ultima-iv-web/vlc-thumbs/work/build/vlc-arm64/VLC.app/Contents/MacOS/share/locale/ml/LC_MESSAGES/vlc.mo
--validated:/Users/cam/Documents/Projects/ultima-iv-web/vlc-thumbs/work/build/vlc-arm64/VLC.app/Contents/MacOS/share/locale/an/LC_MESSAGES/vlc.mo
--prepared:/Users/cam/Documents/Projects/ultima-iv-web/vlc-thumbs/work/build/vlc-arm64/VLC.app/Contents/MacOS/share/locale/kn/LC_MESSAGES/vlc.mo
--validated:/Users/cam/Documents/Projects/ultima-iv-web/vlc-thumbs/work/build/vlc-arm64/VLC.app/Contents/MacOS/share/locale/ml/LC_MESSAGES/vlc.mo
--prepared:/Users/cam/Documents/Projects/ultima-iv-web/vlc-thumbs/work/build/vlc-arm64/VLC.app/Contents/MacOS/share/locale/my/LC_MESSAGES/vlc.mo
--validated:/Users/cam/Documents/Projects/ultima-iv-web/vlc-thumbs/work/build/vlc-arm64/VLC.app/Contents/MacOS/share/locale/kn/LC_MESSAGES/vlc.mo
--prepared:/Users/cam/Documents/Projects/ultima-iv-web/vlc-thumbs/work/build/vlc-arm64/VLC.app/Contents/MacOS/share/locale/bs/LC_MESSAGES/vlc.mo
--validated:/Users/cam/Documents/Projects/ultima-iv-web/vlc-thumbs/work/build/vlc-arm64/VLC.app/Contents/MacOS/share/locale/my/LC_MESSAGES/vlc.mo
--validated:/Users/cam/Documents/Projects/ultima-iv-web/vlc-thumbs/work/build/vlc-arm64/VLC.app/Contents/MacOS/share/locale/bs/LC_MESSAGES/vlc.mo
--prepared:/Users/cam/Documents/Projects/ultima-iv-web/vlc-thumbs/work/build/vlc-arm64/VLC.app/Contents/MacOS/share/locale/ar/LC_MESSAGES/vlc.mo
--validated:/Users/cam/Documents/Projects/ultima-iv-web/vlc-thumbs/work/build/vlc-arm64/VLC.app/Contents/MacOS/share/locale/ar/LC_MESSAGES/vlc.mo
--prepared:/Users/cam/Documents/Projects/ultima-iv-web/vlc-thumbs/work/build/vlc-arm64/VLC.app/Contents/MacOS/share/locale/gl/LC_MESSAGES/vlc.mo
--validated:/Users/cam/Documents/Projects/ultima-iv-web/vlc-thumbs/work/build/vlc-arm64/VLC.app/Contents/MacOS/share/locale/gl/LC_MESSAGES/vlc.mo
--prepared:/Users/cam/Documents/Projects/ultima-iv-web/vlc-thumbs/work/build/vlc-arm64/VLC.app/Contents/MacOS/share/locale/hr/LC_MESSAGES/vlc.mo
--prepared:/Users/cam/Documents/Projects/ultima-iv-web/vlc-thumbs/work/build/vlc-arm64/VLC.app/Contents/MacOS/share/locale/or_IN/LC_MESSAGES/vlc.mo
--validated:/Users/cam/Documents/Projects/ultima-iv-web/vlc-thumbs/work/build/vlc-arm64/VLC.app/Contents/MacOS/share/locale/hr/LC_MESSAGES/vlc.mo
--validated:/Users/cam/Documents/Projects/ultima-iv-web/vlc-thumbs/work/build/vlc-arm64/VLC.app/Contents/MacOS/share/locale/or_IN/LC_MESSAGES/vlc.mo
--prepared:/Users/cam/Documents/Projects/ultima-iv-web/vlc-thumbs/work/build/vlc-arm64/VLC.app/Contents/MacOS/share/locale/nl/LC_MESSAGES/vlc.mo
--prepared:/Users/cam/Documents/Projects/ultima-iv-web/vlc-thumbs/work/build/vlc-arm64/VLC.app/Contents/MacOS/share/locale/hu/LC_MESSAGES/vlc.mo
--validated:/Users/cam/Documents/Projects/ultima-iv-web/vlc-thumbs/work/build/vlc-arm64/VLC.app/Contents/MacOS/share/locale/nl/LC_MESSAGES/vlc.mo
--prepared:/Users/cam/Documents/Projects/ultima-iv-web/vlc-thumbs/work/build/vlc-arm64/VLC.app/Contents/MacOS/share/locale/bg/LC_MESSAGES/vlc.mo
--validated:/Users/cam/Documents/Projects/ultima-iv-web/vlc-thumbs/work/build/vlc-arm64/VLC.app/Contents/MacOS/share/locale/hu/LC_MESSAGES/vlc.mo
--validated:/Users/cam/Documents/Projects/ultima-iv-web/vlc-thumbs/work/build/vlc-arm64/VLC.app/Contents/MacOS/share/locale/bg/LC_MESSAGES/vlc.mo
--prepared:/Users/cam/Documents/Projects/ultima-iv-web/vlc-thumbs/work/build/vlc-arm64/VLC.app/Contents/MacOS/share/locale/bn/LC_MESSAGES/vlc.mo
--prepared:/Users/cam/Documents/Projects/ultima-iv-web/vlc-thumbs/work/build/vlc-arm64/VLC.app/Contents/MacOS/share/locale/af/LC_MESSAGES/vlc.mo
--validated:/Users/cam/Documents/Projects/ultima-iv-web/vlc-thumbs/work/build/vlc-arm64/VLC.app/Contents/MacOS/share/locale/bn/LC_MESSAGES/vlc.mo
--validated:/Users/cam/Documents/Projects/ultima-iv-web/vlc-thumbs/work/build/vlc-arm64/VLC.app/Contents/MacOS/share/locale/af/LC_MESSAGES/vlc.mo
--prepared:/Users/cam/Documents/Projects/ultima-iv-web/vlc-thumbs/work/build/vlc-arm64/VLC.app/Contents/MacOS/share/locale/ne/LC_MESSAGES/vlc.mo
--prepared:/Users/cam/Documents/Projects/ultima-iv-web/vlc-thumbs/work/build/vlc-arm64/VLC.app/Contents/MacOS/share/locale/ast/LC_MESSAGES/vlc.mo
--validated:/Users/cam/Documents/Projects/ultima-iv-web/vlc-thumbs/work/build/vlc-arm64/VLC.app/Contents/MacOS/share/locale/ne/LC_MESSAGES/vlc.mo
--validated:/Users/cam/Documents/Projects/ultima-iv-web/vlc-thumbs/work/build/vlc-arm64/VLC.app/Contents/MacOS/share/locale/ast/LC_MESSAGES/vlc.mo
--prepared:/Users/cam/Documents/Projects/ultima-iv-web/vlc-thumbs/work/build/vlc-arm64/VLC.app/Contents/MacOS/share/locale/nb/LC_MESSAGES/vlc.mo
--validated:/Users/cam/Documents/Projects/ultima-iv-web/vlc-thumbs/work/build/vlc-arm64/VLC.app/Contents/MacOS/share/locale/nb/LC_MESSAGES/vlc.mo
--prepared:/Users/cam/Documents/Projects/ultima-iv-web/vlc-thumbs/work/build/vlc-arm64/VLC.app/Contents/MacOS/share/locale/hi/LC_MESSAGES/vlc.mo
--validated:/Users/cam/Documents/Projects/ultima-iv-web/vlc-thumbs/work/build/vlc-arm64/VLC.app/Contents/MacOS/share/locale/hi/LC_MESSAGES/vlc.mo
--prepared:/Users/cam/Documents/Projects/ultima-iv-web/vlc-thumbs/work/build/vlc-arm64/VLC.app/Contents/MacOS/share/locale/ka/LC_MESSAGES/vlc.mo
--validated:/Users/cam/Documents/Projects/ultima-iv-web/vlc-thumbs/work/build/vlc-arm64/VLC.app/Contents/MacOS/share/locale/ka/LC_MESSAGES/vlc.mo
--prepared:/Users/cam/Documents/Projects/ultima-iv-web/vlc-thumbs/work/build/vlc-arm64/VLC.app/Contents/MacOS/share/locale/de/LC_MESSAGES/vlc.mo
--prepared:/Users/cam/Documents/Projects/ultima-iv-web/vlc-thumbs/work/build/vlc-arm64/VLC.app/Contents/MacOS/share/locale/gd/LC_MESSAGES/vlc.mo
--validated:/Users/cam/Documents/Projects/ultima-iv-web/vlc-thumbs/work/build/vlc-arm64/VLC.app/Contents/MacOS/share/locale/de/LC_MESSAGES/vlc.mo
--validated:/Users/cam/Documents/Projects/ultima-iv-web/vlc-thumbs/work/build/vlc-arm64/VLC.app/Contents/MacOS/share/locale/gd/LC_MESSAGES/vlc.mo
--prepared:/Users/cam/Documents/Projects/ultima-iv-web/vlc-thumbs/work/build/vlc-arm64/VLC.app/Contents/MacOS/share/locale/br/LC_MESSAGES/vlc.mo
--prepared:/Users/cam/Documents/Projects/ultima-iv-web/vlc-thumbs/work/build/vlc-arm64/VLC.app/Contents/MacOS/share/locale/as/LC_MESSAGES/vlc.mo
--prepared:/Users/cam/Documents/Projects/ultima-iv-web/vlc-thumbs/work/build/vlc-arm64/VLC.app/Contents/MacOS/share/locale/ks_IN/LC_MESSAGES/vlc.mo
--validated:/Users/cam/Documents/Projects/ultima-iv-web/vlc-thumbs/work/build/vlc-arm64/VLC.app/Contents/MacOS/share/locale/br/LC_MESSAGES/vlc.mo
--prepared:/Users/cam/Documents/Projects/ultima-iv-web/vlc-thumbs/work/build/vlc-arm64/VLC.app/Contents/MacOS/share/locale/ko/LC_MESSAGES/vlc.mo
--validated:/Users/cam/Documents/Projects/ultima-iv-web/vlc-thumbs/work/build/vlc-arm64/VLC.app/Contents/MacOS/share/locale/ks_IN/LC_MESSAGES/vlc.mo
--validated:/Users/cam/Documents/Projects/ultima-iv-web/vlc-thumbs/work/build/vlc-arm64/VLC.app/Contents/MacOS/share/locale/as/LC_MESSAGES/vlc.mo
--validated:/Users/cam/Documents/Projects/ultima-iv-web/vlc-thumbs/work/build/vlc-arm64/VLC.app/Contents/MacOS/share/locale/ko/LC_MESSAGES/vlc.mo
--prepared:/Users/cam/Documents/Projects/ultima-iv-web/vlc-thumbs/work/build/vlc-arm64/VLC.app/Contents/MacOS/share/locale/ca@valencia/LC_MESSAGES/vlc.mo
--validated:/Users/cam/Documents/Projects/ultima-iv-web/vlc-thumbs/work/build/vlc-arm64/VLC.app/Contents/MacOS/share/locale/ca@valencia/LC_MESSAGES/vlc.mo
--prepared:/Users/cam/Documents/Projects/ultima-iv-web/vlc-thumbs/work/build/vlc-arm64/VLC.app/Contents/MacOS/share/locale/eo/LC_MESSAGES/vlc.mo
--prepared:/Users/cam/Documents/Projects/ultima-iv-web/vlc-thumbs/work/build/vlc-arm64/VLC.app/Contents/MacOS/share/locale/id/LC_MESSAGES/vlc.mo--prepared:/Users/cam/Documents/Projects/ultima-iv-web/vlc-thumbs/work/build/vlc-arm64/VLC.app/Contents/MacOS/share/locale/fi/LC_MESSAGES/vlc.mo
--validated:/Users/cam/Documents/Projects/ultima-iv-web/vlc-thumbs/work/build/vlc-arm64/VLC.app/Contents/MacOS/share/locale/eo/LC_MESSAGES/vlc.mo

--validated:/Users/cam/Documents/Projects/ultima-iv-web/vlc-thumbs/work/build/vlc-arm64/VLC.app/Contents/MacOS/share/locale/fi/LC_MESSAGES/vlc.mo
--validated:/Users/cam/Documents/Projects/ultima-iv-web/vlc-thumbs/work/build/vlc-arm64/VLC.app/Contents/MacOS/share/locale/id/LC_MESSAGES/vlc.mo
--prepared:/Users/cam/Documents/Projects/ultima-iv-web/vlc-thumbs/work/build/vlc-arm64/VLC.app/Contents/MacOS/share/locale/lg/LC_MESSAGES/vlc.mo
--validated:/Users/cam/Documents/Projects/ultima-iv-web/vlc-thumbs/work/build/vlc-arm64/VLC.app/Contents/MacOS/share/locale/lg/LC_MESSAGES/vlc.mo
--prepared:/Users/cam/Documents/Projects/ultima-iv-web/vlc-thumbs/work/build/vlc-arm64/VLC.app/Contents/MacOS/share/locale/fr/LC_MESSAGES/vlc.mo
--validated:/Users/cam/Documents/Projects/ultima-iv-web/vlc-thumbs/work/build/vlc-arm64/VLC.app/Contents/MacOS/share/locale/fr/LC_MESSAGES/vlc.mo
--prepared:/Users/cam/Documents/Projects/ultima-iv-web/vlc-thumbs/work/build/vlc-arm64/VLC.app/Contents/MacOS/share/locale/ie/LC_MESSAGES/vlc.mo
--validated:/Users/cam/Documents/Projects/ultima-iv-web/vlc-thumbs/work/build/vlc-arm64/VLC.app/Contents/MacOS/share/locale/ie/LC_MESSAGES/vlc.mo
--prepared:/Users/cam/Documents/Projects/ultima-iv-web/vlc-thumbs/work/build/vlc-arm64/VLC.app/Contents/MacOS/share/locale/lt/LC_MESSAGES/vlc.mo
--prepared:/Users/cam/Documents/Projects/ultima-iv-web/vlc-thumbs/work/build/vlc-arm64/VLC.app/Contents/MacOS/share/locale/et/LC_MESSAGES/vlc.mo
--prepared:/Users/cam/Documents/Projects/ultima-iv-web/vlc-thumbs/work/build/vlc-arm64/VLC.app/Contents/MacOS/share/locale/es/LC_MESSAGES/vlc.mo
--prepared:/Users/cam/Documents/Projects/ultima-iv-web/vlc-thumbs/work/build/vlc-arm64/VLC.app/Contents/MacOS/share/locale/cy/LC_MESSAGES/vlc.mo
--validated:/Users/cam/Documents/Projects/ultima-iv-web/vlc-thumbs/work/build/vlc-arm64/VLC.app/Contents/MacOS/share/locale/lt/LC_MESSAGES/vlc.mo
--prepared:/Users/cam/Documents/Projects/ultima-iv-web/vlc-thumbs/work/build/vlc-arm64/VLC.app/Contents/MacOS/share/locale/fa/LC_MESSAGES/vlc.mo
--validated:/Users/cam/Documents/Projects/ultima-iv-web/vlc-thumbs/work/build/vlc-arm64/VLC.app/Contents/MacOS/share/locale/et/LC_MESSAGES/vlc.mo
--prepared:/Users/cam/Documents/Projects/ultima-iv-web/vlc-thumbs/work/build/vlc-arm64/VLC.app/Contents/MacOS/share/locale/lo/LC_MESSAGES/vlc.mo
--validated:/Users/cam/Documents/Projects/ultima-iv-web/vlc-thumbs/work/build/vlc-arm64/VLC.app/Contents/MacOS/share/locale/cy/LC_MESSAGES/vlc.mo
--validated:/Users/cam/Documents/Projects/ultima-iv-web/vlc-thumbs/work/build/vlc-arm64/VLC.app/Contents/MacOS/share/locale/es/LC_MESSAGES/vlc.mo
--prepared:/Users/cam/Documents/Projects/ultima-iv-web/vlc-thumbs/work/build/vlc-arm64/VLC.app/Contents/MacOS/share/locale/ff/LC_MESSAGES/vlc.mo
--validated:/Users/cam/Documents/Projects/ultima-iv-web/vlc-thumbs/work/build/vlc-arm64/VLC.app/Contents/MacOS/share/locale/fa/LC_MESSAGES/vlc.mo
--validated:/Users/cam/Documents/Projects/ultima-iv-web/vlc-thumbs/work/build/vlc-arm64/VLC.app/Contents/MacOS/share/locale/lo/LC_MESSAGES/vlc.mo
--validated:/Users/cam/Documents/Projects/ultima-iv-web/vlc-thumbs/work/build/vlc-arm64/VLC.app/Contents/MacOS/share/locale/ff/LC_MESSAGES/vlc.mo
--prepared:/Users/cam/Documents/Projects/ultima-iv-web/vlc-thumbs/work/build/vlc-arm64/VLC.app/Contents/MacOS/share/locale/tt/LC_MESSAGES/vlc.mo
--prepared:/Users/cam/Documents/Projects/ultima-iv-web/vlc-thumbs/work/build/vlc-arm64/VLC.app/Contents/MacOS/share/locale/eu/LC_MESSAGES/vlc.mo
--validated:/Users/cam/Documents/Projects/ultima-iv-web/vlc-thumbs/work/build/vlc-arm64/VLC.app/Contents/MacOS/share/locale/tt/LC_MESSAGES/vlc.mo
--validated:/Users/cam/Documents/Projects/ultima-iv-web/vlc-thumbs/work/build/vlc-arm64/VLC.app/Contents/MacOS/share/locale/eu/LC_MESSAGES/vlc.mo
--prepared:/Users/cam/Documents/Projects/ultima-iv-web/vlc-thumbs/work/build/vlc-arm64/VLC.app/Contents/MacOS/share/locale/wa/LC_MESSAGES/vlc.mo
--prepared:/Users/cam/Documents/Projects/ultima-iv-web/vlc-thumbs/work/build/vlc-arm64/VLC.app/Contents/MacOS/share/locale/th/LC_MESSAGES/vlc.mo
--prepared:/Users/cam/Documents/Projects/ultima-iv-web/vlc-thumbs/work/build/vlc-arm64/VLC.app/Contents/MacOS/share/locale/ta/LC_MESSAGES/vlc.mo
--prepared:/Users/cam/Documents/Projects/ultima-iv-web/vlc-thumbs/work/build/vlc-arm64/VLC.app/Contents/MacOS/share/locale/tr/LC_MESSAGES/vlc.mo
--validated:/Users/cam/Documents/Projects/ultima-iv-web/vlc-thumbs/work/build/vlc-arm64/VLC.app/Contents/MacOS/share/locale/ta/LC_MESSAGES/vlc.mo
--validated:/Users/cam/Documents/Projects/ultima-iv-web/vlc-thumbs/work/build/vlc-arm64/VLC.app/Contents/MacOS/share/locale/th/LC_MESSAGES/vlc.mo
--prepared:/Users/cam/Documents/Projects/ultima-iv-web/vlc-thumbs/work/build/vlc-arm64/VLC.app/Contents/MacOS/share/lua/sd/jamendo.luac
--validated:/Users/cam/Documents/Projects/ultima-iv-web/vlc-thumbs/work/build/vlc-arm64/VLC.app/Contents/MacOS/share/locale/wa/LC_MESSAGES/vlc.mo
--validated:/Users/cam/Documents/Projects/ultima-iv-web/vlc-thumbs/work/build/vlc-arm64/VLC.app/Contents/MacOS/share/locale/tr/LC_MESSAGES/vlc.mo
--prepared:/Users/cam/Documents/Projects/ultima-iv-web/vlc-thumbs/work/build/vlc-arm64/VLC.app/Contents/MacOS/share/locale/ku_IQ/LC_MESSAGES/vlc.mo
--validated:/Users/cam/Documents/Projects/ultima-iv-web/vlc-thumbs/work/build/vlc-arm64/VLC.app/Contents/MacOS/share/lua/sd/jamendo.luac
--prepared:/Users/cam/Documents/Projects/ultima-iv-web/vlc-thumbs/work/build/vlc-arm64/VLC.app/Contents/MacOS/share/lua/sd/icecast.luac
--prepared:/Users/cam/Documents/Projects/ultima-iv-web/vlc-thumbs/work/build/vlc-arm64/VLC.app/Contents/MacOS/share/lua/playlist/jamendo.luac
--prepared:/Users/cam/Documents/Projects/ultima-iv-web/vlc-thumbs/work/build/vlc-arm64/VLC.app/Contents/MacOS/share/lua/playlist/anevia_xml.luac--validated:/Users/cam/Documents/Projects/ultima-iv-web/vlc-thumbs/work/build/vlc-arm64/VLC.app/Contents/MacOS/share/locale/ku_IQ/LC_MESSAGES/vlc.mo

--validated:/Users/cam/Documents/Projects/ultima-iv-web/vlc-thumbs/work/build/vlc-arm64/VLC.app/Contents/MacOS/share/lua/sd/icecast.luac
--prepared:/Users/cam/Documents/Projects/ultima-iv-web/vlc-thumbs/work/build/vlc-arm64/VLC.app/Contents/MacOS/share/lua/playlist/newgrounds.luac
--validated:/Users/cam/Documents/Projects/ultima-iv-web/vlc-thumbs/work/build/vlc-arm64/VLC.app/Contents/MacOS/share/lua/playlist/jamendo.luac
--prepared:/Users/cam/Documents/Projects/ultima-iv-web/vlc-thumbs/work/build/vlc-arm64/VLC.app/Contents/MacOS/share/lua/playlist/vocaroo.luac
--prepared:/Users/cam/Documents/Projects/ultima-iv-web/vlc-thumbs/work/build/vlc-arm64/VLC.app/Contents/MacOS/share/lua/playlist/soundcloud.luac
--validated:/Users/cam/Documents/Projects/ultima-iv-web/vlc-thumbs/work/build/vlc-arm64/VLC.app/Contents/MacOS/share/lua/playlist/anevia_xml.luac
--validated:/Users/cam/Documents/Projects/ultima-iv-web/vlc-thumbs/work/build/vlc-arm64/VLC.app/Contents/MacOS/share/lua/playlist/newgrounds.luac
--validated:/Users/cam/Documents/Projects/ultima-iv-web/vlc-thumbs/work/build/vlc-arm64/VLC.app/Contents/MacOS/share/lua/playlist/vocaroo.luac
--validated:/Users/cam/Documents/Projects/ultima-iv-web/vlc-thumbs/work/build/vlc-arm64/VLC.app/Contents/MacOS/share/lua/playlist/soundcloud.luac
--prepared:/Users/cam/Documents/Projects/ultima-iv-web/vlc-thumbs/work/build/vlc-arm64/VLC.app/Contents/MacOS/share/lua/playlist/liveleak.luac
--validated:/Users/cam/Documents/Projects/ultima-iv-web/vlc-thumbs/work/build/vlc-arm64/VLC.app/Contents/MacOS/share/lua/playlist/liveleak.luac
--prepared:/Users/cam/Documents/Projects/ultima-iv-web/vlc-thumbs/work/build/vlc-arm64/VLC.app/Contents/MacOS/share/lua/playlist/anevia_streams.luac
--prepared:/Users/cam/Documents/Projects/ultima-iv-web/vlc-thumbs/work/build/vlc-arm64/VLC.app/Contents/MacOS/share/lua/playlist/appletrailers.luac
--prepared:/Users/cam/Documents/Projects/ultima-iv-web/vlc-thumbs/work/build/vlc-arm64/VLC.app/Contents/MacOS/share/lua/playlist/cue.luac
--validated:/Users/cam/Documents/Projects/ultima-iv-web/vlc-thumbs/work/build/vlc-arm64/VLC.app/Contents/MacOS/share/lua/playlist/appletrailers.luac
--validated:/Users/cam/Documents/Projects/ultima-iv-web/vlc-thumbs/work/build/vlc-arm64/VLC.app/Contents/MacOS/share/lua/playlist/cue.luac
--prepared:/Users/cam/Documents/Projects/ultima-iv-web/vlc-thumbs/work/build/vlc-arm64/VLC.app/Contents/MacOS/share/lua/meta/art/01_googleimage.luac
--prepared:/Users/cam/Documents/Projects/ultima-iv-web/vlc-thumbs/work/build/vlc-arm64/VLC.app/Contents/MacOS/share/lua/playlist/bbc_co_uk.luac
--prepared:/Users/cam/Documents/Projects/ultima-iv-web/vlc-thumbs/work/build/vlc-arm64/VLC.app/Contents/MacOS/share/lua/meta/reader/filename.luac
--prepared:/Users/cam/Documents/Projects/ultima-iv-web/vlc-thumbs/work/build/vlc-arm64/VLC.app/Contents/MacOS/share/lua/meta/art/02_frenchtv.luac
--validated:/Users/cam/Documents/Projects/ultima-iv-web/vlc-thumbs/work/build/vlc-arm64/VLC.app/Contents/MacOS/share/lua/meta/art/01_googleimage.luac
--prepared:/Users/cam/Documents/Projects/ultima-iv-web/vlc-thumbs/work/build/vlc-arm64/VLC.app/Contents/MacOS/share/lua/playlist/vimeo.luac
--validated:/Users/cam/Documents/Projects/ultima-iv-web/vlc-thumbs/work/build/vlc-arm64/VLC.app/Contents/MacOS/share/lua/meta/reader/filename.luac
--validated:/Users/cam/Documents/Projects/ultima-iv-web/vlc-thumbs/work/build/vlc-arm64/VLC.app/Contents/MacOS/share/lua/playlist/bbc_co_uk.luac
--validated:/Users/cam/Documents/Projects/ultima-iv-web/vlc-thumbs/work/build/vlc-arm64/VLC.app/Contents/MacOS/share/lua/playlist/anevia_streams.luac
--prepared:/Users/cam/Documents/Projects/ultima-iv-web/vlc-thumbs/work/build/vlc-arm64/VLC.app/Contents/MacOS/share/lua/playlist/dailymotion.luac
--validated:/Users/cam/Documents/Projects/ultima-iv-web/vlc-thumbs/work/build/vlc-arm64/VLC.app/Contents/MacOS/share/lua/meta/art/02_frenchtv.luac
--validated:/Users/cam/Documents/Projects/ultima-iv-web/vlc-thumbs/work/build/vlc-arm64/VLC.app/Contents/MacOS/share/lua/playlist/vimeo.luac
--validated:/Users/cam/Documents/Projects/ultima-iv-web/vlc-thumbs/work/build/vlc-arm64/VLC.app/Contents/MacOS/share/lua/playlist/dailymotion.luac
--prepared:/Users/cam/Documents/Projects/ultima-iv-web/vlc-thumbs/work/build/vlc-arm64/VLC.app/Contents/MacOS/share/lua/playlist/koreus.luac
--prepared:/Users/cam/Documents/Projects/ultima-iv-web/vlc-thumbs/work/build/vlc-arm64/VLC.app/Contents/MacOS/share/lua/playlist/rockbox_fm_presets.luac
--prepared:/Users/cam/Documents/Projects/ultima-iv-web/vlc-thumbs/work/build/vlc-arm64/VLC.app/Contents/MacOS/share/lua/meta/art/03_lastfm.luac
--prepared:/Users/cam/Documents/Projects/ultima-iv-web/vlc-thumbs/work/build/vlc-arm64/VLC.app/Contents/MacOS/share/lua/playlist/twitch.luac
--validated:/Users/cam/Documents/Projects/ultima-iv-web/vlc-thumbs/work/build/vlc-arm64/VLC.app/Contents/MacOS/share/lua/playlist/koreus.luac
--validated:/Users/cam/Documents/Projects/ultima-iv-web/vlc-thumbs/work/build/vlc-arm64/VLC.app/Contents/MacOS/share/lua/meta/art/03_lastfm.luac
--validated:/Users/cam/Documents/Projects/ultima-iv-web/vlc-thumbs/work/build/vlc-arm64/VLC.app/Contents/MacOS/share/lua/playlist/rockbox_fm_presets.luac
--validated:/Users/cam/Documents/Projects/ultima-iv-web/vlc-thumbs/work/build/vlc-arm64/VLC.app/Contents/MacOS/share/lua/playlist/twitch.luac
--prepared:/Users/cam/Documents/Projects/ultima-iv-web/vlc-thumbs/work/build/vlc-arm64/VLC.app/Contents/MacOS/share/lua/meta/art/00_musicbrainz.luac
--prepared:/Users/cam/Documents/Projects/ultima-iv-web/vlc-thumbs/work/build/vlc-arm64/VLC.app/Contents/MacOS/share/lua/extensions/VLSub.luac
--validated:/Users/cam/Documents/Projects/ultima-iv-web/vlc-thumbs/work/build/vlc-arm64/VLC.app/Contents/MacOS/share/lua/meta/art/00_musicbrainz.luac
--validated:/Users/cam/Documents/Projects/ultima-iv-web/vlc-thumbs/work/build/vlc-arm64/VLC.app/Contents/MacOS/share/lua/extensions/VLSub.luac
--prepared:/Users/cam/Documents/Projects/ultima-iv-web/vlc-thumbs/work/build/vlc-arm64/VLC.app/Contents/MacOS/share/lua/http/custom.lua
--prepared:/Users/cam/Documents/Projects/ultima-iv-web/vlc-thumbs/work/build/vlc-arm64/VLC.app/Contents/MacOS/share/lua/http/favicon.ico
--prepared:/Users/cam/Documents/Projects/ultima-iv-web/vlc-thumbs/work/build/vlc-arm64/VLC.app/Contents/MacOS/share/lua/http/index.html
--validated:/Users/cam/Documents/Projects/ultima-iv-web/vlc-thumbs/work/build/vlc-arm64/VLC.app/Contents/MacOS/share/lua/http/custom.lua
--validated:/Users/cam/Documents/Projects/ultima-iv-web/vlc-thumbs/work/build/vlc-arm64/VLC.app/Contents/MacOS/share/lua/http/index.html
--validated:/Users/cam/Documents/Projects/ultima-iv-web/vlc-thumbs/work/build/vlc-arm64/VLC.app/Contents/MacOS/share/lua/http/favicon.ico
--prepared:/Users/cam/Documents/Projects/ultima-iv-web/vlc-thumbs/work/build/vlc-arm64/VLC.app/Contents/MacOS/share/lua/http/css/main.css
--prepared:/Users/cam/Documents/Projects/ultima-iv-web/vlc-thumbs/work/build/vlc-arm64/VLC.app/Contents/MacOS/share/lua/http/css/ui-lightness/images/ui-bg_diagonals-thick_18_b81900_40x40.png
--validated:/Users/cam/Documents/Projects/ultima-iv-web/vlc-thumbs/work/build/vlc-arm64/VLC.app/Contents/MacOS/share/lua/http/css/main.css
--validated:/Users/cam/Documents/Projects/ultima-iv-web/vlc-thumbs/work/build/vlc-arm64/VLC.app/Contents/MacOS/share/lua/http/css/ui-lightness/images/ui-bg_diagonals-thick_18_b81900_40x40.png
--prepared:/Users/cam/Documents/Projects/ultima-iv-web/vlc-thumbs/work/build/vlc-arm64/VLC.app/Contents/MacOS/share/lua/http/css/ui-lightness/images/ui-bg_glass_100_f6f6f6_1x400.png
--prepared:/Users/cam/Documents/Projects/ultima-iv-web/vlc-thumbs/work/build/vlc-arm64/VLC.app/Contents/MacOS/share/lua/http/css/ui-lightness/images/ui-bg_highlight-soft_75_ffe45c_1x100.png
--prepared:/Users/cam/Documents/Projects/ultima-iv-web/vlc-thumbs/work/build/vlc-arm64/VLC.app/Contents/MacOS/share/lua/http/css/ui-lightness/images/ui-icons_ef8c08_256x240.png
--prepared:/Users/cam/Documents/Projects/ultima-iv-web/vlc-thumbs/work/build/vlc-arm64/VLC.app/Contents/MacOS/share/lua/http/css/ui-lightness/images/ui-icons_228ef1_256x240.png
--prepared:/Users/cam/Documents/Projects/ultima-iv-web/vlc-thumbs/work/build/vlc-arm64/VLC.app/Contents/MacOS/share/lua/http/css/ui-lightness/images/ui-bg_highlight-soft_100_eeeeee_1x100.png
--validated:/Users/cam/Documents/Projects/ultima-iv-web/vlc-thumbs/work/build/vlc-arm64/VLC.app/Contents/MacOS/share/lua/http/css/ui-lightness/images/ui-bg_glass_100_f6f6f6_1x400.png--validated:/Users/cam/Documents/Projects/ultima-iv-web/vlc-thumbs/work/build/vlc-arm64/VLC.app/Contents/MacOS/share/lua/http/css/ui-lightness/images/ui-icons_ef8c08_256x240.png
--validated:/Users/cam/Documents/Projects/ultima-iv-web/vlc-thumbs/work/build/vlc-arm64/VLC.app/Contents/MacOS/share/lua/http/css/ui-lightness/images/ui-bg_highlight-soft_75_ffe45c_1x100.png

--validated:/Users/cam/Documents/Projects/ultima-iv-web/vlc-thumbs/work/build/vlc-arm64/VLC.app/Contents/MacOS/share/lua/http/css/ui-lightness/images/ui-icons_228ef1_256x240.png
--prepared:/Users/cam/Documents/Projects/ultima-iv-web/vlc-thumbs/work/build/vlc-arm64/VLC.app/Contents/MacOS/share/lua/http/css/ui-lightness/images/ui-bg_gloss-wave_35_f6a828_500x100.png
--validated:/Users/cam/Documents/Projects/ultima-iv-web/vlc-thumbs/work/build/vlc-arm64/VLC.app/Contents/MacOS/share/lua/http/css/ui-lightness/images/ui-bg_highlight-soft_100_eeeeee_1x100.png
--prepared:/Users/cam/Documents/Projects/ultima-iv-web/vlc-thumbs/work/build/vlc-arm64/VLC.app/Contents/MacOS/share/lua/http/css/ui-lightness/images/ui-bg_glass_65_ffffff_1x400.png
--validated:/Users/cam/Documents/Projects/ultima-iv-web/vlc-thumbs/work/build/vlc-arm64/VLC.app/Contents/MacOS/share/lua/http/css/ui-lightness/images/ui-bg_gloss-wave_35_f6a828_500x100.png
--validated:/Users/cam/Documents/Projects/ultima-iv-web/vlc-thumbs/work/build/vlc-arm64/VLC.app/Contents/MacOS/share/lua/http/css/ui-lightness/images/ui-bg_glass_65_ffffff_1x400.png
--prepared:/Users/cam/Documents/Projects/ultima-iv-web/vlc-thumbs/work/build/vlc-arm64/VLC.app/Contents/MacOS/share/lua/http/images/Other-48.png
--prepared:/Users/cam/Documents/Projects/ultima-iv-web/vlc-thumbs/work/build/vlc-arm64/VLC.app/Contents/MacOS/share/lua/http/images/Video-48.png
--validated:/Users/cam/Documents/Projects/ultima-iv-web/vlc-thumbs/work/build/vlc-arm64/VLC.app/Contents/MacOS/share/lua/http/images/Other-48.png
--validated:/Users/cam/Documents/Projects/ultima-iv-web/vlc-thumbs/work/build/vlc-arm64/VLC.app/Contents/MacOS/share/lua/http/images/Video-48.png
--prepared:/Users/cam/Documents/Projects/ultima-iv-web/vlc-thumbs/work/build/vlc-arm64/VLC.app/Contents/MacOS/share/lua/http/css/ui-lightness/images/ui-bg_glass_100_fdf5ce_1x400.png
--prepared:/Users/cam/Documents/Projects/ultima-iv-web/vlc-thumbs/work/build/vlc-arm64/VLC.app/Contents/MacOS/share/lua/http/css/ui-lightness/images/ui-bg_diagonals-thick_20_666666_40x40.png
--prepared:/Users/cam/Documents/Projects/ultima-iv-web/vlc-thumbs/work/build/vlc-arm64/VLC.app/Contents/MacOS/share/lua/http/css/mobile.css
--prepared:/Users/cam/Documents/Projects/ultima-iv-web/vlc-thumbs/work/build/vlc-arm64/VLC.app/Contents/MacOS/share/lua/http/css/ui-lightness/images/ui-bg_flat_10_000000_40x100.png
--prepared:/Users/cam/Documents/Projects/ultima-iv-web/vlc-thumbs/work/build/vlc-arm64/VLC.app/Contents/MacOS/share/lua/http/css/ui-lightness/jquery-ui-1.8.13.custom.css--prepared:/Users/cam/Documents/Projects/ultima-iv-web/vlc-thumbs/work/build/vlc-arm64/VLC.app/Contents/MacOS/share/lua/http/css/ui-lightness/images/ui-icons_222222_256x240.png
--prepared:/Users/cam/Documents/Projects/ultima-iv-web/vlc-thumbs/work/build/vlc-arm64/VLC.app/Contents/MacOS/share/lua/http/css/ui-lightness/images/ui-icons_ffd27a_256x240.png
--prepared:/Users/cam/Documents/Projects/ultima-iv-web/vlc-thumbs/work/build/vlc-arm64/VLC.app/Contents/MacOS/share/lua/http/images/vlc16x16.png
--validated:/Users/cam/Documents/Projects/ultima-iv-web/vlc-thumbs/work/build/vlc-arm64/VLC.app/Contents/MacOS/share/lua/http/css/ui-lightness/images/ui-bg_flat_10_000000_40x100.png--prepared:/Users/cam/Documents/Projects/ultima-iv-web/vlc-thumbs/work/build/vlc-arm64/VLC.app/Contents/MacOS/share/lua/http/images/buttons.png
--validated:/Users/cam/Documents/Projects/ultima-iv-web/vlc-thumbs/work/build/vlc-arm64/VLC.app/Contents/MacOS/share/lua/http/css/ui-lightness/images/ui-bg_diagonals-thick_20_666666_40x40.png
--validated:/Users/cam/Documents/Projects/ultima-iv-web/vlc-thumbs/work/build/vlc-arm64/VLC.app/Contents/MacOS/share/lua/http/css/mobile.css

--validated:/Users/cam/Documents/Projects/ultima-iv-web/vlc-thumbs/work/build/vlc-arm64/VLC.app/Contents/MacOS/share/lua/http/css/ui-lightness/images/ui-bg_glass_100_fdf5ce_1x400.png
--prepared:/Users/cam/Documents/Projects/ultima-iv-web/vlc-thumbs/work/build/vlc-arm64/VLC.app/Contents/MacOS/share/lua/http/css/ui-lightness/images/ui-icons_ffffff_256x240.png--validated:/Users/cam/Documents/Projects/ultima-iv-web/vlc-thumbs/work/build/vlc-arm64/VLC.app/Contents/MacOS/share/lua/http/images/buttons.png
--validated:/Users/cam/Documents/Projects/ultima-iv-web/vlc-thumbs/work/build/vlc-arm64/VLC.app/Contents/MacOS/share/lua/http/css/ui-lightness/jquery-ui-1.8.13.custom.css
--prepared:/Users/cam/Documents/Projects/ultima-iv-web/vlc-thumbs/work/build/vlc-arm64/VLC.app/Contents/MacOS/share/lua/http/images/speaker-32.png

--validated:/Users/cam/Documents/Projects/ultima-iv-web/vlc-thumbs/work/build/vlc-arm64/VLC.app/Contents/MacOS/share/lua/http/images/vlc16x16.png
--validated:/Users/cam/Documents/Projects/ultima-iv-web/vlc-thumbs/work/build/vlc-arm64/VLC.app/Contents/MacOS/share/lua/http/css/ui-lightness/images/ui-icons_222222_256x240.png
--validated:/Users/cam/Documents/Projects/ultima-iv-web/vlc-thumbs/work/build/vlc-arm64/VLC.app/Contents/MacOS/share/lua/http/css/ui-lightness/images/ui-icons_ffd27a_256x240.png
--validated:/Users/cam/Documents/Projects/ultima-iv-web/vlc-thumbs/work/build/vlc-arm64/VLC.app/Contents/MacOS/share/lua/http/images/speaker-32.png

--validated:/Users/cam/Documents/Projects/ultima-iv-web/vlc-thumbs/work/build/vlc-arm64/VLC.app/Contents/MacOS/share/lua/http/css/ui-lightness/images/ui-icons_ffffff_256x240.png
--prepared:/Users/cam/Documents/Projects/ultima-iv-web/vlc-thumbs/work/build/vlc-arm64/VLC.app/Contents/MacOS/share/lua/http/images/vlc-48.png
--prepared:/Users/cam/Documents/Projects/ultima-iv-web/vlc-thumbs/work/build/vlc-arm64/VLC.app/Contents/MacOS/share/lua/http/images/Back-48.png
--prepared:/Users/cam/Documents/Projects/ultima-iv-web/vlc-thumbs/work/build/vlc-arm64/VLC.app/Contents/MacOS/share/lua/http/images/Audio-48.png
--validated:/Users/cam/Documents/Projects/ultima-iv-web/vlc-thumbs/work/build/vlc-arm64/VLC.app/Contents/MacOS/share/lua/http/images/vlc-48.png
--validated:/Users/cam/Documents/Projects/ultima-iv-web/vlc-thumbs/work/build/vlc-arm64/VLC.app/Contents/MacOS/share/lua/http/images/Back-48.png
--prepared:/Users/cam/Documents/Projects/ultima-iv-web/vlc-thumbs/work/build/vlc-arm64/VLC.app/Contents/MacOS/share/lua/http/js/controllers.js
--prepared:/Users/cam/Documents/Projects/ultima-iv-web/vlc-thumbs/work/build/vlc-arm64/VLC.app/Contents/MacOS/share/lua/http/js/common.js--prepared:/Users/cam/Documents/Projects/ultima-iv-web/vlc-thumbs/work/build/vlc-arm64/VLC.app/Contents/MacOS/share/lua/http/js/ui.js

--validated:/Users/cam/Documents/Projects/ultima-iv-web/vlc-thumbs/work/build/vlc-arm64/VLC.app/Contents/MacOS/share/lua/http/images/Audio-48.png
--prepared:/Users/cam/Documents/Projects/ultima-iv-web/vlc-thumbs/work/build/vlc-arm64/VLC.app/Contents/MacOS/share/lua/http/js/jquery.jstree.js
--prepared:/Users/cam/Documents/Projects/ultima-iv-web/vlc-thumbs/work/build/vlc-arm64/VLC.app/Contents/MacOS/share/lua/http/images/Folder-48.png
--validated:/Users/cam/Documents/Projects/ultima-iv-web/vlc-thumbs/work/build/vlc-arm64/VLC.app/Contents/MacOS/share/lua/http/js/controllers.js
--prepared:/Users/cam/Documents/Projects/ultima-iv-web/vlc-thumbs/work/build/vlc-arm64/VLC.app/Contents/MacOS/share/lua/http/requests/README.txt
--validated:/Users/cam/Documents/Projects/ultima-iv-web/vlc-thumbs/work/build/vlc-arm64/VLC.app/Contents/MacOS/share/lua/http/js/ui.js
--validated:/Users/cam/Documents/Projects/ultima-iv-web/vlc-thumbs/work/build/vlc-arm64/VLC.app/Contents/MacOS/share/lua/http/js/common.js
--validated:/Users/cam/Documents/Projects/ultima-iv-web/vlc-thumbs/work/build/vlc-arm64/VLC.app/Contents/MacOS/share/lua/http/images/Folder-48.png
--validated:/Users/cam/Documents/Projects/ultima-iv-web/vlc-thumbs/work/build/vlc-arm64/VLC.app/Contents/MacOS/share/lua/http/js/jquery.jstree.js
--prepared:/Users/cam/Documents/Projects/ultima-iv-web/vlc-thumbs/work/build/vlc-arm64/VLC.app/Contents/MacOS/share/lua/http/requests/playlist.xml
--validated:/Users/cam/Documents/Projects/ultima-iv-web/vlc-thumbs/work/build/vlc-arm64/VLC.app/Contents/MacOS/share/lua/http/requests/README.txt
--validated:/Users/cam/Documents/Projects/ultima-iv-web/vlc-thumbs/work/build/vlc-arm64/VLC.app/Contents/MacOS/share/lua/http/requests/playlist.xml
--prepared:/Users/cam/Documents/Projects/ultima-iv-web/vlc-thumbs/work/build/vlc-arm64/VLC.app/Contents/MacOS/share/lua/http/requests/playlist.json
--prepared:/Users/cam/Documents/Projects/ultima-iv-web/vlc-thumbs/work/build/vlc-arm64/VLC.app/Contents/MacOS/share/lua/http/mobile_equalizer.html
--validated:/Users/cam/Documents/Projects/ultima-iv-web/vlc-thumbs/work/build/vlc-arm64/VLC.app/Contents/MacOS/share/lua/http/requests/playlist.json
--validated:/Users/cam/Documents/Projects/ultima-iv-web/vlc-thumbs/work/build/vlc-arm64/VLC.app/Contents/MacOS/share/lua/http/mobile_equalizer.html
--prepared:/Users/cam/Documents/Projects/ultima-iv-web/vlc-thumbs/work/build/vlc-arm64/VLC.app/Contents/MacOS/share/lua/http/requests/vlm.xml
--prepared:/Users/cam/Documents/Projects/ultima-iv-web/vlc-thumbs/work/build/vlc-arm64/VLC.app/Contents/MacOS/share/lua/http/requests/status.xml
--validated:/Users/cam/Documents/Projects/ultima-iv-web/vlc-thumbs/work/build/vlc-arm64/VLC.app/Contents/MacOS/share/lua/http/requests/vlm.xml
--validated:/Users/cam/Documents/Projects/ultima-iv-web/vlc-thumbs/work/build/vlc-arm64/VLC.app/Contents/MacOS/share/lua/http/requests/status.xml
--prepared:/Users/cam/Documents/Projects/ultima-iv-web/vlc-thumbs/work/build/vlc-arm64/VLC.app/Contents/MacOS/share/lua/http/requests/browse.json
--prepared:/Users/cam/Documents/Projects/ultima-iv-web/vlc-thumbs/work/build/vlc-arm64/VLC.app/Contents/MacOS/share/lua/http/mobile_browse.html
--prepared:/Users/cam/Documents/Projects/ultima-iv-web/vlc-thumbs/work/build/vlc-arm64/VLC.app/Contents/MacOS/share/lua/http/requests/playlist_jstree.xml
--prepared:/Users/cam/Documents/Projects/ultima-iv-web/vlc-thumbs/work/build/vlc-arm64/VLC.app/Contents/MacOS/share/lua/http/mobile.html
--validated:/Users/cam/Documents/Projects/ultima-iv-web/vlc-thumbs/work/build/vlc-arm64/VLC.app/Contents/MacOS/share/lua/http/requests/browse.json
--prepared:/Users/cam/Documents/Projects/ultima-iv-web/vlc-thumbs/work/build/vlc-arm64/VLC.app/Contents/MacOS/share/lua/http/requests/browse.xml
--prepared:/Users/cam/Documents/Projects/ultima-iv-web/vlc-thumbs/work/build/vlc-arm64/VLC.app/Contents/MacOS/share/lua/http/requests/status.json--validated:/Users/cam/Documents/Projects/ultima-iv-web/vlc-thumbs/work/build/vlc-arm64/VLC.app/Contents/MacOS/share/lua/http/mobile_browse.html
--validated:/Users/cam/Documents/Projects/ultima-iv-web/vlc-thumbs/work/build/vlc-arm64/VLC.app/Contents/MacOS/share/lua/http/requests/playlist_jstree.xml
--prepared:/Users/cam/Documents/Projects/ultima-iv-web/vlc-thumbs/work/build/vlc-arm64/VLC.app/Contents/MacOS/share/lua/http/mobile_view.html
--validated:/Users/cam/Documents/Projects/ultima-iv-web/vlc-thumbs/work/build/vlc-arm64/VLC.app/Contents/MacOS/share/lua/http/mobile.html
--prepared:/Users/cam/Documents/Projects/ultima-iv-web/vlc-thumbs/work/build/vlc-arm64/VLC.app/Contents/MacOS/share/lua/http/vlm.html
--validated:/Users/cam/Documents/Projects/ultima-iv-web/vlc-thumbs/work/build/vlc-arm64/VLC.app/Contents/MacOS/share/lua/http/requests/browse.xml
--prepared:/Users/cam/Documents/Projects/ultima-iv-web/vlc-thumbs/work/build/vlc-arm64/VLC.app/Contents/MacOS/share/lua/http/requests/vlm_cmd.xml
--validated:/Users/cam/Documents/Projects/ultima-iv-web/vlc-thumbs/work/build/vlc-arm64/VLC.app/Contents/MacOS/share/lua/http/mobile_view.html

--validated:/Users/cam/Documents/Projects/ultima-iv-web/vlc-thumbs/work/build/vlc-arm64/VLC.app/Contents/MacOS/share/lua/http/vlm.html
--validated:/Users/cam/Documents/Projects/ultima-iv-web/vlc-thumbs/work/build/vlc-arm64/VLC.app/Contents/MacOS/share/lua/http/requests/vlm_cmd.xml
--validated:/Users/cam/Documents/Projects/ultima-iv-web/vlc-thumbs/work/build/vlc-arm64/VLC.app/Contents/MacOS/share/lua/http/requests/status.json
--prepared:/Users/cam/Documents/Projects/ultima-iv-web/vlc-thumbs/work/build/vlc-arm64/VLC.app/Contents/MacOS/share/lua/http/view.html
--prepared:/Users/cam/Documents/Projects/ultima-iv-web/vlc-thumbs/work/build/vlc-arm64/VLC.app/Contents/MacOS/share/lua/http/vlm_export.html
--prepared:/Users/cam/Documents/Projects/ultima-iv-web/vlc-thumbs/work/build/vlc-arm64/VLC.app/Contents/MacOS/share/lua/http/dialogs/stream_config_window.html
--prepared:/Users/cam/Documents/Projects/ultima-iv-web/vlc-thumbs/work/build/vlc-arm64/VLC.app/Contents/MacOS/share/lua/http/dialogs/stream_window.html
--prepared:/Users/cam/Documents/Projects/ultima-iv-web/vlc-thumbs/work/build/vlc-arm64/VLC.app/Contents/MacOS/share/lua/http/dialogs/equalizer_window.html
--validated:/Users/cam/Documents/Projects/ultima-iv-web/vlc-thumbs/work/build/vlc-arm64/VLC.app/Contents/MacOS/share/lua/http/view.html
--validated:/Users/cam/Documents/Projects/ultima-iv-web/vlc-thumbs/work/build/vlc-arm64/VLC.app/Contents/MacOS/share/lua/http/dialogs/stream_config_window.html
--validated:/Users/cam/Documents/Projects/ultima-iv-web/vlc-thumbs/work/build/vlc-arm64/VLC.app/Contents/MacOS/share/lua/http/dialogs/equalizer_window.html
--prepared:/Users/cam/Documents/Projects/ultima-iv-web/vlc-thumbs/work/build/vlc-arm64/VLC.app/Contents/MacOS/share/lua/http/dialogs/mosaic_window.html
--validated:/Users/cam/Documents/Projects/ultima-iv-web/vlc-thumbs/work/build/vlc-arm64/VLC.app/Contents/MacOS/share/lua/http/vlm_export.html
--validated:/Users/cam/Documents/Projects/ultima-iv-web/vlc-thumbs/work/build/vlc-arm64/VLC.app/Contents/MacOS/share/lua/http/dialogs/stream_window.html
--prepared:/Users/cam/Documents/Projects/ultima-iv-web/vlc-thumbs/work/build/vlc-arm64/VLC.app/Contents/MacOS/share/lua/http/dialogs/browse_window.html
--prepared:/Users/cam/Documents/Projects/ultima-iv-web/vlc-thumbs/work/build/vlc-arm64/VLC.app/Contents/MacOS/share/lua/http/dialogs/offset_window.html
--validated:/Users/cam/Documents/Projects/ultima-iv-web/vlc-thumbs/work/build/vlc-arm64/VLC.app/Contents/MacOS/share/lua/http/dialogs/mosaic_window.html
--prepared:/Users/cam/Documents/Projects/ultima-iv-web/vlc-thumbs/work/build/vlc-arm64/VLC.app/Contents/MacOS/share/lua/http/dialogs/batch_window.html
--prepared:/Users/cam/Documents/Projects/ultima-iv-web/vlc-thumbs/work/build/vlc-arm64/VLC.app/Contents/MacOS/share/lua/intf/cli.luac
--prepared:/Users/cam/Documents/Projects/ultima-iv-web/vlc-thumbs/work/build/vlc-arm64/VLC.app/Contents/MacOS/share/lua/http/dialogs/error_window.html
--prepared:/Users/cam/Documents/Projects/ultima-iv-web/vlc-thumbs/work/build/vlc-arm64/VLC.app/Contents/MacOS/share/lua/intf/dummy.luac--validated:/Users/cam/Documents/Projects/ultima-iv-web/vlc-thumbs/work/build/vlc-arm64/VLC.app/Contents/MacOS/share/lua/http/dialogs/offset_window.html

--validated:/Users/cam/Documents/Projects/ultima-iv-web/vlc-thumbs/work/build/vlc-arm64/VLC.app/Contents/MacOS/share/lua/http/dialogs/batch_window.html--prepared:/Users/cam/Documents/Projects/ultima-iv-web/vlc-thumbs/work/build/vlc-arm64/VLC.app/Contents/MacOS/share/lua/http/dialogs/create_stream.html
--validated:/Users/cam/Documents/Projects/ultima-iv-web/vlc-thumbs/work/build/vlc-arm64/VLC.app/Contents/MacOS/share/lua/intf/cli.luac
--validated:/Users/cam/Documents/Projects/ultima-iv-web/vlc-thumbs/work/build/vlc-arm64/VLC.app/Contents/MacOS/share/lua/http/dialogs/error_window.html

--validated:/Users/cam/Documents/Projects/ultima-iv-web/vlc-thumbs/work/build/vlc-arm64/VLC.app/Contents/MacOS/share/lua/http/dialogs/browse_window.html
--validated:/Users/cam/Documents/Projects/ultima-iv-web/vlc-thumbs/work/build/vlc-arm64/VLC.app/Contents/MacOS/share/lua/http/dialogs/create_stream.html
--validated:/Users/cam/Documents/Projects/ultima-iv-web/vlc-thumbs/work/build/vlc-arm64/VLC.app/Contents/MacOS/share/lua/intf/dummy.luac
--prepared:/Users/cam/Documents/Projects/ultima-iv-web/vlc-thumbs/work/build/vlc-arm64/VLC.app/Contents/MacOS/share/lua/intf/luac.luac
--validated:/Users/cam/Documents/Projects/ultima-iv-web/vlc-thumbs/work/build/vlc-arm64/VLC.app/Contents/MacOS/share/lua/intf/luac.luac
--prepared:/Users/cam/Documents/Projects/ultima-iv-web/vlc-thumbs/work/build/vlc-arm64/VLC.app/Contents/MacOS/share/lua/intf/http.luac
--prepared:/Users/cam/Documents/Projects/ultima-iv-web/vlc-thumbs/work/build/vlc-arm64/VLC.app/Contents/MacOS/share/lua/intf/telnet.luac
--validated:/Users/cam/Documents/Projects/ultima-iv-web/vlc-thumbs/work/build/vlc-arm64/VLC.app/Contents/MacOS/share/lua/intf/http.luac
--validated:/Users/cam/Documents/Projects/ultima-iv-web/vlc-thumbs/work/build/vlc-arm64/VLC.app/Contents/MacOS/share/lua/intf/telnet.luac
--prepared:/Users/cam/Documents/Projects/ultima-iv-web/vlc-thumbs/work/build/vlc-arm64/VLC.app/Contents/MacOS/share/lua/intf/modules/httprequests.luac
--prepared:/Users/cam/Documents/Projects/ultima-iv-web/vlc-thumbs/work/build/vlc-arm64/VLC.app/Contents/MacOS/share/lua/intf/dumpmeta.luac
--prepared:/Users/cam/Documents/Projects/ultima-iv-web/vlc-thumbs/work/build/vlc-arm64/VLC.app/Contents/MacOS/share/lua/intf/modules/host.luac
--prepared:/Users/cam/Documents/Projects/ultima-iv-web/vlc-thumbs/work/build/vlc-arm64/VLC.app/Contents/MacOS/share/lua/modules/common.luac
--validated:/Users/cam/Documents/Projects/ultima-iv-web/vlc-thumbs/work/build/vlc-arm64/VLC.app/Contents/MacOS/share/lua/intf/modules/httprequests.luac
--prepared:/Users/cam/Documents/Projects/ultima-iv-web/vlc-thumbs/work/build/vlc-arm64/VLC.app/Contents/MacOS/share/lua/modules/simplexml.luac
--prepared:/Users/cam/Documents/Projects/ultima-iv-web/vlc-thumbs/work/build/vlc-arm64/VLC.app/Contents/MacOS/share/lua/modules/dkjson.luac
--validated:/Users/cam/Documents/Projects/ultima-iv-web/vlc-thumbs/work/build/vlc-arm64/VLC.app/Contents/MacOS/share/lua/intf/modules/host.luac
--validated:/Users/cam/Documents/Projects/ultima-iv-web/vlc-thumbs/work/build/vlc-arm64/VLC.app/Contents/MacOS/share/lua/intf/dumpmeta.luac
--prepared:/Users/cam/Documents/Projects/ultima-iv-web/vlc-thumbs/work/build/vlc-arm64/VLC.app/Contents/MacOS/share/lua/modules/sandbox.luac
--validated:/Users/cam/Documents/Projects/ultima-iv-web/vlc-thumbs/work/build/vlc-arm64/VLC.app/Contents/MacOS/share/lua/modules/dkjson.luac
--validated:/Users/cam/Documents/Projects/ultima-iv-web/vlc-thumbs/work/build/vlc-arm64/VLC.app/Contents/MacOS/share/lua/modules/simplexml.luac
--validated:/Users/cam/Documents/Projects/ultima-iv-web/vlc-thumbs/work/build/vlc-arm64/VLC.app/Contents/MacOS/share/lua/modules/common.luac
--validated:/Users/cam/Documents/Projects/ultima-iv-web/vlc-thumbs/work/build/vlc-arm64/VLC.app/Contents/MacOS/share/lua/modules/sandbox.luac
--prepared:/Users/cam/Documents/Projects/ultima-iv-web/vlc-thumbs/work/build/vlc-arm64/VLC.app/Contents/MacOS/share/hrtfs/dodeca_and_7channel_3DSL_HRTF.sofa
--validated:/Users/cam/Documents/Projects/ultima-iv-web/vlc-thumbs/work/build/vlc-arm64/VLC.app/Contents/MacOS/share/hrtfs/dodeca_and_7channel_3DSL_HRTF.sofa
VLC.app: valid on disk
VLC.app: satisfies its Designated Requirement
[[1;32mcodesign[0m] Validation complete
~/Documents/Projects/ultima-iv-web/vlc-thumbs/work/build
