[\033[1;32mbuild\033[0m] Building VLC for macOS for architecture arm64 on a aarch64 device
[\033[1;32mbuild\033[0m] Building in "/Users/cam/Documents/Projects/ultima-iv-web/vlc-thumbs/work/build"
[\033[1;32mbuild\033[0m] Building with minimum macOS version 10.7 and SDK 27.0 at /Applications/Xcode.app/Contents/Developer/Platforms/MacOSX.platform/Developer/SDKs/MacOSX.sdk using Xcode 27.0
Build version 27A266a
[\033[1;32mbuild\033[0m] Building building tools
You are ready to build VLC and its contribs
[\033[1;32mbuild\033[0m] Building contribs
Packages licensing...    GPL version 3
Creating makefile...
Bootstrap completed.
Run "make" to start compilation.

Other targets:
 * make install      same as "make"
 * make prebuilt     fetch and install prebuilt binaries
 * make list         list packages
 * make fetch        fetch required source tarballs
 * make fetch-all    fetch all source tarballs
 * make distclean    clean everything and undo bootstrap
 * make mostlyclean  clean everything except source tarballs
 * make clean        clean everything
 * make package      prepare prebuilt packages
 * make help         show this text
All packages:
  SDL_image a52 alloweduwp amf aom aribb24 aribb25 asdcplib ass
  bluray bpg breakpad caca cddb chromaprint crystalhd d3d11 d3d9
  daala dav1d dca dvbpsi dvdcss dvdnav dvdread dxva dxva_x86 dxvahd
  ebml faad2 ffi ffmpeg flac fluid fluidlite fontconfig freetype2
  fribidi gcrypt gettext glew glib gme gmp gnutls goom gpg-error
  growl gsm harfbuzz iconv jack jpeg kate lame libarchive libdsm
  libmpeg2 libplacebo librist libtasn1 libxml2 live555 lua luac mad
  matroska mft10 microdns mingw11-fixes mingw12-fixes mingw64 modplug
  mpcdec mpg123 mysofa ncurses nettle nfs ogg openapv openjpeg opus
  png postproc projectM protobuf qt qtsvg regex samplerate sdl shout
  sidplay2 smb2 soxr sparkle spatialaudio speex speexdsp srt ssh2
  taglib theora tiger tremor twolame upnp utfcpp vncclient vorbis
  vpl vpx winpthreads wix wixlzx x262 x264 x26410b x265 xau xcb
  xcb-proto xorg-macros xproto zlib zvbi
Distribution-provided packages:
   aom aribb24 asdcplib cddb chromaprint dav1d dca dvbpsi dvdcss
   dvdnav dvdread ebml faad2 ffmpeg flac fribidi gcrypt gmp gnutls
   goom gpg-error iconv kate libarchive libmpeg2 libplacebo librist
   libxml2 live555 mad matroska modplug mpg123 mysofa ncurses nettle
   nfs ogg opus png postproc protobuf regex samplerate shout sidplay2
   spatialaudio speex speexdsp srt ssh2 taglib theora twolame upnp
   vorbis vpx x264 x26410b x265 zlib zvbi
Automatically selected packages:
  a52 ass bluray fontconfig freetype2 gettext gme harfbuzz lua luac
  mpcdec vncclient
Manually deselected packages:
Manually selected packages:
Depended-on packages:
  jpeg
To-be-built packages:
  a52 ass bluray fontconfig freetype2 gettext gme harfbuzz jpeg lua
  luac mpcdec vncclient
make: Nothing to be done for `fetch'.
rm -rf freetype/build
CC="/Applications/Xcode.app/Contents/Developer/Toolchains/XcodeDefault.xctoolchain/usr/bin/clang" CXX="/Applications/Xcode.app/Contents/Developer/Toolchains/XcodeDefault.xctoolchain/usr/bin/clang++" OBJC="/Applications/Xcode.app/Contents/Developer/Toolchains/XcodeDefault.xctoolchain/usr/bin/clang" OBJCXX="/Applications/Xcode.app/Contents/Developer/Toolchains/XcodeDefault.xctoolchain/usr/bin/clang++" LD="ld" AR="/Applications/Xcode.app/Contents/Developer/Toolchains/XcodeDefault.xctoolchain/usr/bin/ar" CCAS="/Applications/Xcode.app/Contents/Developer/Toolchains/XcodeDefault.xctoolchain/usr/bin/clang -c" RANLIB="/Applications/Xcode.app/Contents/Developer/Toolchains/XcodeDefault.xctoolchain/usr/bin/ranlib" STRIP="/Applications/Xcode.app/Contents/Developer/Toolchains/XcodeDefault.xctoolchain/usr/bin/strip" PATH="/Users/cam/Documents/Projects/ultima-iv-web/vlc-thumbs/work/build/vlc-source/contrib/aarch64-apple-darwin27/bin:/Users/cam/Documents/Projects/ultima-iv-web/vlc-thumbs/work/build/vlc-source/extras/tools/build/bin:/Users/cam/Documents/Projects/ultima-iv-web/vlc-thumbs/work/build/vlc-source/extras/tools/build/bin:/Users/cam/Documents/Projects/ultima-iv-web/vlc-thumbs/work/build/vlc-source/contrib/aarch64-apple-darwin27/bin::/usr/local/bin:/bin:/sbin:/usr/bin:/usr/sbin" PKG_CONFIG="pkg-config" meson setup freetype/build freetype --default-library static --prefix "/Users/cam/Documents/Projects/ultima-iv-web/vlc-thumbs/work/build/vlc-source/contrib/aarch64-apple-darwin27" --backend ninja -Dlibdir=lib --buildtype debugoptimized -Dc_args="-Werror=partial-availability -isysroot /Applications/Xcode.app/Contents/Developer/Platforms/MacOSX.platform/Developer/SDKs/MacOSX.sdk -mmacosx-version-min=10.7 -DMACOSX_DEPLOYMENT_TARGET=10.7 -arch arm64 -I/Users/cam/Documents/Projects/ultima-iv-web/vlc-thumbs/work/build/vlc-source/contrib/aarch64-apple-darwin27/include -g -O2" -Dc_link_args=" -L/Users/cam/Documents/Projects/ultima-iv-web/vlc-thumbs/work/build/vlc-source/contrib/aarch64-apple-darwin27/lib -Wl,-syslibroot,/Applications/Xcode.app/Contents/Developer/Platforms/MacOSX.platform/Developer/SDKs/MacOSX.sdk -mmacosx-version-min=10.7 -isysroot /Applications/Xcode.app/Contents/Developer/Platforms/MacOSX.platform/Developer/SDKs/MacOSX.sdk -DMACOSX_DEPLOYMENT_TARGET=10.7 -arch arm64" -Dcpp_args="-Werror=partial-availability -isysroot /Applications/Xcode.app/Contents/Developer/Platforms/MacOSX.platform/Developer/SDKs/MacOSX.sdk -mmacosx-version-min=10.7 -DMACOSX_DEPLOYMENT_TARGET=10.7 -arch arm64 -I/Users/cam/Documents/Projects/ultima-iv-web/vlc-thumbs/work/build/vlc-source/contrib/aarch64-apple-darwin27/include -stdlib=libc++ -g -O2" -Dcpp_link_args=" -L/Users/cam/Documents/Projects/ultima-iv-web/vlc-thumbs/work/build/vlc-source/contrib/aarch64-apple-darwin27/lib -Wl,-syslibroot,/Applications/Xcode.app/Contents/Developer/Platforms/MacOSX.platform/Developer/SDKs/MacOSX.sdk -mmacosx-version-min=10.7 -isysroot /Applications/Xcode.app/Contents/Developer/Platforms/MacOSX.platform/Developer/SDKs/MacOSX.sdk -DMACOSX_DEPLOYMENT_TARGET=10.7 -arch arm64" -Dobjc_args="-Werror=partial-availability -isysroot /Applications/Xcode.app/Contents/Developer/Platforms/MacOSX.platform/Developer/SDKs/MacOSX.sdk -mmacosx-version-min=10.7 -DMACOSX_DEPLOYMENT_TARGET=10.7 -arch arm64 -I/Users/cam/Documents/Projects/ultima-iv-web/vlc-thumbs/work/build/vlc-source/contrib/aarch64-apple-darwin27/include -g -O2" -Dobjc_link_args=" -L/Users/cam/Documents/Projects/ultima-iv-web/vlc-thumbs/work/build/vlc-source/contrib/aarch64-apple-darwin27/lib -Wl,-syslibroot,/Applications/Xcode.app/Contents/Developer/Platforms/MacOSX.platform/Developer/SDKs/MacOSX.sdk -mmacosx-version-min=10.7 -isysroot /Applications/Xcode.app/Contents/Developer/Platforms/MacOSX.platform/Developer/SDKs/MacOSX.sdk -DMACOSX_DEPLOYMENT_TARGET=10.7 -arch arm64" -Dobjcpp_args="-Werror=partial-availability -isysroot /Applications/Xcode.app/Contents/Developer/Platforms/MacOSX.platform/Developer/SDKs/MacOSX.sdk -mmacosx-version-min=10.7 -DMACOSX_DEPLOYMENT_TARGET=10.7 -arch arm64 -I/Users/cam/Documents/Projects/ultima-iv-web/vlc-thumbs/work/build/vlc-source/contrib/aarch64-apple-darwin27/include -stdlib=libc++ -g -O2" -Dobjcpp_link_args=" -L/Users/cam/Documents/Projects/ultima-iv-web/vlc-thumbs/work/build/vlc-source/contrib/aarch64-apple-darwin27/lib -Wl,-syslibroot,/Applications/Xcode.app/Contents/Developer/Platforms/MacOSX.platform/Developer/SDKs/MacOSX.sdk -mmacosx-version-min=10.7 -isysroot /Applications/Xcode.app/Contents/Developer/Platforms/MacOSX.platform/Developer/SDKs/MacOSX.sdk -DMACOSX_DEPLOYMENT_TARGET=10.7 -arch arm64" -Dpng=disabled -Dbzip2=disabled -Dharfbuzz=disabled -Dbrotli=disabled
The Meson build system
Version: 1.10.0
Source dir: /Users/cam/Documents/Projects/ultima-iv-web/vlc-thumbs/work/build/vlc-source/contrib/contrib-aarch64-apple-darwin27/freetype
Build dir: /Users/cam/Documents/Projects/ultima-iv-web/vlc-thumbs/work/build/vlc-source/contrib/contrib-aarch64-apple-darwin27/freetype/build
Build type: native build
Project name: freetype2
Project version: 2.14.3
C compiler for the host machine: /Applications/Xcode.app/Contents/Developer/Toolchains/XcodeDefault.xctoolchain/usr/bin/clang (clang 21.0.0 "Apple clang version 21.0.0 (clang-2100.3.34.2)")
C linker for the host machine: /Applications/Xcode.app/Contents/Developer/Toolchains/XcodeDefault.xctoolchain/usr/bin/clang ld64 27037.1
Host machine cpu family: aarch64
Host machine cpu: aarch64
Program python3 found: YES (/Users/cam/Documents/Projects/ultima-iv-web/vlc-thumbs/work/build/vlc-source/extras/tools/build/bin/python3)
Has header "unistd.h" : YES 
Has header "fcntl.h" : YES 
Has header "sys/mman.h" : YES 
Found pkg-config: YES (/usr/local/bin/pkg-config) 2.5.1
Run-time dependency zlib found: YES 1.3.2
Dependency zlib found: YES 1.3.2 (cached)
Dependency bzip2 skipped: feature bzip2 disabled
Library bz2 skipped: feature bzip2 disabled
Dependency libpng skipped: feature png disabled
Dependency libbrotlidec skipped: feature brotli disabled
Found pkg-config: YES (/usr/local/bin/pkg-config) 2.5.1
Build targets in project: 5

freetype2 2.14.3

  Operating System
    OS              : darwin

  Used Libraries
    Zlib            : system
    Bzip2           : NO
    Png             : NO
    HarfBuzz        : NO
    Brotli          : NO

  User defined options
    backend         : ninja
    brotli          : disabled
    buildtype       : debugoptimized
    bzip2           : disabled
    c_args          : -Werror=partial-availability -isysroot /Applications/Xcode.app/Contents/Developer/Platforms/MacOSX.platform/Developer/SDKs/MacOSX.sdk -mmacosx-version-min=10.7 -DMACOSX_DEPLOYMENT_TARGET=10.7 -arch arm64 -I/Users/cam/Documents/Projects/ultima-iv-web/vlc-thumbs/work/build/vlc-source/contrib/aarch64-apple-darwin27/include -g -O2
    c_link_args     :  -L/Users/cam/Documents/Projects/ultima-iv-web/vlc-thumbs/work/build/vlc-source/contrib/aarch64-apple-darwin27/lib -Wl,-syslibroot,/Applications/Xcode.app/Contents/Developer/Platforms/MacOSX.platform/Developer/SDKs/MacOSX.sdk -mmacosx-version-min=10.7 -isysroot /Applications/Xcode.app/Contents/Developer/Platforms/MacOSX.platform/Developer/SDKs/MacOSX.sdk -DMACOSX_DEPLOYMENT_TARGET=10.7 -arch arm64
    cpp_args        : -Werror=partial-availability -isysroot /Applications/Xcode.app/Contents/Developer/Platforms/MacOSX.platform/Developer/SDKs/MacOSX.sdk -mmacosx-version-min=10.7 -DMACOSX_DEPLOYMENT_TARGET=10.7 -arch arm64 -I/Users/cam/Documents/Projects/ultima-iv-web/vlc-thumbs/work/build/vlc-source/contrib/aarch64-apple-darwin27/include -stdlib=libc++ -g -O2
    cpp_link_args   :  -L/Users/cam/Documents/Projects/ultima-iv-web/vlc-thumbs/work/build/vlc-source/contrib/aarch64-apple-darwin27/lib -Wl,-syslibroot,/Applications/Xcode.app/Contents/Developer/Platforms/MacOSX.platform/Developer/SDKs/MacOSX.sdk -mmacosx-version-min=10.7 -isysroot /Applications/Xcode.app/Contents/Developer/Platforms/MacOSX.platform/Developer/SDKs/MacOSX.sdk -DMACOSX_DEPLOYMENT_TARGET=10.7 -arch arm64
    default_library : static
    harfbuzz        : disabled
    libdir          : lib
    objc_args       : -Werror=partial-availability -isysroot /Applications/Xcode.app/Contents/Developer/Platforms/MacOSX.platform/Developer/SDKs/MacOSX.sdk -mmacosx-version-min=10.7 -DMACOSX_DEPLOYMENT_TARGET=10.7 -arch arm64 -I/Users/cam/Documents/Projects/ultima-iv-web/vlc-thumbs/work/build/vlc-source/contrib/aarch64-apple-darwin27/include -g -O2
    objc_link_args  :  -L/Users/cam/Documents/Projects/ultima-iv-web/vlc-thumbs/work/build/vlc-source/contrib/aarch64-apple-darwin27/lib -Wl,-syslibroot,/Applications/Xcode.app/Contents/Developer/Platforms/MacOSX.platform/Developer/SDKs/MacOSX.sdk -mmacosx-version-min=10.7 -isysroot /Applications/Xcode.app/Contents/Developer/Platforms/MacOSX.platform/Developer/SDKs/MacOSX.sdk -DMACOSX_DEPLOYMENT_TARGET=10.7 -arch arm64
    objcpp_args     : -Werror=partial-availability -isysroot /Applications/Xcode.app/Contents/Developer/Platforms/MacOSX.platform/Developer/SDKs/MacOSX.sdk -mmacosx-version-min=10.7 -DMACOSX_DEPLOYMENT_TARGET=10.7 -arch arm64 -I/Users/cam/Documents/Projects/ultima-iv-web/vlc-thumbs/work/build/vlc-source/contrib/aarch64-apple-darwin27/include -stdlib=libc++ -g -O2
    objcpp_link_args:  -L/Users/cam/Documents/Projects/ultima-iv-web/vlc-thumbs/work/build/vlc-source/contrib/aarch64-apple-darwin27/lib -Wl,-syslibroot,/Applications/Xcode.app/Contents/Developer/Platforms/MacOSX.platform/Developer/SDKs/MacOSX.sdk -mmacosx-version-min=10.7 -isysroot /Applications/Xcode.app/Contents/Developer/Platforms/MacOSX.platform/Developer/SDKs/MacOSX.sdk -DMACOSX_DEPLOYMENT_TARGET=10.7 -arch arm64
    png             : disabled
    prefix          : /Users/cam/Documents/Projects/ultima-iv-web/vlc-thumbs/work/build/vlc-source/contrib/aarch64-apple-darwin27

Found ninja-1.13.2.git.kitware.jobserver-pipe-1 at /Users/cam/Documents/Projects/ultima-iv-web/vlc-thumbs/work/build/vlc-source/extras/tools/build/bin/ninja
meson compile -C freetype/build   && meson install -C freetype/build
ninja: Entering directory `/Users/cam/Documents/Projects/ultima-iv-web/vlc-thumbs/work/build/vlc-source/contrib/contrib-aarch64-apple-darwin27/freetype/build'
[1/45] Generating ftmodule.h with a custom command
[2/45] Generating ftoption.h with a custom command
[3/45] Generating ftconfig.h with a custom command
[4/45] Compiling C object libfreetype.a.p/src_base_ftinit.c.o
[5/45] Compiling C object libfreetype.a.p/src_type1_type1.c.o
[6/45] Compiling C object libfreetype.a.p/src_cff_cff.c.o
[7/45] Compiling C object libfreetype.a.p/src_cid_type1cid.c.o
[8/45] Compiling C object libfreetype.a.p/src_base_ftbase.c.o
[9/45] Compiling C object libfreetype.a.p/src_type42_type42.c.o
[10/45] Compiling C object libfreetype.a.p/src_pfr_pfr.c.o
[11/45] Compiling C object libfreetype.a.p/src_winfonts_winfnt.c.o
[12/45] Compiling C object libfreetype.a.p/src_pcf_pcf.c.o
[13/45] Compiling C object libfreetype.a.p/src_truetype_truetype.c.o
[14/45] Compiling C object libfreetype.a.p/src_bdf_bdf.c.o
[15/45] Compiling C object libfreetype.a.p/src_smooth_smooth.c.o
[16/45] Compiling C object libfreetype.a.p/src_pshinter_pshinter.c.o
[17/45] Compiling C object libfreetype.a.p/src_raster_raster.c.o
[18/45] Compiling C object libfreetype.a.p/src_svg_svg.c.o
[19/45] Compiling C object libfreetype.a.p/src_cache_ftcache.c.o
[20/45] Compiling C object libfreetype.a.p/src_sdf_sdf.c.o
[21/45] Compiling C object libfreetype.a.p/src_gzip_ftgzip.c.o
In file included from ../src/gzip/ftgzip.c:45:
In file included from /Users/cam/Documents/Projects/ultima-iv-web/vlc-thumbs/work/build/vlc-source/contrib/aarch64-apple-darwin27/include/zlib.h:37:
/Users/cam/Documents/Projects/ultima-iv-web/vlc-thumbs/work/build/vlc-source/contrib/aarch64-apple-darwin27/include/zconf.h:13:9: warning: 'HAVE_UNISTD_H' macro redefined [-Wmacro-redefined]
   13 | #define HAVE_UNISTD_H 1
      |         ^
./ftconfig.h:42:9: note: previous definition is here
   42 | #define HAVE_UNISTD_H
      |         ^
1 warning generated.
[22/45] Compiling C object libfreetype.a.p/src_sfnt_sfnt.c.o
[23/45] Compiling C object libfreetype.a.p/src_autofit_autofit.c.o
[24/45] Compiling C object libfreetype.a.p/src_lzw_ftlzw.c.o
[25/45] Compiling C object libfreetype.a.p/src_base_ftbdf.c.o
[26/45] Compiling C object libfreetype.a.p/src_base_ftbbox.c.o
[27/45] Compiling C object libfreetype.a.p/src_psnames_psnames.c.o
[28/45] Compiling C object libfreetype.a.p/src_base_ftcid.c.o
[29/45] Compiling C object libfreetype.a.p/src_base_ftfstype.c.o
[30/45] Compiling C object libfreetype.a.p/src_base_ftgasp.c.o
[31/45] Compiling C object libfreetype.a.p/src_base_ftbitmap.c.o
[32/45] Compiling C object libfreetype.a.p/src_base_ftglyph.c.o
[33/45] Compiling C object libfreetype.a.p/src_base_ftgxval.c.o
[34/45] Compiling C object libfreetype.a.p/src_base_ftmm.c.o
[35/45] Compiling C object libfreetype.a.p/src_base_ftotval.c.o
[36/45] Compiling C object libfreetype.a.p/src_base_ftpatent.c.o
[37/45] Compiling C object libfreetype.a.p/src_base_ftpfr.c.o
[38/45] Compiling C object libfreetype.a.p/src_base_ftsynth.c.o
[39/45] Compiling C object libfreetype.a.p/src_base_fttype1.c.o
[40/45] Compiling C object libfreetype.a.p/src_base_ftwinfnt.c.o
[41/45] Compiling C object libfreetype.a.p/src_base_ftdebug.c.o
[42/45] Compiling C object libfreetype.a.p/src_base_ftstroke.c.o
[43/45] Compiling C object libfreetype.a.p/builds_unix_ftsystem.c.o
[44/45] Compiling C object libfreetype.a.p/src_psaux_psaux.c.o
[45/45] Linking static target libfreetype.a
INFO: autodetecting backend as ninja
INFO: calculating backend command to run: /Users/cam/Documents/Projects/ultima-iv-web/vlc-thumbs/work/build/vlc-source/extras/tools/build/bin/ninja -C /Users/cam/Documents/Projects/ultima-iv-web/vlc-thumbs/work/build/vlc-source/contrib/contrib-aarch64-apple-darwin27/freetype/build
ninja: Entering directory `/Users/cam/Documents/Projects/ultima-iv-web/vlc-thumbs/work/build/vlc-source/contrib/contrib-aarch64-apple-darwin27/freetype/build'
ninja: no work to do.
Installing ftmodule.h to /Users/cam/Documents/Projects/ultima-iv-web/vlc-thumbs/work/build/vlc-source/contrib/aarch64-apple-darwin27/include/freetype2/freetype/config
Installing ftoption.h to /Users/cam/Documents/Projects/ultima-iv-web/vlc-thumbs/work/build/vlc-source/contrib/aarch64-apple-darwin27/include/freetype2/freetype/config
Installing ftconfig.h to /Users/cam/Documents/Projects/ultima-iv-web/vlc-thumbs/work/build/vlc-source/contrib/aarch64-apple-darwin27/include/freetype2/freetype/config
Installing libfreetype.a to /Users/cam/Documents/Projects/ultima-iv-web/vlc-thumbs/work/build/vlc-source/contrib/aarch64-apple-darwin27/lib
Installing /Users/cam/Documents/Projects/ultima-iv-web/vlc-thumbs/work/build/vlc-source/contrib/contrib-aarch64-apple-darwin27/freetype/include/ft2build.h to /Users/cam/Documents/Projects/ultima-iv-web/vlc-thumbs/work/build/vlc-source/contrib/aarch64-apple-darwin27/include/freetype2
Installing /Users/cam/Documents/Projects/ultima-iv-web/vlc-thumbs/work/build/vlc-source/contrib/contrib-aarch64-apple-darwin27/freetype/include/freetype/freetype.h to /Users/cam/Documents/Projects/ultima-iv-web/vlc-thumbs/work/build/vlc-source/contrib/aarch64-apple-darwin27/include/freetype2/freetype
Installing /Users/cam/Documents/Projects/ultima-iv-web/vlc-thumbs/work/build/vlc-source/contrib/contrib-aarch64-apple-darwin27/freetype/include/freetype/ftadvanc.h to /Users/cam/Documents/Projects/ultima-iv-web/vlc-thumbs/work/build/vlc-source/contrib/aarch64-apple-darwin27/include/freetype2/freetype
Installing /Users/cam/Documents/Projects/ultima-iv-web/vlc-thumbs/work/build/vlc-source/contrib/contrib-aarch64-apple-darwin27/freetype/include/freetype/ftbbox.h to /Users/cam/Documents/Projects/ultima-iv-web/vlc-thumbs/work/build/vlc-source/contrib/aarch64-apple-darwin27/include/freetype2/freetype
Installing /Users/cam/Documents/Projects/ultima-iv-web/vlc-thumbs/work/build/vlc-source/contrib/contrib-aarch64-apple-darwin27/freetype/include/freetype/ftbdf.h to /Users/cam/Documents/Projects/ultima-iv-web/vlc-thumbs/work/build/vlc-source/contrib/aarch64-apple-darwin27/include/freetype2/freetype
Installing /Users/cam/Documents/Projects/ultima-iv-web/vlc-thumbs/work/build/vlc-source/contrib/contrib-aarch64-apple-darwin27/freetype/include/freetype/ftbitmap.h to /Users/cam/Documents/Projects/ultima-iv-web/vlc-thumbs/work/build/vlc-source/contrib/aarch64-apple-darwin27/include/freetype2/freetype
Installing /Users/cam/Documents/Projects/ultima-iv-web/vlc-thumbs/work/build/vlc-source/contrib/contrib-aarch64-apple-darwin27/freetype/include/freetype/ftbzip2.h to /Users/cam/Documents/Projects/ultima-iv-web/vlc-thumbs/work/build/vlc-source/contrib/aarch64-apple-darwin27/include/freetype2/freetype
Installing /Users/cam/Documents/Projects/ultima-iv-web/vlc-thumbs/work/build/vlc-source/contrib/contrib-aarch64-apple-darwin27/freetype/include/freetype/ftcache.h to /Users/cam/Documents/Projects/ultima-iv-web/vlc-thumbs/work/build/vlc-source/contrib/aarch64-apple-darwin27/include/freetype2/freetype
Installing /Users/cam/Documents/Projects/ultima-iv-web/vlc-thumbs/work/build/vlc-source/contrib/contrib-aarch64-apple-darwin27/freetype/include/freetype/ftchapters.h to /Users/cam/Documents/Projects/ultima-iv-web/vlc-thumbs/work/build/vlc-source/contrib/aarch64-apple-darwin27/include/freetype2/freetype
Installing /Users/cam/Documents/Projects/ultima-iv-web/vlc-thumbs/work/build/vlc-source/contrib/contrib-aarch64-apple-darwin27/freetype/include/freetype/ftcid.h to /Users/cam/Documents/Projects/ultima-iv-web/vlc-thumbs/work/build/vlc-source/contrib/aarch64-apple-darwin27/include/freetype2/freetype
Installing /Users/cam/Documents/Projects/ultima-iv-web/vlc-thumbs/work/build/vlc-source/contrib/contrib-aarch64-apple-darwin27/freetype/include/freetype/ftcolor.h to /Users/cam/Documents/Projects/ultima-iv-web/vlc-thumbs/work/build/vlc-source/contrib/aarch64-apple-darwin27/include/freetype2/freetype
Installing /Users/cam/Documents/Projects/ultima-iv-web/vlc-thumbs/work/build/vlc-source/contrib/contrib-aarch64-apple-darwin27/freetype/include/freetype/ftdriver.h to /Users/cam/Documents/Projects/ultima-iv-web/vlc-thumbs/work/build/vlc-source/contrib/aarch64-apple-darwin27/include/freetype2/freetype
Installing /Users/cam/Documents/Projects/ultima-iv-web/vlc-thumbs/work/build/vlc-source/contrib/contrib-aarch64-apple-darwin27/freetype/include/freetype/fterrdef.h to /Users/cam/Documents/Projects/ultima-iv-web/vlc-thumbs/work/build/vlc-source/contrib/aarch64-apple-darwin27/include/freetype2/freetype
Installing /Users/cam/Documents/Projects/ultima-iv-web/vlc-thumbs/work/build/vlc-source/contrib/contrib-aarch64-apple-darwin27/freetype/include/freetype/fterrors.h to /Users/cam/Documents/Projects/ultima-iv-web/vlc-thumbs/work/build/vlc-source/contrib/aarch64-apple-darwin27/include/freetype2/freetype
Installing /Users/cam/Documents/Projects/ultima-iv-web/vlc-thumbs/work/build/vlc-source/contrib/contrib-aarch64-apple-darwin27/freetype/include/freetype/ftfntfmt.h to /Users/cam/Documents/Projects/ultima-iv-web/vlc-thumbs/work/build/vlc-source/contrib/aarch64-apple-darwin27/include/freetype2/freetype
Installing /Users/cam/Documents/Projects/ultima-iv-web/vlc-thumbs/work/build/vlc-source/contrib/contrib-aarch64-apple-darwin27/freetype/include/freetype/ftgasp.h to /Users/cam/Documents/Projects/ultima-iv-web/vlc-thumbs/work/build/vlc-source/contrib/aarch64-apple-darwin27/include/freetype2/freetype
Installing /Users/cam/Documents/Projects/ultima-iv-web/vlc-thumbs/work/build/vlc-source/contrib/contrib-aarch64-apple-darwin27/freetype/include/freetype/ftglyph.h to /Users/cam/Documents/Projects/ultima-iv-web/vlc-thumbs/work/build/vlc-source/contrib/aarch64-apple-darwin27/include/freetype2/freetype
Installing /Users/cam/Documents/Projects/ultima-iv-web/vlc-thumbs/work/build/vlc-source/contrib/contrib-aarch64-apple-darwin27/freetype/include/freetype/ftgxval.h to /Users/cam/Documents/Projects/ultima-iv-web/vlc-thumbs/work/build/vlc-source/contrib/aarch64-apple-darwin27/include/freetype2/freetype
Installing /Users/cam/Documents/Projects/ultima-iv-web/vlc-thumbs/work/build/vlc-source/contrib/contrib-aarch64-apple-darwin27/freetype/include/freetype/ftgzip.h to /Users/cam/Documents/Projects/ultima-iv-web/vlc-thumbs/work/build/vlc-source/contrib/aarch64-apple-darwin27/include/freetype2/freetype
Installing /Users/cam/Documents/Projects/ultima-iv-web/vlc-thumbs/work/build/vlc-source/contrib/contrib-aarch64-apple-darwin27/freetype/include/freetype/ftimage.h to /Users/cam/Documents/Projects/ultima-iv-web/vlc-thumbs/work/build/vlc-source/contrib/aarch64-apple-darwin27/include/freetype2/freetype
Installing /Users/cam/Documents/Projects/ultima-iv-web/vlc-thumbs/work/build/vlc-source/contrib/contrib-aarch64-apple-darwin27/freetype/include/freetype/ftincrem.h to /Users/cam/Documents/Projects/ultima-iv-web/vlc-thumbs/work/build/vlc-source/contrib/aarch64-apple-darwin27/include/freetype2/freetype
Installing /Users/cam/Documents/Projects/ultima-iv-web/vlc-thumbs/work/build/vlc-source/contrib/contrib-aarch64-apple-darwin27/freetype/include/freetype/ftlcdfil.h to /Users/cam/Documents/Projects/ultima-iv-web/vlc-thumbs/work/build/vlc-source/contrib/aarch64-apple-darwin27/include/freetype2/freetype
Installing /Users/cam/Documents/Projects/ultima-iv-web/vlc-thumbs/work/build/vlc-source/contrib/contrib-aarch64-apple-darwin27/freetype/include/freetype/ftlist.h to /Users/cam/Documents/Projects/ultima-iv-web/vlc-thumbs/work/build/vlc-source/contrib/aarch64-apple-darwin27/include/freetype2/freetype
Installing /Users/cam/Documents/Projects/ultima-iv-web/vlc-thumbs/work/build/vlc-source/contrib/contrib-aarch64-apple-darwin27/freetype/include/freetype/ftlogging.h to /Users/cam/Documents/Projects/ultima-iv-web/vlc-thumbs/work/build/vlc-source/contrib/aarch64-apple-darwin27/include/freetype2/freetype
Installing /Users/cam/Documents/Projects/ultima-iv-web/vlc-thumbs/work/build/vlc-source/contrib/contrib-aarch64-apple-darwin27/freetype/include/freetype/ftlzw.h to /Users/cam/Documents/Projects/ultima-iv-web/vlc-thumbs/work/build/vlc-source/contrib/aarch64-apple-darwin27/include/freetype2/freetype
Installing /Users/cam/Documents/Projects/ultima-iv-web/vlc-thumbs/work/build/vlc-source/contrib/contrib-aarch64-apple-darwin27/freetype/include/freetype/ftmac.h to /Users/cam/Documents/Projects/ultima-iv-web/vlc-thumbs/work/build/vlc-source/contrib/aarch64-apple-darwin27/include/freetype2/freetype
Installing /Users/cam/Documents/Projects/ultima-iv-web/vlc-thumbs/work/build/vlc-source/contrib/contrib-aarch64-apple-darwin27/freetype/include/freetype/ftmm.h to /Users/cam/Documents/Projects/ultima-iv-web/vlc-thumbs/work/build/vlc-source/contrib/aarch64-apple-darwin27/include/freetype2/freetype
Installing /Users/cam/Documents/Projects/ultima-iv-web/vlc-thumbs/work/build/vlc-source/contrib/contrib-aarch64-apple-darwin27/freetype/include/freetype/ftmodapi.h to /Users/cam/Documents/Projects/ultima-iv-web/vlc-thumbs/work/build/vlc-source/contrib/aarch64-apple-darwin27/include/freetype2/freetype
Installing /Users/cam/Documents/Projects/ultima-iv-web/vlc-thumbs/work/build/vlc-source/contrib/contrib-aarch64-apple-darwin27/freetype/include/freetype/ftmoderr.h to /Users/cam/Documents/Projects/ultima-iv-web/vlc-thumbs/work/build/vlc-source/contrib/aarch64-apple-darwin27/include/freetype2/freetype
Installing /Users/cam/Documents/Projects/ultima-iv-web/vlc-thumbs/work/build/vlc-source/contrib/contrib-aarch64-apple-darwin27/freetype/include/freetype/ftotval.h to /Users/cam/Documents/Projects/ultima-iv-web/vlc-thumbs/work/build/vlc-source/contrib/aarch64-apple-darwin27/include/freetype2/freetype
Installing /Users/cam/Documents/Projects/ultima-iv-web/vlc-thumbs/work/build/vlc-source/contrib/contrib-aarch64-apple-darwin27/freetype/include/freetype/ftoutln.h to /Users/cam/Documents/Projects/ultima-iv-web/vlc-thumbs/work/build/vlc-source/contrib/aarch64-apple-darwin27/include/freetype2/freetype
Installing /Users/cam/Documents/Projects/ultima-iv-web/vlc-thumbs/work/build/vlc-source/contrib/contrib-aarch64-apple-darwin27/freetype/include/freetype/ftparams.h to /Users/cam/Documents/Projects/ultima-iv-web/vlc-thumbs/work/build/vlc-source/contrib/aarch64-apple-darwin27/include/freetype2/freetype
Installing /Users/cam/Documents/Projects/ultima-iv-web/vlc-thumbs/work/build/vlc-source/contrib/contrib-aarch64-apple-darwin27/freetype/include/freetype/ftpfr.h to /Users/cam/Documents/Projects/ultima-iv-web/vlc-thumbs/work/build/vlc-source/contrib/aarch64-apple-darwin27/include/freetype2/freetype
Installing /Users/cam/Documents/Projects/ultima-iv-web/vlc-thumbs/work/build/vlc-source/contrib/contrib-aarch64-apple-darwin27/freetype/include/freetype/ftrender.h to /Users/cam/Documents/Projects/ultima-iv-web/vlc-thumbs/work/build/vlc-source/contrib/aarch64-apple-darwin27/include/freetype2/freetype
Installing /Users/cam/Documents/Projects/ultima-iv-web/vlc-thumbs/work/build/vlc-source/contrib/contrib-aarch64-apple-darwin27/freetype/include/freetype/ftsizes.h to /Users/cam/Documents/Projects/ultima-iv-web/vlc-thumbs/work/build/vlc-source/contrib/aarch64-apple-darwin27/include/freetype2/freetype
Installing /Users/cam/Documents/Projects/ultima-iv-web/vlc-thumbs/work/build/vlc-source/contrib/contrib-aarch64-apple-darwin27/freetype/include/freetype/ftsnames.h to /Users/cam/Documents/Projects/ultima-iv-web/vlc-thumbs/work/build/vlc-source/contrib/aarch64-apple-darwin27/include/freetype2/freetype
Installing /Users/cam/Documents/Projects/ultima-iv-web/vlc-thumbs/work/build/vlc-source/contrib/contrib-aarch64-apple-darwin27/freetype/include/freetype/ftstroke.h to /Users/cam/Documents/Projects/ultima-iv-web/vlc-thumbs/work/build/vlc-source/contrib/aarch64-apple-darwin27/include/freetype2/freetype
Installing /Users/cam/Documents/Projects/ultima-iv-web/vlc-thumbs/work/build/vlc-source/contrib/contrib-aarch64-apple-darwin27/freetype/include/freetype/ftsynth.h to /Users/cam/Documents/Projects/ultima-iv-web/vlc-thumbs/work/build/vlc-source/contrib/aarch64-apple-darwin27/include/freetype2/freetype
Installing /Users/cam/Documents/Projects/ultima-iv-web/vlc-thumbs/work/build/vlc-source/contrib/contrib-aarch64-apple-darwin27/freetype/include/freetype/ftsystem.h to /Users/cam/Documents/Projects/ultima-iv-web/vlc-thumbs/work/build/vlc-source/contrib/aarch64-apple-darwin27/include/freetype2/freetype
Installing /Users/cam/Documents/Projects/ultima-iv-web/vlc-thumbs/work/build/vlc-source/contrib/contrib-aarch64-apple-darwin27/freetype/include/freetype/fttrigon.h to /Users/cam/Documents/Projects/ultima-iv-web/vlc-thumbs/work/build/vlc-source/contrib/aarch64-apple-darwin27/include/freetype2/freetype
Installing /Users/cam/Documents/Projects/ultima-iv-web/vlc-thumbs/work/build/vlc-source/contrib/contrib-aarch64-apple-darwin27/freetype/include/freetype/fttypes.h to /Users/cam/Documents/Projects/ultima-iv-web/vlc-thumbs/work/build/vlc-source/contrib/aarch64-apple-darwin27/include/freetype2/freetype
Installing /Users/cam/Documents/Projects/ultima-iv-web/vlc-thumbs/work/build/vlc-source/contrib/contrib-aarch64-apple-darwin27/freetype/include/freetype/ftwinfnt.h to /Users/cam/Documents/Projects/ultima-iv-web/vlc-thumbs/work/build/vlc-source/contrib/aarch64-apple-darwin27/include/freetype2/freetype
Installing /Users/cam/Documents/Projects/ultima-iv-web/vlc-thumbs/work/build/vlc-source/contrib/contrib-aarch64-apple-darwin27/freetype/include/freetype/otsvg.h to /Users/cam/Documents/Projects/ultima-iv-web/vlc-thumbs/work/build/vlc-source/contrib/aarch64-apple-darwin27/include/freetype2/freetype
Installing /Users/cam/Documents/Projects/ultima-iv-web/vlc-thumbs/work/build/vlc-source/contrib/contrib-aarch64-apple-darwin27/freetype/include/freetype/t1tables.h to /Users/cam/Documents/Projects/ultima-iv-web/vlc-thumbs/work/build/vlc-source/contrib/aarch64-apple-darwin27/include/freetype2/freetype
Installing /Users/cam/Documents/Projects/ultima-iv-web/vlc-thumbs/work/build/vlc-source/contrib/contrib-aarch64-apple-darwin27/freetype/include/freetype/ttnameid.h to /Users/cam/Documents/Projects/ultima-iv-web/vlc-thumbs/work/build/vlc-source/contrib/aarch64-apple-darwin27/include/freetype2/freetype
Installing /Users/cam/Documents/Projects/ultima-iv-web/vlc-thumbs/work/build/vlc-source/contrib/contrib-aarch64-apple-darwin27/freetype/include/freetype/tttables.h to /Users/cam/Documents/Projects/ultima-iv-web/vlc-thumbs/work/build/vlc-source/contrib/aarch64-apple-darwin27/include/freetype2/freetype
Installing /Users/cam/Documents/Projects/ultima-iv-web/vlc-thumbs/work/build/vlc-source/contrib/contrib-aarch64-apple-darwin27/freetype/include/freetype/tttags.h to /Users/cam/Documents/Projects/ultima-iv-web/vlc-thumbs/work/build/vlc-source/contrib/aarch64-apple-darwin27/include/freetype2/freetype
Installing /Users/cam/Documents/Projects/ultima-iv-web/vlc-thumbs/work/build/vlc-source/contrib/contrib-aarch64-apple-darwin27/freetype/include/freetype/config/ftconfig.h to /Users/cam/Documents/Projects/ultima-iv-web/vlc-thumbs/work/build/vlc-source/contrib/aarch64-apple-darwin27/include/freetype2/freetype/config
Installing /Users/cam/Documents/Projects/ultima-iv-web/vlc-thumbs/work/build/vlc-source/contrib/contrib-aarch64-apple-darwin27/freetype/include/freetype/config/ftheader.h to /Users/cam/Documents/Projects/ultima-iv-web/vlc-thumbs/work/build/vlc-source/contrib/aarch64-apple-darwin27/include/freetype2/freetype/config
Installing /Users/cam/Documents/Projects/ultima-iv-web/vlc-thumbs/work/build/vlc-source/contrib/contrib-aarch64-apple-darwin27/freetype/include/freetype/config/ftstdlib.h to /Users/cam/Documents/Projects/ultima-iv-web/vlc-thumbs/work/build/vlc-source/contrib/aarch64-apple-darwin27/include/freetype2/freetype/config
Installing /Users/cam/Documents/Projects/ultima-iv-web/vlc-thumbs/work/build/vlc-source/contrib/contrib-aarch64-apple-darwin27/freetype/include/freetype/config/integer-types.h to /Users/cam/Documents/Projects/ultima-iv-web/vlc-thumbs/work/build/vlc-source/contrib/aarch64-apple-darwin27/include/freetype2/freetype/config
Installing /Users/cam/Documents/Projects/ultima-iv-web/vlc-thumbs/work/build/vlc-source/contrib/contrib-aarch64-apple-darwin27/freetype/include/freetype/config/mac-support.h to /Users/cam/Documents/Projects/ultima-iv-web/vlc-thumbs/work/build/vlc-source/contrib/aarch64-apple-darwin27/include/freetype2/freetype/config
Installing /Users/cam/Documents/Projects/ultima-iv-web/vlc-thumbs/work/build/vlc-source/contrib/contrib-aarch64-apple-darwin27/freetype/include/freetype/config/public-macros.h to /Users/cam/Documents/Projects/ultima-iv-web/vlc-thumbs/work/build/vlc-source/contrib/aarch64-apple-darwin27/include/freetype2/freetype/config
Installing /Users/cam/Documents/Projects/ultima-iv-web/vlc-thumbs/work/build/vlc-source/contrib/contrib-aarch64-apple-darwin27/freetype/builds/unix/freetype2.m4 to /Users/cam/Documents/Projects/ultima-iv-web/vlc-thumbs/work/build/vlc-source/contrib/aarch64-apple-darwin27/share/aclocal
Installing /Users/cam/Documents/Projects/ultima-iv-web/vlc-thumbs/work/build/vlc-source/contrib/contrib-aarch64-apple-darwin27/freetype/build/meson-private/freetype2.pc to /Users/cam/Documents/Projects/ultima-iv-web/vlc-thumbs/work/build/vlc-source/contrib/aarch64-apple-darwin27/lib/pkgconfig
touch .freetype2
touch -r .freetype2 .dep-freetype2
rm -rf harfbuzz/build
rm -rf /Users/cam/Documents/Projects/ultima-iv-web/vlc-thumbs/work/build/vlc-source/contrib/aarch64-apple-darwin27/share/java/libbluray*.jar
cd fontconfig && CC="/Applications/Xcode.app/Contents/Developer/Toolchains/XcodeDefault.xctoolchain/usr/bin/clang" CXX="/Applications/Xcode.app/Contents/Developer/Toolchains/XcodeDefault.xctoolchain/usr/bin/clang++" OBJC="/Applications/Xcode.app/Contents/Developer/Toolchains/XcodeDefault.xctoolchain/usr/bin/clang" OBJCXX="/Applications/Xcode.app/Contents/Developer/Toolchains/XcodeDefault.xctoolchain/usr/bin/clang++" LD="ld" AR="/Applications/Xcode.app/Contents/Developer/Toolchains/XcodeDefault.xctoolchain/usr/bin/ar" CCAS="/Applications/Xcode.app/Contents/Developer/Toolchains/XcodeDefault.xctoolchain/usr/bin/clang -c" RANLIB="/Applications/Xcode.app/Contents/Developer/Toolchains/XcodeDefault.xctoolchain/usr/bin/ranlib" STRIP="/Applications/Xcode.app/Contents/Developer/Toolchains/XcodeDefault.xctoolchain/usr/bin/strip" PATH="/Users/cam/Documents/Projects/ultima-iv-web/vlc-thumbs/work/build/vlc-source/contrib/aarch64-apple-darwin27/bin:/Users/cam/Documents/Projects/ultima-iv-web/vlc-thumbs/work/build/vlc-source/extras/tools/build/bin:/Users/cam/Documents/Projects/ultima-iv-web/vlc-thumbs/work/build/vlc-source/extras/tools/build/bin:/Users/cam/Documents/Projects/ultima-iv-web/vlc-thumbs/work/build/vlc-source/contrib/aarch64-apple-darwin27/bin::/usr/local/bin:/bin:/sbin:/usr/bin:/usr/sbin" PKG_CONFIG="pkg-config" CPPFLAGS=" -isysroot /Applications/Xcode.app/Contents/Developer/Platforms/MacOSX.platform/Developer/SDKs/MacOSX.sdk -mmacosx-version-min=10.7 -DMACOSX_DEPLOYMENT_TARGET=10.7 -arch arm64 -I/Users/cam/Documents/Projects/ultima-iv-web/vlc-thumbs/work/build/vlc-source/contrib/aarch64-apple-darwin27/include" CFLAGS="-Werror=partial-availability -isysroot /Applications/Xcode.app/Contents/Developer/Platforms/MacOSX.platform/Developer/SDKs/MacOSX.sdk -mmacosx-version-min=10.7 -DMACOSX_DEPLOYMENT_TARGET=10.7 -arch arm64 -I/Users/cam/Documents/Projects/ultima-iv-web/vlc-thumbs/work/build/vlc-source/contrib/aarch64-apple-darwin27/include -g -O2" CXXFLAGS="-Werror=partial-availability -isysroot /Applications/Xcode.app/Contents/Developer/Platforms/MacOSX.platform/Developer/SDKs/MacOSX.sdk -mmacosx-version-min=10.7 -DMACOSX_DEPLOYMENT_TARGET=10.7 -arch arm64 -I/Users/cam/Documents/Projects/ultima-iv-web/vlc-thumbs/work/build/vlc-source/contrib/aarch64-apple-darwin27/include -stdlib=libc++ -g -O2" LDFLAGS=" -L/Users/cam/Documents/Projects/ultima-iv-web/vlc-thumbs/work/build/vlc-source/contrib/aarch64-apple-darwin27/lib -Wl,-syslibroot,/Applications/Xcode.app/Contents/Developer/Platforms/MacOSX.platform/Developer/SDKs/MacOSX.sdk -mmacosx-version-min=10.7 -isysroot /Applications/Xcode.app/Contents/Developer/Platforms/MacOSX.platform/Developer/SDKs/MacOSX.sdk -DMACOSX_DEPLOYMENT_TARGET=10.7 -arch arm64" LIBXML2_CFLAGS=`xml2-config --cflags` LIBXML2_LIBS=`xml2-config --libs` ./configure --prefix="/Users/cam/Documents/Projects/ultima-iv-web/vlc-thumbs/work/build/vlc-source/contrib/aarch64-apple-darwin27" --datarootdir="/Users/cam/Documents/Projects/ultima-iv-web/vlc-thumbs/work/build/vlc-source/contrib/aarch64-apple-darwin27/share" --includedir="/Users/cam/Documents/Projects/ultima-iv-web/vlc-thumbs/work/build/vlc-source/contrib/aarch64-apple-darwin27/include" --libdir="/Users/cam/Documents/Projects/ultima-iv-web/vlc-thumbs/work/build/vlc-source/contrib/aarch64-apple-darwin27/lib" --build="aarch64-apple-darwin27" --host="aarch64-apple-darwin27" --target="aarch64-apple-darwin27" --program-prefix="" --enable-static --disable-shared --disable-dependency-tracking --with-pic --enable-libxml2 --disable-docs --with-cache-dir=~/Library/Caches/fontconfig --with-confdir=/usr/X11/lib/X11/fonts --with-default-fonts=/System/Library/Fonts --with-add-fonts=/Library/Fonts,~/Library/Fonts
rm -rf bluray/build
CC="/Applications/Xcode.app/Contents/Developer/Toolchains/XcodeDefault.xctoolchain/usr/bin/clang" CXX="/Applications/Xcode.app/Contents/Developer/Toolchains/XcodeDefault.xctoolchain/usr/bin/clang++" OBJC="/Applications/Xcode.app/Contents/Developer/Toolchains/XcodeDefault.xctoolchain/usr/bin/clang" OBJCXX="/Applications/Xcode.app/Contents/Developer/Toolchains/XcodeDefault.xctoolchain/usr/bin/clang++" LD="ld" AR="/Applications/Xcode.app/Contents/Developer/Toolchains/XcodeDefault.xctoolchain/usr/bin/ar" CCAS="/Applications/Xcode.app/Contents/Developer/Toolchains/XcodeDefault.xctoolchain/usr/bin/clang -c" RANLIB="/Applications/Xcode.app/Contents/Developer/Toolchains/XcodeDefault.xctoolchain/usr/bin/ranlib" STRIP="/Applications/Xcode.app/Contents/Developer/Toolchains/XcodeDefault.xctoolchain/usr/bin/strip" PATH="/Users/cam/Documents/Projects/ultima-iv-web/vlc-thumbs/work/build/vlc-source/contrib/aarch64-apple-darwin27/bin:/Users/cam/Documents/Projects/ultima-iv-web/vlc-thumbs/work/build/vlc-source/extras/tools/build/bin:/Users/cam/Documents/Projects/ultima-iv-web/vlc-thumbs/work/build/vlc-source/extras/tools/build/bin:/Users/cam/Documents/Projects/ultima-iv-web/vlc-thumbs/work/build/vlc-source/contrib/aarch64-apple-darwin27/bin::/usr/local/bin:/bin:/sbin:/usr/bin:/usr/sbin" PKG_CONFIG="pkg-config" meson setup harfbuzz/build harfbuzz --default-library static --prefix "/Users/cam/Documents/Projects/ultima-iv-web/vlc-thumbs/work/build/vlc-source/contrib/aarch64-apple-darwin27" --backend ninja -Dlibdir=lib --buildtype debugoptimized -Dc_args="-Werror=partial-availability -isysroot /Applications/Xcode.app/Contents/Developer/Platforms/MacOSX.platform/Developer/SDKs/MacOSX.sdk -mmacosx-version-min=10.7 -DMACOSX_DEPLOYMENT_TARGET=10.7 -arch arm64 -I/Users/cam/Documents/Projects/ultima-iv-web/vlc-thumbs/work/build/vlc-source/contrib/aarch64-apple-darwin27/include -g -O2" -Dc_link_args=" -L/Users/cam/Documents/Projects/ultima-iv-web/vlc-thumbs/work/build/vlc-source/contrib/aarch64-apple-darwin27/lib -Wl,-syslibroot,/Applications/Xcode.app/Contents/Developer/Platforms/MacOSX.platform/Developer/SDKs/MacOSX.sdk -mmacosx-version-min=10.7 -isysroot /Applications/Xcode.app/Contents/Developer/Platforms/MacOSX.platform/Developer/SDKs/MacOSX.sdk -DMACOSX_DEPLOYMENT_TARGET=10.7 -arch arm64" -Dcpp_args="-Werror=partial-availability -isysroot /Applications/Xcode.app/Contents/Developer/Platforms/MacOSX.platform/Developer/SDKs/MacOSX.sdk -mmacosx-version-min=10.7 -DMACOSX_DEPLOYMENT_TARGET=10.7 -arch arm64 -I/Users/cam/Documents/Projects/ultima-iv-web/vlc-thumbs/work/build/vlc-source/contrib/aarch64-apple-darwin27/include -stdlib=libc++ -g -O2" -Dcpp_link_args=" -L/Users/cam/Documents/Projects/ultima-iv-web/vlc-thumbs/work/build/vlc-source/contrib/aarch64-apple-darwin27/lib -Wl,-syslibroot,/Applications/Xcode.app/Contents/Developer/Platforms/MacOSX.platform/Developer/SDKs/MacOSX.sdk -mmacosx-version-min=10.7 -isysroot /Applications/Xcode.app/Contents/Developer/Platforms/MacOSX.platform/Developer/SDKs/MacOSX.sdk -DMACOSX_DEPLOYMENT_TARGET=10.7 -arch arm64" -Dobjc_args="-Werror=partial-availability -isysroot /Applications/Xcode.app/Contents/Developer/Platforms/MacOSX.platform/Developer/SDKs/MacOSX.sdk -mmacosx-version-min=10.7 -DMACOSX_DEPLOYMENT_TARGET=10.7 -arch arm64 -I/Users/cam/Documents/Projects/ultima-iv-web/vlc-thumbs/work/build/vlc-source/contrib/aarch64-apple-darwin27/include -g -O2" -Dobjc_link_args=" -L/Users/cam/Documents/Projects/ultima-iv-web/vlc-thumbs/work/build/vlc-source/contrib/aarch64-apple-darwin27/lib -Wl,-syslibroot,/Applications/Xcode.app/Contents/Developer/Platforms/MacOSX.platform/Developer/SDKs/MacOSX.sdk -mmacosx-version-min=10.7 -isysroot /Applications/Xcode.app/Contents/Developer/Platforms/MacOSX.platform/Developer/SDKs/MacOSX.sdk -DMACOSX_DEPLOYMENT_TARGET=10.7 -arch arm64" -Dobjcpp_args="-Werror=partial-availability -isysroot /Applications/Xcode.app/Contents/Developer/Platforms/MacOSX.platform/Developer/SDKs/MacOSX.sdk -mmacosx-version-min=10.7 -DMACOSX_DEPLOYMENT_TARGET=10.7 -arch arm64 -I/Users/cam/Documents/Projects/ultima-iv-web/vlc-thumbs/work/build/vlc-source/contrib/aarch64-apple-darwin27/include -stdlib=libc++ -g -O2" -Dobjcpp_link_args=" -L/Users/cam/Documents/Projects/ultima-iv-web/vlc-thumbs/work/build/vlc-source/contrib/aarch64-apple-darwin27/lib -Wl,-syslibroot,/Applications/Xcode.app/Contents/Developer/Platforms/MacOSX.platform/Developer/SDKs/MacOSX.sdk -mmacosx-version-min=10.7 -isysroot /Applications/Xcode.app/Contents/Developer/Platforms/MacOSX.platform/Developer/SDKs/MacOSX.sdk -DMACOSX_DEPLOYMENT_TARGET=10.7 -arch arm64" -Dfreetype=enabled -Dglib=disabled -Dgobject=disabled -Ddocs=disabled -Dtests=disabled -Dgpu_demo=disabled -Dcoretext=enabled
CC="/Applications/Xcode.app/Contents/Developer/Toolchains/XcodeDefault.xctoolchain/usr/bin/clang" CXX="/Applications/Xcode.app/Contents/Developer/Toolchains/XcodeDefault.xctoolchain/usr/bin/clang++" OBJC="/Applications/Xcode.app/Contents/Developer/Toolchains/XcodeDefault.xctoolchain/usr/bin/clang" OBJCXX="/Applications/Xcode.app/Contents/Developer/Toolchains/XcodeDefault.xctoolchain/usr/bin/clang++" LD="ld" AR="/Applications/Xcode.app/Contents/Developer/Toolchains/XcodeDefault.xctoolchain/usr/bin/ar" CCAS="/Applications/Xcode.app/Contents/Developer/Toolchains/XcodeDefault.xctoolchain/usr/bin/clang -c" RANLIB="/Applications/Xcode.app/Contents/Developer/Toolchains/XcodeDefault.xctoolchain/usr/bin/ranlib" STRIP="/Applications/Xcode.app/Contents/Developer/Toolchains/XcodeDefault.xctoolchain/usr/bin/strip" PATH="/Users/cam/Documents/Projects/ultima-iv-web/vlc-thumbs/work/build/vlc-source/contrib/aarch64-apple-darwin27/bin:/Users/cam/Documents/Projects/ultima-iv-web/vlc-thumbs/work/build/vlc-source/extras/tools/build/bin:/Users/cam/Documents/Projects/ultima-iv-web/vlc-thumbs/work/build/vlc-source/extras/tools/build/bin:/Users/cam/Documents/Projects/ultima-iv-web/vlc-thumbs/work/build/vlc-source/contrib/aarch64-apple-darwin27/bin::/usr/local/bin:/bin:/sbin:/usr/bin:/usr/sbin" PKG_CONFIG="pkg-config" meson setup bluray/build bluray --default-library static --prefix "/Users/cam/Documents/Projects/ultima-iv-web/vlc-thumbs/work/build/vlc-source/contrib/aarch64-apple-darwin27" --backend ninja -Dlibdir=lib --buildtype debugoptimized -Dc_args="-Werror=partial-availability -isysroot /Applications/Xcode.app/Contents/Developer/Platforms/MacOSX.platform/Developer/SDKs/MacOSX.sdk -mmacosx-version-min=10.7 -DMACOSX_DEPLOYMENT_TARGET=10.7 -arch arm64 -I/Users/cam/Documents/Projects/ultima-iv-web/vlc-thumbs/work/build/vlc-source/contrib/aarch64-apple-darwin27/include -g -O2" -Dc_link_args=" -L/Users/cam/Documents/Projects/ultima-iv-web/vlc-thumbs/work/build/vlc-source/contrib/aarch64-apple-darwin27/lib -Wl,-syslibroot,/Applications/Xcode.app/Contents/Developer/Platforms/MacOSX.platform/Developer/SDKs/MacOSX.sdk -mmacosx-version-min=10.7 -isysroot /Applications/Xcode.app/Contents/Developer/Platforms/MacOSX.platform/Developer/SDKs/MacOSX.sdk -DMACOSX_DEPLOYMENT_TARGET=10.7 -arch arm64" -Dcpp_args="-Werror=partial-availability -isysroot /Applications/Xcode.app/Contents/Developer/Platforms/MacOSX.platform/Developer/SDKs/MacOSX.sdk -mmacosx-version-min=10.7 -DMACOSX_DEPLOYMENT_TARGET=10.7 -arch arm64 -I/Users/cam/Documents/Projects/ultima-iv-web/vlc-thumbs/work/build/vlc-source/contrib/aarch64-apple-darwin27/include -stdlib=libc++ -g -O2" -Dcpp_link_args=" -L/Users/cam/Documents/Projects/ultima-iv-web/vlc-thumbs/work/build/vlc-source/contrib/aarch64-apple-darwin27/lib -Wl,-syslibroot,/Applications/Xcode.app/Contents/Developer/Platforms/MacOSX.platform/Developer/SDKs/MacOSX.sdk -mmacosx-version-min=10.7 -isysroot /Applications/Xcode.app/Contents/Developer/Platforms/MacOSX.platform/Developer/SDKs/MacOSX.sdk -DMACOSX_DEPLOYMENT_TARGET=10.7 -arch arm64" -Dobjc_args="-Werror=partial-availability -isysroot /Applications/Xcode.app/Contents/Developer/Platforms/MacOSX.platform/Developer/SDKs/MacOSX.sdk -mmacosx-version-min=10.7 -DMACOSX_DEPLOYMENT_TARGET=10.7 -arch arm64 -I/Users/cam/Documents/Projects/ultima-iv-web/vlc-thumbs/work/build/vlc-source/contrib/aarch64-apple-darwin27/include -g -O2" -Dobjc_link_args=" -L/Users/cam/Documents/Projects/ultima-iv-web/vlc-thumbs/work/build/vlc-source/contrib/aarch64-apple-darwin27/lib -Wl,-syslibroot,/Applications/Xcode.app/Contents/Developer/Platforms/MacOSX.platform/Developer/SDKs/MacOSX.sdk -mmacosx-version-min=10.7 -isysroot /Applications/Xcode.app/Contents/Developer/Platforms/MacOSX.platform/Developer/SDKs/MacOSX.sdk -DMACOSX_DEPLOYMENT_TARGET=10.7 -arch arm64" -Dobjcpp_args="-Werror=partial-availability -isysroot /Applications/Xcode.app/Contents/Developer/Platforms/MacOSX.platform/Developer/SDKs/MacOSX.sdk -mmacosx-version-min=10.7 -DMACOSX_DEPLOYMENT_TARGET=10.7 -arch arm64 -I/Users/cam/Documents/Projects/ultima-iv-web/vlc-thumbs/work/build/vlc-source/contrib/aarch64-apple-darwin27/include -stdlib=libc++ -g -O2" -Dobjcpp_link_args=" -L/Users/cam/Documents/Projects/ultima-iv-web/vlc-thumbs/work/build/vlc-source/contrib/aarch64-apple-darwin27/lib -Wl,-syslibroot,/Applications/Xcode.app/Contents/Developer/Platforms/MacOSX.platform/Developer/SDKs/MacOSX.sdk -mmacosx-version-min=10.7 -isysroot /Applications/Xcode.app/Contents/Developer/Platforms/MacOSX.platform/Developer/SDKs/MacOSX.sdk -DMACOSX_DEPLOYMENT_TARGET=10.7 -arch arm64" -Dfreetype=enabled -Dlibxml2=enabled -Dfontconfig=disabled
configure: WARNING: unrecognized options: --with-confdir
checking for a BSD-compatible install... /usr/local/bin/ginstall -c
checking whether build environment is sane... yes
checking for a thread-safe mkdir -p... /usr/local/bin/gmkdir -p
checking for gawk... no
checking for mawk... no
checking for nawk... no
checking for awk... awk
checking whether make sets $(MAKE)... yes
checking whether make supports nested variables... yes
checking whether make supports nested variables... (cached) yes
checking for aarch64-apple-darwin27-gcc... /Applications/Xcode.app/Contents/Developer/Toolchains/XcodeDefault.xctoolchain/usr/bin/clang
checking whether the C compiler works... yes
checking for C compiler default output file name... a.out
checking for suffix of executables... 
checking whether we are cross compiling... no
checking for suffix of object files... o
checking whether we are using the GNU C compiler... yes
checking whether /Applications/Xcode.app/Contents/Developer/Toolchains/XcodeDefault.xctoolchain/usr/bin/clang accepts -g... yes
checking for /Applications/Xcode.app/Contents/Developer/Toolchains/XcodeDefault.xctoolchain/usr/bin/clang option to accept ISO C89... none needed
checking whether /Applications/Xcode.app/Contents/Developer/Toolchains/XcodeDefault.xctoolchain/usr/bin/clang understands -c and -o together... rm: conftest.dSYM: is a directory
yes
checking for style of include used by make... GNU
checking dependency style of /Applications/Xcode.app/Contents/Developer/Toolchains/XcodeDefault.xctoolchain/usr/bin/clang... none
checking how to run the C preprocessor... /Applications/Xcode.app/Contents/Developer/Toolchains/XcodeDefault.xctoolchain/usr/bin/clang -E
checking for grep that handles long lines and -e... /usr/bin/grep
checking for egrep... /usr/bin/grep -E
checking for ANSI C header files... rm: conftest.dSYM: is a directory
rm: conftest.dSYM: is a directory
yes
checking for sys/types.h... yes
checking for sys/stat.h... yes
checking for stdlib.h... yes
checking for string.h... yes
checking for memory.h... yes
checking for strings.h... yes
checking for inttypes.h... yes
checking for stdint.h... yes
checking for unistd.h... yes
checking minix/config.h usability... no
checking minix/config.h presence... no
checking for minix/config.h... no
checking whether it is safe to define __EXTENSIONS__... yes
checking for special C compiler options needed for large files... no
checking for _FILE_OFFSET_BITS value needed for large files... no
checking whether ln -s works... yes
checking whether make sets $(MAKE)... (cached) yes
checking pkg-config is at least version 0.9.0... yes
checking for python... no
checking for python2... no
checking for python3... /Users/cam/Documents/Projects/ultima-iv-web/vlc-thumbs/work/build/vlc-source/extras/tools/build/bin/python3
checking for python version... 3.9
checking for python platform... darwin
checking for python script directory... ${prefix}/lib/python3.9/site-packages
checking for python extension module directory... ${exec_prefix}/lib/python3.9/site-packages
checking for RM macro... rm -f
checking build system type... aarch64-apple-darwin27
checking host system type... aarch64-apple-darwin27
checking how to print strings... printf
checking for a sed that does not truncate output... /usr/bin/sed
checking for fgrep... /usr/bin/grep -F
checking for ld used by /Applications/Xcode.app/Contents/Developer/Toolchains/XcodeDefault.xctoolchain/usr/bin/clang... ld
checking if the linker (ld) is GNU ld... no
checking for BSD- or MS-compatible name lister (nm)... /Applications/Xcode.app/Contents/Developer/Toolchains/XcodeDefault.xctoolchain/usr/bin/nm
checking the name lister (/Applications/Xcode.app/Contents/Developer/Toolchains/XcodeDefault.xctoolchain/usr/bin/nm) interface... BSD nm
checking the maximum length of command line arguments... 786432
checking how to convert aarch64-apple-darwin27 file names to aarch64-apple-darwin27 format... func_convert_file_noop
checking how to convert aarch64-apple-darwin27 file names to toolchain format... func_convert_file_noop
checking for ld option to reload object files... -r
checking for aarch64-apple-darwin27-objdump... no
checking for objdump... objdump
checking how to recognize dependent libraries... pass_all
checking for aarch64-apple-darwin27-dlltool... no
checking for dlltool... no
checking how to associate runtime and link libraries... printf %s\n
checking for aarch64-apple-darwin27-ar... /Applications/Xcode.app/Contents/Developer/Toolchains/XcodeDefault.xctoolchain/usr/bin/ar
checking for archiver @FILE support... no
checking for aarch64-apple-darwin27-strip... /Applications/Xcode.app/Contents/Developer/Toolchains/XcodeDefault.xctoolchain/usr/bin/strip
checking for aarch64-apple-darwin27-ranlib... /Applications/Xcode.app/Contents/Developer/Toolchains/XcodeDefault.xctoolchain/usr/bin/ranlib
checking command to parse /Applications/Xcode.app/Contents/Developer/Toolchains/XcodeDefault.xctoolchain/usr/bin/nm output from /Applications/Xcode.app/Contents/Developer/Toolchains/XcodeDefault.xctoolchain/usr/bin/clang object... ok
checking for sysroot... no
checking for a working dd... /bin/dd
checking how to truncate binary pipes... /bin/dd bs=4096 count=1
checking for aarch64-apple-darwin27-mt... no
checking for mt... no
checking if : is a manifest tool... no
checking for aarch64-apple-darwin27-dsymutil... no
checking for dsymutil... dsymutil
checking for aarch64-apple-darwin27-nmedit... no
checking for nmedit... nmedit
checking for aarch64-apple-darwin27-lipo... no
checking for lipo... lipo
checking for aarch64-apple-darwin27-otool... no
checking for otool... otool
checking for aarch64-apple-darwin27-otool64... no
checking for otool64... no
checking for -single_module linker flag... ld: warning: -single_module is obsolete
no
checking for -exported_symbols_list linker flag... yes
checking for -force_load linker flag... yes
checking for dlfcn.h... yes
checking for objdir... .libs
checking if /Applications/Xcode.app/Contents/Developer/Toolchains/XcodeDefault.xctoolchain/usr/bin/clang supports -fno-rtti -fno-exceptions... yes
checking for /Applications/Xcode.app/Contents/Developer/Toolchains/XcodeDefault.xctoolchain/usr/bin/clang option to produce PIC... -fno-common -DPIC
checking if /Applications/Xcode.app/Contents/Developer/Toolchains/XcodeDefault.xctoolchain/usr/bin/clang PIC flag -fno-common -DPIC works... yes
checking if /Applications/Xcode.app/Contents/Developer/Toolchains/XcodeDefault.xctoolchain/usr/bin/clang static flag -static works... no
checking if /Applications/Xcode.app/Contents/Developer/Toolchains/XcodeDefault.xctoolchain/usr/bin/clang supports -c -o file.o... yes
checking if /Applications/Xcode.app/Contents/Developer/Toolchains/XcodeDefault.xctoolchain/usr/bin/clang supports -c -o file.o... (cached) yes
checking whether the /Applications/Xcode.app/Contents/Developer/Toolchains/XcodeDefault.xctoolchain/usr/bin/clang linker (ld) supports shared libraries... yes
checking dynamic linker characteristics... darwin27 dyld
checking how to hardcode library paths into programs... immediate
checking whether stripping libraries is possible... yes
checking if libtool supports shared libraries... yes
checking whether to build shared libraries... no
checking whether to build static libraries... yes
checking whether __SUNPRO_C is declared... no
checking for dirent.h that defines DIR... yes
checking for library containing opendir... none required
checking for ANSI C header files... (cached) yes
checking fcntl.h usability... yes
checking fcntl.h presence... yes
checking for fcntl.h... yes
checking for stdlib.h... (cached) yes
checking for string.h... (cached) yes
checking for unistd.h... (cached) yes
checking sys/statvfs.h usability... yes
checking sys/statvfs.h presence... yes
checking for sys/statvfs.h... yes
checking sys/vfs.h usability... no
checking sys/vfs.h presence... no
checking for sys/vfs.h... no
checking sys/statfs.h usability... no
checking sys/statfs.h presence... no
checking for sys/statfs.h... no
checking sys/param.h usability... yes
checking sys/param.h presence... yes
checking for sys/param.h... yes
checking sys/mount.h usability... yes
checking sys/mount.h presence... yes
checking for sys/mount.h... yes
checking for stdint types... stdint.h (shortcircuit)
make use of stdint.h in src/fcstdint.h (assuming C99 compatible system)
checking for an ANSI C-conforming const... yes
checking for inline... inline
checking for flexible array members... yes
checking for pid_t... yes
checking for vprintf... yes
checking for _doprnt... no
checking for stdlib.h... (cached) yes
checking for unistd.h... (cached) yes
checking for sys/param.h... (cached) yes
checking for getpagesize... yes
checking for working mmap... yes
checking for link... yes
checking for mkstemp... yes
checking for mkostemp... (cached) no
checking for _mktemp_s... no
checking for mkdtemp... yes
checking for getopt... yes
checking for getopt_long... yes
checking for getprogname... yes
checking for getexecname... no
checking for rand... yes
checking for random... yes
checking for lrand48... yes
checking for random_r... no
checking for rand_r... yes
checking for readlink... yes
checking for fstatvfs... yes
checking for fstatfs... yes
checking for lstat... yes
checking for posix_fadvise in fcntl.h... no
checking for struct stat.st_mtim... no
checking for struct statvfs.f_basetype... The Meson build system
Version: 1.10.0
Source dir: /Users/cam/Documents/Projects/ultima-iv-web/vlc-thumbs/work/build/vlc-source/contrib/contrib-aarch64-apple-darwin27/bluray
Build dir: /Users/cam/Documents/Projects/ultima-iv-web/vlc-thumbs/work/build/vlc-source/contrib/contrib-aarch64-apple-darwin27/bluray/build
Build type: native build
Project name: libbluray
Project version: 1.4.1
C compiler for the host machine: /Applications/Xcode.app/Contents/Developer/Toolchains/XcodeDefault.xctoolchain/usr/bin/clang (clang 21.0.0 "Apple clang version 21.0.0 (clang-2100.3.34.2)")
C linker for the host machine: /Applications/Xcode.app/Contents/Developer/Toolchains/XcodeDefault.xctoolchain/usr/bin/clang ld64 27037.1
Host machine cpu family: aarch64
Host machine cpu: aarch64
Run-time dependency appleframeworks found: YES (CoreFoundation, DiskArbitration)
Has header "dirent.h" : YES 
Has header "dlfcn.h" : YES 
Has header "mntent.h" : NO 
Has header "strings.h" : YES 
Has header "sys/time.h" : YES 
Has header "sys/dl.h" : NO 
Checking for function "dladdr" : YES 
Checking for function "getopt" : YES 
Checking for function "dlopen" : YES 
Run-time dependency threads found: YES
Found pkg-config: YES (/usr/local/bin/pkg-config) 2.5.1
Run-time dependency freetype2 found: YES 26.6.20
Dependency fontconfig skipped: feature fontconfig disabled
Run-time dependency libxml-2.0 found: YES 2.15.3
Found CMake: /usr/local/bin/cmake (4.0.1)
Run-time dependency libudfread found: NO (tried pkgconfig, framework and cmake)
Looking for a fallback subproject for the dependency libudfread

Executing subproject libudfread 

libudfread| Project name: libudfread
libudfread| Project version: 1.2.0
libudfread| C compiler for the host machine: /Applications/Xcode.app/Contents/Developer/Toolchains/XcodeDefault.xctoolchain/usr/bin/clang (clang 21.0.0 "Apple clang version 21.0.0 (clang-2100.3.34.2)")
libudfread| C linker for the host machine: /Applications/Xcode.app/Contents/Developer/Toolchains/XcodeDefault.xctoolchain/usr/bin/clang ld64 27037.1
libudfread| Has header "unistd.h" : YES
libudfread| Has header "fcntl.h" : YES
libudfread| Checking for function "pread" : YES
libudfread| Dependency threads found: YES unknown (cached)
libudfread| Compiler for C supports arguments -Wdisabled-optimization: YES
libudfread| Compiler for C supports arguments -Wpointer-arith: YES
libudfread| Compiler for C supports arguments -Wredundant-decls: YES
libudfread| Compiler for C supports arguments -Wcast-qual: YES
libudfread| Compiler for C supports arguments -Wwrite-strings: YES
libudfread| Compiler for C supports arguments -Wundef: YES
libudfread| Compiler for C supports arguments -Wshadow: YES
libudfread| Compiler for C supports arguments -Wmissing-prototypes: YES
libudfread| Compiler for C supports arguments -Werror=implicit-function-declaration: YES
libudfread| Compiler for C supports arguments -Werror-implicit-function-declaration: YES
libudfread| Compiler for C supports arguments -Winline: YES
libudfread| Compiler for C supports arguments -fomit-frame-pointer: YES
libudfread| Configuring config.h using configuration
libudfread| Configuring udfread-version.h using configuration
libudfread| Build targets in project: 3
libudfread| Subproject libudfread finished.

Dependency libudfread found: YES 1.2.0 (overridden)
Compiler for C supports arguments -Werror=implicit-function-declaration: YES (cached)
Compiler for C supports arguments -Werror-implicit-function-declaration: YES (cached)
Compiler for C supports arguments -Wdisabled-optimization: YES (cached)
Compiler for C supports arguments -Wpointer-arith: YES (cached)
Compiler for C supports arguments -Wredundant-decls: YES (cached)
Compiler for C supports arguments -Wcast-qual: YES (cached)
Compiler for C supports arguments -Wwrite-strings: YES (cached)
Compiler for C supports arguments -Wtype-limits: YES 
Compiler for C supports arguments -Wundef: YES (cached)
Compiler for C supports arguments -Wmissing-prototypes: YES (cached)
Compiler for C supports arguments -Wshadow: YES (cached)
Compiler for C supports arguments -fomit-frame-pointer: YES (cached)
Configuring config.h using configuration
Configuring bluray-version.h using configuration
Found pkg-config: YES (/usr/local/bin/pkg-config) 2.5.1
Program ant found: YES (/Users/cam/Documents/Projects/ultima-iv-web/vlc-thumbs/work/build/vlc-source/extras/tools/build/bin/ant)
Java compiler for the host machine: javac (unknown 11.0.12)
Program javac found: YES (/usr/bin/javac)
Build targets in project: 16

libbluray 1.4.1

    Build BD-J JAR               : true
        javac version            : 11.0.12
        javac path               : /usr/bin/javac
        Java binary version      : 1.6
    Font support (freetype2)     : true
    Use system fonts (fontconfig): false
    Metadata support (libxml2)   : true
    External libudfread          : false

  Subprojects
    libudfread                   : YES

  User defined options
    backend                      : ninja
    buildtype                    : debugoptimized
    c_args                       : -Werror=partial-availability -isysroot /Applications/Xcode.app/Contents/Developer/Platforms/MacOSX.platform/Developer/SDKs/MacOSX.sdk -mmacosx-version-min=10.7 -DMACOSX_DEPLOYMENT_TARGET=10.7 -arch arm64 -I/Users/cam/Documents/Projects/ultima-iv-web/vlc-thumbs/work/build/vlc-source/contrib/aarch64-apple-darwin27/include -g -O2
    c_link_args                  :  -L/Users/cam/Documents/Projects/ultima-iv-web/vlc-thumbs/work/build/vlc-source/contrib/aarch64-apple-darwin27/lib -Wl,-syslibroot,/Applications/Xcode.app/Contents/Developer/Platforms/MacOSX.platform/Developer/SDKs/MacOSX.sdk -mmacosx-version-min=10.7 -isysroot /Applications/Xcode.app/Contents/Developer/Platforms/MacOSX.platform/Developer/SDKs/MacOSX.sdk -DMACOSX_DEPLOYMENT_TARGET=10.7 -arch arm64
    cpp_args                     : -Werror=partial-availability -isysroot /Applications/Xcode.app/Contents/Developer/Platforms/MacOSX.platform/Developer/SDKs/MacOSX.sdk -mmacosx-version-min=10.7 -DMACOSX_DEPLOYMENT_TARGET=10.7 -arch arm64 -I/Users/cam/Documents/Projects/ultima-iv-web/vlc-thumbs/work/build/vlc-source/contrib/aarch64-apple-darwin27/include -stdlib=libc++ -g -O2
    cpp_link_args                :  -L/Users/cam/Documents/Projects/ultima-iv-web/vlc-thumbs/work/build/vlc-source/contrib/aarch64-apple-darwin27/lib -Wl,-syslibroot,/Applications/Xcode.app/Contents/Developer/Platforms/MacOSX.platform/Developer/SDKs/MacOSX.sdk -mmacosx-version-min=10.7 -isysroot /Applications/Xcode.app/Contents/Developer/Platforms/MacOSX.platform/Developer/SDKs/MacOSX.sdk -DMACOSX_DEPLOYMENT_TARGET=10.7 -arch arm64
    default_library              : static
    fontconfig                   : disabled
    freetype                     : enabled
    libdir                       : lib
    libxml2                      : enabled
    objc_args                    : -Werror=partial-availability -isysroot /Applications/Xcode.app/Contents/Developer/Platforms/MacOSX.platform/Developer/SDKs/MacOSX.sdk -mmacosx-version-min=10.7 -DMACOSX_DEPLOYMENT_TARGET=10.7 -arch arm64 -I/Users/cam/Documents/Projects/ultima-iv-web/vlc-thumbs/work/build/vlc-source/contrib/aarch64-apple-darwin27/include -g -O2
    objc_link_args               :  -L/Users/cam/Documents/Projects/ultima-iv-web/vlc-thumbs/work/build/vlc-source/contrib/aarch64-apple-darwin27/lib -Wl,-syslibroot,/Applications/Xcode.app/Contents/Developer/Platforms/MacOSX.platform/Developer/SDKs/MacOSX.sdk -mmacosx-version-min=10.7 -isysroot /Applications/Xcode.app/Contents/Developer/Platforms/MacOSX.platform/Developer/SDKs/MacOSX.sdk -DMACOSX_DEPLOYMENT_TARGET=10.7 -arch arm64
    objcpp_args                  : -Werror=partial-availability -isysroot /Applications/Xcode.app/Contents/Developer/Platforms/MacOSX.platform/Developer/SDKs/MacOSX.sdk -mmacosx-version-min=10.7 -DMACOSX_DEPLOYMENT_TARGET=10.7 -arch arm64 -I/Users/cam/Documents/Projects/ultima-iv-web/vlc-thumbs/work/build/vlc-source/contrib/aarch64-apple-darwin27/include -stdlib=libc++ -g -O2
    objcpp_link_args             : no
checking for struct statvfs.f_fstypename...  -L/Users/cam/Documents/Projects/ultima-iv-web/vlc-thumbs/work/build/vlc-source/contrib/aarch64-apple-darwin27/lib -Wl,-syslibroot,/Applications/Xcode.app/Contents/Developer/Platforms/MacOSX.platform/Developer/SDKs/MacOSX.sdk -mmacosx-version-min=10.7 -isysroot /Applications/Xcode.app/Contents/Developer/Platforms/MacOSX.platform/Developer/SDKs/MacOSX.sdk -DMACOSX_DEPLOYMENT_TARGET=10.7 -arch arm64
    prefix                       : /Users/cam/Documents/Projects/ultima-iv-web/vlc-thumbs/work/build/vlc-source/contrib/aarch64-apple-darwin27

Found ninja-1.13.2.git.kitware.jobserver-pipe-1 at /Users/cam/Documents/Projects/ultima-iv-web/vlc-thumbs/work/build/vlc-source/extras/tools/build/bin/ninja
meson compile -C bluray/build   && meson install -C bluray/build
no
checking for struct statfs.f_flags... yes
checking for struct statfs.f_fstypename... yes
checking for struct dirent.d_type... yes
checking The type of len parameter of gperf hash/lookup function... ninja: Entering directory `/Users/cam/Documents/Projects/ultima-iv-web/vlc-thumbs/work/build/vlc-source/contrib/contrib-aarch64-apple-darwin27/bluray/build'
[1/78] Compiling C object contrib/libudfread/src/libudfread.a.p/default_blockinput.c.o
[2/78] Compiling C object contrib/libudfread/src/libudfread.a.p/ecma167.c.o
unsigned int
checking for FREETYPE... [3/78] Compiling C object contrib/libudfread/src/libudfread.a.p/udfread-version.c.o
[4/78] Copying file contrib/libudfread/src/udfread/udfread.h
[5/78] Copying file contrib/libudfread/src/udfread/blockinput.h
yes
The Meson build system
Version: 1.10.0
Source dir: /Users/cam/Documents/Projects/ultima-iv-web/vlc-thumbs/work/build/vlc-source/contrib/contrib-aarch64-apple-darwin27/harfbuzz
Build dir: /Users/cam/Documents/Projects/ultima-iv-web/vlc-thumbs/work/build/vlc-source/contrib/contrib-aarch64-apple-darwin27/harfbuzz/build
Build type: native build
Project name: harfbuzz
Project version: 14.2.1
C compiler for the host machine: /Applications/Xcode.app/Contents/Developer/Toolchains/XcodeDefault.xctoolchain/usr/bin/clang (clang 21.0.0 "Apple clang version 21.0.0 (clang-2100.3.34.2)")
C linker for the host machine: /Applications/Xcode.app/Contents/Developer/Toolchains/XcodeDefault.xctoolchain/usr/bin/clang ld64 27037.1
C++ compiler for the host machine: /Applications/Xcode.app/Contents/Developer/Toolchains/XcodeDefault.xctoolchain/usr/bin/clang++ (clang 21.0.0 "Apple clang version 21.0.0 (clang-2100.3.34.2)")
C++ linker for the host machine: /Applications/Xcode.app/Contents/Developer/Toolchains/XcodeDefault.xctoolchain/usr/bin/clang++ ld64 27037.1
Host machine cpu family: aarch64
Host machine cpu: aarch64
Compiler for C++ supports link arguments -Bsymbolic-functions: YES 
Compiler for C++ supports arguments -fno-exceptions: YES 
Compiler for C++ supports arguments -fno-rtti: YES 
Compiler for C++ supports arguments -fno-threadsafe-statics: YES 
Compiler for C++ supports arguments -fvisibility-inlines-hidden: YES 
Library m found: YES
Found pkg-config: YES (/usr/local/bin/pkg-config) 2.5.1
Run-time dependency freetype2 found: YES 26.6.20
Dependency glib-2.0 skipped: feature glib disabled
Dependency gobject-2.0 skipped: feature gobject disabled
Dependency graphite2 skipped: feature graphite2 disabled
Dependency graphite2 skipped: feature graphite disabled
Library iwasm skipped: feature wasm disabled
Found CMake: /usr/local/bin/cmake (4.0.1)
Run-time dependency icu-uc found: NO (tried pkgconfig, framework and cmake)
Run-time dependency cairo found: NO (tried pkgconfig, framework and cmake)
Run-time dependency cairo-ft found: NO (tried pkgconfig, framework and cmake)
Run-time dependency cairo found: NO (tried pkgconfig, framework and cmake)
Run-time dependency cairo-ft found: NO (tried pkgconfig, framework and cmake)
Run-time dependency chafa found: NO (tried pkgconfig, framework and cmake)
Run-time dependency libpng found: YES 1.6.58
Run-time dependency zlib found: YES 1.3.2
Run-time dependency appleframeworks found: YES (ApplicationServices)
Checking for type "CTFontRef" with dependency appleframeworks: YES 
Run-time dependency threads found: YES
Has header "unistd.h" : YES 
Has header "sys/mman.h" : YES 
Has header "stdbool.h" : YES 
Has header "xlocale.h" : YES 
Checking for function "atexit" : YES 
Checking for function "mprotect" : YES 
Checking for function "sysconf" : YES 
Checking for function "getpagesize" : YES 
Checking for function "mmap" : YES 
Checking for function "isatty" : YES 
Checking for function "uselocale" : YES 
Checking for function "newlocale" : YES 
Checking for function "localeconv_l" : NO 
Checking for function "sincos" : NO 
Checking for function "sincosf" : NO 
Checking for function "FT_Get_Var_Blend_Coordinates" with dependency freetype2: YES 
Checking for function "FT_Set_Var_Blend_Coordinates" with dependency freetype2: YES 
Checking for function "FT_Done_MM_Var" with dependency freetype2: YES 
Checking for function "FT_Get_Transform" with dependency freetype2: YES 
Program gen-hb-version.py found: YES (/Users/cam/Documents/Projects/ultima-iv-web/vlc-thumbs/work/build/vlc-source/contrib/contrib-aarch64-apple-darwin27/harfbuzz/src/gen-hb-version.py)
Configuring hb-version.h with command
Program ragel found: NO
harfbuzz/src/meson.build:455: WARNING: You have to install ragel if you are going to develop HarfBuzz itself
Program gen-harfbuzzcc.py found: YES (/Users/cam/Documents/Projects/ultima-iv-web/vlc-thumbs/work/build/vlc-source/contrib/contrib-aarch64-apple-darwin27/harfbuzz/src/gen-harfbuzzcc.py)
Configuring hb-features.h using configuration
Configuring hb-supported-features.h using configuration
Program gen-def.py found: YES (/Users/cam/Documents/Projects/ultima-iv-web/vlc-thumbs/work/build/vlc-source/contrib/contrib-aarch64-apple-darwin27/harfbuzz/src/gen-def.py)
Program gen-harfbuzzcc.py found: YES (/Users/cam/Documents/Projects/ultima-iv-web/vlc-thumbs/work/build/vlc-source/contrib/contrib-aarch64-apple-darwin27/harfbuzz/src/gen-harfbuzzcc.py)
Found pkg-config: YES (/usr/local/bin/pkg-config) 2.5.1
Program gen-gpu-shader-artifacts.py found: YES (/Users/cam/Documents/Projects/ultima-iv-web/vlc-thumbs/work/build/vlc-source/contrib/contrib-aarch64-apple-darwin27/harfbuzz/src/gen-gpu-shader-artifacts.py)
Configuring harfbuzz-config.cmake using configuration
Program gen-harfbuzz-world.py found: YES (/Users/cam/Documents/Projects/ultima-iv-web/vlc-thumbs/work/build/vlc-source/contrib/contrib-aarch64-apple-darwin27/harfbuzz/src/gen-harfbuzz-world.py)
harfbuzz/util/meson.build:219: WARNING: add_languages is missing native:, assuming languages are wanted for both host and build.
Objective-C++ compiler for the host machine: /Applications/Xcode.app/Contents/Developer/Toolchains/XcodeDefault.xctoolchain/usr/bin/clang++ (clang 21.0.0)
Objective-C++ linker for the host machine: /Applications/Xcode.app/Contents/Developer/Toolchains/XcodeDefault.xctoolchain/usr/bin/clang++ ld64 27037.1
Program ../../src/gen-gpu-shader-artifacts.py found: YES (/Users/cam/Documents/Projects/ultima-iv-web/vlc-thumbs/work/build/vlc-source/contrib/contrib-aarch64-apple-darwin27/harfbuzz/util/gpu/../../src/gen-gpu-shader-artifacts.py)
Configuring config.h using configuration
Build targets in project: 36

harfbuzz 14.2.1

  Directories
    prefix                    : /Users/cam/Documents/Projects/ultima-iv-web/vlc-thumbs/work/build/vlc-source/contrib/aarch64-apple-darwin27
    bindir                    : bin
    libdir                    : lib
    includedir                : include
    datadir                   : share
    cmakepackagedir           : lib/cmake

  Unicode callbacks (you want at least one)
    Builtin                   : YES
    Glib                      : NO
    ICU                       : NO

  Font callbacks (the more the merrier)
    Builtin                   : YES
    FreeType                  : YES
    Fontations                : NO

  Additional shapers
    Graphite2                 : NO
    WebAssembly (experimental): NO

  Platform / other shapers (not normally needed)
    CoreText                  : YES
    DirectWrite               : NO
    GDI/Uniscribe             : NO
    HarfRust                  : NO
    kbts                      : NO

  Additional libraries
    Subset                    : YES
    Raster (experimental)     : YES
    Vector (experimental)     : YES
    GPU (experimental)        : YES

  Dependencies used by additional libraries
    PNG                       : YES
    Zlib                      : YES

  Other features
    Utilities                 : YES
    Documentation             : NO
    GObject bindings          : NO
    Cairo integration         : NO
    Introspection             : NO
    Experimental APIs         : NO

  Dependencies used by command-line utilities
    Cairo                     : NO
    Chafa                     : NO

  Testing
    Tests                     : NO
    Benchmark                 : NO

  User defined options
    backend                   : ninja
    buildtype                 : debugoptimized
    c_args                    : -Werror=partial-availability -isysroot /Applications/Xcode.app/Contents/Developer/Platforms/MacOSX.platform/Developer/SDKs/MacOSX.sdk -mmacosx-version-min=10.7 -DMACOSX_DEPLOYMENT_TARGET=10.7 -arch arm64 -I/Users/cam/Documents/Projects/ultima-iv-web/vlc-thumbs/work/build/vlc-source/contrib/aarch64-apple-darwin27/include -g -O2
    c_link_args               : [6/78] Compiling C object contrib/libudfread/src/libudfread.a.p/udfread.c.o
checking for FT_Get_Next_Char... [7/78] Copying file src/libbluray/filesystem.h
[8/78] Copying file src/libbluray/log_control.h
[9/78] Copying file src/libbluray/bluray.h
yes
[10/78] Copying file src/libbluray/clpi_data.h
checking for FT_Get_BDF_Property... [11/78] Copying file src/libbluray/overlay.h
[12/78] Copying file src/libbluray/keys.h
[13/78] Copying file src/libbluray/meta_data.h
 -L/Users/cam/Documents/Projects/ultima-iv-web/vlc-thumbs/work/build/vlc-source/contrib/aarch64-apple-darwin27/lib -Wl,-syslibroot,/Applications/Xcode.app/Contents/Developer/Platforms/MacOSX.platform/Developer/SDKs/MacOSX.sdk -mmacosx-version-min=10.7 -isysroot /Applications/Xcode.app/Contents/Developer/Platforms/MacOSX.platform/Developer/SDKs/MacOSX.sdk -DMACOSX_DEPLOYMENT_TARGET=10.7 -arch arm64
    coretext                  : enabled
    cpp_args                  : -Werror=partial-availability -isysroot /Applications/Xcode.app/Contents/Developer/Platforms/MacOSX.platform/Developer/SDKs/MacOSX.sdk -mmacosx-version-min=10.7 -DMACOSX_DEPLOYMENT_TARGET=10.7 -arch arm64 -I/Users/cam/Documents/Projects/ultima-iv-web/vlc-thumbs/work/build/vlc-source/contrib/aarch64-apple-darwin27/include -stdlib=libc++ -g -O2
    cpp_link_args             :  -L/Users/cam/Documents/Projects/ultima-iv-web/vlc-thumbs/work/build/vlc-source/contrib/aarch64-apple-darwin27/lib -Wl,-syslibroot,/Applications/Xcode.app/Contents/Developer/Platforms/MacOSX.platform/Developer/SDKs/MacOSX.sdk -mmacosx-version-min=10.7 -isysroot /Applications/Xcode.app/Contents/Developer/Platforms/MacOSX.platform/Developer/SDKs/MacOSX.sdk -DMACOSX_DEPLOYMENT_TARGET=10.7 -arch arm64
    default_library           : static
    docs                      : disabled
    freetype                  : enabled
    glib                      : disabled
    gobject                   : disabled
    gpu_demo                  : disabled
    libdir                    : lib
    objc_args                 : -Werror=partial-availability -isysroot /Applications/Xcode.app/Contents/Developer/Platforms/MacOSX.platform/Developer/SDKs/MacOSX.sdk -mmacosx-version-min=10.7 -DMACOSX_DEPLOYMENT_TARGET=10.7 -arch arm64 -I/Users/cam/Documents/Projects/ultima-iv-web/vlc-thumbs/work/build/vlc-source/contrib/aarch64-apple-darwin27/include -g -O2
    objc_link_args            :  -L/Users/cam/Documents/Projects/ultima-iv-web/vlc-thumbs/work/build/vlc-source/contrib/aarch64-apple-darwin27/lib -Wl,-syslibroot,/Applications/Xcode.app/Contents/Developer/Platforms/MacOSX.platform/Developer/SDKs/MacOSX.sdk -mmacosx-version-min=10.7 -isysroot /Applications/Xcode.app/Contents/Developer/Platforms/MacOSX.platform/Developer/SDKs/MacOSX.sdk -DMACOSX_DEPLOYMENT_TARGET=10.7 -arch arm64
    objcpp_args               : -Werror=partial-availability -isysroot /Applications/Xcode.app/Contents/Developer/Platforms/MacOSX.platform/Developer/SDKs/MacOSX.sdk -mmacosx-version-min=10.7 -DMACOSX_DEPLOYMENT_TARGET=10.7 -arch arm64 -I/Users/cam/Documents/Projects/ultima-iv-web/vlc-thumbs/work/build/vlc-source/contrib/aarch64-apple-darwin27/include -stdlib=libc++ -g -O2
    objcpp_link_args          :  -L/Users/cam/Documents/Projects/ultima-iv-web/vlc-thumbs/work/build/vlc-source/contrib/aarch64-apple-darwin27/lib -Wl,-syslibroot,/Applications/Xcode.app/Contents/Developer/Platforms/MacOSX.platform/Developer/SDKs/MacOSX.sdk -mmacosx-version-min=10.7 -isysroot /Applications/Xcode.app/Contents/Developer/Platforms/MacOSX.platform/Developer/SDKs/MacOSX.sdk -DMACOSX_DEPLOYMENT_TARGET=10.7 -arch arm64
    prefix                    : /Users/cam/Documents/Projects/ultima-iv-web/vlc-thumbs/work/build/vlc-source/contrib/aarch64-apple-darwin27
    tests                     : disabled

Found ninja-1.13.2.git.kitware.jobserver-pipe-1 at /Users/cam/Documents/Projects/ultima-iv-web/vlc-thumbs/work/build/vlc-source/extras/tools/build/bin/ninja
meson compile -C harfbuzz/build   && meson install -C harfbuzz/build
[14/78] Compiling C object src/libbluray.a.p/libbluray_register.c.o
yes
[15/78] Copying file src/libbluray/player_settings.h
checking for FT_Get_PS_Font_Info... [16/78] Compiling C object src/libbluray.a.p/libbluray_bdj_bdj.c.o
yes
[17/78] Compiling C object src/libbluray.a.p/libbluray_bdj_bdjo_parse.c.o
[18/78] Compiling C object src/libbluray.a.p/libbluray_bdj_native_bdjo.c.o
[19/78] Compiling C object src/libbluray.a.p/libbluray_bdj_native_java_awt_BDFontMetrics.c.o
checking for FT_Has_PS_Glyph_Names... [20/78] Compiling C object src/libbluray.a.p/libbluray_bdj_native_org_videolan_Logger.c.o
[21/78] Compiling C object src/libbluray.a.p/libbluray_bdj_native_java_awt_BDGraphics.c.o
[22/78] Compiling C object src/libbluray.a.p/libbluray_bdj_native_org_videolan_Libbluray.c.o
yes
[23/78] Compiling C object src/libbluray.a.p/libbluray_bdj_native_register_native.c.o
[24/78] Compiling C object src/libbluray.a.p/libbluray_bdj_native_util.c.o
checking for FT_Get_X11_Font_Format... ninja: Entering directory `/Users/cam/Documents/Projects/ultima-iv-web/vlc-thumbs/work/build/vlc-source/contrib/contrib-aarch64-apple-darwin27/harfbuzz/build'
[25/78] Compiling C object src/libbluray.a.p/libbluray_bluray.c.o
[26/78] Compiling C object src/libbluray.a.p/libbluray_bdnav_meta_parse.c.o
[27/78] Compiling C object src/libbluray.a.p/libbluray_bdnav_extdata_parse.c.o
yes
checking for FT_Select_Size... [28/78] Compiling C object src/libbluray.a.p/libbluray_bdnav_bdmv_parse.c.o
[29/78] Compiling C object src/libbluray.a.p/libbluray_bdnav_mpls_parse.c.o
[30/78] Compiling C object src/libbluray.a.p/libbluray_bdnav_navigation.c.o
[31/78] Compiling C object src/libbluray.a.p/libbluray_bdnav_sound_parse.c.o
[32/78] Compiling C object src/libbluray.a.p/libbluray_bdnav_uo_mask.c.o
[33/78] Compiling C object src/libbluray.a.p/libbluray_bdnav_bdid_parse.c.o
yes
checking for FT_Bitmap_Size.y_ppem... [34/78] Compiling C object src/libbluray.a.p/libbluray_bdnav_index_parse.c.o
[35/78] Compiling C object src/libbluray.a.p/libbluray_decoders_textst_decode.c.o
yes
checking for TT_OS2.usLowerOpticalPointSize... [36/78] Compiling C object src/libbluray.a.p/libbluray_decoders_textst_render.c.o
[37/78] Compiling C object src/libbluray.a.p/libbluray_bdnav_clpi_parse.c.o
[38/78] Compiling C object src/libbluray.a.p/libbluray_decoders_pg_decode.c.o
[39/78] Compiling C object src/libbluray.a.p/libbluray_decoders_ig_decode.c.o
yes
checking for TT_OS2.usUpperOpticalPointSize... [40/78] Compiling C object src/libbluray.a.p/libbluray_decoders_pes_buffer.c.o
[41/78] Compiling C object src/libbluray.a.p/libbluray_decoders_m2ts_demux.c.o
yes
[42/78] Compiling C object src/libbluray.a.p/libbluray_decoders_rle.c.o
checking for LIBXML2... yes
[43/78] Compiling C object src/libbluray.a.p/libbluray_decoders_graphics_processor.c.o
checking SAX1 support in libxml2... [44/78] Compiling C object src/libbluray.a.p/libbluray_decoders_m2ts_filter.c.o
found
checking for Intel atomic primitives... [45/78] Compiling C object src/libbluray.a.p/libbluray_disc_bdplus.c.o
../src/libbluray/disc/bdplus.c:58:9: warning: passing arguments to a function without a prototype is deprecated in all versions of C and is not supported in C23 [-Wdeprecated-non-prototype]
   58 |         DL_CALL(p->h_libbdplus, bdplus_free, p->bdplus);
      |         ^
../src/file/dl.h:53:19: note: expanded from macro 'DL_CALL'
   53 |               fptr(__VA_ARGS__);                    \
      |                   ^
../src/libbluray/disc/bdplus.c:114:29: warning: passing arguments to a function without a prototype is deprecated in all versions of C and is not supported in C23 [-Wdeprecated-non-prototype]
  114 |                 if (fp && fp(NULL) == 0) {
      |                             ^
../src/libbluray/disc/bdplus.c:221:32: warning: passing arguments to a function without a prototype is deprecated in all versions of C and is not supported in C23 [-Wdeprecated-non-prototype]
  221 |         p->bdplus = bdplus_init(NULL, NULL, vid);
      |                                ^
../src/libbluray/disc/bdplus.c:222:18: warning: passing arguments to a function without a prototype is deprecated in all versions of C and is not supported in C23 [-Wdeprecated-non-prototype]
  222 |         set_fopen(p->bdplus, file_open_handle, file_open_fp);
      |                  ^
../src/libbluray/disc/bdplus.c:225:32: warning: passing arguments to a function without a prototype is deprecated in all versions of C and is not supported in C23 [-Wdeprecated-non-prototype]
  225 |         p->bdplus = bdplus_init(root, NULL, vid);
      |                                ^
../src/libbluray/disc/bdplus.c:231:40: warning: passing arguments to a function without a prototype is deprecated in all versions of C and is not supported in C23 [-Wdeprecated-non-prototype]
  231 |                 p->bdplus = bdplus_init(tmp, NULL, vid);
      |                                        ^
../src/libbluray/disc/bdplus.c:244:5: warning: passing arguments to a function without a prototype is deprecated in all versions of C and is not supported in C23 [-Wdeprecated-non-prototype]
  244 |     DL_CALL(p->h_libbdplus, bdplus_set_mk, p->bdplus, mk);
      |     ^
../src/file/dl.h:53:19: note: expanded from macro 'DL_CALL'
   53 |               fptr(__VA_ARGS__);                    \
      |                   ^
../src/libbluray/disc/bdplus.c:255:22: warning: passing arguments to a function without a prototype is deprecated in all versions of C and is not supported in C23 [-Wdeprecated-non-prototype]
  255 |             return fp(p->bdplus);
      |                      ^
../src/libbluray/disc/bdplus.c:290:17: warning: passing arguments to a function without a prototype is deprecated in all versions of C and is not supported in C23 [-Wdeprecated-non-prototype]
  290 |         p->event(p->bdplus, event, param1, param2);
      |                 ^
../src/libbluray/disc/bdplus.c:297:9: warning: passing arguments to a function without a prototype is deprecated in all versions of C and is not supported in C23 [-Wdeprecated-non-prototype]
  297 |         DL_CALL(p->h_libbdplus, bdplus_mmap, p->bdplus, region_id, mem);
      |         ^
../src/file/dl.h:53:19: note: expanded from macro 'DL_CALL'
   53 |               fptr(__VA_ARGS__);                    \
      |                   ^
../src/libbluray/disc/bdplus.c:304:9: warning: passing arguments to a function without a prototype is deprecated in all versions of C and is not supported in C23 [-Wdeprecated-non-prototype]
  304 |         DL_CALL(p->h_libbdplus, bdplus_psr, p->bdplus, regs, read, write);
      |         ^
../src/file/dl.h:53:19: note: expanded from macro 'DL_CALL'
   53 |               fptr(__VA_ARGS__);                    \
      |                   ^
../src/libbluray/disc/bdplus.c:311:9: warning: passing arguments to a function without a prototype is deprecated in all versions of C and is not supported in C23 [-Wdeprecated-non-prototype]
  311 |         DL_CALL(p->h_libbdplus, bdplus_start, p->bdplus);
      |         ^
../src/file/dl.h:53:19: note: expanded from macro 'DL_CALL'
   53 |               fptr(__VA_ARGS__);                    \
      |                   ^
../src/libbluray/disc/bdplus.c:334:25: warning: passing arguments to a function without a prototype is deprecated in all versions of C and is not supported in C23 [-Wdeprecated-non-prototype]
  334 |                 p->title(p->bdplus, clip_id);
      |                         ^
../src/libbluray/disc/bdplus.c:335:24: warning: passing arguments to a function without a prototype is deprecated in all versions of C and is not supported in C23 [-Wdeprecated-non-prototype]
  335 |                 p->seek(p->bdplus, pos);
      |                        ^
../src/libbluray/disc/bdplus.c:340:27: warning: passing arguments to a function without a prototype is deprecated in all versions of C and is not supported in C23 [-Wdeprecated-non-prototype]
  340 |         void *st = p->m2ts(p->bdplus, clip_id);
      |                           ^
../src/libbluray/disc/bdplus.c:345:27: warning: passing arguments to a function without a prototype is deprecated in all versions of C and is not supported in C23 [-Wdeprecated-non-prototype]
  345 |         } else if (p->seek(st, pos) < 0) {
      |                           ^
../src/libbluray/disc/bdplus.c:347:26: warning: passing arguments to a function without a prototype is deprecated in all versions of C and is not supported in C23 [-Wdeprecated-non-prototype]
  347 |             p->m2ts_close(st);
      |                          ^
../src/libbluray/disc/bdplus.c:367:43: warning: passing arguments to a function without a prototype is deprecated in all versions of C and is not supported in C23 [-Wdeprecated-non-prototype]
  367 |             result = (*p)->lib->m2ts_close((*p)->st);
      |                                           ^
../src/libbluray/disc/bdplus.c:379:32: warning: passing arguments to a function without a prototype is deprecated in all versions of C and is not supported in C23 [-Wdeprecated-non-prototype]
  379 |             return p->lib->seek(p->st, pos);
      |                                ^
../src/libbluray/disc/bdplus.c:382:32: warning: passing arguments to a function without a prototype is deprecated in all versions of C and is not supported in C23 [-Wdeprecated-non-prototype]
  382 |             return p->lib->seek(p->lib->bdplus, pos);
      |                                ^
../src/libbluray/disc/bdplus.c:393:29: warning: passing arguments to a function without a prototype is deprecated in all versions of C and is not supported in C23 [-Wdeprecated-non-prototype]
  393 |         return p->lib->fixup(p->lib->bdplus, len, buf);
      |                             ^
../src/libbluray/disc/bdplus.c:398:33: warning: passing arguments to a function without a prototype is deprecated in all versions of C and is not supported in C23 [-Wdeprecated-non-prototype]
  398 |         numFixes = p->lib->fixup(p->st, len, buf);
      |                                 ^
22 warnings generated.
[46/78] Compiling C object src/libbluray.a.p/libbluray_disc_aacs.c.o
../src/libbluray/disc/aacs.c:54:9: warning: passing arguments to a function without a prototype is deprecated in all versions of C and is not supported in C23 [-Wdeprecated-non-prototype]
   54 |         DL_CALL(p->h_libaacs, aacs_close, p->aacs);
      |         ^
../src/file/dl.h:53:19: note: expanded from macro 'DL_CALL'
   53 |               fptr(__VA_ARGS__);                    \
      |                   ^
../src/libbluray/disc/aacs.c:110:29: warning: passing arguments to a function without a prototype is deprecated in all versions of C and is not supported in C23 [-Wdeprecated-non-prototype]
  110 |                 if (fp && fp(NULL) == 0) {
      |                             ^
../src/libbluray/disc/aacs.c:154:9: warning: passing arguments to a function without a prototype is deprecated in all versions of C and is not supported in C23 [-Wdeprecated-non-prototype]
  154 |         DL_CALL(p->h_libaacs, aacs_register_file, file_open);
      |         ^
../src/file/dl.h:53:19: note: expanded from macro 'DL_CALL'
   53 |               fptr(__VA_ARGS__);                    \
      |                   ^
../src/libbluray/disc/aacs.c:190:9: warning: passing arguments to a function without a prototype is deprecated in all versions of C and is not supported in C23 [-Wdeprecated-non-prototype]
  190 |         DL_CALL(p->h_libaacs, aacs_set_fopen, p->aacs, file_open_handle, file_open_fp);
      |         ^
../src/file/dl.h:53:19: note: expanded from macro 'DL_CALL'
   53 |               fptr(__VA_ARGS__);                    \
      |                   ^
../src/libbluray/disc/aacs.c:191:33: warning: passing arguments to a function without a prototype is deprecated in all versions of C and is not supported in C23 [-Wdeprecated-non-prototype]
  191 |         error_code = open_device(p->aacs, device, keyfile_path);
      |                                 ^
../src/libbluray/disc/aacs.c:194:24: warning: passing arguments to a function without a prototype is deprecated in all versions of C and is not supported in C23 [-Wdeprecated-non-prototype]
  194 |         p->aacs = open2(device, keyfile_path, &error_code);
      |                        ^
../src/libbluray/disc/aacs.c:200:32: warning: passing arguments to a function without a prototype is deprecated in all versions of C and is not supported in C23 [-Wdeprecated-non-prototype]
  200 |                 p->aacs = open2(tmp_device, keyfile_path, &error_code);
      |                                ^
../src/libbluray/disc/aacs.c:206:23: warning: passing arguments to a function without a prototype is deprecated in all versions of C and is not supported in C23 [-Wdeprecated-non-prototype]
  206 |         p->aacs = open(device, keyfile_path);
      |                       ^
../src/libbluray/disc/aacs.c:229:43: warning: passing arguments to a function without a prototype is deprecated in all versions of C and is not supported in C23 [-Wdeprecated-non-prototype]
  229 |             p->mkbv = aacs_get_mkb_version(p->aacs);
      |                                           ^
../src/libbluray/disc/aacs.c:232:59: warning: passing arguments to a function without a prototype is deprecated in all versions of C and is not supported in C23 [-Wdeprecated-non-prototype]
  232 |             p->disc_id = (const uint8_t *)aacs_get_disc_id(p->aacs);
      |                                                           ^
../src/libbluray/disc/aacs.c:247:9: warning: passing arguments to a function without a prototype is deprecated in all versions of C and is not supported in C23 [-Wdeprecated-non-prototype]
  247 |         DL_CALL(p->h_libaacs, aacs_select_title, p->aacs, title);
      |         ^
../src/file/dl.h:53:19: note: expanded from macro 'DL_CALL'
   53 |               fptr(__VA_ARGS__);                    \
      |                   ^
../src/libbluray/disc/aacs.c:254:29: warning: passing arguments to a function without a prototype is deprecated in all versions of C and is not supported in C23 [-Wdeprecated-non-prototype]
  254 |         if (!p->decrypt_unit(p->aacs, buf)) {
      |                             ^
../src/libbluray/disc/aacs.c:267:27: warning: passing arguments to a function without a prototype is deprecated in all versions of C and is not supported in C23 [-Wdeprecated-non-prototype]
  267 |         if (p->decrypt_bus(p->aacs, buf) > 0) {
      |                           ^
../src/libbluray/disc/aacs.c:299:19: warning: passing arguments to a function without a prototype is deprecated in all versions of C and is not supported in C23 [-Wdeprecated-non-prototype]
  299 |     return get_bec(p->aacs) == 3;
      |                   ^
../src/libbluray/disc/aacs.c:312:30: warning: passing arguments to a function without a prototype is deprecated in all versions of C and is not supported in C23 [-Wdeprecated-non-prototype]
  312 |     return (const uint8_t*)fp(p->aacs);
      |                              ^
15 warnings generated.
[1/127] Compiling C++ object src/libharfbuzz.a.p/hb-blob.cc.o
In file included from ../src/hb-blob.cc:28:
In file included from ../src/hb.hh:201:
In file included from ../src/hb.h:31:
In file included from ../src/hb-blob.h:34:
In file included from ../src/hb-common.h:66:
In file included from /Applications/Xcode.app/Contents/Developer/Platforms/MacOSX.platform/Developer/SDKs/MacOSX.sdk/usr/include/c++/v1/inttypes.h:241:
In file included from /Applications/Xcode.app/Contents/Developer/Platforms/MacOSX.platform/Developer/SDKs/MacOSX.sdk/usr/include/c++/v1/__config:15:
/Applications/Xcode.app/Contents/Developer/Platforms/MacOSX.platform/Developer/SDKs/MacOSX.sdk/usr/include/c++/v1/__configuration/availability.h:204:4: warning: "The selected platform is no longer supported by libc++." [-W#warnings]
  204 | #  warning "The selected platform is no longer supported by libc++."
      |    ^
1 warning generated.
[47/78] Compiling C object src/libbluray.a.p/libbluray_disc_dec.c.o
[2/127] Compiling C++ object src/libharfbuzz.a.p/hb-buffer-serialize.cc.o
In file included from ../src/hb-buffer-serialize.cc:27:
In file included from ../src/hb.hh:201:
In file included from ../src/hb.h:31:
In file included from ../src/hb-blob.h:34:
In file included from ../src/hb-common.h:66:
In file included from /Applications/Xcode.app/Contents/Developer/Platforms/MacOSX.platform/Developer/SDKs/MacOSX.sdk/usr/include/c++/v1/inttypes.h:241:
In file included from /Applications/Xcode.app/Contents/Developer/Platforms/MacOSX.platform/Developer/SDKs/MacOSX.sdk/usr/include/c++/v1/__config:15:
/Applications/Xcode.app/Contents/Developer/Platforms/MacOSX.platform/Developer/SDKs/MacOSX.sdk/usr/include/c++/v1/__configuration/availability.h:204:4: warning: "The selected platform is no longer supported by libc++." [-W#warnings]
  204 | #  warning "The selected platform is no longer supported by libc++."
      |    ^
1 warning generated.
[48/78] Compiling C object src/libbluray.a.p/libbluray_disc_properties.c.o
[49/78] Compiling C object src/libbluray.a.p/libbluray_disc_udf_fs.c.o
true
checking for Solaris atomic operations... [50/78] Compiling C object src/libbluray.a.p/libbluray_disc_disc.c.o
[51/78] Compiling C object src/libbluray.a.p/libbluray_decoders_graphics_controller.c.o
[52/78] Compiling C object src/libbluray.a.p/libbluray_hdmv_mobj_print.c.o
false
checking if compiler needs -Werror to reject unknown flags... [53/78] Compiling C object src/libbluray.a.p/libbluray_hdmv_mobj_parse.c.o
[54/78] Compiling C object src/libbluray.a.p/file_file.c.o
[55/78] Compiling C object src/libbluray.a.p/file_filesystem.c.o
yes
checking whether pthreads work with -pthread... [56/78] Compiling C object src/libbluray.a.p/util_bits.c.o
../src/util/bits.c:223:9: warning: ignoring return value of function declared with 'warn_unused_result' attribute [-Wunused-result]
  223 |         file_seek(bs->fp, bs->pos, SEEK_SET);
      |         ^~~~~~~~~ ~~~~~~~~~~~~~~~~~~~~~~~~~
../src/util/bits.c:250:9: warning: ignoring return value of function declared with 'warn_unused_result' attribute [-Wunused-result]
  250 |         file_seek(bs->fp, bs->pos, SEEK_SET);
      |         ^~~~~~~~~ ~~~~~~~~~~~~~~~~~~~~~~~~~
2 warnings generated.
[57/78] Compiling C object src/libbluray.a.p/util_logging.c.o
[58/78] Compiling C object src/libbluray.a.p/util_refcnt.c.o
[59/78] Compiling C object src/libbluray.a.p/util_time.c.o
[60/78] Compiling C object src/libbluray.a.p/libbluray_hdmv_hdmv_vm.c.o
[61/78] Compiling C object src/libbluray.a.p/util_array.c.o
yes
checking for joinable pthread attribute... [62/78] Compiling C object src/libbluray.a.p/util_mutex.c.o
[63/78] Compiling C object src/libbluray.a.p/util_event_queue.c.o
[64/78] Compiling C object src/libbluray.a.p/file_dir_posix.c.o
../src/file/dir_posix.c:77:14: warning: 'readdir_r' is deprecated: This function cannot be used safely as it does not take into account the variability of {NAME_MAX}.  It is highly recommended that you use readdir(3) instead. [-Wdeprecated-declarations]
   77 |     result = readdir_r((DIR*)dir->internal, &e, &p_e);
      |              ^
/Applications/Xcode.app/Contents/Developer/Platforms/MacOSX.platform/Developer/SDKs/MacOSX.sdk/usr/include/dirent.h:114:1: note: 'readdir_r' has been explicitly marked deprecated here
  114 | __deprecated_msg("This function cannot be used safely as it does not take into account the variability of {NAME_MAX}.  It is highly recommended that you use readdir(3) instead.")
      | ^
/Applications/Xcode.app/Contents/Developer/Platforms/MacOSX.platform/Developer/SDKs/MacOSX.sdk/usr/include/sys/cdefs.h:227:48: note: expanded from macro '__deprecated_msg'
  227 |         #define __deprecated_msg(_msg) __attribute__((__deprecated__(_msg)))
      |                                                       ^
1 warning generated.
[65/78] Compiling C object src/libbluray.a.p/util_strutl.c.o
../src/util/strutl.c:115:36: warning: initializer-string for character array is too long, array size is 16 but initializer has size 17 (including the null terminating character); did you mean to use the 'nonstring' attribute? [-Wunterminated-string-initialization]
  115 |     static const char nibble[16] = "0123456789abcdef";
      |                                    ^~~~~~~~~~~~~~~~~~
1 warning generated.
[66/78] Compiling C object src/libbluray.a.p/file_dirs_darwin.c.o
[3/127] Compiling C++ object src/libharfbuzz.a.p/hb-buffer-verify.cc.o
In file included from ../src/hb-buffer-verify.cc:27:
In file included from ../src/hb.hh:201:
In file included from ../src/hb.h:31:
In file included from ../src/hb-blob.h:34:
In file included from ../src/hb-common.h:66:
In file included from /Applications/Xcode.app/Contents/Developer/Platforms/MacOSX.platform/Developer/SDKs/MacOSX.sdk/usr/include/c++/v1/inttypes.h:241:
In file included from /Applications/Xcode.app/Contents/Developer/Platforms/MacOSX.platform/Developer/SDKs/MacOSX.sdk/usr/include/c++/v1/__config:15:
/Applications/Xcode.app/Contents/Developer/Platforms/MacOSX.platform/Developer/SDKs/MacOSX.sdk/usr/include/c++/v1/__configuration/availability.h:204:4: warning: "The selected platform is no longer supported by libc++." [-W#warnings]
  204 | #  warning "The selected platform is no longer supported by libc++."
      |    ^
1 warning generated.
[67/78] Compiling C object src/libbluray.a.p/file_dl_posix.c.o
PTHREAD_CREATE_JOINABLE
checking if more special flags are required for pthreads... -D_THREAD_SAFE
checking for PTHREAD_PRIO_INHERIT... [68/78] Compiling C object src/libbluray.a.p/file_file_posix.c.o
[69/78] Compiling C object src/libbluray.a.p/file_mount_darwin.c.o
[70/78] Compiling C object src/tools/bd_info.p/bd_info.c.o
[71/78] Compiling C object src/tools/bd_list_titles.p/bd_list_titles.c.o
[72/78] Compiling C object src/tools/bd_splice.p/bd_splice.c.o
yes
checking for docbook2html... no
checking whether byte ordering is bigendian... [73/78] Linking static target contrib/libudfread/src/libudfread.a
[74/78] Linking static target src/libbluray.a
[75/78] Linking target src/tools/bd_splice
[76/78] Linking target src/tools/bd_info
[77/78] Linking target src/tools/bd_list_titles
no
checking size of void *... [4/127] Compiling C++ object src/libharfbuzz.a.p/hb-aat-map.cc.o
In file included from ../src/hb-aat-map.cc:29:
In file included from ../src/hb.hh:201:
In file included from ../src/hb.h:31:
In file included from ../src/hb-blob.h:34:
In file included from ../src/hb-common.h:66:
In file included from /Applications/Xcode.app/Contents/Developer/Platforms/MacOSX.platform/Developer/SDKs/MacOSX.sdk/usr/include/c++/v1/inttypes.h:241:
In file included from /Applications/Xcode.app/Contents/Developer/Platforms/MacOSX.platform/Developer/SDKs/MacOSX.sdk/usr/include/c++/v1/__config:15:
/Applications/Xcode.app/Contents/Developer/Platforms/MacOSX.platform/Developer/SDKs/MacOSX.sdk/usr/include/c++/v1/__configuration/availability.h:204:4: warning: "The selected platform is no longer supported by libc++." [-W#warnings]
  204 | #  warning "The selected platform is no longer supported by libc++."
      |    ^
1 warning generated.
[5/127] Compiling C++ object src/libharfbuzz.a.p/hb-common.cc.o
In file included from ../src/hb-common.cc:29:
In file included from ../src/hb.hh:201:
In file included from ../src/hb.h:31:
In file included from ../src/hb-blob.h:34:
In file included from ../src/hb-common.h:66:
In file included from /Applications/Xcode.app/Contents/Developer/Platforms/MacOSX.platform/Developer/SDKs/MacOSX.sdk/usr/include/c++/v1/inttypes.h:241:
In file included from /Applications/Xcode.app/Contents/Developer/Platforms/MacOSX.platform/Developer/SDKs/MacOSX.sdk/usr/include/c++/v1/__config:15:
/Applications/Xcode.app/Contents/Developer/Platforms/MacOSX.platform/Developer/SDKs/MacOSX.sdk/usr/include/c++/v1/__configuration/availability.h:204:4: warning: "The selected platform is no longer supported by libc++." [-W#warnings]
  204 | #  warning "The selected platform is no longer supported by libc++."
      |    ^
1 warning generated.
[6/127] Compiling C++ object src/libharfbuzz.a.p/hb-buffer.cc.o
In file included from ../src/hb-buffer.cc:30:
In file included from ../src/hb-buffer.hh:33:
In file included from ../src/hb.hh:201:
In file included from ../src/hb.h:31:
In file included from ../src/hb-blob.h:34:
In file included from ../src/hb-common.h:66:
In file included from /Applications/Xcode.app/Contents/Developer/Platforms/MacOSX.platform/Developer/SDKs/MacOSX.sdk/usr/include/c++/v1/inttypes.h:241:
In file included from /Applications/Xcode.app/Contents/Developer/Platforms/MacOSX.platform/Developer/SDKs/MacOSX.sdk/usr/include/c++/v1/__config:15:
/Applications/Xcode.app/Contents/Developer/Platforms/MacOSX.platform/Developer/SDKs/MacOSX.sdk/usr/include/c++/v1/__configuration/availability.h:204:4: warning: "The selected platform is no longer supported by libc++." [-W#warnings]
  204 | #  warning "The selected platform is no longer supported by libc++."
      |    ^
1 warning generated.
8
checking alignment of double... [7/127] Compiling C++ object src/libharfbuzz.a.p/hb-draw.cc.o
In file included from ../src/hb-draw.cc:25:
In file included from ../src/hb.hh:201:
In file included from ../src/hb.h:31:
In file included from ../src/hb-blob.h:34:
In file included from ../src/hb-common.h:66:
In file included from /Applications/Xcode.app/Contents/Developer/Platforms/MacOSX.platform/Developer/SDKs/MacOSX.sdk/usr/include/c++/v1/inttypes.h:241:
In file included from /Applications/Xcode.app/Contents/Developer/Platforms/MacOSX.platform/Developer/SDKs/MacOSX.sdk/usr/include/c++/v1/__config:15:
/Applications/Xcode.app/Contents/Developer/Platforms/MacOSX.platform/Developer/SDKs/MacOSX.sdk/usr/include/c++/v1/__configuration/availability.h:204:4: warning: "The selected platform is no longer supported by libc++." [-W#warnings]
  204 | #  warning "The selected platform is no longer supported by libc++."
      |    ^
1 warning generated.
8
checking alignment of void *... [8/127] Compiling C++ object src/libharfbuzz.a.p/hb-paint-bounded.cc.o
In file included from ../src/hb-paint-bounded.cc:25:
In file included from ../src/hb.hh:201:
In file included from ../src/hb.h:31:
In file included from ../src/hb-blob.h:34:
In file included from ../src/hb-common.h:66:
In file included from /Applications/Xcode.app/Contents/Developer/Platforms/MacOSX.platform/Developer/SDKs/MacOSX.sdk/usr/include/c++/v1/inttypes.h:241:
In file included from /Applications/Xcode.app/Contents/Developer/Platforms/MacOSX.platform/Developer/SDKs/MacOSX.sdk/usr/include/c++/v1/__config:15:
/Applications/Xcode.app/Contents/Developer/Platforms/MacOSX.platform/Developer/SDKs/MacOSX.sdk/usr/include/c++/v1/__configuration/availability.h:204:4: warning: "The selected platform is no longer supported by libc++." [-W#warnings]
  204 | #  warning "The selected platform is no longer supported by libc++."
      |    ^
1 warning generated.
[9/127] Compiling C++ object src/libharfbuzz.a.p/hb-paint.cc.o
In file included from ../src/hb-paint.cc:25:
In file included from ../src/hb.hh:201:
In file included from ../src/hb.h:31:
In file included from ../src/hb-blob.h:34:
In file included from ../src/hb-common.h:66:
In file included from /Applications/Xcode.app/Contents/Developer/Platforms/MacOSX.platform/Developer/SDKs/MacOSX.sdk/usr/include/c++/v1/inttypes.h:241:
In file included from /Applications/Xcode.app/Contents/Developer/Platforms/MacOSX.platform/Developer/SDKs/MacOSX.sdk/usr/include/c++/v1/__config:15:
/Applications/Xcode.app/Contents/Developer/Platforms/MacOSX.platform/Developer/SDKs/MacOSX.sdk/usr/include/c++/v1/__configuration/availability.h:204:4: warning: "The selected platform is no longer supported by libc++." [-W#warnings]
  204 | #  warning "The selected platform is no longer supported by libc++."
      |    ^
1 warning generated.
[10/127] Compiling C++ object src/libharfbuzz.a.p/hb-paint-extents.cc.o
In file included from ../src/hb-paint-extents.cc:25:
In file included from ../src/hb.hh:201:
In file included from ../src/hb.h:31:
In file included from ../src/hb-blob.h:34:
In file included from ../src/hb-common.h:66:
In file included from /Applications/Xcode.app/Contents/Developer/Platforms/MacOSX.platform/Developer/SDKs/MacOSX.sdk/usr/include/c++/v1/inttypes.h:241:
In file included from /Applications/Xcode.app/Contents/Developer/Platforms/MacOSX.platform/Developer/SDKs/MacOSX.sdk/usr/include/c++/v1/__config:15:
/Applications/Xcode.app/Contents/Developer/Platforms/MacOSX.platform/Developer/SDKs/MacOSX.sdk/usr/include/c++/v1/__configuration/availability.h:204:4: warning: "The selected platform is no longer supported by libc++." [-W#warnings]
  204 | #  warning "The selected platform is no longer supported by libc++."
      |    ^
1 warning generated.
8
checking that generated files are newer than configure... done
configure: creating ./config.status
[11/127] Compiling C++ object src/libharfbuzz.a.p/hb-fallback-shape.cc.o
In file included from ../src/hb-fallback-shape.cc:27:
In file included from ../src/hb-shaper-impl.hh:30:
In file included from ../src/hb.hh:201:
In file included from ../src/hb.h:31:
In file included from ../src/hb-blob.h:34:
In file included from ../src/hb-common.h:66:
In file included from /Applications/Xcode.app/Contents/Developer/Platforms/MacOSX.platform/Developer/SDKs/MacOSX.sdk/usr/include/c++/v1/inttypes.h:241:
In file included from /Applications/Xcode.app/Contents/Developer/Platforms/MacOSX.platform/Developer/SDKs/MacOSX.sdk/usr/include/c++/v1/__config:15:
/Applications/Xcode.app/Contents/Developer/Platforms/MacOSX.platform/Developer/SDKs/MacOSX.sdk/usr/include/c++/v1/__configuration/availability.h:204:4: warning: "The selected platform is no longer supported by libc++." [-W#warnings]
  204 | #  warning "The selected platform is no longer supported by libc++."
      |    ^
1 warning generated.
[12/127] Compiling C++ object src/libharfbuzz.a.p/hb-face-builder.cc.o
In file included from ../src/hb-face-builder.cc:29:
In file included from ../src/hb.hh:201:
In file included from ../src/hb.h:31:
In file included from ../src/hb-blob.h:34:
In file included from ../src/hb-common.h:66:
In file included from /Applications/Xcode.app/Contents/Developer/Platforms/MacOSX.platform/Developer/SDKs/MacOSX.sdk/usr/include/c++/v1/inttypes.h:241:
In file included from /Applications/Xcode.app/Contents/Developer/Platforms/MacOSX.platform/Developer/SDKs/MacOSX.sdk/usr/include/c++/v1/__config:15:
/Applications/Xcode.app/Contents/Developer/Platforms/MacOSX.platform/Developer/SDKs/MacOSX.sdk/usr/include/c++/v1/__configuration/availability.h:204:4: warning: "The selected platform is no longer supported by libc++." [-W#warnings]
  204 | #  warning "The selected platform is no longer supported by libc++."
      |    ^
1 warning generated.
[13/127] Compiling C++ object src/libharfbuzz.a.p/hb-map.cc.o
In file included from ../src/hb-map.cc:27:
In file included from ../src/hb-map.hh:30:
In file included from ../src/hb.hh:201:
In file included from ../src/hb.h:31:
In file included from ../src/hb-blob.h:34:
In file included from ../src/hb-common.h:66:
In file included from /Applications/Xcode.app/Contents/Developer/Platforms/MacOSX.platform/Developer/SDKs/MacOSX.sdk/usr/include/c++/v1/inttypes.h:241:
In file included from /Applications/Xcode.app/Contents/Developer/Platforms/MacOSX.platform/Developer/SDKs/MacOSX.sdk/usr/include/c++/v1/__config:15:
/Applications/Xcode.app/Contents/Developer/Platforms/MacOSX.platform/Developer/SDKs/MacOSX.sdk/usr/include/c++/v1/__configuration/availability.h:204:4: warning: "The selected platform is no longer supported by libc++." [-W#warnings]
  204 | #  warning "The selected platform is no longer supported by libc++."
      |    ^
1 warning generated.
config.status: creating Makefile
config.status: creating fontconfig/Makefile
config.status: creating fc-lang/Makefile
[14/127] Compiling C++ object src/libharfbuzz.a.p/hb-face.cc.o
In file included from ../src/hb-face.cc:29:
In file included from ../src/hb.hh:201:
In file included from ../src/hb.h:31:
In file included from ../src/hb-blob.h:34:
In file included from ../src/hb-common.h:66:
In file included from /Applications/Xcode.app/Contents/Developer/Platforms/MacOSX.platform/Developer/SDKs/MacOSX.sdk/usr/include/c++/v1/inttypes.h:241:
In file included from /Applications/Xcode.app/Contents/Developer/Platforms/MacOSX.platform/Developer/SDKs/MacOSX.sdk/usr/include/c++/v1/__config:15:
/Applications/Xcode.app/Contents/Developer/Platforms/MacOSX.platform/Developer/SDKs/MacOSX.sdk/usr/include/c++/v1/__configuration/availability.h:204:4: warning: "The selected platform is no longer supported by libc++." [-W#warnings]
  204 | #  warning "The selected platform is no longer supported by libc++."
      |    ^
1 warning generated.
config.status: creating fc-glyphname/Makefile
config.status: creating fc-blanks/Makefile
config.status: creating fc-case/Makefile
config.status: creating src/Makefile
[15/127] Compiling C++ object src/libharfbuzz.a.p/hb-number.cc.o
In file included from ../src/hb-number.cc:30:
In file included from ../src/hb.hh:201:
In file included from ../src/hb.h:31:
In file included from ../src/hb-blob.h:34:
In file included from ../src/hb-common.h:66:
In file included from /Applications/Xcode.app/Contents/Developer/Platforms/MacOSX.platform/Developer/SDKs/MacOSX.sdk/usr/include/c++/v1/inttypes.h:241:
In file included from /Applications/Xcode.app/Contents/Developer/Platforms/MacOSX.platform/Developer/SDKs/MacOSX.sdk/usr/include/c++/v1/__config:15:
/Applications/Xcode.app/Contents/Developer/Platforms/MacOSX.platform/Developer/SDKs/MacOSX.sdk/usr/include/c++/v1/__configuration/availability.h:204:4: warning: "The selected platform is no longer supported by libc++." [-W#warnings]
  204 | #  warning "The selected platform is no longer supported by libc++."
      |    ^
1 warning generated.
config.status: creating conf.d/Makefile
config.status: creating fc-cache/Makefile
config.status: creating fc-cat/Makefile
config.status: creating fc-list/Makefile
[16/127] Compiling C++ object src/libharfbuzz.a.p/hb-font.cc.o
In file included from ../src/hb-font.cc:29:
In file included from ../src/hb.hh:201:
In file included from ../src/hb.h:31:
In file included from ../src/hb-blob.h:34:
In file included from ../src/hb-common.h:66:
In file included from /Applications/Xcode.app/Contents/Developer/Platforms/MacOSX.platform/Developer/SDKs/MacOSX.sdk/usr/include/c++/v1/inttypes.h:241:
In file included from /Applications/Xcode.app/Contents/Developer/Platforms/MacOSX.platform/Developer/SDKs/MacOSX.sdk/usr/include/c++/v1/__config:15:
/Applications/Xcode.app/Contents/Developer/Platforms/MacOSX.platform/Developer/SDKs/MacOSX.sdk/usr/include/c++/v1/__configuration/availability.h:204:4: warning: "The selected platform is no longer supported by libc++." [-W#warnings]
  204 | #  warning "The selected platform is no longer supported by libc++."
      |    ^
1 warning generated.
config.status: creating fc-match/Makefile
config.status: creating fc-pattern/Makefile
config.status: creating fc-query/Makefile
config.status: creating fc-scan/Makefile
config.status: creating fc-validate/Makefile
[17/127] Compiling C++ object src/libharfbuzz.a.p/hb-aat-layout.cc.o
In file included from ../src/hb-aat-layout.cc:28:
In file included from ../src/hb.hh:201:
In file included from ../src/hb.h:31:
In file included from ../src/hb-blob.h:34:
In file included from ../src/hb-common.h:66:
In file included from /Applications/Xcode.app/Contents/Developer/Platforms/MacOSX.platform/Developer/SDKs/MacOSX.sdk/usr/include/c++/v1/inttypes.h:241:
In file included from /Applications/Xcode.app/Contents/Developer/Platforms/MacOSX.platform/Developer/SDKs/MacOSX.sdk/usr/include/c++/v1/__config:15:
/Applications/Xcode.app/Contents/Developer/Platforms/MacOSX.platform/Developer/SDKs/MacOSX.sdk/usr/include/c++/v1/__configuration/availability.h:204:4: warning: "The selected platform is no longer supported by libc++." [-W#warnings]
  204 | #  warning "The selected platform is no longer supported by libc++."
      |    ^
1 warning generated.
config.status: creating doc/Makefile
config.status: creating doc/version.sgml
config.status: creating test/Makefile
config.status: creating fontconfig.spec
config.status: creating fontconfig.pc
config.status: creating fontconfig-zip
config.status: creating config.h
config.status: config.h is unchanged
config.status: executing depfiles commands
config.status: executing libtool commands
config.status: executing src/fcstdint.h commands
config.status: creating src/fcstdint.h : _FONTCONFIG_SRC_FCSTDINT_H
config.status: src/fcstdint.h is unchanged
configure: WARNING: unrecognized options: --with-confdir
/Applications/Xcode.app/Contents/Developer/usr/bin/make -C fontconfig
/Applications/Xcode.app/Contents/Developer/usr/bin/make  all-recursive
Making all in fontconfig
make[3]: Nothing to be done for `all'.
Making all in fc-blanks
make[3]: Nothing to be done for `all'.
Making all in fc-case
/Applications/Xcode.app/Contents/Developer/usr/bin/make  all-am
make[4]: Nothing to be done for `all-am'.
Making all in fc-lang
/Applications/Xcode.app/Contents/Developer/usr/bin/make  all-am
make[4]: Nothing to be done for `all-am'.
Making all in fc-glyphname
/Applications/Xcode.app/Contents/Developer/usr/bin/make  all-am
make[4]: Nothing to be done for `all-am'.
Making all in src
  GEN      stamp-fcstdint
[18/127] Compiling C++ object src/libharfbuzz.a.p/hb-ot-cff1-table.cc.o
In file included from ../src/hb-ot-cff1-table.cc:31:
In file included from ../src/hb.hh:201:
In file included from ../src/hb.h:31:
In file included from ../src/hb-blob.h:34:
In file included from ../src/hb-common.h:66:
In file included from /Applications/Xcode.app/Contents/Developer/Platforms/MacOSX.platform/Developer/SDKs/MacOSX.sdk/usr/include/c++/v1/inttypes.h:241:
In file included from /Applications/Xcode.app/Contents/Developer/Platforms/MacOSX.platform/Developer/SDKs/MacOSX.sdk/usr/include/c++/v1/__config:15:
/Applications/Xcode.app/Contents/Developer/Platforms/MacOSX.platform/Developer/SDKs/MacOSX.sdk/usr/include/c++/v1/__configuration/availability.h:204:4: warning: "The selected platform is no longer supported by libc++." [-W#warnings]
  204 | #  warning "The selected platform is no longer supported by libc++."
      |    ^
1 warning generated.
[19/127] Compiling C++ object src/libharfbuzz.a.p/hb-ot-cff2-table.cc.o
In file included from ../src/hb-ot-cff2-table.cc:31:
In file included from ../src/hb.hh:201:
In file included from ../src/hb.h:31:
In file included from ../src/hb-blob.h:34:
In file included from ../src/hb-common.h:66:
In file included from /Applications/Xcode.app/Contents/Developer/Platforms/MacOSX.platform/Developer/SDKs/MacOSX.sdk/usr/include/c++/v1/inttypes.h:241:
In file included from /Applications/Xcode.app/Contents/Developer/Platforms/MacOSX.platform/Developer/SDKs/MacOSX.sdk/usr/include/c++/v1/__config:15:
/Applications/Xcode.app/Contents/Developer/Platforms/MacOSX.platform/Developer/SDKs/MacOSX.sdk/usr/include/c++/v1/__configuration/availability.h:204:4: warning: "The selected platform is no longer supported by libc++." [-W#warnings]
  204 | #  warning "The selected platform is no longer supported by libc++."
      |    ^
1 warning generated.
config.status: executing src/fcstdint.h commands
config.status: creating src/fcstdint.h : _FONTCONFIG_SRC_FCSTDINT_H
config.status: src/fcstdint.h is unchanged
/Applications/Xcode.app/Contents/Developer/usr/bin/make  all-am
make[4]: Nothing to be done for `all-am'.
Making all in fc-cache
make[3]: Nothing to be done for `all'.
Making all in fc-cat
make[3]: Nothing to be done for `all'.
Making all in fc-list
make[3]: Nothing to be done for `all'.
Making all in fc-match
make[3]: Nothing to be done for `all'.
Making all in fc-pattern
make[3]: Nothing to be done for `all'.
Making all in fc-query
make[3]: Nothing to be done for `all'.
Making all in fc-scan
make[3]: Nothing to be done for `all'.
Making all in fc-validate
make[3]: Nothing to be done for `all'.
Making all in conf.d
/Applications/Xcode.app/Contents/Developer/usr/bin/make  all-am
make[4]: Nothing to be done for `all-am'.
Making all in test
make[3]: Nothing to be done for `all'.
/Applications/Xcode.app/Contents/Developer/usr/bin/make -C fontconfig install-exec
Making install-exec in fontconfig
make[2]: Nothing to be done for `install-exec'.
Making install-exec in fc-blanks
make[2]: Nothing to be done for `install-exec'.
Making install-exec in fc-case
make[2]: Nothing to be done for `install-exec'.
Making install-exec in fc-lang
make[2]: Nothing to be done for `install-exec'.
Making install-exec in fc-glyphname
make[2]: Nothing to be done for `install-exec'.
Making install-exec in src
 /usr/local/bin/gmkdir -p '/Users/cam/Documents/Projects/ultima-iv-web/vlc-thumbs/work/build/vlc-source/contrib/aarch64-apple-darwin27/lib'
 /bin/sh ../libtool   --mode=install /usr/local/bin/ginstall -c   libfontconfig.la '/Users/cam/Documents/Projects/ultima-iv-web/vlc-thumbs/work/build/vlc-source/contrib/aarch64-apple-darwin27/lib'
libtool: install: /usr/local/bin/ginstall -c .libs/libfontconfig.lai /Users/cam/Documents/Projects/ultima-iv-web/vlc-thumbs/work/build/vlc-source/contrib/aarch64-apple-darwin27/lib/libfontconfig.la
libtool: install: /usr/local/bin/ginstall -c .libs/libfontconfig.a /Users/cam/Documents/Projects/ultima-iv-web/vlc-thumbs/work/build/vlc-source/contrib/aarch64-apple-darwin27/lib/libfontconfig.a
libtool: install: chmod 644 /Users/cam/Documents/Projects/ultima-iv-web/vlc-thumbs/work/build/vlc-source/contrib/aarch64-apple-darwin27/lib/libfontconfig.a
[20/127] Compiling C++ object src/libharfbuzz.a.p/hb-outline.cc.o
In file included from ../src/hb-outline.cc:28:
In file included from ../src/hb.hh:201:
In file included from ../src/hb.h:31:
In file included from ../src/hb-blob.h:34:
In file included from ../src/hb-common.h:66:
In file included from /Applications/Xcode.app/Contents/Developer/Platforms/MacOSX.platform/Developer/SDKs/MacOSX.sdk/usr/include/c++/v1/inttypes.h:241:
In file included from /Applications/Xcode.app/Contents/Developer/Platforms/MacOSX.platform/Developer/SDKs/MacOSX.sdk/usr/include/c++/v1/__config:15:
/Applications/Xcode.app/Contents/Developer/Platforms/MacOSX.platform/Developer/SDKs/MacOSX.sdk/usr/include/c++/v1/__configuration/availability.h:204:4: warning: "The selected platform is no longer supported by libc++." [-W#warnings]
  204 | #  warning "The selected platform is no longer supported by libc++."
      |    ^
1 warning generated.
libtool: install: /Applications/Xcode.app/Contents/Developer/Toolchains/XcodeDefault.xctoolchain/usr/bin/ranlib /Users/cam/Documents/Projects/ultima-iv-web/vlc-thumbs/work/build/vlc-source/contrib/aarch64-apple-darwin27/lib/libfontconfig.a
Making install-exec in fc-cache
 /usr/local/bin/gmkdir -p '/Users/cam/Documents/Projects/ultima-iv-web/vlc-thumbs/work/build/vlc-source/contrib/aarch64-apple-darwin27/bin'
  /bin/sh ../libtool   --mode=install /usr/local/bin/ginstall -c fc-cache '/Users/cam/Documents/Projects/ultima-iv-web/vlc-thumbs/work/build/vlc-source/contrib/aarch64-apple-darwin27/bin'
[21/127] Compiling C++ object src/libharfbuzz.a.p/hb-ot-color.cc.o
In file included from ../src/hb-ot-color.cc:28:
In file included from ../src/hb.hh:201:
In file included from ../src/hb.h:31:
In file included from ../src/hb-blob.h:34:
In file included from ../src/hb-common.h:66:
In file included from /Applications/Xcode.app/Contents/Developer/Platforms/MacOSX.platform/Developer/SDKs/MacOSX.sdk/usr/include/c++/v1/inttypes.h:241:
In file included from /Applications/Xcode.app/Contents/Developer/Platforms/MacOSX.platform/Developer/SDKs/MacOSX.sdk/usr/include/c++/v1/__config:15:
/Applications/Xcode.app/Contents/Developer/Platforms/MacOSX.platform/Developer/SDKs/MacOSX.sdk/usr/include/c++/v1/__configuration/availability.h:204:4: warning: "The selected platform is no longer supported by libc++." [-W#warnings]
  204 | #  warning "The selected platform is no longer supported by libc++."
      |    ^
1 warning generated.
libtool: install: /usr/local/bin/ginstall -c fc-cache /Users/cam/Documents/Projects/ultima-iv-web/vlc-thumbs/work/build/vlc-source/contrib/aarch64-apple-darwin27/bin/fc-cache
Making install-exec in fc-cat
 /usr/local/bin/gmkdir -p '/Users/cam/Documents/Projects/ultima-iv-web/vlc-thumbs/work/build/vlc-source/contrib/aarch64-apple-darwin27/bin'
  /bin/sh ../libtool   --mode=install /usr/local/bin/ginstall -c fc-cat '/Users/cam/Documents/Projects/ultima-iv-web/vlc-thumbs/work/build/vlc-source/contrib/aarch64-apple-darwin27/bin'
libtool: install: /usr/local/bin/ginstall -c fc-cat /Users/cam/Documents/Projects/ultima-iv-web/vlc-thumbs/work/build/vlc-source/contrib/aarch64-apple-darwin27/bin/fc-cat
Making install-exec in fc-list
 /usr/local/bin/gmkdir -p '/Users/cam/Documents/Projects/ultima-iv-web/vlc-thumbs/work/build/vlc-source/contrib/aarch64-apple-darwin27/bin'
  /bin/sh ../libtool   --mode=install /usr/local/bin/ginstall -c fc-list '/Users/cam/Documents/Projects/ultima-iv-web/vlc-thumbs/work/build/vlc-source/contrib/aarch64-apple-darwin27/bin'
libtool: install: /usr/local/bin/ginstall -c fc-list /Users/cam/Documents/Projects/ultima-iv-web/vlc-thumbs/work/build/vlc-source/contrib/aarch64-apple-darwin27/bin/fc-list
Making install-exec in fc-match
 /usr/local/bin/gmkdir -p '/Users/cam/Documents/Projects/ultima-iv-web/vlc-thumbs/work/build/vlc-source/contrib/aarch64-apple-darwin27/bin'
  /bin/sh ../libtool   --mode=install /usr/local/bin/ginstall -c fc-match '/Users/cam/Documents/Projects/ultima-iv-web/vlc-thumbs/work/build/vlc-source/contrib/aarch64-apple-darwin27/bin'
libtool: install: /usr/local/bin/ginstall -c fc-match /Users/cam/Documents/Projects/ultima-iv-web/vlc-thumbs/work/build/vlc-source/contrib/aarch64-apple-darwin27/bin/fc-match
Making install-exec in fc-pattern
 /usr/local/bin/gmkdir -p '/Users/cam/Documents/Projects/ultima-iv-web/vlc-thumbs/work/build/vlc-source/contrib/aarch64-apple-darwin27/bin'
  /bin/sh ../libtool   --mode=install /usr/local/bin/ginstall -c fc-pattern '/Users/cam/Documents/Projects/ultima-iv-web/vlc-thumbs/work/build/vlc-source/contrib/aarch64-apple-darwin27/bin'
libtool: install: /usr/local/bin/ginstall -c fc-pattern /Users/cam/Documents/Projects/ultima-iv-web/vlc-thumbs/work/build/vlc-source/contrib/aarch64-apple-darwin27/bin/fc-pattern
Making install-exec in fc-query
 /usr/local/bin/gmkdir -p '/Users/cam/Documents/Projects/ultima-iv-web/vlc-thumbs/work/build/vlc-source/contrib/aarch64-apple-darwin27/bin'
  /bin/sh ../libtool   --mode=install /usr/local/bin/ginstall -c fc-query '/Users/cam/Documents/Projects/ultima-iv-web/vlc-thumbs/work/build/vlc-source/contrib/aarch64-apple-darwin27/bin'
libtool: install: /usr/local/bin/ginstall -c fc-query /Users/cam/Documents/Projects/ultima-iv-web/vlc-thumbs/work/build/vlc-source/contrib/aarch64-apple-darwin27/bin/fc-query
Making install-exec in fc-scan
 /usr/local/bin/gmkdir -p '/Users/cam/Documents/Projects/ultima-iv-web/vlc-thumbs/work/build/vlc-source/contrib/aarch64-apple-darwin27/bin'
  /bin/sh ../libtool   --mode=install /usr/local/bin/ginstall -c fc-scan '/Users/cam/Documents/Projects/ultima-iv-web/vlc-thumbs/work/build/vlc-source/contrib/aarch64-apple-darwin27/bin'
libtool: install: /usr/local/bin/ginstall -c fc-scan /Users/cam/Documents/Projects/ultima-iv-web/vlc-thumbs/work/build/vlc-source/contrib/aarch64-apple-darwin27/bin/fc-scan
Making install-exec in fc-validate
 /usr/local/bin/gmkdir -p '/Users/cam/Documents/Projects/ultima-iv-web/vlc-thumbs/work/build/vlc-source/contrib/aarch64-apple-darwin27/bin'
  /bin/sh ../libtool   --mode=install /usr/local/bin/ginstall -c fc-validate '/Users/cam/Documents/Projects/ultima-iv-web/vlc-thumbs/work/build/vlc-source/contrib/aarch64-apple-darwin27/bin'
libtool: install: /usr/local/bin/ginstall -c fc-validate /Users/cam/Documents/Projects/ultima-iv-web/vlc-thumbs/work/build/vlc-source/contrib/aarch64-apple-darwin27/bin/fc-validate
Making install-exec in conf.d
make[2]: Nothing to be done for `install-exec'.
Making install-exec in test
make[2]: Nothing to be done for `install-exec'.
make[2]: Nothing to be done for `install-exec-am'.
/Applications/Xcode.app/Contents/Developer/usr/bin/make -C fontconfig -C fontconfig
make[1]: Nothing to be done for `all'.
/Applications/Xcode.app/Contents/Developer/usr/bin/make -C fontconfig -C fontconfig install-data
 /usr/local/bin/gmkdir -p '/Users/cam/Documents/Projects/ultima-iv-web/vlc-thumbs/work/build/vlc-source/contrib/aarch64-apple-darwin27/include/fontconfig'
 /usr/local/bin/ginstall -c -m 644 fontconfig.h fcfreetype.h fcprivate.h '/Users/cam/Documents/Projects/ultima-iv-web/vlc-thumbs/work/build/vlc-source/contrib/aarch64-apple-darwin27/include/fontconfig'
sed -e 's%/usr/lib/libiconv.la%%' -i.orig /Users/cam/Documents/Projects/ultima-iv-web/vlc-thumbs/work/build/vlc-source/contrib/aarch64-apple-darwin27/lib/libfontconfig.la
cp fontconfig/fontconfig.pc /Users/cam/Documents/Projects/ultima-iv-web/vlc-thumbs/work/build/vlc-source/contrib/aarch64-apple-darwin27/lib/pkgconfig/
touch .fontconfig
[22/127] Compiling C++ object src/libharfbuzz.a.p/hb-ot-face.cc.o
In file included from ../src/hb-ot-face.cc:27:
In file included from ../src/hb-ot-face.hh:32:
In file included from ../src/hb.hh:201:
In file included from ../src/hb.h:31:
In file included from ../src/hb-blob.h:34:
In file included from ../src/hb-common.h:66:
In file included from /Applications/Xcode.app/Contents/Developer/Platforms/MacOSX.platform/Developer/SDKs/MacOSX.sdk/usr/include/c++/v1/inttypes.h:241:
In file included from /Applications/Xcode.app/Contents/Developer/Platforms/MacOSX.platform/Developer/SDKs/MacOSX.sdk/usr/include/c++/v1/__config:15:
/Applications/Xcode.app/Contents/Developer/Platforms/MacOSX.platform/Developer/SDKs/MacOSX.sdk/usr/include/c++/v1/__configuration/availability.h:204:4: warning: "The selected platform is no longer supported by libc++." [-W#warnings]
  204 | #  warning "The selected platform is no longer supported by libc++."
      |    ^
1 warning generated.
[23/127] Compiling C++ object src/libharfbuzz.a.p/hb-ot-map.cc.o
In file included from ../src/hb-ot-map.cc:29:
In file included from ../src/hb.hh:201:
In file included from ../src/hb.h:31:
In file included from ../src/hb-blob.h:34:
In file included from ../src/hb-common.h:66:
In file included from /Applications/Xcode.app/Contents/Developer/Platforms/MacOSX.platform/Developer/SDKs/MacOSX.sdk/usr/include/c++/v1/inttypes.h:241:
In file included from /Applications/Xcode.app/Contents/Developer/Platforms/MacOSX.platform/Developer/SDKs/MacOSX.sdk/usr/include/c++/v1/__config:15:
/Applications/Xcode.app/Contents/Developer/Platforms/MacOSX.platform/Developer/SDKs/MacOSX.sdk/usr/include/c++/v1/__configuration/availability.h:204:4: warning: "The selected platform is no longer supported by libc++." [-W#warnings]
  204 | #  warning "The selected platform is no longer supported by libc++."
      |    ^
1 warning generated.
[24/127] Compiling C++ object src/libharfbuzz.a.p/OT_Var_VARC_VARC.cc.o
In file included from ../src/OT/Var/VARC/VARC.cc:1:
In file included from ../src/OT/Var/VARC/VARC.hh:4:
In file included from ../src/OT/Var/VARC/../../../hb-decycler.hh:30:
In file included from ../src/OT/Var/VARC/../../../hb.hh:201:
In file included from ../src/OT/Var/VARC/../../../hb.h:31:
In file included from ../src/OT/Var/VARC/../../../hb-blob.h:34:
In file included from ../src/OT/Var/VARC/../../../hb-common.h:66:
In file included from /Applications/Xcode.app/Contents/Developer/Platforms/MacOSX.platform/Developer/SDKs/MacOSX.sdk/usr/include/c++/v1/inttypes.h:241:
In file included from /Applications/Xcode.app/Contents/Developer/Platforms/MacOSX.platform/Developer/SDKs/MacOSX.sdk/usr/include/c++/v1/__config:15:
/Applications/Xcode.app/Contents/Developer/Platforms/MacOSX.platform/Developer/SDKs/MacOSX.sdk/usr/include/c++/v1/__configuration/availability.h:204:4: warning: "The selected platform is no longer supported by libc++." [-W#warnings]
  204 | #  warning "The selected platform is no longer supported by libc++."
      |    ^
1 warning generated.
[25/127] Compiling C++ object src/libharfbuzz.a.p/hb-ot-font.cc.o
In file included from ../src/hb-ot-font.cc:27:
In file included from ../src/hb.hh:201:
In file included from ../src/hb.h:31:
In file included from ../src/hb-blob.h:34:
In file included from ../src/hb-common.h:66:
In file included from /Applications/Xcode.app/Contents/Developer/Platforms/MacOSX.platform/Developer/SDKs/MacOSX.sdk/usr/include/c++/v1/inttypes.h:241:
In file included from /Applications/Xcode.app/Contents/Developer/Platforms/MacOSX.platform/Developer/SDKs/MacOSX.sdk/usr/include/c++/v1/__config:15:
/Applications/Xcode.app/Contents/Developer/Platforms/MacOSX.platform/Developer/SDKs/MacOSX.sdk/usr/include/c++/v1/__configuration/availability.h:204:4: warning: "The selected platform is no longer supported by libc++." [-W#warnings]
  204 | #  warning "The selected platform is no longer supported by libc++."
      |    ^
1 warning generated.
[26/127] Compiling C++ object src/libharfbuzz.a.p/hb-ot-meta.cc.o
In file included from ../src/hb-ot-meta.cc:25:
In file included from ../src/hb.hh:201:
In file included from ../src/hb.h:31:
In file included from ../src/hb-blob.h:34:
In file included from ../src/hb-common.h:66:
In file included from /Applications/Xcode.app/Contents/Developer/Platforms/MacOSX.platform/Developer/SDKs/MacOSX.sdk/usr/include/c++/v1/inttypes.h:241:
In file included from /Applications/Xcode.app/Contents/Developer/Platforms/MacOSX.platform/Developer/SDKs/MacOSX.sdk/usr/include/c++/v1/__config:15:
/Applications/Xcode.app/Contents/Developer/Platforms/MacOSX.platform/Developer/SDKs/MacOSX.sdk/usr/include/c++/v1/__configuration/availability.h:204:4: warning: "The selected platform is no longer supported by libc++." [-W#warnings]
  204 | #  warning "The selected platform is no longer supported by libc++."
      |    ^
1 warning generated.
[27/127] Compiling C++ object src/libharfbuzz.a.p/hb-ot-math.cc.o
In file included from ../src/hb-ot-math.cc:27:
In file included from ../src/hb.hh:201:
In file included from ../src/hb.h:31:
In file included from ../src/hb-blob.h:34:
In file included from ../src/hb-common.h:66:
In file included from /Applications/Xcode.app/Contents/Developer/Platforms/MacOSX.platform/Developer/SDKs/MacOSX.sdk/usr/include/c++/v1/inttypes.h:241:
In file included from /Applications/Xcode.app/Contents/Developer/Platforms/MacOSX.platform/Developer/SDKs/MacOSX.sdk/usr/include/c++/v1/__config:15:
/Applications/Xcode.app/Contents/Developer/Platforms/MacOSX.platform/Developer/SDKs/MacOSX.sdk/usr/include/c++/v1/__configuration/availability.h:204:4: warning: "The selected platform is no longer supported by libc++." [-W#warnings]
  204 | #  warning "The selected platform is no longer supported by libc++."
      |    ^
1 warning generated.
[28/127] Compiling C++ object src/libharfbuzz.a.p/hb-ot-name.cc.o
In file included from ../src/hb-ot-name.cc:27:
In file included from ../src/hb.hh:201:
In file included from ../src/hb.h:31:
In file included from ../src/hb-blob.h:34:
In file included from ../src/hb-common.h:66:
In file included from /Applications/Xcode.app/Contents/Developer/Platforms/MacOSX.platform/Developer/SDKs/MacOSX.sdk/usr/include/c++/v1/inttypes.h:241:
In file included from /Applications/Xcode.app/Contents/Developer/Platforms/MacOSX.platform/Developer/SDKs/MacOSX.sdk/usr/include/c++/v1/__config:15:
/Applications/Xcode.app/Contents/Developer/Platforms/MacOSX.platform/Developer/SDKs/MacOSX.sdk/usr/include/c++/v1/__configuration/availability.h:204:4: warning: "The selected platform is no longer supported by libc++." [-W#warnings]
  204 | #  warning "The selected platform is no longer supported by libc++."
      |    ^
1 warning generated.
[29/127] Compiling C++ object src/libharfbuzz.a.p/hb-ot-metrics.cc.o
In file included from ../src/hb-ot-metrics.cc:25:
In file included from ../src/hb.hh:201:
In file included from ../src/hb.h:31:
In file included from ../src/hb-blob.h:34:
In file included from ../src/hb-common.h:66:
In file included from /Applications/Xcode.app/Contents/Developer/Platforms/MacOSX.platform/Developer/SDKs/MacOSX.sdk/usr/include/c++/v1/inttypes.h:241:
In file included from /Applications/Xcode.app/Contents/Developer/Platforms/MacOSX.platform/Developer/SDKs/MacOSX.sdk/usr/include/c++/v1/__config:15:
/Applications/Xcode.app/Contents/Developer/Platforms/MacOSX.platform/Developer/SDKs/MacOSX.sdk/usr/include/c++/v1/__configuration/availability.h:204:4: warning: "The selected platform is no longer supported by libc++." [-W#warnings]
  204 | #  warning "The selected platform is no longer supported by libc++."
      |    ^
1 warning generated.
[30/127] Compiling C++ object src/libharfbuzz.a.p/hb-ot-shaper-default.cc.o
In file included from ../src/hb-ot-shaper-default.cc:27:
In file included from ../src/hb.hh:201:
In file included from ../src/hb.h:31:
In file included from ../src/hb-blob.h:34:
In file included from ../src/hb-common.h:66:
In file included from /Applications/Xcode.app/Contents/Developer/Platforms/MacOSX.platform/Developer/SDKs/MacOSX.sdk/usr/include/c++/v1/inttypes.h:241:
In file included from /Applications/Xcode.app/Contents/Developer/Platforms/MacOSX.platform/Developer/SDKs/MacOSX.sdk/usr/include/c++/v1/__config:15:
/Applications/Xcode.app/Contents/Developer/Platforms/MacOSX.platform/Developer/SDKs/MacOSX.sdk/usr/include/c++/v1/__configuration/availability.h:204:4: warning: "The selected platform is no longer supported by libc++." [-W#warnings]
  204 | #  warning "The selected platform is no longer supported by libc++."
      |    ^
1 warning generated.
[31/127] Compiling C++ object src/libharfbuzz.a.p/hb-ot-shaper-hangul.cc.o
In file included from ../src/hb-ot-shaper-hangul.cc:27:
In file included from ../src/hb.hh:201:
In file included from ../src/hb.h:31:
In file included from ../src/hb-blob.h:34:
In file included from ../src/hb-common.h:66:
In file included from /Applications/Xcode.app/Contents/Developer/Platforms/MacOSX.platform/Developer/SDKs/MacOSX.sdk/usr/include/c++/v1/inttypes.h:241:
In file included from /Applications/Xcode.app/Contents/Developer/Platforms/MacOSX.platform/Developer/SDKs/MacOSX.sdk/usr/include/c++/v1/__config:15:
/Applications/Xcode.app/Contents/Developer/Platforms/MacOSX.platform/Developer/SDKs/MacOSX.sdk/usr/include/c++/v1/__configuration/availability.h:204:4: warning: "The selected platform is no longer supported by libc++." [-W#warnings]
  204 | #  warning "The selected platform is no longer supported by libc++."
      |    ^
1 warning generated.
[32/127] Compiling C++ object src/libharfbuzz.a.p/hb-ot-shaper-hebrew.cc.o
In file included from ../src/hb-ot-shaper-hebrew.cc:27:
In file included from ../src/hb.hh:201:
In file included from ../src/hb.h:31:
In file included from ../src/hb-blob.h:34:
In file included from ../src/hb-common.h:66:
In file included from /Applications/Xcode.app/Contents/Developer/Platforms/MacOSX.platform/Developer/SDKs/MacOSX.sdk/usr/include/c++/v1/inttypes.h:241:
In file included from /Applications/Xcode.app/Contents/Developer/Platforms/MacOSX.platform/Developer/SDKs/MacOSX.sdk/usr/include/c++/v1/__config:15:
/Applications/Xcode.app/Contents/Developer/Platforms/MacOSX.platform/Developer/SDKs/MacOSX.sdk/usr/include/c++/v1/__configuration/availability.h:204:4: warning: "The selected platform is no longer supported by libc++." [-W#warnings]
  204 | #  warning "The selected platform is no longer supported by libc++."
      |    ^
1 warning generated.
[33/127] Compiling C++ object src/libharfbuzz.a.p/hb-ot-shaper-indic-table.cc.o
In file included from ../src/hb-ot-shaper-indic-table.cc:17:
In file included from ../src/hb.hh:201:
In file included from ../src/hb.h:31:
In file included from ../src/hb-blob.h:34:
In file included from ../src/hb-common.h:66:
In file included from /Applications/Xcode.app/Contents/Developer/Platforms/MacOSX.platform/Developer/SDKs/MacOSX.sdk/usr/include/c++/v1/inttypes.h:241:
In file included from /Applications/Xcode.app/Contents/Developer/Platforms/MacOSX.platform/Developer/SDKs/MacOSX.sdk/usr/include/c++/v1/__config:15:
/Applications/Xcode.app/Contents/Developer/Platforms/MacOSX.platform/Developer/SDKs/MacOSX.sdk/usr/include/c++/v1/__configuration/availability.h:204:4: warning: "The selected platform is no longer supported by libc++." [-W#warnings]
  204 | #  warning "The selected platform is no longer supported by libc++."
      |    ^
1 warning generated.
[34/127] Compiling C++ object src/libharfbuzz.a.p/hb-ot-shaper-indic.cc.o
In file included from ../src/hb-ot-shaper-indic.cc:27:
In file included from ../src/hb.hh:201:
In file included from ../src/hb.h:31:
In file included from ../src/hb-blob.h:34:
In file included from ../src/hb-common.h:66:
In file included from /Applications/Xcode.app/Contents/Developer/Platforms/MacOSX.platform/Developer/SDKs/MacOSX.sdk/usr/include/c++/v1/inttypes.h:241:
In file included from /Applications/Xcode.app/Contents/Developer/Platforms/MacOSX.platform/Developer/SDKs/MacOSX.sdk/usr/include/c++/v1/__config:15:
/Applications/Xcode.app/Contents/Developer/Platforms/MacOSX.platform/Developer/SDKs/MacOSX.sdk/usr/include/c++/v1/__configuration/availability.h:204:4: warning: "The selected platform is no longer supported by libc++." [-W#warnings]
  204 | #  warning "The selected platform is no longer supported by libc++."
      |    ^
1 warning generated.
[35/127] Compiling C++ object src/libharfbuzz.a.p/hb-ot-shaper-arabic.cc.o
In file included from ../src/hb-ot-shaper-arabic.cc:27:
In file included from ../src/hb.hh:201:
In file included from ../src/hb.h:31:
In file included from ../src/hb-blob.h:34:
In file included from ../src/hb-common.h:66:
In file included from /Applications/Xcode.app/Contents/Developer/Platforms/MacOSX.platform/Developer/SDKs/MacOSX.sdk/usr/include/c++/v1/inttypes.h:241:
In file included from /Applications/Xcode.app/Contents/Developer/Platforms/MacOSX.platform/Developer/SDKs/MacOSX.sdk/usr/include/c++/v1/__config:15:
/Applications/Xcode.app/Contents/Developer/Platforms/MacOSX.platform/Developer/SDKs/MacOSX.sdk/usr/include/c++/v1/__configuration/availability.h:204:4: warning: "The selected platform is no longer supported by libc++." [-W#warnings]
  204 | #  warning "The selected platform is no longer supported by libc++."
      |    ^
1 warning generated.
[36/127] Compiling C++ object src/libharfbuzz.a.p/hb-ot-shaper-khmer.cc.o
In file included from ../src/hb-ot-shaper-khmer.cc:27:
In file included from ../src/hb.hh:201:
In file included from ../src/hb.h:31:
In file included from ../src/hb-blob.h:34:
In file included from ../src/hb-common.h:66:
In file included from /Applications/Xcode.app/Contents/Developer/Platforms/MacOSX.platform/Developer/SDKs/MacOSX.sdk/usr/include/c++/v1/inttypes.h:241:
In file included from /Applications/Xcode.app/Contents/Developer/Platforms/MacOSX.platform/Developer/SDKs/MacOSX.sdk/usr/include/c++/v1/__config:15:
/Applications/Xcode.app/Contents/Developer/Platforms/MacOSX.platform/Developer/SDKs/MacOSX.sdk/usr/include/c++/v1/__configuration/availability.h:204:4: warning: "The selected platform is no longer supported by libc++." [-W#warnings]
  204 | #  warning "The selected platform is no longer supported by libc++."
      |    ^
1 warning generated.
[37/127] Compiling C++ object src/libharfbuzz.a.p/hb-ot-shaper-myanmar.cc.o
In file included from ../src/hb-ot-shaper-myanmar.cc:27:
In file included from ../src/hb.hh:201:
In file included from ../src/hb.h:31:
In file included from ../src/hb-blob.h:34:
In file included from ../src/hb-common.h:66:
In file included from /Applications/Xcode.app/Contents/Developer/Platforms/MacOSX.platform/Developer/SDKs/MacOSX.sdk/usr/include/c++/v1/inttypes.h:241:
In file included from /Applications/Xcode.app/Contents/Developer/Platforms/MacOSX.platform/Developer/SDKs/MacOSX.sdk/usr/include/c++/v1/__config:15:
/Applications/Xcode.app/Contents/Developer/Platforms/MacOSX.platform/Developer/SDKs/MacOSX.sdk/usr/include/c++/v1/__configuration/availability.h:204:4: warning: "The selected platform is no longer supported by libc++." [-W#warnings]
  204 | #  warning "The selected platform is no longer supported by libc++."
      |    ^
1 warning generated.
[38/127] Compiling C++ object src/libharfbuzz.a.p/hb-ot-layout.cc.o
In file included from ../src/hb-ot-layout.cc:31:
In file included from ../src/hb.hh:201:
In file included from ../src/hb.h:31:
In file included from ../src/hb-blob.h:34:
In file included from ../src/hb-common.h:66:
In file included from /Applications/Xcode.app/Contents/Developer/Platforms/MacOSX.platform/Developer/SDKs/MacOSX.sdk/usr/include/c++/v1/inttypes.h:241:
In file included from /Applications/Xcode.app/Contents/Developer/Platforms/MacOSX.platform/Developer/SDKs/MacOSX.sdk/usr/include/c++/v1/__config:15:
/Applications/Xcode.app/Contents/Developer/Platforms/MacOSX.platform/Developer/SDKs/MacOSX.sdk/usr/include/c++/v1/__configuration/availability.h:204:4: warning: "The selected platform is no longer supported by libc++." [-W#warnings]
  204 | #  warning "The selected platform is no longer supported by libc++."
      |    ^
1 warning generated.
[39/127] Compiling C++ object src/libharfbuzz.a.p/hb-ot-shaper-syllabic.cc.o
In file included from ../src/hb-ot-shaper-syllabic.cc:25:
In file included from ../src/hb.hh:201:
In file included from ../src/hb.h:31:
In file included from ../src/hb-blob.h:34:
In file included from ../src/hb-common.h:66:
In file included from /Applications/Xcode.app/Contents/Developer/Platforms/MacOSX.platform/Developer/SDKs/MacOSX.sdk/usr/include/c++/v1/inttypes.h:241:
In file included from /Applications/Xcode.app/Contents/Developer/Platforms/MacOSX.platform/Developer/SDKs/MacOSX.sdk/usr/include/c++/v1/__config:15:
/Applications/Xcode.app/Contents/Developer/Platforms/MacOSX.platform/Developer/SDKs/MacOSX.sdk/usr/include/c++/v1/__configuration/availability.h:204:4: warning: "The selected platform is no longer supported by libc++." [-W#warnings]
  204 | #  warning "The selected platform is no longer supported by libc++."
      |    ^
1 warning generated.
[40/127] Compiling C++ object src/libharfbuzz.a.p/hb-ot-shaper-thai.cc.o
In file included from ../src/hb-ot-shaper-thai.cc:27:
In file included from ../src/hb.hh:201:
In file included from ../src/hb.h:31:
In file included from ../src/hb-blob.h:34:
In file included from ../src/hb-common.h:66:
In file included from /Applications/Xcode.app/Contents/Developer/Platforms/MacOSX.platform/Developer/SDKs/MacOSX.sdk/usr/include/c++/v1/inttypes.h:241:
In file included from /Applications/Xcode.app/Contents/Developer/Platforms/MacOSX.platform/Developer/SDKs/MacOSX.sdk/usr/include/c++/v1/__config:15:
/Applications/Xcode.app/Contents/Developer/Platforms/MacOSX.platform/Developer/SDKs/MacOSX.sdk/usr/include/c++/v1/__configuration/availability.h:204:4: warning: "The selected platform is no longer supported by libc++." [-W#warnings]
  204 | #  warning "The selected platform is no longer supported by libc++."
      |    ^
1 warning generated.
[41/127] Compiling C++ object src/libharfbuzz.a.p/hb-ot-shaper-vowel-constraints.cc.o
In file included from ../src/hb-ot-shaper-vowel-constraints.cc:17:
In file included from ../src/hb.hh:201:
In file included from ../src/hb.h:31:
In file included from ../src/hb-blob.h:34:
In file included from ../src/hb-common.h:66:
In file included from /Applications/Xcode.app/Contents/Developer/Platforms/MacOSX.platform/Developer/SDKs/MacOSX.sdk/usr/include/c++/v1/inttypes.h:241:
In file included from /Applications/Xcode.app/Contents/Developer/Platforms/MacOSX.platform/Developer/SDKs/MacOSX.sdk/usr/include/c++/v1/__config:15:
/Applications/Xcode.app/Contents/Developer/Platforms/MacOSX.platform/Developer/SDKs/MacOSX.sdk/usr/include/c++/v1/__configuration/availability.h:204:4: warning: "The selected platform is no longer supported by libc++." [-W#warnings]
  204 | #  warning "The selected platform is no longer supported by libc++."
      |    ^
1 warning generated.
[42/127] Compiling C++ object src/libharfbuzz.a.p/hb-ot-shape-normalize.cc.o
In file included from ../src/hb-ot-shape-normalize.cc:27:
In file included from ../src/hb.hh:201:
In file included from ../src/hb.h:31:
In file included from ../src/hb-blob.h:34:
In file included from ../src/hb-common.h:66:
In file included from /Applications/Xcode.app/Contents/Developer/Platforms/MacOSX.platform/Developer/SDKs/MacOSX.sdk/usr/include/c++/v1/inttypes.h:241:
In file included from /Applications/Xcode.app/Contents/Developer/Platforms/MacOSX.platform/Developer/SDKs/MacOSX.sdk/usr/include/c++/v1/__config:15:
/Applications/Xcode.app/Contents/Developer/Platforms/MacOSX.platform/Developer/SDKs/MacOSX.sdk/usr/include/c++/v1/__configuration/availability.h:204:4: warning: "The selected platform is no longer supported by libc++." [-W#warnings]
  204 | #  warning "The selected platform is no longer supported by libc++."
      |    ^
1 warning generated.
[43/127] Compiling C++ object src/libharfbuzz.a.p/hb-ot-shaper-use.cc.o
In file included from ../src/hb-ot-shaper-use.cc:29:
In file included from ../src/hb.hh:201:
In file included from ../src/hb.h:31:
In file included from ../src/hb-blob.h:34:
In file included from ../src/hb-common.h:66:
In file included from /Applications/Xcode.app/Contents/Developer/Platforms/MacOSX.platform/Developer/SDKs/MacOSX.sdk/usr/include/c++/v1/inttypes.h:241:
In file included from /Applications/Xcode.app/Contents/Developer/Platforms/MacOSX.platform/Developer/SDKs/MacOSX.sdk/usr/include/c++/v1/__config:15:
/Applications/Xcode.app/Contents/Developer/Platforms/MacOSX.platform/Developer/SDKs/MacOSX.sdk/usr/include/c++/v1/__configuration/availability.h:204:4: warning: "The selected platform is no longer supported by libc++." [-W#warnings]
  204 | #  warning "The selected platform is no longer supported by libc++."
      |    ^
1 warning generated.
[44/127] Compiling C++ object src/libharfbuzz.a.p/hb-ot-tag.cc.o
In file included from ../src/hb-ot-tag.cc:29:
In file included from ../src/hb.hh:201:
In file included from ../src/hb.h:31:
In file included from ../src/hb-blob.h:34:
In file included from ../src/hb-common.h:66:
In file included from /Applications/Xcode.app/Contents/Developer/Platforms/MacOSX.platform/Developer/SDKs/MacOSX.sdk/usr/include/c++/v1/inttypes.h:241:
In file included from /Applications/Xcode.app/Contents/Developer/Platforms/MacOSX.platform/Developer/SDKs/MacOSX.sdk/usr/include/c++/v1/__config:15:
/Applications/Xcode.app/Contents/Developer/Platforms/MacOSX.platform/Developer/SDKs/MacOSX.sdk/usr/include/c++/v1/__configuration/availability.h:204:4: warning: "The selected platform is no longer supported by libc++." [-W#warnings]
  204 | #  warning "The selected platform is no longer supported by libc++."
      |    ^
1 warning generated.
[45/127] Compiling C++ object src/libharfbuzz.a.p/hb-ot-shape-fallback.cc.o
In file included from ../src/hb-ot-shape-fallback.cc:27:
In file included from ../src/hb.hh:201:
In file included from ../src/hb.h:31:
In file included from ../src/hb-blob.h:34:
In file included from ../src/hb-common.h:66:
In file included from /Applications/Xcode.app/Contents/Developer/Platforms/MacOSX.platform/Developer/SDKs/MacOSX.sdk/usr/include/c++/v1/inttypes.h:241:
In file included from /Applications/Xcode.app/Contents/Developer/Platforms/MacOSX.platform/Developer/SDKs/MacOSX.sdk/usr/include/c++/v1/__config:15:
/Applications/Xcode.app/Contents/Developer/Platforms/MacOSX.platform/Developer/SDKs/MacOSX.sdk/usr/include/c++/v1/__configuration/availability.h:204:4: warning: "The selected platform is no longer supported by libc++." [-W#warnings]
  204 | #  warning "The selected platform is no longer supported by libc++."
      |    ^
1 warning generated.
[46/127] Compiling C++ object src/libharfbuzz.a.p/hb-set.cc.o
In file included from ../src/hb-set.cc:27:
In file included from ../src/hb-set.hh:31:
In file included from ../src/hb.hh:201:
In file included from ../src/hb.h:31:
In file included from ../src/hb-blob.h:34:
In file included from ../src/hb-common.h:66:
In file included from /Applications/Xcode.app/Contents/Developer/Platforms/MacOSX.platform/Developer/SDKs/MacOSX.sdk/usr/include/c++/v1/inttypes.h:241:
In file included from /Applications/Xcode.app/Contents/Developer/Platforms/MacOSX.platform/Developer/SDKs/MacOSX.sdk/usr/include/c++/v1/__config:15:
/Applications/Xcode.app/Contents/Developer/Platforms/MacOSX.platform/Developer/SDKs/MacOSX.sdk/usr/include/c++/v1/__configuration/availability.h:204:4: warning: "The selected platform is no longer supported by libc++." [-W#warnings]
  204 | #  warning "The selected platform is no longer supported by libc++."
      |    ^
1 warning generated.
[47/127] Compiling C++ object src/libharfbuzz.a.p/hb-ot-var.cc.o
In file included from ../src/hb-ot-var.cc:27:
In file included from ../src/hb.hh:201:
In file included from ../src/hb.h:31:
In file included from ../src/hb-blob.h:34:
In file included from ../src/hb-common.h:66:
In file included from /Applications/Xcode.app/Contents/Developer/Platforms/MacOSX.platform/Developer/SDKs/MacOSX.sdk/usr/include/c++/v1/inttypes.h:241:
In file included from /Applications/Xcode.app/Contents/Developer/Platforms/MacOSX.platform/Developer/SDKs/MacOSX.sdk/usr/include/c++/v1/__config:15:
/Applications/Xcode.app/Contents/Developer/Platforms/MacOSX.platform/Developer/SDKs/MacOSX.sdk/usr/include/c++/v1/__configuration/availability.h:204:4: warning: "The selected platform is no longer supported by libc++." [-W#warnings]
  204 | #  warning "The selected platform is no longer supported by libc++."
      |    ^
1 warning generated.
[48/127] Compiling C++ object src/libharfbuzz.a.p/hb-ot-shape.cc.o
In file included from ../src/hb-ot-shape.cc:29:
In file included from ../src/hb.hh:201:
In file included from ../src/hb.h:31:
In file included from ../src/hb-blob.h:34:
In file included from ../src/hb-common.h:66:
In file included from /Applications/Xcode.app/Contents/Developer/Platforms/MacOSX.platform/Developer/SDKs/MacOSX.sdk/usr/include/c++/v1/inttypes.h:241:
In file included from /Applications/Xcode.app/Contents/Developer/Platforms/MacOSX.platform/Developer/SDKs/MacOSX.sdk/usr/include/c++/v1/__config:15:
/Applications/Xcode.app/Contents/Developer/Platforms/MacOSX.platform/Developer/SDKs/MacOSX.sdk/usr/include/c++/v1/__configuration/availability.h:204:4: warning: "The selected platform is no longer supported by libc++." [-W#warnings]
  204 | #  warning "The selected platform is no longer supported by libc++."
      |    ^
1 warning generated.
[49/127] Compiling C++ object src/libharfbuzz.a.p/hb-shape-plan.cc.o
In file included from ../src/hb-shape-plan.cc:27:
In file included from ../src/hb.hh:201:
In file included from ../src/hb.h:31:
In file included from ../src/hb-blob.h:34:
In file included from ../src/hb-common.h:66:
In file included from /Applications/Xcode.app/Contents/Developer/Platforms/MacOSX.platform/Developer/SDKs/MacOSX.sdk/usr/include/c++/v1/inttypes.h:241:
In file included from /Applications/Xcode.app/Contents/Developer/Platforms/MacOSX.platform/Developer/SDKs/MacOSX.sdk/usr/include/c++/v1/__config:15:
/Applications/Xcode.app/Contents/Developer/Platforms/MacOSX.platform/Developer/SDKs/MacOSX.sdk/usr/include/c++/v1/__configuration/availability.h:204:4: warning: "The selected platform is no longer supported by libc++." [-W#warnings]
  204 | #  warning "The selected platform is no longer supported by libc++."
      |    ^
1 warning generated.
[50/127] Compiling C++ object src/libharfbuzz.a.p/hb-shape.cc.o
In file included from ../src/hb-shape.cc:29:
In file included from ../src/hb.hh:201:
In file included from ../src/hb.h:31:
In file included from ../src/hb-blob.h:34:
In file included from ../src/hb-common.h:66:
In file included from /Applications/Xcode.app/Contents/Developer/Platforms/MacOSX.platform/Developer/SDKs/MacOSX.sdk/usr/include/c++/v1/inttypes.h:241:
In file included from /Applications/Xcode.app/Contents/Developer/Platforms/MacOSX.platform/Developer/SDKs/MacOSX.sdk/usr/include/c++/v1/__config:15:
/Applications/Xcode.app/Contents/Developer/Platforms/MacOSX.platform/Developer/SDKs/MacOSX.sdk/usr/include/c++/v1/__configuration/availability.h:204:4: warning: "The selected platform is no longer supported by libc++." [-W#warnings]
  204 | #  warning "The selected platform is no longer supported by libc++."
      |    ^
1 warning generated.
[51/127] Compiling C++ object src/libharfbuzz.a.p/hb-shaper.cc.o
In file included from ../src/hb-shaper.cc:27:
In file included from ../src/hb.hh:201:
In file included from ../src/hb.h:31:
In file included from ../src/hb-blob.h:34:
In file included from ../src/hb-common.h:66:
In file included from /Applications/Xcode.app/Contents/Developer/Platforms/MacOSX.platform/Developer/SDKs/MacOSX.sdk/usr/include/c++/v1/inttypes.h:241:
In file included from /Applications/Xcode.app/Contents/Developer/Platforms/MacOSX.platform/Developer/SDKs/MacOSX.sdk/usr/include/c++/v1/__config:15:
/Applications/Xcode.app/Contents/Developer/Platforms/MacOSX.platform/Developer/SDKs/MacOSX.sdk/usr/include/c++/v1/__configuration/availability.h:204:4: warning: "The selected platform is no longer supported by libc++." [-W#warnings]
  204 | #  warning "The selected platform is no longer supported by libc++."
      |    ^
1 warning generated.
[52/127] Compiling C++ object src/libharfbuzz.a.p/hb-ucd.cc.o
In file included from ../src/hb-ucd.cc:17:
In file included from ../src/hb.hh:201:
In file included from ../src/hb.h:31:
In file included from ../src/hb-blob.h:34:
In file included from ../src/hb-common.h:66:
In file included from /Applications/Xcode.app/Contents/Developer/Platforms/MacOSX.platform/Developer/SDKs/MacOSX.sdk/usr/include/c++/v1/inttypes.h:241:
In file included from /Applications/Xcode.app/Contents/Developer/Platforms/MacOSX.platform/Developer/SDKs/MacOSX.sdk/usr/include/c++/v1/__config:15:
/Applications/Xcode.app/Contents/Developer/Platforms/MacOSX.platform/Developer/SDKs/MacOSX.sdk/usr/include/c++/v1/__configuration/availability.h:204:4: warning: "The selected platform is no longer supported by libc++." [-W#warnings]
  204 | #  warning "The selected platform is no longer supported by libc++."
      |    ^
1 warning generated.
[53/127] Compiling C++ object src/libharfbuzz.a.p/hb-unicode.cc.o
In file included from ../src/hb-unicode.cc:31:
In file included from ../src/hb.hh:201:
In file included from ../src/hb.h:31:
In file included from ../src/hb-blob.h:34:
In file included from ../src/hb-common.h:66:
In file included from /Applications/Xcode.app/Contents/Developer/Platforms/MacOSX.platform/Developer/SDKs/MacOSX.sdk/usr/include/c++/v1/inttypes.h:241:
In file included from /Applications/Xcode.app/Contents/Developer/Platforms/MacOSX.platform/Developer/SDKs/MacOSX.sdk/usr/include/c++/v1/__config:15:
/Applications/Xcode.app/Contents/Developer/Platforms/MacOSX.platform/Developer/SDKs/MacOSX.sdk/usr/include/c++/v1/__configuration/availability.h:204:4: warning: "The selected platform is no longer supported by libc++." [-W#warnings]
  204 | #  warning "The selected platform is no longer supported by libc++."
      |    ^
1 warning generated.
[54/127] Compiling C++ object src/libharfbuzz.a.p/hb-style.cc.o
In file included from ../src/hb-style.cc:25:
In file included from ../src/hb.hh:201:
In file included from ../src/hb.h:31:
In file included from ../src/hb-blob.h:34:
In file included from ../src/hb-common.h:66:
In file included from /Applications/Xcode.app/Contents/Developer/Platforms/MacOSX.platform/Developer/SDKs/MacOSX.sdk/usr/include/c++/v1/inttypes.h:241:
In file included from /Applications/Xcode.app/Contents/Developer/Platforms/MacOSX.platform/Developer/SDKs/MacOSX.sdk/usr/include/c++/v1/__config:15:
/Applications/Xcode.app/Contents/Developer/Platforms/MacOSX.platform/Developer/SDKs/MacOSX.sdk/usr/include/c++/v1/__configuration/availability.h:204:4: warning: "The selected platform is no longer supported by libc++." [-W#warnings]
  204 | #  warning "The selected platform is no longer supported by libc++."
      |    ^
1 warning generated.
[55/127] Compiling C++ object src/libharfbuzz.a.p/hb-static.cc.o
In file included from ../src/hb-static.cc:31:
In file included from ../src/hb.hh:201:
In file included from ../src/hb.h:31:
In file included from ../src/hb-blob.h:34:
In file included from ../src/hb-common.h:66:
In file included from /Applications/Xcode.app/Contents/Developer/Platforms/MacOSX.platform/Developer/SDKs/MacOSX.sdk/usr/include/c++/v1/inttypes.h:241:
In file included from /Applications/Xcode.app/Contents/Developer/Platforms/MacOSX.platform/Developer/SDKs/MacOSX.sdk/usr/include/c++/v1/__config:15:
/Applications/Xcode.app/Contents/Developer/Platforms/MacOSX.platform/Developer/SDKs/MacOSX.sdk/usr/include/c++/v1/__configuration/availability.h:204:4: warning: "The selected platform is no longer supported by libc++." [-W#warnings]
  204 | #  warning "The selected platform is no longer supported by libc++."
      |    ^
1 warning generated.
[56/127] Compiling C++ object src/libharfbuzz.a.p/hb-coretext.cc.o
In file included from ../src/hb-coretext.cc:29:
In file included from ../src/hb.hh:201:
In file included from ../src/hb.h:31:
In file included from ../src/hb-blob.h:34:
In file included from ../src/hb-common.h:66:
In file included from /Applications/Xcode.app/Contents/Developer/Platforms/MacOSX.platform/Developer/SDKs/MacOSX.sdk/usr/include/c++/v1/inttypes.h:241:
In file included from /Applications/Xcode.app/Contents/Developer/Platforms/MacOSX.platform/Developer/SDKs/MacOSX.sdk/usr/include/c++/v1/__config:15:
/Applications/Xcode.app/Contents/Developer/Platforms/MacOSX.platform/Developer/SDKs/MacOSX.sdk/usr/include/c++/v1/__configuration/availability.h:204:4: warning: "The selected platform is no longer supported by libc++." [-W#warnings]
  204 | #  warning "The selected platform is no longer supported by libc++."
      |    ^
1 warning generated.
[57/127] Compiling C++ object src/libharfbuzz.a.p/hb-ft.cc.o
In file included from ../src/hb-ft.cc:30:
In file included from ../src/hb.hh:201:
In file included from ../src/hb.h:31:
In file included from ../src/hb-blob.h:34:
In file included from ../src/hb-common.h:66:
In file included from /Applications/Xcode.app/Contents/Developer/Platforms/MacOSX.platform/Developer/SDKs/MacOSX.sdk/usr/include/c++/v1/inttypes.h:241:
In file included from /Applications/Xcode.app/Contents/Developer/Platforms/MacOSX.platform/Developer/SDKs/MacOSX.sdk/usr/include/c++/v1/__config:15:
/Applications/Xcode.app/Contents/Developer/Platforms/MacOSX.platform/Developer/SDKs/MacOSX.sdk/usr/include/c++/v1/__configuration/availability.h:204:4: warning: "The selected platform is no longer supported by libc++." [-W#warnings]
  204 | #  warning "The selected platform is no longer supported by libc++."
      |    ^
1 warning generated.
[58/127] Compiling C++ object src/libharfbuzz-subset.a.p/hb-number.cc.o
In file included from ../src/hb-number.cc:30:
In file included from ../src/hb.hh:201:
In file included from ../src/hb.h:31:
In file included from ../src/hb-blob.h:34:
In file included from ../src/hb-common.h:66:
In file included from /Applications/Xcode.app/Contents/Developer/Platforms/MacOSX.platform/Developer/SDKs/MacOSX.sdk/usr/include/c++/v1/inttypes.h:241:
In file included from /Applications/Xcode.app/Contents/Developer/Platforms/MacOSX.platform/Developer/SDKs/MacOSX.sdk/usr/include/c++/v1/__config:15:
/Applications/Xcode.app/Contents/Developer/Platforms/MacOSX.platform/Developer/SDKs/MacOSX.sdk/usr/include/c++/v1/__configuration/availability.h:204:4: warning: "The selected platform is no longer supported by libc++." [-W#warnings]
  204 | #  warning "The selected platform is no longer supported by libc++."
      |    ^
1 warning generated.
[59/127] Compiling C++ object src/libharfbuzz.a.p/hb-coretext-shape.cc.o
In file included from ../src/hb-coretext-shape.cc:29:
In file included from ../src/hb.hh:201:
In file included from ../src/hb.h:31:
In file included from ../src/hb-blob.h:34:
In file included from ../src/hb-common.h:66:
In file included from /Applications/Xcode.app/Contents/Developer/Platforms/MacOSX.platform/Developer/SDKs/MacOSX.sdk/usr/include/c++/v1/inttypes.h:241:
In file included from /Applications/Xcode.app/Contents/Developer/Platforms/MacOSX.platform/Developer/SDKs/MacOSX.sdk/usr/include/c++/v1/__config:15:
/Applications/Xcode.app/Contents/Developer/Platforms/MacOSX.platform/Developer/SDKs/MacOSX.sdk/usr/include/c++/v1/__configuration/availability.h:204:4: warning: "The selected platform is no longer supported by libc++." [-W#warnings]
  204 | #  warning "The selected platform is no longer supported by libc++."
      |    ^
1 warning generated.
[60/127] Compiling C++ object src/libharfbuzz.a.p/hb-coretext-font.cc.o
In file included from ../src/hb-coretext-font.cc:27:
In file included from ../src/hb.hh:201:
In file included from ../src/hb.h:31:
In file included from ../src/hb-blob.h:34:
In file included from ../src/hb-common.h:66:
In file included from /Applications/Xcode.app/Contents/Developer/Platforms/MacOSX.platform/Developer/SDKs/MacOSX.sdk/usr/include/c++/v1/inttypes.h:241:
In file included from /Applications/Xcode.app/Contents/Developer/Platforms/MacOSX.platform/Developer/SDKs/MacOSX.sdk/usr/include/c++/v1/__config:15:
/Applications/Xcode.app/Contents/Developer/Platforms/MacOSX.platform/Developer/SDKs/MacOSX.sdk/usr/include/c++/v1/__configuration/availability.h:204:4: warning: "The selected platform is no longer supported by libc++." [-W#warnings]
  204 | #  warning "The selected platform is no longer supported by libc++."
      |    ^
1 warning generated.
[61/127] Compiling C++ object src/libharfbuzz-subset.a.p/hb-ot-cff1-table.cc.o
In file included from ../src/hb-ot-cff1-table.cc:31:
In file included from ../src/hb.hh:201:
In file included from ../src/hb.h:31:
In file included from ../src/hb-blob.h:34:
In file included from ../src/hb-common.h:66:
In file included from /Applications/Xcode.app/Contents/Developer/Platforms/MacOSX.platform/Developer/SDKs/MacOSX.sdk/usr/include/c++/v1/inttypes.h:241:
In file included from /Applications/Xcode.app/Contents/Developer/Platforms/MacOSX.platform/Developer/SDKs/MacOSX.sdk/usr/include/c++/v1/__config:15:
/Applications/Xcode.app/Contents/Developer/Platforms/MacOSX.platform/Developer/SDKs/MacOSX.sdk/usr/include/c++/v1/__configuration/availability.h:204:4: warning: "The selected platform is no longer supported by libc++." [-W#warnings]
  204 | #  warning "The selected platform is no longer supported by libc++."
      |    ^
1 warning generated.
[62/127] Compiling C++ object src/libharfbuzz-subset.a.p/hb-ot-cff2-table.cc.o
In file included from ../src/hb-ot-cff2-table.cc:31:
In file included from ../src/hb.hh:201:
In file included from ../src/hb.h:31:
In file included from ../src/hb-blob.h:34:
In file included from ../src/hb-common.h:66:
In file included from /Applications/Xcode.app/Contents/Developer/Platforms/MacOSX.platform/Developer/SDKs/MacOSX.sdk/usr/include/c++/v1/inttypes.h:241:
In file included from /Applications/Xcode.app/Contents/Developer/Platforms/MacOSX.platform/Developer/SDKs/MacOSX.sdk/usr/include/c++/v1/__config:15:
/Applications/Xcode.app/Contents/Developer/Platforms/MacOSX.platform/Developer/SDKs/MacOSX.sdk/usr/include/c++/v1/__configuration/availability.h:204:4: warning: "The selected platform is no longer supported by libc++." [-W#warnings]
  204 | #  warning "The selected platform is no longer supported by libc++."
      |    ^
1 warning generated.
[63/127] Compiling C++ object src/libharfbuzz-subset.a.p/hb-subset-cff-common.cc.o
In file included from ../src/hb-subset-cff-common.cc:27:
In file included from ../src/hb.hh:201:
In file included from ../src/hb.h:31:
In file included from ../src/hb-blob.h:34:
In file included from ../src/hb-common.h:66:
In file included from /Applications/Xcode.app/Contents/Developer/Platforms/MacOSX.platform/Developer/SDKs/MacOSX.sdk/usr/include/c++/v1/inttypes.h:241:
In file included from /Applications/Xcode.app/Contents/Developer/Platforms/MacOSX.platform/Developer/SDKs/MacOSX.sdk/usr/include/c++/v1/__config:15:
/Applications/Xcode.app/Contents/Developer/Platforms/MacOSX.platform/Developer/SDKs/MacOSX.sdk/usr/include/c++/v1/__configuration/availability.h:204:4: warning: "The selected platform is no longer supported by libc++." [-W#warnings]
  204 | #  warning "The selected platform is no longer supported by libc++."
      |    ^
1 warning generated.
[64/127] Compiling C++ object src/libharfbuzz-subset.a.p/hb-static.cc.o
In file included from ../src/hb-static.cc:31:
In file included from ../src/hb.hh:201:
In file included from ../src/hb.h:31:
In file included from ../src/hb-blob.h:34:
In file included from ../src/hb-common.h:66:
In file included from /Applications/Xcode.app/Contents/Developer/Platforms/MacOSX.platform/Developer/SDKs/MacOSX.sdk/usr/include/c++/v1/inttypes.h:241:
In file included from /Applications/Xcode.app/Contents/Developer/Platforms/MacOSX.platform/Developer/SDKs/MacOSX.sdk/usr/include/c++/v1/__config:15:
/Applications/Xcode.app/Contents/Developer/Platforms/MacOSX.platform/Developer/SDKs/MacOSX.sdk/usr/include/c++/v1/__configuration/availability.h:204:4: warning: "The selected platform is no longer supported by libc++." [-W#warnings]
  204 | #  warning "The selected platform is no longer supported by libc++."
      |    ^
1 warning generated.
[65/127] Compiling C++ object src/libharfbuzz-subset.a.p/hb-subset-cff2-to-cff1.cc.o
In file included from ../src/hb-subset-cff2-to-cff1.cc:34:
In file included from ../src/hb.hh:201:
In file included from ../src/hb.h:31:
In file included from ../src/hb-blob.h:34:
In file included from ../src/hb-common.h:66:
In file included from /Applications/Xcode.app/Contents/Developer/Platforms/MacOSX.platform/Developer/SDKs/MacOSX.sdk/usr/include/c++/v1/inttypes.h:241:
In file included from /Applications/Xcode.app/Contents/Developer/Platforms/MacOSX.platform/Developer/SDKs/MacOSX.sdk/usr/include/c++/v1/__config:15:
/Applications/Xcode.app/Contents/Developer/Platforms/MacOSX.platform/Developer/SDKs/MacOSX.sdk/usr/include/c++/v1/__configuration/availability.h:204:4: warning: "The selected platform is no longer supported by libc++." [-W#warnings]
  204 | #  warning "The selected platform is no longer supported by libc++."
      |    ^
1 warning generated.
[66/127] Compiling C++ object src/libharfbuzz-subset.a.p/hb-subset-input.cc.o
In file included from ../src/hb-subset-input.cc:27:
In file included from ../src/hb-subset-instancer-solver.hh:28:
In file included from ../src/hb.hh:201:
In file included from ../src/hb.h:31:
In file included from ../src/hb-blob.h:34:
In file included from ../src/hb-common.h:66:
In file included from /Applications/Xcode.app/Contents/Developer/Platforms/MacOSX.platform/Developer/SDKs/MacOSX.sdk/usr/include/c++/v1/inttypes.h:241:
In file included from /Applications/Xcode.app/Contents/Developer/Platforms/MacOSX.platform/Developer/SDKs/MacOSX.sdk/usr/include/c++/v1/__config:15:
/Applications/Xcode.app/Contents/Developer/Platforms/MacOSX.platform/Developer/SDKs/MacOSX.sdk/usr/include/c++/v1/__configuration/availability.h:204:4: warning: "The selected platform is no longer supported by libc++." [-W#warnings]
  204 | #  warning "The selected platform is no longer supported by libc++."
      |    ^
1 warning generated.
[67/127] Compiling C++ object src/libharfbuzz-subset.a.p/hb-subset-instancer-solver.cc.o
In file included from ../src/hb-subset-instancer-solver.cc:25:
In file included from ../src/hb-subset-instancer-solver.hh:28:
In file included from ../src/hb.hh:201:
In file included from ../src/hb.h:31:
In file included from ../src/hb-blob.h:34:
In file included from ../src/hb-common.h:66:
In file included from /Applications/Xcode.app/Contents/Developer/Platforms/MacOSX.platform/Developer/SDKs/MacOSX.sdk/usr/include/c++/v1/inttypes.h:241:
In file included from /Applications/Xcode.app/Contents/Developer/Platforms/MacOSX.platform/Developer/SDKs/MacOSX.sdk/usr/include/c++/v1/__config:15:
/Applications/Xcode.app/Contents/Developer/Platforms/MacOSX.platform/Developer/SDKs/MacOSX.sdk/usr/include/c++/v1/__configuration/availability.h:204:4: warning: "The selected platform is no longer supported by libc++." [-W#warnings]
  204 | #  warning "The selected platform is no longer supported by libc++."
      |    ^
1 warning generated.
[68/127] Compiling C++ object src/libharfbuzz-subset.a.p/hb-subset-cff1.cc.o
In file included from ../src/hb-subset-cff1.cc:27:
In file included from ../src/hb.hh:201:
In file included from ../src/hb.h:31:
In file included from ../src/hb-blob.h:34:
In file included from ../src/hb-common.h:66:
In file included from /Applications/Xcode.app/Contents/Developer/Platforms/MacOSX.platform/Developer/SDKs/MacOSX.sdk/usr/include/c++/v1/inttypes.h:241:
In file included from /Applications/Xcode.app/Contents/Developer/Platforms/MacOSX.platform/Developer/SDKs/MacOSX.sdk/usr/include/c++/v1/__config:15:
/Applications/Xcode.app/Contents/Developer/Platforms/MacOSX.platform/Developer/SDKs/MacOSX.sdk/usr/include/c++/v1/__configuration/availability.h:204:4: warning: "The selected platform is no longer supported by libc++." [-W#warnings]
  204 | #  warning "The selected platform is no longer supported by libc++."
      |    ^
1 warning generated.
[69/127] Compiling C++ object src/libharfbuzz-subset.a.p/hb-subset-instancer-iup.cc.o
In file included from ../src/hb-subset-instancer-iup.cc:25:
In file included from ../src/hb-subset-instancer-iup.hh:28:
In file included from ../src/hb-subset-plan.hh:30:
In file included from ../src/hb.hh:201:
In file included from ../src/hb.h:31:
In file included from ../src/hb-blob.h:34:
In file included from ../src/hb-common.h:66:
In file included from /Applications/Xcode.app/Contents/Developer/Platforms/MacOSX.platform/Developer/SDKs/MacOSX.sdk/usr/include/c++/v1/inttypes.h:241:
In file included from /Applications/Xcode.app/Contents/Developer/Platforms/MacOSX.platform/Developer/SDKs/MacOSX.sdk/usr/include/c++/v1/__config:15:
/Applications/Xcode.app/Contents/Developer/Platforms/MacOSX.platform/Developer/SDKs/MacOSX.sdk/usr/include/c++/v1/__configuration/availability.h:204:4: warning: "The selected platform is no longer supported by libc++." [-W#warnings]
  204 | #  warning "The selected platform is no longer supported by libc++."
      |    ^
1 warning generated.
[70/127] Compiling C++ object src/libharfbuzz-subset.a.p/hb-subset-cff2.cc.o
In file included from ../src/hb-subset-cff2.cc:27:
In file included from ../src/hb.hh:201:
In file included from ../src/hb.h:31:
In file included from ../src/hb-blob.h:34:
In file included from ../src/hb-common.h:66:
In file included from /Applications/Xcode.app/Contents/Developer/Platforms/MacOSX.platform/Developer/SDKs/MacOSX.sdk/usr/include/c++/v1/inttypes.h:241:
In file included from /Applications/Xcode.app/Contents/Developer/Platforms/MacOSX.platform/Developer/SDKs/MacOSX.sdk/usr/include/c++/v1/__config:15:
/Applications/Xcode.app/Contents/Developer/Platforms/MacOSX.platform/Developer/SDKs/MacOSX.sdk/usr/include/c++/v1/__configuration/availability.h:204:4: warning: "The selected platform is no longer supported by libc++." [-W#warnings]
  204 | #  warning "The selected platform is no longer supported by libc++."
      |    ^
1 warning generated.
[71/127] Compiling C++ object src/libharfbuzz-subset.a.p/hb-subset-plan-var.cc.o
In file included from ../src/hb-subset-plan-var.cc:27:
In file included from ../src/hb-ot-layout-common.hh:32:
In file included from ../src/hb.hh:201:
In file included from ../src/hb.h:31:
In file included from ../src/hb-blob.h:34:
In file included from ../src/hb-common.h:66:
In file included from /Applications/Xcode.app/Contents/Developer/Platforms/MacOSX.platform/Developer/SDKs/MacOSX.sdk/usr/include/c++/v1/inttypes.h:241:
In file included from /Applications/Xcode.app/Contents/Developer/Platforms/MacOSX.platform/Developer/SDKs/MacOSX.sdk/usr/include/c++/v1/__config:15:
/Applications/Xcode.app/Contents/Developer/Platforms/MacOSX.platform/Developer/SDKs/MacOSX.sdk/usr/include/c++/v1/__configuration/availability.h:204:4: warning: "The selected platform is no longer supported by libc++." [-W#warnings]
  204 | #  warning "The selected platform is no longer supported by libc++."
      |    ^
1 warning generated.
[72/127] Compiling C++ object src/libharfbuzz-subset.a.p/hb-subset-plan.cc.o
In file included from ../src/hb-subset-plan.cc:27:
In file included from ../src/hb-subset-plan.hh:30:
In file included from ../src/hb.hh:201:
In file included from ../src/hb.h:31:
In file included from ../src/hb-blob.h:34:
In file included from ../src/hb-common.h:66:
In file included from /Applications/Xcode.app/Contents/Developer/Platforms/MacOSX.platform/Developer/SDKs/MacOSX.sdk/usr/include/c++/v1/inttypes.h:241:
In file included from /Applications/Xcode.app/Contents/Developer/Platforms/MacOSX.platform/Developer/SDKs/MacOSX.sdk/usr/include/c++/v1/__config:15:
/Applications/Xcode.app/Contents/Developer/Platforms/MacOSX.platform/Developer/SDKs/MacOSX.sdk/usr/include/c++/v1/__configuration/availability.h:204:4: warning: "The selected platform is no longer supported by libc++." [-W#warnings]
  204 | #  warning "The selected platform is no longer supported by libc++."
      |    ^
1 warning generated.
[73/127] Compiling C++ object src/libharfbuzz-subset.a.p/hb-subset-plan-layout.cc.o
In file included from ../src/hb-subset-plan-layout.cc:27:
In file included from ../src/hb-subset-plan.hh:30:
In file included from ../src/hb.hh:201:
In file included from ../src/hb.h:31:
In file included from ../src/hb-blob.h:34:
In file included from ../src/hb-common.h:66:
In file included from /Applications/Xcode.app/Contents/Developer/Platforms/MacOSX.platform/Developer/SDKs/MacOSX.sdk/usr/include/c++/v1/inttypes.h:241:
In file included from /Applications/Xcode.app/Contents/Developer/Platforms/MacOSX.platform/Developer/SDKs/MacOSX.sdk/usr/include/c++/v1/__config:15:
/Applications/Xcode.app/Contents/Developer/Platforms/MacOSX.platform/Developer/SDKs/MacOSX.sdk/usr/include/c++/v1/__configuration/availability.h:204:4: warning: "The selected platform is no longer supported by libc++." [-W#warnings]
  204 | #  warning "The selected platform is no longer supported by libc++."
      |    ^
1 warning generated.
[74/127] Compiling C++ object src/libharfbuzz-subset.a.p/hb-subset-serialize.cc.o
In file included from ../src/hb-subset-serialize.cc:26:
In file included from ../src/hb.hh:201:
In file included from ../src/hb.h:31:
In file included from ../src/hb-blob.h:34:
In file included from ../src/hb-common.h:66:
In file included from /Applications/Xcode.app/Contents/Developer/Platforms/MacOSX.platform/Developer/SDKs/MacOSX.sdk/usr/include/c++/v1/inttypes.h:241:
In file included from /Applications/Xcode.app/Contents/Developer/Platforms/MacOSX.platform/Developer/SDKs/MacOSX.sdk/usr/include/c++/v1/__config:15:
/Applications/Xcode.app/Contents/Developer/Platforms/MacOSX.platform/Developer/SDKs/MacOSX.sdk/usr/include/c++/v1/__configuration/availability.h:204:4: warning: "The selected platform is no longer supported by libc++." [-W#warnings]
  204 | #  warning "The selected platform is no longer supported by libc++."
      |    ^
1 warning generated.
[75/127] Compiling C++ object src/libharfbuzz-subset.a.p/hb-subset-table-cff.cc.o
In file included from ../src/hb-subset-table-cff.cc:1:
In file included from ../src/hb-subset-table.hh:31:
In file included from ../src/hb.hh:201:
In file included from ../src/hb.h:31:
In file included from ../src/hb-blob.h:34:
In file included from ../src/hb-common.h:66:
In file included from /Applications/Xcode.app/Contents/Developer/Platforms/MacOSX.platform/Developer/SDKs/MacOSX.sdk/usr/include/c++/v1/inttypes.h:241:
In file included from /Applications/Xcode.app/Contents/Developer/Platforms/MacOSX.platform/Developer/SDKs/MacOSX.sdk/usr/include/c++/v1/__config:15:
/Applications/Xcode.app/Contents/Developer/Platforms/MacOSX.platform/Developer/SDKs/MacOSX.sdk/usr/include/c++/v1/__configuration/availability.h:204:4: warning: "The selected platform is no longer supported by libc++." [-W#warnings]
  204 | #  warning "The selected platform is no longer supported by libc++."
      |    ^
1 warning generated.
[78/78] Generating src/libbluray/bdj/bdj-jar with a custom command
Buildfile: /Users/cam/Documents/Projects/ultima-iv-web/vlc-thumbs/work/build/vlc-source/contrib/contrib-aarch64-apple-darwin27/bluray/src/libbluray/bdj/build.xml

init:

compile:
    [javac] Compiling 33 source files to /Users/cam/Documents/Projects/ultima-iv-web/vlc-thumbs/work/build/vlc-source/contrib/contrib-aarch64-apple-darwin27/bluray/build/src/libbluray/bdj/libbluray-j2se-1.4.1.jar.p
    [javac] warning: [options] bootstrap class path not set in conjunction with -source 6
    [javac] warning: [options] source value 6 is obsolete and will be removed in a future release
    [javac] warning: [options] target value 1.6 is obsolete and will be removed in a future release
    [javac] warning: [options] To suppress warnings about obsolete options, use -Xlint:-options.
    [javac] 4 warnings
    [javac] Compiling 692 source files to /Users/cam/Documents/Projects/ultima-iv-web/vlc-thumbs/work/build/vlc-source/contrib/contrib-aarch64-apple-darwin27/bluray/build/src/libbluray/bdj/libbluray-j2se-1.4.1.jar.p
    [javac] warning: [options] bootstrap class path not set in conjunction with -source 6
    [javac] warning: [options] source value 6 is obsolete and will be removed in a future release
    [javac] warning: [options] target value 1.6 is obsolete and will be removed in a future release
    [javac] warning: [options] To suppress warnings about obsolete options, use -Xlint:-options.
    [javac] Note: Some input files use or override a deprecated API.
    [javac] Note: Recompile with -Xlint:deprecation for details.
    [javac] Note: Some input files use unchecked or unsafe operations.
    [javac] Note: Recompile with -Xlint:unchecked for details.
    [javac] 4 warnings

dist:
      [jar] Building jar: /Users/cam/Documents/Projects/ultima-iv-web/vlc-thumbs/work/build/vlc-source/contrib/contrib-aarch64-apple-darwin27/bluray/build/src/libbluray/bdj/libbluray-j2se-1.4.1.jar
      [jar] Building jar: /Users/cam/Documents/Projects/ultima-iv-web/vlc-thumbs/work/build/vlc-source/contrib/contrib-aarch64-apple-darwin27/bluray/build/src/libbluray/bdj/libbluray-awt-j2se-1.4.1.jar

BUILD SUCCESSFUL
Total time: 22 seconds
INFO: autodetecting backend as ninja
INFO: calculating backend command to run: /Users/cam/Documents/Projects/ultima-iv-web/vlc-thumbs/work/build/vlc-source/extras/tools/build/bin/ninja -C /Users/cam/Documents/Projects/ultima-iv-web/vlc-thumbs/work/build/vlc-source/contrib/contrib-aarch64-apple-darwin27/bluray/build
ninja: Entering directory `/Users/cam/Documents/Projects/ultima-iv-web/vlc-thumbs/work/build/vlc-source/contrib/contrib-aarch64-apple-darwin27/bluray/build'
[76/127] Compiling C++ object src/libharfbuzz-subset.a.p/hb-subset-table-var.cc.o
In file included from ../src/hb-subset-table-var.cc:1:
In file included from ../src/hb-subset-table.hh:31:
In file included from ../src/hb.hh:201:
In file included from ../src/hb.h:31:
In file included from ../src/hb-blob.h:34:
In file included from ../src/hb-common.h:66:
In file included from /Applications/Xcode.app/Contents/Developer/Platforms/MacOSX.platform/Developer/SDKs/MacOSX.sdk/usr/include/c++/v1/inttypes.h:241:
In file included from /Applications/Xcode.app/Contents/Developer/Platforms/MacOSX.platform/Developer/SDKs/MacOSX.sdk/usr/include/c++/v1/__config:15:
/Applications/Xcode.app/Contents/Developer/Platforms/MacOSX.platform/Developer/SDKs/MacOSX.sdk/usr/include/c++/v1/__configuration/availability.h:204:4: warning: "The selected platform is no longer supported by libc++." [-W#warnings]
  204 | #  warning "The selected platform is no longer supported by libc++."
      |    ^
1 warning generated.
[77/127] Compiling C++ object src/libharfbuzz-subset.a.p/graph_gsubgpos-context.cc.o
In file included from ../src/graph/gsubgpos-context.cc:27:
In file included from ../src/graph/gsubgpos-graph.hh:27:
In file included from ../src/graph/graph.hh:27:
In file included from ../src/graph/../hb-set.hh:31:
In file included from ../src/graph/../hb.hh:201:
In file included from ../src/graph/../hb.h:31:
In file included from ../src/graph/../hb-blob.h:34:
In file included from ../src/graph/../hb-common.h:66:
In file included from /Applications/Xcode.app/Contents/Developer/Platforms/MacOSX.platform/Developer/SDKs/MacOSX.sdk/usr/include/c++/v1/inttypes.h:241:
In file included from /Applications/Xcode.app/Contents/Developer/Platforms/MacOSX.platform/Developer/SDKs/MacOSX.sdk/usr/include/c++/v1/__config:15:
/Applications/Xcode.app/Contents/Developer/Platforms/MacOSX.platform/Developer/SDKs/MacOSX.sdk/usr/include/c++/v1/__configuration/availability.h:204:4: warning: "The selected platform is no longer supported by libc++." [-W#warnings]
  204 | #  warning "The selected platform is no longer supported by libc++."
      |    ^
1 warning generated.
[78/127] Compiling C++ object src/libharfbuzz-subset.a.p/hb-subset-table-color.cc.o
In file included from ../src/hb-subset-table-color.cc:1:
In file included from ../src/hb-subset-table.hh:31:
In file included from ../src/hb.hh:201:
In file included from ../src/hb.h:31:
In file included from ../src/hb-blob.h:34:
In file included from ../src/hb-common.h:66:
In file included from /Applications/Xcode.app/Contents/Developer/Platforms/MacOSX.platform/Developer/SDKs/MacOSX.sdk/usr/include/c++/v1/inttypes.h:241:
In file included from /Applications/Xcode.app/Contents/Developer/Platforms/MacOSX.platform/Developer/SDKs/MacOSX.sdk/usr/include/c++/v1/__config:15:
/Applications/Xcode.app/Contents/Developer/Platforms/MacOSX.platform/Developer/SDKs/MacOSX.sdk/usr/include/c++/v1/__configuration/availability.h:204:4: warning: "The selected platform is no longer supported by libc++." [-W#warnings]
  204 | #  warning "The selected platform is no longer supported by libc++."
      |    ^
1 warning generated.
[1/1] Generating src/libbluray/bdj/bdj-jar with a custom command
Buildfile: /Users/cam/Documents/Projects/ultima-iv-web/vlc-thumbs/work/build/vlc-source/contrib/contrib-aarch64-apple-darwin27/bluray/src/libbluray/bdj/build.xml

init:

compile:

dist:

BUILD SUCCESSFUL
Total time: 1 second
[79/127] Compiling C++ object src/libharfbuzz-raster.a.p/hb-raster.cc.o
In file included from ../src/hb-raster.cc:27:
In file included from ../src/hb.hh:201:
In file included from ../src/hb.h:31:
In file included from ../src/hb-blob.h:34:
In file included from ../src/hb-common.h:66:
In file included from /Applications/Xcode.app/Contents/Developer/Platforms/MacOSX.platform/Developer/SDKs/MacOSX.sdk/usr/include/c++/v1/inttypes.h:241:
In file included from /Applications/Xcode.app/Contents/Developer/Platforms/MacOSX.platform/Developer/SDKs/MacOSX.sdk/usr/include/c++/v1/__config:15:
/Applications/Xcode.app/Contents/Developer/Platforms/MacOSX.platform/Developer/SDKs/MacOSX.sdk/usr/include/c++/v1/__configuration/availability.h:204:4: warning: "The selected platform is no longer supported by libc++." [-W#warnings]
  204 | #  warning "The selected platform is no longer supported by libc++."
      |    ^
1 warning generated.
[80/127] Compiling C++ object src/libharfbuzz-raster.a.p/hb-raster-image.cc.o
In file included from ../src/hb-raster-image.cc:27:
In file included from ../src/hb.hh:201:
In file included from ../src/hb.h:31:
In file included from ../src/hb-blob.h:34:
In file included from ../src/hb-common.h:66:
In file included from /Applications/Xcode.app/Contents/Developer/Platforms/MacOSX.platform/Developer/SDKs/MacOSX.sdk/usr/include/c++/v1/inttypes.h:241:
In file included from /Applications/Xcode.app/Contents/Developer/Platforms/MacOSX.platform/Developer/SDKs/MacOSX.sdk/usr/include/c++/v1/__config:15:
/Applications/Xcode.app/Contents/Developer/Platforms/MacOSX.platform/Developer/SDKs/MacOSX.sdk/usr/include/c++/v1/__configuration/availability.h:204:4: warning: "The selected platform is no longer supported by libc++." [-W#warnings]
  204 | #  warning "The selected platform is no longer supported by libc++."
      |    ^
1 warning generated.
[81/127] Compiling C++ object src/libharfbuzz-raster.a.p/hb-raster-draw.cc.o
In file included from ../src/hb-raster-draw.cc:27:
In file included from ../src/hb.hh:201:
In file included from ../src/hb.h:31:
In file included from ../src/hb-blob.h:34:
In file included from ../src/hb-common.h:66:
In file included from /Applications/Xcode.app/Contents/Developer/Platforms/MacOSX.platform/Developer/SDKs/MacOSX.sdk/usr/include/c++/v1/inttypes.h:241:
In file included from /Applications/Xcode.app/Contents/Developer/Platforms/MacOSX.platform/Developer/SDKs/MacOSX.sdk/usr/include/c++/v1/__config:15:
/Applications/Xcode.app/Contents/Developer/Platforms/MacOSX.platform/Developer/SDKs/MacOSX.sdk/usr/include/c++/v1/__configuration/availability.h:204:4: warning: "The selected platform is no longer supported by libc++." [-W#warnings]
  204 | #  warning "The selected platform is no longer supported by libc++."
      |    ^
1 warning generated.
[82/127] Compiling C++ object src/libharfbuzz-subset.a.p/hb-subset-table-layout.cc.o
In file included from ../src/hb-subset-table-layout.cc:1:
In file included from ../src/hb-subset-table.hh:31:
In file included from ../src/hb.hh:201:
In file included from ../src/hb.h:31:
In file included from ../src/hb-blob.h:34:
In file included from ../src/hb-common.h:66:
In file included from /Applications/Xcode.app/Contents/Developer/Platforms/MacOSX.platform/Developer/SDKs/MacOSX.sdk/usr/include/c++/v1/inttypes.h:241:
In file included from /Applications/Xcode.app/Contents/Developer/Platforms/MacOSX.platform/Developer/SDKs/MacOSX.sdk/usr/include/c++/v1/__config:15:
/Applications/Xcode.app/Contents/Developer/Platforms/MacOSX.platform/Developer/SDKs/MacOSX.sdk/usr/include/c++/v1/__configuration/availability.h:204:4: warning: "The selected platform is no longer supported by libc++." [-W#warnings]
  204 | #  warning "The selected platform is no longer supported by libc++."
      |    ^
1 warning generated.
[83/127] Compiling C++ object src/libharfbuzz-raster.a.p/hb-raster-paint.cc.o
In file included from ../src/hb-raster-paint.cc:27:
In file included from ../src/hb.hh:201:
In file included from ../src/hb.h:31:
In file included from ../src/hb-blob.h:34:
In file included from ../src/hb-common.h:66:
In file included from /Applications/Xcode.app/Contents/Developer/Platforms/MacOSX.platform/Developer/SDKs/MacOSX.sdk/usr/include/c++/v1/inttypes.h:241:
In file included from /Applications/Xcode.app/Contents/Developer/Platforms/MacOSX.platform/Developer/SDKs/MacOSX.sdk/usr/include/c++/v1/__config:15:
/Applications/Xcode.app/Contents/Developer/Platforms/MacOSX.platform/Developer/SDKs/MacOSX.sdk/usr/include/c++/v1/__configuration/availability.h:204:4: warning: "The selected platform is no longer supported by libc++." [-W#warnings]
  204 | #  warning "The selected platform is no longer supported by libc++."
      |    ^
1 warning generated.
Installing src/libbluray.a to /Users/cam/Documents/Projects/ultima-iv-web/vlc-thumbs/work/build/vlc-source/contrib/aarch64-apple-darwin27/lib
Installing src/libbluray/bdj/libbluray-j2se-1.4.1.jar to /Users/cam/Documents/Projects/ultima-iv-web/vlc-thumbs/work/build/vlc-source/contrib/aarch64-apple-darwin27/share/java
Installing src/libbluray/bdj/libbluray-awt-j2se-1.4.1.jar to /Users/cam/Documents/Projects/ultima-iv-web/vlc-thumbs/work/build/vlc-source/contrib/aarch64-apple-darwin27/share/java
Installing src/tools/bd_info to /Users/cam/Documents/Projects/ultima-iv-web/vlc-thumbs/work/build/vlc-source/contrib/aarch64-apple-darwin27/bin
Installing src/tools/bd_list_titles to /Users/cam/Documents/Projects/ultima-iv-web/vlc-thumbs/work/build/vlc-source/contrib/aarch64-apple-darwin27/bin
Installing src/tools/bd_splice to /Users/cam/Documents/Projects/ultima-iv-web/vlc-thumbs/work/build/vlc-source/contrib/aarch64-apple-darwin27/bin
Installing /Users/cam/Documents/Projects/ultima-iv-web/vlc-thumbs/work/build/vlc-source/contrib/contrib-aarch64-apple-darwin27/bluray/src/file/filesystem.h to /Users/cam/Documents/Projects/ultima-iv-web/vlc-thumbs/work/build/vlc-source/contrib/aarch64-apple-darwin27/include/libbluray
Installing /Users/cam/Documents/Projects/ultima-iv-web/vlc-thumbs/work/build/vlc-source/contrib/contrib-aarch64-apple-darwin27/bluray/src/util/log_control.h to /Users/cam/Documents/Projects/ultima-iv-web/vlc-thumbs/work/build/vlc-source/contrib/aarch64-apple-darwin27/include/libbluray
Installing /Users/cam/Documents/Projects/ultima-iv-web/vlc-thumbs/work/build/vlc-source/contrib/contrib-aarch64-apple-darwin27/bluray/src/libbluray/bluray.h to /Users/cam/Documents/Projects/ultima-iv-web/vlc-thumbs/work/build/vlc-source/contrib/aarch64-apple-darwin27/include/libbluray
Installing /Users/cam/Documents/Projects/ultima-iv-web/vlc-thumbs/work/build/vlc-source/contrib/contrib-aarch64-apple-darwin27/bluray/src/libbluray/bdnav/clpi_data.h to /Users/cam/Documents/Projects/ultima-iv-web/vlc-thumbs/work/build/vlc-source/contrib/aarch64-apple-darwin27/include/libbluray
Installing /Users/cam/Documents/Projects/ultima-iv-web/vlc-thumbs/work/build/vlc-source/contrib/contrib-aarch64-apple-darwin27/bluray/src/libbluray/keys.h to /Users/cam/Documents/Projects/ultima-iv-web/vlc-thumbs/work/build/vlc-source/contrib/aarch64-apple-darwin27/include/libbluray
Installing /Users/cam/Documents/Projects/ultima-iv-web/vlc-thumbs/work/build/vlc-source/contrib/contrib-aarch64-apple-darwin27/bluray/src/libbluray/bdnav/meta_data.h to /Users/cam/Documents/Projects/ultima-iv-web/vlc-thumbs/work/build/vlc-source/contrib/aarch64-apple-darwin27/include/libbluray
Installing /Users/cam/Documents/Projects/ultima-iv-web/vlc-thumbs/work/build/vlc-source/contrib/contrib-aarch64-apple-darwin27/bluray/src/libbluray/decoders/overlay.h to /Users/cam/Documents/Projects/ultima-iv-web/vlc-thumbs/work/build/vlc-source/contrib/aarch64-apple-darwin27/include/libbluray
Installing /Users/cam/Documents/Projects/ultima-iv-web/vlc-thumbs/work/build/vlc-source/contrib/contrib-aarch64-apple-darwin27/bluray/src/libbluray/player_settings.h to /Users/cam/Documents/Projects/ultima-iv-web/vlc-thumbs/work/build/vlc-source/contrib/aarch64-apple-darwin27/include/libbluray
Installing /Users/cam/Documents/Projects/ultima-iv-web/vlc-thumbs/work/build/vlc-source/contrib/contrib-aarch64-apple-darwin27/bluray/build/src/libbluray/bluray-version.h to /Users/cam/Documents/Projects/ultima-iv-web/vlc-thumbs/work/build/vlc-source/contrib/aarch64-apple-darwin27/include/libbluray
Installing /Users/cam/Documents/Projects/ultima-iv-web/vlc-thumbs/work/build/vlc-source/contrib/contrib-aarch64-apple-darwin27/bluray/build/meson-private/libbluray.pc to /Users/cam/Documents/Projects/ultima-iv-web/vlc-thumbs/work/build/vlc-source/contrib/aarch64-apple-darwin27/lib/pkgconfig
touch .bluray
[84/127] Compiling C++ object src/libharfbuzz-vector.a.p/hb-zlib.cc.o
In file included from ../src/hb-zlib.cc:5:
In file included from ../src/hb.hh:201:
In file included from ../src/hb.h:31:
In file included from ../src/hb-blob.h:34:
In file included from ../src/hb-common.h:66:
In file included from /Applications/Xcode.app/Contents/Developer/Platforms/MacOSX.platform/Developer/SDKs/MacOSX.sdk/usr/include/c++/v1/inttypes.h:241:
In file included from /Applications/Xcode.app/Contents/Developer/Platforms/MacOSX.platform/Developer/SDKs/MacOSX.sdk/usr/include/c++/v1/__config:15:
/Applications/Xcode.app/Contents/Developer/Platforms/MacOSX.platform/Developer/SDKs/MacOSX.sdk/usr/include/c++/v1/__configuration/availability.h:204:4: warning: "The selected platform is no longer supported by libc++." [-W#warnings]
  204 | #  warning "The selected platform is no longer supported by libc++."
      |    ^
1 warning generated.
[85/127] Compiling C++ object src/libharfbuzz-raster.a.p/hb-static.cc.o
In file included from ../src/hb-static.cc:31:
In file included from ../src/hb.hh:201:
In file included from ../src/hb.h:31:
In file included from ../src/hb-blob.h:34:
In file included from ../src/hb-common.h:66:
In file included from /Applications/Xcode.app/Contents/Developer/Platforms/MacOSX.platform/Developer/SDKs/MacOSX.sdk/usr/include/c++/v1/inttypes.h:241:
In file included from /Applications/Xcode.app/Contents/Developer/Platforms/MacOSX.platform/Developer/SDKs/MacOSX.sdk/usr/include/c++/v1/__config:15:
/Applications/Xcode.app/Contents/Developer/Platforms/MacOSX.platform/Developer/SDKs/MacOSX.sdk/usr/include/c++/v1/__configuration/availability.h:204:4: warning: "The selected platform is no longer supported by libc++." [-W#warnings]
  204 | #  warning "The selected platform is no longer supported by libc++."
      |    ^
1 warning generated.
[86/127] Compiling C++ object src/libharfbuzz-vector.a.p/hb-vector.cc.o
In file included from ../src/hb-vector.cc:27:
In file included from ../src/hb.hh:201:
In file included from ../src/hb.h:31:
In file included from ../src/hb-blob.h:34:
In file included from ../src/hb-common.h:66:
In file included from /Applications/Xcode.app/Contents/Developer/Platforms/MacOSX.platform/Developer/SDKs/MacOSX.sdk/usr/include/c++/v1/inttypes.h:241:
In file included from /Applications/Xcode.app/Contents/Developer/Platforms/MacOSX.platform/Developer/SDKs/MacOSX.sdk/usr/include/c++/v1/__config:15:
/Applications/Xcode.app/Contents/Developer/Platforms/MacOSX.platform/Developer/SDKs/MacOSX.sdk/usr/include/c++/v1/__configuration/availability.h:204:4: warning: "The selected platform is no longer supported by libc++." [-W#warnings]
  204 | #  warning "The selected platform is no longer supported by libc++."
      |    ^
1 warning generated.
[87/127] Compiling C++ object src/libharfbuzz-vector.a.p/hb-vector-path.cc.o
In file included from ../src/hb-vector-path.cc:27:
In file included from ../src/hb.hh:201:
In file included from ../src/hb.h:31:
In file included from ../src/hb-blob.h:34:
In file included from ../src/hb-common.h:66:
In file included from /Applications/Xcode.app/Contents/Developer/Platforms/MacOSX.platform/Developer/SDKs/MacOSX.sdk/usr/include/c++/v1/inttypes.h:241:
In file included from /Applications/Xcode.app/Contents/Developer/Platforms/MacOSX.platform/Developer/SDKs/MacOSX.sdk/usr/include/c++/v1/__config:15:
/Applications/Xcode.app/Contents/Developer/Platforms/MacOSX.platform/Developer/SDKs/MacOSX.sdk/usr/include/c++/v1/__configuration/availability.h:204:4: warning: "The selected platform is no longer supported by libc++." [-W#warnings]
  204 | #  warning "The selected platform is no longer supported by libc++."
      |    ^
1 warning generated.
[88/127] Compiling C++ object src/libharfbuzz-vector.a.p/hb-vector-draw.cc.o
In file included from ../src/hb-vector-draw.cc:27:
In file included from ../src/hb.hh:201:
In file included from ../src/hb.h:31:
In file included from ../src/hb-blob.h:34:
In file included from ../src/hb-common.h:66:
In file included from /Applications/Xcode.app/Contents/Developer/Platforms/MacOSX.platform/Developer/SDKs/MacOSX.sdk/usr/include/c++/v1/inttypes.h:241:
In file included from /Applications/Xcode.app/Contents/Developer/Platforms/MacOSX.platform/Developer/SDKs/MacOSX.sdk/usr/include/c++/v1/__config:15:
/Applications/Xcode.app/Contents/Developer/Platforms/MacOSX.platform/Developer/SDKs/MacOSX.sdk/usr/include/c++/v1/__configuration/availability.h:204:4: warning: "The selected platform is no longer supported by libc++." [-W#warnings]
  204 | #  warning "The selected platform is no longer supported by libc++."
      |    ^
1 warning generated.
[89/127] Compiling C++ object src/libharfbuzz-vector.a.p/hb-vector-paint.cc.o
In file included from ../src/hb-vector-paint.cc:27:
In file included from ../src/hb.hh:201:
In file included from ../src/hb.h:31:
In file included from ../src/hb-blob.h:34:
In file included from ../src/hb-common.h:66:
In file included from /Applications/Xcode.app/Contents/Developer/Platforms/MacOSX.platform/Developer/SDKs/MacOSX.sdk/usr/include/c++/v1/inttypes.h:241:
In file included from /Applications/Xcode.app/Contents/Developer/Platforms/MacOSX.platform/Developer/SDKs/MacOSX.sdk/usr/include/c++/v1/__config:15:
/Applications/Xcode.app/Contents/Developer/Platforms/MacOSX.platform/Developer/SDKs/MacOSX.sdk/usr/include/c++/v1/__configuration/availability.h:204:4: warning: "The selected platform is no longer supported by libc++." [-W#warnings]
  204 | #  warning "The selected platform is no longer supported by libc++."
      |    ^
1 warning generated.
[90/127] Compiling C++ object src/libharfbuzz-subset.a.p/hb-subset-table-other.cc.o
In file included from ../src/hb-subset-table-other.cc:1:
In file included from ../src/hb-subset-table.hh:31:
In file included from ../src/hb.hh:201:
In file included from ../src/hb.h:31:
In file included from ../src/hb-blob.h:34:
In file included from ../src/hb-common.h:66:
In file included from /Applications/Xcode.app/Contents/Developer/Platforms/MacOSX.platform/Developer/SDKs/MacOSX.sdk/usr/include/c++/v1/inttypes.h:241:
In file included from /Applications/Xcode.app/Contents/Developer/Platforms/MacOSX.platform/Developer/SDKs/MacOSX.sdk/usr/include/c++/v1/__config:15:
/Applications/Xcode.app/Contents/Developer/Platforms/MacOSX.platform/Developer/SDKs/MacOSX.sdk/usr/include/c++/v1/__configuration/availability.h:204:4: warning: "The selected platform is no longer supported by libc++." [-W#warnings]
  204 | #  warning "The selected platform is no longer supported by libc++."
      |    ^
1 warning generated.
[91/127] Compiling C++ object src/libharfbuzz-vector.a.p/hb-vector-paint-svg.cc.o
In file included from ../src/hb-vector-paint-svg.cc:27:
In file included from ../src/hb.hh:201:
In file included from ../src/hb.h:31:
In file included from ../src/hb-blob.h:34:
In file included from ../src/hb-common.h:66:
In file included from /Applications/Xcode.app/Contents/Developer/Platforms/MacOSX.platform/Developer/SDKs/MacOSX.sdk/usr/include/c++/v1/inttypes.h:241:
In file included from /Applications/Xcode.app/Contents/Developer/Platforms/MacOSX.platform/Developer/SDKs/MacOSX.sdk/usr/include/c++/v1/__config:15:
/Applications/Xcode.app/Contents/Developer/Platforms/MacOSX.platform/Developer/SDKs/MacOSX.sdk/usr/include/c++/v1/__configuration/availability.h:204:4: warning: "The selected platform is no longer supported by libc++." [-W#warnings]
  204 | #  warning "The selected platform is no longer supported by libc++."
      |    ^
1 warning generated.
[92/127] Compiling C++ object src/libharfbuzz-gpu.a.p/hb-gpu.cc.o
In file included from ../src/hb-gpu.cc:27:
In file included from ../src/hb.hh:201:
In file included from ../src/hb.h:31:
In file included from ../src/hb-blob.h:34:
In file included from ../src/hb-common.h:66:
In file included from /Applications/Xcode.app/Contents/Developer/Platforms/MacOSX.platform/Developer/SDKs/MacOSX.sdk/usr/include/c++/v1/inttypes.h:241:
In file included from /Applications/Xcode.app/Contents/Developer/Platforms/MacOSX.platform/Developer/SDKs/MacOSX.sdk/usr/include/c++/v1/__config:15:
/Applications/Xcode.app/Contents/Developer/Platforms/MacOSX.platform/Developer/SDKs/MacOSX.sdk/usr/include/c++/v1/__configuration/availability.h:204:4: warning: "The selected platform is no longer supported by libc++." [-W#warnings]
  204 | #  warning "The selected platform is no longer supported by libc++."
      |    ^
1 warning generated.
[93/127] Compiling C++ object src/libharfbuzz-vector.a.p/hb-vector-paint-pdf.cc.o
In file included from ../src/hb-vector-paint-pdf.cc:27:
In file included from ../src/hb.hh:201:
In file included from ../src/hb.h:31:
In file included from ../src/hb-blob.h:34:
In file included from ../src/hb-common.h:66:
In file included from /Applications/Xcode.app/Contents/Developer/Platforms/MacOSX.platform/Developer/SDKs/MacOSX.sdk/usr/include/c++/v1/inttypes.h:241:
In file included from /Applications/Xcode.app/Contents/Developer/Platforms/MacOSX.platform/Developer/SDKs/MacOSX.sdk/usr/include/c++/v1/__config:15:
/Applications/Xcode.app/Contents/Developer/Platforms/MacOSX.platform/Developer/SDKs/MacOSX.sdk/usr/include/c++/v1/__configuration/availability.h:204:4: warning: "The selected platform is no longer supported by libc++." [-W#warnings]
  204 | #  warning "The selected platform is no longer supported by libc++."
      |    ^
1 warning generated.
[94/127] Compiling C++ object src/libharfbuzz-subset.a.p/hb-subset.cc.o
In file included from ../src/hb-subset.cc:27:
In file included from ../src/hb.hh:201:
In file included from ../src/hb.h:31:
In file included from ../src/hb-blob.h:34:
In file included from ../src/hb-common.h:66:
In file included from /Applications/Xcode.app/Contents/Developer/Platforms/MacOSX.platform/Developer/SDKs/MacOSX.sdk/usr/include/c++/v1/inttypes.h:241:
In file included from /Applications/Xcode.app/Contents/Developer/Platforms/MacOSX.platform/Developer/SDKs/MacOSX.sdk/usr/include/c++/v1/__config:15:
/Applications/Xcode.app/Contents/Developer/Platforms/MacOSX.platform/Developer/SDKs/MacOSX.sdk/usr/include/c++/v1/__configuration/availability.h:204:4: warning: "The selected platform is no longer supported by libc++." [-W#warnings]
  204 | #  warning "The selected platform is no longer supported by libc++."
      |    ^
1 warning generated.
[95/127] Compiling C++ object src/libharfbuzz-gpu.a.p/hb-gpu-draw.cc.o
In file included from ../src/hb-gpu-draw.cc:27:
In file included from ../src/hb.hh:201:
In file included from ../src/hb.h:31:
In file included from ../src/hb-blob.h:34:
In file included from ../src/hb-common.h:66:
In file included from /Applications/Xcode.app/Contents/Developer/Platforms/MacOSX.platform/Developer/SDKs/MacOSX.sdk/usr/include/c++/v1/inttypes.h:241:
In file included from /Applications/Xcode.app/Contents/Developer/Platforms/MacOSX.platform/Developer/SDKs/MacOSX.sdk/usr/include/c++/v1/__config:15:
/Applications/Xcode.app/Contents/Developer/Platforms/MacOSX.platform/Developer/SDKs/MacOSX.sdk/usr/include/c++/v1/__configuration/availability.h:204:4: warning: "The selected platform is no longer supported by libc++." [-W#warnings]
  204 | #  warning "The selected platform is no longer supported by libc++."
      |    ^
1 warning generated.
[96/127] Generating src/harfbuzz.cc with a custom command
[97/127] Compiling C++ object src/libharfbuzz-vector.a.p/hb-static.cc.o
In file included from ../src/hb-static.cc:31:
In file included from ../src/hb.hh:201:
In file included from ../src/hb.h:31:
In file included from ../src/hb-blob.h:34:
In file included from ../src/hb-common.h:66:
In file included from /Applications/Xcode.app/Contents/Developer/Platforms/MacOSX.platform/Developer/SDKs/MacOSX.sdk/usr/include/c++/v1/inttypes.h:241:
In file included from /Applications/Xcode.app/Contents/Developer/Platforms/MacOSX.platform/Developer/SDKs/MacOSX.sdk/usr/include/c++/v1/__config:15:
/Applications/Xcode.app/Contents/Developer/Platforms/MacOSX.platform/Developer/SDKs/MacOSX.sdk/usr/include/c++/v1/__configuration/availability.h:204:4: warning: "The selected platform is no longer supported by libc++." [-W#warnings]
  204 | #  warning "The selected platform is no longer supported by libc++."
      |    ^
1 warning generated.
[98/127] Compiling C++ object src/libharfbuzz-gpu.a.p/hb-gpu-paint.cc.o
In file included from ../src/hb-gpu-paint.cc:27:
In file included from ../src/hb.hh:201:
In file included from ../src/hb.h:31:
In file included from ../src/hb-blob.h:34:
In file included from ../src/hb-common.h:66:
In file included from /Applications/Xcode.app/Contents/Developer/Platforms/MacOSX.platform/Developer/SDKs/MacOSX.sdk/usr/include/c++/v1/inttypes.h:241:
In file included from /Applications/Xcode.app/Contents/Developer/Platforms/MacOSX.platform/Developer/SDKs/MacOSX.sdk/usr/include/c++/v1/__config:15:
/Applications/Xcode.app/Contents/Developer/Platforms/MacOSX.platform/Developer/SDKs/MacOSX.sdk/usr/include/c++/v1/__configuration/availability.h:204:4: warning: "The selected platform is no longer supported by libc++." [-W#warnings]
  204 | #  warning "The selected platform is no longer supported by libc++."
      |    ^
1 warning generated.
[99/127] Generating src/harfbuzz-subset.cc with a custom command
[100/127] Linking static target src/libharfbuzz-raster.a
[101/127] Compiling C++ object src/libharfbuzz-gpu.a.p/hb-static.cc.o
In file included from ../src/hb-static.cc:31:
In file included from ../src/hb.hh:201:
In file included from ../src/hb.h:31:
In file included from ../src/hb-blob.h:34:
In file included from ../src/hb-common.h:66:
In file included from /Applications/Xcode.app/Contents/Developer/Platforms/MacOSX.platform/Developer/SDKs/MacOSX.sdk/usr/include/c++/v1/inttypes.h:241:
In file included from /Applications/Xcode.app/Contents/Developer/Platforms/MacOSX.platform/Developer/SDKs/MacOSX.sdk/usr/include/c++/v1/__config:15:
/Applications/Xcode.app/Contents/Developer/Platforms/MacOSX.platform/Developer/SDKs/MacOSX.sdk/usr/include/c++/v1/__configuration/availability.h:204:4: warning: "The selected platform is no longer supported by libc++." [-W#warnings]
  204 | #  warning "The selected platform is no longer supported by libc++."
      |    ^
1 warning generated.
[102/127] Linking static target src/libharfbuzz-vector.a
[103/127] Generating src/hb-gpu-fragment-glsl.hh with a custom command
[104/127] Generating src/hb-gpu-vertex-glsl.hh with a custom command
[105/127] Generating src/hb-gpu-vertex-wgsl.hh with a custom command
[106/127] Generating src/hb-gpu-fragment-wgsl.hh with a custom command
[107/127] Generating src/hb-gpu-fragment-msl.hh with a custom command
[108/127] Generating src/hb-gpu-vertex-msl.hh with a custom command
[109/127] Generating src/hb-gpu-fragment-hlsl.hh with a custom command
[110/127] Generating src/hb-gpu-draw-fragment-glsl.hh with a custom command
[111/127] Generating src/hb-gpu-vertex-hlsl.hh with a custom command
[112/127] Generating src/hb-gpu-draw-fragment-msl.hh with a custom command
[113/127] Generating src/hb-gpu-draw-fragment-wgsl.hh with a custom command
[114/127] Generating src/hb-gpu-draw-fragment-hlsl.hh with a custom command
[115/127] Generating src/hb-gpu-paint-fragment-glsl.hh with a custom command
[116/127] Generating src/hb-gpu-paint-fragment-msl.hh with a custom command
[117/127] Generating src/hb-gpu-paint-fragment-wgsl.hh with a custom command
[118/127] Linking static target src/libharfbuzz.a
[119/127] Generating src/hb-gpu-paint-fragment-hlsl.hh with a custom command
[120/127] Linking static target src/libharfbuzz-gpu.a
[121/127] Generating src/harfbuzz-world.cc with a custom command
[122/127] Generating util/gpu/demo-fragment-glsl.hh with a custom command
[123/127] Generating util/gpu/demo-vertex-glsl.hh with a custom command
[124/127] Linking static target src/libharfbuzz-subset.a
[125/127] Generating util/gpu/demo-shader-msl.hh with a custom command
[126/127] Generating util/gpu/demo-shader-hlsl.hh with a custom command
[127/127] Generating util/gpu/demo-shader-wgsl.hh with a custom command
INFO: autodetecting backend as ninja
INFO: calculating backend command to run: /Users/cam/Documents/Projects/ultima-iv-web/vlc-thumbs/work/build/vlc-source/extras/tools/build/bin/ninja -C /Users/cam/Documents/Projects/ultima-iv-web/vlc-thumbs/work/build/vlc-source/contrib/contrib-aarch64-apple-darwin27/harfbuzz/build
ninja: Entering directory `/Users/cam/Documents/Projects/ultima-iv-web/vlc-thumbs/work/build/vlc-source/contrib/contrib-aarch64-apple-darwin27/harfbuzz/build'
[1/4] Compiling C++ object src/libharfbuzz-gpu.a.p/hb-gpu.cc.o
In file included from ../src/hb-gpu.cc:27:
In file included from ../src/hb.hh:201:
In file included from ../src/hb.h:31:
In file included from ../src/hb-blob.h:34:
In file included from ../src/hb-common.h:66:
In file included from /Applications/Xcode.app/Contents/Developer/Platforms/MacOSX.platform/Developer/SDKs/MacOSX.sdk/usr/include/c++/v1/inttypes.h:241:
In file included from /Applications/Xcode.app/Contents/Developer/Platforms/MacOSX.platform/Developer/SDKs/MacOSX.sdk/usr/include/c++/v1/__config:15:
/Applications/Xcode.app/Contents/Developer/Platforms/MacOSX.platform/Developer/SDKs/MacOSX.sdk/usr/include/c++/v1/__configuration/availability.h:204:4: warning: "The selected platform is no longer supported by libc++." [-W#warnings]
  204 | #  warning "The selected platform is no longer supported by libc++."
      |    ^
1 warning generated.
[2/4] Compiling C++ object src/libharfbuzz-gpu.a.p/hb-gpu-draw.cc.o
In file included from ../src/hb-gpu-draw.cc:27:
In file included from ../src/hb.hh:201:
In file included from ../src/hb.h:31:
In file included from ../src/hb-blob.h:34:
In file included from ../src/hb-common.h:66:
In file included from /Applications/Xcode.app/Contents/Developer/Platforms/MacOSX.platform/Developer/SDKs/MacOSX.sdk/usr/include/c++/v1/inttypes.h:241:
In file included from /Applications/Xcode.app/Contents/Developer/Platforms/MacOSX.platform/Developer/SDKs/MacOSX.sdk/usr/include/c++/v1/__config:15:
/Applications/Xcode.app/Contents/Developer/Platforms/MacOSX.platform/Developer/SDKs/MacOSX.sdk/usr/include/c++/v1/__configuration/availability.h:204:4: warning: "The selected platform is no longer supported by libc++." [-W#warnings]
  204 | #  warning "The selected platform is no longer supported by libc++."
      |    ^
1 warning generated.
[3/4] Compiling C++ object src/libharfbuzz-gpu.a.p/hb-gpu-paint.cc.o
In file included from ../src/hb-gpu-paint.cc:27:
In file included from ../src/hb.hh:201:
In file included from ../src/hb.h:31:
In file included from ../src/hb-blob.h:34:
In file included from ../src/hb-common.h:66:
In file included from /Applications/Xcode.app/Contents/Developer/Platforms/MacOSX.platform/Developer/SDKs/MacOSX.sdk/usr/include/c++/v1/inttypes.h:241:
In file included from /Applications/Xcode.app/Contents/Developer/Platforms/MacOSX.platform/Developer/SDKs/MacOSX.sdk/usr/include/c++/v1/__config:15:
/Applications/Xcode.app/Contents/Developer/Platforms/MacOSX.platform/Developer/SDKs/MacOSX.sdk/usr/include/c++/v1/__configuration/availability.h:204:4: warning: "The selected platform is no longer supported by libc++." [-W#warnings]
  204 | #  warning "The selected platform is no longer supported by libc++."
      |    ^
1 warning generated.
[4/4] Linking static target src/libharfbuzz-gpu.a
Installing src/libharfbuzz.a to /Users/cam/Documents/Projects/ultima-iv-web/vlc-thumbs/work/build/vlc-source/contrib/aarch64-apple-darwin27/lib
Installing src/libharfbuzz-subset.a to /Users/cam/Documents/Projects/ultima-iv-web/vlc-thumbs/work/build/vlc-source/contrib/aarch64-apple-darwin27/lib
Installing src/libharfbuzz-raster.a to /Users/cam/Documents/Projects/ultima-iv-web/vlc-thumbs/work/build/vlc-source/contrib/aarch64-apple-darwin27/lib
Installing src/libharfbuzz-vector.a to /Users/cam/Documents/Projects/ultima-iv-web/vlc-thumbs/work/build/vlc-source/contrib/aarch64-apple-darwin27/lib
Installing src/libharfbuzz-gpu.a to /Users/cam/Documents/Projects/ultima-iv-web/vlc-thumbs/work/build/vlc-source/contrib/aarch64-apple-darwin27/lib
Installing /Users/cam/Documents/Projects/ultima-iv-web/vlc-thumbs/work/build/vlc-source/contrib/contrib-aarch64-apple-darwin27/harfbuzz/src/hb-raster.h to /Users/cam/Documents/Projects/ultima-iv-web/vlc-thumbs/work/build/vlc-source/contrib/aarch64-apple-darwin27/include/harfbuzz
Installing /Users/cam/Documents/Projects/ultima-iv-web/vlc-thumbs/work/build/vlc-source/contrib/contrib-aarch64-apple-darwin27/harfbuzz/src/hb-vector.h to /Users/cam/Documents/Projects/ultima-iv-web/vlc-thumbs/work/build/vlc-source/contrib/aarch64-apple-darwin27/include/harfbuzz
Installing /Users/cam/Documents/Projects/ultima-iv-web/vlc-thumbs/work/build/vlc-source/contrib/contrib-aarch64-apple-darwin27/harfbuzz/src/hb-gpu.h to /Users/cam/Documents/Projects/ultima-iv-web/vlc-thumbs/work/build/vlc-source/contrib/aarch64-apple-darwin27/include/harfbuzz
Installing /Users/cam/Documents/Projects/ultima-iv-web/vlc-thumbs/work/build/vlc-source/contrib/contrib-aarch64-apple-darwin27/harfbuzz/src/hb-aat-layout.h to /Users/cam/Documents/Projects/ultima-iv-web/vlc-thumbs/work/build/vlc-source/contrib/aarch64-apple-darwin27/include/harfbuzz
Installing /Users/cam/Documents/Projects/ultima-iv-web/vlc-thumbs/work/build/vlc-source/contrib/contrib-aarch64-apple-darwin27/harfbuzz/src/hb-aat.h to /Users/cam/Documents/Projects/ultima-iv-web/vlc-thumbs/work/build/vlc-source/contrib/aarch64-apple-darwin27/include/harfbuzz
Installing /Users/cam/Documents/Projects/ultima-iv-web/vlc-thumbs/work/build/vlc-source/contrib/contrib-aarch64-apple-darwin27/harfbuzz/src/hb-blob.h to /Users/cam/Documents/Projects/ultima-iv-web/vlc-thumbs/work/build/vlc-source/contrib/aarch64-apple-darwin27/include/harfbuzz
Installing /Users/cam/Documents/Projects/ultima-iv-web/vlc-thumbs/work/build/vlc-source/contrib/contrib-aarch64-apple-darwin27/harfbuzz/src/hb-buffer.h to /Users/cam/Documents/Projects/ultima-iv-web/vlc-thumbs/work/build/vlc-source/contrib/aarch64-apple-darwin27/include/harfbuzz
Installing /Users/cam/Documents/Projects/ultima-iv-web/vlc-thumbs/work/build/vlc-source/contrib/contrib-aarch64-apple-darwin27/harfbuzz/src/hb-common.h to /Users/cam/Documents/Projects/ultima-iv-web/vlc-thumbs/work/build/vlc-source/contrib/aarch64-apple-darwin27/include/harfbuzz
Installing /Users/cam/Documents/Projects/ultima-iv-web/vlc-thumbs/work/build/vlc-source/contrib/contrib-aarch64-apple-darwin27/harfbuzz/src/hb-cplusplus.hh to /Users/cam/Documents/Projects/ultima-iv-web/vlc-thumbs/work/build/vlc-source/contrib/aarch64-apple-darwin27/include/harfbuzz
Installing /Users/cam/Documents/Projects/ultima-iv-web/vlc-thumbs/work/build/vlc-source/contrib/contrib-aarch64-apple-darwin27/harfbuzz/src/hb-deprecated.h to /Users/cam/Documents/Projects/ultima-iv-web/vlc-thumbs/work/build/vlc-source/contrib/aarch64-apple-darwin27/include/harfbuzz
Installing /Users/cam/Documents/Projects/ultima-iv-web/vlc-thumbs/work/build/vlc-source/contrib/contrib-aarch64-apple-darwin27/harfbuzz/src/hb-draw.h to /Users/cam/Documents/Projects/ultima-iv-web/vlc-thumbs/work/build/vlc-source/contrib/aarch64-apple-darwin27/include/harfbuzz
Installing /Users/cam/Documents/Projects/ultima-iv-web/vlc-thumbs/work/build/vlc-source/contrib/contrib-aarch64-apple-darwin27/harfbuzz/src/hb-paint.h to /Users/cam/Documents/Projects/ultima-iv-web/vlc-thumbs/work/build/vlc-source/contrib/aarch64-apple-darwin27/include/harfbuzz
Installing /Users/cam/Documents/Projects/ultima-iv-web/vlc-thumbs/work/build/vlc-source/contrib/contrib-aarch64-apple-darwin27/harfbuzz/src/hb-face.h to /Users/cam/Documents/Projects/ultima-iv-web/vlc-thumbs/work/build/vlc-source/contrib/aarch64-apple-darwin27/include/harfbuzz
Installing /Users/cam/Documents/Projects/ultima-iv-web/vlc-thumbs/work/build/vlc-source/contrib/contrib-aarch64-apple-darwin27/harfbuzz/src/hb-font.h to /Users/cam/Documents/Projects/ultima-iv-web/vlc-thumbs/work/build/vlc-source/contrib/aarch64-apple-darwin27/include/harfbuzz
Installing /Users/cam/Documents/Projects/ultima-iv-web/vlc-thumbs/work/build/vlc-source/contrib/contrib-aarch64-apple-darwin27/harfbuzz/src/hb-map.h to /Users/cam/Documents/Projects/ultima-iv-web/vlc-thumbs/work/build/vlc-source/contrib/aarch64-apple-darwin27/include/harfbuzz
Installing /Users/cam/Documents/Projects/ultima-iv-web/vlc-thumbs/work/build/vlc-source/contrib/contrib-aarch64-apple-darwin27/harfbuzz/src/hb-ot-color.h to /Users/cam/Documents/Projects/ultima-iv-web/vlc-thumbs/work/build/vlc-source/contrib/aarch64-apple-darwin27/include/harfbuzz
Installing /Users/cam/Documents/Projects/ultima-iv-web/vlc-thumbs/work/build/vlc-source/contrib/contrib-aarch64-apple-darwin27/harfbuzz/src/hb-ot-deprecated.h to /Users/cam/Documents/Projects/ultima-iv-web/vlc-thumbs/work/build/vlc-source/contrib/aarch64-apple-darwin27/include/harfbuzz
Installing /Users/cam/Documents/Projects/ultima-iv-web/vlc-thumbs/work/build/vlc-source/contrib/contrib-aarch64-apple-darwin27/harfbuzz/src/hb-ot-font.h to /Users/cam/Documents/Projects/ultima-iv-web/vlc-thumbs/work/build/vlc-source/contrib/aarch64-apple-darwin27/include/harfbuzz
Installing /Users/cam/Documents/Projects/ultima-iv-web/vlc-thumbs/work/build/vlc-source/contrib/contrib-aarch64-apple-darwin27/harfbuzz/src/hb-ot-layout.h to /Users/cam/Documents/Projects/ultima-iv-web/vlc-thumbs/work/build/vlc-source/contrib/aarch64-apple-darwin27/include/harfbuzz
Installing /Users/cam/Documents/Projects/ultima-iv-web/vlc-thumbs/work/build/vlc-source/contrib/contrib-aarch64-apple-darwin27/harfbuzz/src/hb-ot-math.h to /Users/cam/Documents/Projects/ultima-iv-web/vlc-thumbs/work/build/vlc-source/contrib/aarch64-apple-darwin27/include/harfbuzz
Installing /Users/cam/Documents/Projects/ultima-iv-web/vlc-thumbs/work/build/vlc-source/contrib/contrib-aarch64-apple-darwin27/harfbuzz/src/hb-ot-meta.h to /Users/cam/Documents/Projects/ultima-iv-web/vlc-thumbs/work/build/vlc-source/contrib/aarch64-apple-darwin27/include/harfbuzz
Installing /Users/cam/Documents/Projects/ultima-iv-web/vlc-thumbs/work/build/vlc-source/contrib/contrib-aarch64-apple-darwin27/harfbuzz/src/hb-ot-metrics.h to /Users/cam/Documents/Projects/ultima-iv-web/vlc-thumbs/work/build/vlc-source/contrib/aarch64-apple-darwin27/include/harfbuzz
Installing /Users/cam/Documents/Projects/ultima-iv-web/vlc-thumbs/work/build/vlc-source/contrib/contrib-aarch64-apple-darwin27/harfbuzz/src/hb-ot-name.h to /Users/cam/Documents/Projects/ultima-iv-web/vlc-thumbs/work/build/vlc-source/contrib/aarch64-apple-darwin27/include/harfbuzz
Installing /Users/cam/Documents/Projects/ultima-iv-web/vlc-thumbs/work/build/vlc-source/contrib/contrib-aarch64-apple-darwin27/harfbuzz/src/hb-ot-shape.h to /Users/cam/Documents/Projects/ultima-iv-web/vlc-thumbs/work/build/vlc-source/contrib/aarch64-apple-darwin27/include/harfbuzz
Installing /Users/cam/Documents/Projects/ultima-iv-web/vlc-thumbs/work/build/vlc-source/contrib/contrib-aarch64-apple-darwin27/harfbuzz/src/hb-ot-var.h to /Users/cam/Documents/Projects/ultima-iv-web/vlc-thumbs/work/build/vlc-source/contrib/aarch64-apple-darwin27/include/harfbuzz
Installing /Users/cam/Documents/Projects/ultima-iv-web/vlc-thumbs/work/build/vlc-source/contrib/contrib-aarch64-apple-darwin27/harfbuzz/src/hb-ot.h to /Users/cam/Documents/Projects/ultima-iv-web/vlc-thumbs/work/build/vlc-source/contrib/aarch64-apple-darwin27/include/harfbuzz
Installing /Users/cam/Documents/Projects/ultima-iv-web/vlc-thumbs/work/build/vlc-source/contrib/contrib-aarch64-apple-darwin27/harfbuzz/src/hb-script-list.h to /Users/cam/Documents/Projects/ultima-iv-web/vlc-thumbs/work/build/vlc-source/contrib/aarch64-apple-darwin27/include/harfbuzz
Installing /Users/cam/Documents/Projects/ultima-iv-web/vlc-thumbs/work/build/vlc-source/contrib/contrib-aarch64-apple-darwin27/harfbuzz/src/hb-set.h to /Users/cam/Documents/Projects/ultima-iv-web/vlc-thumbs/work/build/vlc-source/contrib/aarch64-apple-darwin27/include/harfbuzz
Installing /Users/cam/Documents/Projects/ultima-iv-web/vlc-thumbs/work/build/vlc-source/contrib/contrib-aarch64-apple-darwin27/harfbuzz/src/hb-shape-plan.h to /Users/cam/Documents/Projects/ultima-iv-web/vlc-thumbs/work/build/vlc-source/contrib/aarch64-apple-darwin27/include/harfbuzz
Installing /Users/cam/Documents/Projects/ultima-iv-web/vlc-thumbs/work/build/vlc-source/contrib/contrib-aarch64-apple-darwin27/harfbuzz/src/hb-shape.h to /Users/cam/Documents/Projects/ultima-iv-web/vlc-thumbs/work/build/vlc-source/contrib/aarch64-apple-darwin27/include/harfbuzz
Installing /Users/cam/Documents/Projects/ultima-iv-web/vlc-thumbs/work/build/vlc-source/contrib/contrib-aarch64-apple-darwin27/harfbuzz/src/hb-style.h to /Users/cam/Documents/Projects/ultima-iv-web/vlc-thumbs/work/build/vlc-source/contrib/aarch64-apple-darwin27/include/harfbuzz
Installing /Users/cam/Documents/Projects/ultima-iv-web/vlc-thumbs/work/build/vlc-source/contrib/contrib-aarch64-apple-darwin27/harfbuzz/src/hb-unicode.h to /Users/cam/Documents/Projects/ultima-iv-web/vlc-thumbs/work/build/vlc-source/contrib/aarch64-apple-darwin27/include/harfbuzz
Installing /Users/cam/Documents/Projects/ultima-iv-web/vlc-thumbs/work/build/vlc-source/contrib/contrib-aarch64-apple-darwin27/harfbuzz/src/hb.h to /Users/cam/Documents/Projects/ultima-iv-web/vlc-thumbs/work/build/vlc-source/contrib/aarch64-apple-darwin27/include/harfbuzz
Installing /Users/cam/Documents/Projects/ultima-iv-web/vlc-thumbs/work/build/vlc-source/contrib/contrib-aarch64-apple-darwin27/harfbuzz/build/src/hb-version.h to /Users/cam/Documents/Projects/ultima-iv-web/vlc-thumbs/work/build/vlc-source/contrib/aarch64-apple-darwin27/include/harfbuzz
Installing /Users/cam/Documents/Projects/ultima-iv-web/vlc-thumbs/work/build/vlc-source/contrib/contrib-aarch64-apple-darwin27/harfbuzz/src/hb-ft.h to /Users/cam/Documents/Projects/ultima-iv-web/vlc-thumbs/work/build/vlc-source/contrib/aarch64-apple-darwin27/include/harfbuzz
Installing /Users/cam/Documents/Projects/ultima-iv-web/vlc-thumbs/work/build/vlc-source/contrib/contrib-aarch64-apple-darwin27/harfbuzz/src/hb-coretext.h to /Users/cam/Documents/Projects/ultima-iv-web/vlc-thumbs/work/build/vlc-source/contrib/aarch64-apple-darwin27/include/harfbuzz
Installing /Users/cam/Documents/Projects/ultima-iv-web/vlc-thumbs/work/build/vlc-source/contrib/contrib-aarch64-apple-darwin27/harfbuzz/src/hb-subset.h to /Users/cam/Documents/Projects/ultima-iv-web/vlc-thumbs/work/build/vlc-source/contrib/aarch64-apple-darwin27/include/harfbuzz
Installing /Users/cam/Documents/Projects/ultima-iv-web/vlc-thumbs/work/build/vlc-source/contrib/contrib-aarch64-apple-darwin27/harfbuzz/src/hb-subset-serialize.h to /Users/cam/Documents/Projects/ultima-iv-web/vlc-thumbs/work/build/vlc-source/contrib/aarch64-apple-darwin27/include/harfbuzz
Installing /Users/cam/Documents/Projects/ultima-iv-web/vlc-thumbs/work/build/vlc-source/contrib/contrib-aarch64-apple-darwin27/harfbuzz/build/src/hb-version.h to /Users/cam/Documents/Projects/ultima-iv-web/vlc-thumbs/work/build/vlc-source/contrib/aarch64-apple-darwin27/include/harfbuzz
Installing /Users/cam/Documents/Projects/ultima-iv-web/vlc-thumbs/work/build/vlc-source/contrib/contrib-aarch64-apple-darwin27/harfbuzz/build/src/hb-features.h to /Users/cam/Documents/Projects/ultima-iv-web/vlc-thumbs/work/build/vlc-source/contrib/aarch64-apple-darwin27/include/harfbuzz
Installing /Users/cam/Documents/Projects/ultima-iv-web/vlc-thumbs/work/build/vlc-source/contrib/contrib-aarch64-apple-darwin27/harfbuzz/build/meson-private/harfbuzz-raster.pc to /Users/cam/Documents/Projects/ultima-iv-web/vlc-thumbs/work/build/vlc-source/contrib/aarch64-apple-darwin27/lib/pkgconfig
Installing /Users/cam/Documents/Projects/ultima-iv-web/vlc-thumbs/work/build/vlc-source/contrib/contrib-aarch64-apple-darwin27/harfbuzz/build/meson-private/harfbuzz-vector.pc to /Users/cam/Documents/Projects/ultima-iv-web/vlc-thumbs/work/build/vlc-source/contrib/aarch64-apple-darwin27/lib/pkgconfig
Installing /Users/cam/Documents/Projects/ultima-iv-web/vlc-thumbs/work/build/vlc-source/contrib/contrib-aarch64-apple-darwin27/harfbuzz/build/meson-private/harfbuzz-gpu.pc to /Users/cam/Documents/Projects/ultima-iv-web/vlc-thumbs/work/build/vlc-source/contrib/aarch64-apple-darwin27/lib/pkgconfig
Installing /Users/cam/Documents/Projects/ultima-iv-web/vlc-thumbs/work/build/vlc-source/contrib/contrib-aarch64-apple-darwin27/harfbuzz/build/meson-private/harfbuzz.pc to /Users/cam/Documents/Projects/ultima-iv-web/vlc-thumbs/work/build/vlc-source/contrib/aarch64-apple-darwin27/lib/pkgconfig
Installing /Users/cam/Documents/Projects/ultima-iv-web/vlc-thumbs/work/build/vlc-source/contrib/contrib-aarch64-apple-darwin27/harfbuzz/build/meson-private/harfbuzz-subset.pc to /Users/cam/Documents/Projects/ultima-iv-web/vlc-thumbs/work/build/vlc-source/contrib/aarch64-apple-darwin27/lib/pkgconfig
Installing /Users/cam/Documents/Projects/ultima-iv-web/vlc-thumbs/work/build/vlc-source/contrib/contrib-aarch64-apple-darwin27/harfbuzz/build/src/harfbuzz-config.cmake to /Users/cam/Documents/Projects/ultima-iv-web/vlc-thumbs/work/build/vlc-source/contrib/aarch64-apple-darwin27/lib/cmake/harfbuzz
touch .harfbuzz
touch -r .harfbuzz .dep-harfbuzz
mkdir -p libass/vlc_build && rm -f libass/vlc_build/config.status
cd libass/vlc_build && CC="/Applications/Xcode.app/Contents/Developer/Toolchains/XcodeDefault.xctoolchain/usr/bin/clang" CXX="/Applications/Xcode.app/Contents/Developer/Toolchains/XcodeDefault.xctoolchain/usr/bin/clang++" OBJC="/Applications/Xcode.app/Contents/Developer/Toolchains/XcodeDefault.xctoolchain/usr/bin/clang" OBJCXX="/Applications/Xcode.app/Contents/Developer/Toolchains/XcodeDefault.xctoolchain/usr/bin/clang++" LD="ld" AR="/Applications/Xcode.app/Contents/Developer/Toolchains/XcodeDefault.xctoolchain/usr/bin/ar" CCAS="/Applications/Xcode.app/Contents/Developer/Toolchains/XcodeDefault.xctoolchain/usr/bin/clang -c" RANLIB="/Applications/Xcode.app/Contents/Developer/Toolchains/XcodeDefault.xctoolchain/usr/bin/ranlib" STRIP="/Applications/Xcode.app/Contents/Developer/Toolchains/XcodeDefault.xctoolchain/usr/bin/strip" PATH="/Users/cam/Documents/Projects/ultima-iv-web/vlc-thumbs/work/build/vlc-source/contrib/aarch64-apple-darwin27/bin:/Users/cam/Documents/Projects/ultima-iv-web/vlc-thumbs/work/build/vlc-source/extras/tools/build/bin:/Users/cam/Documents/Projects/ultima-iv-web/vlc-thumbs/work/build/vlc-source/extras/tools/build/bin:/Users/cam/Documents/Projects/ultima-iv-web/vlc-thumbs/work/build/vlc-source/contrib/aarch64-apple-darwin27/bin::/usr/local/bin:/bin:/sbin:/usr/bin:/usr/sbin" PKG_CONFIG="pkg-config" CPPFLAGS=" -isysroot /Applications/Xcode.app/Contents/Developer/Platforms/MacOSX.platform/Developer/SDKs/MacOSX.sdk -mmacosx-version-min=10.7 -DMACOSX_DEPLOYMENT_TARGET=10.7 -arch arm64 -I/Users/cam/Documents/Projects/ultima-iv-web/vlc-thumbs/work/build/vlc-source/contrib/aarch64-apple-darwin27/include" CFLAGS="-Werror=partial-availability -isysroot /Applications/Xcode.app/Contents/Developer/Platforms/MacOSX.platform/Developer/SDKs/MacOSX.sdk -mmacosx-version-min=10.7 -DMACOSX_DEPLOYMENT_TARGET=10.7 -arch arm64 -I/Users/cam/Documents/Projects/ultima-iv-web/vlc-thumbs/work/build/vlc-source/contrib/aarch64-apple-darwin27/include -g -O2" CXXFLAGS="-Werror=partial-availability -isysroot /Applications/Xcode.app/Contents/Developer/Platforms/MacOSX.platform/Developer/SDKs/MacOSX.sdk -mmacosx-version-min=10.7 -DMACOSX_DEPLOYMENT_TARGET=10.7 -arch arm64 -I/Users/cam/Documents/Projects/ultima-iv-web/vlc-thumbs/work/build/vlc-source/contrib/aarch64-apple-darwin27/include -stdlib=libc++ -g -O2" LDFLAGS=" -L/Users/cam/Documents/Projects/ultima-iv-web/vlc-thumbs/work/build/vlc-source/contrib/aarch64-apple-darwin27/lib -Wl,-syslibroot,/Applications/Xcode.app/Contents/Developer/Platforms/MacOSX.platform/Developer/SDKs/MacOSX.sdk -mmacosx-version-min=10.7 -isysroot /Applications/Xcode.app/Contents/Developer/Platforms/MacOSX.platform/Developer/SDKs/MacOSX.sdk -DMACOSX_DEPLOYMENT_TARGET=10.7 -arch arm64" ../configure --prefix="/Users/cam/Documents/Projects/ultima-iv-web/vlc-thumbs/work/build/vlc-source/contrib/aarch64-apple-darwin27" --datarootdir="/Users/cam/Documents/Projects/ultima-iv-web/vlc-thumbs/work/build/vlc-source/contrib/aarch64-apple-darwin27/share" --includedir="/Users/cam/Documents/Projects/ultima-iv-web/vlc-thumbs/work/build/vlc-source/contrib/aarch64-apple-darwin27/include" --libdir="/Users/cam/Documents/Projects/ultima-iv-web/vlc-thumbs/work/build/vlc-source/contrib/aarch64-apple-darwin27/lib" --build="aarch64-apple-darwin27" --host="aarch64-apple-darwin27" --target="aarch64-apple-darwin27" --program-prefix="" --enable-static --disable-shared --disable-dependency-tracking --with-pic --disable-test --disable-fontconfig --disable-require-system-font-provider --enable-coretext
checking for a BSD-compatible install... /usr/local/bin/ginstall -c
checking whether sleep supports fractional seconds... yes
checking filesystem timestamp resolution... 2
checking whether build environment is sane... yes
checking for a race-free mkdir -p... /usr/local/bin/gmkdir -p
checking for gawk... no
checking for mawk... no
checking for nawk... no
checking for awk... awk
checking whether make sets $(MAKE)... yes
checking whether make supports nested variables... yes
checking xargs -n works... yes
checking build system type... aarch64-apple-darwin27
checking host system type... aarch64-apple-darwin27
checking how to print strings... printf
checking whether make supports the include directive... yes (GNU style)
checking for aarch64-apple-darwin27-gcc... /Applications/Xcode.app/Contents/Developer/Toolchains/XcodeDefault.xctoolchain/usr/bin/clang
checking whether the C compiler works... yes
checking for C compiler default output file name... a.out
checking for suffix of executables... 
checking whether we are cross compiling... no
checking for suffix of object files... o
checking whether the compiler supports GNU C... yes
checking whether /Applications/Xcode.app/Contents/Developer/Toolchains/XcodeDefault.xctoolchain/usr/bin/clang accepts -g... yes
checking for /Applications/Xcode.app/Contents/Developer/Toolchains/XcodeDefault.xctoolchain/usr/bin/clang option to enable C11 features... none needed
checking whether /Applications/Xcode.app/Contents/Developer/Toolchains/XcodeDefault.xctoolchain/usr/bin/clang understands -c and -o together... rm: conftest.dSYM: is a directory
yes
checking dependency style of /Applications/Xcode.app/Contents/Developer/Toolchains/XcodeDefault.xctoolchain/usr/bin/clang... none
checking for a sed that does not truncate output... /usr/bin/sed
checking for grep that handles long lines and -e... /usr/bin/grep
checking for egrep... /usr/bin/grep -E
checking for fgrep... /usr/bin/grep -F
checking for ld used by /Applications/Xcode.app/Contents/Developer/Toolchains/XcodeDefault.xctoolchain/usr/bin/clang... ld
checking if the linker (ld) is GNU ld... no
checking for BSD- or MS-compatible name lister (nm)... /Applications/Xcode.app/Contents/Developer/Toolchains/XcodeDefault.xctoolchain/usr/bin/nm
checking the name lister (/Applications/Xcode.app/Contents/Developer/Toolchains/XcodeDefault.xctoolchain/usr/bin/nm) interface... rm: conftest.dSYM: is a directory
BSD nm
checking whether ln -s works... yes
checking the maximum length of command line arguments... 786432
checking how to convert aarch64-apple-darwin27 file names to aarch64-apple-darwin27 format... func_convert_file_noop
checking how to convert aarch64-apple-darwin27 file names to toolchain format... func_convert_file_noop
checking for ld option to reload object files... -r
checking for file... file
checking for aarch64-apple-darwin27-objdump... no
checking for objdump... objdump
checking how to recognize dependent libraries... pass_all
checking for aarch64-apple-darwin27-dlltool... no
checking for dlltool... no
checking how to associate runtime and link libraries... printf %s\n
checking for aarch64-apple-darwin27-ranlib... /Applications/Xcode.app/Contents/Developer/Toolchains/XcodeDefault.xctoolchain/usr/bin/ranlib
checking for aarch64-apple-darwin27-ar... /Applications/Xcode.app/Contents/Developer/Toolchains/XcodeDefault.xctoolchain/usr/bin/ar
checking for archiver @FILE support... rm: conftest.dSYM: is a directory
no
checking for aarch64-apple-darwin27-strip... /Applications/Xcode.app/Contents/Developer/Toolchains/XcodeDefault.xctoolchain/usr/bin/strip
checking command to parse /Applications/Xcode.app/Contents/Developer/Toolchains/XcodeDefault.xctoolchain/usr/bin/nm output from /Applications/Xcode.app/Contents/Developer/Toolchains/XcodeDefault.xctoolchain/usr/bin/clang object... rm: conftest.dSYM: is a directory
ok
checking for sysroot... no
checking for a working dd... /bin/dd
checking how to truncate binary pipes... /bin/dd bs=4096 count=1
checking for aarch64-apple-darwin27-mt... no
checking for mt... no
checking if : is a manifest tool... no
checking for aarch64-apple-darwin27-dsymutil... no
checking for dsymutil... dsymutil
checking for aarch64-apple-darwin27-nmedit... no
checking for nmedit... nmedit
checking for aarch64-apple-darwin27-lipo... no
checking for lipo... lipo
checking for aarch64-apple-darwin27-otool... no
checking for otool... otool
checking for aarch64-apple-darwin27-otool64... no
checking for otool64... no
checking for -single_module linker flag... ld: warning: -single_module is obsolete
no
checking for -no_fixup_chains linker flag... yes
checking for -exported_symbols_list linker flag... yes
checking for -force_load linker flag... yes
checking for stdio.h... yes
checking for stdlib.h... yes
checking for string.h... yes
checking for inttypes.h... yes
checking for stdint.h... yes
checking for strings.h... yes
checking for sys/stat.h... yes
checking for sys/types.h... yes
checking for unistd.h... yes
checking for iconv.h... yes
checking for dlfcn.h... yes
checking for objdir... .libs
checking if /Applications/Xcode.app/Contents/Developer/Toolchains/XcodeDefault.xctoolchain/usr/bin/clang supports -fno-rtti -fno-exceptions... yes
checking for /Applications/Xcode.app/Contents/Developer/Toolchains/XcodeDefault.xctoolchain/usr/bin/clang option to produce PIC... -fno-common -DPIC
checking if /Applications/Xcode.app/Contents/Developer/Toolchains/XcodeDefault.xctoolchain/usr/bin/clang PIC flag -fno-common -DPIC works... yes
checking if /Applications/Xcode.app/Contents/Developer/Toolchains/XcodeDefault.xctoolchain/usr/bin/clang static flag -static works... no
checking if /Applications/Xcode.app/Contents/Developer/Toolchains/XcodeDefault.xctoolchain/usr/bin/clang supports -c -o file.o... yes
checking if /Applications/Xcode.app/Contents/Developer/Toolchains/XcodeDefault.xctoolchain/usr/bin/clang supports -c -o file.o... (cached) yes
checking whether the /Applications/Xcode.app/Contents/Developer/Toolchains/XcodeDefault.xctoolchain/usr/bin/clang linker (ld) supports shared libraries... yes
checking dynamic linker characteristics... darwin27 dyld
checking how to hardcode library paths into programs... immediate
checking whether stripping libraries is possible... yes
checking if libtool supports shared libraries... yes
checking whether to build shared libraries... no
checking whether to build static libraries... yes
checking for aarch64-apple-darwin27-gcc... (cached) /Applications/Xcode.app/Contents/Developer/Toolchains/XcodeDefault.xctoolchain/usr/bin/clang
checking whether the compiler supports GNU C... (cached) yes
checking whether /Applications/Xcode.app/Contents/Developer/Toolchains/XcodeDefault.xctoolchain/usr/bin/clang accepts -g... (cached) yes
checking for /Applications/Xcode.app/Contents/Developer/Toolchains/XcodeDefault.xctoolchain/usr/bin/clang option to enable C11 features... (cached) none needed
checking whether /Applications/Xcode.app/Contents/Developer/Toolchains/XcodeDefault.xctoolchain/usr/bin/clang understands -c and -o together... (cached) yes
checking dependency style of /Applications/Xcode.app/Contents/Developer/Toolchains/XcodeDefault.xctoolchain/usr/bin/clang... (cached) none
checking dependency style of /Applications/Xcode.app/Contents/Developer/Toolchains/XcodeDefault.xctoolchain/usr/bin/clang -c... none
checking for strdup... yes
checking for strndup... yes
checking whether C compiler accepts -fno-math-errno... yes
checking whether C compiler accepts /clang:-fno-math-errno... no
checking whether C compiler accepts -Wall... yes
checking whether C compiler accepts -Wextra... yes
checking whether C compiler accepts -Wno-sign-compare... yes
checking whether C compiler accepts -Wno-unused-parameter... yes
checking whether C compiler accepts -Wstrict-prototypes... yes
checking whether C compiler accepts -Wpointer-arith... yes
checking whether C compiler accepts -Werror-implicit-function-declaration... yes
checking whether C compiler accepts -Wredundant-decls... yes
checking whether C compiler accepts -Wno-missing-field-initializers... yes
checking whether C compiler accepts -Wformat-non-iso... yes
checking whether C compiler accepts -Werror=format-non-iso... yes
checking for library containing libiconv_open... no
checking for library containing iconv_open... -liconv
checking for library containing lrint... none required
checking pkg-config is at least version 0.9.0... yes
checking for freetype2 >= 9.17.3... yes
checking for fribidi >= 0.19.1... yes
checking for harfbuzz >= 1.2.3... yes
checking for libunibreak >= 1.1... no
checking for Core Text... yes
checking for DirectWrite... no
checking for /Applications/Xcode.app/Contents/Developer/Toolchains/XcodeDefault.xctoolchain/usr/bin/clang options needed to detect all undeclared functions... none needed
checking that generated files are newer than configure... done
configure: creating ./config.status
config.status: creating Makefile
config.status: creating libass.pc
config.status: creating config.h
config.status: config.h is unchanged
config.status: executing depfiles commands
config.status: executing libtool commands
/Applications/Xcode.app/Contents/Developer/usr/bin/make -C libass/vlc_build
/Applications/Xcode.app/Contents/Developer/usr/bin/make  all-am
/Applications/Xcode.app/Contents/Developer/usr/bin/make -C libass/vlc_build install
 /usr/local/bin/gmkdir -p '/Users/cam/Documents/Projects/ultima-iv-web/vlc-thumbs/work/build/vlc-source/contrib/aarch64-apple-darwin27/lib/pkgconfig'
 /usr/local/bin/gmkdir -p '/Users/cam/Documents/Projects/ultima-iv-web/vlc-thumbs/work/build/vlc-source/contrib/aarch64-apple-darwin27/include/ass'
 /usr/local/bin/gmkdir -p '/Users/cam/Documents/Projects/ultima-iv-web/vlc-thumbs/work/build/vlc-source/contrib/aarch64-apple-darwin27/lib'
 /bin/sh ./libtool   --mode=install /usr/local/bin/ginstall -c   libass/libass.la '/Users/cam/Documents/Projects/ultima-iv-web/vlc-thumbs/work/build/vlc-source/contrib/aarch64-apple-darwin27/lib'
 /usr/local/bin/ginstall -c -m 644 libass.pc '/Users/cam/Documents/Projects/ultima-iv-web/vlc-thumbs/work/build/vlc-source/contrib/aarch64-apple-darwin27/lib/pkgconfig'
 /usr/local/bin/ginstall -c -m 644 ../libass/ass_types.h ../libass/ass.h '/Users/cam/Documents/Projects/ultima-iv-web/vlc-thumbs/work/build/vlc-source/contrib/aarch64-apple-darwin27/include/ass'
libtool: install: /usr/local/bin/ginstall -c libass/.libs/libass.lai /Users/cam/Documents/Projects/ultima-iv-web/vlc-thumbs/work/build/vlc-source/contrib/aarch64-apple-darwin27/lib/libass.la
libtool: install: /usr/local/bin/ginstall -c libass/.libs/libass.a /Users/cam/Documents/Projects/ultima-iv-web/vlc-thumbs/work/build/vlc-source/contrib/aarch64-apple-darwin27/lib/libass.a
libtool: install: chmod 644 /Users/cam/Documents/Projects/ultima-iv-web/vlc-thumbs/work/build/vlc-source/contrib/aarch64-apple-darwin27/lib/libass.a
libtool: install: /Applications/Xcode.app/Contents/Developer/Toolchains/XcodeDefault.xctoolchain/usr/bin/ranlib /Users/cam/Documents/Projects/ultima-iv-web/vlc-thumbs/work/build/vlc-source/contrib/aarch64-apple-darwin27/lib/libass.a
touch .ass
[\033[1;32mbuild\033[0m] Bootstrap-ing configure
~/Documents/Projects/ultima-iv-web/vlc-thumbs/work/build/vlc-arm64 ~/Documents/Projects/ultima-iv-web/vlc-thumbs/work/build
[\033[1;32mbuild\033[0m] Running make -j4
/Applications/Xcode.app/Contents/Developer/usr/bin/make  all-recursive
Making all in compat
/Applications/Xcode.app/Contents/Developer/usr/bin/make  all-am
make[3]: Nothing to be done for `all-am'.
Making all in doc
make[2]: Nothing to be done for `all'.
Making all in po
make[2]: Nothing to be done for `all'.
Making all in share
make[2]: Nothing to be done for `all'.
Making all in src
  GEN      stamp-revision
/Applications/Xcode.app/Contents/Developer/usr/bin/make  all-am
make[3]: Nothing to be done for `all-am'.
Making all in modules
/Applications/Xcode.app/Contents/Developer/usr/bin/make  all-recursive
Making all in .
  CCLD     libattachment_plugin.la
  CXXLD    libdcp_plugin.la
  CCLD     libfilesystem_plugin.la
  CCLD     libidummy_plugin.la
  CCLD     libimem_plugin.la
  CCLD     libaccess_imem_plugin.la
  CCLD     libsdp_plugin.la
ld: warning: search path '/Users/cam/Documents/Projects/ultima-iv-web/vlc-thumbs/work/build/vlc-source/contrib/aarch64-apple-darwin27/lib64' not found
  CCLD     libtimecode_plugin.la
  CCLD     libvdr_plugin.la
  OBJCLD   libavaudiocapture_plugin.la
  OBJCLD   libavcapture_plugin.la
  CCLD     libshm_plugin.la
  CCLD     libscreen_plugin.la
ld: warning: search path '/Users/cam/Documents/Projects/ultima-iv-web/vlc-thumbs/work/build/vlc-source/contrib/aarch64-apple-darwin27/Frameworks' not found
ld: warning: search path '/Users/cam/Documents/Projects/ultima-iv-web/vlc-thumbs/work/build/vlc-source/contrib/aarch64-apple-darwin27/Frameworks' not found
  CCLD     libcdda_plugin.la
  CCLD     libvcd_plugin.la
  CC       access/liblibbluray_plugin_la-bluray.lo
  CXXLD    liblive555_plugin.la
  CC       access/librist_plugin_la-rist.lo
  CCLD     libvlc_http.la
  CCLD     libvlc_srtp.la
  CCLD     libaccess_output_dummy_plugin.la
  CCLD     libaccess_output_file_plugin.la
  CCLD     libaccess_output_http_plugin.la
  CCLD     libaccess_output_udp_plugin.la
  CCLD     libaccess_output_livehttp_plugin.la
  CCLD     libaccess_output_shout_plugin.la
  CXXLD    libaccess_output_srt_plugin.la
  CC       access_output/libaccess_output_rist_plugin_la-rist.lo
  CCLD     libadummy_plugin.la
  CCLD     libafile_plugin.la
  CCLD     libamem_plugin.la
ld: warning: ignoring duplicate libraries: '-lc++'
  CCLD     libauhal_plugin.la
  CCLD     libaudiobargraph_a_plugin.la
  CCLD     libchorus_flanger_plugin.la
  CCLD     libcompressor_plugin.la
  CCLD     libequalizer_plugin.la
  CCLD     libkaraoke_plugin.la
  CCLD     libnormvol_plugin.la
  CCLD     libgain_plugin.la
  CCLD     libparam_eq_plugin.la
  CCLD     libscaletempo_plugin.la
  CCLD     libscaletempo_pitch_plugin.la
  CXXLD    libspatializer_plugin.la
  CCLD     libstereo_widen_plugin.la
  CCLD     libdolby_surround_decoder_plugin.la
  CCLD     libheadphone_channel_mixer_plugin.la
  CCLD     libmono_plugin.la
  CCLD     libremap_plugin.la
  CCLD     libsimple_channel_mixer_plugin.la
  CCLD     libtrivial_channel_mixer_plugin.la
  CXXLD    libspatialaudio_plugin.la
  CCLD     libtospdif_plugin.la
  CCLD     libaudio_format_plugin.la
  CCLD     libsamplerate_plugin.la
  CCLD     libugly_resampler_plugin.la
  CCLD     libspeex_resampler_plugin.la
  CCLD     libfloat_mixer_plugin.la
  CCLD     libinteger_mixer_plugin.la
  CCLD     libi420_rgb_plugin.la
  CCLD     libi420_yuy2_plugin.la
  CCLD     libchroma_copy.la
  CCLD     libi422_i420_plugin.la
  CCLD     libi422_yuy2_plugin.la
  CCLD     libgrey_yuv_plugin.la
  CCLD     libyuy2_i420_plugin.la
  CCLD     libyuy2_i422_plugin.la
  CCLD     librv32_plugin.la
  CCLD     libchain_plugin.la
  CCLD     libyuvp_plugin.la
  CCLD     libswscale_plugin.la
  CCLD     libcvpx_plugin.la
  CC       codec/liblibass_plugin_la-libass.lo
/Users/cam/Documents/Projects/ultima-iv-web/vlc-thumbs/work/build/vlc-source/extras/package/macosx/../../../modules/codec/libass.c:451:9: warning: 'ass_set_aspect_ratio' is deprecated: use 'ass_set_pixel_aspect' instead [-Wdeprecated-declarations]
  451 |         ass_set_aspect_ratio( p_sys->p_renderer, dst_ratio / src_ratio, 1 );
      |         ^
/Users/cam/Documents/Projects/ultima-iv-web/vlc-thumbs/work/build/vlc-source/contrib/aarch64-apple-darwin27/include/ass/ass.h:495:1: note: 'ass_set_aspect_ratio' has been explicitly marked deprecated here
  495 | ASS_DEPRECATED("use 'ass_set_pixel_aspect' instead")
      | ^
/Users/cam/Documents/Projects/ultima-iv-web/vlc-thumbs/work/build/vlc-source/contrib/aarch64-apple-darwin27/include/ass/ass.h:35:52: note: expanded from macro 'ASS_DEPRECATED'
   35 |         #define ASS_DEPRECATED(msg) __attribute__((deprecated(msg)))
      |                                                    ^
/Users/cam/Documents/Projects/ultima-iv-web/vlc-thumbs/work/build/vlc-source/extras/package/macosx/../../../modules/codec/libass.c:496:24: warning: variable length array folded to constant array as an extension [-Wgnu-folding-constant]
  496 |     rectangle_t region[i_max_region];
      |                        ^~~~~~~~~~~~
  CCLD     libaribsub_plugin.la
2 warnings generated.
  CCLD     libspudec_plugin.la
  CCLD     libttml_plugin.la
  CCLD     libwebvtt_plugin.la
  OBJCLD   libvideotoolbox_plugin.la
  CCLD     libavcodec_plugin.la
  CCLD     libdav1d_plugin.la
  CCLD     libdummy_plugin.la
  CCLD     libgestures_plugin.la
ld: warning: search path '/Users/cam/Documents/Projects/ultima-iv-web/vlc-thumbs/work/build/vlc-source/contrib/aarch64-apple-darwin27/Frameworks' not found
  CCLD     libhotkeys_plugin.la
  CCLD     libnetsync_plugin.la
  CCLD     liboldrc_plugin.la
  CC       control/motion.lo
  CC       control/libvlc_motion_la-motionlib.lo
/Users/cam/Documents/Projects/ultima-iv-web/vlc-thumbs/work/build/vlc-source/extras/package/macosx/../../../modules/control/motion.c:139:2: warning: FIXME: check once (or less) per picture, not once per interval [-W#warnings]
  139 | #warning FIXME: check once (or less) per picture, not once per interval
      |  ^
/Users/cam/Documents/Projects/ultima-iv-web/vlc-thumbs/work/build/vlc-source/extras/package/macosx/../../../modules/control/motion.c:164:2: warning: FIXME: refactor this plugin as a video filter! [-W#warnings]
  164 | #warning FIXME: refactor this plugin as a video filter!
      |  ^
2 warnings generated.
  CC       control/libvlc_motion_la-unimotion.lo
  CCLD     libxiph_metadata.la
/Users/cam/Documents/Projects/ultima-iv-web/vlc-thumbs/work/build/vlc-source/extras/package/macosx/../../../modules/control/unimotion.c:115:24: warning: assigning to 'char *' from 'const char[18]' discards qualifiers [-Wincompatible-pointer-types-discards-qualifiers]
  115 |             *servMatch = "IOI2CMotionSensor";
      |                        ^ ~~~~~~~~~~~~~~~~~~~
/Users/cam/Documents/Projects/ultima-iv-web/vlc-thumbs/work/build/vlc-source/extras/package/macosx/../../../modules/control/unimotion.c:120:24: warning: assigning to 'char *' from 'const char[18]' discards qualifiers [-Wincompatible-pointer-types-discards-qualifiers]
  CCLD     libdemuxdump_plugin.la
  120 |             *servMatch = "IOI2CMotionSensor";
      |                        ^ ~~~~~~~~~~~~~~~~~~~
/Users/cam/Documents/Projects/ultima-iv-web/vlc-thumbs/work/build/vlc-source/extras/package/macosx/../../../modules/control/unimotion.c:125:24: warning: assigning to 'char *' from 'const char[16]' discards qualifiers [-Wincompatible-pointer-types-discards-qualifiers]
  125 |             *servMatch = "PMUMotionSensor";
      |                        ^ ~~~~~~~~~~~~~~~~~
/Users/cam/Documents/Projects/ultima-iv-web/vlc-thumbs/work/build/vlc-source/extras/package/macosx/../../../modules/control/unimotion.c:130:24: warning: assigning to 'char *' from 'const char[16]' discards qualifiers [-Wincompatible-pointer-types-discards-qualifiers]
  130 |             *servMatch = "SMCMotionSensor";
      |                        ^ ~~~~~~~~~~~~~~~~~
4 warnings generated.
  CCLD     librawdv_plugin.la
  CCLD     librawvid_plugin.la
  CCLD     libau_plugin.la
  CCLD     librawaud_plugin.la
  CCLD     libwav_plugin.la
  CCLD     libnsv_plugin.la
  CCLD     libreal_plugin.la
  CC       demux/mpeg/ps.lo
  CCLD     libmod_plugin.la
  CCLD     libpva_plugin.la
  CCLD     libaiff_plugin.la
  CCLD     libmjpeg_plugin.la
  CCLD     libsubtitle_plugin.la
  CCLD     libty_plugin.la
  CCLD     libvobsub_plugin.la
  CCLD     libvoc_plugin.la
  CCLD     libxa_plugin.la
  CCLD     libnuv_plugin.la
  CCLD     libnsc_plugin.la
  CCLD     libmpc_plugin.la
  CCLD     libtta_plugin.la
  CCLD     libvc1_plugin.la
  CCLD     libdemux_cdg_plugin.la
  CCLD     libsmf_plugin.la
  CCLD     libdmxmus_plugin.la
  CCLD     libgme_plugin.la
  CXXLD    libsid_plugin.la
  CCLD     libdiracsys_plugin.la
  CCLD     libimage_plugin.la
  CCLD     libdemux_stl_plugin.la
  CC       demux/asf/asf.lo
  CC       demux/asf/libasf.lo
  CC       demux/asf/asfpacket.lo
/Users/cam/Documents/Projects/ultima-iv-web/vlc-thumbs/work/build/vlc-source/extras/package/macosx/../../../modules/demux/asf/libasf.c:1287:41: warning: initializer-string for character array is too long, array size is 16 but initializer has size 17 (including the null terminating character); did you mean to use the 'nonstring' attribute? [-Wunterminated-string-initialization]
 1287 |             static const char hex[16] = "0123456789ABCDEF";
      |                                         ^~~~~~~~~~~~~~~~~~
  CC       demux/avi/avi.lo
  CC       demux/avi/libavi.lo
1 warning generated.
  CCLD     libcaf_plugin.la
  CCLD     libdirectory_demux_plugin.la
/Users/cam/Documents/Projects/ultima-iv-web/vlc-thumbs/work/build/vlc-source/extras/package/macosx/../../../modules/demux/avi/avi.c:1341:17: warning: ignoring return value of function declared with 'warn_unused_result' attribute [-Wunused-result]
 1341 |                 vlc_stream_Seek( p_demux->s, p_sys->i_movi_lastchunk_pos );
      |                 ^~~~~~~~~~~~~~~  ~~~~~~~~~~~~~~~~~~~~~~~~~~~~~~~~~~~~~~~
/Users/cam/Documents/Projects/ultima-iv-web/vlc-thumbs/work/build/vlc-source/extras/package/macosx/../../../modules/demux/avi/avi.c:1349:17: warning: ignoring return value of function declared with 'warn_unused_result' attribute [-Wunused-result]
 1349 |                 vlc_stream_Seek( p_demux->s, p_sys->i_movi_begin + 12 );
      |                 ^~~~~~~~~~~~~~~  ~~~~~~~~~~~~~~~~~~~~~~~~~~~~~~~~~~~~
/Users/cam/Documents/Projects/ultima-iv-web/vlc-thumbs/work/build/vlc-source/extras/package/macosx/../../../modules/demux/avi/avi.c:1422:13: warning: ignoring return value of function declared with 'warn_unused_result' attribute [-Wunused-result]
 1422 |             vlc_stream_Seek( p_demux->s, i_pos );
      |             ^~~~~~~~~~~~~~~  ~~~~~~~~~~~~~~~~~
/Users/cam/Documents/Projects/ultima-iv-web/vlc-thumbs/work/build/vlc-source/extras/package/macosx/../../../modules/demux/avi/avi.c:1694:21: warning: ignoring return value of function declared with 'warn_unused_result' attribute [-Wunused-result]
 1694 |                     vlc_stream_Seek( p_demux->s, i_pos_backup );
      |                     ^~~~~~~~~~~~~~~  ~~~~~~~~~~~~~~~~~~~~~~~~
/Users/cam/Documents/Projects/ultima-iv-web/vlc-thumbs/work/build/vlc-source/extras/package/macosx/../../../modules/demux/avi/avi.c:1809:13: warning: ignoring return value of function declared with 'warn_unused_result' attribute [-Wunused-result]
 1809 |             vlc_stream_Seek( p_demux->s, i_pos_backup );
      |             ^~~~~~~~~~~~~~~  ~~~~~~~~~~~~~~~~~~~~~~~~
/Users/cam/Documents/Projects/ultima-iv-web/vlc-thumbs/work/build/vlc-source/extras/package/macosx/../../../modules/demux/avi/avi.c:1725:21: warning: comparison of integers of different signs: 'int64_t' (aka 'long long') and 'uint64_t' (aka 'unsigned long long') [-Wsign-compare]
 1725 |             i_pos = __MAX( i_percent * stream_Size( p_demux->s ) / 100,
      |                     ^      ~~~~~~~~~~~~~~~~~~~~~~~~~~~~~~~~~~~~~~~~~~~
 1726 |                            p_sys->i_movi_begin );
      |                            ~~~~~~~~~~~~~~~~~~~
/Users/cam/Documents/Projects/ultima-iv-web/vlc-thumbs/work/build/vlc-source/extras/package/macosx/../../../include/vlc_common.h:495:33: note: expanded from macro '__MAX'
  495 | #   define __MAX(a, b)   ( ((a) > (b)) ? (a) : (b) )
      |                              ~  ^  ~
/Users/cam/Documents/Projects/ultima-iv-web/vlc-thumbs/work/build/vlc-source/extras/package/macosx/../../../modules/demux/avi/avi.c:2070:9: warning: ignoring return value of function declared with 'warn_unused_result' attribute [-Wunused-result]
 2070 |         vlc_stream_Seek( p_demux->s, p_sys->i_movi_lastchunk_pos );
      |         ^~~~~~~~~~~~~~~  ~~~~~~~~~~~~~~~~~~~~~~~~~~~~~~~~~~~~~~~
/Users/cam/Documents/Projects/ultima-iv-web/vlc-thumbs/work/build/vlc-source/extras/package/macosx/../../../modules/demux/avi/avi.c:2078:9: warning: ignoring return value of function declared with 'warn_unused_result' attribute [-Wunused-result]
 2078 |         vlc_stream_Seek( p_demux->s, p_sys->i_movi_begin + 12 );
      |         ^~~~~~~~~~~~~~~  ~~~~~~~~~~~~~~~~~~~~~~~~~~~~~~~~~~~~
/Users/cam/Documents/Projects/ultima-iv-web/vlc-thumbs/work/build/vlc-source/extras/package/macosx/../../../modules/demux/avi/avi.c:2879:5: warning: ignoring return value of function declared with 'warn_unused_result' attribute [-Wunused-result]
 2879 |     vlc_stream_Seek( p_demux->s, p_movi->i_chunk_pos + 12 );
      |     ^~~~~~~~~~~~~~~  ~~~~~~~~~~~~~~~~~~~~~~~~~~~~~~~~~~~~
  CCLD     libes_plugin.la
  CCLD     libh26x_plugin.la
  CXX      demux/mkv/libmkv_plugin_la-util.lo
9 warnings generated.
In file included from /Users/cam/Documents/Projects/ultima-iv-web/vlc-thumbs/work/build/vlc-source/extras/package/macosx/../../../modules/demux/mkv/util.cpp:24:
In file included from /Users/cam/Documents/Projects/ultima-iv-web/vlc-thumbs/work/build/vlc-source/extras/package/macosx/../../../modules/demux/mkv/mkv.hpp:33:
In file included from ../config.h:1000:
In file included from /Users/cam/Documents/Projects/ultima-iv-web/vlc-thumbs/work/build/vlc-source/extras/package/macosx/../../../include/vlc_fixups.h:97:
In file included from /Applications/Xcode.app/Contents/Developer/Platforms/MacOSX.platform/Developer/SDKs/MacOSX.sdk/usr/include/c++/v1/stddef.h:30:
In file included from /Applications/Xcode.app/Contents/Developer/Platforms/MacOSX.platform/Developer/SDKs/MacOSX.sdk/usr/include/c++/v1/__config:15:
/Applications/Xcode.app/Contents/Developer/Platforms/MacOSX.platform/Developer/SDKs/MacOSX.sdk/usr/include/c++/v1/__configuration/availability.h:204:4: warning: "The selected platform is no longer supported by libc++." [-W#warnings]
  204 | #  warning "The selected platform is no longer supported by libc++."
      |    ^
  CXX      demux/mkv/libmkv_plugin_la-virtual_segment.lo
In file included from /Users/cam/Documents/Projects/ultima-iv-web/vlc-thumbs/work/build/vlc-source/extras/package/macosx/../../../modules/demux/mkv/virtual_segment.cpp:25:
In file included from /Applications/Xcode.app/Contents/Developer/Platforms/MacOSX.platform/Developer/SDKs/MacOSX.sdk/usr/include/c++/v1/vector:310:
In file included from /Applications/Xcode.app/Contents/Developer/Platforms/MacOSX.platform/Developer/SDKs/MacOSX.sdk/usr/include/c++/v1/__config:15:
/Applications/Xcode.app/Contents/Developer/Platforms/MacOSX.platform/Developer/SDKs/MacOSX.sdk/usr/include/c++/v1/__configuration/availability.h:204:4: warning: "The selected platform is no longer supported by libc++." [-W#warnings]
  204 | #  warning "The selected platform is no longer supported by libc++."
      |    ^
  CXX      demux/mkv/libmkv_plugin_la-matroska_segment.lo
In file included from /Users/cam/Documents/Projects/ultima-iv-web/vlc-thumbs/work/build/vlc-source/extras/package/macosx/../../../modules/demux/mkv/matroska_segment.cpp:25:
In file included from /Users/cam/Documents/Projects/ultima-iv-web/vlc-thumbs/work/build/vlc-source/extras/package/macosx/../../../modules/demux/mkv/matroska_segment.hpp:28:
In file included from /Users/cam/Documents/Projects/ultima-iv-web/vlc-thumbs/work/build/vlc-source/extras/package/macosx/../../../modules/demux/mkv/mkv.hpp:33:
In file included from ../config.h:1000:
In file included from /Users/cam/Documents/Projects/ultima-iv-web/vlc-thumbs/work/build/vlc-source/extras/package/macosx/../../../include/vlc_fixups.h:97:
In file included from /Applications/Xcode.app/Contents/Developer/Platforms/MacOSX.platform/Developer/SDKs/MacOSX.sdk/usr/include/c++/v1/stddef.h:30:
In file included from /Applications/Xcode.app/Contents/Developer/Platforms/MacOSX.platform/Developer/SDKs/MacOSX.sdk/usr/include/c++/v1/__config:15:
/Applications/Xcode.app/Contents/Developer/Platforms/MacOSX.platform/Developer/SDKs/MacOSX.sdk/usr/include/c++/v1/__configuration/availability.h:204:4: warning: "The selected platform is no longer supported by libc++." [-W#warnings]
  204 | #  warning "The selected platform is no longer supported by libc++."
      |    ^
  CXX      demux/mkv/libmkv_plugin_la-matroska_segment_parse.lo
In file included from /Users/cam/Documents/Projects/ultima-iv-web/vlc-thumbs/work/build/vlc-source/extras/package/macosx/../../../modules/demux/mkv/matroska_segment_parse.cpp:24:
In file included from /Users/cam/Documents/Projects/ultima-iv-web/vlc-thumbs/work/build/vlc-source/extras/package/macosx/../../../modules/demux/mkv/mkv.hpp:33:
In file included from ../config.h:1000:
In file included from /Users/cam/Documents/Projects/ultima-iv-web/vlc-thumbs/work/build/vlc-source/extras/package/macosx/../../../include/vlc_fixups.h:97:
In file included from /Applications/Xcode.app/Contents/Developer/Platforms/MacOSX.platform/Developer/SDKs/MacOSX.sdk/usr/include/c++/v1/stddef.h:30:
In file included from /Applications/Xcode.app/Contents/Developer/Platforms/MacOSX.platform/Developer/SDKs/MacOSX.sdk/usr/include/c++/v1/__config:15:
/Applications/Xcode.app/Contents/Developer/Platforms/MacOSX.platform/Developer/SDKs/MacOSX.sdk/usr/include/c++/v1/__configuration/availability.h:204:4: warning: "The selected platform is no longer supported by libc++." [-W#warnings]
  204 | #  warning "The selected platform is no longer supported by libc++."
      |    ^
In file included from /Users/cam/Documents/Projects/ultima-iv-web/vlc-thumbs/work/build/vlc-source/extras/package/macosx/../../../modules/demux/mkv/util.cpp:26:
In file included from /Users/cam/Documents/Projects/ultima-iv-web/vlc-thumbs/work/build/vlc-source/extras/package/macosx/../../../modules/demux/mkv/demux.hpp:30:
/Users/cam/Documents/Projects/ultima-iv-web/vlc-thumbs/work/build/vlc-source/extras/package/macosx/../../../modules/demux/mkv/chapter_command.hpp:161:9: warning: 'sprintf' is deprecated: This function is provided for compatibility reasons only.  Due to security concerns inherent in the design of sprintf(3), it is highly recommended that you use snprintf(3) instead. [-Wdeprecated-declarations]
  161 |         sprintf( s_value, "%.5d", value );
      |         ^
/Applications/Xcode.app/Contents/Developer/Platforms/MacOSX.platform/Developer/SDKs/MacOSX.sdk/usr/include/_stdio.h:278:1: note: 'sprintf' has been explicitly marked deprecated here
  278 | __deprecated_msg("This function is provided for compatibility reasons only.  Due to security concerns inherent in the design of sprintf(3), it is highly recommended that you use snprintf(3) instead.")
      | ^
/Applications/Xcode.app/Contents/Developer/Platforms/MacOSX.platform/Developer/SDKs/MacOSX.sdk/usr/include/sys/cdefs.h:227:48: note: expanded from macro '__deprecated_msg'
  227 |         #define __deprecated_msg(_msg) __attribute__((__deprecated__(_msg)))
      |                                                       ^
In file included from /Users/cam/Documents/Projects/ultima-iv-web/vlc-thumbs/work/build/vlc-source/extras/package/macosx/../../../modules/demux/mkv/util.cpp:26:
In file included from /Users/cam/Documents/Projects/ultima-iv-web/vlc-thumbs/work/build/vlc-source/extras/package/macosx/../../../modules/demux/mkv/demux.hpp:30:
/Users/cam/Documents/Projects/ultima-iv-web/vlc-thumbs/work/build/vlc-source/extras/package/macosx/../../../modules/demux/mkv/chapter_command.hpp:171:13: warning: 'sprintf' is deprecated: This function is provided for compatibility reasons only.  Due to security concerns inherent in the design of sprintf(3), it is highly recommended that you use snprintf(3) instead. [-Wdeprecated-declarations]
  171 |             sprintf( s_reg_value, "%.5d", GetPRM( value ) );
      |             ^
/Applications/Xcode.app/Contents/Developer/Platforms/MacOSX.platform/Developer/SDKs/MacOSX.sdk/usr/include/_stdio.h:278:1: note: 'sprintf' has been explicitly marked deprecated here
  278 | __deprecated_msg("This function is provided for compatibility reasons only.  Due to security concerns inherent in the design of sprintf(3), it is highly recommended that you use snprintf(3) instead.")
      | ^
/Applications/Xcode.app/Contents/Developer/Platforms/MacOSX.platform/Developer/SDKs/MacOSX.sdk/usr/include/sys/cdefs.h:227:48: note: expanded from macro '__deprecated_msg'
  227 |         #define __deprecated_msg(_msg) __attribute__((__deprecated__(_msg)))
      |                                                       ^
In file included from /Users/cam/Documents/Projects/ultima-iv-web/vlc-thumbs/work/build/vlc-source/extras/package/macosx/../../../modules/demux/mkv/util.cpp:26:
In file included from /Users/cam/Documents/Projects/ultima-iv-web/vlc-thumbs/work/build/vlc-source/extras/package/macosx/../../../modules/demux/mkv/demux.hpp:30:
/Users/cam/Documents/Projects/ultima-iv-web/vlc-thumbs/work/build/vlc-source/extras/package/macosx/../../../modules/demux/mkv/chapter_command.hpp:180:13: warning: 'sprintf' is deprecated: This function is provided for compatibility reasons only.  Due to security concerns inherent in the design of sprintf(3), it is highly recommended that you use snprintf(3) instead. [-Wdeprecated-declarations]
  180 |             sprintf( s_reg_value, "%.5d", GetPRM( value ) );
      |             ^
/Applications/Xcode.app/Contents/Developer/Platforms/MacOSX.platform/Developer/SDKs/MacOSX.sdk/usr/include/_stdio.h:278:1: note: 'sprintf' has been explicitly marked deprecated here
  278 | __deprecated_msg("This function is provided for compatibility reasons only.  Due to security concerns inherent in the design of sprintf(3), it is highly recommended that you use snprintf(3) instead.")
      | ^
/Applications/Xcode.app/Contents/Developer/Platforms/MacOSX.platform/Developer/SDKs/MacOSX.sdk/usr/include/sys/cdefs.h:227:48: note: expanded from macro '__deprecated_msg'
  227 |         #define __deprecated_msg(_msg) __attribute__((__deprecated__(_msg)))
      |                                                       ^
In file included from /Users/cam/Documents/Projects/ultima-iv-web/vlc-thumbs/work/build/vlc-source/extras/package/macosx/../../../modules/demux/mkv/virtual_segment.cpp:28:
In file included from /Users/cam/Documents/Projects/ultima-iv-web/vlc-thumbs/work/build/vlc-source/extras/package/macosx/../../../modules/demux/mkv/demux.hpp:30:
/Users/cam/Documents/Projects/ultima-iv-web/vlc-thumbs/work/build/vlc-source/extras/package/macosx/../../../modules/demux/mkv/chapter_command.hpp:161:9: warning: 'sprintf' is deprecated: This function is provided for compatibility reasons only.  Due to security concerns inherent in the design of sprintf(3), it is highly recommended that you use snprintf(3) instead. [-Wdeprecated-declarations]
  161 |         sprintf( s_value, "%.5d", value );
      |         ^
/Applications/Xcode.app/Contents/Developer/Platforms/MacOSX.platform/Developer/SDKs/MacOSX.sdk/usr/include/_stdio.h:278:1: note: 'sprintf' has been explicitly marked deprecated here
  278 | __deprecated_msg("This function is provided for compatibility reasons only.  Due to security concerns inherent in the design of sprintf(3), it is highly recommended that you use snprintf(3) instead.")
      | ^
/Applications/Xcode.app/Contents/Developer/Platforms/MacOSX.platform/Developer/SDKs/MacOSX.sdk/usr/include/sys/cdefs.h:227:48: note: expanded from macro '__deprecated_msg'
  227 |         #define __deprecated_msg(_msg) __attribute__((__deprecated__(_msg)))
      |                                                       ^
In file included from /Users/cam/Documents/Projects/ultima-iv-web/vlc-thumbs/work/build/vlc-source/extras/package/macosx/../../../modules/demux/mkv/virtual_segment.cpp:28:
In file included from /Users/cam/Documents/Projects/ultima-iv-web/vlc-thumbs/work/build/vlc-source/extras/package/macosx/../../../modules/demux/mkv/demux.hpp:30:
/Users/cam/Documents/Projects/ultima-iv-web/vlc-thumbs/work/build/vlc-source/extras/package/macosx/../../../modules/demux/mkv/chapter_command.hpp:171:13: warning: 'sprintf' is deprecated: This function is provided for compatibility reasons only.  Due to security concerns inherent in the design of sprintf(3), it is highly recommended that you use snprintf(3) instead. [-Wdeprecated-declarations]
  171 |             sprintf( s_reg_value, "%.5d", GetPRM( value ) );
      |             ^
/Applications/Xcode.app/Contents/Developer/Platforms/MacOSX.platform/Developer/SDKs/MacOSX.sdk/usr/include/_stdio.h:278:1: note: 'sprintf' has been explicitly marked deprecated here
  278 | __deprecated_msg("This function is provided for compatibility reasons only.  Due to security concerns inherent in the design of sprintf(3), it is highly recommended that you use snprintf(3) instead.")
      | ^
/Applications/Xcode.app/Contents/Developer/Platforms/MacOSX.platform/Developer/SDKs/MacOSX.sdk/usr/include/sys/cdefs.h:227:48: note: expanded from macro '__deprecated_msg'
  227 |         #define __deprecated_msg(_msg) __attribute__((__deprecated__(_msg)))
      |                                                       ^
In file included from /Users/cam/Documents/Projects/ultima-iv-web/vlc-thumbs/work/build/vlc-source/extras/package/macosx/../../../modules/demux/mkv/virtual_segment.cpp:28:
In file included from /Users/cam/Documents/Projects/ultima-iv-web/vlc-thumbs/work/build/vlc-source/extras/package/macosx/../../../modules/demux/mkv/demux.hpp:30:
/Users/cam/Documents/Projects/ultima-iv-web/vlc-thumbs/work/build/vlc-source/extras/package/macosx/../../../modules/demux/mkv/chapter_command.hpp:180:13: warning: 'sprintf' is deprecated: This function is provided for compatibility reasons only.  Due to security concerns inherent in the design of sprintf(3), it is highly recommended that you use snprintf(3) instead. [-Wdeprecated-declarations]
  180 |             sprintf( s_reg_value, "%.5d", GetPRM( value ) );
      |             ^
/Applications/Xcode.app/Contents/Developer/Platforms/MacOSX.platform/Developer/SDKs/MacOSX.sdk/usr/include/_stdio.h:278:1: note: 'sprintf' has been explicitly marked deprecated here
  278 | __deprecated_msg("This function is provided for compatibility reasons only.  Due to security concerns inherent in the design of sprintf(3), it is highly recommended that you use snprintf(3) instead.")
      | ^
/Applications/Xcode.app/Contents/Developer/Platforms/MacOSX.platform/Developer/SDKs/MacOSX.sdk/usr/include/sys/cdefs.h:227:48: note: expanded from macro '__deprecated_msg'
  227 |         #define __deprecated_msg(_msg) __attribute__((__deprecated__(_msg)))
      |                                                       ^
In file included from /Users/cam/Documents/Projects/ultima-iv-web/vlc-thumbs/work/build/vlc-source/extras/package/macosx/../../../modules/demux/mkv/matroska_segment.cpp:27:
In file included from /Users/cam/Documents/Projects/ultima-iv-web/vlc-thumbs/work/build/vlc-source/extras/package/macosx/../../../modules/demux/mkv/demux.hpp:30:
/Users/cam/Documents/Projects/ultima-iv-web/vlc-thumbs/work/build/vlc-source/extras/package/macosx/../../../modules/demux/mkv/chapter_command.hpp:161:9: warning: 'sprintf' is deprecated: This function is provided for compatibility reasons only.  Due to security concerns inherent in the design of sprintf(3), it is highly recommended that you use snprintf(3) instead. [-Wdeprecated-declarations]
  161 |         sprintf( s_value, "%.5d", value );
      |         ^
/Applications/Xcode.app/Contents/Developer/Platforms/MacOSX.platform/Developer/SDKs/MacOSX.sdk/usr/include/_stdio.h:278:1: note: 'sprintf' has been explicitly marked deprecated here
  278 | __deprecated_msg("This function is provided for compatibility reasons only.  Due to security concerns inherent in the design of sprintf(3), it is highly recommended that you use snprintf(3) instead.")
      | ^
/Applications/Xcode.app/Contents/Developer/Platforms/MacOSX.platform/Developer/SDKs/MacOSX.sdk/usr/include/sys/cdefs.h:227:48: note: expanded from macro '__deprecated_msg'
  227 |         #define __deprecated_msg(_msg) __attribute__((__deprecated__(_msg)))
      |                                                       ^
In file included from /Users/cam/Documents/Projects/ultima-iv-web/vlc-thumbs/work/build/vlc-source/extras/package/macosx/../../../modules/demux/mkv/matroska_segment.cpp:27:
In file included from /Users/cam/Documents/Projects/ultima-iv-web/vlc-thumbs/work/build/vlc-source/extras/package/macosx/../../../modules/demux/mkv/demux.hpp:30:
/Users/cam/Documents/Projects/ultima-iv-web/vlc-thumbs/work/build/vlc-source/extras/package/macosx/../../../modules/demux/mkv/chapter_command.hpp:171:13: warning: 'sprintf' is deprecated: This function is provided for compatibility reasons only.  Due to security concerns inherent in the design of sprintf(3), it is highly recommended that you use snprintf(3) instead. [-Wdeprecated-declarations]
  171 |             sprintf( s_reg_value, "%.5d", GetPRM( value ) );
      |             ^
/Applications/Xcode.app/Contents/Developer/Platforms/MacOSX.platform/Developer/SDKs/MacOSX.sdk/usr/include/_stdio.h:278:1: note: 'sprintf' has been explicitly marked deprecated here
  278 | __deprecated_msg("This function is provided for compatibility reasons only.  Due to security concerns inherent in the design of sprintf(3), it is highly recommended that you use snprintf(3) instead.")
      | ^
/Applications/Xcode.app/Contents/Developer/Platforms/MacOSX.platform/Developer/SDKs/MacOSX.sdk/usr/include/sys/cdefs.h:227:48: note: expanded from macro '__deprecated_msg'
  227 |         #define __deprecated_msg(_msg) __attribute__((__deprecated__(_msg)))
      |                                                       ^
In file included from /Users/cam/Documents/Projects/ultima-iv-web/vlc-thumbs/work/build/vlc-source/extras/package/macosx/../../../modules/demux/mkv/matroska_segment.cpp:27:
In file included from /Users/cam/Documents/Projects/ultima-iv-web/vlc-thumbs/work/build/vlc-source/extras/package/macosx/../../../modules/demux/mkv/demux.hpp:30:
/Users/cam/Documents/Projects/ultima-iv-web/vlc-thumbs/work/build/vlc-source/extras/package/macosx/../../../modules/demux/mkv/chapter_command.hpp:180:13: warning: 'sprintf' is deprecated: This function is provided for compatibility reasons only.  Due to security concerns inherent in the design of sprintf(3), it is highly recommended that you use snprintf(3) instead. [-Wdeprecated-declarations]
  180 |             sprintf( s_reg_value, "%.5d", GetPRM( value ) );
      |             ^
/Applications/Xcode.app/Contents/Developer/Platforms/MacOSX.platform/Developer/SDKs/MacOSX.sdk/usr/include/_stdio.h:278:1: note: 'sprintf' has been explicitly marked deprecated here
  278 | __deprecated_msg("This function is provided for compatibility reasons only.  Due to security concerns inherent in the design of sprintf(3), it is highly recommended that you use snprintf(3) instead.")
      | ^
/Applications/Xcode.app/Contents/Developer/Platforms/MacOSX.platform/Developer/SDKs/MacOSX.sdk/usr/include/sys/cdefs.h:227:48: note: expanded from macro '__deprecated_msg'
  227 |         #define __deprecated_msg(_msg) __attribute__((__deprecated__(_msg)))
      |                                                       ^
4 warnings generated.
  CXX      demux/mkv/libmkv_plugin_la-matroska_segment_seeker.lo
In file included from /Users/cam/Documents/Projects/ultima-iv-web/vlc-thumbs/work/build/vlc-source/extras/package/macosx/../../../modules/demux/mkv/matroska_segment_seeker.cpp:24:
In file included from /Users/cam/Documents/Projects/ultima-iv-web/vlc-thumbs/work/build/vlc-source/extras/package/macosx/../../../modules/demux/mkv/matroska_segment_seeker.hpp:27:
In file included from /Users/cam/Documents/Projects/ultima-iv-web/vlc-thumbs/work/build/vlc-source/extras/package/macosx/../../../modules/demux/mkv/mkv.hpp:33:
In file included from ../config.h:1000:
In file included from /Users/cam/Documents/Projects/ultima-iv-web/vlc-thumbs/work/build/vlc-source/extras/package/macosx/../../../include/vlc_fixups.h:97:
In file included from /Applications/Xcode.app/Contents/Developer/Platforms/MacOSX.platform/Developer/SDKs/MacOSX.sdk/usr/include/c++/v1/stddef.h:30:
In file included from /Applications/Xcode.app/Contents/Developer/Platforms/MacOSX.platform/Developer/SDKs/MacOSX.sdk/usr/include/c++/v1/__config:15:
/Applications/Xcode.app/Contents/Developer/Platforms/MacOSX.platform/Developer/SDKs/MacOSX.sdk/usr/include/c++/v1/__configuration/availability.h:204:4: warning: "The selected platform is no longer supported by libc++." [-W#warnings]
  204 | #  warning "The selected platform is no longer supported by libc++."
      |    ^
4 warnings generated.
  CXX      demux/mkv/libmkv_plugin_la-demux.lo
In file included from /Users/cam/Documents/Projects/ultima-iv-web/vlc-thumbs/work/build/vlc-source/extras/package/macosx/../../../modules/demux/mkv/matroska_segment_parse.cpp:27:
In file included from /Users/cam/Documents/Projects/ultima-iv-web/vlc-thumbs/work/build/vlc-source/extras/package/macosx/../../../modules/demux/mkv/demux.hpp:30:
/Users/cam/Documents/Projects/ultima-iv-web/vlc-thumbs/work/build/vlc-source/extras/package/macosx/../../../modules/demux/mkv/chapter_command.hpp:161:9: warning: 'sprintf' is deprecated: This function is provided for compatibility reasons only.  Due to security concerns inherent in the design of sprintf(3), it is highly recommended that you use snprintf(3) instead. [-Wdeprecated-declarations]
  161 |         sprintf( s_value, "%.5d", value );
      |         ^
/Applications/Xcode.app/Contents/Developer/Platforms/MacOSX.platform/Developer/SDKs/MacOSX.sdk/usr/include/_stdio.h:278:1: note: 'sprintf' has been explicitly marked deprecated here
  278 | __deprecated_msg("This function is provided for compatibility reasons only.  Due to security concerns inherent in the design of sprintf(3), it is highly recommended that you use snprintf(3) instead.")
      | ^
/Applications/Xcode.app/Contents/Developer/Platforms/MacOSX.platform/Developer/SDKs/MacOSX.sdk/usr/include/sys/cdefs.h:227:48: note: expanded from macro '__deprecated_msg'
  227 |         #define __deprecated_msg(_msg) __attribute__((__deprecated__(_msg)))
      |                                                       ^
In file included from /Users/cam/Documents/Projects/ultima-iv-web/vlc-thumbs/work/build/vlc-source/extras/package/macosx/../../../modules/demux/mkv/matroska_segment_parse.cpp:27:
In file included from /Users/cam/Documents/Projects/ultima-iv-web/vlc-thumbs/work/build/vlc-source/extras/package/macosx/../../../modules/demux/mkv/demux.hpp:30:
/Users/cam/Documents/Projects/ultima-iv-web/vlc-thumbs/work/build/vlc-source/extras/package/macosx/../../../modules/demux/mkv/chapter_command.hpp:171:13: warning: 'sprintf' is deprecated: This function is provided for compatibility reasons only.  Due to security concerns inherent in the design of sprintf(3), it is highly recommended that you use snprintf(3) instead. [-Wdeprecated-declarations]
  171 |             sprintf( s_reg_value, "%.5d", GetPRM( value ) );
      |             ^
/Applications/Xcode.app/Contents/Developer/Platforms/MacOSX.platform/Developer/SDKs/MacOSX.sdk/usr/include/_stdio.h:278:1: note: 'sprintf' has been explicitly marked deprecated here
  278 | __deprecated_msg("This function is provided for compatibility reasons only.  Due to security concerns inherent in the design of sprintf(3), it is highly recommended that you use snprintf(3) instead.")
      | ^
/Applications/Xcode.app/Contents/Developer/Platforms/MacOSX.platform/Developer/SDKs/MacOSX.sdk/usr/include/sys/cdefs.h:227:48: note: expanded from macro '__deprecated_msg'
  227 |         #define __deprecated_msg(_msg) __attribute__((__deprecated__(_msg)))
      |                                                       ^
In file included from /Users/cam/Documents/Projects/ultima-iv-web/vlc-thumbs/work/build/vlc-source/extras/package/macosx/../../../modules/demux/mkv/matroska_segment_parse.cpp:27:
In file included from /Users/cam/Documents/Projects/ultima-iv-web/vlc-thumbs/work/build/vlc-source/extras/package/macosx/../../../modules/demux/mkv/demux.hpp:30:
/Users/cam/Documents/Projects/ultima-iv-web/vlc-thumbs/work/build/vlc-source/extras/package/macosx/../../../modules/demux/mkv/chapter_command.hpp:180:13: warning: 'sprintf' is deprecated: This function is provided for compatibility reasons only.  Due to security concerns inherent in the design of sprintf(3), it is highly recommended that you use snprintf(3) instead. [-Wdeprecated-declarations]
  180 |             sprintf( s_reg_value, "%.5d", GetPRM( value ) );
      |             ^
/Applications/Xcode.app/Contents/Developer/Platforms/MacOSX.platform/Developer/SDKs/MacOSX.sdk/usr/include/_stdio.h:278:1: note: 'sprintf' has been explicitly marked deprecated here
  278 | __deprecated_msg("This function is provided for compatibility reasons only.  Due to security concerns inherent in the design of sprintf(3), it is highly recommended that you use snprintf(3) instead.")
      | ^
/Applications/Xcode.app/Contents/Developer/Platforms/MacOSX.platform/Developer/SDKs/MacOSX.sdk/usr/include/sys/cdefs.h:227:48: note: expanded from macro '__deprecated_msg'
  227 |         #define __deprecated_msg(_msg) __attribute__((__deprecated__(_msg)))
      |                                                       ^
In file included from /Users/cam/Documents/Projects/ultima-iv-web/vlc-thumbs/work/build/vlc-source/extras/package/macosx/../../../modules/demux/mkv/demux.cpp:26:
In file included from /Users/cam/Documents/Projects/ultima-iv-web/vlc-thumbs/work/build/vlc-source/extras/package/macosx/../../../modules/demux/mkv/demux.hpp:28:
In file included from /Users/cam/Documents/Projects/ultima-iv-web/vlc-thumbs/work/build/vlc-source/extras/package/macosx/../../../modules/demux/mkv/mkv.hpp:33:
In file included from ../config.h:1000:
In file included from /Users/cam/Documents/Projects/ultima-iv-web/vlc-thumbs/work/build/vlc-source/extras/package/macosx/../../../include/vlc_fixups.h:97:
In file included from /Applications/Xcode.app/Contents/Developer/Platforms/MacOSX.platform/Developer/SDKs/MacOSX.sdk/usr/include/c++/v1/stddef.h:30:
In file included from /Applications/Xcode.app/Contents/Developer/Platforms/MacOSX.platform/Developer/SDKs/MacOSX.sdk/usr/include/c++/v1/__config:15:
/Applications/Xcode.app/Contents/Developer/Platforms/MacOSX.platform/Developer/SDKs/MacOSX.sdk/usr/include/c++/v1/__configuration/availability.h:204:4: warning: "The selected platform is no longer supported by libc++." [-W#warnings]
  204 | #  warning "The selected platform is no longer supported by libc++."
      |    ^
In file included from /Users/cam/Documents/Projects/ultima-iv-web/vlc-thumbs/work/build/vlc-source/extras/package/macosx/../../../modules/demux/mkv/matroska_segment_seeker.cpp:26:
In file included from /Users/cam/Documents/Projects/ultima-iv-web/vlc-thumbs/work/build/vlc-source/extras/package/macosx/../../../modules/demux/mkv/demux.hpp:30:
/Users/cam/Documents/Projects/ultima-iv-web/vlc-thumbs/work/build/vlc-source/extras/package/macosx/../../../modules/demux/mkv/chapter_command.hpp:161:9: warning: 'sprintf' is deprecated: This function is provided for compatibility reasons only.  Due to security concerns inherent in the design of sprintf(3), it is highly recommended that you use snprintf(3) instead. [-Wdeprecated-declarations]
  161 |         sprintf( s_value, "%.5d", value );
      |         ^
/Applications/Xcode.app/Contents/Developer/Platforms/MacOSX.platform/Developer/SDKs/MacOSX.sdk/usr/include/_stdio.h:278:1: note: 'sprintf' has been explicitly marked deprecated here
  278 | __deprecated_msg("This function is provided for compatibility reasons only.  Due to security concerns inherent in the design of sprintf(3), it is highly recommended that you use snprintf(3) instead.")
      | ^
/Applications/Xcode.app/Contents/Developer/Platforms/MacOSX.platform/Developer/SDKs/MacOSX.sdk/usr/include/sys/cdefs.h:227:48: note: expanded from macro '__deprecated_msg'
  227 |         #define __deprecated_msg(_msg) __attribute__((__deprecated__(_msg)))
      |                                                       ^
In file included from /Users/cam/Documents/Projects/ultima-iv-web/vlc-thumbs/work/build/vlc-source/extras/package/macosx/../../../modules/demux/mkv/matroska_segment_seeker.cpp:26:
In file included from /Users/cam/Documents/Projects/ultima-iv-web/vlc-thumbs/work/build/vlc-source/extras/package/macosx/../../../modules/demux/mkv/demux.hpp:30:
/Users/cam/Documents/Projects/ultima-iv-web/vlc-thumbs/work/build/vlc-source/extras/package/macosx/../../../modules/demux/mkv/chapter_command.hpp:171:13: warning: 'sprintf' is deprecated: This function is provided for compatibility reasons only.  Due to security concerns inherent in the design of sprintf(3), it is highly recommended that you use snprintf(3) instead. [-Wdeprecated-declarations]
  171 |             sprintf( s_reg_value, "%.5d", GetPRM( value ) );
      |             ^
/Applications/Xcode.app/Contents/Developer/Platforms/MacOSX.platform/Developer/SDKs/MacOSX.sdk/usr/include/_stdio.h:278:1: note: 'sprintf' has been explicitly marked deprecated here
  278 | __deprecated_msg("This function is provided for compatibility reasons only.  Due to security concerns inherent in the design of sprintf(3), it is highly recommended that you use snprintf(3) instead.")
      | ^
/Applications/Xcode.app/Contents/Developer/Platforms/MacOSX.platform/Developer/SDKs/MacOSX.sdk/usr/include/sys/cdefs.h:227:48: note: expanded from macro '__deprecated_msg'
  227 |         #define __deprecated_msg(_msg) __attribute__((__deprecated__(_msg)))
      |                                                       ^
In file included from /Users/cam/Documents/Projects/ultima-iv-web/vlc-thumbs/work/build/vlc-source/extras/package/macosx/../../../modules/demux/mkv/matroska_segment_seeker.cpp:26:
In file included from /Users/cam/Documents/Projects/ultima-iv-web/vlc-thumbs/work/build/vlc-source/extras/package/macosx/../../../modules/demux/mkv/demux.hpp:30:
/Users/cam/Documents/Projects/ultima-iv-web/vlc-thumbs/work/build/vlc-source/extras/package/macosx/../../../modules/demux/mkv/chapter_command.hpp:180:13: warning: 'sprintf' is deprecated: This function is provided for compatibility reasons only.  Due to security concerns inherent in the design of sprintf(3), it is highly recommended that you use snprintf(3) instead. [-Wdeprecated-declarations]
  180 |             sprintf( s_reg_value, "%.5d", GetPRM( value ) );
      |             ^
/Applications/Xcode.app/Contents/Developer/Platforms/MacOSX.platform/Developer/SDKs/MacOSX.sdk/usr/include/_stdio.h:278:1: note: 'sprintf' has been explicitly marked deprecated here
  278 | __deprecated_msg("This function is provided for compatibility reasons only.  Due to security concerns inherent in the design of sprintf(3), it is highly recommended that you use snprintf(3) instead.")
      | ^
/Applications/Xcode.app/Contents/Developer/Platforms/MacOSX.platform/Developer/SDKs/MacOSX.sdk/usr/include/sys/cdefs.h:227:48: note: expanded from macro '__deprecated_msg'
  227 |         #define __deprecated_msg(_msg) __attribute__((__deprecated__(_msg)))
      |                                                       ^
In file included from /Users/cam/Documents/Projects/ultima-iv-web/vlc-thumbs/work/build/vlc-source/extras/package/macosx/../../../modules/demux/mkv/demux.cpp:26:
In file included from /Users/cam/Documents/Projects/ultima-iv-web/vlc-thumbs/work/build/vlc-source/extras/package/macosx/../../../modules/demux/mkv/demux.hpp:30:
/Users/cam/Documents/Projects/ultima-iv-web/vlc-thumbs/work/build/vlc-source/extras/package/macosx/../../../modules/demux/mkv/chapter_command.hpp:161:9: warning: 'sprintf' is deprecated: This function is provided for compatibility reasons only.  Due to security concerns inherent in the design of sprintf(3), it is highly recommended that you use snprintf(3) instead. [-Wdeprecated-declarations]
  161 |         sprintf( s_value, "%.5d", value );
      |         ^
/Applications/Xcode.app/Contents/Developer/Platforms/MacOSX.platform/Developer/SDKs/MacOSX.sdk/usr/include/_stdio.h:278:1: note: 'sprintf' has been explicitly marked deprecated here
  278 | __deprecated_msg("This function is provided for compatibility reasons only.  Due to security concerns inherent in the design of sprintf(3), it is highly recommended that you use snprintf(3) instead.")
      | ^
/Applications/Xcode.app/Contents/Developer/Platforms/MacOSX.platform/Developer/SDKs/MacOSX.sdk/usr/include/sys/cdefs.h:227:48: note: expanded from macro '__deprecated_msg'
  227 |         #define __deprecated_msg(_msg) __attribute__((__deprecated__(_msg)))
      |                                                       ^
In file included from /Users/cam/Documents/Projects/ultima-iv-web/vlc-thumbs/work/build/vlc-source/extras/package/macosx/../../../modules/demux/mkv/demux.cpp:26:
In file included from /Users/cam/Documents/Projects/ultima-iv-web/vlc-thumbs/work/build/vlc-source/extras/package/macosx/../../../modules/demux/mkv/demux.hpp:30:
/Users/cam/Documents/Projects/ultima-iv-web/vlc-thumbs/work/build/vlc-source/extras/package/macosx/../../../modules/demux/mkv/chapter_command.hpp:171:13: warning: 'sprintf' is deprecated: This function is provided for compatibility reasons only.  Due to security concerns inherent in the design of sprintf(3), it is highly recommended that you use snprintf(3) instead. [-Wdeprecated-declarations]
  171 |             sprintf( s_reg_value, "%.5d", GetPRM( value ) );
      |             ^
/Applications/Xcode.app/Contents/Developer/Platforms/MacOSX.platform/Developer/SDKs/MacOSX.sdk/usr/include/_stdio.h:278:1: note: 'sprintf' has been explicitly marked deprecated here
  278 | __deprecated_msg("This function is provided for compatibility reasons only.  Due to security concerns inherent in the design of sprintf(3), it is highly recommended that you use snprintf(3) instead.")
      | ^
/Applications/Xcode.app/Contents/Developer/Platforms/MacOSX.platform/Developer/SDKs/MacOSX.sdk/usr/include/sys/cdefs.h:227:48: note: expanded from macro '__deprecated_msg'
  227 |         #define __deprecated_msg(_msg) __attribute__((__deprecated__(_msg)))
      |                                                       ^
In file included from /Users/cam/Documents/Projects/ultima-iv-web/vlc-thumbs/work/build/vlc-source/extras/package/macosx/../../../modules/demux/mkv/demux.cpp:26:
In file included from /Users/cam/Documents/Projects/ultima-iv-web/vlc-thumbs/work/build/vlc-source/extras/package/macosx/../../../modules/demux/mkv/demux.hpp:30:
/Users/cam/Documents/Projects/ultima-iv-web/vlc-thumbs/work/build/vlc-source/extras/package/macosx/../../../modules/demux/mkv/chapter_command.hpp:180:13: warning: 'sprintf' is deprecated: This function is provided for compatibility reasons only.  Due to security concerns inherent in the design of sprintf(3), it is highly recommended that you use snprintf(3) instead. [-Wdeprecated-declarations]
  180 |             sprintf( s_reg_value, "%.5d", GetPRM( value ) );
      |             ^
/Applications/Xcode.app/Contents/Developer/Platforms/MacOSX.platform/Developer/SDKs/MacOSX.sdk/usr/include/_stdio.h:278:1: note: 'sprintf' has been explicitly marked deprecated here
  278 | __deprecated_msg("This function is provided for compatibility reasons only.  Due to security concerns inherent in the design of sprintf(3), it is highly recommended that you use snprintf(3) instead.")
      | ^
/Applications/Xcode.app/Contents/Developer/Platforms/MacOSX.platform/Developer/SDKs/MacOSX.sdk/usr/include/sys/cdefs.h:227:48: note: expanded from macro '__deprecated_msg'
  227 |         #define __deprecated_msg(_msg) __attribute__((__deprecated__(_msg)))
      |                                                       ^
/Users/cam/Documents/Projects/ultima-iv-web/vlc-thumbs/work/build/vlc-source/extras/package/macosx/../../../modules/demux/mkv/demux.cpp:539:97: warning: unused parameter 'b_initial' [-Wunused-parameter]
  539 | bool demux_sys_t::AnalyseAllSegmentsFound( demux_t *p_demux, matroska_stream_c *p_stream1, bool b_initial )
      |                                                                                                 ^
4 warnings generated.
  CXX      demux/mkv/libmkv_plugin_la-Ebml_parser.lo
In file included from /Users/cam/Documents/Projects/ultima-iv-web/vlc-thumbs/work/build/vlc-source/extras/package/macosx/../../../modules/demux/mkv/Ebml_parser.cpp:26:
In file included from /Users/cam/Documents/Projects/ultima-iv-web/vlc-thumbs/work/build/vlc-source/extras/package/macosx/../../../modules/demux/mkv/Ebml_parser.hpp:28:
In file included from /Users/cam/Documents/Projects/ultima-iv-web/vlc-thumbs/work/build/vlc-source/extras/package/macosx/../../../modules/demux/mkv/mkv.hpp:33:
In file included from ../config.h:1000:
In file included from /Users/cam/Documents/Projects/ultima-iv-web/vlc-thumbs/work/build/vlc-source/extras/package/macosx/../../../include/vlc_fixups.h:97:
In file included from /Applications/Xcode.app/Contents/Developer/Platforms/MacOSX.platform/Developer/SDKs/MacOSX.sdk/usr/include/c++/v1/stddef.h:30:
In file included from /Applications/Xcode.app/Contents/Developer/Platforms/MacOSX.platform/Developer/SDKs/MacOSX.sdk/usr/include/c++/v1/__config:15:
/Applications/Xcode.app/Contents/Developer/Platforms/MacOSX.platform/Developer/SDKs/MacOSX.sdk/usr/include/c++/v1/__configuration/availability.h:204:4: warning: "The selected platform is no longer supported by libc++." [-W#warnings]
  204 | #  warning "The selected platform is no longer supported by libc++."
      |    ^
4 warnings generated.
  CXX      demux/mkv/libmkv_plugin_la-chapters.lo
In file included from /Users/cam/Documents/Projects/ultima-iv-web/vlc-thumbs/work/build/vlc-source/extras/package/macosx/../../../modules/demux/mkv/chapters.cpp:25:
In file included from /Users/cam/Documents/Projects/ultima-iv-web/vlc-thumbs/work/build/vlc-source/extras/package/macosx/../../../modules/demux/mkv/chapters.hpp:30:
In file included from /Users/cam/Documents/Projects/ultima-iv-web/vlc-thumbs/work/build/vlc-source/extras/package/macosx/../../../modules/demux/mkv/mkv.hpp:33:
In file included from ../config.h:1000:
In file included from /Users/cam/Documents/Projects/ultima-iv-web/vlc-thumbs/work/build/vlc-source/extras/package/macosx/../../../include/vlc_fixups.h:97:
In file included from /Applications/Xcode.app/Contents/Developer/Platforms/MacOSX.platform/Developer/SDKs/MacOSX.sdk/usr/include/c++/v1/stddef.h:30:
In file included from /Applications/Xcode.app/Contents/Developer/Platforms/MacOSX.platform/Developer/SDKs/MacOSX.sdk/usr/include/c++/v1/__config:15:
/Applications/Xcode.app/Contents/Developer/Platforms/MacOSX.platform/Developer/SDKs/MacOSX.sdk/usr/include/c++/v1/__configuration/availability.h:204:4: warning: "The selected platform is no longer supported by libc++." [-W#warnings]
  204 | #  warning "The selected platform is no longer supported by libc++."
      |    ^
5 warnings generated.
  CXX      demux/mkv/libmkv_plugin_la-chapter_command.lo
In file included from /Users/cam/Documents/Projects/ultima-iv-web/vlc-thumbs/work/build/vlc-source/extras/package/macosx/../../../modules/demux/mkv/chapter_command.cpp:25:
In file included from /Users/cam/Documents/Projects/ultima-iv-web/vlc-thumbs/work/build/vlc-source/extras/package/macosx/../../../modules/demux/mkv/chapter_command.hpp:28:
In file included from /Users/cam/Documents/Projects/ultima-iv-web/vlc-thumbs/work/build/vlc-source/extras/package/macosx/../../../modules/demux/mkv/mkv.hpp:33:
In file included from ../config.h:1000:
In file included from /Users/cam/Documents/Projects/ultima-iv-web/vlc-thumbs/work/build/vlc-source/extras/package/macosx/../../../include/vlc_fixups.h:97:
In file included from /Applications/Xcode.app/Contents/Developer/Platforms/MacOSX.platform/Developer/SDKs/MacOSX.sdk/usr/include/c++/v1/stddef.h:30:
In file included from /Applications/Xcode.app/Contents/Developer/Platforms/MacOSX.platform/Developer/SDKs/MacOSX.sdk/usr/include/c++/v1/__config:15:
/Applications/Xcode.app/Contents/Developer/Platforms/MacOSX.platform/Developer/SDKs/MacOSX.sdk/usr/include/c++/v1/__configuration/availability.h:204:4: warning: "The selected platform is no longer supported by libc++." [-W#warnings]
  204 | #  warning "The selected platform is no longer supported by libc++."
      |    ^
1 warning generated.
  CXX      demux/mkv/libmkv_plugin_la-stream_io_callback.lo
In file included from /Users/cam/Documents/Projects/ultima-iv-web/vlc-thumbs/work/build/vlc-source/extras/package/macosx/../../../modules/demux/mkv/stream_io_callback.cpp:25:
In file included from /Users/cam/Documents/Projects/ultima-iv-web/vlc-thumbs/work/build/vlc-source/extras/package/macosx/../../../modules/demux/mkv/stream_io_callback.hpp:24:
In file included from /Users/cam/Documents/Projects/ultima-iv-web/vlc-thumbs/work/build/vlc-source/extras/package/macosx/../../../modules/demux/mkv/mkv.hpp:33:
In file included from ../config.h:1000:
In file included from /Users/cam/Documents/Projects/ultima-iv-web/vlc-thumbs/work/build/vlc-source/extras/package/macosx/../../../include/vlc_fixups.h:97:
In file included from /Applications/Xcode.app/Contents/Developer/Platforms/MacOSX.platform/Developer/SDKs/MacOSX.sdk/usr/include/c++/v1/stddef.h:30:
In file included from /Applications/Xcode.app/Contents/Developer/Platforms/MacOSX.platform/Developer/SDKs/MacOSX.sdk/usr/include/c++/v1/__config:15:
/Applications/Xcode.app/Contents/Developer/Platforms/MacOSX.platform/Developer/SDKs/MacOSX.sdk/usr/include/c++/v1/__configuration/availability.h:204:4: warning: "The selected platform is no longer supported by libc++." [-W#warnings]
  204 | #  warning "The selected platform is no longer supported by libc++."
      |    ^
In file included from /Users/cam/Documents/Projects/ultima-iv-web/vlc-thumbs/work/build/vlc-source/extras/package/macosx/../../../modules/demux/mkv/chapters.cpp:27:
/Users/cam/Documents/Projects/ultima-iv-web/vlc-thumbs/work/build/vlc-source/extras/package/macosx/../../../modules/demux/mkv/chapter_command.hpp:161:9: warning: 'sprintf' is deprecated: This function is provided for compatibility reasons only.  Due to security concerns inherent in the design of sprintf(3), it is highly recommended that you use snprintf(3) instead. [-Wdeprecated-declarations]
  161 |         sprintf( s_value, "%.5d", value );
      |         ^
/Applications/Xcode.app/Contents/Developer/Platforms/MacOSX.platform/Developer/SDKs/MacOSX.sdk/usr/include/_stdio.h:278:1: note: 'sprintf' has been explicitly marked deprecated here
  278 | __deprecated_msg("This function is provided for compatibility reasons only.  Due to security concerns inherent in the design of sprintf(3), it is highly recommended that you use snprintf(3) instead.")
      | ^
/Applications/Xcode.app/Contents/Developer/Platforms/MacOSX.platform/Developer/SDKs/MacOSX.sdk/usr/include/sys/cdefs.h:227:48: note: expanded from macro '__deprecated_msg'
  227 |         #define __deprecated_msg(_msg) __attribute__((__deprecated__(_msg)))
      |                                                       ^
In file included from /Users/cam/Documents/Projects/ultima-iv-web/vlc-thumbs/work/build/vlc-source/extras/package/macosx/../../../modules/demux/mkv/chapters.cpp:27:
/Users/cam/Documents/Projects/ultima-iv-web/vlc-thumbs/work/build/vlc-source/extras/package/macosx/../../../modules/demux/mkv/chapter_command.hpp:171:13: warning: 'sprintf' is deprecated: This function is provided for compatibility reasons only.  Due to security concerns inherent in the design of sprintf(3), it is highly recommended that you use snprintf(3) instead. [-Wdeprecated-declarations]
  171 |             sprintf( s_reg_value, "%.5d", GetPRM( value ) );
      |             ^
/Applications/Xcode.app/Contents/Developer/Platforms/MacOSX.platform/Developer/SDKs/MacOSX.sdk/usr/include/_stdio.h:278:1: note: 'sprintf' has been explicitly marked deprecated here
  278 | __deprecated_msg("This function is provided for compatibility reasons only.  Due to security concerns inherent in the design of sprintf(3), it is highly recommended that you use snprintf(3) instead.")
      | ^
/Applications/Xcode.app/Contents/Developer/Platforms/MacOSX.platform/Developer/SDKs/MacOSX.sdk/usr/include/sys/cdefs.h:227:48: note: expanded from macro '__deprecated_msg'
  227 |         #define __deprecated_msg(_msg) __attribute__((__deprecated__(_msg)))
      |                                                       ^
In file included from /Users/cam/Documents/Projects/ultima-iv-web/vlc-thumbs/work/build/vlc-source/extras/package/macosx/../../../modules/demux/mkv/chapters.cpp:27:
/Users/cam/Documents/Projects/ultima-iv-web/vlc-thumbs/work/build/vlc-source/extras/package/macosx/../../../modules/demux/mkv/chapter_command.hpp:180:13: warning: 'sprintf' is deprecated: This function is provided for compatibility reasons only.  Due to security concerns inherent in the design of sprintf(3), it is highly recommended that you use snprintf(3) instead. [-Wdeprecated-declarations]
  180 |             sprintf( s_reg_value, "%.5d", GetPRM( value ) );
      |             ^
/Applications/Xcode.app/Contents/Developer/Platforms/MacOSX.platform/Developer/SDKs/MacOSX.sdk/usr/include/_stdio.h:278:1: note: 'sprintf' has been explicitly marked deprecated here
  278 | __deprecated_msg("This function is provided for compatibility reasons only.  Due to security concerns inherent in the design of sprintf(3), it is highly recommended that you use snprintf(3) instead.")
      | ^
/Applications/Xcode.app/Contents/Developer/Platforms/MacOSX.platform/Developer/SDKs/MacOSX.sdk/usr/include/sys/cdefs.h:227:48: note: expanded from macro '__deprecated_msg'
  227 |         #define __deprecated_msg(_msg) __attribute__((__deprecated__(_msg)))
      |                                                       ^
In file included from /Users/cam/Documents/Projects/ultima-iv-web/vlc-thumbs/work/build/vlc-source/extras/package/macosx/../../../modules/demux/mkv/chapter_command.cpp:25:
/Users/cam/Documents/Projects/ultima-iv-web/vlc-thumbs/work/build/vlc-source/extras/package/macosx/../../../modules/demux/mkv/chapter_command.hpp:161:9: warning: 'sprintf' is deprecated: This function is provided for compatibility reasons only.  Due to security concerns inherent in the design of sprintf(3), it is highly recommended that you use snprintf(3) instead. [-Wdeprecated-declarations]
  161 |         sprintf( s_value, "%.5d", value );
      |         ^
/Applications/Xcode.app/Contents/Developer/Platforms/MacOSX.platform/Developer/SDKs/MacOSX.sdk/usr/include/_stdio.h:278:1: note: 'sprintf' has been explicitly marked deprecated here
  278 | __deprecated_msg("This function is provided for compatibility reasons only.  Due to security concerns inherent in the design of sprintf(3), it is highly recommended that you use snprintf(3) instead.")
      | ^
/Applications/Xcode.app/Contents/Developer/Platforms/MacOSX.platform/Developer/SDKs/MacOSX.sdk/usr/include/sys/cdefs.h:227:48: note: expanded from macro '__deprecated_msg'
  227 |         #define __deprecated_msg(_msg) __attribute__((__deprecated__(_msg)))
      |                                                       ^
In file included from /Users/cam/Documents/Projects/ultima-iv-web/vlc-thumbs/work/build/vlc-source/extras/package/macosx/../../../modules/demux/mkv/chapter_command.cpp:25:
/Users/cam/Documents/Projects/ultima-iv-web/vlc-thumbs/work/build/vlc-source/extras/package/macosx/../../../modules/demux/mkv/chapter_command.hpp:171:13: warning: 'sprintf' is deprecated: This function is provided for compatibility reasons only.  Due to security concerns inherent in the design of sprintf(3), it is highly recommended that you use snprintf(3) instead. [-Wdeprecated-declarations]
  171 |             sprintf( s_reg_value, "%.5d", GetPRM( value ) );
      |             ^
/Applications/Xcode.app/Contents/Developer/Platforms/MacOSX.platform/Developer/SDKs/MacOSX.sdk/usr/include/_stdio.h:278:1: note: 'sprintf' has been explicitly marked deprecated here
  278 | __deprecated_msg("This function is provided for compatibility reasons only.  Due to security concerns inherent in the design of sprintf(3), it is highly recommended that you use snprintf(3) instead.")
      | ^
/Applications/Xcode.app/Contents/Developer/Platforms/MacOSX.platform/Developer/SDKs/MacOSX.sdk/usr/include/sys/cdefs.h:227:48: note: expanded from macro '__deprecated_msg'
  227 |         #define __deprecated_msg(_msg) __attribute__((__deprecated__(_msg)))
      |                                                       ^
In file included from /Users/cam/Documents/Projects/ultima-iv-web/vlc-thumbs/work/build/vlc-source/extras/package/macosx/../../../modules/demux/mkv/chapter_command.cpp:25:
/Users/cam/Documents/Projects/ultima-iv-web/vlc-thumbs/work/build/vlc-source/extras/package/macosx/../../../modules/demux/mkv/chapter_command.hpp:180:13: warning: 'sprintf' is deprecated: This function is provided for compatibility reasons only.  Due to security concerns inherent in the design of sprintf(3), it is highly recommended that you use snprintf(3) instead. [-Wdeprecated-declarations]
  180 |             sprintf( s_reg_value, "%.5d", GetPRM( value ) );
      |             ^
/Applications/Xcode.app/Contents/Developer/Platforms/MacOSX.platform/Developer/SDKs/MacOSX.sdk/usr/include/_stdio.h:278:1: note: 'sprintf' has been explicitly marked deprecated here
  278 | __deprecated_msg("This function is provided for compatibility reasons only.  Due to security concerns inherent in the design of sprintf(3), it is highly recommended that you use snprintf(3) instead.")
      | ^
/Applications/Xcode.app/Contents/Developer/Platforms/MacOSX.platform/Developer/SDKs/MacOSX.sdk/usr/include/sys/cdefs.h:227:48: note: expanded from macro '__deprecated_msg'
  227 |         #define __deprecated_msg(_msg) __attribute__((__deprecated__(_msg)))
      |                                                       ^
4 warnings generated.
  CC       demux/mp4/libmkv_plugin_la-libmp4.lo
/Users/cam/Documents/Projects/ultima-iv-web/vlc-thumbs/work/build/vlc-source/extras/package/macosx/../../../modules/demux/mkv/chapter_command.cpp:118:13: warning: 'sprintf' is deprecated: This function is provided for compatibility reasons only.  Due to security concerns inherent in the design of sprintf(3), it is highly recommended that you use snprintf(3) instead. [-Wdeprecated-declarations]
  118 |             sprintf( psz_str, " (%c%c)  ---", p_data[1], p_data[2] );
      |             ^
/Applications/Xcode.app/Contents/Developer/Platforms/MacOSX.platform/Developer/SDKs/MacOSX.sdk/usr/include/_stdio.h:278:1: note: 'sprintf' has been explicitly marked deprecated here
  278 | __deprecated_msg("This function is provided for compatibility reasons only.  Due to security concerns inherent in the design of sprintf(3), it is highly recommended that you use snprintf(3) instead.")
      | ^
/Applications/Xcode.app/Contents/Developer/Platforms/MacOSX.platform/Developer/SDKs/MacOSX.sdk/usr/include/sys/cdefs.h:227:48: note: expanded from macro '__deprecated_msg'
  227 |         #define __deprecated_msg(_msg) __attribute__((__deprecated__(_msg)))
      |                                                       ^
/Users/cam/Documents/Projects/ultima-iv-web/vlc-thumbs/work/build/vlc-source/extras/package/macosx/../../../modules/demux/mkv/chapter_command.cpp:132:17: warning: 'sprintf' is deprecated: This function is provided for compatibility reasons only.  Due to security concerns inherent in the design of sprintf(3), it is highly recommended that you use snprintf(3) instead. [-Wdeprecated-declarations]
  132 |                 sprintf( psz_str, " %d -----", i_title );
      |                 ^
/Applications/Xcode.app/Contents/Developer/Platforms/MacOSX.platform/Developer/SDKs/MacOSX.sdk/usr/include/_stdio.h:278:1: note: 'sprintf' has been explicitly marked deprecated here
  278 | __deprecated_msg("This function is provided for compatibility reasons only.  Due to security concerns inherent in the design of sprintf(3), it is highly recommended that you use snprintf(3) instead.")
      | ^
/Applications/Xcode.app/Contents/Developer/Platforms/MacOSX.platform/Developer/SDKs/MacOSX.sdk/usr/include/sys/cdefs.h:227:48: note: expanded from macro '__deprecated_msg'
  227 |         #define __deprecated_msg(_msg) __attribute__((__deprecated__(_msg)))
      |                                                       ^
In file included from /Users/cam/Documents/Projects/ultima-iv-web/vlc-thumbs/work/build/vlc-source/extras/package/macosx/../../../modules/demux/mkv/stream_io_callback.cpp:28:
In file included from /Users/cam/Documents/Projects/ultima-iv-web/vlc-thumbs/work/build/vlc-source/extras/package/macosx/../../../modules/demux/mkv/demux.hpp:30:
/Users/cam/Documents/Projects/ultima-iv-web/vlc-thumbs/work/build/vlc-source/extras/package/macosx/../../../modules/demux/mkv/chapter_command.hpp:161:9: warning: 'sprintf' is deprecated: This function is provided for compatibility reasons only.  Due to security concerns inherent in the design of sprintf(3), it is highly recommended that you use snprintf(3) instead. [-Wdeprecated-declarations]
  161 |         sprintf( s_value, "%.5d", value );
      |         ^
/Applications/Xcode.app/Contents/Developer/Platforms/MacOSX.platform/Developer/SDKs/MacOSX.sdk/usr/include/_stdio.h:278:1: note: 'sprintf' has been explicitly marked deprecated here
  278 | __deprecated_msg("This function is provided for compatibility reasons only.  Due to security concerns inherent in the design of sprintf(3), it is highly recommended that you use snprintf(3) instead.")
      | ^
/Applications/Xcode.app/Contents/Developer/Platforms/MacOSX.platform/Developer/SDKs/MacOSX.sdk/usr/include/sys/cdefs.h:227:48: note: expanded from macro '__deprecated_msg'
  227 |         #define __deprecated_msg(_msg) __attribute__((__deprecated__(_msg)))
      |                                                       ^
In file included from /Users/cam/Documents/Projects/ultima-iv-web/vlc-thumbs/work/build/vlc-source/extras/package/macosx/../../../modules/demux/mkv/stream_io_callback.cpp:28:
In file included from /Users/cam/Documents/Projects/ultima-iv-web/vlc-thumbs/work/build/vlc-source/extras/package/macosx/../../../modules/demux/mkv/demux.hpp:30:
/Users/cam/Documents/Projects/ultima-iv-web/vlc-thumbs/work/build/vlc-source/extras/package/macosx/../../../modules/demux/mkv/chapter_command.hpp:171:13: warning: 'sprintf' is deprecated: This function is provided for compatibility reasons only.  Due to security concerns inherent in the design of sprintf(3), it is highly recommended that you use snprintf(3) instead. [-Wdeprecated-declarations]
  171 |             sprintf( s_reg_value, "%.5d", GetPRM( value ) );
      |             ^
/Applications/Xcode.app/Contents/Developer/Platforms/MacOSX.platform/Developer/SDKs/MacOSX.sdk/usr/include/_stdio.h:278:1: note: 'sprintf' has been explicitly marked deprecated here
  278 | __deprecated_msg("This function is provided for compatibility reasons only.  Due to security concerns inherent in the design of sprintf(3), it is highly recommended that you use snprintf(3) instead.")
      | ^
/Applications/Xcode.app/Contents/Developer/Platforms/MacOSX.platform/Developer/SDKs/MacOSX.sdk/usr/include/sys/cdefs.h:227:48: note: expanded from macro '__deprecated_msg'
  227 |         #define __deprecated_msg(_msg) __attribute__((__deprecated__(_msg)))
      |                                                       ^
In file included from /Users/cam/Documents/Projects/ultima-iv-web/vlc-thumbs/work/build/vlc-source/extras/package/macosx/../../../modules/demux/mkv/stream_io_callback.cpp:28:
In file included from /Users/cam/Documents/Projects/ultima-iv-web/vlc-thumbs/work/build/vlc-source/extras/package/macosx/../../../modules/demux/mkv/demux.hpp:30:
/Users/cam/Documents/Projects/ultima-iv-web/vlc-thumbs/work/build/vlc-source/extras/package/macosx/../../../modules/demux/mkv/chapter_command.hpp:180:13: warning: 'sprintf' is deprecated: This function is provided for compatibility reasons only.  Due to security concerns inherent in the design of sprintf(3), it is highly recommended that you use snprintf(3) instead. [-Wdeprecated-declarations]
  180 |             sprintf( s_reg_value, "%.5d", GetPRM( value ) );
      |             ^
/Applications/Xcode.app/Contents/Developer/Platforms/MacOSX.platform/Developer/SDKs/MacOSX.sdk/usr/include/_stdio.h:278:1: note: 'sprintf' has been explicitly marked deprecated here
  278 | __deprecated_msg("This function is provided for compatibility reasons only.  Due to security concerns inherent in the design of sprintf(3), it is highly recommended that you use snprintf(3) instead.")
      | ^
/Applications/Xcode.app/Contents/Developer/Platforms/MacOSX.platform/Developer/SDKs/MacOSX.sdk/usr/include/sys/cdefs.h:227:48: note: expanded from macro '__deprecated_msg'
  227 |         #define __deprecated_msg(_msg) __attribute__((__deprecated__(_msg)))
      |                                                       ^
4 warnings generated.
4 warnings generated.
  CCLD     libmp4_plugin.la
  CCLD     libmpgv_plugin.la
6 warnings generated.
  CC       demux/playlist/asx.lo
  CC       demux/playlist/b4s.lo
  CC       demux/playlist/dvb.lo
  CC       demux/playlist/ifo.lo
  CC       demux/playlist/itml.lo
  CC       demux/playlist/m3u.lo
  CC       demux/playlist/pls.lo
  CC       demux/playlist/podcast.lo
  CC       demux/playlist/qtl.lo
  CC       demux/playlist/ram.lo
  CC       demux/playlist/sgimb.lo
  CC       demux/playlist/shoutcast.lo
  CC       demux/playlist/wpl.lo
  CC       demux/playlist/playlist.lo
  CC       demux/playlist/xspf.lo
  CC       mux/mpeg/libts_plugin_la-csa.lo
  CC       mux/mpeg/libts_plugin_la-tables.lo
  CC       mux/mpeg/libts_plugin_la-tsutil.lo
  CXX      demux/adaptive/libadaptive_plugin_la-adaptive.lo
In file included from /Users/cam/Documents/Projects/ultima-iv-web/vlc-thumbs/work/build/vlc-source/extras/package/macosx/../../../modules/demux/adaptive/adaptive.cpp:26:
In file included from ../config.h:1000:
In file included from /Users/cam/Documents/Projects/ultima-iv-web/vlc-thumbs/work/build/vlc-source/extras/package/macosx/../../../include/vlc_fixups.h:97:
In file included from /Applications/Xcode.app/Contents/Developer/Platforms/MacOSX.platform/Developer/SDKs/MacOSX.sdk/usr/include/c++/v1/stddef.h:30:
In file included from /Applications/Xcode.app/Contents/Developer/Platforms/MacOSX.platform/Developer/SDKs/MacOSX.sdk/usr/include/c++/v1/__config:15:
/Applications/Xcode.app/Contents/Developer/Platforms/MacOSX.platform/Developer/SDKs/MacOSX.sdk/usr/include/c++/v1/__configuration/availability.h:204:4: warning: "The selected platform is no longer supported by libc++." [-W#warnings]
  204 | #  warning "The selected platform is no longer supported by libc++."
      |    ^
  CXX      demux/adaptive/playlist/libvlc_adaptive_la-BaseAdaptationSet.lo
  CXX      demux/adaptive/playlist/libvlc_adaptive_la-BasePeriod.lo
In file included from /Users/cam/Documents/Projects/ultima-iv-web/vlc-thumbs/work/build/vlc-source/extras/package/macosx/../../../modules/demux/adaptive/playlist/BaseAdaptationSet.cpp:26:
In file included from ../config.h:1000:
In file included from /Users/cam/Documents/Projects/ultima-iv-web/vlc-thumbs/work/build/vlc-source/extras/package/macosx/../../../include/vlc_fixups.h:97:
In file included from /Applications/Xcode.app/Contents/Developer/Platforms/MacOSX.platform/Developer/SDKs/MacOSX.sdk/usr/include/c++/v1/stddef.h:30:
In file included from /Applications/Xcode.app/Contents/Developer/Platforms/MacOSX.platform/Developer/SDKs/MacOSX.sdk/usr/include/c++/v1/__config:15:
/Applications/Xcode.app/Contents/Developer/Platforms/MacOSX.platform/Developer/SDKs/MacOSX.sdk/usr/include/c++/v1/__configuration/availability.h:204:4: warning: "The selected platform is no longer supported by libc++." [-W#warnings]
  204 | #  warning "The selected platform is no longer supported by libc++."
      |    ^
In file included from /Users/cam/Documents/Projects/ultima-iv-web/vlc-thumbs/work/build/vlc-source/extras/package/macosx/../../../modules/demux/adaptive/playlist/BasePeriod.cpp:26:
In file included from ../config.h:1000:
In file included from /Users/cam/Documents/Projects/ultima-iv-web/vlc-thumbs/work/build/vlc-source/extras/package/macosx/../../../include/vlc_fixups.h:97:
In file included from /Applications/Xcode.app/Contents/Developer/Platforms/MacOSX.platform/Developer/SDKs/MacOSX.sdk/usr/include/c++/v1/stddef.h:30:
In file included from /Applications/Xcode.app/Contents/Developer/Platforms/MacOSX.platform/Developer/SDKs/MacOSX.sdk/usr/include/c++/v1/__config:15:
/Applications/Xcode.app/Contents/Developer/Platforms/MacOSX.platform/Developer/SDKs/MacOSX.sdk/usr/include/c++/v1/__configuration/availability.h:204:4: warning: "The selected platform is no longer supported by libc++." [-W#warnings]
  204 | #  warning "The selected platform is no longer supported by libc++."
      |    ^
1 warning generated.
  CXX      demux/adaptive/playlist/libvlc_adaptive_la-BasePlaylist.lo
  CXX      demux/adaptive/playlist/libvlc_adaptive_la-BaseRepresentation.lo
In file included from /Users/cam/Documents/Projects/ultima-iv-web/vlc-thumbs/work/build/vlc-source/extras/package/macosx/../../../modules/demux/adaptive/playlist/BaseRepresentation.cpp:25:
In file included from ../config.h:1000:
In file included from /Users/cam/Documents/Projects/ultima-iv-web/vlc-thumbs/work/build/vlc-source/extras/package/macosx/../../../include/vlc_fixups.h:97:
In file included from /Applications/Xcode.app/Contents/Developer/Platforms/MacOSX.platform/Developer/SDKs/MacOSX.sdk/usr/include/c++/v1/stddef.h:30:
In file included from /Applications/Xcode.app/Contents/Developer/Platforms/MacOSX.platform/Developer/SDKs/MacOSX.sdk/usr/include/c++/v1/__config:15:
/Applications/Xcode.app/Contents/Developer/Platforms/MacOSX.platform/Developer/SDKs/MacOSX.sdk/usr/include/c++/v1/__configuration/availability.h:204:4: warning: "The selected platform is no longer supported by libc++." [-W#warnings]
  204 | #  warning "The selected platform is no longer supported by libc++."
      |    ^
In file included from /Users/cam/Documents/Projects/ultima-iv-web/vlc-thumbs/work/build/vlc-source/extras/package/macosx/../../../modules/demux/adaptive/playlist/BasePlaylist.cpp:22:
In file included from ../config.h:1000:
In file included from /Users/cam/Documents/Projects/ultima-iv-web/vlc-thumbs/work/build/vlc-source/extras/package/macosx/../../../include/vlc_fixups.h:97:
In file included from /Applications/Xcode.app/Contents/Developer/Platforms/MacOSX.platform/Developer/SDKs/MacOSX.sdk/usr/include/c++/v1/stddef.h:30:
In file included from /Applications/Xcode.app/Contents/Developer/Platforms/MacOSX.platform/Developer/SDKs/MacOSX.sdk/usr/include/c++/v1/__config:15:
/Applications/Xcode.app/Contents/Developer/Platforms/MacOSX.platform/Developer/SDKs/MacOSX.sdk/usr/include/c++/v1/__configuration/availability.h:204:4: warning: "The selected platform is no longer supported by libc++." [-W#warnings]
  204 | #  warning "The selected platform is no longer supported by libc++."
      |    ^
1 warning generated.
1 warning generated.
  CXX      demux/adaptive/playlist/libvlc_adaptive_la-CodecDescription.lo
  CXX      demux/adaptive/playlist/libvlc_adaptive_la-CommonAttributesElements.lo
In file included from /Users/cam/Documents/Projects/ultima-iv-web/vlc-thumbs/work/build/vlc-source/extras/package/macosx/../../../modules/demux/adaptive/playlist/CodecDescription.cpp:21:
In file included from ../config.h:1000:
In file included from /Users/cam/Documents/Projects/ultima-iv-web/vlc-thumbs/work/build/vlc-source/extras/package/macosx/../../../include/vlc_fixups.h:97:
In file included from /Applications/Xcode.app/Contents/Developer/Platforms/MacOSX.platform/Developer/SDKs/MacOSX.sdk/usr/include/c++/v1/stddef.h:30:
In file included from /Applications/Xcode.app/Contents/Developer/Platforms/MacOSX.platform/Developer/SDKs/MacOSX.sdk/usr/include/c++/v1/__config:15:
/Applications/Xcode.app/Contents/Developer/Platforms/MacOSX.platform/Developer/SDKs/MacOSX.sdk/usr/include/c++/v1/__configuration/availability.h:204:4: warning: "The selected platform is no longer supported by libc++." [-W#warnings]
  204 | #  warning "The selecIn file included from /Users/cam/Documents/Projects/ultima-iv-web/vlc-thumbs/work/build/vlc-source/extras/package/macosx/../../../modules/demux/adaptive/playlist/CommonAttributesElements.cpp:25:
In file included from ../config.h:1000:
In file included from /Users/cam/Documents/Projects/ultima-iv-web/vlc-thumbs/work/build/vlc-source/extras/package/macosx/../../../include/vlc_fixups.h:97:
In file included from /Applications/Xcode.app/Contents/Developer/Platforms/MacOSX.platform/Developer/SDKs/MacOSX.sdk/usr/include/c++/v1/stddef.h:30:
In file included from /Applications/Xcode.app/Contents/Developer/Platforms/MacOSX.platform/Developer/SDKs/MacOSX.sdk/usr/include/c++/v1/__config:15:
/Applications/Xcode.app/Contents/Developer/Platforms/MacOSX.platform/Developer/SDKs/MacOSX.sdk/usr/include/c++/v1/__configuration/availability.h:204:4: warning: "The selected platform is no longer supported by libc++." [-W#warnings]
  204 | #  warning "The selected platform is ted platform is nno longer suo longer supported by libc++."
      |    ^
pported by libc++."
      |    ^
1 warning generated.
  CXX      demux/adaptive/playlist/libvlc_adaptive_la-Inheritables.lo
In file included from /Users/cam/Documents/Projects/ultima-iv-web/vlc-thumbs/work/build/vlc-source/extras/package/macosx/../../../modules/demux/adaptive/playlist/Inheritables.cpp:22:
In file included from ../config.h:1000:
In file included from /Users/cam/Documents/Projects/ultima-iv-web/vlc-thumbs/work/build/vlc-source/extras/package/macosx/../../../include/vlc_fixups.h:97:
In file included from /Applications/Xcode.app/Contents/Developer/Platforms/MacOSX.platform/Developer/SDKs/MacOSX.sdk/usr/include/c++/v1/stddef.h:30:
In file included from /Applications/Xcode.app/Contents/Developer/Platforms/MacOSX.platform/Developer/SDKs/MacOSX.sdk/usr/include/c++/v1/__config:15:
/Applications/Xcode.app/Contents/Developer/Platforms/MacOSX.platform/Developer/SDKs/MacOSX.sdk/usr/include/c++/v1/__configuration/availability.h:204:4: warning: "The selected platform is no longer supported by libc++." [-W#warnings]
  204 | #  warning "The selected platform is no longer supported by libc++."
      |    ^
1 warning generated.
  CXX      demux/adaptive/playlist/libvlc_adaptive_la-Role.lo
In file included from /Users/cam/Documents/Projects/ultima-iv-web/vlc-thumbs/work/build/vlc-source/extras/package/macosx/../../../modules/demux/adaptive/playlist/Role.cpp:21:
In file included from ../config.h:1000:
In file included from /Users/cam/Documents/Projects/ultima-iv-web/vlc-thumbs/work/build/vlc-source/extras/package/macosx/../../../include/vlc_fixups.h:97:
In file included from /Applications/Xcode.app/Contents/Developer/Platforms/MacOSX.platform/Developer/SDKs/MacOSX.sdk/usr/include/c++/v1/stddef.h:30:
In file included from /Applications/Xcode.app/Contents/Developer/Platforms/MacOSX.platform/Developer/SDKs/MacOSX.sdk/usr/include/c++/v1/__config:15:
/Applications/Xcode.app/Contents/Developer/Platforms/MacOSX.platform/Developer/SDKs/MacOSX.sdk/usr/include/c++/v1/__configuration/availability.h:204:4: warning: "The selected platform is no longer supported by libc++." [-W#warnings]
  204 | #  warning "The selected platform is no longer supported by libc++."
      |    ^
1 warning generated.
  CXX      demux/adaptive/playlist/libvlc_adaptive_la-Segment.lo
1 warning generated.
1 warning generated.
  CXX      demux/adaptive/playlist/libvlc_adaptive_la-SegmentBaseType.lo
  CXX      demux/adaptive/playlist/libvlc_adaptive_la-SegmentBase.lo
In file included from /Users/cam/Documents/Projects/ultima-iv-web/vlc-thumbs/work/build/vlc-source/extras/package/macosx/../../../modules/demux/adaptive/playlist/Segment.cpp:26:
In file included from ../config.h:1000:
In file included from /Users/cam/Documents/Projects/ultima-iv-web/vlc-thumbs/work/build/vlc-source/extras/package/macosx/../../../include/vlc_fixups.h:97:
In file included from /Applications/Xcode.app/Contents/Developer/Platforms/MacOSX.platform/Developer/SDKs/MacOSX.sdk/usr/include/c++/v1/stddef.h:30:
In file included from /Applications/Xcode.app/Contents/Developer/Platforms/MacOSX.platform/Developer/SDKs/MacOSX.sdk/usr/include/c++/v1/__config:15:
/Applications/Xcode.app/Contents/Developer/Platforms/MacOSX.platform/Developer/SDKs/MacOSX.sdk/usr/include/c++/v1/__configuration/availability.h:204:4: warning: "The selected platform is no longer supported by libc++." [-W#warnings]
  204 | #  warning "The selected platform is no longer supported by libc++."
      |    ^
In file included from /Users/cam/Documents/Projects/ultima-iv-web/vlc-thumbs/work/build/vlc-source/extras/package/macosx/../../../modules/demux/adaptive/playlist/SegmentBase.cpp:25:
In file included from ../config.h:1000:
In file included from /Users/cam/Documents/Projects/ultima-iv-web/vlc-thumbs/work/build/vlc-source/extras/package/macosx/../../../include/vlc_fixups.h:97:
In file included from /Applications/Xcode.app/Contents/Developer/Platforms/MacOSX.platform/Developer/SDKs/MacOSX.sdk/usr/include/c++/v1/stddef.h:30:
In file included from /Applications/Xcode.app/Contents/Developer/Platforms/MacOSX.platform/Developer/SDKs/MacOSX.sdk/usr/include/c++/v1/__config:15:
/Applications/Xcode.app/Contents/Developer/Platforms/MacOSX.platform/Developer/SDKs/MacOSX.sdk/usr/include/c++/v1/__configuration/availability.h:204:4: warning: "The selected platform is no longer supported by libc++." [-W#warnings]
  204 | #  warning "The selecIn file included from /Users/cam/Documents/Projects/ultima-iv-web/vlc-thumbs/work/build/vlc-source/extras/package/macosx/../../../modules/demux/adaptive/playlist/SegmentBaseType.cpp:21:
In file included from ../config.h:1000:
In file included from /Users/cam/Documents/Projects/ultima-iv-web/vlc-thumbs/work/build/vlc-source/extras/package/macosx/../../../include/vlc_fixups.h:97:
In file included from /Applications/Xcode.app/Contents/Developer/Platforms/MacOSX.platform/Developer/SDKs/MacOSX.sdk/usr/include/c++/v1/stddef.h:30t:
In file included from /Applications/Xcode.app/Contents/Developer/Platforms/MacOSX.platform/Developer/SDKs/MacOSX.sdk/usr/include/c++/v1/__config:15:
/Applications/Xcode.app/Contents/Developer/Platforms/MacOSX.platform/Developer/SDKs/MacOSX.sdk/usr/include/c++/v1/__configuration/availability.h:204:4: warning: ed platform is no longer supported by libc+"The selected platform is no longer supported by libc++." [-W#warnings]
+."
      |    ^
  204 | #  warning "The selected platform is no longer supported by libc++."
      |    ^
1 warning generated.
  CXX      demux/adaptive/playlist/libvlc_adaptive_la-SegmentChunk.lo
In file included from /Users/cam/Documents/Projects/ultima-iv-web/vlc-thumbs/work/build/vlc-source/extras/package/macosx/../../../modules/demux/adaptive/playlist/SegmentChunk.cpp:21:
In file included from ../config.h:1000:
In file included from /Users/cam/Documents/Projects/ultima-iv-web/vlc-thumbs/work/build/vlc-source/extras/package/macosx/../../../include/vlc_fixups.h:97:
In file included from /Applications/Xcode.app/Contents/Developer/Platforms/MacOSX.platform/Developer/SDKs/MacOSX.sdk/usr/include/c++/v1/stddef.h:30:
In file included from /Applications/Xcode.app/Contents/Developer/Platforms/MacOSX.platform/Developer/SDKs/MacOSX.sdk/usr/include/c++/v1/__config:15:
/Applications/Xcode.app/Contents/Developer/Platforms/MacOSX.platform/Developer/SDKs/MacOSX.sdk/usr/include/c++/v1/__configuration/availability.h:204:4: warning: "The selected platform is no longer supported by libc++." [-W#warnings]
  204 | #  warning "The selected platform is no longer supported by libc++."
      |    ^
1 warning generated.
1 warning generated.
  CXX      demux/adaptive/playlist/libvlc_adaptive_la-SegmentList.lo
  CXX      demux/adaptive/playlist/libvlc_adaptive_la-SegmentTimeline.lo
In file included from /Users/cam/Documents/Projects/ultima-iv-web/vlc-thumbs/work/build/vlc-source/extras/package/macosx/../../../modules/demux/adaptive/playlist/SegmentList.cpp:25:
In file included from ../config.h:1000:
In file included from /Users/cam/Documents/Projects/ultima-iv-web/vlc-thumbs/work/build/vlc-source/extras/package/macosx/../../../include/vlc_fixups.h:97:
In file included from /Applications/Xcode.app/Contents/Developer/Platforms/MacOSX.platform/Developer/SDKs/MacOSX.sdk/usr/include/c++/v1/stddef.h:30:
In file included from /Applications/Xcode.app/Contents/Developer/Platforms/MacOSX.platform/Developer/SDKs/MacOSX.sdk/usr/include/c++/v1/__config:15:
/Applications/Xcode.app/Contents/Developer/Platforms/MacOSX.platform/Developer/SDKs/MacOSX.sdk/usr/include/c++/v1/__configuration/availability.h:204:4: warning: "The selected platform is no longer supported by libc++." [-W#warnings]
  204 | #  warning "The selected platform is no longer supported by libc++."
      |    ^
In file included from /Users/cam/Documents/Projects/ultima-iv-web/vlc-thumbs/work/build/vlc-source/extras/package/macosx/../../../modules/demux/adaptive/playlist/SegmentTimeline.cpp:24:
In file included from ../config.h:1000:
In file included from /Users/cam/Documents/Projects/ultima-iv-web/vlc-thumbs/work/build/vlc-source/extras/package/macosx/../../../include/vlc_fixups.h:97:
In file included from /Applications/Xcode.app/Contents/Developer/Platforms/MacOSX.platform/Developer/SDKs/MacOSX.sdk/usr/include/c++/v1/stddef.h:30:
In file included from /Applications/Xcode.app/Contents/Developer/Platforms/MacOSX.platform/Developer/SDKs/MacOSX.sdk/usr/include/c++/v1/__config:15:
/Applications/Xcode.app/Contents/Developer/Platforms/MacOSX.platform/Developer/SDKs/MacOSX.sdk/usr/include/c++/v1/__configuration/availability.h:204:4: warning: "The selected platform is no longer supported by libc++." [-W#warnings]
  204 | #  warning "The selected platform is no longer supported by libc++."
      |    ^
1 warning generated.
  CXX      demux/adaptive/playlist/libvlc_adaptive_la-SegmentInformation.lo
In file included from /Users/cam/Documents/Projects/ultima-iv-web/vlc-thumbs/work/build/vlc-source/extras/package/macosx/../../../modules/demux/adaptive/playlist/SegmentInformation.cpp:21:
In file included from ../config.h:1000:
In file included from /Users/cam/Documents/Projects/ultima-iv-web/vlc-thumbs/work/build/vlc-source/extras/package/macosx/../../../include/vlc_fixups.h:97:
In file included from /Applications/Xcode.app/Contents/Developer/Platforms/MacOSX.platform/Developer/SDKs/MacOSX.sdk/usr/include/c++/v1/stddef.h:30:
In file included from /Applications/Xcode.app/Contents/Developer/Platforms/MacOSX.platform/Developer/SDKs/MacOSX.sdk/usr/include/c++/v1/__config:15:
/Applications/Xcode.app/Contents/Developer/Platforms/MacOSX.platform/Developer/SDKs/MacOSX.sdk/usr/include/c++/v1/__configuration/availability.h:204:4: warning: "The selected platform is no longer supported by libc++." [-W#warnings]
  204 | #  warning "The selected platform is no longer supported by libc++."
      |    ^
1 warning generated.
  CXX      demux/adaptive/playlist/libvlc_adaptive_la-SegmentTemplate.lo
In file included from /Users/cam/Documents/Projects/ultima-iv-web/vlc-thumbs/work/build/vlc-source/extras/package/macosx/../../../modules/demux/adaptive/playlist/SegmentTemplate.cpp:24:
In file included from ../config.h:1000:
In file included from /Users/cam/Documents/Projects/ultima-iv-web/vlc-thumbs/work/build/vlc-source/extras/package/macosx/../../../include/vlc_fixups.h:97:
In file included from /Applications/Xcode.app/Contents/Developer/Platforms/MacOSX.platform/Developer/SDKs/MacOSX.sdk/usr/include/c++/v1/stddef.h:30:
In file included from /Applications/Xcode.app/Contents/Developer/Platforms/MacOSX.platform/Developer/SDKs/MacOSX.sdk/usr/include/c++/v1/__config:15:
/Applications/Xcode.app/Contents/Developer/Platforms/MacOSX.platform/Developer/SDKs/MacOSX.sdk/usr/include/c++/v1/__configuration/availability.h:204:4: warning: "The selected platform is no longer supported by libc++." [-W#warnings]
  204 | #  warning "The selected platform is no longer supported by libc++."
      |    ^
1 warning generated.
  CXX      demux/adaptive/playlist/libvlc_adaptive_la-Url.lo
In file included from /Users/cam/Documents/Projects/ultima-iv-web/vlc-thumbs/work/build/vlc-source/extras/package/macosx/../../../modules/demux/adaptive/playlist/Url.cpp:21:
In file included from ../config.h:1000:
In file included from /Users/cam/Documents/Projects/ultima-iv-web/vlc-thumbs/work/build/vlc-source/extras/package/macosx/../../../include/vlc_fixups.h:97:
In file included from /Applications/Xcode.app/Contents/Developer/Platforms/MacOSX.platform/Developer/SDKs/MacOSX.sdk/usr/include/c++/v1/stddef.h:30:
In file included from /Applications/Xcode.app/Contents/Developer/Platforms/MacOSX.platform/Developer/SDKs/MacOSX.sdk/usr/include/c++/v1/__config:15:
/Applications/Xcode.app/Contents/Developer/Platforms/MacOSX.platform/Developer/SDKs/MacOSX.sdk/usr/include/c++/v1/__configuration/availability.h:204:4: warning: "The selected platform is no longer supported by libc++." [-W#warnings]
  204 | #  warning "The selected platform is no longer supported by libc++."
      |    ^
1 warning generated.
  CXX      demux/adaptive/encryption/libvlc_adaptive_la-CommonEncryption.lo
In file included from /Users/cam/Documents/Projects/ultima-iv-web/vlc-thumbs/work/build/vlc-source/extras/package/macosx/../../../modules/demux/adaptive/encryption/CommonEncryption.cpp:22:
In file included from ../config.h:1000:
In file included from /Users/cam/Documents/Projects/ultima-iv-web/vlc-thumbs/work/build/vlc-source/extras/package/macosx/../../../include/vlc_fixups.h:97:
In file included from /Applications/Xcode.app/Contents/Developer/Platforms/MacOSX.platform/Developer/SDKs/MacOSX.sdk/usr/include/c++/v1/stddef.h:30:
In file included from /Applications/Xcode.app/Contents/Developer/Platforms/MacOSX.platform/Developer/SDKs/MacOSX.sdk/usr/include/c++/v1/__config:15:
/Applications/Xcode.app/Contents/Developer/Platforms/MacOSX.platform/Developer/SDKs/MacOSX.sdk/usr/include/c++/v1/__configuration/availability.h:204:4: warning: "The selected platform is no longer supported by libc++." [-W#warnings]
  204 | #  warning "The selected platform is no longer supported by libc++."
      |    ^
1 warning generated.
  CXX      demux/adaptive/encryption/libvlc_adaptive_la-Keyring.lo
1 warning generated.
  CXX      demux/adaptive/logic/libvlc_adaptive_la-AbstractAdaptationLogic.lo
In file included from /Users/cam/Documents/Projects/ultima-iv-web/vlc-thumbs/work/build/vlc-source/extras/package/macosx/../../../modules/demux/adaptive/encryption/Keyring.cpp:22:
In file included from ../config.h:1000:
In file included from /Users/cam/Documents/Projects/ultima-iv-web/vlc-thumbs/work/build/vlc-source/extras/package/macosx/../../../include/vlc_fixups.h:97:
In file included from /Applications/Xcode.app/Contents/Developer/Platforms/MacOSX.platform/Developer/SDKs/MacOSX.sdk/usr/include/c++/v1/stddef.h:30:
In file included from /Applications/Xcode.app/Contents/Developer/Platforms/MacOSX.platform/Developer/SDKs/MacOSX.sdk/usr/include/c++/v1/__config:15:
/Applications/Xcode.app/Contents/Developer/Platforms/MacOSX.platform/Developer/SDKs/MacOSX.sdk/usr/include/c++/v1/__configuration/availability.h:204:4: warning: "The selected platform is no longer supported by libc++." [-W#warnings]
  204 | #  warning "The selected platform is no longer supported by libc++."
      |    ^
In file included from /Users/cam/Documents/Projects/ultima-iv-web/vlc-thumbs/work/build/vlc-source/extras/package/macosx/../../../modules/demux/adaptive/logic/AbstractAdaptationLogic.cpp:25:
In file included from ../config.h:1000:
In file included from /Users/cam/Documents/Projects/ultima-iv-web/vlc-thumbs/work/build/vlc-source/extras/package/macosx/../../../include/vlc_fixups.h:97:
In file included from /Applications/Xcode.app/Contents/Developer/Platforms/MacOSX.platform/Developer/SDKs/MacOSX.sdk/usr/include/c++/v1/stddef.h:30:
In file included from /Applications/Xcode.app/Contents/Developer/Platforms/MacOSX.platform/Developer/SDKs/MacOSX.sdk/usr/include/c++/v1/__config:15:
/Applications/Xcode.app/Contents/Developer/Platforms/MacOSX.platform/Developer/SDKs/MacOSX.sdk/usr/include/c++/v1/__configuration/availability.h:204:4: warning: "The selected platform is no longer supported by libc++." [-W#warnings]
  204 | #  warning "The selected platform is no longer supported by libc++."
      |    ^
1 warning generated.
  CXX      demux/adaptive/logic/libvlc_adaptive_la-AlwaysBestAdaptationLogic.lo
In file included from /Users/cam/Documents/Projects/ultima-iv-web/vlc-thumbs/work/build/vlc-source/extras/package/macosx/../../../modules/demux/adaptive/logic/AlwaysBestAdaptationLogic.cpp:25:
In file included from ../config.h:1000:
In file included from /Users/cam/Documents/Projects/ultima-iv-web/vlc-thumbs/work/build/vlc-source/extras/package/macosx/../../../include/vlc_fixups.h:97:
In file included from /Applications/Xcode.app/Contents/Developer/Platforms/MacOSX.platform/Developer/SDKs/MacOSX.sdk/usr/include/c++/v1/stddef.h:30:
In file included from /Applications/Xcode.app/Contents/Developer/Platforms/MacOSX.platform/Developer/SDKs/MacOSX.sdk/usr/include/c++/v1/__config:15:
/Applications/Xcode.app/Contents/Developer/Platforms/MacOSX.platform/Developer/SDKs/MacOSX.sdk/usr/include/c++/v1/__configuration/availability.h:204:4: warning: "The selected platform is no longer supported by libc++." [-W#warnings]
  204 | #  warning "The selected platform is no longer supported by libc++."
      |    ^
1 warning generated.
  CXX      demux/adaptive/logic/libvlc_adaptive_la-AlwaysLowestAdaptationLogic.lo
In file included from /Users/cam/Documents/Projects/ultima-iv-web/vlc-thumbs/work/build/vlc-source/extras/package/macosx/../../../modules/demux/adaptive/logic/AlwaysLowestAdaptationLogic.cpp:21:
In file included from ../config.h:1000:
In file included from /Users/cam/Documents/Projects/ultima-iv-web/vlc-thumbs/work/build/vlc-source/extras/package/macosx/../../../include/vlc_fixups.h:97:
In file included from /Applications/Xcode.app/Contents/Developer/Platforms/MacOSX.platform/Developer/SDKs/MacOSX.sdk/usr/include/c++/v1/stddef.h:30:
In file included from /Applications/Xcode.app/Contents/Developer/Platforms/MacOSX.platform/Developer/SDKs/MacOSX.sdk/usr/include/c++/v1/__config:15:
/Applications/Xcode.app/Contents/Developer/Platforms/MacOSX.platform/Developer/SDKs/MacOSX.sdk/usr/include/c++/v1/__configuration/availability.h:204:4: warning: "The selected platform is no longer supported by libc++." [-W#warnings]
  204 | #  warning "The selected platform is no longer supported by libc++."
      |    ^
1 warning generated.
  CXX      demux/adaptive/logic/libvlc_adaptive_la-BufferingLogic.lo
In file included from /Users/cam/Documents/Projects/ultima-iv-web/vlc-thumbs/work/build/vlc-source/extras/package/macosx/../../../modules/demux/adaptive/logic/BufferingLogic.cpp:21:
In file included from ../config.h:1000:
In file included from /Users/cam/Documents/Projects/ultima-iv-web/vlc-thumbs/work/build/vlc-source/extras/package/macosx/../../../include/vlc_fixups.h:97:
In file included from /Applications/Xcode.app/Contents/Developer/Platforms/MacOSX.platform/Developer/SDKs/MacOSX.sdk/usr/include/c++/v1/stddef.h:30:
In file included from /Applications/Xcode.app/Contents/Developer/Platforms/MacOSX.platform/Developer/SDKs/MacOSX.sdk/usr/include/c++/v1/__config:15:
/Applications/Xcode.app/Contents/Developer/Platforms/MacOSX.platform/Developer/SDKs/MacOSX.sdk/usr/include/c++/v1/__configuration/availability.h:204:4: warning: "The selected platform is no longer supported by libc++." [-W#warnings]
  204 | #  warning "The selected platform is no longer supported by libc++."
      |    ^
1 warning generated.
  CXX      demux/adaptive/logic/libvlc_adaptive_la-NearOptimalAdaptationLogic.lo
In file included from /Users/cam/Documents/Projects/ultima-iv-web/vlc-thumbs/work/build/vlc-source/extras/package/macosx/../../../modules/demux/adaptive/logic/NearOptimalAdaptationLogic.cpp:21:
In file included from ../config.h:1000:
In file included from /Users/cam/Documents/Projects/ultima-iv-web/vlc-thumbs/work/build/vlc-source/extras/package/macosx/../../../include/vlc_fixups.h:97:
In file included from /Applications/Xcode.app/Contents/Developer/Platforms/MacOSX.platform/Developer/SDKs/MacOSX.sdk/usr/include/c++/v1/stddef.h:30:
In file included from /Applications/Xcode.app/Contents/Developer/Platforms/MacOSX.platform/Developer/SDKs/MacOSX.sdk/usr/include/c++/v1/__config:15:
/Applications/Xcode.app/Contents/Developer/Platforms/MacOSX.platform/Developer/SDKs/MacOSX.sdk/usr/include/c++/v1/__configuration/availability.h:204:4: warning: "The selected platform is no longer supported by libc++." [-W#warnings]
  204 | #  warning "The selected platform is no longer supported by libc++."
      |    ^
1 warning generated.
  CXX      demux/adaptive/logic/libvlc_adaptive_la-PredictiveAdaptationLogic.lo
In file included from /Users/cam/Documents/Projects/ultima-iv-web/vlc-thumbs/work/build/vlc-source/extras/package/macosx/../../../modules/demux/adaptive/logic/PredictiveAdaptationLogic.cpp:21:
In file included from ../config.h:1000:
In file included from /Users/cam/Documents/Projects/ultima-iv-web/vlc-thumbs/work/build/vlc-source/extras/package/macosx/../../../include/vlc_fixups.h:97:
In file included from /Applications/Xcode.app/Contents/Developer/Platforms/MacOSX.platform/Developer/SDKs/MacOSX.sdk/usr/include/c++/v1/stddef.h:30:
In file included from /Applications/Xcode.app/Contents/Developer/Platforms/MacOSX.platform/Developer/SDKs/MacOSX.sdk/usr/include/c++/v1/__config:15:
/Applications/Xcode.app/Contents/Developer/Platforms/MacOSX.platform/Developer/SDKs/MacOSX.sdk/usr/include/c++/v1/__configuration/availability.h:204:4: warning: "The selected platform is no longer supported by libc++." [-W#warnings]
  204 | #  warning "The selected platform is no longer supported by libc++."
      |    ^
1 warning generated.
  CXX      demux/adaptive/logic/libvlc_adaptive_la-RateBasedAdaptationLogic.lo
In file included from /Users/cam/Documents/Projects/ultima-iv-web/vlc-thumbs/work/build/vlc-source/extras/package/macosx/../../../modules/demux/adaptive/logic/RateBasedAdaptationLogic.cpp:25:
In file included from ../config.h:1000:
In file included from /Users/cam/Documents/Projects/ultima-iv-web/vlc-thumbs/work/build/vlc-source/extras/package/macosx/../../../include/vlc_fixups.h:97:
In file included from /Applications/Xcode.app/Contents/Developer/Platforms/MacOSX.platform/Developer/SDKs/MacOSX.sdk/usr/include/c++/v1/stddef.h:30:
In file included from /Applications/Xcode.app/Contents/Developer/Platforms/MacOSX.platform/Developer/SDKs/MacOSX.sdk/usr/include/c++/v1/__config:15:
/Applications/Xcode.app/Contents/Developer/Platforms/MacOSX.platform/Developer/SDKs/MacOSX.sdk/usr/include/c++/v1/__configuration/availability.h:204:4: warning: "The selected platform is no longer supported by libc++." [-W#warnings]
  204 | #  warning "The selected platform is no longer supported by libc++."
      |    ^
1 warning generated.
  CXX      demux/adaptive/logic/libvlc_adaptive_la-Representationselectors.lo
In file included from /Users/cam/Documents/Projects/ultima-iv-web/vlc-thumbs/work/build/vlc-source/extras/package/macosx/../../../modules/demux/adaptive/logic/Representationselectors.cpp:21:
In file included from ../config.h:1000:
In file included from /Users/cam/Documents/Projects/ultima-iv-web/vlc-thumbs/work/build/vlc-source/extras/package/macosx/../../../include/vlc_fixups.h:97:
In file included from /Applications/Xcode.app/Contents/Developer/Platforms/MacOSX.platform/Developer/SDKs/MacOSX.sdk/usr/include/c++/v1/stddef.h:30:
In file included from /Applications/Xcode.app/Contents/Developer/Platforms/MacOSX.platform/Developer/SDKs/MacOSX.sdk/usr/include/c++/v1/__config:15:
/Applications/Xcode.app/Contents/Developer/Platforms/MacOSX.platform/Developer/SDKs/MacOSX.sdk/usr/include/c++/v1/__configuration/availability.h:204:4: warning: "The selected platform is no longer supported by libc++." [-W#warnings]
  204 | #  warning "The selected platform is no longer supported by libc++."
      |    ^
In file included from /Users/cam/Documents/Projects/ultima-iv-web/vlc-thumbs/work/build/vlc-source/extras/package/macosx/../../../modules/demux/adaptive/logic/NearOptimalAdaptationLogic.cpp:24:
/Users/cam/Documents/Projects/ultima-iv-web/vlc-thumbs/work/build/vlc-source/extras/package/macosx/../../../modules/demux/adaptive/logic/NearOptimalAdaptationLogic.hpp:70:45: warning: private field 'p_obj' is not used [-Wunused-private-field]
   70 |                 vlc_object_t *              p_obj;
      |                                             ^
2 warnings generated.
1 warning generated.
  CXX      demux/adaptive/mp4/libvlc_adaptive_la-AtomsReader.lo
  CXX      demux/adaptive/http/libvlc_adaptive_la-AuthStorage.lo
1 warning generated.
  CXX      demux/adaptive/http/libvlc_adaptive_la-BytesRange.lo
In file included from /Users/cam/Documents/Projects/ultima-iv-web/vlc-thumbs/work/build/vlc-source/extras/package/macosx/../../../modules/demux/adaptive/mp4/AtomsReader.cpp:21:
In file included from ../config.h:1000:
In file included from /Users/cam/Documents/Projects/ultima-iv-web/vlc-thumbs/work/build/vlc-source/extras/package/macosx/../../../include/vlc_fixups.h:97:
In file included from /Applications/Xcode.app/Contents/Developer/Platforms/MacOSX.platform/Developer/SDKs/MacOSX.sdk/usr/include/c++/v1/stddef.h:30:
In file included from /Applications/Xcode.app/Contents/Developer/Platforms/MacOSX.platform/Developer/SDKs/MacOSX.sdk/usr/include/c++/v1/__config:15:
/Applications/Xcode.app/Contents/Developer/Platforms/MacOSX.platform/Developer/SDKs/MacOSX.sdk/usr/include/c++/v1/__configuration/availability.h:204:4: warning: "The selected platform is no longer supported by libc++." [-W#warnings]
  204 | #  In file included from /Users/cam/Documents/Projects/ultima-iv-web/vlc-thumbs/work/build/vlc-source/extras/package/macosx/../../../modules/demux/adaptive/http/AuthStorage.cpp:21:
In file included from ../config.h:1000:
In file included from /Users/cam/Documents/Projects/ultima-iv-web/vlc-thumbs/work/build/vlc-source/extras/package/macosx/../../../include/vlc_fixups.h:97:
In file included from /Applications/Xcode.app/Contents/Developer/Platforms/MacOSX.platform/Developer/SDKs/MacOSX.sdk/usr/include/c++/v1/stddef.h:warning30:
In file included from /Applications/Xcode.app/Contents/Developer/Platforms/MacOSX.platform/Developer/SDKs/MacOSX.sdk/usr/include/c++/v1/__config:15:
/Applications/Xcode.app/Contents/Developer/Platforms/MacOSX.platform/Developer/SDKs/MacOSX.sdk/usr/include/c++/v1/__configuration/availability.h: "The s204:4: warning: "The selected platform is no longer supported by libc++." [-W#warnings]
elec  204 | #  warnited platform is nong "The s longer suelected platform ispported by libc++."
      |    ^
 no longer supported by libc++."
      |    ^
In file included from /Users/cam/Documents/Projects/ultima-iv-web/vlc-thumbs/work/build/vlc-source/extras/package/macosx/../../../modules/demux/adaptive/http/BytesRange.cpp:22:
In file included from ../config.h:1000:
In file included from /Users/cam/Documents/Projects/ultima-iv-web/vlc-thumbs/work/build/vlc-source/extras/package/macosx/../../../include/vlc_fixups.h:97:
In file included from /Applications/Xcode.app/Contents/Developer/Platforms/MacOSX.platform/Developer/SDKs/MacOSX.sdk/usr/include/c++/v1/stddef.h:30:
In file included from /Applications/Xcode.app/Contents/Developer/Platforms/MacOSX.platform/Developer/SDKs/MacOSX.sdk/usr/include/c++/v1/__config:15:
/Applications/Xcode.app/Contents/Developer/Platforms/MacOSX.platform/Developer/SDKs/MacOSX.sdk/usr/include/c++/v1/__configuration/availability.h:204:4: warning: "The selected platform is no longer supported by libc++." [-W#warnings]
  204 | #  warning "The selected platform is no longer supported by libc++."
      |    ^
1 warning generated.
1 warning generated.
1 warning generated.
  CXX      demux/adaptive/http/libvlc_adaptive_la-Chunk.lo
  CXX      demux/adaptive/http/libvlc_adaptive_la-ConnectionParams.lo
  CXX      demux/adaptive/http/libvlc_adaptive_la-Downloader.lo
In file included from /Users/cam/Documents/Projects/ultima-iv-web/vlc-thumbs/work/build/vlc-source/extras/package/macosx/../../../modules/demux/adaptive/http/Chunk.cpp:25:
In file included from ../config.h:1000:
In file included from /Users/cam/Documents/Projects/ultima-iv-web/vlc-thumbs/work/build/vlc-source/extras/package/macosx/../../../include/vlc_fixups.h:97:
In file included from /Applications/Xcode.app/Contents/Developer/Platforms/MacOSX.platform/Developer/SDKs/MacOSX.sdk/usr/include/c++/v1/stddef.h:30:
In file included from /Applications/Xcode.app/Contents/Developer/Platforms/MacOSX.platform/Developer/SDKs/MacOSX.sdk/usr/include/c++/v1/__config:15:
/Applications/Xcode.app/Contents/Developer/Platforms/MacOSX.platform/Developer/SDKs/MacOSX.sdk/usr/include/c++/v1/__configuration/availability.h:204:4:In file included from /Users/cam/Documents/Projects/ultima-iv-web/vlc-thumbs/work/build/vlc-source/extras/package/macosx/../../../modules/demux/adaptive/http/Downloader.cpp:21:
In file included from ../config.h:1000In file included from :
/Users/cam/Documents/Projects/ultima-iv-web/vlc-thumbs/work/build/vlc-source/extras/package/macosx/../../../modules/demux/adaptive/http/ConnectionParams.cppIn file included from :/Users/cam/Documents/Projects/ultima-iv-web/vlc-thumbs/work/build/vlc-source/extras/package/macosx/../../../include/vlc_fixups.h21::
97:
In file included from In file included from ../config.h:1000:
In file included from /Applications/Xcode.app/Contents/Developer/Platforms/MacOSX.platform/Developer/SDKs/MacOSX.sdk/usr/include/c++/v1/stddef.h:/Users/cam/Documents/Projects/ultima-iv-web/vlc-thumbs/work/build/vlc-source/extras/package/macosx/../../../include/vlc_fixups.h :97warning: "The selected platform is no longer supported by libc++." [-W#warnings]
:
In file included from   204 | /Applications/Xcode.app/Contents/Developer/Platforms/MacOSX.platform/Developer/SDKs/MacOSX.sdk/usr/include/c++/v1/stddef.h:30#  warn30:
In file included from :
In file included from /Applications/Xcode.app/Contents/Developer/Platforms/MacOSX.platform/Developer/SDKs/MacOSX.sdk/usr/include/c++/v1/__config:15:
ing "/Applications/Xcode.app/Contents/Developer/Platforms/MacOSX.platform/Developer/SDKs/MacOSX.sdk/usr/include/c++/v1/__config:15:
/Applications/Xcode.app/Contents/Developer/Platforms/MacOSX.platform/Developer/SDKs/MacOSX.sdk/usr/include/c++/v1/__configuration/availability.h:204:T/Applications/Xcode.app/Contents/Developer/Platforms/MacOSX.platform/Developer/SDKs/MacOSX.sdk/usr/include/c++/v1/__configuration/availability.h:204:4: warning: "The selected platform is no longer supported by libc++." [-W#warnings]
4  204 | he sel#  warniected platform ng "Theis no lo sele: warning: cted plange"The selected platform is no longer supported by libc++." [-W#warnings]
r supporte  204d by ltform ib | #  is nowarc++."
       loni|    ^ngng
 "er supported by libc++."
      |    ^
The selected platform is no longer supported by libc++."
      |    ^
1 warning generated.
  CXX      demux/adaptive/http/libvlc_adaptive_la-HTTPConnection.lo
In file included from /Users/cam/Documents/Projects/ultima-iv-web/vlc-thumbs/work/build/vlc-source/extras/package/macosx/../../../modules/demux/adaptive/http/HTTPConnection.cpp:21:
In file included from ../config.h:1000:
In file included from /Users/cam/Documents/Projects/ultima-iv-web/vlc-thumbs/work/build/vlc-source/extras/package/macosx/../../../include/vlc_fixups.h:97:
In file included from /Applications/Xcode.app/Contents/Developer/Platforms/MacOSX.platform/Developer/SDKs/MacOSX.sdk/usr/include/c++/v1/stddef.h:30:
In file included from /Applications/Xcode.app/Contents/Developer/Platforms/MacOSX.platform/Developer/SDKs/MacOSX.sdk/usr/include/c++/v1/__config:15:
/Applications/Xcode.app/Contents/Developer/Platforms/MacOSX.platform/Developer/SDKs/MacOSX.sdk/usr/include/c++/v1/__configuration/availability.h:204:4: warning: "The selected platform is no longer supported by libc++." [-W#warnings]
  204 | #  warning "The selected platform is no longer supported by libc++."
      |    ^
1 warning generated.
  CXX      demux/adaptive/http/libvlc_adaptive_la-HTTPConnectionManager.lo
In file included from /Users/cam/Documents/Projects/ultima-iv-web/vlc-thumbs/work/build/vlc-source/extras/package/macosx/../../../modules/demux/adaptive/http/HTTPConnectionManager.cpp:25:
In file included from ../config.h:1000:
In file included from /Users/cam/Documents/Projects/ultima-iv-web/vlc-thumbs/work/build/vlc-source/extras/package/macosx/../../../include/vlc_fixups.h:97:
In file included from /Applications/Xcode.app/Contents/Developer/Platforms/MacOSX.platform/Developer/SDKs/MacOSX.sdk/usr/include/c++/v1/stddef.h:30:
In file included from /Applications/Xcode.app/Contents/Developer/Platforms/MacOSX.platform/Developer/SDKs/MacOSX.sdk/usr/include/c++/v1/__config:15:
/Applications/Xcode.app/Contents/Developer/Platforms/MacOSX.platform/Developer/SDKs/MacOSX.sdk/usr/include/c++/v1/__configuration/availability.h:204:4: warning: "The selected platform is no longer supported by libc++." [-W#warnings]
  204 | #  warning "The selected platform is no longer supported by libc++."
      |    ^
1 warning generated.
1 warning generated.
  CXX      demux/adaptive/plumbing/libvlc_adaptive_la-CommandsQueue.lo
  CXX      demux/adaptive/plumbing/libvlc_adaptive_la-Demuxer.lo
In file included from /Users/cam/Documents/Projects/ultima-iv-web/vlc-thumbs/work/build/vlc-source/extras/package/macosx/../../../modules/demux/adaptive/plumbing/CommandsQueue.cpp:21:
In file included from ../config.h:1000:
In file included from /Users/cam/Documents/Projects/ultima-iv-web/vlc-thumbs/work/build/vlc-source/extras/package/macosx/../../../include/vlc_fixups.h:97:
In file included from /Applications/Xcode.app/Contents/Developer/Platforms/MacOSX.platform/Developer/SDKs/MacOSX.sdk/usr/include/c++/v1/stddef.h:30:
In file included from /Applications/Xcode.app/Contents/Developer/Platforms/MacOSX.platform/Developer/SDKs/MacOSX.sdk/usr/include/c++/v1/__config:15:
/Applications/Xcode.app/Contents/Developer/Platforms/MacOSX.platform/Developer/SDKs/MacOSX.sdk/usr/include/c++/v1/__configuration/availability.h:204:4: warning: "The selected platform is no longer supported by libc++." [-W#warnings]
  204 | #  warning "The selected platform is no longer supported by libc++."
      |    ^
In file included from /Users/cam/Documents/Projects/ultima-iv-web/vlc-thumbs/work/build/vlc-source/extras/package/macosx/../../../modules/demux/adaptive/plumbing/Demuxer.cpp:22:
In file included from ../config.h:1000:
In file included from /Users/cam/Documents/Projects/ultima-iv-web/vlc-thumbs/work/build/vlc-source/extras/package/macosx/../../../include/vlc_fixups.h:97:
In file included from /Applications/Xcode.app/Contents/Developer/Platforms/MacOSX.platform/Developer/SDKs/MacOSX.sdk/usr/include/c++/v1/stddef.h:30:
In file included from /Applications/Xcode.app/Contents/Developer/Platforms/MacOSX.platform/Developer/SDKs/MacOSX.sdk/usr/include/c++/v1/__config:15:
/Applications/Xcode.app/Contents/Developer/Platforms/MacOSX.platform/Developer/SDKs/MacOSX.sdk/usr/include/c++/v1/__configuration/availability.h:204:4: warning: "The selected platform is no longer supported by libc++." [-W#warnings]
  204 | #  warning "The selected platform is no longer supported by libc++."
      |    ^
1 warning generated.
  CXX      demux/adaptive/plumbing/libvlc_adaptive_la-FakeESOut.lo
In file included from /Users/cam/Documents/Projects/ultima-iv-web/vlc-thumbs/work/build/vlc-source/extras/package/macosx/../../../modules/demux/adaptive/plumbing/FakeESOut.cpp:22:
In file included from ../config.h:1000:
In file included from /Users/cam/Documents/Projects/ultima-iv-web/vlc-thumbs/work/build/vlc-source/extras/package/macosx/../../../include/vlc_fixups.h:97:
In file included from /Applications/Xcode.app/Contents/Developer/Platforms/MacOSX.platform/Developer/SDKs/MacOSX.sdk/usr/include/c++/v1/stddef.h:30:
In file included from /Applications/Xcode.app/Contents/Developer/Platforms/MacOSX.platform/Developer/SDKs/MacOSX.sdk/usr/include/c++/v1/__config:15:
/Applications/Xcode.app/Contents/Developer/Platforms/MacOSX.platform/Developer/SDKs/MacOSX.sdk/usr/include/c++/v1/__configuration/availability.h:204:4: warning: "The selected platform is no longer supported by libc++." [-W#warnings]
  204 | #  warning "The selected platform is no longer supported by libc++."
      |    ^
1 warning generated.
  CXX      demux/adaptive/plumbing/libvlc_adaptive_la-FakeESOutID.lo
1 warning generated.
  CXX      demux/adaptive/plumbing/libvlc_adaptive_la-SourceStream.lo
In file included from /Users/cam/Documents/Projects/ultima-iv-web/vlc-thumbs/work/build/vlc-source/extras/package/macosx/../../../modules/demux/adaptive/plumbing/FakeESOutID.cpp:22:
In file included from ../config.h:1000:
In file included from /Users/cam/Documents/Projects/ultima-iv-web/vlc-thumbs/work/build/vlc-source/extras/package/macosx/../../../include/vlc_fixups.h:97:
In file included from /Applications/Xcode.app/Contents/Developer/Platforms/MacOSX.platform/Developer/SDKs/MacOSX.sdk/usr/include/c++/v1/stddef.h:30:
In file included from /Applications/Xcode.app/Contents/Developer/Platforms/MacOSX.platform/Developer/SDKs/MacOSX.sdk/usr/include/c++/v1/__config:15:
/Applications/Xcode.app/Contents/Developer/Platforms/MacOSX.platform/Developer/SDKs/MacOSX.sdk/usr/include/c++/v1/__configuration/availability.h:204:4: warning: "The selected platform is no longer supported by libc++." [-W#warnings]
  204 | #  warning "The selected platform is no longer supported by libc++."
      |    ^
In file included from /Users/cam/Documents/Projects/ultima-iv-web/vlc-thumbs/work/build/vlc-source/extras/package/macosx/../../../modules/demux/adaptive/plumbing/SourceStream.cpp:22:
In file included from ../config.h:1000:
In file included from /Users/cam/Documents/Projects/ultima-iv-web/vlc-thumbs/work/build/vlc-source/extras/package/macosx/../../../include/vlc_fixups.h:97:
In file included from /Applications/Xcode.app/Contents/Developer/Platforms/MacOSX.platform/Developer/SDKs/MacOSX.sdk/usr/include/c++/v1/stddef.h:30:
In file included from /Applications/Xcode.app/Contents/Developer/Platforms/MacOSX.platform/Developer/SDKs/MacOSX.sdk/usr/include/c++/v1/__config:15:
/Applications/Xcode.app/Contents/Developer/Platforms/MacOSX.platform/Developer/SDKs/MacOSX.sdk/usr/include/c++/v1/__configuration/availability.h:204:4: warning: "The selected platform is no longer supported by libc++." [-W#warnings]
  204 | #  warning "The selected platform is no longer supported by libc++."
      |    ^
1 warning generated.
  CXX      demux/adaptive/tools/libvlc_adaptive_la-Conversions.lo
1 warning generated.
In file included from /Users/cam/Documents/Projects/ultima-iv-web/vlc-thumbs/work/build/vlc-source/extras/package/macosx/../../../modules/demux/adaptive/tools/Conversions.cpp:22:
In file included from ../config.h:1000:
In file included from /Users/cam/Documents/Projects/ultima-iv-web/vlc-thumbs/work/build/vlc-source/extras/package/macosx/../../../include/vlc_fixups.h:97:
In file included from /Applications/Xcode.app/Contents/Developer/Platforms/MacOSX.platform/Developer/SDKs/MacOSX.sdk/usr/include/c++/v1/stddef.h:30:
In file included from /Applications/Xcode.app/Contents/Developer/Platforms/MacOSX.platform/Developer/SDKs/MacOSX.sdk/usr/include/c++/v1/__config:15:
/Applications/Xcode.app/Contents/Developer/Platforms/MacOSX.platform/Developer/SDKs/MacOSX.sdk/usr/include/c++/v1/__configuration/availability.h:204:4: warning: "The selected platform is no longer supported by libc++." [-W#warnings]
  204 | #  warning "The selected platform is no longer supported by libc++."
      |    ^
  CXX      demux/adaptive/tools/libvlc_adaptive_la-FormatNamespace.lo
In file included from /Users/cam/Documents/Projects/ultima-iv-web/vlc-thumbs/work/build/vlc-source/extras/package/macosx/../../../modules/demux/adaptive/tools/FormatNamespace.cpp:21:
In file included from ../config.h:1000:
In file included from /Users/cam/Documents/Projects/ultima-iv-web/vlc-thumbs/work/build/vlc-source/extras/package/macosx/../../../include/vlc_fixups.h:97:
In file included from /Applications/Xcode.app/Contents/Developer/Platforms/MacOSX.platform/Developer/SDKs/MacOSX.sdk/usr/include/c++/v1/stddef.h:30:
In file included from /Applications/Xcode.app/Contents/Developer/Platforms/MacOSX.platform/Developer/SDKs/MacOSX.sdk/usr/include/c++/v1/__config:15:
/Applications/Xcode.app/Contents/Developer/Platforms/MacOSX.platform/Developer/SDKs/MacOSX.sdk/usr/include/c++/v1/__configuration/availability.h:204:4: warning: "The selected platform is no longer supported by libc++." [-W#warnings]
  204 | #  warning "The selected platform is no longer supported by libc++."
      |    ^
1 warning generated.
  CXX      demux/adaptive/tools/libvlc_adaptive_la-Helper.lo
1 warning generated.
  CXX      demux/adaptive/tools/libvlc_adaptive_la-Retrieve.lo
In file included from /Users/cam/Documents/Projects/ultima-iv-web/vlc-thumbs/work/build/vlc-source/extras/package/macosx/../../../modules/demux/adaptive/tools/Helper.cpp:25:
In file included from ../config.h:1000:
In file included from /Users/cam/Documents/Projects/ultima-iv-web/vlc-thumbs/work/build/vlc-source/extras/package/macosx/../../../include/vlc_fixups.h:97:
In file included from /Applications/Xcode.app/Contents/Developer/Platforms/MacOSX.platform/Developer/SDKs/MacOSX.sdk/usr/include/c++/v1/stddef.h:30:
In file included from /Applications/Xcode.app/Contents/Developer/Platforms/MacOSX.platform/Developer/SDKs/MacOSX.sdk/usr/include/c++/v1/__config:15:
/Applications/Xcode.app/Contents/Developer/Platforms/MacOSX.platform/Developer/SDKs/MacOSX.sdk/usr/include/c++/v1/__configuration/availability.h:204:4: warning: "The selected platform is no longer supported by libc++." [-W#warnings]
  204 | #  warning "The selected platform is no longer supported by libc++."
      |    ^
In file included from /Users/cam/Documents/Projects/ultima-iv-web/vlc-thumbs/work/build/vlc-source/extras/package/macosx/../../../modules/demux/adaptive/tools/Retrieve.cpp:22:
In file included from ../config.h:1000:
In file included from /Users/cam/Documents/Projects/ultima-iv-web/vlc-thumbs/work/build/vlc-source/extras/package/macosx/../../../include/vlc_fixups.h:97:
In file included from /Applications/Xcode.app/Contents/Developer/Platforms/MacOSX.platform/Developer/SDKs/MacOSX.sdk/usr/include/c++/v1/stddef.h:30:
In file included from /Applications/Xcode.app/Contents/Developer/Platforms/MacOSX.platform/Developer/SDKs/MacOSX.sdk/usr/include/c++/v1/__config:15:
/Applications/Xcode.app/Contents/Developer/Platforms/MacOSX.platform/Developer/SDKs/MacOSX.sdk/usr/include/c++/v1/__configuration/availability.h:204:4: warning: "The selected platform is no longer supported by libc++." [-W#warnings]
  204 | #  warning "The selected platform is no longer supported by libc++."
      |    ^
In file included from /Users/cam/Documents/Projects/ultima-iv-web/vlc-thumbs/work/build/vlc-source/extras/package/macosx/../../../modules/demux/adaptive/tools/FormatNamespace.cpp:25:
/Users/cam/Documents/Projects/ultima-iv-web/vlc-thumbs/work/build/vlc-source/extras/package/macosx/../../../modules/demux/adaptive/tools/../../mp4/mpeg4.h:30:52: warning: unused parameter 'pi_profile' [-Wunused-parameter]
   30 |                                               int *pi_profile)
      |                                                    ^
1 warning generated.
  CXX      demux/adaptive/xml/libvlc_adaptive_la-DOMHelper.lo
2 warnings generated.
  CXX      demux/adaptive/xml/libvlc_adaptive_la-DOMParser.lo
In file included from /Users/cam/Documents/Projects/ultima-iv-web/vlc-thumbs/work/build/vlc-source/extras/package/macosx/../../../modules/demux/adaptive/xml/DOMHelper.cpp:25:
In file included from ../config.h:1000:
In file included from /Users/cam/Documents/Projects/ultima-iv-web/vlc-thumbs/work/build/vlc-source/extras/package/macosx/../../../include/vlc_fixups.h:97:
In file included from /Applications/Xcode.app/Contents/Developer/Platforms/MacOSX.platform/Developer/SDKs/MacOSX.sdk/usr/include/c++/v1/stddef.h:30:
In file included from /Applications/Xcode.app/Contents/Developer/Platforms/MacOSX.platform/Developer/SDKs/MacOSX.sdk/usr/include/c++/v1/__config:15:
/Applications/Xcode.app/Contents/Developer/Platforms/MacOSX.platform/Developer/SDKs/MacOSX.sdk/usr/include/c++/v1/__configuration/availability.h:204:4: warning: "The selected platform is no longer supported by libc++." [-W#warnings]
  204 | #  warning "The selected platform is no longer supported by libc++."
      |    ^
In file included from /Users/cam/Documents/Projects/ultima-iv-web/vlc-thumbs/work/build/vlc-source/extras/package/macosx/../../../modules/demux/adaptive/xml/DOMParser.cpp:25:
In file included from ../config.h:1000:
In file included from /Users/cam/Documents/Projects/ultima-iv-web/vlc-thumbs/work/build/vlc-source/extras/package/macosx/../../../include/vlc_fixups.h:97:
In file included from /Applications/Xcode.app/Contents/Developer/Platforms/MacOSX.platform/Developer/SDKs/MacOSX.sdk/usr/include/c++/v1/stddef.h:30:
In file included from /Applications/Xcode.app/Contents/Developer/Platforms/MacOSX.platform/Developer/SDKs/MacOSX.sdk/usr/include/c++/v1/__config:15:
/Applications/Xcode.app/Contents/Developer/Platforms/MacOSX.platform/Developer/SDKs/MacOSX.sdk/usr/include/c++/v1/__configuration/availability.h:204:4: warning: "The selected platform is no longer supported by libc++." [-W#warnings]
  204 | #  warning "The selected platform is no longer supported by libc++."
      |    ^
1 warning generated.
  CXX      demux/adaptive/xml/libvlc_adaptive_la-Node.lo
In file included from /Users/cam/Documents/Projects/ultima-iv-web/vlc-thumbs/work/build/vlc-source/extras/package/macosx/../../../modules/demux/adaptive/xml/Node.cpp:25:
In file included from ../config.h:1000:
In file included from /Users/cam/Documents/Projects/ultima-iv-web/vlc-thumbs/work/build/vlc-source/extras/package/macosx/../../../include/vlc_fixups.h:97:
In file included from /Applications/Xcode.app/Contents/Developer/Platforms/MacOSX.platform/Developer/SDKs/MacOSX.sdk/usr/include/c++/v1/stddef.h:30:
In file included from /Applications/Xcode.app/Contents/Developer/Platforms/MacOSX.platform/Developer/SDKs/MacOSX.sdk/usr/include/c++/v1/__config:15:
/Applications/Xcode.app/Contents/Developer/Platforms/MacOSX.platform/Developer/SDKs/MacOSX.sdk/usr/include/c++/v1/__configuration/availability.h:204:4: warning: "The selected platform is no longer supported by libc++." [-W#warnings]
  204 | #  warning "The selected platform is no longer supported by libc++."
      |    ^
1 warning generated.
  CXX      demux/dash/mpd/libvlc_adaptive_la-AdaptationSet.lo
In file included from /Users/cam/Documents/Projects/ultima-iv-web/vlc-thumbs/work/build/vlc-source/extras/package/macosx/../../../modules/demux/dash/mpd/AdaptationSet.cpp:25:
In file included from ../config.h:1000:
In file included from /Users/cam/Documents/Projects/ultima-iv-web/vlc-thumbs/work/build/vlc-source/extras/package/macosx/../../../include/vlc_fixups.h:97:
In file included from /Applications/Xcode.app/Contents/Developer/Platforms/MacOSX.platform/Developer/SDKs/MacOSX.sdk/usr/include/c++/v1/stddef.h:30:
In file included from /Applications/Xcode.app/Contents/Developer/Platforms/MacOSX.platform/Developer/SDKs/MacOSX.sdk/usr/include/c++/v1/__config:15:
/Applications/Xcode.app/Contents/Developer/Platforms/MacOSX.platform/Developer/SDKs/MacOSX.sdk/usr/include/c++/v1/__configuration/availability.h:204:4: warning: "The selected platform is no longer supported by libc++." [-W#warnings]
  204 | #  warning "The selected platform is no longer supported by libc++."
      |    ^
1 warning generated.
  CXX      demux/dash/mpd/libvlc_adaptive_la-DASHCommonAttributesElements.lo
In file included from /Users/cam/Documents/Projects/ultima-iv-web/vlc-thumbs/work/build/vlc-source/extras/package/macosx/../../../modules/demux/dash/mpd/DASHCommonAttributesElements.cpp:25:
In file included from ../config.h:1000:
In file included from /Users/cam/Documents/Projects/ultima-iv-web/vlc-thumbs/work/build/vlc-source/extras/package/macosx/../../../include/vlc_fixups.h:97:
In file included from /Applications/Xcode.app/Contents/Developer/Platforms/MacOSX.platform/Developer/SDKs/MacOSX.sdk/usr/include/c++/v1/stddef.h:30:
In file included from /Applications/Xcode.app/Contents/Developer/Platforms/MacOSX.platform/Developer/SDKs/MacOSX.sdk/usr/include/c++/v1/__config:15:
/Applications/Xcode.app/Contents/Developer/Platforms/MacOSX.platform/Developer/SDKs/MacOSX.sdk/usr/include/c++/v1/__configuration/availability.h:204:4: warning: "The selected platform is no longer supported by libc++." [-W#warnings]
  204 | #  warning "The selected platform is no longer supported by libc++."
      |    ^
1 warning generated.
  CXX      demux/dash/mpd/libvlc_adaptive_la-DASHSegment.lo
In file included from /Users/cam/Documents/Projects/ultima-iv-web/vlc-thumbs/work/build/vlc-source/extras/package/macosx/../../../modules/demux/dash/mpd/DASHSegment.cpp:26:
In file included from ../config.h:1000:
In file included from /Users/cam/Documents/Projects/ultima-iv-web/vlc-thumbs/work/build/vlc-source/extras/package/macosx/../../../include/vlc_fixups.h:97:
In file included from /Applications/Xcode.app/Contents/Developer/Platforms/MacOSX.platform/Developer/SDKs/MacOSX.sdk/usr/include/c++/v1/stddef.h:30:
In file included from /Applications/Xcode.app/Contents/Developer/Platforms/MacOSX.platform/Developer/SDKs/MacOSX.sdk/usr/include/c++/v1/__config:15:
/Applications/Xcode.app/Contents/Developer/Platforms/MacOSX.platform/Developer/SDKs/MacOSX.sdk/usr/include/c++/v1/__configuration/availability.h:204:4: warning: "The selected platform is no longer supported by libc++." [-W#warnings]
  204 | #  warning "The selected platform is no longer supported by libc++."
      |    ^
1 warning generated.
  CXX      demux/dash/mpd/libvlc_adaptive_la-ContentDescription.lo
In file included from /Users/cam/Documents/Projects/ultima-iv-web/vlc-thumbs/work/build/vlc-source/extras/package/macosx/../../../modules/demux/dash/mpd/ContentDescription.cpp:25:
In file included from ../config.h:1000:
In file included from /Users/cam/Documents/Projects/ultima-iv-web/vlc-thumbs/work/build/vlc-source/extras/package/macosx/../../../include/vlc_fixups.h:97:
In file included from /Applications/Xcode.app/Contents/Developer/Platforms/MacOSX.platform/Developer/SDKs/MacOSX.sdk/usr/include/c++/v1/stddef.h:30:
In file included from /Applications/Xcode.app/Contents/Developer/Platforms/MacOSX.platform/Developer/SDKs/MacOSX.sdk/usr/include/c++/v1/__config:15:
/Applications/Xcode.app/Contents/Developer/Platforms/MacOSX.platform/Developer/SDKs/MacOSX.sdk/usr/include/c++/v1/__configuration/availability.h:204:4: warning: "The selected platform is no longer supported by libc++." [-W#warnings]
  204 | #  warning "The selected platform is no longer supported by libc++."
      |    ^
1 warning generated.
  CXX      demux/dash/mpd/libvlc_adaptive_la-IsoffMainParser.lo
In file included from /Users/cam/Documents/Projects/ultima-iv-web/vlc-thumbs/work/build/vlc-source/extras/package/macosx/../../../modules/demux/dash/mpd/IsoffMainParser.cpp:26:
In file included from ../config.h:1000:
In file included from /Users/cam/Documents/Projects/ultima-iv-web/vlc-thumbs/work/build/vlc-source/extras/package/macosx/../../../include/vlc_fixups.h:97:
In file included from /Applications/Xcode.app/Contents/Developer/Platforms/MacOSX.platform/Developer/SDKs/MacOSX.sdk/usr/include/c++/v1/stddef.h:30:
In file included from /Applications/Xcode.app/Contents/Developer/Platforms/MacOSX.platform/Developer/SDKs/MacOSX.sdk/usr/include/c++/v1/__config:15:
/Applications/Xcode.app/Contents/Developer/Platforms/MacOSX.platform/Developer/SDKs/MacOSX.sdk/usr/include/c++/v1/__configuration/availability.h:204:4: warning: "The selected platform is no longer supported by libc++." [-W#warnings]
  204 | #  warning "The selected platform is no longer supported by libc++."
      |    ^
1 warning generated.
  CXX      demux/dash/mpd/libvlc_adaptive_la-MPD.lo
In file included from /Users/cam/Documents/Projects/ultima-iv-web/vlc-thumbs/work/build/vlc-source/extras/package/macosx/../../../modules/demux/dash/mpd/MPD.cpp:25:
In file included from ../config.h:1000:
In file included from /Users/cam/Documents/Projects/ultima-iv-web/vlc-thumbs/work/build/vlc-source/extras/package/macosx/../../../include/vlc_fixups.h:97:
In file included from /Applications/Xcode.app/Contents/Developer/Platforms/MacOSX.platform/Developer/SDKs/MacOSX.sdk/usr/include/c++/v1/stddef.h:30:
In file included from /Applications/Xcode.app/Contents/Developer/Platforms/MacOSX.platform/Developer/SDKs/MacOSX.sdk/usr/include/c++/v1/__config:15:
/Applications/Xcode.app/Contents/Developer/Platforms/MacOSX.platform/Developer/SDKs/MacOSX.sdk/usr/include/c++/v1/__configuration/availability.h:204:4: warning: "The selected platform is no longer supported by libc++." [-W#warnings]
  204 | #  warning "The selected platform is no longer supported by libc++."
      |    ^
1 warning generated.
  CXX      demux/dash/mpd/libvlc_adaptive_la-Profile.lo
In file included from /Users/cam/Documents/Projects/ultima-iv-web/vlc-thumbs/work/build/vlc-source/extras/package/macosx/../../../modules/demux/dash/mpd/Profile.cpp:21:
In file included from ../config.h:1000:
In file included from /Users/cam/Documents/Projects/ultima-iv-web/vlc-thumbs/work/build/vlc-source/extras/package/macosx/../../../include/vlc_fixups.h:97:
In file included from /Applications/Xcode.app/Contents/Developer/Platforms/MacOSX.platform/Developer/SDKs/MacOSX.sdk/usr/include/c++/v1/stddef.h:30:
In file included from /Applications/Xcode.app/Contents/Developer/Platforms/MacOSX.platform/Developer/SDKs/MacOSX.sdk/usr/include/c++/v1/__config:15:
/Applications/Xcode.app/Contents/Developer/Platforms/MacOSX.platform/Developer/SDKs/MacOSX.sdk/usr/include/c++/v1/__configuration/availability.h:204:4: warning: "The selected platform is no longer supported by libc++." [-W#warnings]
  204 | #  warning "The selected platform is no longer supported by libc++."
      |    ^
1 warning generated.
  CXX      demux/dash/mpd/libvlc_adaptive_la-ProgramInformation.lo
In file included from /Users/cam/Documents/Projects/ultima-iv-web/vlc-thumbs/work/build/vlc-source/extras/package/macosx/../../../modules/demux/dash/mpd/ProgramInformation.cpp:25:
In file included from ../config.h:1000:
In file included from /Users/cam/Documents/Projects/ultima-iv-web/vlc-thumbs/work/build/vlc-source/extras/package/macosx/../../../include/vlc_fixups.h:97:
In file included from /Applications/Xcode.app/Contents/Developer/Platforms/MacOSX.platform/Developer/SDKs/MacOSX.sdk/usr/include/c++/v1/stddef.h:30:
In file included from /Applications/Xcode.app/Contents/Developer/Platforms/MacOSX.platform/Developer/SDKs/MacOSX.sdk/usr/include/c++/v1/__config:15:
/Applications/Xcode.app/Contents/Developer/Platforms/MacOSX.platform/Developer/SDKs/MacOSX.sdk/usr/include/c++/v1/__configuration/availability.h:204:4: warning: "The selected platform is no longer supported by libc++." [-W#warnings]
  204 | #  warning "The selected platform is no longer supported by libc++."
      |    ^
1 warning generated.
  CXX      demux/dash/mpd/libvlc_adaptive_la-Representation.lo
In file included from /Users/cam/Documents/Projects/ultima-iv-web/vlc-thumbs/work/build/vlc-source/extras/package/macosx/../../../modules/demux/dash/mpd/Representation.cpp:25:
In file included from ../config.h:1000:
In file included from /Users/cam/Documents/Projects/ultima-iv-web/vlc-thumbs/work/build/vlc-source/extras/package/macosx/../../../include/vlc_fixups.h:97:
In file included from /Applications/Xcode.app/Contents/Developer/Platforms/MacOSX.platform/Developer/SDKs/MacOSX.sdk/usr/include/c++/v1/stddef.h:30:
In file included from /Applications/Xcode.app/Contents/Developer/Platforms/MacOSX.platform/Developer/SDKs/MacOSX.sdk/usr/include/c++/v1/__config:15:
/Applications/Xcode.app/Contents/Developer/Platforms/MacOSX.platform/Developer/SDKs/MacOSX.sdk/usr/include/c++/v1/__configuration/availability.h:204:4: warning: "The selected platform is no longer supported by libc++." [-W#warnings]
  204 | #  warning "The selected platform is no longer supported by libc++."
      |    ^
1 warning generated.
  CXX      demux/dash/mpd/libvlc_adaptive_la-TemplatedUri.lo
1 warning generated.
  CXX      demux/dash/mpd/libvlc_adaptive_la-TrickModeType.lo
In file included from /Users/cam/Documents/Projects/ultima-iv-web/vlc-thumbs/work/build/vlc-source/extras/package/macosx/../../../modules/demux/dash/mpd/TemplatedUri.cpp:22:
In file included from ../config.h:1000:
In file included from /Users/cam/Documents/Projects/ultima-iv-web/vlc-thumbs/work/build/vlc-source/extras/package/macosx/../../../include/vlc_fixups.h:97:
In file included from /Applications/Xcode.app/Contents/Developer/Platforms/MacOSX.platform/Developer/SDKs/MacOSX.sdk/usr/include/c++/v1/stddef.h:30:
In file included from /Applications/Xcode.app/Contents/Developer/Platforms/MacOSX.platform/Developer/SDKs/MacOSX.sdk/usr/include/c++/v1/__config:15:
/Applications/Xcode.app/Contents/Developer/Platforms/MacOSX.platform/Developer/SDKs/MacOSX.sdk/usr/include/c++/v1/__configuration/availability.h:204:4: warning: "The selected platform is no longer supported by libc++." [-W#warnings]
  204 | #  warning "The selected platform is no longer supported by libc++."
      |    ^
In file included from /Users/cam/Documents/Projects/ultima-iv-web/vlc-thumbs/work/build/vlc-source/extras/package/macosx/../../../modules/demux/dash/mpd/TrickModeType.cpp:25:
In file included from ../config.h:1000:
In file included from /Users/cam/Documents/Projects/ultima-iv-web/vlc-thumbs/work/build/vlc-source/extras/package/macosx/../../../include/vlc_fixups.h:97:
In file included from /Applications/Xcode.app/Contents/Developer/Platforms/MacOSX.platform/Developer/SDKs/MacOSX.sdk/usr/include/c++/v1/stddef.h:30:
In file included from /Applications/Xcode.app/Contents/Developer/Platforms/MacOSX.platform/Developer/SDKs/MacOSX.sdk/usr/include/c++/v1/__config:15:
/Applications/Xcode.app/Contents/Developer/Platforms/MacOSX.platform/Developer/SDKs/MacOSX.sdk/usr/include/c++/v1/__configuration/availability.h:204:4: warning: "The selected platform is no longer supported by libc++." [-W#warnings]
  204 | #  warning "The selected platform is no longer supported by libc++."
      |    ^
1 warning generated.
  CXX      demux/dash/mp4/libvlc_adaptive_la-IndexReader.lo
In file included from /Users/cam/Documents/Projects/ultima-iv-web/vlc-thumbs/work/build/vlc-source/extras/package/macosx/../../../modules/demux/dash/mp4/IndexReader.cpp:21:
In file included from ../config.h:1000:
In file included from /Users/cam/Documents/Projects/ultima-iv-web/vlc-thumbs/work/build/vlc-source/extras/package/macosx/../../../include/vlc_fixups.h:97:
In file included from /Applications/Xcode.app/Contents/Developer/Platforms/MacOSX.platform/Developer/SDKs/MacOSX.sdk/usr/include/c++/v1/stddef.h:30:
In file included from /Applications/Xcode.app/Contents/Developer/Platforms/MacOSX.platform/Developer/SDKs/MacOSX.sdk/usr/include/c++/v1/__config:15:
/Applications/Xcode.app/Contents/Developer/Platforms/MacOSX.platform/Developer/SDKs/MacOSX.sdk/usr/include/c++/v1/__configuration/availability.h:204:4: warning: "The selected platform is no longer supported by libc++." [-W#warnings]
  204 | #  warning "The selected platform is no longer supported by libc++."
      |    ^
1 warning generated.
  CXX      demux/dash/libvlc_adaptive_la-DASHManager.lo
1 warning generated.
In file included from /Users/cam/Documents/Projects/ultima-iv-web/vlc-thumbs/work/build/vlc-source/extras/package/macosx/../../../modules/demux/dash/DASHManager.cpp:26:
In file included from ../config.h:1000:
In file included from /Users/cam/Documents/Projects/ultima-iv-web/vlc-thumbs/work/build/vlc-source/extras/package/macosx/../../../include/vlc_fixups.h:97:
In file included from /Applications/Xcode.app/Contents/Developer/Platforms/MacOSX.platform/Developer/SDKs/MacOSX.sdk/usr/include/c++/v1/stddef.h:30:
In file included from /Applications/Xcode.app/Contents/Developer/Platforms/MacOSX.platform/Developer/SDKs/MacOSX.sdk/usr/include/c++/v1/__config:15:
/Applications/Xcode.app/Contents/Developer/Platforms/MacOSX.platform/Developer/SDKs/MacOSX.sdk/usr/include/c++/v1/__configuration/availability.h:204:4: warning: "The selected platform is no longer supported by libc++." [-W#warnings]
  204 | #  warning "The selected platform is no longer supported by libc++."
      |    ^
  CXX      demux/dash/libvlc_adaptive_la-DASHStream.lo
In file included from /Users/cam/Documents/Projects/ultima-iv-web/vlc-thumbs/work/build/vlc-source/extras/package/macosx/../../../modules/demux/dash/DASHStream.cpp:21:
In file included from ../config.h:1000:
In file included from /Users/cam/Documents/Projects/ultima-iv-web/vlc-thumbs/work/build/vlc-source/extras/package/macosx/../../../include/vlc_fixups.h:97:
In file included from /Applications/Xcode.app/Contents/Developer/Platforms/MacOSX.platform/Developer/SDKs/MacOSX.sdk/usr/include/c++/v1/stddef.h:30:
In file included from /Applications/Xcode.app/Contents/Developer/Platforms/MacOSX.platform/Developer/SDKs/MacOSX.sdk/usr/include/c++/v1/__config:15:
/Applications/Xcode.app/Contents/Developer/Platforms/MacOSX.platform/Developer/SDKs/MacOSX.sdk/usr/include/c++/v1/__configuration/availability.h:204:4: warning: "The selected platform is no longer supported by libc++." [-W#warnings]
  204 | #  warning "The selected platform is no longer supported by libc++."
      |    ^
1 warning generated.
  CXX      demux/hls/playlist/libvlc_adaptive_la-M3U8.lo
In file included from /Users/cam/Documents/Projects/ultima-iv-web/vlc-thumbs/work/build/vlc-source/extras/package/macosx/../../../modules/demux/hls/playlist/M3U8.cpp:21:
In file included from ../config.h:1000:
In file included from /Users/cam/Documents/Projects/ultima-iv-web/vlc-thumbs/work/build/vlc-source/extras/package/macosx/../../../include/vlc_fixups.h:97:
In file included from /Applications/Xcode.app/Contents/Developer/Platforms/MacOSX.platform/Developer/SDKs/MacOSX.sdk/usr/include/c++/v1/stddef.h:30:
In file included from /Applications/Xcode.app/Contents/Developer/Platforms/MacOSX.platform/Developer/SDKs/MacOSX.sdk/usr/include/c++/v1/__config:15:
/Applications/Xcode.app/Contents/Developer/Platforms/MacOSX.platform/Developer/SDKs/MacOSX.sdk/usr/include/c++/v1/__configuration/availability.h:204:4: warning: "The selected platform is no longer supported by libc++." [-W#warnings]
  204 | #  warning "The selected platform is no longer supported by libc++."
      |    ^
1 warning generated.
  CXX      demux/hls/playlist/libvlc_adaptive_la-Parser.lo
In file included from /Users/cam/Documents/Projects/ultima-iv-web/vlc-thumbs/work/build/vlc-source/extras/package/macosx/../../../modules/demux/hls/playlist/Parser.cpp:21:
In file included from ../config.h:1000:
In file included from /Users/cam/Documents/Projects/ultima-iv-web/vlc-thumbs/work/build/vlc-source/extras/package/macosx/../../../include/vlc_fixups.h:97:
In file included from /Applications/Xcode.app/Contents/Developer/Platforms/MacOSX.platform/Developer/SDKs/MacOSX.sdk/usr/include/c++/v1/stddef.h:30:
In file included from /Applications/Xcode.app/Contents/Developer/Platforms/MacOSX.platform/Developer/SDKs/MacOSX.sdk/usr/include/c++/v1/__config:15:
/Applications/Xcode.app/Contents/Developer/Platforms/MacOSX.platform/Developer/SDKs/MacOSX.sdk/usr/include/c++/v1/__configuration/availability.h:204:4: warning: "The selected platform is no longer supported by libc++." [-W#warnings]
  204 | #  warning "The selected platform is no longer supported by libc++."
      |    ^
1 warning generated.
  CXX      demux/hls/playlist/libvlc_adaptive_la-HLSRepresentation.lo
In file included from /Users/cam/Documents/Projects/ultima-iv-web/vlc-thumbs/work/build/vlc-source/extras/package/macosx/../../../modules/demux/hls/playlist/HLSRepresentation.cpp:21:
In file included from ../config.h:1000:
In file included from /Users/cam/Documents/Projects/ultima-iv-web/vlc-thumbs/work/build/vlc-source/extras/package/macosx/../../../include/vlc_fixups.h:97:
In file included from /Applications/Xcode.app/Contents/Developer/Platforms/MacOSX.platform/Developer/SDKs/MacOSX.sdk/usr/include/c++/v1/stddef.h:30:
In file included from /Applications/Xcode.app/Contents/Developer/Platforms/MacOSX.platform/Developer/SDKs/MacOSX.sdk/usr/include/c++/v1/__config:15:
/Applications/Xcode.app/Contents/Developer/Platforms/MacOSX.platform/Developer/SDKs/MacOSX.sdk/usr/include/c++/v1/__configuration/availability.h:204:4: warning: "The selected platform is no longer supported by libc++." [-W#warnings]
  204 | #  warning "The selected platform is no longer supported by libc++."
      |    ^
1 warning generated.
1 warning generated.
  CXX      demux/hls/playlist/libvlc_adaptive_la-HLSSegment.lo
  CXX      demux/hls/playlist/libvlc_adaptive_la-Tags.lo
In file included from /Users/cam/Documents/Projects/ultima-iv-web/vlc-thumbs/work/build/vlc-source/extras/package/macosx/../../../modules/demux/hls/playlist/HLSSegment.cpp:21:
In file included from ../config.h:1000:
In file included from /Users/cam/Documents/Projects/ultima-iv-web/vlc-thumbs/work/build/vlc-source/extras/package/macosx/../../../include/vlc_fixups.h:97:
In file included from /Applications/Xcode.app/Contents/Developer/Platforms/MacOSX.platform/Developer/SDKs/MacOSX.sdk/usr/include/c++/v1/stddef.h:30:
In file included from /Applications/Xcode.app/Contents/Developer/Platforms/MacOSX.platform/Developer/SDKs/MacOSX.sdk/usr/include/c++/v1/__config:15:
/Applications/Xcode.app/Contents/Developer/Platforms/MacOSX.platform/Developer/SDKs/MacOSX.sdk/usr/include/c++/v1/__configuration/availability.h:204:4: warning: "The selected platform is no longer supported by libc++." [-W#warnings]
  204 | #  warning "The selected platform is no longer supported by libc++."
      |    ^
In file included from /Users/cam/Documents/Projects/ultima-iv-web/vlc-thumbs/work/build/vlc-source/extras/package/macosx/../../../modules/demux/hls/playlist/Tags.cpp:21:
In file included from ../config.h:1000:
In file included from /Users/cam/Documents/Projects/ultima-iv-web/vlc-thumbs/work/build/vlc-source/extras/package/macosx/../../../include/vlc_fixups.h:97:
In file included from /Applications/Xcode.app/Contents/Developer/Platforms/MacOSX.platform/Developer/SDKs/MacOSX.sdk/usr/include/c++/v1/stddef.h:30:
In file included from /Applications/Xcode.app/Contents/Developer/Platforms/MacOSX.platform/Developer/SDKs/MacOSX.sdk/usr/include/c++/v1/__config:15:
/Applications/Xcode.app/Contents/Developer/Platforms/MacOSX.platform/Developer/SDKs/MacOSX.sdk/usr/include/c++/v1/__configuration/availability.h:204:4: warning: "The selected platform is no longer supported by libc++." [-W#warnings]
  204 | #  warning "The selected platform is no longer supported by libc++."
      |    ^
1 warning generated.
1 warning generated.
  CXX      demux/hls/libvlc_adaptive_la-HLSManager.lo
  CXX      demux/hls/libvlc_adaptive_la-HLSStreams.lo
In file included from /Users/cam/Documents/Projects/ultima-iv-web/vlc-thumbs/work/build/vlc-source/extras/package/macosx/../../../modules/demux/hls/HLSStreams.cpp:21:
In file included from ../config.h:1000:
In file included from /Users/cam/Documents/Projects/ultima-iv-web/vlc-thumbs/work/build/vlc-source/extras/package/macosx/../../../include/vlc_fixups.h:97:
In file included from /Applications/Xcode.app/Contents/Developer/Platforms/MacOSX.platform/Developer/SDKs/MacOSX.sdk/usr/include/c++/v1/stddef.h:30:
In file included from /Applications/Xcode.app/Contents/Developer/Platforms/MacOSX.platform/Developer/SDKs/MacOSX.sdk/usr/include/c++/v1/__config:15:
/Applications/Xcode.app/Contents/Developer/Platforms/MacOSX.platform/Developer/SDKs/MacOSX.sdk/usr/include/c++/v1/__configuration/availability.h:204:4: warning: "The selected platform is no longer supported by libc++." [-W#warnings]
In file included from /Users/cam/Documents/Projects/ultima-iv-web/vlc-thumbs/work/build/vlc-source/extras/package/macosx/../../../modules/demux/hls/HLSManager.cpp:22:
In file included from ../config.h:1000:
In file included from /Users/cam/Documents/Projects/ultima-iv-web/vlc-thumbs/work/build/vlc-source/extras/package/macosx/../../../include/vlc_fixups.h:97:
In file included from /Applications/Xcode.app/Contents/Developer/Platforms/MacOSX.platform/Developer/SDKs/MacOSX.sdk/usr/include/c++/v1/stddef.h:30:
In file included from /Applications/Xcode.app/Contents/Developer/Platforms/MacOSX.platform/Developer/SDKs/MacOSX.sdk/usr/include/c++/v1/__config:15:
  204 | #  /Applications/Xcode.app/Contents/Developer/Platforms/MacOSX.platform/Developer/SDKs/MacOSX.sdk/usr/include/c++/v1/__configuration/availability.h:204:4: warning: "The selected platform is no longer supported by libc++." [-W#warnings]
warning "The selected platform is no longer supported   204 | #  warning "The selected platform is no longer supported by libc++."
      | by    ^
libc++."
      |    ^
1 warning generated.
  CXX      demux/smooth/mp4/libvlc_adaptive_la-SmoothIndexReader.lo
In file included from /Users/cam/Documents/Projects/ultima-iv-web/vlc-thumbs/work/build/vlc-source/extras/package/macosx/../../../modules/demux/smooth/mp4/SmoothIndexReader.cpp:21:
In file included from ../config.h:1000:
In file included from /Users/cam/Documents/Projects/ultima-iv-web/vlc-thumbs/work/build/vlc-source/extras/package/macosx/../../../include/vlc_fixups.h:97:
In file included from /Applications/Xcode.app/Contents/Developer/Platforms/MacOSX.platform/Developer/SDKs/MacOSX.sdk/usr/include/c++/v1/stddef.h:30:
In file included from /Applications/Xcode.app/Contents/Developer/Platforms/MacOSX.platform/Developer/SDKs/MacOSX.sdk/usr/include/c++/v1/__config:15:
/Applications/Xcode.app/Contents/Developer/Platforms/MacOSX.platform/Developer/SDKs/MacOSX.sdk/usr/include/c++/v1/__configuration/availability.h:204:4: warning: "The selected platform is no longer supported by libc++." [-W#warnings]
  204 | #  warning "The selected platform is no longer supported by libc++."
      |    ^
1 warning generated.
  CXX      demux/smooth/playlist/libvlc_adaptive_la-ForgedInitSegment.lo
In file included from /Users/cam/Documents/Projects/ultima-iv-web/vlc-thumbs/work/build/vlc-source/extras/package/macosx/../../../modules/demux/smooth/playlist/ForgedInitSegment.cpp:21:
In file included from ../config.h:1000:
In file included from /Users/cam/Documents/Projects/ultima-iv-web/vlc-thumbs/work/build/vlc-source/extras/package/macosx/../../../include/vlc_fixups.h:97:
In file included from /Applications/Xcode.app/Contents/Developer/Platforms/MacOSX.platform/Developer/SDKs/MacOSX.sdk/usr/include/c++/v1/stddef.h:30:
In file included from /Applications/Xcode.app/Contents/Developer/Platforms/MacOSX.platform/Developer/SDKs/MacOSX.sdk/usr/include/c++/v1/__config:15:
/Applications/Xcode.app/Contents/Developer/Platforms/MacOSX.platform/Developer/SDKs/MacOSX.sdk/usr/include/c++/v1/__configuration/availability.h:204:4: warning: "The selected platform is no longer supported by libc++." [-W#warnings]
  204 | #  warning "The selected platform is no longer supported by libc++."
      |    ^
1 warning generated.
  CXX      demux/smooth/playlist/libvlc_adaptive_la-Manifest.lo
In file included from /Users/cam/Documents/Projects/ultima-iv-web/vlc-thumbs/work/build/vlc-source/extras/package/macosx/../../../modules/demux/smooth/playlist/Manifest.cpp:21:
In file included from ../config.h:1000:
In file included from /Users/cam/Documents/Projects/ultima-iv-web/vlc-thumbs/work/build/vlc-source/extras/package/macosx/../../../include/vlc_fixups.h:97:
In file included from /Applications/Xcode.app/Contents/Developer/Platforms/MacOSX.platform/Developer/SDKs/MacOSX.sdk/usr/include/c++/v1/stddef.h:30:
In file included from /Applications/Xcode.app/Contents/Developer/Platforms/MacOSX.platform/Developer/SDKs/MacOSX.sdk/usr/include/c++/v1/__config:15:
/Applications/Xcode.app/Contents/Developer/Platforms/MacOSX.platform/Developer/SDKs/MacOSX.sdk/usr/include/c++/v1/__configuration/availability.h:204:4: warning: "The selected platform is no longer supported by libc++." [-W#warnings]
  204 | #  warning "The selected platform is no longer supported by libc++."
      |    ^
1 warning generated.
  CXX      demux/smooth/playlist/libvlc_adaptive_la-MemoryChunk.lo
In file included from /Users/cam/Documents/Projects/ultima-iv-web/vlc-thumbs/work/build/vlc-source/extras/package/macosx/../../../modules/demux/smooth/playlist/MemoryChunk.cpp:21:
In file included from ../config.h:1000:
In file included from /Users/cam/Documents/Projects/ultima-iv-web/vlc-thumbs/work/build/vlc-source/extras/package/macosx/../../../include/vlc_fixups.h:97:
In file included from /Applications/Xcode.app/Contents/Developer/Platforms/MacOSX.platform/Developer/SDKs/MacOSX.sdk/usr/include/c++/v1/stddef.h:30:
In file included from /Applications/Xcode.app/Contents/Developer/Platforms/MacOSX.platform/Developer/SDKs/MacOSX.sdk/usr/include/c++/v1/__config:15:
/Applications/Xcode.app/Contents/Developer/Platforms/MacOSX.platform/Developer/SDKs/MacOSX.sdk/usr/include/c++/v1/__configuration/availability.h:204:4: warning: "The selected platform is no longer supported by libc++." [-W#warnings]
  204 | #  warning "The selected platform is no longer supported by libc++."
      |    ^
1 warning generated.
  CXX      demux/smooth/playlist/libvlc_adaptive_la-SmoothParser.lo
In file included from /Users/cam/Documents/Projects/ultima-iv-web/vlc-thumbs/work/build/vlc-source/extras/package/macosx/../../../modules/demux/smooth/playlist/SmoothParser.cpp:21:
In file included from ../config.h:1000:
In file included from /Users/cam/Documents/Projects/ultima-iv-web/vlc-thumbs/work/build/vlc-source/extras/package/macosx/../../../include/vlc_fixups.h:97:
In file included from /Applications/Xcode.app/Contents/Developer/Platforms/MacOSX.platform/Developer/SDKs/MacOSX.sdk/usr/include/c++/v1/stddef.h:30:
In file included from /Applications/Xcode.app/Contents/Developer/Platforms/MacOSX.platform/Developer/SDKs/MacOSX.sdk/usr/include/c++/v1/__config:15:
/Applications/Xcode.app/Contents/Developer/Platforms/MacOSX.platform/Developer/SDKs/MacOSX.sdk/usr/include/c++/v1/__configuration/availability.h:204:4: warning: "The selected platform is no longer supported by libc++." [-W#warnings]
  204 | #  warning "The selected platform is no longer supported by libc++."
      |    ^
1 warning generated.
  CXX      demux/smooth/playlist/libvlc_adaptive_la-QualityLevel.lo
In file included from /Users/cam/Documents/Projects/ultima-iv-web/vlc-thumbs/work/build/vlc-source/extras/package/macosx/../../../modules/demux/smooth/playlist/QualityLevel.cpp:21:
In file included from ../config.h:1000:
In file included from /Users/cam/Documents/Projects/ultima-iv-web/vlc-thumbs/work/build/vlc-source/extras/package/macosx/../../../include/vlc_fixups.h:97:
In file included from /Applications/Xcode.app/Contents/Developer/Platforms/MacOSX.platform/Developer/SDKs/MacOSX.sdk/usr/include/c++/v1/stddef.h:30:
In file included from /Applications/Xcode.app/Contents/Developer/Platforms/MacOSX.platform/Developer/SDKs/MacOSX.sdk/usr/include/c++/v1/__config:15:
/Applications/Xcode.app/Contents/Developer/Platforms/MacOSX.platform/Developer/SDKs/MacOSX.sdk/usr/include/c++/v1/__configuration/availability.h:204:4: warning: "The selected platform is no longer supported by libc++." [-W#warnings]
  204 | #  warning "The selected platform is no longer supported by libc++."
      |    ^
1 warning generated.
1 warning generated.
  CXX      demux/smooth/playlist/libvlc_adaptive_la-SmoothSegment.lo
  CXX      demux/smooth/libvlc_adaptive_la-SmoothManager.lo
In file included from /Users/cam/Documents/Projects/ultima-iv-web/vlc-thumbs/work/build/vlc-source/extras/package/macosx/../../../modules/demux/smooth/playlist/SmoothSegment.cpp:21:
In file included from ../config.h:1000:
In file included from /Users/cam/Documents/Projects/ultima-iv-web/vlc-thumbs/work/build/vlc-source/extras/package/macosx/../../../include/vlc_fixups.h:97:
In file included from /Applications/Xcode.app/Contents/Developer/Platforms/MacOSX.platform/Developer/SDKs/MacOSX.sdk/usr/include/c++/v1/stddef.h:30:
In file included from /Applications/Xcode.app/Contents/Developer/Platforms/MacOSX.platform/Developer/SDKs/MacOSX.sdk/usr/include/c++/v1/__config:15:
/Applications/Xcode.app/Contents/Developer/Platforms/MacOSX.platform/Developer/SDKs/MacOSX.sdk/usr/include/c++/v1/__configuration/availability.h:204:4: warning: "The selected platform is no longer supported by libc++." [-W#warnings]
  204 | #  warning "The selected platform is no longer supported by libc++."
      |    ^
In file included from /Users/cam/Documents/Projects/ultima-iv-web/vlc-thumbs/work/build/vlc-source/extras/package/macosx/../../../modules/demux/smooth/SmoothManager.cpp:21:
In file included from ../config.h:1000:
In file included from /Users/cam/Documents/Projects/ultima-iv-web/vlc-thumbs/work/build/vlc-source/extras/package/macosx/../../../include/vlc_fixups.h:97:
In file included from /Applications/Xcode.app/Contents/Developer/Platforms/MacOSX.platform/Developer/SDKs/MacOSX.sdk/usr/include/c++/v1/stddef.h:30:
In file included from /Applications/Xcode.app/Contents/Developer/Platforms/MacOSX.platform/Developer/SDKs/MacOSX.sdk/usr/include/c++/v1/__config:15:
/Applications/Xcode.app/Contents/Developer/Platforms/MacOSX.platform/Developer/SDKs/MacOSX.sdk/usr/include/c++/v1/__configuration/availability.h:204:4: warning: "The selected platform is no longer supported by libc++." [-W#warnings]
  204 | #  warning "The selected platform is no longer supported by libc++."
      |    ^
1 warning generated.
1 warning generated.
  CXX      demux/smooth/libvlc_adaptive_la-SmoothStream.lo
1 warning generated.
  CC       mux/mp4/libmp4mux.lo
  CC       demux/filter/noseek.lo
In file included from /Users/cam/Documents/Projects/ultima-iv-web/vlc-thumbs/work/build/vlc-source/extras/package/macosx/../../../modules/demux/smooth/SmoothStream.cpp:21:
In file included from ../config.h:1000:
In file included from /Users/cam/Documents/Projects/ultima-iv-web/vlc-thumbs/work/build/vlc-source/extras/package/macosx/../../../include/vlc_fixups.h:97:
In file included from /Applications/Xcode.app/Contents/Developer/Platforms/MacOSX.platform/Developer/SDKs/MacOSX.sdk/usr/include/c++/v1/stddef.h:30:
In file included from /Applications/Xcode.app/Contents/Developer/Platforms/MacOSX.platform/Developer/SDKs/MacOSX.sdk/usr/include/c++/v1/__config:15:
/Applications/Xcode.app/Contents/Developer/Platforms/MacOSX.platform/Developer/SDKs/MacOSX.sdk/usr/include/c++/v1/__configuration/availability.h:204:4: warning: "The selected platform is no longer supported by libc++." [-W#warnings]
  204 | #  warning "The selected platform is no longer supported by libc++."
      |    ^
1 warning generated.
  CXX      stream_out/chromecast/libdemux_chromecast_plugin_la-chromecast_demux.lo
  CC       gui/libncurses_plugin_la-ncurses.lo
In file included from /Users/cam/Documents/Projects/ultima-iv-web/vlc-thumbs/work/build/vlc-source/extras/package/macosx/../../../modules/stream_out/chromecast/chromecast_demux.cpp:28:
In file included from ../config.h:1000:
In file included from /Users/cam/Documents/Projects/ultima-iv-web/vlc-thumbs/work/build/vlc-source/extras/package/macosx/../../../include/vlc_fixups.h:97:
In file included from /Applications/Xcode.app/Contents/Developer/Platforms/MacOSX.platform/Developer/SDKs/MacOSX.sdk/usr/include/c++/v1/stddef.h:30:
In file included from /Applications/Xcode.app/Contents/Developer/Platforms/MacOSX.platform/Developer/SDKs/MacOSX.sdk/usr/include/c++/v1/__config:15:
/Applications/Xcode.app/Contents/Developer/Platforms/MacOSX.platform/Developer/SDKs/MacOSX.sdk/usr/include/c++/v1/__configuration/availability.h:204:4: warning: "The selected platform is no longer supported by libc++." [-W#warnings]
  204 | #  warning "The selected platform is no longer supported by libc++."
      |    ^
1 warning generated.
  OBJC     gui/macosx/libmacosx_plugin_la-VLCAboutWindowController.lo
1 warning generated.
  OBJC     gui/macosx/libmacosx_plugin_la-VLCAddonListItem.lo
  OBJC     gui/macosx/libmacosx_plugin_la-VLCAddonsWindowController.lo
  OBJC     gui/macosx/libmacosx_plugin_la-applescript.lo
  OBJC     gui/macosx/libmacosx_plugin_la-AppleRemote.lo
  OBJC     gui/macosx/libmacosx_plugin_la-CompatibilityFixes.lo
  OBJC     gui/macosx/libmacosx_plugin_la-VLCControlsBarCommon.lo
  OBJC     gui/macosx/libmacosx_plugin_la-VLCDocumentController.lo
  OBJC     gui/macosx/libmacosx_plugin_la-VLCMainWindowControlsBar.lo
  OBJC     gui/macosx/libmacosx_plugin_la-VLCConvertAndSaveWindowController.lo
  OBJC     gui/macosx/libmacosx_plugin_la-VLCCoreInteraction.lo
  OBJC     gui/macosx/libmacosx_plugin_la-VLCErrorWindowController.lo
  OBJC     gui/macosx/libmacosx_plugin_la-VLCExtensionsDialogProvider.lo
  OBJC     gui/macosx/libmacosx_plugin_la-VLCExtensionsManager.lo
  OBJC     gui/macosx/libmacosx_plugin_la-VLCHelpWindowController.lo
  OBJC     gui/macosx/libmacosx_plugin_la-VLCMain+OldPrefs.lo
  OBJC     gui/macosx/libmacosx_plugin_la-VLCMain.lo
  OBJC     gui/macosx/libmacosx_plugin_la-VLCApplication.lo
  OBJC     gui/macosx/libmacosx_plugin_la-VLCKeyboardBacklightControl.lo
  OBJC     gui/macosx/libmacosx_plugin_la-macosx.lo
  OBJC     gui/macosx/libmacosx_plugin_la-VLCMainMenu.lo
  OBJC     gui/macosx/libmacosx_plugin_la-VLCMainWindowTitleView.lo
  OBJC     gui/macosx/libmacosx_plugin_la-misc.lo
  OBJC     gui/macosx/libmacosx_plugin_la-NSGradient+VLCAdditions.lo
/Users/cam/Documents/Projects/ultima-iv-web/vlc-thumbs/work/build/vlc-source/extras/package/macosx/../../../modules/gui/macosx/VLCMainMenu.m:1088:30: warning: 'vlc_object_find_name' is deprecated [-Wdeprecated-declarations]
 1088 |     p_vbi = (vlc_object_t *) vlc_object_find_name(pl_Get(getIntf()), "zvbi");
      |                              ^
/Users/cam/Documents/Projects/ultima-iv-web/vlc-thumbs/work/build/vlc-source/extras/package/macosx/../../../include/vlc_objects.h:60:5: note: expanded from macro 'vlc_object_find_name'
   60 |     vlc_object_find_name( VLC_OBJECT(a),b)
      |     ^
/Users/cam/Documents/Projects/ultima-iv-web/vlc-thumbs/work/build/vlc-source/extras/package/macosx/../../../include/vlc_objects.h:49:85: note: 'vlc_object_find_name' has been explicitly marked deprecated here
   49 | VLC_API vlc_object_t *vlc_object_find_name( vlc_object_t *, const char * ) VLC_USED VLC_DEPRECATED;
      |                                                                                     ^
/Users/cam/Documents/Projects/ultima-iv-web/vlc-thumbs/work/build/vlc-source/extras/package/macosx/../../../include/vlc_common.h:85:40: note: expanded from macro 'VLC_DEPRECATED'
   85 | # define VLC_DEPRECATED __attribute__((deprecated))
      |                                        ^
/Users/cam/Documents/Projects/ultima-iv-web/vlc-thumbs/work/build/vlc-source/extras/package/macosx/../../../modules/gui/macosx/VLCMainMenu.m:1113:30: warning: 'vlc_object_find_name' is deprecated [-Wdeprecated-declarations]
 1113 |     p_vbi = (vlc_object_t *) vlc_object_find_name(pl_Get(getIntf()), "zvbi");
      |                              ^
/Users/cam/Documents/Projects/ultima-iv-web/vlc-thumbs/work/build/vlc-source/extras/package/macosx/../../../include/vlc_objects.h:60:5: note: expanded from macro 'vlc_object_find_name'
   60 |     vlc_object_find_name( VLC_OBJECT(a),b)
      |     ^
/Users/cam/Documents/Projects/ultima-iv-web/vlc-thumbs/work/build/vlc-source/extras/package/macosx/../../../include/vlc_objects.h:49:85: note: 'vlc_object_find_name' has been explicitly marked deprecated here
   49 | VLC_API vlc_object_t *vlc_object_find_name( vlc_object_t *, const char * ) VLC_USED VLC_DEPRECATED;
      |                                                                                     ^
/Users/cam/Documents/Projects/ultima-iv-web/vlc-thumbs/work/build/vlc-source/extras/package/macosx/../../../include/vlc_common.h:85:40: note: expanded from macro 'VLC_DEPRECATED'
   85 | # define VLC_DEPRECATED __attribute__((deprecated))
      |                                        ^
  OBJC     gui/macosx/libmacosx_plugin_la-NSSound+VLCAdditions.lo
  OBJC     gui/macosx/libmacosx_plugin_la-NSScreen+VLCAdditions.lo
  OBJC     gui/macosx/libmacosx_plugin_la-VLCOpenWindowController.lo
2 warnings generated.
  OBJC     gui/macosx/libmacosx_plugin_la-VLCOutput.lo
  OBJC     gui/macosx/libmacosx_plugin_la-VLCPlaylistView.lo
  OBJC     gui/macosx/libmacosx_plugin_la-VLCPlaylist.lo
  OBJC     gui/macosx/libmacosx_plugin_la-VLCPlaylistInfo.lo
  OBJC     gui/macosx/libmacosx_plugin_la-VLCPLItem.lo
  OBJC     gui/macosx/libmacosx_plugin_la-VLCPLModel.lo
  OBJC     gui/macosx/libmacosx_plugin_la-prefs.lo
  OBJC     gui/macosx/libmacosx_plugin_la-prefs_widgets.lo
  OBJC     gui/macosx/libmacosx_plugin_la-VLCPopupPanelController.lo
  OBJC     gui/macosx/libmacosx_plugin_la-VLCTextfieldPanelController.lo
  OBJC     gui/macosx/libmacosx_plugin_la-VLCSimplePrefsController.lo
/Users/cam/Documents/Projects/ultima-iv-web/vlc-thumbs/work/build/vlc-source/extras/package/macosx/../../../modules/gui/macosx/prefs_widgets.m:1893:2: warning: This does not work anymore. FIXME. [-W#warnings]
 1893 | #warning This does not work anymore. FIXME.
      |  ^
/Users/cam/Documents/Projects/ultima-iv-web/vlc-thumbs/work/build/vlc-source/extras/package/macosx/../../../modules/gui/macosx/prefs_widgets.m:2149:2: warning: Reset prefs of the module selector is broken atm. [-W#warnings]
 2149 | #warning Reset prefs of the module selector is broken atm.
      |  ^
2 warnings generated.
  OBJC     gui/macosx/libmacosx_plugin_la-VLCSimplePrefsWindow.lo
  OBJC     gui/macosx/libmacosx_plugin_la-VLCHotkeyChangeWindow.lo
  OBJC     gui/macosx/libmacosx_plugin_la-SPMediaKeyTap.lo
/Users/cam/Documents/Projects/ultima-iv-web/vlc-thumbs/work/build/vlc-source/extras/package/macosx/../../../modules/gui/macosx/VLCSimplePrefsController.m:1258:1: warning: conflicting return type in implementation of 'validModesForFontPanel:': 'NSFontPanelModeMask' (aka 'enum NSFontPanelModeMask') vs 'NSUInteger' (aka 'unsigned long') [-Wmismatched-return-types]
 1258 | - (NSUInteger)validModesForFontPanel:(NSFontPanel *)fontPanel
      | ^  ~~~~~~~~~~
/Applications/Xcode.app/Contents/Developer/Platforms/MacOSX.platform/Developer/SDKs/MacOSX.sdk/System/Library/Frameworks/AppKit.framework/Headers/NSFontPanel.h:42:1: note: previous definition is here
   42 | - (NSFontPanelModeMask)validModesForFontPanel:(NSFontPanel *)fontPanel API_DEPRECATED("This is now an optional method of the NSFontChanging protocol.", macos(10.0, 11.0));
      | ^  ~~~~~~~~~~~~~~~~~~~
1 warning generated.
  OBJC     gui/macosx/libmacosx_plugin_la-VLCStringUtility.lo
  OBJC     gui/macosx/libmacosx_plugin_la-VLCVoutView.lo
  OBJC     gui/macosx/libmacosx_plugin_la-VLCTimeSelectionPanelController.lo
  OBJC     gui/macosx/libmacosx_plugin_la-VLCUIWidgets.lo
  OBJC     gui/macosx/libmacosx_plugin_la-VLCScrollingClipView.lo
  OBJC     gui/macosx/libmacosx_plugin_la-VLCStatusBarIcon.lo
  OBJC     gui/macosx/libmacosx_plugin_la-VLCVoutWindowController.lo
  OBJC     gui/macosx/libmacosx_plugin_la-Windows.lo
  OBJC     gui/macosx/libmacosx_plugin_la-VLCAudioEffectsWindowController.lo
  OBJC     gui/macosx/libmacosx_plugin_la-VLCBookmarksWindowController.lo
  OBJC     gui/macosx/libmacosx_plugin_la-VLCBottomBarView.lo
  OBJC     gui/macosx/libmacosx_plugin_la-VLCCoreDialogProvider.lo
  OBJC     gui/macosx/libmacosx_plugin_la-VLCLogMessage.lo
  OBJC     gui/macosx/libmacosx_plugin_la-VLCLogWindowController.lo
  OBJC     gui/macosx/libmacosx_plugin_la-VLCHUDSliderCell.lo
  OBJC     gui/macosx/libmacosx_plugin_la-VLCHUDButtonCell.lo
  OBJC     gui/macosx/libmacosx_plugin_la-VLCHUDCheckboxCell.lo
  OBJC     gui/macosx/libmacosx_plugin_la-VLCHUDTextFieldCell.lo
/Users/cam/Documents/Projects/ultima-iv-web/vlc-thumbs/work/build/vlc-source/extras/package/macosx/../../../modules/gui/macosx/VLCHUDSliderCell.m:177:13: warning: enumeration values 'NSControlSizeLarge' and 'NSControlSizeExtraLarge' not handled in switch [-Wswitch]
  177 |     switch ([self controlSize]) {
      |             ^~~~~~~~~~~~~~~~~~
/Users/cam/Documents/Projects/ultima-iv-web/vlc-thumbs/work/build/vlc-source/extras/package/macosx/../../../modules/gui/macosx/VLCHUDSliderCell.m:177:13: note: add missing switch cases
  177 |     switch ([self controlSize]) {
      |             ^
/Users/cam/Documents/Projects/ultima-iv-web/vlc-thumbs/work/build/vlc-source/extras/package/macosx/../../../modules/gui/macosx/VLCHUDSliderCell.m:252:13: warning: enumeration values 'NSControlSizeLarge' and 'NSControlSizeExtraLarge' not handled in switch [-Wswitch]
  252 |     switch ([self controlSize]) {
      |             ^~~~~~~~~~~~~~~~~~
/Users/cam/Documents/Projects/ultima-iv-web/vlc-thumbs/work/build/vlc-source/extras/package/macosx/../../../modules/gui/macosx/VLCHUDSliderCell.m:252:13: note: add missing switch cases
  252 |     switch ([self controlSize]) {
      |             ^
2 warnings generated.
  OBJC     gui/macosx/libmacosx_plugin_la-VLCHUDScroller.lo
  OBJC     gui/macosx/libmacosx_plugin_la-VLCHUDOutlineView.lo
  OBJC     gui/macosx/libmacosx_plugin_la-VLCHUDTableView.lo
  OBJC     gui/macosx/libmacosx_plugin_la-VLCHUDTableCornerView.lo
  OBJC     gui/macosx/libmacosx_plugin_la-VLCHUDSegmentedCell.lo
  OBJC     gui/macosx/libmacosx_plugin_la-VLCHUDStepperCell.lo
  OBJC     gui/macosx/libmacosx_plugin_la-VLCHUDPopUpButtonCell.lo
  OBJC     gui/macosx/libmacosx_plugin_la-VLCInputManager.lo
  OBJC     gui/macosx/libmacosx_plugin_la-VLCMainWindow.lo
  OBJC     gui/macosx/libmacosx_plugin_la-VLCRendererDiscovery.lo
/Users/cam/Documents/Projects/ultima-iv-web/vlc-thumbs/work/build/vlc-source/extras/package/macosx/../../../modules/gui/macosx/VLCHUDPopUpButtonCell.m:91:13: warning: enumeration values 'NSControlSizeLarge' and 'NSControlSizeExtraLarge' not handled in switch [-Wswitch]
   91 |     switch ([self controlSize]) {
      |             ^~~~~~~~~~~~~~~~~~
/Users/cam/Documents/Projects/ultima-iv-web/vlc-thumbs/work/build/vlc-source/extras/package/macosx/../../../modules/gui/macosx/VLCHUDPopUpButtonCell.m:91:13: note: add missing switch cases
   91 |     switch ([self controlSize]) {
      |             ^
/Users/cam/Documents/Projects/ultima-iv-web/vlc-thumbs/work/build/vlc-source/extras/package/macosx/../../../modules/gui/macosx/VLCHUDPopUpButtonCell.m:139:13: warning: enumeration values 'NSControlSizeLarge' and 'NSControlSizeExtraLarge' not handled in switch [-Wswitch]
  139 |     switch ([self controlSize]) {
      |             ^~~~~~~~~~~~~~~~~~
/Users/cam/Documents/Projects/ultima-iv-web/vlc-thumbs/work/build/vlc-source/extras/package/macosx/../../../modules/gui/macosx/VLCHUDPopUpButtonCell.m:139:13: note: add missing switch cases
  139 |     switch ([self controlSize]) {
      |             ^
/Users/cam/Documents/Projects/ultima-iv-web/vlc-thumbs/work/build/vlc-source/extras/package/macosx/../../../modules/gui/macosx/VLCHUDPopUpButtonCell.m:202:13: warning: enumeration values 'NSControlSizeLarge' and 'NSControlSizeExtraLarge' not handled in switch [-Wswitch]
  202 |     switch (self.controlSize) {
      |             ^~~~~~~~~~~~~~~~
/Users/cam/Documents/Projects/ultima-iv-web/vlc-thumbs/work/build/vlc-source/extras/package/macosx/../../../modules/gui/macosx/VLCHUDPopUpButtonCell.m:202:13: note: add missing switch cases
  202 |     switch (self.controlSize) {
      |             ^
  203 |         case NSRegularControlSize:
  204 |             arrowAdjustment = 21;
  205 |             break;
  206 | 
  207 |         case NSSmallControlSize:
  208 |             arrowAdjustment = 18;
  209 |             break;
  210 | 
  211 |         case NSMiniControlSize:
  212 |             arrowAdjustment = 15;
  213 |             break;
  214 |     }
3 warnings generated.
  OBJC     gui/macosx/libmacosx_plugin_la-VLCRendererItem.lo
  OBJC     gui/macosx/libmacosx_plugin_la-VLCRendererMenuController.lo
/Users/cam/Documents/Projects/ultima-iv-web/vlc-thumbs/work/build/vlc-source/extras/package/macosx/../../../modules/gui/macosx/VLCMainWindow.m:851:26: warning: 'playlist_IsServicesDiscoveryLoaded' is deprecated [-Wdeprecated-declarations]
  851 |         BOOL sd_loaded = playlist_IsServicesDiscoveryLoaded(p_playlist, [identifier UTF8String]);
      |                          ^
/Users/cam/Documents/Projects/ultima-iv-web/vlc-thumbs/work/build/vlc-source/extras/package/macosx/../../../include/vlc_playlist.h:357:77: note: 'playlist_IsServicesDiscoveryLoaded' has been explicitly marked deprecated here
  357 | VLC_API bool playlist_IsServicesDiscoveryLoaded( playlist_t *,const char *) VLC_DEPRECATED;
      |                                                                             ^
/Users/cam/Documents/Projects/ultima-iv-web/vlc-thumbs/work/build/vlc-source/extras/package/macosx/../../../include/vlc_common.h:85:40: note: expanded from macro 'VLC_DEPRECATED'
   85 | # define VLC_DEPRECATED __attribute__((deprecated))
      |                                        ^
/Users/cam/Documents/Projects/ultima-iv-web/vlc-thumbs/work/build/vlc-source/extras/package/macosx/../../../modules/gui/macosx/VLCMainWindow.m:872:26: warning: 'playlist_IsServicesDiscoveryLoaded' is deprecated [-Wdeprecated-declarations]
  872 |         BOOL sd_loaded = playlist_IsServicesDiscoveryLoaded(p_playlist, [[item identifier] UTF8String]);
      |                          ^
/Users/cam/Documents/Projects/ultima-iv-web/vlc-thumbs/work/build/vlc-source/extras/package/macosx/../../../include/vlc_playlist.h:357:77: note: 'playlist_IsServicesDiscoveryLoaded' has been explicitly marked deprecated here
  357 | VLC_API bool playlist_IsServicesDiscoveryLoaded( playlist_t *,const char *) VLC_DEPRECATED;
      |                                                                             ^
/Users/cam/Documents/Projects/ultima-iv-web/vlc-thumbs/work/build/vlc-source/extras/package/macosx/../../../include/vlc_common.h:85:40: note: expanded from macro 'VLC_DEPRECATED'
   85 | # define VLC_DEPRECATED __attribute__((deprecated))
      |                                        ^
/Users/cam/Documents/Projects/ultima-iv-web/vlc-thumbs/work/build/vlc-source/extras/package/macosx/../../../modules/gui/macosx/VLCMainWindow.m:980:13: warning: 'playlist_IsServicesDiscoveryLoaded' is deprecated [-Wdeprecated-declarations]
  980 |         if (playlist_IsServicesDiscoveryLoaded(p_playlist, "podcast")) {
      |             ^
/Users/cam/Documents/Projects/ultima-iv-web/vlc-thumbs/work/build/vlc-source/extras/package/macosx/../../../include/vlc_playlist.h:357:77: note: 'playlist_IsServicesDiscoveryLoaded' has been explicitly marked deprecated here
  357 | VLC_API bool playlist_IsServicesDiscoveryLoaded( playlist_t *,const char *) VLC_DEPRECATED;
      |                                                                             ^
/Users/cam/Documents/Projects/ultima-iv-web/vlc-thumbs/work/build/vlc-source/extras/package/macosx/../../../include/vlc_common.h:85:40: note: expanded from macro 'VLC_DEPRECATED'
   85 | # define VLC_DEPRECATED __attribute__((deprecated))
      |                                        ^
3 warnings generated.
  OBJC     gui/macosx/libmacosx_plugin_la-VLCResumeDialogController.lo
  OBJC     gui/macosx/libmacosx_plugin_la-VLCSidebarDataSource.lo
  OBJC     gui/macosx/libmacosx_plugin_la-VLCSourceListItem.lo
  OBJC     gui/macosx/libmacosx_plugin_la-VLCSourceListTableCellView.lo
  OBJC     gui/macosx/libmacosx_plugin_la-VLCSourceListBadgeButton.lo
/Users/cam/Documents/Projects/ultima-iv-web/vlc-thumbs/work/build/vlc-source/extras/package/macosx/../../../modules/gui/macosx/VLCSidebarDataSource.m:207:34: warning: 'playlist_IsServicesDiscoveryLoaded' is deprecated [-Wdeprecated-declarations]
  207 |                 BOOL sd_loaded = playlist_IsServicesDiscoveryLoaded(p_playlist, [[item identifier] UTF8String]);
      |                                  ^
/Users/cam/Documents/Projects/ultima-iv-web/vlc-thumbs/work/build/vlc-source/extras/package/macosx/../../../include/vlc_playlist.h:357:77: note: 'playlist_IsServicesDiscoveryLoaded' has been explicitly marked deprecated here
  357 | VLC_API bool playlist_IsServicesDiscoveryLoaded( playlist_t *,const char *) VLC_DEPRECATED;
      |                                                                             ^
/Users/cam/Documents/Projects/ultima-iv-web/vlc-thumbs/work/build/vlc-source/extras/package/macosx/../../../include/vlc_common.h:85:40: note: expanded from macro 'VLC_DEPRECATED'
   85 | # define VLC_DEPRECATED __attribute__((deprecated))
      |                                        ^
  OBJC     gui/macosx/libmacosx_plugin_la-VLCTrackSynchronizationWindowController.lo
1 warning generated.
  OBJC     gui/macosx/libmacosx_plugin_la-VLCVideoEffectsWindowController.lo
  OBJC     gui/macosx/libmacosx_plugin_la-VLCFSPanelController.lo
  OBJC     gui/macosx/libmacosx_plugin_la-VLCFSPanelDraggableView.lo
  OBJC     gui/macosx/libmacosx_plugin_la-VLCDefaultValueSlider.lo
  OBJC     gui/macosx/libmacosx_plugin_la-VLCDefaultValueSliderCell.lo
  OBJC     gui/macosx/libmacosx_plugin_la-VLCImageButton.lo
  OBJC     gui/macosx/libmacosx_plugin_la-VLCTintedImageButtonCell.lo
  OBJC     gui/macosx/libmacosx_plugin_la-VLCTimeField.lo
  OBJC     gui/macosx/libmacosx_plugin_la-VLCHexNumberFormatter.lo
  OBJC     gui/macosx/libmacosx_plugin_la-VLCSlider.lo
  OBJC     gui/macosx/libmacosx_plugin_la-VLCSliderCell.lo
  OBJC     gui/macosx/libmacosx_plugin_la-VLCVolumeSlider.lo
  OBJC     gui/macosx/libmacosx_plugin_la-VLCVolumeSliderCell.lo
  OBJC     gui/macosx/libmacosx_plugin_la-VLCWrappableTextField.lo
  OBJC     gui/macosx/libmacosx_plugin_la-VLCRemoteControlService.lo
  OBJC     gui/macosx/PXSourceList/libmacosx_plugin_la-PXSourceList.lo
  OBJC     gui/macosx/PXSourceList/libmacosx_plugin_la-PXSourceListBadgeCell.lo
  OBJC     gui/macosx/PXSourceList/libmacosx_plugin_la-PXSourceListBadgeView.lo
  OBJC     gui/macosx/PXSourceList/libmacosx_plugin_la-PXSourceListItem.lo
  OBJC     gui/macosx/PXSourceList/libmacosx_plugin_la-PXSourceListTableCellView.lo
  OBJC     gui/macosx/PXSourceList/Internal/libmacosx_plugin_la-PXSourceListDelegateDataSourceProxy.lo
  OBJC     gui/macosx/PXSourceList/Internal/libmacosx_plugin_la-PXSourceListRuntimeAdditions.lo
  CC       keystore/memory.lo
  CC       keystore/list_util.lo
  CC       keystore/file.lo
  OBJC     keystore/libkeychain_plugin_la-keychain.lo
  CC       logger/console.lo
  CC       logger/file.lo
  CC       logger/syslog.lo
  CC       lua/liblua_plugin_la-extension.lo
  CC       lua/liblua_plugin_la-extension_thread.lo
/Users/cam/Documents/Projects/ultima-iv-web/vlc-thumbs/work/build/vlc-source/extras/package/macosx/../../../modules/lua/extension.c:1159:54: warning: unused parameter 'p_event' [-Wunused-parameter]
 1159 | static void inputItemMetaChanged( const vlc_event_t *p_event,
      |                                                      ^
  CC       lua/liblua_plugin_la-intf.lo
1 warning generated.
  CC       lua/liblua_plugin_la-meta.lo
  CC       lua/liblua_plugin_la-demux.lo
  CC       lua/liblua_plugin_la-services_discovery.lo
  CC       lua/liblua_plugin_la-vlc.lo
  CC       lua/libs/liblua_plugin_la-configuration.lo
  CC       lua/libs/liblua_plugin_la-equalizer.lo
  CC       lua/libs/liblua_plugin_la-gettext.lo
  CC       lua/libs/liblua_plugin_la-dialog.lo
  CC       lua/libs/liblua_plugin_la-httpd.lo
  CC       lua/libs/liblua_plugin_la-input.lo
  CC       lua/libs/liblua_plugin_la-messages.lo
  CC       lua/libs/liblua_plugin_la-misc.lo
  CC       lua/libs/liblua_plugin_la-net.lo
  CC       lua/libs/liblua_plugin_la-objects.lo
  CC       lua/libs/liblua_plugin_la-osd.lo
  CC       lua/libs/liblua_plugin_la-playlist.lo
  CC       lua/libs/liblua_plugin_la-sd.lo
  CC       lua/libs/liblua_plugin_la-stream.lo
  CC       lua/libs/liblua_plugin_la-strings.lo
/Users/cam/Documents/Projects/ultima-iv-web/vlc-thumbs/work/build/vlc-source/extras/package/macosx/../../../modules/lua/libs/sd.c:449:25: warning: 'playlist_IsServicesDiscoveryLoaded' is deprecated [-Wdeprecated-declarations]
  449 |     lua_pushboolean( L, playlist_IsServicesDiscoveryLoaded( p_playlist, psz_sd ));
      |                         ^
/Users/cam/Documents/Projects/ultima-iv-web/vlc-thumbs/work/build/vlc-source/extras/package/macosx/../../../include/vlc_playlist.h:357:77: note: 'playlist_IsServicesDiscoveryLoaded' has been explicitly marked deprecated here
  357 | VLC_API bool playlist_IsServicesDiscoveryLoaded( playlist_t *,const char *) VLC_DEPRECATED;
      |                                                                             ^
/Users/cam/Documents/Projects/ultima-iv-web/vlc-thumbs/work/build/vlc-source/extras/package/macosx/../../../include/vlc_common.h:85:40: note: expanded from macro 'VLC_DEPRECATED'
   85 | # define VLC_DEPRECATED __attribute__((deprecated))
      |                                        ^
  CC       lua/libs/liblua_plugin_la-variables.lo
1 warning generated.
  CC       lua/libs/liblua_plugin_la-video.lo
  CC       lua/libs/liblua_plugin_la-vlm.lo
  CC       lua/libs/liblua_plugin_la-volume.lo
  CC       lua/libs/liblua_plugin_la-xml.lo
  CC       lua/libs/liblua_plugin_la-io.lo
  CC       lua/libs/liblua_plugin_la-errno.lo
  CC       meta_engine/folder.lo
  CXX      meta_engine/libtaglib_plugin_la-taglib.lo
  CC       misc/logger.lo
  CC       misc/stats.lo
  CC       misc/audioscrobbler.lo
In file included from /Users/cam/Documents/Projects/ultima-iv-web/vlc-thumbs/work/build/vlc-source/extras/package/macosx/../../../modules/meta_engine/taglib.cpp:27:
In file included from ../config.h:1000:
In file included from /Users/cam/Documents/Projects/ultima-iv-web/vlc-thumbs/work/build/vlc-source/extras/package/macosx/../../../include/vlc_fixups.h:97:
In file included from /Applications/Xcode.app/Contents/Developer/Platforms/MacOSX.platform/Developer/SDKs/MacOSX.sdk/usr/include/c++/v1/stddef.h:30:
In file included from /Applications/Xcode.app/Contents/Developer/Platforms/MacOSX.platform/Developer/SDKs/MacOSX.sdk/usr/include/c++/v1/__config:15:
/Applications/Xcode.app/Contents/Developer/Platforms/MacOSX.platform/Developer/SDKs/MacOSX.sdk/usr/include/c++/v1/__configuration/availability.h:204:4: warning: "The selected platform is no longer supported by libc++." [-W#warnings]
  204 | #  warning "The selected platform is no longer supported by libc++."
      |    ^
  CC       misc/playlist/html.lo
  CC       misc/playlist/m3u.lo
  CC       misc/playlist/xspf.lo
  CC       misc/playlist/export.lo
  CCLD     libfingerprinter_plugin.la
  CCLD     libgnutls_plugin.la
  CCLD     libsecuretransport_plugin.la
In file included from /Users/cam/Documents/Projects/ultima-iv-web/vlc-thumbs/work/build/vlc-source/extras/package/macosx/../../../modules/meta_engine/taglib.cpp:86:
/Users/cam/Documents/Projects/ultima-iv-web/vlc-thumbs/work/build/vlc-source/extras/package/macosx/../../../modules/meta_engine/ID3Pictures.h:53:5: warning: array designators are a C99 extension [-Wc99-designator]
   53 |     [ID3_PICTURE_OTHER]                 = 0,
      |     ^~~~~~~~~~~~~~~~~~~
  CC       misc/addons/vorepository.lo
/Users/cam/Documents/Projects/ultima-iv-web/vlc-thumbs/work/build/vlc-source/extras/package/macosx/../../../modules/misc/addons/vorepository.c:403:37: warning: 'tempnam' is deprecated: This function is provided for compatibility reasons only.  Due to security concerns inherent in the design of tempnam(3), it is highly recommended that you use mkstemp(3) instead. [-Wdeprecated-declarations]
  403 |     p_finder->p_sys->psz_tempfile = tempnam( NULL, "vlp" );
      |                                     ^
/Applications/Xcode.app/Contents/Developer/Platforms/MacOSX.platform/Developer/SDKs/MacOSX.sdk/usr/include/_stdio.h:407:1: note: 'tempnam' has been explicitly marked deprecated here
  407 | __deprecated_msg("This function is provided for compatibility reasons only.  Due to security concerns inherent in the design of tempnam(3), it is highly recommended that you use mkstemp(3) instead.")
      | ^
  CC       misc/addons/fsstorage.lo
/Applications/Xcode.app/Contents/Developer/Platforms/MacOSX.platform/Developer/SDKs/MacOSX.sdk/usr/include/sys/cdefs.h:227:48: note: expanded from macro '__deprecated_msg'
  227 |         #define __deprecated_msg(_msg) __attribute__((__deprecated__(_msg)))
      |                                                       ^
1 warning generated.
  CCLD     libvod_rtsp_plugin.la
  CC       misc/xml/libxml_plugin_la-libxml.lo
  CC       mux/dummy.lo
/Users/cam/Documents/Projects/ultima-iv-web/vlc-thumbs/work/build/vlc-source/extras/package/macosx/../../../modules/mux/dummy.c:167:19: warning: 'block_FifoCount' is deprecated [-Wdeprecated-declarations]
  167 |         i_count = block_FifoCount( p_fifo );
      |                   ^
/Users/cam/Documents/Projects/ultima-iv-web/vlc-thumbs/work/build/vlc-source/extras/package/macosx/../../../include/vlc_block.h:477:57: note: 'block_FifoCount' has been explicitly marked deprecated here
  477 | VLC_API size_t block_FifoCount(block_fifo_t *) VLC_USED VLC_DEPRECATED;
      |                                                         ^
/Users/cam/Documents/Projects/ultima-iv-web/vlc-thumbs/work/build/vlc-source/extras/package/macosx/../../../include/vlc_common.h:85:40: note: expanded from macro 'VLC_DEPRECATED'
   85 | # define VLC_DEPRECATED __attribute__((deprecated))
      |                                        ^
1 warning generated.
  CC       mux/asf.lo
  CC       mux/avi.lo
2 warnings generated.
  CCLD     libmux_mp4_plugin.la
/Users/cam/Documents/Projects/ultima-iv-web/vlc-thumbs/work/build/vlc-source/extras/package/macosx/../../../modules/mux/asf.c:1002:28: warning: variable 'i_dst_num' is used uninitialized whenever 'for' loop exits because its condition is false [-Wsometimes-uninitialized]
 1002 |         for( size_t i = 0; i < vlc_array_count( &p_sys->tracks ); i++ )
      |                            ^~~~~~~~~~~~~~~~~~~~~~~~~~~~~~~~~~~~~
/Users/cam/Documents/Projects/ultima-iv-web/vlc-thumbs/work/build/vlc-source/extras/package/macosx/../../../modules/mux/asf.c:1029:28: note: uninitialized use occurs here
 1029 |         bo_addle_u32( &bo, i_dst_num ); /* data */
      |                            ^~~~~~~~~
/Users/cam/Documents/Projects/ultima-iv-web/vlc-thumbs/work/build/vlc-source/extras/package/macosx/../../../modules/mux/asf.c:1002:28: note: remove the condition if it is always true
 1002 |         for( size_t i = 0; i < vlc_array_count( &p_sys->tracks ); i++ )
      |                            ^~~~~~~~~~~~~~~~~~~~~~~~~~~~~~~~~~~~~
/Users/cam/Documents/Projects/ultima-iv-web/vlc-thumbs/work/build/vlc-source/extras/package/macosx/../../../modules/mux/asf.c:999:31: note: initialize the variable 'i_dst_num' to silence this warning
  999 |         unsigned int i_dst_num, i_dst_den;
      |                               ^
      |                                = 0
/Users/cam/Documents/Projects/ultima-iv-web/vlc-thumbs/work/build/vlc-source/extras/package/macosx/../../../modules/mux/asf.c:1002:28: warning: variable 'i_dst_den' is used uninitialized whenever 'for' loop exits because its condition is false [-Wsometimes-uninitialized]
 1002 |         for( size_t i = 0; i < vlc_array_count( &p_sys->tracks ); i++ )
      |                            ^~~~~~~~~~~~~~~~~~~~~~~~~~~~~~~~~~~~~
/Users/cam/Documents/Projects/ultima-iv-web/vlc-thumbs/work/build/vlc-source/extras/package/macosx/../../../modules/mux/asf.c:1037:28: note: uninitialized use occurs here
 1037 |         bo_addle_u32( &bo, i_dst_den ); /* data */
      |                            ^~~~~~~~~
/Users/cam/Documents/Projects/ultima-iv-web/vlc-thumbs/work/build/vlc-source/extras/package/macosx/../../../modules/mux/asf.c:1002:28: note: remove the condition if it is always true
 1002 |         for( size_t i = 0; i < vlc_array_count( &p_sys->tracks ); i++ )
      |                            ^~~~~~~~~~~~~~~~~~~~~~~~~~~~~~~~~~~~~
/Users/cam/Documents/Projects/ultima-iv-web/vlc-thumbs/work/build/vlc-source/extras/package/macosx/../../../modules/mux/asf.c:999:42: note: initialize the variable 'i_dst_den' to silence this warning
  999 |         unsigned int i_dst_num, i_dst_den;
      |                                          ^
      |                                           = 0
/Users/cam/Documents/Projects/ultima-iv-web/vlc-thumbs/work/build/vlc-source/extras/package/macosx/../../../modules/mux/avi.c:521:19: warning: 'block_FifoCount' is deprecated [-Wdeprecated-declarations]
  521 |         i_count = block_FifoCount(  p_fifo );
      |                   ^
/Users/cam/Documents/Projects/ultima-iv-web/vlc-thumbs/work/build/vlc-source/extras/package/macosx/../../../include/vlc_block.h:477:57: note: 'block_FifoCount' has been explicitly marked deprecated here
  477 | VLC_API size_t block_FifoCount(block_fifo_t *) VLC_USED VLC_DEPRECATED;
      |                                                         ^
/Users/cam/Documents/Projects/ultima-iv-web/vlc-thumbs/work/build/vlc-source/extras/package/macosx/../../../include/vlc_common.h:85:40: note: expanded from macro 'VLC_DEPRECATED'
   85 | # define VLC_DEPRECATED __attribute__((deprecated))
      |                                        ^
/Users/cam/Documents/Projects/ultima-iv-web/vlc-thumbs/work/build/vlc-source/extras/package/macosx/../../../modules/mux/avi.c:528:17: warning: 'block_FifoCount' is deprecated [-Wdeprecated-declarations]
  528 |             if( block_FifoCount( p_fifo ) > 0 )
      |                 ^
/Users/cam/Documents/Projects/ultima-iv-web/vlc-thumbs/work/build/vlc-source/extras/package/macosx/../../../include/vlc_block.h:477:57: note: 'block_FifoCount' has been explicitly marked deprecated here
  477 | VLC_API size_t block_FifoCount(block_fifo_t *) VLC_USED VLC_DEPRECATED;
      |                                                         ^
/Users/cam/Documents/Projects/ultima-iv-web/vlc-thumbs/work/build/vlc-source/extras/package/macosx/../../../include/vlc_common.h:85:40: note: expanded from macro 'VLC_DEPRECATED'
   85 | # define VLC_DEPRECATED __attribute__((deprecated))
      |                                        ^
  CC       mux/mpjpeg.lo
/Users/cam/Documents/Projects/ultima-iv-web/vlc-thumbs/work/build/vlc-source/extras/package/macosx/../../../modules/mux/mpjpeg.c:153:12: warning: 'block_FifoCount' is deprecated [-Wdeprecated-declarations]
  153 |     while( block_FifoCount( p_fifo ) > 0 )
      |            ^
/Users/cam/Documents/Projects/ultima-iv-web/vlc-thumbs/work/build/vlc-source/extras/package/macosx/../../../include/vlc_block.h:477:57: note: 'block_FifoCount' has been explicitly marked deprecated here
  477 | VLC_API size_t block_FifoCount(block_fifo_t *) VLC_USED VLC_DEPRECATED;
      |                                                         ^
/Users/cam/Documents/Projects/ultima-iv-web/vlc-thumbs/work/build/vlc-source/extras/package/macosx/../../../include/vlc_common.h:85:40: note: expanded from macro 'VLC_DEPRECATED'
   85 | # define VLC_DEPRECATED __attribute__((deprecated))
      |                                        ^
1 warning generated.
  CCLD     libmux_ps_plugin.la
2 warnings generated.
2 warnings generated.
  CCLD     libmux_wav_plugin.la
  CCLD     libmux_ogg_plugin.la
  CCLD     libmux_ts_plugin.la
  CC       video_filter/deinterlace/common.lo
  CC       video_output/event_thread.lo
  CCLD     libpacketizer_av1_plugin.la
  CCLD     libpacketizer_mpegvideo_plugin.la
  CCLD     libpacketizer_mpeg4video_plugin.la
  CCLD     libpacketizer_mpeg4audio_plugin.la
  CCLD     libpacketizer_h264_plugin.la
  CCLD     libpacketizer_mpegaudio_plugin.la
  CCLD     libpacketizer_vc1_plugin.la
  CCLD     libpacketizer_mlp_plugin.la
  CCLD     libpacketizer_dirac_plugin.la
  CCLD     libpacketizer_flac_plugin.la
  CCLD     libpacketizer_hevc_plugin.la
  CCLD     libpacketizer_copy_plugin.la
  CCLD     libpacketizer_a52_plugin.la
  CCLD     libpacketizer_dts_plugin.la
  CC       services_discovery/mediadirs.lo
  CC       services_discovery/podcast.lo
  CC       services_discovery/libsap_plugin_la-sap.lo
  CXX      services_discovery/libupnp_plugin_la-upnp.lo
In file included from /Users/cam/Documents/Projects/ultima-iv-web/vlc-thumbs/work/build/vlc-source/extras/package/macosx/../../../modules/services_discovery/upnp.cpp:31:
In file included from /Users/cam/Documents/Projects/ultima-iv-web/vlc-thumbs/work/build/vlc-source/extras/package/macosx/../../../modules/services_discovery/upnp.hpp:28:
In file included from ../config.h:1000:
In file included from /Users/cam/Documents/Projects/ultima-iv-web/vlc-thumbs/work/build/vlc-source/extras/package/macosx/../../../include/vlc_fixups.h:97:
In file included from /Applications/Xcode.app/Contents/Developer/Platforms/MacOSX.platform/Developer/SDKs/MacOSX.sdk/usr/include/c++/v1/stddef.h:30:
In file included from /Applications/Xcode.app/Contents/Developer/Platforms/MacOSX.platform/Developer/SDKs/MacOSX.sdk/usr/include/c++/v1/__config:15:
/Applications/Xcode.app/Contents/Developer/Platforms/MacOSX.platform/Developer/SDKs/MacOSX.sdk/usr/include/c++/v1/__configuration/availability.h:204:4: warning: "The selected platform is no longer supported by libc++." [-W#warnings]
  204 | #  warning "The selected platform is no longer supported by libc++."
      |    ^
/Users/cam/Documents/Projects/ultima-iv-web/vlc-thumbs/work/build/vlc-source/extras/package/macosx/../../../modules/services_discovery/sap.c:900:9: warning: 'services_discovery_AddItemCat' is deprecated [-Wdeprecated-declarations]
  900 |         services_discovery_AddItemCat(p_sd, p_input, str ? str : psz_value);
      |         ^
/Users/cam/Documents/Projects/ultima-iv-web/vlc-thumbs/work/build/vlc-source/extras/package/macosx/../../../include/vlc_services_discovery.h:193:1: note: 'services_discovery_AddItemCat' has been explicitly marked deprecated here
  193 | VLC_DEPRECATED
      | ^
/Users/cam/Documents/Projects/ultima-iv-web/vlc-thumbs/work/build/vlc-source/extras/package/macosx/../../../include/vlc_common.h:85:40: note: expanded from macro 'VLC_DEPRECATED'
   85 | # define VLC_DEPRECATED __attribute__((deprecated))
      |                                        ^
/Users/cam/Documents/Projects/ultima-iv-web/vlc-thumbs/work/build/vlc-source/extras/package/macosx/../../../modules/services_discovery/sap.c:908:9: warning: 'services_discovery_AddItemCat' is deprecated [-Wdeprecated-declarations]
  908 |         services_discovery_AddItemCat(p_sd, p_input, psz_value);
      |         ^
/Users/cam/Documents/Projects/ultima-iv-web/vlc-thumbs/work/build/vlc-source/extras/package/macosx/../../../include/vlc_services_discovery.h:193:1: note: 'services_discovery_AddItemCat' has been explicitly marked deprecated here
  193 | VLC_DEPRECATED
      | ^
/Users/cam/Documents/Projects/ultima-iv-web/vlc-thumbs/work/build/vlc-source/extras/package/macosx/../../../include/vlc_common.h:85:40: note: expanded from macro 'VLC_DEPRECATED'
   85 | # define VLC_DEPRECATED __attribute__((deprecated))
      |                                        ^
  OBJC     services_discovery/libbonjour_plugin_la-bonjour.lo
  CC       stream_out/dummy.lo
2 warnings generated.
  CC       stream_out/cycle.lo
  CC       stream_out/delay.lo
  CC       stream_out/stats.lo
  CC       stream_out/description.lo
  CC       stream_out/libstream_out_standard_plugin_la-standard.lo
  CC       stream_out/duplicate.lo
/Users/cam/Documents/Projects/ultima-iv-web/vlc-thumbs/work/build/vlc-source/extras/package/macosx/../../../modules/services_discovery/upnp.cpp:1604:14: warning: unused function 'getIpv4ForMulticast' [-Wunused-function]
 1604 | static char *getIpv4ForMulticast()
      |              ^~~~~~~~~~~~~~~~~~~
  CC       stream_out/es.lo
  CC       stream_out/display.lo
  CC       stream_out/gather.lo
  CC       stream_out/bridge.lo
  CC       stream_out/mosaic_bridge.lo
  CC       stream_out/autodel.lo
2 warnings generated.
  CC       stream_out/record.lo
  CC       stream_out/smem.lo
  CC       stream_out/setid.lo
  CC       stream_out/transcode/libstream_out_transcode_plugin_la-transcode.lo
/Users/cam/Documents/Projects/ultima-iv-web/vlc-thumbs/work/build/vlc-source/extras/package/macosx/../../../modules/stream_out/record.c:462:24: warning: 'tempnam' is deprecated: This function is provided for compatibility reasons only.  Due to security concerns inherent in the design of tempnam(3), it is highly recommended that you use mkstemp(3) instead. [-Wdeprecated-declarations]
  462 |             psz_file = tempnam( NULL, "vlc" );
      |                        ^
/Applications/Xcode.app/Contents/Developer/Platforms/MacOSX.platform/Developer/SDKs/MacOSX.sdk/usr/include/_stdio.h:407:1: note: 'tempnam' has been explicitly marked deprecated here
  407 | __deprecated_msg("This function is provided for compatibility reasons only.  Due to security concerns inherent in the design of tempnam(3), it is highly recommended that you use mkstemp(3) instead.")
      | ^
/Applications/Xcode.app/Contents/Developer/Platforms/MacOSX.platform/Developer/SDKs/MacOSX.sdk/usr/include/sys/cdefs.h:227:48: note: expanded from macro '__deprecated_msg'
  227 |         #define __deprecated_msg(_msg) __attribute__((__deprecated__(_msg)))
      |                                                       ^
  CC       stream_out/transcode/libstream_out_transcode_plugin_la-spu.lo
1 warning generated.
  CC       stream_out/transcode/libstream_out_transcode_plugin_la-audio.lo
  CC       stream_out/transcode/libstream_out_transcode_plugin_la-video.lo
  CCLD     libstream_out_rtp_plugin.la
  CXXLD    libstream_out_chromaprint_plugin.la
  CXX      stream_out/chromecast/3.4/libstream_out_chromecast_plugin_la-cast_channel.pb.lo
In file included from stream_out/chromecast/3.4/cast_channel.pb.cc:5:
In file included from stream_out/chromecast/3.4/cast_channel.pb.h:7:
In file included from /Applications/Xcode.app/Contents/Developer/Platforms/MacOSX.platform/Developer/SDKs/MacOSX.sdk/usr/include/c++/v1/string:594:
In file included from /Applications/Xcode.app/Contents/Developer/Platforms/MacOSX.platform/Developer/SDKs/MacOSX.sdk/usr/include/c++/v1/__algorithm/max.h:12:
In file included from /Applications/Xcode.app/Contents/Developer/Platforms/MacOSX.platform/Developer/SDKs/MacOSX.sdk/usr/include/c++/v1/__algorithm/comp.h:12:
In file included from /Applications/Xcode.app/Contents/Developer/Platforms/MacOSX.platform/Developer/SDKs/MacOSX.sdk/usr/include/c++/v1/__config:15:
/Applications/Xcode.app/Contents/Developer/Platforms/MacOSX.platform/Developer/SDKs/MacOSX.sdk/usr/include/c++/v1/__configuration/availability.h:204:4: warning: "The selected platform is no longer supported by libc++." [-W#warnings]
  204 | #  warning "The selected platform is no longer supported by libc++."
      |    ^
  CC       video_splitter/clone.lo
  CC       video_splitter/wall.lo
  CC       spu/subsdelay.lo
ld: warning: ignoring duplicate libraries: '-lc++'
In file included from stream_out/chromecast/3.4/cast_channel.pb.cc:5:
In file included from stream_out/chromecast/3.4/cast_channel.pb.h:23:
/Users/cam/Documents/Projects/ultima-iv-web/vlc-thumbs/work/build/vlc-source/contrib/aarch64-apple-darwin27/include/google/protobuf/arena.h:856:16: warning: unused parameter 'value' [-Wunused-parameter]
  856 |       const T* value, google::protobuf::internal::false_type) {
      |                ^
In file included from stream_out/chromecast/3.4/cast_channel.pb.cc:5:
stream_out/chromecast/3.4/cast_channel.pb.h:820:6: warning: 'PROTOBUF_INLINE_NOT_IN_HEADERS' is not defined, evaluates to 0 [-Wundef]
  820 | #if !PROTOBUF_INLINE_NOT_IN_HEAD  CC       spu/audiobargraph_v.lo
ERS
      |      ^
  CC       spu/logo.lo
stream_out/chromecast/3.4/cast_channel.pb.cc:651:5: warning: 'PROTOBUF_INLINE_NOT_IN_HEADERS' is not defined, evaluates to 0 [-Wundef]
  651 | #if PROTOBUF_INLINE_NOT_IN_HEADERS
      |     ^
stream_out/chromecast/3.4/cast_channel.pb.cc:1178:5: warning: 'PROTOBUF_INLINE_NOT_IN_HEADERS' is not defined, evaluates to 0 [-Wundef]
 1178 | #if PROTOBUF_INLINE_NOT_IN_HEADERS
      |     ^
stream_out/chromecast/3.4/cast_channel.pb.cc:1455:5: warning: 'PROTOBUF_INLINE_NOT_IN_HEADERS' is not defined, evaluates to 0 [-Wundef]
 1455 | #if PROTOBUF_INLINE_NOT_IN_HEADERS
      |     ^
stream_out/chromecast/3.4/cast_channel.pb.cc:1790:5: warning: 'PROTOBUF_INLINE_NOT_IN_HEADERS' is not defined, evaluates to 0 [-Wundef]
 1790 | #if PROTOBUF_INLINE_NOT_IN_HEADERS
      |     ^
stream_out/chromecast/3.4/cast_channel.pb.cc:2120:5: warning: 'PROTOBUF_INLINE_NOT_IN_HEADERS' is not defined, evaluates to 0 [-Wundef]
 2120 | #if PROTOBUF_INLINE_NOT_IN_HEADERS
      |     ^
  CC       spu/marq.lo
/Users/cam/Documents/Projects/ultima-iv-web/vlc-thumbs/work/build/vlc-source/extras/package/macosx/../../../modules/spu/logo.c:548:30: warning: comparison of integers of different signs: 'int' and 'unsigned int' [-Wsign-compare]
  548 |             p_sys->i_pos_x = VLC_CLIP( p_sys->i_pos_x + i_dx, 0,
      |                              ^~~~~~~~~~~~~~~~~~~~~~~~~~~~~~~~~~~
  549 |                                     p_filter->fmt_in.video.i_width  - i_logo_w );
      |                                     ~~~~~~~~~~~~~~~~~~~~~~~~~~~~~~~~~~~~~~~~~~~~
/Users/cam/Documents/Projects/ultima-iv-web/vlc-thumbs/work/build/vlc-source/extras/package/macosx/../../../include/vlc_common.h:502:34: note: expanded from macro 'VLC_CLIP'
  502 | #define VLC_CLIP(v, min, max)    __MIN(__MAX((v), (min)), (max))
      |                                  ^~~~~~~~~~~~~~~~~~~~~~~~~~~~~~~
/Users/cam/Documents/Projects/ultima-iv-web/vlc-thumbs/work/build/vlc-source/extras/package/macosx/../../../include/vlc_common.h:498:33: note: expanded from macro '__MIN'
  498 | #   define __MIN(a, b)   ( ((a) < (b)) ? (a) : (b) )
      |                              ~  ^  ~
/Users/cam/Documents/Projects/ultima-iv-web/vlc-thumbs/work/build/vlc-source/extras/package/macosx/../../../modules/spu/logo.c:550:30: warning: comparison of integers of different signs: 'int' and 'unsigned int' [-Wsign-compare]
  550 |             p_sys->i_pos_y = VLC_CLIP( p_sys->i_pos_y + i_dy, 0,
      |                              ^~~~~~~~~~~~~~~~~~~~~~~~~~~~~~~~~~~
  551 |                                     p_filter->fmt_in.video.i_height - i_logo_h );
      |                                     ~~~~~~~~~~~~~~~~~~~~~~~~~~~~~~~~~~~~~~~~~~~~
/Users/cam/Documents/Projects/ultima-iv-web/vlc-thumbs/work/build/vlc-source/extras/package/macosx/../../../include/vlc_common.h:502:34: note: expanded from macro 'VLC_CLIP'
  502 | #define VLC_CLIP(v, min, max)    __MIN(__MAX((v), (min)), (max))
      |                                  ^~~~~~~~~~~~~~~~~~~~~~~~~~~~~~~
/Users/cam/Documents/Projects/ultima-iv-web/vlc-thumbs/work/build/vlc-source/extras/package/macosx/../../../include/vlc_common.h:498:33: note: expanded from macro '__MIN'
  498 | #   define __MIN(a, b)   ( ((a) < (b)) ? (a) : (b) )
      |                              ~  ^  ~
2 warnings generated.
  CC       spu/mosaic.lo
  CC       spu/rss.lo
  CC       spu/dynamicoverlay/dynamicoverlay_buffer.lo
  CC       spu/dynamicoverlay/dynamicoverlay_queue.lo
  CC       spu/dynamicoverlay/dynamicoverlay_list.lo
  CC       spu/dynamicoverlay/dynamicoverlay_commands.lo
8 warnings generated.
  CC       spu/dynamicoverlay/dynamicoverlay.lo
  CCLD     libremoteosd_plugin.la
  CC       stream_extractor/libarchive_plugin_la-archive.lo
  CC       stream_filter/cache_read.lo
  CC       stream_filter/cache_block.lo
  CC       stream_filter/decomp.lo
  CC       stream_filter/inflate.lo
  CC       stream_filter/prefetch.lo
  CC       stream_filter/hds/libhds_plugin_la-hds.lo
  CCLD     librecord_plugin.la
  CCLD     libadf_plugin.la
  CCLD     libskiptags_plugin.la
  CC       text_renderer/tdummy.lo
  CC       text_renderer/freetype/libfreetype_plugin_la-platform_fonts.lo
  CC       text_renderer/freetype/libfreetype_plugin_la-freetype.lo
  CC       text_renderer/freetype/libfreetype_plugin_la-text_layout.lo
  CC       text_renderer/freetype/fonts/libfreetype_plugin_la-darwin.lo
  OBJCLD   libnsspeechsynthesizer_plugin.la
/Users/cam/Documents/Projects/ultima-iv-web/vlc-thumbs/work/build/vlc-source/extras/package/macosx/../../../modules/text_renderer/freetype/fonts/darwin.c:157:49: warning: variable length array folded to constant array as an extension [-Wgnu-folding-constant]
  157 |     CTFontDescriptorRef coreTextFontDescriptors[numberOfAttributes];
      |                                                 ^~~~~~~~~~~~~~~~~~
/Users/cam/Documents/Projects/ultima-iv-web/vlc-thumbs/work/build/vlc-source/extras/package/macosx/../../../modules/text_renderer/freetype/fonts/darwin.c:158:47: warning: variable length array folded to constant array as an extension [-Wgnu-folding-constant]
  158 |     CFMutableDictionaryRef coreTextAttributes[numberOfAttributes];
      |                                               ^~~~~~~~~~~~~~~~~~
/Users/cam/Documents/Projects/ultima-iv-web/vlc-thumbs/work/build/vlc-source/extras/package/macosx/../../../modules/text_renderer/freetype/fonts/darwin.c:159:32: warning: variable length array folded to constant array as an extension [-Wgnu-folding-constant]
  159 |     CFStringRef attributeNames[numberOfAttributes] = {
      |                                ^~~~~~~~~~~~~~~~~~
3 warnings generated.
  CC       video_filter/adjust.lo
  CC       video_filter/adjust_sat_hue.lo
/Users/cam/Documents/Projects/ultima-iv-web/vlc-thumbs/work/build/vlc-source/extras/package/macosx/../../../modules/video_filter/adjust.c:299:37: warning: comparison of integers of different signs: 'int' and 'const unsigned int' [-Wsign-compare]
  299 |             pi_luma[ i ] = pi_gamma[VLC_CLIP( (int)(i_lum + i_cont * i / i_range), 0, i_max )];
      |                                     ^~~~~~~~~~~~~~~~~~~~~~~~~~~~~~~~~~~~~~~~~~~~~~~~~~~~~~~~~
/Users/cam/Documents/Projects/ultima-iv-web/vlc-thumbs/work/build/vlc-source/extras/package/macosx/../../../include/vlc_common.h:502:34: note: expanded from macro 'VLC_CLIP'
  502 | #define VLC_CLIP(v, min, max)    __MIN(__MAX((v), (min)), (max))
      |                                  ^~~~~~~~~~~~~~~~~~~~~~~~~~~~~~~
/Users/cam/Documents/Projects/ultima-iv-web/vlc-thumbs/work/build/vlc-source/extras/package/macosx/../../../include/vlc_common.h:498:33: note: expanded from macro '__MIN'
  498 | #   define __MIN(a, b)   ( ((a) < (b)) ? (a) : (b) )
      |                              ~  ^  ~
  CC       video_filter/alphamask.lo
1 warning generated.
  CC       video_filter/ball.lo
ld: warning: search path '/Users/cam/Documents/Projects/ultima-iv-web/vlc-thumbs/work/build/vlc-source/contrib/aarch64-apple-darwin27/Frameworks' not found
  CC       video_filter/blendbench.lo
  CC       video_filter/bluescreen.lo
  CC       video_filter/canvas.lo
  CC       video_filter/colorthres.lo
  CC       video_filter/croppadd.lo
  CC       video_filter/edgedetection.lo
  CC       video_filter/erase.lo
  CC       video_filter/extract.lo
  CC       video_filter/gradient.lo
  CC       video_filter/grain.lo
  CC       video_filter/gaussianblur.lo
  CC       video_filter/invert.lo
  CC       video_filter/magnify.lo
  CC       video_filter/mirror.lo
  CC       video_filter/motionblur.lo
  CC       video_filter/motiondetect.lo
  CC       video_filter/posterize.lo
  CC       video_filter/psychedelic.lo
  CC       video_filter/ripple.lo
  CC       video_filter/scale.lo
  CC       video_filter/scene.lo
  CC       video_filter/sepia.lo
  CC       video_filter/sharpen.lo
/Users/cam/Documents/Projects/ultima-iv-web/vlc-thumbs/work/build/vlc-source/extras/package/macosx/../../../modules/video_filter/scale.c:75:2: warning: Converter cannot (really) change output format. [-W#warnings]
   75 | #warning Converter cannot (really) change output format.
      |  ^
/Users/cam/Documents/Projects/ultima-iv-web/vlc-thumbs/work/build/vlc-source/extras/package/macosx/../../../modules/video_filter/scale.c:95:2: warning: Converter cannot (really) change output format. [-W#warnings]
   95 | #warning Converter cannot (really) change output format.
      |  ^
2 warnings generated.
  CC       video_filter/transform.lo
  CC       video_filter/wave.lo
  CC       video_filter/antiflicker.lo
  CC       video_filter/gradfun.lo
  CC       video_filter/hqdn3d.lo
/Users/cam/Documents/Projects/ultima-iv-web/vlc-thumbs/work/build/vlc-source/extras/package/macosx/../../../modules/video_filter/gradfun.c:197:23: warning: 'aligned_alloc' is only available on macOS 10.15 or newer [-Wunguarded-availability-new]
  197 |         cfg->buf    = aligned_alloc(16,
      |                       ^~~~~~~~~~~~~
/Users/cam/Documents/Projects/ultima-iv-web/vlc-thumbs/work/build/vlc-source/extras/package/macosx/../../../include/vlc_fixups.h:312:7: note: 'aligned_alloc' has been marked as being introduced in macOS 10.15 here, but the deployment target is macOS 10.7.0
  312 | void *aligned_alloc(size_t, size_t);
      |       ^
/Users/cam/Documents/Projects/ultima-iv-web/vlc-thumbs/work/build/vlc-source/extras/package/macosx/../../../modules/video_filter/gradfun.c:197:23: note: enclose 'aligned_alloc' in a __builtin_available check to silence this warning
  197 |         cfg->buf    = aligned_alloc(16,
      |                       ^~~~~~~~~~~~~
  198 |                                    (((fmt->i_width + 15) & ~15) * (cfg->radius + 1) / 2 + 32) * sizeof(*cfg->buf));
      |                                                                                                                    
1 warning generated.
  CC       video_filter/anaglyph.lo
  CC       video_filter/oldmovie.lo
  CC       video_filter/vhs.lo
/Users/cam/Documents/Projects/ultima-iv-web/vlc-thumbs/work/build/vlc-source/extras/package/macosx/../../../modules/video_filter/oldmovie.c:460:44: warning: absolute value function 'abs' given an argument of type 'long long' but has parameter of type 'int' which may cause truncation of value [-Wabsolute-value]
  460 |         if ( abs( p_sys->i_sliding_ofs ) < abs( p_sys->i_sliding_speed
      |                                            ^
/Users/cam/Documents/Projects/ultima-iv-web/vlc-thumbs/work/build/vlc-source/extras/package/macosx/../../../modules/video_filter/oldmovie.c:460:44: note: use function 'llabs' instead
  460 |         if ( abs( p_sys->i_sliding_ofs ) < abs( p_sys->i_sliding_speed
      |                                            ^~~
      |                                            llabs
/Users/cam/Documents/Projects/ultima-iv-web/vlc-thumbs/work/build/vlc-source/extras/package/macosx/../../../modules/video_filter/vhs.c:473:44: warning: absolute value function 'abs' given an argument of type 'long long' but has parameter of type 'int' which may cause truncation of value [-Wabsolute-value]
  473 |         if ( abs( p_sys->i_sliding_ofs ) < abs( p_sys->i_sliding_speed
      |                                            ^
/Users/cam/Documents/Projects/ultima-iv-web/vlc-thumbs/work/build/vlc-source/extras/package/macosx/../../../modules/video_filter/vhs.c:473:44: note: use function 'llabs' instead
  473 |         if ( abs( p_sys->i_sliding_ofs ) < abs( p_sys->i_sliding_speed
      |                                            ^~~
      |                                            llabs
  CC       video_filter/fps.lo
  CC       video_filter/freeze.lo
1 warning generated.
  CC       video_filter/puzzle.lo
1 warning generated.
  CC       video_filter/puzzle_bezier.lo
  CC       video_filter/puzzle_lib.lo
/Users/cam/Documents/Projects/ultima-iv-web/vlc-thumbs/work/build/vlc-source/extras/package/macosx/../../../modules/video_filter/puzzle_bezier.c:86:22: warning: using integer absolute value function 'abs' when argument is of floating point type [-Wabsolute-value]
   86 |                 if ( abs ( f_bez_y ) > ( f_bez_x * ( 0.9 * ((float)i_lines) / ((float)i_width) ) ) )
      |                      ^
/Users/cam/Documents/Projects/ultima-iv-web/vlc-thumbs/work/build/vlc-source/extras/package/macosx/../../../modules/video_filter/puzzle_bezier.c:86:22: note: use function 'fabsf' instead
   86 |                 if ( abs ( f_bez_y ) > ( f_bez_x * ( 0.9 * ((float)i_lines) / ((float)i_width) ) ) )
      |                      ^~~
      |                      fabsf
/Users/cam/Documents/Projects/ultima-iv-web/vlc-thumbs/work/build/vlc-source/extras/package/macosx/../../../modules/video_filter/puzzle_bezier.c:90:22: warning: using integer absolute value function 'abs' when argument is of floating point type [-Wabsolute-value]
   90 |                 if ( abs ( f_bez_y ) > ( ( ((float)i_width) - f_bez_x ) * ( 0.9 * ((float)i_lines) / ((float)i_width) ) ) )
      |                      ^
/Users/cam/Documents/Projects/ultima-iv-web/vlc-thumbs/work/build/vlc-source/extras/package/macosx/../../../modules/video_filter/puzzle_bezier.c:90:22: note: use function 'fabsf' instead
   90 |                 if ( abs ( f_bez_y ) > ( ( ((float)i_width) - f_bez_x ) * ( 0.9 * ((float)i_lines) / ((float)i_width) ) ) )
      |                      ^~~
      |                      fabsf
  CC       video_filter/puzzle_mgt.lo
2 warnings generated.
  CC       video_filter/puzzle_pce.lo
  CC       video_filter/rotate.lo
  OBJC     video_filter/ci_filters.lo
  CCLD     libpostproc_plugin.la
  CXXLD    libblend_plugin.la
  CC       visualization/libgoom_plugin_la-goom.lo
In file included from /Users/cam/Documents/Projects/ultima-iv-web/vlc-thumbs/work/build/vlc-source/extras/package/macosx/../../../modules/visualization/goom.c:38:
In file included from /Users/cam/Documents/Projects/ultima-iv-web/vlc-thumbs/work/build/vlc-source/contrib/aarch64-apple-darwin27/include/goom/goom.h:4:
/Users/cam/Documents/Projects/ultima-iv-web/vlc-thumbs/work/build/vlc-source/contrib/aarch64-apple-darwin27/include/goom/goom_config.h:1:5: warning: 'WORDS_BIGENDIAN' is not defined, evaluates to 0 [-Wundef]
    1 | #if WORDS_BIGENDIAN
      |     ^
In file included from /Users/cam/Documents/Projects/ultima-iv-web/vlc-thumbs/work/build/vlc-source/extras/package/macosx/../../../modules/visualization/goom.c:38:
In file included from /Users/cam/Documents/Projects/ultima-iv-web/vlc-thumbs/work/build/vlc-source/contrib/aarch64-apple-darwin27/include/goom/goom.h:5:
In file included from /Users/cam/Documents/Projects/ultima-iv-web/vlc-thumbs/work/build/vlc-source/contrib/aarch64-apple-darwin27/include/goom/goom_plugin_info.h:6:
/Users/cam/Documents/Projects/ultima-iv-web/vlc-thumbs/work/build/vlc-source/contrib/aarch64-apple-darwin27/include/goom/goom_config.h:1:5: warning: 'WORDS_BIGENDIAN' is not defined, evaluates to 0 [-Wundef]
    1 | #if WORDS_BIGENDIAN
      |     ^
In file included from /Users/cam/Documents/Projects/ultima-iv-web/vlc-thumbs/work/build/vlc-source/extras/package/macosx/../../../modules/visualization/goom.c:38:
In file included from /Users/cam/Documents/Projects/ultima-iv-web/vlc-thumbs/work/build/vlc-source/contrib/aarch64-apple-darwin27/include/goom/goom.h:5:
In file included from /Users/cam/Documents/Projects/ultima-iv-web/vlc-thumbs/work/build/vlc-source/contrib/aarch64-apple-darwin27/include/goom/goom_plugin_info.h:11:
In file included from /Users/cam/Documents/Projects/ultima-iv-web/vlc-thumbs/work/build/vlc-source/contrib/aarch64-apple-darwin27/include/goom/goom_filters.h:4:
/Users/cam/Documents/Projects/ultima-iv-web/vlc-thumbs/work/build/vlc-source/contrib/aarch64-apple-darwin27/include/goom/goom_config.h:1:5: warning: 'WORDS_BIGENDIAN' is not defined, evaluates to 0 [-Wundef]
    1 | #if WORDS_BIGENDIAN
      |     ^
3 warnings generated.
  CC       visualization/visual/visual.lo
  CC       visualization/visual/effects.lo
  CC       visualization/visual/fft.lo
  CC       visualization/visual/window.lo
/Users/cam/Documents/Projects/ultima-iv-web/vlc-thumbs/work/build/vlc-source/extras/package/macosx/../../../modules/visualization/visual/effects.c:221:48: warning: implicit conversion from 'uint64_t' (aka 'unsigned long long') to 'float' changes value from 140728898551808 to 140728898420736 [-Wimplicit-const-int-float-conversion]
  221 |         p_dest[i] = p_output[i] * UINT16_MAX / FFT_SCALING_VALUE;
      |                                              ~ ^~~~~~~~~~~~~~~~~
/Users/cam/Documents/Projects/ultima-iv-web/vlc-thumbs/work/build/vlc-source/extras/package/macosx/../../../modules/visualization/visual/fft.h:34:72: note: expanded from macro 'FFT_SCALING_VALUE'
   34 | #define FFT_SCALING_VALUE (FFT_MAX_VALUE_OUTPUT * FFT_MAX_VALUE_OUTPUT * 2)
      |                            ~~~~~~~~~~~~~~~~~~~~~~~~~~~~~~~~~~~~~~~~~~~~^~~
  CC       video_output/opengl/libvout_macosx_plugin_la-vout_helper.lo
  CC       video_output/opengl/libvout_macosx_plugin_la-fragment_shaders.lo
  CC       video_output/opengl/libvout_macosx_plugin_la-converter_sw.lo
1 warning generated.
  OBJCLD   libcaopengllayer_plugin.la
  CCLD     libglconv_cvpx_plugin.la
  CCLD     libflaschen_plugin.la
  CCLD     libvdummy_plugin.la
ld: warning: search path '/Users/cam/Documents/Projects/ultima-iv-web/vlc-thumbs/work/build/vlc-source/contrib/aarch64-apple-darwin27/Frameworks' not found
  CCLD     libvmem_plugin.la
  CCLD     libyuv_plugin.la
  CCLD     liblibbluray_plugin.la
  CCLD     librist_plugin.la
  CCLD     libhttps_plugin.la
  CCLD     librtp_plugin.la
  CCLD     libaccess_output_rist_plugin.la
  CCLD     libi420_nv12_plugin.la
  CCLD     libi420_10_p010_plugin.la
  CCLD     liblibass_plugin.la
  CCLD     libvlc_motion.la
  CCLD     libflacsys_plugin.la
  CCLD     libogg_plugin.la
  CCLD     libps_plugin.la
  CCLD     libasf_plugin.la
  CCLD     libavi_plugin.la
  CXXLD    libmkv_plugin.la
  CCLD     libplaylist_plugin.la
  CCLD     libts_plugin.la
  CXXLD    libvlc_adaptive.la
  CCLD     libnoseek_plugin.la
  CXXLD    libdemux_chromecast_plugin.la
  CCLD     libncurses_plugin.la
  OBJCLD   libmacosx_plugin.la
  CCLD     libmemory_keystore_plugin.la
  CCLD     libfile_keystore_plugin.la
  OBJCLD   libkeychain_plugin.la
  CCLD     libconsole_logger_plugin.la
ld: warning: search path '/Users/cam/Documents/Projects/ultima-iv-web/vlc-thumbs/work/build/vlc-source/contrib/aarch64-apple-darwin27/Frameworks' not found
  CCLD     libfile_logger_plugin.la
ld: warning: search path '/Users/cam/Documents/Projects/ultima-iv-web/vlc-thumbs/work/build/vlc-source/contrib/aarch64-apple-darwin27/Frameworks' not found
  CCLD     libsyslog_plugin.la
  CCLD     liblua_plugin.la
  CCLD     libfolder_plugin.la
  CXXLD    libtaglib_plugin.la
  CCLD     liblogger_plugin.la
  CCLD     libstats_plugin.la
  CCLD     libaudioscrobbler_plugin.la
  CCLD     libexport_plugin.la
  CCLD     libaddonsvorepository_plugin.la
  CCLD     libaddonsfsstorage_plugin.la
  CCLD     libxml_plugin.la
  CCLD     libmux_dummy_plugin.la
  CCLD     libmux_asf_plugin.la
  CCLD     libmux_avi_plugin.la
  CCLD     libmux_mpjpeg_plugin.la
  CCLD     libdeinterlace_common.la
  CCLD     libevent_thread.la
  CCLD     libmediadirs_plugin.la
  CCLD     libpodcast_plugin.la
  CCLD     libsap_plugin.la
  CXXLD    libupnp_plugin.la
  OBJCLD   libbonjour_plugin.la
  CCLD     libstream_out_dummy_plugin.la
  CCLD     libstream_out_cycle_plugin.la
  CCLD     libstream_out_delay_plugin.la
ld: warning: search path '/Users/cam/Documents/Projects/ultima-iv-web/vlc-thumbs/work/build/vlc-source/contrib/aarch64-apple-darwin27/Frameworks' not found
  CCLD     libstream_out_stats_plugin.la
  CCLD     libstream_out_description_plugin.la
  CCLD     libstream_out_standard_plugin.la
  CCLD     libstream_out_duplicate_plugin.la
  CCLD     libstream_out_es_plugin.la
  CCLD     libstream_out_display_plugin.la
  CCLD     libstream_out_gather_plugin.la
  CCLD     libstream_out_bridge_plugin.la
  CCLD     libstream_out_mosaic_bridge_plugin.la
  CCLD     libstream_out_autodel_plugin.la
  CCLD     libstream_out_record_plugin.la
  CCLD     libstream_out_smem_plugin.la
  CCLD     libstream_out_setid_plugin.la
  CCLD     libstream_out_transcode_plugin.la
  CXXLD    libstream_out_chromecast_plugin.la
  CCLD     libclone_plugin.la
  CCLD     libwall_plugin.la
  CCLD     libsubsdelay_plugin.la
  CCLD     libaudiobargraph_v_plugin.la
  CCLD     liblogo_plugin.la
  CCLD     libmarq_plugin.la
  CCLD     libmosaic_plugin.la
  CCLD     librss_plugin.la
  CCLD     libdynamicoverlay_plugin.la
  CCLD     libarchive_plugin.la
  CCLD     libcache_read_plugin.la
  CCLD     libcache_block_plugin.la
  CCLD     libdecomp_plugin.la
ld: library 'b2' not found
clang: error: linker command failed with exit code 1 (use -v to see invocation)
make[4]: *** [libarchive_plugin.la] Error 1
make[4]: *** Waiting for unfinished jobs....
make[3]: *** [all-recursive] Error 1
make[2]: *** [all] Error 2
make[1]: *** [all-recursive] Error 1
make: *** [all] Error 2
