[\033[1;32mbuild\033[0m] Building VLC for macOS for architecture arm64 on a aarch64 device
[\033[1;32mbuild\033[0m] Building in "/Users/cam/Documents/Projects/ultima-iv-web/vlc-thumbs/work/build"
[\033[1;32mbuild\033[0m] Building with minimum macOS version 10.7 and SDK 27.0 at /Applications/Xcode.app/Contents/Developer/Platforms/MacOSX.platform/Developer/SDKs/MacOSX.sdk using Xcode 27.0
Build version 27A266a
[\033[1;32mbuild\033[0m] Building building tools
You are ready to build VLC and its contribs
[\033[1;32mbuild\033[0m] Building contribs
Packages licensing...    GPL version 3
Creating makefile...
Bootstrap completed.
Run "make" to start compilation.

Other targets:
 * make install      same as "make"
 * make prebuilt     fetch and install prebuilt binaries
 * make list         list packages
 * make fetch        fetch required source tarballs
 * make fetch-all    fetch all source tarballs
 * make distclean    clean everything and undo bootstrap
 * make mostlyclean  clean everything except source tarballs
 * make clean        clean everything
 * make package      prepare prebuilt packages
 * make help         show this text
All packages:
  SDL_image a52 alloweduwp amf aom aribb24 aribb25 asdcplib ass
  bluray bpg breakpad caca cddb chromaprint crystalhd d3d11 d3d9
  daala dav1d dca dvbpsi dvdcss dvdnav dvdread dxva dxva_x86 dxvahd
  ebml faad2 ffi ffmpeg flac fluid fluidlite fontconfig freetype2
  fribidi gcrypt gettext glew glib gme gmp gnutls goom gpg-error
  growl gsm harfbuzz iconv jack jpeg kate lame libarchive libdsm
  libmpeg2 libplacebo librist libtasn1 libxml2 live555 lua luac mad
  matroska mft10 microdns mingw11-fixes mingw12-fixes mingw64 modplug
  mpcdec mpg123 mysofa ncurses nettle nfs ogg openapv openjpeg opus
  png postproc projectM protobuf qt qtsvg regex samplerate sdl shout
  sidplay2 smb2 soxr sparkle spatialaudio speex speexdsp srt ssh2
  taglib theora tiger tremor twolame upnp utfcpp vncclient vorbis
  vpl vpx winpthreads wix wixlzx x262 x264 x26410b x265 xau xcb
  xcb-proto xorg-macros xproto zlib zvbi
Distribution-provided packages:
   aom aribb24 asdcplib ass bluray cddb chromaprint dav1d dca dvbpsi
   dvdcss dvdnav dvdread ebml faad2 ffmpeg flac fontconfig freetype2
   fribidi gcrypt gmp gnutls goom gpg-error harfbuzz iconv kate
   libarchive libmpeg2 libplacebo librist libxml2 live555 mad
   matroska modplug mpg123 mysofa ncurses nettle nfs ogg opus png
   postproc protobuf regex samplerate shout sidplay2 spatialaudio
   speex speexdsp srt ssh2 taglib theora twolame upnp vorbis vpx
   x264 x26410b x265 zlib zvbi
Automatically selected packages:
  a52 gettext gme lua luac mpcdec vncclient
Manually deselected packages:
Manually selected packages:
Depended-on packages:
  jpeg
To-be-built packages:
  a52 gettext gme jpeg lua luac mpcdec vncclient
make: Nothing to be done for `fetch'.
make: Nothing to be done for `all'.
[\033[1;32mbuild\033[0m] Bootstrap-ing configure
~/Documents/Projects/ultima-iv-web/vlc-thumbs/work/build/vlc-arm64 ~/Documents/Projects/ultima-iv-web/vlc-thumbs/work/build
checking build system type... aarch64-apple-darwin27
checking host system type... aarch64-apple-darwin27
checking for a BSD-compatible install... /usr/local/bin/ginstall -c
checking whether build environment is sane... yes
checking for a race-free mkdir -p... /usr/local/bin/gmkdir -p
checking for gawk... no
checking for mawk... no
checking for nawk... no
checking for awk... awk
checking whether make sets $(MAKE)... yes
checking whether make supports nested variables... yes
checking whether UID '501' is supported by ustar format... yes
checking whether GID '20' is supported by ustar format... yes
checking how to create a ustar tar archive... gnutar
checking whether make supports nested variables... (cached) yes
checking whether to enable maintainer-specific portions of Makefiles... yes
checking for aarch64-apple-darwin27-gcc... /Applications/Xcode.app/Contents/Developer/Toolchains/XcodeDefault.xctoolchain/usr/bin/clang -isysroot /Applications/Xcode.app/Contents/Developer/Platforms/MacOSX.platform/Developer/SDKs/MacOSX.sdk -mmacosx-version-min=10.7
checking whether the C compiler works... yes
checking for C compiler default output file name... a.out
checking for suffix of executables... 
checking whether we are cross compiling... no
checking for suffix of object files... o
checking whether the compiler supports GNU C... yes
checking whether /Applications/Xcode.app/Contents/Developer/Toolchains/XcodeDefault.xctoolchain/usr/bin/clang -isysroot /Applications/Xcode.app/Contents/Developer/Platforms/MacOSX.platform/Developer/SDKs/MacOSX.sdk -mmacosx-version-min=10.7 accepts -g... yes
checking for /Applications/Xcode.app/Contents/Developer/Toolchains/XcodeDefault.xctoolchain/usr/bin/clang -isysroot /Applications/Xcode.app/Contents/Developer/Platforms/MacOSX.platform/Developer/SDKs/MacOSX.sdk -mmacosx-version-min=10.7 option to enable C11 features... none needed
checking whether /Applications/Xcode.app/Contents/Developer/Toolchains/XcodeDefault.xctoolchain/usr/bin/clang -isysroot /Applications/Xcode.app/Contents/Developer/Platforms/MacOSX.platform/Developer/SDKs/MacOSX.sdk -mmacosx-version-min=10.7 understands -c and -o together... rm: conftest.dSYM: is a directory
yes
checking whether make supports the include directive... yes (GNU style)
checking dependency style of /Applications/Xcode.app/Contents/Developer/Toolchains/XcodeDefault.xctoolchain/usr/bin/clang -isysroot /Applications/Xcode.app/Contents/Developer/Platforms/MacOSX.platform/Developer/SDKs/MacOSX.sdk -mmacosx-version-min=10.7... gcc3
checking for stdio.h... yes
checking for stdlib.h... yes
checking for string.h... yes
checking for inttypes.h... yes
checking for stdint.h... yes
checking for strings.h... yes
checking for sys/stat.h... yes
checking for sys/types.h... yes
checking for unistd.h... yes
checking for wchar.h... yes
checking for minix/config.h... no
checking whether it is safe to define __EXTENSIONS__... yes
checking whether _XOPEN_SOURCE should be defined... no
checking whether /Applications/Xcode.app/Contents/Developer/Toolchains/XcodeDefault.xctoolchain/usr/bin/clang -isysroot /Applications/Xcode.app/Contents/Developer/Platforms/MacOSX.platform/Developer/SDKs/MacOSX.sdk -mmacosx-version-min=10.7  supports C11... yes
checking whether the compiler supports GNU C++... yes
checking whether /Applications/Xcode.app/Contents/Developer/Toolchains/XcodeDefault.xctoolchain/usr/bin/clang++ -isysroot /Applications/Xcode.app/Contents/Developer/Platforms/MacOSX.platform/Developer/SDKs/MacOSX.sdk -mmacosx-version-min=10.7 -stdlib=libc++ -std=c++11 accepts -g... yes
checking for /Applications/Xcode.app/Contents/Developer/Toolchains/XcodeDefault.xctoolchain/usr/bin/clang++ -isysroot /Applications/Xcode.app/Contents/Developer/Platforms/MacOSX.platform/Developer/SDKs/MacOSX.sdk -mmacosx-version-min=10.7 -stdlib=libc++ -std=c++11 option to enable C++11 features... none needed
checking dependency style of /Applications/Xcode.app/Contents/Developer/Toolchains/XcodeDefault.xctoolchain/usr/bin/clang++ -isysroot /Applications/Xcode.app/Contents/Developer/Platforms/MacOSX.platform/Developer/SDKs/MacOSX.sdk -mmacosx-version-min=10.7 -stdlib=libc++ -std=c++11... gcc3
checking how to run the C preprocessor... /Applications/Xcode.app/Contents/Developer/Toolchains/XcodeDefault.xctoolchain/usr/bin/clang -isysroot /Applications/Xcode.app/Contents/Developer/Platforms/MacOSX.platform/Developer/SDKs/MacOSX.sdk -mmacosx-version-min=10.7 -E
checking for aarch64-apple-darwin27-gcc... /Applications/Xcode.app/Contents/Developer/Toolchains/XcodeDefault.xctoolchain/usr/bin/clang -isysroot /Applications/Xcode.app/Contents/Developer/Platforms/MacOSX.platform/Developer/SDKs/MacOSX.sdk -mmacosx-version-min=10.7
checking whether the compiler supports GNU Objective C... yes
checking whether /Applications/Xcode.app/Contents/Developer/Toolchains/XcodeDefault.xctoolchain/usr/bin/clang -isysroot /Applications/Xcode.app/Contents/Developer/Platforms/MacOSX.platform/Developer/SDKs/MacOSX.sdk -mmacosx-version-min=10.7 accepts -g... yes
checking dependency style of /Applications/Xcode.app/Contents/Developer/Toolchains/XcodeDefault.xctoolchain/usr/bin/clang -isysroot /Applications/Xcode.app/Contents/Developer/Platforms/MacOSX.platform/Developer/SDKs/MacOSX.sdk -mmacosx-version-min=10.7... gcc3
checking for grep that handles long lines and -e... /usr/bin/grep
checking for egrep... /usr/bin/grep -E
checking whether make sets $(MAKE)... (cached) yes
checking dependency style of /Applications/Xcode.app/Contents/Developer/Toolchains/XcodeDefault.xctoolchain/usr/bin/clang -isysroot /Applications/Xcode.app/Contents/Developer/Platforms/MacOSX.platform/Developer/SDKs/MacOSX.sdk -mmacosx-version-min=10.7... gcc3
checking for flex... flex
checking for lex output file root... lex.yy
checking for lex library... none needed
checking whether yytext is a pointer... yes
checking for bison... bison -y
checking for desktop-file-validate... no
checking for c11-gcc... no
checking for c11... no
checking for c99-gcc... no
checking for c99... c99
checking for an ANSI C-conforming const... yes
checking for inline... inline
checking for C/C++ restrict keyword... __restrict__
checking whether /Applications/Xcode.app/Contents/Developer/Toolchains/XcodeDefault.xctoolchain/usr/bin/clang++ -isysroot /Applications/Xcode.app/Contents/Developer/Platforms/MacOSX.platform/Developer/SDKs/MacOSX.sdk -mmacosx-version-min=10.7 -stdlib=libc++ -std=c++11 supports C++11 features by default... yes
checking whether C compiler accepts -Werror=unknown-warning-option... yes
checking whether C compiler accepts -Werror=invalid-command-line-argument... yes
checking whether C compiler accepts -Werror=unknown-warning-option... (cached) yes
checking whether C compiler accepts -Werror=invalid-command-line-argument... (cached) yes
checking if AppleClang requires -fno-stack-check... no
checking for 3rd party libraries path... /Users/cam/Documents/Projects/ultima-iv-web/vlc-thumbs/work/build/vlc-source/contrib/aarch64-apple-darwin27
checking how to print strings... printf
checking for a sed that does not truncate output... /usr/bin/sed
checking for fgrep... /usr/bin/grep -F
checking for ld used by /Applications/Xcode.app/Contents/Developer/Toolchains/XcodeDefault.xctoolchain/usr/bin/clang -isysroot /Applications/Xcode.app/Contents/Developer/Platforms/MacOSX.platform/Developer/SDKs/MacOSX.sdk -mmacosx-version-min=10.7 -isysroot /Applications/Xcode.app/Contents/Developer/Platforms/MacOSX.platform/Developer/SDKs/MacOSX.sdk -mmacosx-version-min=10.7...  -syslibroot /Applications/Xcode.app/Contents/Developer/Platforms/MacOSX.platform/Developer/SDKs/MacOSX.sdk -mmacosx_version_min=10.7
checking if the linker ( -syslibroot /Applications/Xcode.app/Contents/Developer/Platforms/MacOSX.platform/Developer/SDKs/MacOSX.sdk -mmacosx_version_min=10.7) is GNU ld... no
checking for BSD- or MS-compatible name lister (nm)... /Applications/Xcode.app/Contents/Developer/Toolchains/XcodeDefault.xctoolchain/usr/bin/nm
checking the name lister (/Applications/Xcode.app/Contents/Developer/Toolchains/XcodeDefault.xctoolchain/usr/bin/nm) interface... BSD nm
checking whether ln -s works... yes
checking the maximum length of command line arguments... 786432
checking how to convert aarch64-apple-darwin27 file names to aarch64-apple-darwin27 format... func_convert_file_noop
checking how to convert aarch64-apple-darwin27 file names to toolchain format... func_convert_file_noop
checking for  -syslibroot /Applications/Xcode.app/Contents/Developer/Platforms/MacOSX.platform/Developer/SDKs/MacOSX.sdk -mmacosx_version_min=10.7 option to reload object files... -r
checking for file... file
checking for aarch64-apple-darwin27-objdump... no
checking for objdump... objdump
checking how to recognize dependent libraries... (cached) pass_all
checking for aarch64-apple-darwin27-dlltool... no
checking for dlltool... no
checking how to associate runtime and link libraries... printf %s\n
checking for aarch64-apple-darwin27-ranlib... /Applications/Xcode.app/Contents/Developer/Toolchains/XcodeDefault.xctoolchain/usr/bin/ranlib
checking for aarch64-apple-darwin27-ar... /Applications/Xcode.app/Contents/Developer/Toolchains/XcodeDefault.xctoolchain/usr/bin/ar
checking for archiver @FILE support... no
checking for aarch64-apple-darwin27-strip... /Applications/Xcode.app/Contents/Developer/Toolchains/XcodeDefault.xctoolchain/usr/bin/strip
checking command to parse /Applications/Xcode.app/Contents/Developer/Toolchains/XcodeDefault.xctoolchain/usr/bin/nm output from /Applications/Xcode.app/Contents/Developer/Toolchains/XcodeDefault.xctoolchain/usr/bin/clang -isysroot /Applications/Xcode.app/Contents/Developer/Platforms/MacOSX.platform/Developer/SDKs/MacOSX.sdk -mmacosx-version-min=10.7 -isysroot /Applications/Xcode.app/Contents/Developer/Platforms/MacOSX.platform/Developer/SDKs/MacOSX.sdk -mmacosx-version-min=10.7 object... ok
checking for sysroot... no
checking for a working dd... /bin/dd
checking how to truncate binary pipes... /bin/dd bs=4096 count=1
checking for aarch64-apple-darwin27-mt... no
checking for mt... no
checking if : is a manifest tool... no
checking for aarch64-apple-darwin27-dsymutil... no
checking for dsymutil... dsymutil
checking for aarch64-apple-darwin27-nmedit... no
checking for nmedit... nmedit
checking for aarch64-apple-darwin27-lipo... no
checking for lipo... lipo
checking for aarch64-apple-darwin27-otool... no
checking for otool... otool
checking for aarch64-apple-darwin27-otool64... no
checking for otool64... no
checking for -single_module linker flag... ld: warning: -single_module is obsolete
no
checking for -no_fixup_chains linker flag... yes
checking for -exported_symbols_list linker flag... yes
checking for -force_load linker flag... yes
checking for dlfcn.h... yes
checking for aarch64-apple-darwin27-gcc... (cached) /Applications/Xcode.app/Contents/Developer/Toolchains/XcodeDefault.xctoolchain/usr/bin/clang -isysroot /Applications/Xcode.app/Contents/Developer/Platforms/MacOSX.platform/Developer/SDKs/MacOSX.sdk -mmacosx-version-min=10.7
checking for aarch64-apple-darwin27-gnustep-config... no
checking for gnustep-config... no
checking which variant of shared library versioning to provide... (default) aix
checking for objdir... .libs
checking if /Applications/Xcode.app/Contents/Developer/Toolchains/XcodeDefault.xctoolchain/usr/bin/clang -isysroot /Applications/Xcode.app/Contents/Developer/Platforms/MacOSX.platform/Developer/SDKs/MacOSX.sdk -mmacosx-version-min=10.7 -isysroot /Applications/Xcode.app/Contents/Developer/Platforms/MacOSX.platform/Developer/SDKs/MacOSX.sdk -mmacosx-version-min=10.7 supports -fno-rtti -fno-exceptions... yes
checking for /Applications/Xcode.app/Contents/Developer/Toolchains/XcodeDefault.xctoolchain/usr/bin/clang -isysroot /Applications/Xcode.app/Contents/Developer/Platforms/MacOSX.platform/Developer/SDKs/MacOSX.sdk -mmacosx-version-min=10.7 -isysroot /Applications/Xcode.app/Contents/Developer/Platforms/MacOSX.platform/Developer/SDKs/MacOSX.sdk -mmacosx-version-min=10.7 option to produce PIC... -fno-common -DPIC
checking if /Applications/Xcode.app/Contents/Developer/Toolchains/XcodeDefault.xctoolchain/usr/bin/clang -isysroot /Applications/Xcode.app/Contents/Developer/Platforms/MacOSX.platform/Developer/SDKs/MacOSX.sdk -mmacosx-version-min=10.7 -isysroot /Applications/Xcode.app/Contents/Developer/Platforms/MacOSX.platform/Developer/SDKs/MacOSX.sdk -mmacosx-version-min=10.7 PIC flag -fno-common -DPIC works... yes
checking if /Applications/Xcode.app/Contents/Developer/Toolchains/XcodeDefault.xctoolchain/usr/bin/clang -isysroot /Applications/Xcode.app/Contents/Developer/Platforms/MacOSX.platform/Developer/SDKs/MacOSX.sdk -mmacosx-version-min=10.7 -isysroot /Applications/Xcode.app/Contents/Developer/Platforms/MacOSX.platform/Developer/SDKs/MacOSX.sdk -mmacosx-version-min=10.7 static flag -static works... no
checking if /Applications/Xcode.app/Contents/Developer/Toolchains/XcodeDefault.xctoolchain/usr/bin/clang -isysroot /Applications/Xcode.app/Contents/Developer/Platforms/MacOSX.platform/Developer/SDKs/MacOSX.sdk -mmacosx-version-min=10.7 -isysroot /Applications/Xcode.app/Contents/Developer/Platforms/MacOSX.platform/Developer/SDKs/MacOSX.sdk -mmacosx-version-min=10.7 supports -c -o file.o... yes
checking if /Applications/Xcode.app/Contents/Developer/Toolchains/XcodeDefault.xctoolchain/usr/bin/clang -isysroot /Applications/Xcode.app/Contents/Developer/Platforms/MacOSX.platform/Developer/SDKs/MacOSX.sdk -mmacosx-version-min=10.7 -isysroot /Applications/Xcode.app/Contents/Developer/Platforms/MacOSX.platform/Developer/SDKs/MacOSX.sdk -mmacosx-version-min=10.7 supports -c -o file.o... (cached) yes
checking whether the /Applications/Xcode.app/Contents/Developer/Toolchains/XcodeDefault.xctoolchain/usr/bin/clang -isysroot /Applications/Xcode.app/Contents/Developer/Platforms/MacOSX.platform/Developer/SDKs/MacOSX.sdk -mmacosx-version-min=10.7 -isysroot /Applications/Xcode.app/Contents/Developer/Platforms/MacOSX.platform/Developer/SDKs/MacOSX.sdk -mmacosx-version-min=10.7 linker ( -syslibroot /Applications/Xcode.app/Contents/Developer/Platforms/MacOSX.platform/Developer/SDKs/MacOSX.sdk -mmacosx_version_min=10.7) supports shared libraries... yes
checking dynamic linker characteristics... darwin27 dyld
checking how to hardcode library paths into programs... immediate
checking for dlopen in -ldl... yes
checking whether a program can dlopen itself... yes
checking whether a statically linked program can dlopen itself... yes
checking whether stripping libraries is possible... yes
checking if libtool supports shared libraries... yes
checking whether to build shared libraries... yes
checking whether to build static libraries... no
checking how to run the C++ preprocessor... /Applications/Xcode.app/Contents/Developer/Toolchains/XcodeDefault.xctoolchain/usr/bin/clang++ -isysroot /Applications/Xcode.app/Contents/Developer/Platforms/MacOSX.platform/Developer/SDKs/MacOSX.sdk -mmacosx-version-min=10.7 -stdlib=libc++ -std=c++11 -stdlib=libc++ -std=c++11 -isysroot /Applications/Xcode.app/Contents/Developer/Platforms/MacOSX.platform/Developer/SDKs/MacOSX.sdk -mmacosx-version-min=10.7 -E
checking for ld used by /Applications/Xcode.app/Contents/Developer/Toolchains/XcodeDefault.xctoolchain/usr/bin/clang++ -isysroot /Applications/Xcode.app/Contents/Developer/Platforms/MacOSX.platform/Developer/SDKs/MacOSX.sdk -mmacosx-version-min=10.7 -stdlib=libc++ -std=c++11 -stdlib=libc++ -std=c++11 -isysroot /Applications/Xcode.app/Contents/Developer/Platforms/MacOSX.platform/Developer/SDKs/MacOSX.sdk -mmacosx-version-min=10.7...  -syslibroot /Applications/Xcode.app/Contents/Developer/Platforms/MacOSX.platform/Developer/SDKs/MacOSX.sdk -mmacosx_version_min=10.7
checking if the linker ( -syslibroot /Applications/Xcode.app/Contents/Developer/Platforms/MacOSX.platform/Developer/SDKs/MacOSX.sdk -mmacosx_version_min=10.7) is GNU ld... no
checking whether the /Applications/Xcode.app/Contents/Developer/Toolchains/XcodeDefault.xctoolchain/usr/bin/clang++ -isysroot /Applications/Xcode.app/Contents/Developer/Platforms/MacOSX.platform/Developer/SDKs/MacOSX.sdk -mmacosx-version-min=10.7 -stdlib=libc++ -std=c++11 -stdlib=libc++ -std=c++11 -isysroot /Applications/Xcode.app/Contents/Developer/Platforms/MacOSX.platform/Developer/SDKs/MacOSX.sdk -mmacosx-version-min=10.7 linker ( -syslibroot /Applications/Xcode.app/Contents/Developer/Platforms/MacOSX.platform/Developer/SDKs/MacOSX.sdk -mmacosx_version_min=10.7) supports shared libraries... yes
checking for /Applications/Xcode.app/Contents/Developer/Toolchains/XcodeDefault.xctoolchain/usr/bin/clang++ -isysroot /Applications/Xcode.app/Contents/Developer/Platforms/MacOSX.platform/Developer/SDKs/MacOSX.sdk -mmacosx-version-min=10.7 -stdlib=libc++ -std=c++11 -stdlib=libc++ -std=c++11 -isysroot /Applications/Xcode.app/Contents/Developer/Platforms/MacOSX.platform/Developer/SDKs/MacOSX.sdk -mmacosx-version-min=10.7 option to produce PIC... -fno-common -DPIC
checking if /Applications/Xcode.app/Contents/Developer/Toolchains/XcodeDefault.xctoolchain/usr/bin/clang++ -isysroot /Applications/Xcode.app/Contents/Developer/Platforms/MacOSX.platform/Developer/SDKs/MacOSX.sdk -mmacosx-version-min=10.7 -stdlib=libc++ -std=c++11 -stdlib=libc++ -std=c++11 -isysroot /Applications/Xcode.app/Contents/Developer/Platforms/MacOSX.platform/Developer/SDKs/MacOSX.sdk -mmacosx-version-min=10.7 PIC flag -fno-common -DPIC works... yes
checking if /Applications/Xcode.app/Contents/Developer/Toolchains/XcodeDefault.xctoolchain/usr/bin/clang++ -isysroot /Applications/Xcode.app/Contents/Developer/Platforms/MacOSX.platform/Developer/SDKs/MacOSX.sdk -mmacosx-version-min=10.7 -stdlib=libc++ -std=c++11 -stdlib=libc++ -std=c++11 -isysroot /Applications/Xcode.app/Contents/Developer/Platforms/MacOSX.platform/Developer/SDKs/MacOSX.sdk -mmacosx-version-min=10.7 static flag -static works... no
checking if /Applications/Xcode.app/Contents/Developer/Toolchains/XcodeDefault.xctoolchain/usr/bin/clang++ -isysroot /Applications/Xcode.app/Contents/Developer/Platforms/MacOSX.platform/Developer/SDKs/MacOSX.sdk -mmacosx-version-min=10.7 -stdlib=libc++ -std=c++11 -stdlib=libc++ -std=c++11 -isysroot /Applications/Xcode.app/Contents/Developer/Platforms/MacOSX.platform/Developer/SDKs/MacOSX.sdk -mmacosx-version-min=10.7 supports -c -o file.o... yes
checking if /Applications/Xcode.app/Contents/Developer/Toolchains/XcodeDefault.xctoolchain/usr/bin/clang++ -isysroot /Applications/Xcode.app/Contents/Developer/Platforms/MacOSX.platform/Developer/SDKs/MacOSX.sdk -mmacosx-version-min=10.7 -stdlib=libc++ -std=c++11 -stdlib=libc++ -std=c++11 -isysroot /Applications/Xcode.app/Contents/Developer/Platforms/MacOSX.platform/Developer/SDKs/MacOSX.sdk -mmacosx-version-min=10.7 supports -c -o file.o... (cached) yes
checking whether the /Applications/Xcode.app/Contents/Developer/Toolchains/XcodeDefault.xctoolchain/usr/bin/clang++ -isysroot /Applications/Xcode.app/Contents/Developer/Platforms/MacOSX.platform/Developer/SDKs/MacOSX.sdk -mmacosx-version-min=10.7 -stdlib=libc++ -std=c++11 -stdlib=libc++ -std=c++11 -isysroot /Applications/Xcode.app/Contents/Developer/Platforms/MacOSX.platform/Developer/SDKs/MacOSX.sdk -mmacosx-version-min=10.7 linker ( -syslibroot /Applications/Xcode.app/Contents/Developer/Platforms/MacOSX.platform/Developer/SDKs/MacOSX.sdk -mmacosx_version_min=10.7) supports shared libraries... yes
checking dynamic linker characteristics... darwin27 dyld
checking how to hardcode library paths into programs... immediate
checking for Objective C compilation... yes
checking if /Applications/Xcode.app/Contents/Developer/Toolchains/XcodeDefault.xctoolchain/usr/bin/clang -isysroot /Applications/Xcode.app/Contents/Developer/Platforms/MacOSX.platform/Developer/SDKs/MacOSX.sdk -mmacosx-version-min=10.7 supports -fno-rtti -fno-exceptions... (cached) yes
checking for /Applications/Xcode.app/Contents/Developer/Toolchains/XcodeDefault.xctoolchain/usr/bin/clang -isysroot /Applications/Xcode.app/Contents/Developer/Platforms/MacOSX.platform/Developer/SDKs/MacOSX.sdk -mmacosx-version-min=10.7 option to produce PIC... -fno-common
checking if /Applications/Xcode.app/Contents/Developer/Toolchains/XcodeDefault.xctoolchain/usr/bin/clang -isysroot /Applications/Xcode.app/Contents/Developer/Platforms/MacOSX.platform/Developer/SDKs/MacOSX.sdk -mmacosx-version-min=10.7 PIC flag -fno-common works... yes
checking if /Applications/Xcode.app/Contents/Developer/Toolchains/XcodeDefault.xctoolchain/usr/bin/clang -isysroot /Applications/Xcode.app/Contents/Developer/Platforms/MacOSX.platform/Developer/SDKs/MacOSX.sdk -mmacosx-version-min=10.7 static flag -static works... no
checking if /Applications/Xcode.app/Contents/Developer/Toolchains/XcodeDefault.xctoolchain/usr/bin/clang -isysroot /Applications/Xcode.app/Contents/Developer/Platforms/MacOSX.platform/Developer/SDKs/MacOSX.sdk -mmacosx-version-min=10.7 supports -c -o file.o... yes
checking if /Applications/Xcode.app/Contents/Developer/Toolchains/XcodeDefault.xctoolchain/usr/bin/clang -isysroot /Applications/Xcode.app/Contents/Developer/Platforms/MacOSX.platform/Developer/SDKs/MacOSX.sdk -mmacosx-version-min=10.7 supports -c -o file.o... (cached) yes
checking whether the /Applications/Xcode.app/Contents/Developer/Toolchains/XcodeDefault.xctoolchain/usr/bin/clang -isysroot /Applications/Xcode.app/Contents/Developer/Platforms/MacOSX.platform/Developer/SDKs/MacOSX.sdk -mmacosx-version-min=10.7 linker ( -syslibroot /Applications/Xcode.app/Contents/Developer/Platforms/MacOSX.platform/Developer/SDKs/MacOSX.sdk -mmacosx_version_min=10.7) supports shared libraries... yes
checking how to hardcode library paths into programs... immediate
checking for aarch64-apple-darwin27-windres... no
checking for windres... no
checking for bash... /bin/bash
checking if dolt supports this host... yes, replacing libtool
checking whether NLS is requested... yes
checking for msgfmt... /Users/cam/Documents/Projects/ultima-iv-web/vlc-thumbs/work/build/vlc-source/extras/tools/build/bin/msgfmt
checking for gmsgfmt... /Users/cam/Documents/Projects/ultima-iv-web/vlc-thumbs/work/build/vlc-source/extras/tools/build/bin/msgfmt
checking for xgettext... /Users/cam/Documents/Projects/ultima-iv-web/vlc-thumbs/work/build/vlc-source/extras/tools/build/bin/xgettext
checking for msgmerge... /Users/cam/Documents/Projects/ultima-iv-web/vlc-thumbs/work/build/vlc-source/extras/tools/build/bin/msgmerge
checking for ld used by /Applications/Xcode.app/Contents/Developer/Toolchains/XcodeDefault.xctoolchain/usr/bin/clang -isysroot /Applications/Xcode.app/Contents/Developer/Platforms/MacOSX.platform/Developer/SDKs/MacOSX.sdk -mmacosx-version-min=10.7 -isysroot /Applications/Xcode.app/Contents/Developer/Platforms/MacOSX.platform/Developer/SDKs/MacOSX.sdk -mmacosx-version-min=10.7...  -syslibroot /Applications/Xcode.app/Contents/Developer/Platforms/MacOSX.platform/Developer/SDKs/MacOSX.sdk -mmacosx_version_min=10.7
checking if the linker ( -syslibroot /Applications/Xcode.app/Contents/Developer/Platforms/MacOSX.platform/Developer/SDKs/MacOSX.sdk -mmacosx_version_min=10.7) is GNU ld... no
checking for shared library run path origin... done
checking for CFPreferencesCopyAppValue... yes
checking for CFLocaleCopyCurrent... yes
checking for GNU gettext in libc... no
checking for iconv... yes
checking for working iconv... yes
checking how to link with libiconv... -liconv
checking for GNU gettext in libintl... yes
checking whether to use NLS... yes
checking where the gettext function comes from... external libintl
checking how to link with libintl... /Users/cam/Documents/Projects/ultima-iv-web/vlc-thumbs/work/build/vlc-source/contrib/aarch64-apple-darwin27/lib/libintl.a -lpthread -Wl,-framework -Wl,CoreFoundation
checking for iconv... (cached) yes
checking for working iconv... (cached) yes
checking how to link with libiconv... -liconv
checking for iconv declaration... 
         extern size_t iconv (iconv_t cd, char * *inbuf, size_t *inbytesleft, char * *outbuf, size_t *outbytesleft);
checking for buggy GNU/libc versions... not present
checking for shared objects suffix... .dylib
checking for accept4... no
checking for daemon... yes
checking for fcntl... yes
checking for flock... yes
checking for fstatvfs... yes
checking for fork... yes
checking for getenv... yes
checking for getmntent_r... no
checking for getpwuid_r... yes
checking for isatty... yes
checking for lstat... yes
checking for memalign... no
checking for mkostemp... (cached) no
checking for mmap... yes
checking for newlocale... yes
checking for open_memstream... (cached) no
checking for openat... (cached) no
checking for pipe2... yes
checking for pread... yes
checking for posix_fadvise... no
checking for posix_madvise... yes
checking for posix_memalign... yes
checking for setlocale... yes
checking for stricmp... no
checking for strnicmp... no
checking for strptime... yes
checking for uselocale... yes
checking for aligned_alloc... (cached) no
checking for atof... yes
checking for atoll... yes
checking for dirfd... yes
checking for fdopendir... (cached) no
checking for flockfile... yes
checking for fsync... yes
checking for getdelim... yes
checking for getpid... yes
checking for lfind... yes
checking for lldiv... yes
checking for memrchr... no
checking for nrand48... yes
checking for poll... yes
checking for recvmsg... yes
checking for rewind... yes
checking for sendmsg... yes
checking for setenv... yes
checking for strcasecmp... yes
checking for strcasestr... yes
checking for strdup... yes
checking for strlcpy... yes
checking for strndup... yes
checking for strnlen... yes
checking for strnstr... yes
checking for strsep... yes
checking for strtof... yes
checking for strtok_r... yes
checking for strtoll... yes
checking for swab... yes
checking for tdestroy... no
checking for tfind... yes
checking for timegm... yes
checking for timespec_get... (cached) no
checking for strverscmp... no
checking for pathconf... yes
checking for gettimeofday... yes
checking for fdatasync... yes
checking for /Applications/Xcode.app/Contents/Developer/Toolchains/XcodeDefault.xctoolchain/usr/bin/clang -isysroot /Applications/Xcode.app/Contents/Developer/Platforms/MacOSX.platform/Developer/SDKs/MacOSX.sdk -mmacosx-version-min=10.7 -isysroot /Applications/Xcode.app/Contents/Developer/Platforms/MacOSX.platform/Developer/SDKs/MacOSX.sdk -mmacosx-version-min=10.7 options needed to detect all undeclared functions... none needed
checking whether realpath is declared... yes
checking whether asprintf is declared... yes
checking whether vasprintf is declared... yes
checking whether gmtime_r is declared... yes
checking whether localtime_r is declared... yes
checking whether swab is declared... yes
checking whether ffsll is declared... yes
checking for static_assert in assert.h... yes
checking for working strcoll... yes
checking for struct pollfd... yes
checking for struct timespec... yes
checking for max_align_t... yes
checking for socklen_t in sys/socket.h... yes
checking for struct sockaddr_storage... yes
checking for getopt_long... yes
checking for cos in -lm... yes
checking for lrintf in -lm... yes
checking for nanf in -lm... yes
checking for sincos in -lm... no
checking _Thread_local support... ok
checking for threads.h... no
checking for getaddrinfo_a in -lanl... no
checking for library containing dlsym... none required
checking for library containing pthread_rwlock_init... none required
checking for library containing clock_nanosleep... no
checking for library containing nanosleep... none required
checking for stdckdint.h... yes
checking for arpa/inet.h... yes
checking for pthread.h... yes
checking for search.h... yes
checking for sys/shm.h... yes
checking for sys/socket.h... yes
checking for sys/uio.h... yes
checking for net/if.h... yes
checking for syslog.h... yes
checking for netinet/tcp.h... yes
checking for netinet/udplite.h... no
checking for sys/param.h... yes
checking for sys/mount.h... yes
checking for features.h... no
checking for getopt.h... yes
checking for linux/dccp.h... no
checking for linux/magic.h... no
checking for sys/eventfd.h... no
checking for xlocale.h... yes
checking if C++ headers define locale_t... yes
checking for ssize_t... yes
checking for aarch64-apple-darwin27-pkg-config... no
checking for pkg-config... /usr/local/bin/pkg-config
checking pkg-config is at least version 0.9.0... yes
checking for zlib.h... yes
checking for minizip ... no
checking for unzip.h... no
checking for libidn... no
checking for dbus-1 >= 1.6.0... no
configure: WARNING: Package 'dbus-1' not found.
checking for libsystemd... no
configure: WARNING: Package 'libsystemd' not found.
checking whether C compiler accepts -Wall... yes
checking whether C compiler accepts -Wextra... yes
checking whether C compiler accepts -Wsign-compare... yes
checking whether C compiler accepts -Wundef... yes
checking whether C compiler accepts -Wpointer-arith... yes
checking whether C compiler accepts -Wvolatile-register-var... yes
checking whether C compiler accepts -Wformat... yes
checking whether C compiler accepts -Wformat-security... yes
checking whether C compiler accepts -Wall... (cached) yes
checking whether C compiler accepts -Wextra... (cached) yes
checking whether C compiler accepts -Wsign-compare... (cached) yes
checking whether C compiler accepts -Wundef... (cached) yes
checking whether C compiler accepts -Wpointer-arith... (cached) yes
checking whether C compiler accepts -Wvolatile-register-var... (cached) yes
checking whether C compiler accepts -Wformat... (cached) yes
checking whether C compiler accepts -Wformat-security... (cached) yes
checking whether C compiler accepts -Wbad-function-cast... yes
checking whether C compiler accepts -Wwrite-strings... yes
checking whether C compiler accepts -Wmissing-prototypes... yes
checking whether C compiler accepts -Werror-implicit-function-declaration... yes
checking whether C compiler accepts -Winit-self... yes
checking whether C compiler accepts -Wlogical-op... no
checking whether C compiler accepts -Wshadow=local... no
checking whether C compiler accepts -pipe... yes
checking for library containing connect... none required
checking for library containing inet_pton... none required
checking for struct if_nameindex... yes
checking for if_nameindex... yes
checking if /Applications/Xcode.app/Contents/Developer/Toolchains/XcodeDefault.xctoolchain/usr/bin/clang -isysroot /Applications/Xcode.app/Contents/Developer/Platforms/MacOSX.platform/Developer/SDKs/MacOSX.sdk -mmacosx-version-min=10.7 -isysroot /Applications/Xcode.app/Contents/Developer/Platforms/MacOSX.platform/Developer/SDKs/MacOSX.sdk -mmacosx-version-min=10.7 accepts -fvisibility=hidden... yes
checking if /Applications/Xcode.app/Contents/Developer/Toolchains/XcodeDefault.xctoolchain/usr/bin/clang -isysroot /Applications/Xcode.app/Contents/Developer/Platforms/MacOSX.platform/Developer/SDKs/MacOSX.sdk -mmacosx-version-min=10.7 -isysroot /Applications/Xcode.app/Contents/Developer/Platforms/MacOSX.platform/Developer/SDKs/MacOSX.sdk -mmacosx-version-min=10.7 accepts -O3... yes
checking whether C compiler accepts -fno-math-errno... yes
checking whether C compiler accepts -funsafe-math-optimizations... yes
checking whether C compiler accepts -fno-rounding-math... yes
checking whether C compiler accepts -fno-signaling-nans... no
checking whether C compiler accepts -fcx-limited-range... yes
checking whether C compiler accepts -fno-math-errno... (cached) yes
checking whether C compiler accepts -funsafe-math-optimizations... (cached) yes
checking whether C compiler accepts -fno-rounding-math... (cached) yes
checking whether C compiler accepts -fno-signaling-nans... (cached) no
checking whether C compiler accepts -fcx-limited-range... (cached) yes
checking if /Applications/Xcode.app/Contents/Developer/Toolchains/XcodeDefault.xctoolchain/usr/bin/clang -isysroot /Applications/Xcode.app/Contents/Developer/Platforms/MacOSX.platform/Developer/SDKs/MacOSX.sdk -mmacosx-version-min=10.7 -isysroot /Applications/Xcode.app/Contents/Developer/Platforms/MacOSX.platform/Developer/SDKs/MacOSX.sdk -mmacosx-version-min=10.7 accepts -funroll-loops... yes
checking if /Applications/Xcode.app/Contents/Developer/Toolchains/XcodeDefault.xctoolchain/usr/bin/clang -isysroot /Applications/Xcode.app/Contents/Developer/Platforms/MacOSX.platform/Developer/SDKs/MacOSX.sdk -mmacosx-version-min=10.7 -isysroot /Applications/Xcode.app/Contents/Developer/Platforms/MacOSX.platform/Developer/SDKs/MacOSX.sdk -mmacosx-version-min=10.7 accepts -fomit-frame-pointer... yes
checking whether C compiler accepts -fstack-protector-strong... yes
checking whether C compiler accepts -fstack-protector-strong... (cached) yes
checking if linker supports -Bsymbolic... 
checking if linker supports -z,defs... no
checking for __attribute__((packed))... yes
checking for execinfo.h... yes
checking for backtrace... yes
checking if /Applications/Xcode.app/Contents/Developer/Toolchains/XcodeDefault.xctoolchain/usr/bin/clang -isysroot /Applications/Xcode.app/Contents/Developer/Platforms/MacOSX.platform/Developer/SDKs/MacOSX.sdk -mmacosx-version-min=10.7 -isysroot /Applications/Xcode.app/Contents/Developer/Platforms/MacOSX.platform/Developer/SDKs/MacOSX.sdk -mmacosx-version-min=10.7 groks 3D Now! inline assembly... no
checking if /Applications/Xcode.app/Contents/Developer/Toolchains/XcodeDefault.xctoolchain/usr/bin/clang -isysroot /Applications/Xcode.app/Contents/Developer/Platforms/MacOSX.platform/Developer/SDKs/MacOSX.sdk -mmacosx-version-min=10.7 -isysroot /Applications/Xcode.app/Contents/Developer/Platforms/MacOSX.platform/Developer/SDKs/MacOSX.sdk -mmacosx-version-min=10.7 groks ARM 64 SIMD assembly... yes
checking for lua5.2... no
configure: WARNING: Package 'lua5.2' not found, trying lua 5.1 instead
checking for lua5.1... no
configure: WARNING: Package 'lua5.1' not found, trying lua >= 5.1 instead
checking for lua >= 5.1... yes
checking for libarchive >= 3.1.0... yes
checking for live555... yes
checking for libdc1394-2 >= 2.1.0... no
configure: WARNING: Library libdc1394-2 >= 2.1.0 needed for dc1394 was not found
checking for libraw1394 >= 2.0.1 libavc1394 >= 0.5.3... no
configure: WARNING: Library libraw1394 >= 2.0.1 libavc1394 >= 0.5.3 needed for dv1394 was not found
checking for dvdread > 4.9.0... yes
checking for dvdnav > 4.9.0... yes
checking for dvdnav_stream_cb in dvdnav/dvdnav.h... yes
checking for libbluray >= 0.6.2... yes
checking for opencv > 2.0... no
configure: WARNING: Library opencv > 2.0 needed for opencv was not found
checking for smbclient... no
configure: WARNING: Library smbclient needed for smbclient was not found
checking for libdsm >= 0.2.0... no
checking for libssh2... yes
checking for libnfs >= 1.10.0... yes
checking for linux/videodev2.h... no
checking for sys/videoio.h... no
checking for AMF/core/PropertyStorage.h... no
checking for AMF/components/HQScaler.h... no
checking for AMF/core/PropertyStorage.h... (cached) no
checking for AMF/components/VQEnhancer.h... no
checking for AMF/core/PropertyStorage.h... (cached) no
checking for AMF/components/FRC.h... no
checking for DeckLinkAPIDispatch.cpp... no
configure: WARNING: Blackmagic DeckLink SDI include files not found
checking for cdrom_msf0 in linux/cdrom.h... no
checking for scsireq in sys/scsiio.h... no
checking for ioc_toc_header in sys/cdio.h... no
checking for libcddb >= 0.9.5... yes
checking for Linux DVB version 5.1... no
checking for ApplicationServices/ApplicationServices.h... yes
checking for freerdp >= 1.0.1... no
configure: WARNING: Library freerdp >= 1.0.1 needed for freerdp was not found
checking for asdcplib... yes
checking asdcplib API version... 2.12.2 API
checking for libdvbpsi >= 1.2.0... yes
checking for libgme... yes
checking for libsidplay2... yes
checking for sidplay/builders/resid.h... yes
checking for ogg >= 1.0... yes
checking for vorbis >= 1.1... yes
checking for ogg >= 1.0... yes
checking for shout >= 2.1... yes
checking for libebml >= 1.3.6 libmatroska... yes
checking for libmodplug >= 0.8.9.0... yes
checking for mpc/mpcdec.h... yes
checking for shine >= 3.0.0... no
configure: WARNING: Library shine >= 3.0.0 needed for shine was not found
checking for libcrystalhd/libcrystalhd_if.h... no
checking for mad.h... yes
checking for mad_bit_init in -lmad... yes
checking for libmpg123... yes
checking for gstreamer-app-1.0... no
configure: WARNING: Package 'gstreamer-app-1.0' not found. GStreamer modules will not be built.
checking for libavutil variant... ffmpeg
checking for libavcodec >= 57.37.100 libavutil >= 52.0.0... yes
checking for libavcodec/avcodec.h... yes
checking for libavutil/avutil.h... yes
checking for libva >= 0.38... no
configure: WARNING: Package 'libva' not found.
checking for libva-drm... no
configure: WARNING: Package 'libva-drm' not found.
checking for libva-x11... no
configure: WARNING: Package 'libva-x11' not found.
checking for libva-wayland... no
configure: WARNING: Package 'libva-wayland' not found.
checking for dxgidebug.h... no
checking for dxgi1_6.h... no
checking for d3d11_4.h... no
checking for libavformat >= 53.21.0 libavcodec libavutil... yes
checking for libavformat/avformat.h... yes
checking for libavformat/avio.h... yes
checking for libavcodec/avcodec.h... (cached) yes
checking for libavutil/avutil.h... (cached) yes
checking for libswscale... yes
checking for libswscale/swscale.h... yes
checking for libavutil/avutil.h... (cached) yes
checking for libpostproc libavutil... yes
checking for postproc/postprocess.h... no
checking for neaacdec.h... yes
checking for NeAACDecOpen in -lfaad... yes
checking for aom... yes
checking for dav1d... yes
checking for vpx >= 1.5.0... yes
checking for vpx_codec_vp8_dx in -lvpx... yes
checking for vpx_codec_vp9_dx in -lvpx... yes
checking for vpx_codec_vp8_cx in -lvpx... yes
checking for vpx_codec_vp9_cx in -lvpx... yes
checking for twolame... yes
checking for flac... yes
checking for ogg vorbis >= 1.1 vorbisenc >= 1.1... yes
checking for ogg speex >= 1.0.5... yes
checking for speexdsp... yes
checking for ogg opus >= 1.0.3... yes
checking for spatialaudio... yes
checking for spatialaudio >= 0.4.0... no
checking for ogg theoradec >= 1.0 theoraenc... yes
checking for ogg... yes
checking for png.h... yes
checking for png_set_alpha_mode in -lpng... yes
checking for jpeglib.h... yes
checking for libbpg.h... no
checking for x262... no
checking for x265... yes
checking for x264 >= 0.148... yes
checking for x264 >= 0.153... yes
checking for vpl... no
configure: WARNING: Library vpl needed for vpl was not found
checking for fluidsynth >= 1.1.2... no
configure: WARNING: Library fluidsynth >= 1.1.2 needed for fluidsynth was not found
checking for fluidlite... no
configure: WARNING: Library fluidlite needed for fluidlite was not found
checking for fluidlite.h... no
checking for zvbi-0.2 >= 0.2.28... yes
checking for aribb24 >= 1.0.1... yes
checking for aribb25 >= 0.2.6... no
configure: WARNING: Library aribb25 >= 0.2.6 needed for aribb25 was not found
checking for kate >= 0.3.0... yes
checking for tiger >= 0.3.1... no
checking for egl... no
checking for gl... no
checking for OpenGL... no
checking for X... libraries /opt/X11/lib, headers /opt/X11/include
checking whether -R must be followed by a space... neither works
checking for dnet_ntoa in -ldnet... no
checking for dnet_ntoa in -ldnet_stub... no
checking for gethostbyname... yes
checking for connect... yes
checking for remove... yes
checking for shmat... yes
checking for IceConnectionNumber in -lICE... no
checking for X11/Xlib.h... no
checking for vdpau >= 0.6... no
checking for freetype2... yes
checking for fribidi... yes
checking for harfbuzz... yes
checking for libass >= 0.9.8... yes
checking for ISpObjectToken... no
configure: WARNING: sapi.h not found. Text to Speech renderer for Windows disabled
checking for librsvg-2.0 >= 2.9.0... no
configure: WARNING: Library librsvg-2.0 >= 2.9.0 needed for svg was not found
checking for librsvg-2.0 >= 2.9.0 cairo >= 1.13.1... no
configure: WARNING: Library librsvg-2.0 >= 2.9.0 cairo >= 1.13.1 needed for svgdec was not found
checking for linux/fb.h... no
checking for kva.h... no
checking for interface/mmal/mmal.h... no
configure: WARNING: Cannot find development headers for mmal...
checking for alsa >= 1.0.24... no
checking for soundcard.h... no
checking for sys/soundcard.h... no
checking for sndio... no
checking for audioclient.h... no
checking for jack >= 1.9.7... no
configure: WARNING: Package 'jack' not found, trying jack1 instead
checking for jack >= 0.120.1 jack < 1.0... no
configure: WARNING: Package 'jack' not found
Package 'jack' not found.
checking for samplerate... yes
checking for soxr >= 0.1.2... no
configure: WARNING: Library soxr >= 0.1.2 needed for soxr was not found
checking for kai.h... no
checking for libchromaprint >= 0.6.0... yes
checking for protobuf-lite... yes
checking for protoc... /Users/cam/Documents/Projects/ultima-iv-web/vlc-thumbs/work/build/vlc-source/extras/tools/build/bin/protoc
checking protobuf-lite matches /Users/cam/Documents/Projects/ultima-iv-web/vlc-thumbs/work/build/vlc-source/extras/tools/build/bin/protoc version 3.4... yes
configure: WARNING: The skins2 module depends on the Qt interface, Qt is not built so skins2 is disabled.
checking for xcrun... /usr/bin/xcrun
checking for ibtool (using xcrun)... /Applications/Xcode.app/Contents/Developer/usr/bin/ibtool
checking for dmgbuild... no
configure: WARNING: dmgbuild not found -- unable to build fancy DMGs
checking for VideoToolbox/VideoToolbox.h... yes
checking for AudioToolbox/AudioToolbox.h... yes
checking for ncursesw... yes
checking for srt >= 1.3.0... yes
checking for librist >= 0.2.1... yes
checking for libgoom2... yes
checking for libprojectM... no
configure: WARNING: Package 'libprojectM' not found.
checking for libvsxu... no
configure: WARNING: Package 'libvsxu' not found.
checking for avahi-client >= 0.6... no
configure: WARNING: Library avahi-client >= 0.6 needed for avahi was not found
checking for libudev >= 142... no
configure: WARNING: Library libudev >= 142 needed for udev was not found
checking for libmtp >= 1.0.0... no
configure: WARNING: Library libmtp >= 1.0.0 needed for mtp was not found
checking for libupnp... yes
checking for microdns >= 0.1.2... no
configure: WARNING: Library microdns >= 0.1.2 needed for microdns was not found
checking for libxml-2.0 >= 2.5... yes
checking for gcrypt 1.6.0 or later... yes
checking for gpg-error... yes
checking for gnutls >= 3.3.6... yes
checking for taglib >= 1.9... yes
checking for libsecret-1 >= 0.18... no
configure: WARNING: Library libsecret-1 >= 0.18 needed for secret was not found
checking for libnotify gtk+-3.0... no
configure: WARNING: Library libnotify gtk+-3.0 needed for notify was not found
checking for libplacebo >= 0.2.1 libplacebo < 6... yes
checking whether byte ordering is bigendian... no
checking that generated files are newer than configure... done
configure: creating ./config.status
config.status: creating Makefile
config.status: creating doc/Makefile
config.status: creating modules/Makefile
config.status: creating m4/Makefile
config.status: creating po/Makefile.in
config.status: creating share/Makefile
config.status: creating compat/Makefile
config.status: creating src/Makefile
config.status: creating lib/Makefile
config.status: creating bin/Makefile
config.status: creating test/Makefile
config.status: creating modules/hw/mmal/Makefile
config.status: creating share/org.videolan.vlc.appdata.xml.in
config.status: creating share/macosx/Info.plist
config.status: creating config.h
config.status: executing depfiles commands
config.status: executing libtool commands
config.status: executing po-directories commands
config.status: creating po/POTFILES
config.status: creating po/Makefile

libvlc configuration
--------------------
version               : 3.0.24
system                : darwin
architecture          : aarch64
optimizations         : yes
vlc aliases           : cvlc rvlc nvlc

To build vlc and its plugins, type `make', or `./compile' if you like nice colors.
[\033[1;32mbuild\033[0m] Running make -j4
/Applications/Xcode.app/Contents/Developer/usr/bin/make  all-recursive
Making all in compat
  GEN      dummy.c
/Applications/Xcode.app/Contents/Developer/usr/bin/make  all-am
  CC       dummy.lo
  CC       aligned_alloc.lo
  CC       fdopendir.lo
  CC       memrchr.lo
  CC       tdestroy.lo
  CC       timespec_get.lo
  CC       strverscmp.lo
  CC       sincos.lo
  CCLD     libcompat.la
Making all in doc
make[2]: Nothing to be done for `all'.
Making all in po
test ! -f /Users/cam/Documents/Projects/ultima-iv-web/vlc-thumbs/work/build/vlc-source/extras/package/macosx/../../../po/vlc.pot || \
	  test -z "/Users/cam/Documents/Projects/ultima-iv-web/vlc-thumbs/work/build/vlc-source/extras/package/macosx/../../../po/ach.gmo /Users/cam/Documents/Projects/ultima-iv-web/vlc-thumbs/work/build/vlc-source/extras/package/macosx/../../../po/af.gmo /Users/cam/Documents/Projects/ultima-iv-web/vlc-thumbs/work/build/vlc-source/extras/package/macosx/../../../po/am.gmo /Users/cam/Documents/Projects/ultima-iv-web/vlc-thumbs/work/build/vlc-source/extras/package/macosx/../../../po/am_ET.gmo /Users/cam/Documents/Projects/ultima-iv-web/vlc-thumbs/work/build/vlc-source/extras/package/macosx/../../../po/an.gmo /Users/cam/Documents/Projects/ultima-iv-web/vlc-thumbs/work/build/vlc-source/extras/package/macosx/../../../po/ar.gmo /Users/cam/Documents/Projects/ultima-iv-web/vlc-thumbs/work/build/vlc-source/extras/package/macosx/../../../po/as.gmo /Users/cam/Documents/Projects/ultima-iv-web/vlc-thumbs/work/build/vlc-source/extras/package/macosx/../../../po/ast.gmo /Users/cam/Documents/Projects/ultima-iv-web/vlc-thumbs/work/build/vlc-source/extras/package/macosx/../../../po/be.gmo /Users/cam/Documents/Projects/ultima-iv-web/vlc-thumbs/work/build/vlc-source/extras/package/macosx/../../../po/bg.gmo /Users/cam/Documents/Projects/ultima-iv-web/vlc-thumbs/work/build/vlc-source/extras/package/macosx/../../../po/bn_IN.gmo /Users/cam/Documents/Projects/ultima-iv-web/vlc-thumbs/work/build/vlc-source/extras/package/macosx/../../../po/bn.gmo /Users/cam/Documents/Projects/ultima-iv-web/vlc-thumbs/work/build/vlc-source/extras/package/macosx/../../../po/br.gmo /Users/cam/Documents/Projects/ultima-iv-web/vlc-thumbs/work/build/vlc-source/extras/package/macosx/../../../po/brx.gmo /Users/cam/Documents/Projects/ultima-iv-web/vlc-thumbs/work/build/vlc-source/extras/package/macosx/../../../po/bs.gmo /Users/cam/Documents/Projects/ultima-iv-web/vlc-thumbs/work/build/vlc-source/extras/package/macosx/../../../po/ca.gmo /Users/cam/Documents/Projects/ultima-iv-web/vlc-thumbs/work/build/vlc-source/extras/package/macosx/../../../po/ca@valencia.gmo /Users/cam/Documents/Projects/ultima-iv-web/vlc-thumbs/work/build/vlc-source/extras/package/macosx/../../../po/cgg.gmo /Users/cam/Documents/Projects/ultima-iv-web/vlc-thumbs/work/build/vlc-source/extras/package/macosx/../../../po/co.gmo /Users/cam/Documents/Projects/ultima-iv-web/vlc-thumbs/work/build/vlc-source/extras/package/macosx/../../../po/cs.gmo /Users/cam/Documents/Projects/ultima-iv-web/vlc-thumbs/work/build/vlc-source/extras/package/macosx/../../../po/cy.gmo /Users/cam/Documents/Projects/ultima-iv-web/vlc-thumbs/work/build/vlc-source/extras/package/macosx/../../../po/da.gmo /Users/cam/Documents/Projects/ultima-iv-web/vlc-thumbs/work/build/vlc-source/extras/package/macosx/../../../po/de.gmo /Users/cam/Documents/Projects/ultima-iv-web/vlc-thumbs/work/build/vlc-source/extras/package/macosx/../../../po/el.gmo /Users/cam/Documents/Projects/ultima-iv-web/vlc-thumbs/work/build/vlc-source/extras/package/macosx/../../../po/en_GB.gmo /Users/cam/Documents/Projects/ultima-iv-web/vlc-thumbs/work/build/vlc-source/extras/package/macosx/../../../po/eo.gmo /Users/cam/Documents/Projects/ultima-iv-web/vlc-thumbs/work/build/vlc-source/extras/package/macosx/../../../po/es.gmo /Users/cam/Documents/Projects/ultima-iv-web/vlc-thumbs/work/build/vlc-source/extras/package/macosx/../../../po/es_MX.gmo /Users/cam/Documents/Projects/ultima-iv-web/vlc-thumbs/work/build/vlc-source/extras/package/macosx/../../../po/et.gmo /Users/cam/Documents/Projects/ultima-iv-web/vlc-thumbs/work/build/vlc-source/extras/package/macosx/../../../po/eu.gmo /Users/cam/Documents/Projects/ultima-iv-web/vlc-thumbs/work/build/vlc-source/extras/package/macosx/../../../po/fa.gmo /Users/cam/Documents/Projects/ultima-iv-web/vlc-thumbs/work/build/vlc-source/extras/package/macosx/../../../po/ff.gmo /Users/cam/Documents/Projects/ultima-iv-web/vlc-thumbs/work/build/vlc-source/extras/package/macosx/../../../po/fi.gmo /Users/cam/Documents/Projects/ultima-iv-web/vlc-thumbs/work/build/vlc-source/extras/package/macosx/../../../po/fr.gmo /Users/cam/Documents/Projects/ultima-iv-web/vlc-thumbs/work/build/vlc-source/extras/package/macosx/../../../po/fur.gmo /Users/cam/Documents/Projects/ultima-iv-web/vlc-thumbs/work/build/vlc-source/extras/package/macosx/../../../po/fy.gmo /Users/cam/Documents/Projects/ultima-iv-web/vlc-thumbs/work/build/vlc-source/extras/package/macosx/../../../po/ga.gmo /Users/cam/Documents/Projects/ultima-iv-web/vlc-thumbs/work/build/vlc-source/extras/package/macosx/../../../po/gd.gmo /Users/cam/Documents/Projects/ultima-iv-web/vlc-thumbs/work/build/vlc-source/extras/package/macosx/../../../po/gl.gmo /Users/cam/Documents/Projects/ultima-iv-web/vlc-thumbs/work/build/vlc-source/extras/package/macosx/../../../po/gu.gmo /Users/cam/Documents/Projects/ultima-iv-web/vlc-thumbs/work/build/vlc-source/extras/package/macosx/../../../po/he.gmo /Users/cam/Documents/Projects/ultima-iv-web/vlc-thumbs/work/build/vlc-source/extras/package/macosx/../../../po/hi.gmo /Users/cam/Documents/Projects/ultima-iv-web/vlc-thumbs/work/build/vlc-source/extras/package/macosx/../../../po/hr.gmo /Users/cam/Documents/Projects/ultima-iv-web/vlc-thumbs/work/build/vlc-source/extras/package/macosx/../../../po/hu.gmo /Users/cam/Documents/Projects/ultima-iv-web/vlc-thumbs/work/build/vlc-source/extras/package/macosx/../../../po/hy.gmo /Users/cam/Documents/Projects/ultima-iv-web/vlc-thumbs/work/build/vlc-source/extras/package/macosx/../../../po/id.gmo /Users/cam/Documents/Projects/ultima-iv-web/vlc-thumbs/work/build/vlc-source/extras/package/macosx/../../../po/ie.gmo /Users/cam/Documents/Projects/ultima-iv-web/vlc-thumbs/work/build/vlc-source/extras/package/macosx/../../../po/is.gmo /Users/cam/Documents/Projects/ultima-iv-web/vlc-thumbs/work/build/vlc-source/extras/package/macosx/../../../po/it.gmo /Users/cam/Documents/Projects/ultima-iv-web/vlc-thumbs/work/build/vlc-source/extras/package/macosx/../../../po/ja.gmo /Users/cam/Documents/Projects/ultima-iv-web/vlc-thumbs/work/build/vlc-source/extras/package/macosx/../../../po/ka.gmo /Users/cam/Documents/Projects/ultima-iv-web/vlc-thumbs/work/build/vlc-source/extras/package/macosx/../../../po/kab.gmo /Users/cam/Documents/Projects/ultima-iv-web/vlc-thumbs/work/build/vlc-source/extras/package/macosx/../../../po/kk.gmo /Users/cam/Documents/Projects/ultima-iv-web/vlc-thumbs/work/build/vlc-source/extras/package/macosx/../../../po/km.gmo /Users/cam/Documents/Projects/ultima-iv-web/vlc-thumbs/work/build/vlc-source/extras/package/macosx/../../../po/kn.gmo /Users/cam/Documents/Projects/ultima-iv-web/vlc-thumbs/work/build/vlc-source/extras/package/macosx/../../../po/ko.gmo /Users/cam/Documents/Projects/ultima-iv-web/vlc-thumbs/work/build/vlc-source/extras/package/macosx/../../../po/ks_IN.gmo /Users/cam/Documents/Projects/ultima-iv-web/vlc-thumbs/work/build/vlc-source/extras/package/macosx/../../../po/ku_IQ.gmo /Users/cam/Documents/Projects/ultima-iv-web/vlc-thumbs/work/build/vlc-source/extras/package/macosx/../../../po/ky.gmo /Users/cam/Documents/Projects/ultima-iv-web/vlc-thumbs/work/build/vlc-source/extras/package/macosx/../../../po/lg.gmo /Users/cam/Documents/Projects/ultima-iv-web/vlc-thumbs/work/build/vlc-source/extras/package/macosx/../../../po/lo.gmo /Users/cam/Documents/Projects/ultima-iv-web/vlc-thumbs/work/build/vlc-source/extras/package/macosx/../../../po/lt.gmo /Users/cam/Documents/Projects/ultima-iv-web/vlc-thumbs/work/build/vlc-source/extras/package/macosx/../../../po/lv.gmo /Users/cam/Documents/Projects/ultima-iv-web/vlc-thumbs/work/build/vlc-source/extras/package/macosx/../../../po/mai.gmo /Users/cam/Documents/Projects/ultima-iv-web/vlc-thumbs/work/build/vlc-source/extras/package/macosx/../../../po/mk.gmo /Users/cam/Documents/Projects/ultima-iv-web/vlc-thumbs/work/build/vlc-source/extras/package/macosx/../../../po/ml.gmo /Users/cam/Documents/Projects/ultima-iv-web/vlc-thumbs/work/build/vlc-source/extras/package/macosx/../../../po/mn.gmo /Users/cam/Documents/Projects/ultima-iv-web/vlc-thumbs/work/build/vlc-source/extras/package/macosx/../../../po/mr.gmo /Users/cam/Documents/Projects/ultima-iv-web/vlc-thumbs/work/build/vlc-source/extras/package/macosx/../../../po/ms.gmo /Users/cam/Documents/Projects/ultima-iv-web/vlc-thumbs/work/build/vlc-source/extras/package/macosx/../../../po/my.gmo /Users/cam/Documents/Projects/ultima-iv-web/vlc-thumbs/work/build/vlc-source/extras/package/macosx/../../../po/nb.gmo /Users/cam/Documents/Projects/ultima-iv-web/vlc-thumbs/work/build/vlc-source/extras/package/macosx/../../../po/ne.gmo /Users/cam/Documents/Projects/ultima-iv-web/vlc-thumbs/work/build/vlc-source/extras/package/macosx/../../../po/nl.gmo /Users/cam/Documents/Projects/ultima-iv-web/vlc-thumbs/work/build/vlc-source/extras/package/macosx/../../../po/nn.gmo /Users/cam/Documents/Projects/ultima-iv-web/vlc-thumbs/work/build/vlc-source/extras/package/macosx/../../../po/oc.gmo /Users/cam/Documents/Projects/ultima-iv-web/vlc-thumbs/work/build/vlc-source/extras/package/macosx/../../../po/or_IN.gmo /Users/cam/Documents/Projects/ultima-iv-web/vlc-thumbs/work/build/vlc-source/extras/package/macosx/../../../po/pa.gmo /Users/cam/Documents/Projects/ultima-iv-web/vlc-thumbs/work/build/vlc-source/extras/package/macosx/../../../po/pl.gmo /Users/cam/Documents/Projects/ultima-iv-web/vlc-thumbs/work/build/vlc-source/extras/package/macosx/../../../po/ps.gmo /Users/cam/Documents/Projects/ultima-iv-web/vlc-thumbs/work/build/vlc-source/extras/package/macosx/../../../po/pt_BR.gmo /Users/cam/Documents/Projects/ultima-iv-web/vlc-thumbs/work/build/vlc-source/extras/package/macosx/../../../po/pt_PT.gmo /Users/cam/Documents/Projects/ultima-iv-web/vlc-thumbs/work/build/vlc-source/extras/package/macosx/../../../po/ro.gmo /Users/cam/Documents/Projects/ultima-iv-web/vlc-thumbs/work/build/vlc-source/extras/package/macosx/../../../po/ru.gmo /Users/cam/Documents/Projects/ultima-iv-web/vlc-thumbs/work/build/vlc-source/extras/package/macosx/../../../po/si.gmo /Users/cam/Documents/Projects/ultima-iv-web/vlc-thumbs/work/build/vlc-source/extras/package/macosx/../../../po/sk.gmo /Users/cam/Documents/Projects/ultima-iv-web/vlc-thumbs/work/build/vlc-source/extras/package/macosx/../../../po/sl.gmo /Users/cam/Documents/Projects/ultima-iv-web/vlc-thumbs/work/build/vlc-source/extras/package/macosx/../../../po/sm.gmo /Users/cam/Documents/Projects/ultima-iv-web/vlc-thumbs/work/build/vlc-source/extras/package/macosx/../../../po/sq.gmo /Users/cam/Documents/Projects/ultima-iv-web/vlc-thumbs/work/build/vlc-source/extras/package/macosx/../../../po/sr.gmo /Users/cam/Documents/Projects/ultima-iv-web/vlc-thumbs/work/build/vlc-source/extras/package/macosx/../../../po/sv.gmo /Users/cam/Documents/Projects/ultima-iv-web/vlc-thumbs/work/build/vlc-source/extras/package/macosx/../../../po/sw.gmo /Users/cam/Documents/Projects/ultima-iv-web/vlc-thumbs/work/build/vlc-source/extras/package/macosx/../../../po/ta.gmo /Users/cam/Documents/Projects/ultima-iv-web/vlc-thumbs/work/build/vlc-source/extras/package/macosx/../../../po/te.gmo /Users/cam/Documents/Projects/ultima-iv-web/vlc-thumbs/work/build/vlc-source/extras/package/macosx/../../../po/th.gmo /Users/cam/Documents/Projects/ultima-iv-web/vlc-thumbs/work/build/vlc-source/extras/package/macosx/../../../po/tr.gmo /Users/cam/Documents/Projects/ultima-iv-web/vlc-thumbs/work/build/vlc-source/extras/package/macosx/../../../po/tt.gmo /Users/cam/Documents/Projects/ultima-iv-web/vlc-thumbs/work/build/vlc-source/extras/package/macosx/../../../po/ug.gmo /Users/cam/Documents/Projects/ultima-iv-web/vlc-thumbs/work/build/vlc-source/extras/package/macosx/../../../po/uk.gmo /Users/cam/Documents/Projects/ultima-iv-web/vlc-thumbs/work/build/vlc-source/extras/package/macosx/../../../po/uz.gmo /Users/cam/Documents/Projects/ultima-iv-web/vlc-thumbs/work/build/vlc-source/extras/package/macosx/../../../po/vi.gmo /Users/cam/Documents/Projects/ultima-iv-web/vlc-thumbs/work/build/vlc-source/extras/package/macosx/../../../po/wa.gmo /Users/cam/Documents/Projects/ultima-iv-web/vlc-thumbs/work/build/vlc-source/extras/package/macosx/../../../po/zh_CN.gmo /Users/cam/Documents/Projects/ultima-iv-web/vlc-thumbs/work/build/vlc-source/extras/package/macosx/../../../po/zh_TW.gmo /Users/cam/Documents/Projects/ultima-iv-web/vlc-thumbs/work/build/vlc-source/extras/package/macosx/../../../po/zu.gmo" || /Applications/Xcode.app/Contents/Developer/usr/bin/make /Users/cam/Documents/Projects/ultima-iv-web/vlc-thumbs/work/build/vlc-source/extras/package/macosx/../../../po/ach.gmo /Users/cam/Documents/Projects/ultima-iv-web/vlc-thumbs/work/build/vlc-source/extras/package/macosx/../../../po/af.gmo /Users/cam/Documents/Projects/ultima-iv-web/vlc-thumbs/work/build/vlc-source/extras/package/macosx/../../../po/am.gmo /Users/cam/Documents/Projects/ultima-iv-web/vlc-thumbs/work/build/vlc-source/extras/package/macosx/../../../po/am_ET.gmo /Users/cam/Documents/Projects/ultima-iv-web/vlc-thumbs/work/build/vlc-source/extras/package/macosx/../../../po/an.gmo /Users/cam/Documents/Projects/ultima-iv-web/vlc-thumbs/work/build/vlc-source/extras/package/macosx/../../../po/ar.gmo /Users/cam/Documents/Projects/ultima-iv-web/vlc-thumbs/work/build/vlc-source/extras/package/macosx/../../../po/as.gmo /Users/cam/Documents/Projects/ultima-iv-web/vlc-thumbs/work/build/vlc-source/extras/package/macosx/../../../po/ast.gmo /Users/cam/Documents/Projects/ultima-iv-web/vlc-thumbs/work/build/vlc-source/extras/package/macosx/../../../po/be.gmo /Users/cam/Documents/Projects/ultima-iv-web/vlc-thumbs/work/build/vlc-source/extras/package/macosx/../../../po/bg.gmo /Users/cam/Documents/Projects/ultima-iv-web/vlc-thumbs/work/build/vlc-source/extras/package/macosx/../../../po/bn_IN.gmo /Users/cam/Documents/Projects/ultima-iv-web/vlc-thumbs/work/build/vlc-source/extras/package/macosx/../../../po/bn.gmo /Users/cam/Documents/Projects/ultima-iv-web/vlc-thumbs/work/build/vlc-source/extras/package/macosx/../../../po/br.gmo /Users/cam/Documents/Projects/ultima-iv-web/vlc-thumbs/work/build/vlc-source/extras/package/macosx/../../../po/brx.gmo /Users/cam/Documents/Projects/ultima-iv-web/vlc-thumbs/work/build/vlc-source/extras/package/macosx/../../../po/bs.gmo /Users/cam/Documents/Projects/ultima-iv-web/vlc-thumbs/work/build/vlc-source/extras/package/macosx/../../../po/ca.gmo /Users/cam/Documents/Projects/ultima-iv-web/vlc-thumbs/work/build/vlc-source/extras/package/macosx/../../../po/ca@valencia.gmo /Users/cam/Documents/Projects/ultima-iv-web/vlc-thumbs/work/build/vlc-source/extras/package/macosx/../../../po/cgg.gmo /Users/cam/Documents/Projects/ultima-iv-web/vlc-thumbs/work/build/vlc-source/extras/package/macosx/../../../po/co.gmo /Users/cam/Documents/Projects/ultima-iv-web/vlc-thumbs/work/build/vlc-source/extras/package/macosx/../../../po/cs.gmo /Users/cam/Documents/Projects/ultima-iv-web/vlc-thumbs/work/build/vlc-source/extras/package/macosx/../../../po/cy.gmo /Users/cam/Documents/Projects/ultima-iv-web/vlc-thumbs/work/build/vlc-source/extras/package/macosx/../../../po/da.gmo /Users/cam/Documents/Projects/ultima-iv-web/vlc-thumbs/work/build/vlc-source/extras/package/macosx/../../../po/de.gmo /Users/cam/Documents/Projects/ultima-iv-web/vlc-thumbs/work/build/vlc-source/extras/package/macosx/../../../po/el.gmo /Users/cam/Documents/Projects/ultima-iv-web/vlc-thumbs/work/build/vlc-source/extras/package/macosx/../../../po/en_GB.gmo /Users/cam/Documents/Projects/ultima-iv-web/vlc-thumbs/work/build/vlc-source/extras/package/macosx/../../../po/eo.gmo /Users/cam/Documents/Projects/ultima-iv-web/vlc-thumbs/work/build/vlc-source/extras/package/macosx/../../../po/es.gmo /Users/cam/Documents/Projects/ultima-iv-web/vlc-thumbs/work/build/vlc-source/extras/package/macosx/../../../po/es_MX.gmo /Users/cam/Documents/Projects/ultima-iv-web/vlc-thumbs/work/build/vlc-source/extras/package/macosx/../../../po/et.gmo /Users/cam/Documents/Projects/ultima-iv-web/vlc-thumbs/work/build/vlc-source/extras/package/macosx/../../../po/eu.gmo /Users/cam/Documents/Projects/ultima-iv-web/vlc-thumbs/work/build/vlc-source/extras/package/macosx/../../../po/fa.gmo /Users/cam/Documents/Projects/ultima-iv-web/vlc-thumbs/work/build/vlc-source/extras/package/macosx/../../../po/ff.gmo /Users/cam/Documents/Projects/ultima-iv-web/vlc-thumbs/work/build/vlc-source/extras/package/macosx/../../../po/fi.gmo /Users/cam/Documents/Projects/ultima-iv-web/vlc-thumbs/work/build/vlc-source/extras/package/macosx/../../../po/fr.gmo /Users/cam/Documents/Projects/ultima-iv-web/vlc-thumbs/work/build/vlc-source/extras/package/macosx/../../../po/fur.gmo /Users/cam/Documents/Projects/ultima-iv-web/vlc-thumbs/work/build/vlc-source/extras/package/macosx/../../../po/fy.gmo /Users/cam/Documents/Projects/ultima-iv-web/vlc-thumbs/work/build/vlc-source/extras/package/macosx/../../../po/ga.gmo /Users/cam/Documents/Projects/ultima-iv-web/vlc-thumbs/work/build/vlc-source/extras/package/macosx/../../../po/gd.gmo /Users/cam/Documents/Projects/ultima-iv-web/vlc-thumbs/work/build/vlc-source/extras/package/macosx/../../../po/gl.gmo /Users/cam/Documents/Projects/ultima-iv-web/vlc-thumbs/work/build/vlc-source/extras/package/macosx/../../../po/gu.gmo /Users/cam/Documents/Projects/ultima-iv-web/vlc-thumbs/work/build/vlc-source/extras/package/macosx/../../../po/he.gmo /Users/cam/Documents/Projects/ultima-iv-web/vlc-thumbs/work/build/vlc-source/extras/package/macosx/../../../po/hi.gmo /Users/cam/Documents/Projects/ultima-iv-web/vlc-thumbs/work/build/vlc-source/extras/package/macosx/../../../po/hr.gmo /Users/cam/Documents/Projects/ultima-iv-web/vlc-thumbs/work/build/vlc-source/extras/package/macosx/../../../po/hu.gmo /Users/cam/Documents/Projects/ultima-iv-web/vlc-thumbs/work/build/vlc-source/extras/package/macosx/../../../po/hy.gmo /Users/cam/Documents/Projects/ultima-iv-web/vlc-thumbs/work/build/vlc-source/extras/package/macosx/../../../po/id.gmo /Users/cam/Documents/Projects/ultima-iv-web/vlc-thumbs/work/build/vlc-source/extras/package/macosx/../../../po/ie.gmo /Users/cam/Documents/Projects/ultima-iv-web/vlc-thumbs/work/build/vlc-source/extras/package/macosx/../../../po/is.gmo /Users/cam/Documents/Projects/ultima-iv-web/vlc-thumbs/work/build/vlc-source/extras/package/macosx/../../../po/it.gmo /Users/cam/Documents/Projects/ultima-iv-web/vlc-thumbs/work/build/vlc-source/extras/package/macosx/../../../po/ja.gmo /Users/cam/Documents/Projects/ultima-iv-web/vlc-thumbs/work/build/vlc-source/extras/package/macosx/../../../po/ka.gmo /Users/cam/Documents/Projects/ultima-iv-web/vlc-thumbs/work/build/vlc-source/extras/package/macosx/../../../po/kab.gmo /Users/cam/Documents/Projects/ultima-iv-web/vlc-thumbs/work/build/vlc-source/extras/package/macosx/../../../po/kk.gmo /Users/cam/Documents/Projects/ultima-iv-web/vlc-thumbs/work/build/vlc-source/extras/package/macosx/../../../po/km.gmo /Users/cam/Documents/Projects/ultima-iv-web/vlc-thumbs/work/build/vlc-source/extras/package/macosx/../../../po/kn.gmo /Users/cam/Documents/Projects/ultima-iv-web/vlc-thumbs/work/build/vlc-source/extras/package/macosx/../../../po/ko.gmo /Users/cam/Documents/Projects/ultima-iv-web/vlc-thumbs/work/build/vlc-source/extras/package/macosx/../../../po/ks_IN.gmo /Users/cam/Documents/Projects/ultima-iv-web/vlc-thumbs/work/build/vlc-source/extras/package/macosx/../../../po/ku_IQ.gmo /Users/cam/Documents/Projects/ultima-iv-web/vlc-thumbs/work/build/vlc-source/extras/package/macosx/../../../po/ky.gmo /Users/cam/Documents/Projects/ultima-iv-web/vlc-thumbs/work/build/vlc-source/extras/package/macosx/../../../po/lg.gmo /Users/cam/Documents/Projects/ultima-iv-web/vlc-thumbs/work/build/vlc-source/extras/package/macosx/../../../po/lo.gmo /Users/cam/Documents/Projects/ultima-iv-web/vlc-thumbs/work/build/vlc-source/extras/package/macosx/../../../po/lt.gmo /Users/cam/Documents/Projects/ultima-iv-web/vlc-thumbs/work/build/vlc-source/extras/package/macosx/../../../po/lv.gmo /Users/cam/Documents/Projects/ultima-iv-web/vlc-thumbs/work/build/vlc-source/extras/package/macosx/../../../po/mai.gmo /Users/cam/Documents/Projects/ultima-iv-web/vlc-thumbs/work/build/vlc-source/extras/package/macosx/../../../po/mk.gmo /Users/cam/Documents/Projects/ultima-iv-web/vlc-thumbs/work/build/vlc-source/extras/package/macosx/../../../po/ml.gmo /Users/cam/Documents/Projects/ultima-iv-web/vlc-thumbs/work/build/vlc-source/extras/package/macosx/../../../po/mn.gmo /Users/cam/Documents/Projects/ultima-iv-web/vlc-thumbs/work/build/vlc-source/extras/package/macosx/../../../po/mr.gmo /Users/cam/Documents/Projects/ultima-iv-web/vlc-thumbs/work/build/vlc-source/extras/package/macosx/../../../po/ms.gmo /Users/cam/Documents/Projects/ultima-iv-web/vlc-thumbs/work/build/vlc-source/extras/package/macosx/../../../po/my.gmo /Users/cam/Documents/Projects/ultima-iv-web/vlc-thumbs/work/build/vlc-source/extras/package/macosx/../../../po/nb.gmo /Users/cam/Documents/Projects/ultima-iv-web/vlc-thumbs/work/build/vlc-source/extras/package/macosx/../../../po/ne.gmo /Users/cam/Documents/Projects/ultima-iv-web/vlc-thumbs/work/build/vlc-source/extras/package/macosx/../../../po/nl.gmo /Users/cam/Documents/Projects/ultima-iv-web/vlc-thumbs/work/build/vlc-source/extras/package/macosx/../../../po/nn.gmo /Users/cam/Documents/Projects/ultima-iv-web/vlc-thumbs/work/build/vlc-source/extras/package/macosx/../../../po/oc.gmo /Users/cam/Documents/Projects/ultima-iv-web/vlc-thumbs/work/build/vlc-source/extras/package/macosx/../../../po/or_IN.gmo /Users/cam/Documents/Projects/ultima-iv-web/vlc-thumbs/work/build/vlc-source/extras/package/macosx/../../../po/pa.gmo /Users/cam/Documents/Projects/ultima-iv-web/vlc-thumbs/work/build/vlc-source/extras/package/macosx/../../../po/pl.gmo /Users/cam/Documents/Projects/ultima-iv-web/vlc-thumbs/work/build/vlc-source/extras/package/macosx/../../../po/ps.gmo /Users/cam/Documents/Projects/ultima-iv-web/vlc-thumbs/work/build/vlc-source/extras/package/macosx/../../../po/pt_BR.gmo /Users/cam/Documents/Projects/ultima-iv-web/vlc-thumbs/work/build/vlc-source/extras/package/macosx/../../../po/pt_PT.gmo /Users/cam/Documents/Projects/ultima-iv-web/vlc-thumbs/work/build/vlc-source/extras/package/macosx/../../../po/ro.gmo /Users/cam/Documents/Projects/ultima-iv-web/vlc-thumbs/work/build/vlc-source/extras/package/macosx/../../../po/ru.gmo /Users/cam/Documents/Projects/ultima-iv-web/vlc-thumbs/work/build/vlc-source/extras/package/macosx/../../../po/si.gmo /Users/cam/Documents/Projects/ultima-iv-web/vlc-thumbs/work/build/vlc-source/extras/package/macosx/../../../po/sk.gmo /Users/cam/Documents/Projects/ultima-iv-web/vlc-thumbs/work/build/vlc-source/extras/package/macosx/../../../po/sl.gmo /Users/cam/Documents/Projects/ultima-iv-web/vlc-thumbs/work/build/vlc-source/extras/package/macosx/../../../po/sm.gmo /Users/cam/Documents/Projects/ultima-iv-web/vlc-thumbs/work/build/vlc-source/extras/package/macosx/../../../po/sq.gmo /Users/cam/Documents/Projects/ultima-iv-web/vlc-thumbs/work/build/vlc-source/extras/package/macosx/../../../po/sr.gmo /Users/cam/Documents/Projects/ultima-iv-web/vlc-thumbs/work/build/vlc-source/extras/package/macosx/../../../po/sv.gmo /Users/cam/Documents/Projects/ultima-iv-web/vlc-thumbs/work/build/vlc-source/extras/package/macosx/../../../po/sw.gmo /Users/cam/Documents/Projects/ultima-iv-web/vlc-thumbs/work/build/vlc-source/extras/package/macosx/../../../po/ta.gmo /Users/cam/Documents/Projects/ultima-iv-web/vlc-thumbs/work/build/vlc-source/extras/package/macosx/../../../po/te.gmo /Users/cam/Documents/Projects/ultima-iv-web/vlc-thumbs/work/build/vlc-source/extras/package/macosx/../../../po/th.gmo /Users/cam/Documents/Projects/ultima-iv-web/vlc-thumbs/work/build/vlc-source/extras/package/macosx/../../../po/tr.gmo /Users/cam/Documents/Projects/ultima-iv-web/vlc-thumbs/work/build/vlc-source/extras/package/macosx/../../../po/tt.gmo /Users/cam/Documents/Projects/ultima-iv-web/vlc-thumbs/work/build/vlc-source/extras/package/macosx/../../../po/ug.gmo /Users/cam/Documents/Projects/ultima-iv-web/vlc-thumbs/work/build/vlc-source/extras/package/macosx/../../../po/uk.gmo /Users/cam/Documents/Projects/ultima-iv-web/vlc-thumbs/work/build/vlc-source/extras/package/macosx/../../../po/uz.gmo /Users/cam/Documents/Projects/ultima-iv-web/vlc-thumbs/work/build/vlc-source/extras/package/macosx/../../../po/vi.gmo /Users/cam/Documents/Projects/ultima-iv-web/vlc-thumbs/work/build/vlc-source/extras/package/macosx/../../../po/wa.gmo /Users/cam/Documents/Projects/ultima-iv-web/vlc-thumbs/work/build/vlc-source/extras/package/macosx/../../../po/zh_CN.gmo /Users/cam/Documents/Projects/ultima-iv-web/vlc-thumbs/work/build/vlc-source/extras/package/macosx/../../../po/zh_TW.gmo /Users/cam/Documents/Projects/ultima-iv-web/vlc-thumbs/work/build/vlc-source/extras/package/macosx/../../../po/zu.gmo
cd /Users/cam/Documents/Projects/ultima-iv-web/vlc-thumbs/work/build/vlc-source/extras/package/macosx/../../../po && rm -f ach.gmo && /Users/cam/Documents/Projects/ultima-iv-web/vlc-thumbs/work/build/vlc-source/extras/tools/build/bin/msgfmt -c --statistics --verbose -o ach.gmo ach.po
cd /Users/cam/Documents/Projects/ultima-iv-web/vlc-thumbs/work/build/vlc-source/extras/package/macosx/../../../po && rm -f am.gmo && /Users/cam/Documents/Projects/ultima-iv-web/vlc-thumbs/work/build/vlc-source/extras/tools/build/bin/msgfmt -c --statistics --verbose -o am.gmo am.po
cd /Users/cam/Documents/Projects/ultima-iv-web/vlc-thumbs/work/build/vlc-source/extras/package/macosx/../../../po && rm -f af.gmo && /Users/cam/Documents/Projects/ultima-iv-web/vlc-thumbs/work/build/vlc-source/extras/tools/build/bin/msgfmt -c --statistics --verbose -o af.gmo af.po
cd /Users/cam/Documents/Projects/ultima-iv-web/vlc-thumbs/work/build/vlc-source/extras/package/macosx/../../../po && rm -f am_ET.gmo && /Users/cam/Documents/Projects/ultima-iv-web/vlc-thumbs/work/build/vlc-source/extras/tools/build/bin/msgfmt -c --statistics --verbose -o am_ET.gmo am_ET.po
ach.po: 879 translated messages, 12 fuzzy translations, 5312 untranslated messages.
am.po: 901 translated messages, 12 fuzzy translations, 5290 untranslated messages.
af.po: 1658 translated messages, 14 fuzzy translations, 4531 untranslated messages.
am_ET.po: 1421 translated messages, 4782 untranslated messages.
cd /Users/cam/Documents/Projects/ultima-iv-web/vlc-thumbs/work/build/vlc-source/extras/package/macosx/../../../po && rm -f an.gmo && /Users/cam/Documents/Projects/ultima-iv-web/vlc-thumbs/work/build/vlc-source/extras/tools/build/bin/msgfmt -c --statistics --verbose -o an.gmo an.po
cd /Users/cam/Documents/Projects/ultima-iv-web/vlc-thumbs/work/build/vlc-source/extras/package/macosx/../../../po && rm -f ar.gmo && /Users/cam/Documents/Projects/ultima-iv-web/vlc-thumbs/work/build/vlc-source/extras/tools/build/bin/msgfmt -c --statistics --verbose -o ar.gmo ar.po
cd /Users/cam/Documents/Projects/ultima-iv-web/vlc-thumbs/work/build/vlc-source/extras/package/macosx/../../../po && rm -f as.gmo && /Users/cam/Documents/Projects/ultima-iv-web/vlc-thumbs/work/build/vlc-source/extras/tools/build/bin/msgfmt -c --statistics --verbose -o as.gmo as.po
cd /Users/cam/Documents/Projects/ultima-iv-web/vlc-thumbs/work/build/vlc-source/extras/package/macosx/../../../po && rm -f ast.gmo && /Users/cam/Documents/Projects/ultima-iv-web/vlc-thumbs/work/build/vlc-source/extras/tools/build/bin/msgfmt -c --statistics --verbose -o ast.gmo ast.po
an.po: 4308 translated messages, 18 fuzzy translations, 1877 untranslated messages.
ast.po: 4441 translated messages, 18 fuzzy translations, 1744 untranslated messages.
ar.po: 3964 translated messages, 2239 untranslated messages.
cd /Users/cam/Documents/Projects/ultima-iv-web/vlc-thumbs/work/build/vlc-source/extras/package/macosx/../../../po && rm -f be.gmo && /Users/cam/Documents/Projects/ultima-iv-web/vlc-thumbs/work/build/vlc-source/extras/tools/build/bin/msgfmt -c --statistics --verbose -o be.gmo be.po
cd /Users/cam/Documents/Projects/ultima-iv-web/vlc-thumbs/work/build/vlc-source/extras/package/macosx/../../../po && rm -f bg.gmo && /Users/cam/Documents/Projects/ultima-iv-web/vlc-thumbs/work/build/vlc-source/extras/tools/build/bin/msgfmt -c --statistics --verbose -o bg.gmo bg.po
cd /Users/cam/Documents/Projects/ultima-iv-web/vlc-thumbs/work/build/vlc-source/extras/package/macosx/../../../po && rm -f bn_IN.gmo && /Users/cam/Documents/Projects/ultima-iv-web/vlc-thumbs/work/build/vlc-source/extras/tools/build/bin/msgfmt -c --statistics --verbose -o bn_IN.gmo bn_IN.po
as.po: 5405 translated messages, 20 fuzzy translations, 778 untranslated messages.
cd /Users/cam/Documents/Projects/ultima-iv-web/vlc-thumbs/work/build/vlc-source/extras/package/macosx/../../../po && rm -f bn.gmo && /Users/cam/Documents/Projects/ultima-iv-web/vlc-thumbs/work/build/vlc-source/extras/tools/build/bin/msgfmt -c --statistics --verbose -o bn.gmo bn.po
bg.po: 4169 translated messages, 18 fuzzy translations, 2016 untranslated messages.
be.po: 5344 translated messages, 859 untranslated messages.
bn_IN.po: 4509 translated messages, 18 fuzzy translations, 1676 untranslated messages.
cd /Users/cam/Documents/Projects/ultima-iv-web/vlc-thumbs/work/build/vlc-source/extras/package/macosx/../../../po && rm -f br.gmo && /Users/cam/Documents/Projects/ultima-iv-web/vlc-thumbs/work/build/vlc-source/extras/tools/build/bin/msgfmt -c --statistics --verbose -o br.gmo br.po
cd /Users/cam/Documents/Projects/ultima-iv-web/vlc-thumbs/work/build/vlc-source/extras/package/macosx/../../../po && rm -f brx.gmo && /Users/cam/Documents/Projects/ultima-iv-web/vlc-thumbs/work/build/vlc-source/extras/tools/build/bin/msgfmt -c --statistics --verbose -o brx.gmo brx.po
cd /Users/cam/Documents/Projects/ultima-iv-web/vlc-thumbs/work/build/vlc-source/extras/package/macosx/../../../po && rm -f bs.gmo && /Users/cam/Documents/Projects/ultima-iv-web/vlc-thumbs/work/build/vlc-source/extras/tools/build/bin/msgfmt -c --statistics --verbose -o bs.gmo bs.po
bn.po: 4699 translated messages, 76 fuzzy translations, 1428 untranslated messages.
cd /Users/cam/Documents/Projects/ultima-iv-web/vlc-thumbs/work/build/vlc-source/extras/package/macosx/../../../po && rm -f ca.gmo && /Users/cam/Documents/Projects/ultima-iv-web/vlc-thumbs/work/build/vlc-source/extras/tools/build/bin/msgfmt -c --statistics --verbose -o ca.gmo ca.po
br.po: 2032 translated messages, 12 fuzzy translations, 4159 untranslated messages.
cd /Users/cam/Documents/Projects/ultima-iv-web/vlc-thumbs/work/build/vlc-source/extras/package/macosx/../../../po && rm -f ca@valencia.gmo && /Users/cam/Documents/Projects/ultima-iv-web/vlc-thumbs/work/build/vlc-source/extras/tools/build/bin/msgfmt -c --statistics --verbose -o ca@valencia.gmo ca@valencia.po
bs.po: 6050 translated messages, 20 fuzzy translations, 133 untranslated messages.
brx.po: 5413 translated messages, 20 fuzzy translations, 770 untranslated messages.
cd /Users/cam/Documents/Projects/ultima-iv-web/vlc-thumbs/work/build/vlc-source/extras/package/macosx/../../../po && rm -f cgg.gmo && /Users/cam/Documents/Projects/ultima-iv-web/vlc-thumbs/work/build/vlc-source/extras/tools/build/bin/msgfmt -c --statistics --verbose -o cgg.gmo cgg.po
cd /Users/cam/Documents/Projects/ultima-iv-web/vlc-thumbs/work/build/vlc-source/extras/package/macosx/../../../po && rm -f co.gmo && /Users/cam/Documents/Projects/ultima-iv-web/vlc-thumbs/work/build/vlc-source/extras/tools/build/bin/msgfmt -c --statistics --verbose -o co.gmo co.po
ca.po: 6203 translated messages.
cd /Users/cam/Documents/Projects/ultima-iv-web/vlc-thumbs/work/build/vlc-source/extras/package/macosx/../../../po && rm -f cs.gmo && /Users/cam/Documents/Projects/ultima-iv-web/vlc-thumbs/work/build/vlc-source/extras/tools/build/bin/msgfmt -c --statistics --verbose -o cs.gmo cs.po
ca@valencia.po: 5209 translated messages, 20 fuzzy translations, 974 untranslated messages.
cgg.po: 598 translated messages, 112 fuzzy translations, 5493 untranslated messages.
cd /Users/cam/Documents/Projects/ultima-iv-web/vlc-thumbs/work/build/vlc-source/extras/package/macosx/../../../po && rm -f cy.gmo && /Users/cam/Documents/Projects/ultima-iv-web/vlc-thumbs/work/build/vlc-source/extras/tools/build/bin/msgfmt -c --statistics --verbose -o cy.gmo cy.po
cd /Users/cam/Documents/Projects/ultima-iv-web/vlc-thumbs/work/build/vlc-source/extras/package/macosx/../../../po && rm -f da.gmo && /Users/cam/Documents/Projects/ultima-iv-web/vlc-thumbs/work/build/vlc-source/extras/tools/build/bin/msgfmt -c --statistics --verbose -o da.gmo da.po
co.po: 4443 translated messages, 1760 untranslated messages.
cd /Users/cam/Documents/Projects/ultima-iv-web/vlc-thumbs/work/build/vlc-source/extras/package/macosx/../../../po && rm -f de.gmo && /Users/cam/Documents/Projects/ultima-iv-web/vlc-thumbs/work/build/vlc-source/extras/tools/build/bin/msgfmt -c --statistics --verbose -o de.gmo de.po
cs.po: 6203 translated messages.
cd /Users/cam/Documents/Projects/ultima-iv-web/vlc-thumbs/work/build/vlc-source/extras/package/macosx/../../../po && rm -f el.gmo && /Users/cam/Documents/Projects/ultima-iv-web/vlc-thumbs/work/build/vlc-source/extras/tools/build/bin/msgfmt -c --statistics --verbose -o el.gmo el.po
cy.po: 3684 translated messages, 16 fuzzy translations, 2503 untranslated messages.
cd /Users/cam/Documents/Projects/ultima-iv-web/vlc-thumbs/work/build/vlc-source/extras/package/macosx/../../../po && rm -f en_GB.gmo && /Users/cam/Documents/Projects/ultima-iv-web/vlc-thumbs/work/build/vlc-source/extras/tools/build/bin/msgfmt -c --statistics --verbose -o en_GB.gmo en_GB.po
da.po: 6203 translated messages.
cd /Users/cam/Documents/Projects/ultima-iv-web/vlc-thumbs/work/build/vlc-source/extras/package/macosx/../../../po && rm -f eo.gmo && /Users/cam/Documents/Projects/ultima-iv-web/vlc-thumbs/work/build/vlc-source/extras/tools/build/bin/msgfmt -c --statistics --verbose -o eo.gmo eo.po
de.po: 6203 translated messages.
cd /Users/cam/Documents/Projects/ultima-iv-web/vlc-thumbs/work/build/vlc-source/extras/package/macosx/../../../po && rm -f es.gmo && /Users/cam/Documents/Projects/ultima-iv-web/vlc-thumbs/work/build/vlc-source/extras/tools/build/bin/msgfmt -c --statistics --verbose -o es.gmo es.po
el.po: 6181 translated messages, 22 untranslated messages.
en_GB.po: 2329 translated messages, 3874 untranslated messages.
cd /Users/cam/Documents/Projects/ultima-iv-web/vlc-thumbs/work/build/vlc-source/extras/package/macosx/../../../po && rm -f es_MX.gmo && /Users/cam/Documents/Projects/ultima-iv-web/vlc-thumbs/work/build/vlc-source/extras/tools/build/bin/msgfmt -c --statistics --verbose -o es_MX.gmo es_MX.po
cd /Users/cam/Documents/Projects/ultima-iv-web/vlc-thumbs/work/build/vlc-source/extras/package/macosx/../../../po && rm -f et.gmo && /Users/cam/Documents/Projects/ultima-iv-web/vlc-thumbs/work/build/vlc-source/extras/tools/build/bin/msgfmt -c --statistics --verbose -o et.gmo et.po
eo.po: 1678 translated messages, 9 fuzzy translations, 4516 untranslated messages.
cd /Users/cam/Documents/Projects/ultima-iv-web/vlc-thumbs/work/build/vlc-source/extras/package/macosx/../../../po && rm -f eu.gmo && /Users/cam/Documents/Projects/ultima-iv-web/vlc-thumbs/work/build/vlc-source/extras/tools/build/bin/msgfmt -c --statistics --verbose -o eu.gmo eu.po
es.po: 6143 translated messages, 60 untranslated messages.
cd /Users/cam/Documents/Projects/ultima-iv-web/vlc-thumbs/work/build/vlc-source/extras/package/macosx/../../../po && rm -f fa.gmo && /Users/cam/Documents/Projects/ultima-iv-web/vlc-thumbs/work/build/vlc-source/extras/tools/build/bin/msgfmt -c --statistics --verbose -o fa.gmo fa.po
et.po: 4934 translated messages, 1269 untranslated messages.
es_MX.po: 6143 translated messages, 60 untranslated messages.
cd /Users/cam/Documents/Projects/ultima-iv-web/vlc-thumbs/work/build/vlc-source/extras/package/macosx/../../../po && rm -f ff.gmo && /Users/cam/Documents/Projects/ultima-iv-web/vlc-thumbs/work/build/vlc-source/extras/tools/build/bin/msgfmt -c --statistics --verbose -o ff.gmo ff.po
cd /Users/cam/Documents/Projects/ultima-iv-web/vlc-thumbs/work/build/vlc-source/extras/package/macosx/../../../po && rm -f fi.gmo && /Users/cam/Documents/Projects/ultima-iv-web/vlc-thumbs/work/build/vlc-source/extras/tools/build/bin/msgfmt -c --statistics --verbose -o fi.gmo fi.po
eu.po: 6203 translated messages.
cd /Users/cam/Documents/Projects/ultima-iv-web/vlc-thumbs/work/build/vlc-source/extras/package/macosx/../../../po && rm -f fr.gmo && /Users/cam/Documents/Projects/ultima-iv-web/vlc-thumbs/work/build/vlc-source/extras/tools/build/bin/msgfmt -c --statistics --verbose -o fr.gmo fr.po
fa.po: 2090 translated messages, 4113 untranslated messages.
cd /Users/cam/Documents/Projects/ultima-iv-web/vlc-thumbs/work/build/vlc-source/extras/package/macosx/../../../po && rm -f fur.gmo && /Users/cam/Documents/Projects/ultima-iv-web/vlc-thumbs/work/build/vlc-source/extras/tools/build/bin/msgfmt -c --statistics --verbose -o fur.gmo fur.po
ff.po: 1230 translated messages, 13 fuzzy translations, 4960 untranslated messages.
cd /Users/cam/Documents/Projects/ultima-iv-web/vlc-thumbs/work/build/vlc-source/extras/package/macosx/../../../po && rm -f fy.gmo && /Users/cam/Documents/Projects/ultima-iv-web/vlc-thumbs/work/build/vlc-source/extras/tools/build/bin/msgfmt -c --statistics --verbose -o fy.gmo fy.po
fi.po: 6203 translated messages.
cd /Users/cam/Documents/Projects/ultima-iv-web/vlc-thumbs/work/build/vlc-source/extras/package/macosx/../../../po && rm -f ga.gmo && /Users/cam/Documents/Projects/ultima-iv-web/vlc-thumbs/work/build/vlc-source/extras/tools/build/bin/msgfmt -c --statistics --verbose -o ga.gmo ga.po
fr.po: 6203 translated messages.
cd /Users/cam/Documents/Projects/ultima-iv-web/vlc-thumbs/work/build/vlc-source/extras/package/macosx/../../../po && rm -f gd.gmo && /Users/cam/Documents/Projects/ultima-iv-web/vlc-thumbs/work/build/vlc-source/extras/tools/build/bin/msgfmt -c --statistics --verbose -o gd.gmo gd.po
fur.po: 3631 translated messages, 2572 untranslated messages.
cd /Users/cam/Documents/Projects/ultima-iv-web/vlc-thumbs/work/build/vlc-source/extras/package/macosx/../../../po && rm -f gl.gmo && /Users/cam/Documents/Projects/ultima-iv-web/vlc-thumbs/work/build/vlc-source/extras/tools/build/bin/msgfmt -c --statistics --verbose -o gl.gmo gl.po
fy.po: 5546 translated messages, 20 fuzzy translations, 637 untranslated messages.
ga.po: 2735 translated messages, 15 fuzzy translations, 3453 untranslated messages.
cd /Users/cam/Documents/Projects/ultima-iv-web/vlc-thumbs/work/build/vlc-source/extras/package/macosx/../../../po && rm -f gu.gmo && /Users/cam/Documents/Projects/ultima-iv-web/vlc-thumbs/work/build/vlc-source/extras/tools/build/bin/msgfmt -c --statistics --verbose -o gu.gmo gu.po
cd /Users/cam/Documents/Projects/ultima-iv-web/vlc-thumbs/work/build/vlc-source/extras/package/macosx/../../../po && rm -f he.gmo && /Users/cam/Documents/Projects/ultima-iv-web/vlc-thumbs/work/build/vlc-source/extras/tools/build/bin/msgfmt -c --statistics --verbose -o he.gmo he.po
gd.po: 2556 translated messages, 16 fuzzy translations, 3631 untranslated messages.
cd /Users/cam/Documents/Projects/ultima-iv-web/vlc-thumbs/work/build/vlc-source/extras/package/macosx/../../../po && rm -f hi.gmo && /Users/cam/Documents/Projects/ultima-iv-web/vlc-thumbs/work/build/vlc-source/extras/tools/build/bin/msgfmt -c --statistics --verbose -o hi.gmo hi.po
gl.po: 6053 translated messages, 150 untranslated messages.
cd /Users/cam/Documents/Projects/ultima-iv-web/vlc-thumbs/work/build/vlc-source/extras/package/macosx/../../../po && rm -f hr.gmo && /Users/cam/Documents/Projects/ultima-iv-web/vlc-thumbs/work/build/vlc-source/extras/tools/build/bin/msgfmt -c --statistics --verbose -o hr.gmo hr.po
he.po: 5265 translated messages, 938 untranslated messages.
gu.po: 5411 translated messages, 49 fuzzy translations, 743 untranslated messages.
hi.po: 1465 translated messages, 10 fuzzy translations, 4728 untranslated messages.
cd /Users/cam/Documents/Projects/ultima-iv-web/vlc-thumbs/work/build/vlc-source/extras/package/macosx/../../../po && rm -f hu.gmo && /Users/cam/Documents/Projects/ultima-iv-web/vlc-thumbs/work/build/vlc-source/extras/tools/build/bin/msgfmt -c --statistics --verbose -o hu.gmo hu.po
cd /Users/cam/Documents/Projects/ultima-iv-web/vlc-thumbs/work/build/vlc-source/extras/package/macosx/../../../po && rm -f hy.gmo && /Users/cam/Documents/Projects/ultima-iv-web/vlc-thumbs/work/build/vlc-source/extras/tools/build/bin/msgfmt -c --statistics --verbose -o hy.gmo hy.po
cd /Users/cam/Documents/Projects/ultima-iv-web/vlc-thumbs/work/build/vlc-source/extras/package/macosx/../../../po && rm -f id.gmo && /Users/cam/Documents/Projects/ultima-iv-web/vlc-thumbs/work/build/vlc-source/extras/tools/build/bin/msgfmt -c --statistics --verbose -o id.gmo id.po
hr.po: 6176 translated messages, 27 untranslated messages.
cd /Users/cam/Documents/Projects/ultima-iv-web/vlc-thumbs/work/build/vlc-source/extras/package/macosx/../../../po && rm -f ie.gmo && /Users/cam/Documents/Projects/ultima-iv-web/vlc-thumbs/work/build/vlc-source/extras/tools/build/bin/msgfmt -c --statistics --verbose -o ie.gmo ie.po
hy.po: 1812 translated messages, 15 fuzzy translations, 4376 untranslated messages.
id.po: 4906 translated messages, 1297 untranslated messages.
hu.po: 6203 translated messages.
cd /Users/cam/Documents/Projects/ultima-iv-web/vlc-thumbs/work/build/vlc-source/extras/package/macosx/../../../po && rm -f is.gmo && /Users/cam/Documents/Projects/ultima-iv-web/vlc-thumbs/work/build/vlc-source/extras/tools/build/bin/msgfmt -c --statistics --verbose -o is.gmo is.po
cd /Users/cam/Documents/Projects/ultima-iv-web/vlc-thumbs/work/build/vlc-source/extras/package/macosx/../../../po && rm -f it.gmo && /Users/cam/Documents/Projects/ultima-iv-web/vlc-thumbs/work/build/vlc-source/extras/tools/build/bin/msgfmt -c --statistics --verbose -o it.gmo it.po
cd /Users/cam/Documents/Projects/ultima-iv-web/vlc-thumbs/work/build/vlc-source/extras/package/macosx/../../../po && rm -f ja.gmo && /Users/cam/Documents/Projects/ultima-iv-web/vlc-thumbs/work/build/vlc-source/extras/tools/build/bin/msgfmt -c --statistics --verbose -o ja.gmo ja.po
ie.po: 1933 translated messages, 4270 untranslated messages.
cd /Users/cam/Documents/Projects/ultima-iv-web/vlc-thumbs/work/build/vlc-source/extras/package/macosx/../../../po && rm -f ka.gmo && /Users/cam/Documents/Projects/ultima-iv-web/vlc-thumbs/work/build/vlc-source/extras/tools/build/bin/msgfmt -c --statistics --verbose -o ka.gmo ka.po
is.po: 4467 translated messages, 1736 untranslated messages.
cd /Users/cam/Documents/Projects/ultima-iv-web/vlc-thumbs/work/build/vlc-source/extras/package/macosx/../../../po && rm -f kab.gmo && /Users/cam/Documents/Projects/ultima-iv-web/vlc-thumbs/work/build/vlc-source/extras/tools/build/bin/msgfmt -c --statistics --verbose -o kab.gmo kab.po
it.po: 6203 translated messages.
ja.po: 6203 translated messages.
cd /Users/cam/Documents/Projects/ultima-iv-web/vlc-thumbs/work/build/vlc-source/extras/package/macosx/../../../po && rm -f kk.gmo && /Users/cam/Documents/Projects/ultima-iv-web/vlc-thumbs/work/build/vlc-source/extras/tools/build/bin/msgfmt -c --statistics --verbose -o kk.gmo kk.po
cd /Users/cam/Documents/Projects/ultima-iv-web/vlc-thumbs/work/build/vlc-source/extras/package/macosx/../../../po && rm -f km.gmo && /Users/cam/Documents/Projects/ultima-iv-web/vlc-thumbs/work/build/vlc-source/extras/tools/build/bin/msgfmt -c --statistics --verbose -o km.gmo km.po
ka.po: 2629 translated messages, 3574 untranslated messages.
cd /Users/cam/Documents/Projects/ultima-iv-web/vlc-thumbs/work/build/vlc-source/extras/package/macosx/../../../po && rm -f kn.gmo && /Users/cam/Documents/Projects/ultima-iv-web/vlc-thumbs/work/build/vlc-source/extras/tools/build/bin/msgfmt -c --statistics --verbose -o kn.gmo kn.po
kab.po: 1305 translated messages, 11 fuzzy translations, 4887 untranslated messages.
cd /Users/cam/Documents/Projects/ultima-iv-web/vlc-thumbs/work/build/vlc-source/extras/package/macosx/../../../po && rm -f ko.gmo && /Users/cam/Documents/Projects/ultima-iv-web/vlc-thumbs/work/build/vlc-source/extras/tools/build/bin/msgfmt -c --statistics --verbose -o ko.gmo ko.po
kk.po: 6176 translated messages, 27 untranslated messages.
km.po: 5214 translated messages, 20 fuzzy translations, 969 untranslated messages.
cd /Users/cam/Documents/Projects/ultima-iv-web/vlc-thumbs/work/build/vlc-source/extras/package/macosx/../../../po && rm -f ks_IN.gmo && /Users/cam/Documents/Projects/ultima-iv-web/vlc-thumbs/work/build/vlc-source/extras/tools/build/bin/msgfmt -c --statistics --verbose -o ks_IN.gmo ks_IN.po
cd /Users/cam/Documents/Projects/ultima-iv-web/vlc-thumbs/work/build/vlc-source/extras/package/macosx/../../../po && rm -f ku_IQ.gmo && /Users/cam/Documents/Projects/ultima-iv-web/vlc-thumbs/work/build/vlc-source/extras/tools/build/bin/msgfmt -c --statistics --verbose -o ku_IQ.gmo ku_IQ.po
kn.po: 5295 translated messages, 19 fuzzy translations, 889 untranslated messages.
ko.po: 6181 translated messages, 22 untranslated messages.
cd /Users/cam/Documents/Projects/ultima-iv-web/vlc-thumbs/work/build/vlc-source/extras/package/macosx/../../../po && rm -f ky.gmo && /Users/cam/Documents/Projects/ultima-iv-web/vlc-thumbs/work/build/vlc-source/extras/tools/build/bin/msgfmt -c --statistics --verbose -o ky.gmo ky.po
cd /Users/cam/Documents/Projects/ultima-iv-web/vlc-thumbs/work/build/vlc-source/extras/package/macosx/../../../po && rm -f lg.gmo && /Users/cam/Documents/Projects/ultima-iv-web/vlc-thumbs/work/build/vlc-source/extras/tools/build/bin/msgfmt -c --statistics --verbose -o lg.gmo lg.po
ku_IQ.po: 1183 translated messages, 11 fuzzy translations, 5009 untranslated messages.
ks_IN.po: 5415 translated messages, 20 fuzzy translations, 768 untranslated messages.
cd /Users/cam/Documents/Projects/ultima-iv-web/vlc-thumbs/work/build/vlc-source/extras/package/macosx/../../../po && rm -f lo.gmo && /Users/cam/Documents/Projects/ultima-iv-web/vlc-thumbs/work/build/vlc-source/extras/tools/build/bin/msgfmt -c --statistics --verbose -o lo.gmo lo.po
ky.po: 746 translated messages, 4 fuzzy translations, 5453 untranslated messages.
lg.po: 815 translated messages, 12 fuzzy translations, 5376 untranslated messages.
cd /Users/cam/Documents/Projects/ultima-iv-web/vlc-thumbs/work/build/vlc-source/extras/package/macosx/../../../po && rm -f lt.gmo && /Users/cam/Documents/Projects/ultima-iv-web/vlc-thumbs/work/build/vlc-source/extras/tools/build/bin/msgfmt -c --statistics --verbose -o lt.gmo lt.po
cd /Users/cam/Documents/Projects/ultima-iv-web/vlc-thumbs/work/build/vlc-source/extras/package/macosx/../../../po && rm -f lv.gmo && /Users/cam/Documents/Projects/ultima-iv-web/vlc-thumbs/work/build/vlc-source/extras/tools/build/bin/msgfmt -c --statistics --verbose -o lv.gmo lv.po
cd /Users/cam/Documents/Projects/ultima-iv-web/vlc-thumbs/work/build/vlc-source/extras/package/macosx/../../../po && rm -f mai.gmo && /Users/cam/Documents/Projects/ultima-iv-web/vlc-thumbs/work/build/vlc-source/extras/tools/build/bin/msgfmt -c --statistics --verbose -o mai.gmo mai.po
lo.po: 276 translated messages, 82 fuzzy translations, 5845 untranslated messages.
cd /Users/cam/Documents/Projects/ultima-iv-web/vlc-thumbs/work/build/vlc-source/extras/package/macosx/../../../po && rm -f mk.gmo && /Users/cam/Documents/Projects/ultima-iv-web/vlc-thumbs/work/build/vlc-source/extras/tools/build/bin/msgfmt -c --statistics --verbose -o mk.gmo mk.po
lt.po: 3888 translated messages, 18 fuzzy translations, 2297 untranslated messages.
cd /Users/cam/Documents/Projects/ultima-iv-web/vlc-thumbs/work/build/vlc-source/extras/package/macosx/../../../po && rm -f ml.gmo && /Users/cam/Documents/Projects/ultima-iv-web/vlc-thumbs/work/build/vlc-source/extras/tools/build/bin/msgfmt -c --statistics --verbose -o ml.gmo ml.po
lv.po: 6143 translated messages, 60 untranslated messages.
cd /Users/cam/Documents/Projects/ultima-iv-web/vlc-thumbs/work/build/vlc-source/extras/package/macosx/../../../po && rm -f mn.gmo && /Users/cam/Documents/Projects/ultima-iv-web/vlc-thumbs/work/build/vlc-source/extras/tools/build/bin/msgfmt -c --statistics --verbose -o mn.gmo mn.po
mai.po: 5413 translated messages, 20 fuzzy translations, 770 untranslated messages.
mk.po: 141 translated messages, 64 fuzzy translations, 5998 untranslated messages.
cd /Users/cam/Documents/Projects/ultima-iv-web/vlc-thumbs/work/build/vlc-source/extras/package/macosx/../../../po && rm -f mr.gmo && /Users/cam/Documents/Projects/ultima-iv-web/vlc-thumbs/work/build/vlc-source/extras/tools/build/bin/msgfmt -c --statistics --verbose -o mr.gmo mr.po
cd /Users/cam/Documents/Projects/ultima-iv-web/vlc-thumbs/work/build/vlc-source/extras/package/macosx/../../../po && rm -f ms.gmo && /Users/cam/Documents/Projects/ultima-iv-web/vlc-thumbs/work/build/vlc-source/extras/tools/build/bin/msgfmt -c --statistics --verbose -o ms.gmo ms.po
mn.po: 1564 translated messages, 4639 untranslated messages.
cd /Users/cam/Documents/Projects/ultima-iv-web/vlc-thumbs/work/build/vlc-source/extras/package/macosx/../../../po && rm -f my.gmo && /Users/cam/Documents/Projects/ultima-iv-web/vlc-thumbs/work/build/vlc-source/extras/tools/build/bin/msgfmt -c --statistics --verbose -o my.gmo my.po
ml.po: 6143 translated messages, 60 untranslated messages.
cd /Users/cam/Documents/Projects/ultima-iv-web/vlc-thumbs/work/build/vlc-source/extras/package/macosx/../../../po && rm -f nb.gmo && /Users/cam/Documents/Projects/ultima-iv-web/vlc-thumbs/work/build/vlc-source/extras/tools/build/bin/msgfmt -c --statistics --verbose -o nb.gmo nb.po
ms.po: 6143 translated messages, 60 untranslated messages.
mr.po: 5478 translated messages, 20 fuzzy translations, 705 untranslated messages.
cd /Users/cam/Documents/Projects/ultima-iv-web/vlc-thumbs/work/build/vlc-source/extras/package/macosx/../../../po && rm -f ne.gmo && /Users/cam/Documents/Projects/ultima-iv-web/vlc-thumbs/work/build/vlc-source/extras/tools/build/bin/msgfmt -c --statistics --verbose -o ne.gmo ne.po
cd /Users/cam/Documents/Projects/ultima-iv-web/vlc-thumbs/work/build/vlc-source/extras/package/macosx/../../../po && rm -f nl.gmo && /Users/cam/Documents/Projects/ultima-iv-web/vlc-thumbs/work/build/vlc-source/extras/tools/build/bin/msgfmt -c --statistics --verbose -o nl.gmo nl.po
my.po: 329 translated messages, 72 fuzzy translations, 5802 untranslated messages.
cd /Users/cam/Documents/Projects/ultima-iv-web/vlc-thumbs/work/build/vlc-source/extras/package/macosx/../../../po && rm -f nn.gmo && /Users/cam/Documents/Projects/ultima-iv-web/vlc-thumbs/work/build/vlc-source/extras/tools/build/bin/msgfmt -c --statistics --verbose -o nn.gmo nn.po
nb.po: 5803 translated messages, 400 untranslated messages.
ne.po: 2813 translated messages, 3390 untranslated messages.
cd /Users/cam/Documents/Projects/ultima-iv-web/vlc-thumbs/work/build/vlc-source/extras/package/macosx/../../../po && rm -f oc.gmo && /Users/cam/Documents/Projects/ultima-iv-web/vlc-thumbs/work/build/vlc-source/extras/tools/build/bin/msgfmt -c --statistics --verbose -o oc.gmo oc.po
cd /Users/cam/Documents/Projects/ultima-iv-web/vlc-thumbs/work/build/vlc-source/extras/package/macosx/../../../po && rm -f or_IN.gmo && /Users/cam/Documents/Projects/ultima-iv-web/vlc-thumbs/work/build/vlc-source/extras/tools/build/bin/msgfmt -c --statistics --verbose -o or_IN.gmo or_IN.po
nl.po: 6181 translated messages, 22 untranslated messages.
nn.po: 3731 translated messages, 2472 untranslated messages.
cd /Users/cam/Documents/Projects/ultima-iv-web/vlc-thumbs/work/build/vlc-source/extras/package/macosx/../../../po && rm -f pa.gmo && /Users/cam/Documents/Projects/ultima-iv-web/vlc-thumbs/work/build/vlc-source/extras/tools/build/bin/msgfmt -c --statistics --verbose -o pa.gmo pa.po
cd /Users/cam/Documents/Projects/ultima-iv-web/vlc-thumbs/work/build/vlc-source/extras/package/macosx/../../../po && rm -f pl.gmo && /Users/cam/Documents/Projects/ultima-iv-web/vlc-thumbs/work/build/vlc-source/extras/tools/build/bin/msgfmt -c --statistics --verbose -o pl.gmo pl.po
or_IN.po: 331 translated messages, 74 fuzzy translations, 5798 untranslated messages.
oc.po: 5435 translated messages, 20 fuzzy translations, 748 untranslated messages.
cd /Users/cam/Documents/Projects/ultima-iv-web/vlc-thumbs/work/build/vlc-source/extras/package/macosx/../../../po && rm -f ps.gmo && /Users/cam/Documents/Projects/ultima-iv-web/vlc-thumbs/work/build/vlc-source/extras/tools/build/bin/msgfmt -c --statistics --verbose -o ps.gmo ps.po
cd /Users/cam/Documents/Projects/ultima-iv-web/vlc-thumbs/work/build/vlc-source/extras/package/macosx/../../../po && rm -f pt_BR.gmo && /Users/cam/Documents/Projects/ultima-iv-web/vlc-thumbs/work/build/vlc-source/extras/tools/build/bin/msgfmt -c --statistics --verbose -o pt_BR.gmo pt_BR.po
pa.po: 3411 translated messages, 15 fuzzy translations, 2777 untranslated messages.
cd /Users/cam/Documents/Projects/ultima-iv-web/vlc-thumbs/work/build/vlc-source/extras/package/macosx/../../../po && rm -f pt_PT.gmo && /Users/cam/Documents/Projects/ultima-iv-web/vlc-thumbs/work/build/vlc-source/extras/tools/build/bin/msgfmt -c --statistics --verbose -o pt_PT.gmo pt_PT.po
pl.po: 6143 translated messages, 60 untranslated messages.
cd /Users/cam/Documents/Projects/ultima-iv-web/vlc-thumbs/work/build/vlc-source/extras/package/macosx/../../../po && rm -f ro.gmo && /Users/cam/Documents/Projects/ultima-iv-web/vlc-thumbs/work/build/vlc-source/extras/tools/build/bin/msgfmt -c --statistics --verbose -o ro.gmo ro.po
ps.po: 711 translated messages, 6 fuzzy translations, 5486 untranslated messages.
cd /Users/cam/Documents/Projects/ultima-iv-web/vlc-thumbs/work/build/vlc-source/extras/package/macosx/../../../po && rm -f ru.gmo && /Users/cam/Documents/Projects/ultima-iv-web/vlc-thumbs/work/build/vlc-source/extras/tools/build/bin/msgfmt -c --statistics --verbose -o ru.gmo ru.po
pt_BR.po: 6176 translated messages, 27 untranslated messages.
cd /Users/cam/Documents/Projects/ultima-iv-web/vlc-thumbs/work/build/vlc-source/extras/package/macosx/../../../po && rm -f si.gmo && /Users/cam/Documents/Projects/ultima-iv-web/vlc-thumbs/work/build/vlc-source/extras/tools/build/bin/msgfmt -c --statistics --verbose -o si.gmo si.po
pt_PT.po: 6181 translated messages, 22 untranslated messages.
cd /Users/cam/Documents/Projects/ultima-iv-web/vlc-thumbs/work/build/vlc-source/extras/package/macosx/../../../po && rm -f sk.gmo && /Users/cam/Documents/Projects/ultima-iv-web/vlc-thumbs/work/build/vlc-source/extras/tools/build/bin/msgfmt -c --statistics --verbose -o sk.gmo sk.po
ro.po: 6203 translated messages.
cd /Users/cam/Documents/Projects/ultima-iv-web/vlc-thumbs/work/build/vlc-source/extras/package/macosx/../../../po && rm -f sl.gmo && /Users/cam/Documents/Projects/ultima-iv-web/vlc-thumbs/work/build/vlc-source/extras/tools/build/bin/msgfmt -c --statistics --verbose -o sl.gmo sl.po
ru.po: 6143 translated messages, 60 untranslated messages.
cd /Users/cam/Documents/Projects/ultima-iv-web/vlc-thumbs/work/build/vlc-source/extras/package/macosx/../../../po && rm -f sm.gmo && /Users/cam/Documents/Projects/ultima-iv-web/vlc-thumbs/work/build/vlc-source/extras/tools/build/bin/msgfmt -c --statistics --verbose -o sm.gmo sm.po
si.po: 2670 translated messages, 14 fuzzy translations, 3519 untranslated messages.
cd /Users/cam/Documents/Projects/ultima-iv-web/vlc-thumbs/work/build/vlc-source/extras/package/macosx/../../../po && rm -f sq.gmo && /Users/cam/Documents/Projects/ultima-iv-web/vlc-thumbs/work/build/vlc-source/extras/tools/build/bin/msgfmt -c --statistics --verbose -o sq.gmo sq.po
sk.po: 6203 translated messages.
sl.po: 6176 translated messages, 27 untranslated messages.
cd /Users/cam/Documents/Projects/ultima-iv-web/vlc-thumbs/work/build/vlc-source/extras/package/macosx/../../../po && rm -f sr.gmo && /Users/cam/Documents/Projects/ultima-iv-web/vlc-thumbs/work/build/vlc-source/extras/tools/build/bin/msgfmt -c --statistics --verbose -o sr.gmo sr.po
sm.po: 292 translated messages, 77 fuzzy translations, 5834 untranslated messages.
cd /Users/cam/Documents/Projects/ultima-iv-web/vlc-thumbs/work/build/vlc-source/extras/package/macosx/../../../po && rm -f sv.gmo && /Users/cam/Documents/Projects/ultima-iv-web/vlc-thumbs/work/build/vlc-source/extras/tools/build/bin/msgfmt -c --statistics --verbose -o sv.gmo sv.po
cd /Users/cam/Documents/Projects/ultima-iv-web/vlc-thumbs/work/build/vlc-source/extras/package/macosx/../../../po && rm -f sw.gmo && /Users/cam/Documents/Projects/ultima-iv-web/vlc-thumbs/work/build/vlc-source/extras/tools/build/bin/msgfmt -c --statistics --verbose -o sw.gmo sw.po
sq.po: 957 translated messages, 8 fuzzy translations, 5238 untranslated messages.
cd /Users/cam/Documents/Projects/ultima-iv-web/vlc-thumbs/work/build/vlc-source/extras/package/macosx/../../../po && rm -f ta.gmo && /Users/cam/Documents/Projects/ultima-iv-web/vlc-thumbs/work/build/vlc-source/extras/tools/build/bin/msgfmt -c --statistics --verbose -o ta.gmo ta.po
sr.po: 3154 translated messages, 14 fuzzy translations, 3035 untranslated messages.
sw.po: 530 translated messages, 94 fuzzy translations, 5579 untranslated messages.
cd /Users/cam/Documents/Projects/ultima-iv-web/vlc-thumbs/work/build/vlc-source/extras/package/macosx/../../../po && rm -f te.gmo && /Users/cam/Documents/Projects/ultima-iv-web/vlc-thumbs/work/build/vlc-source/extras/tools/build/bin/msgfmt -c --statistics --verbose -o te.gmo te.po
cd /Users/cam/Documents/Projects/ultima-iv-web/vlc-thumbs/work/build/vlc-source/extras/package/macosx/../../../po && rm -f th.gmo && /Users/cam/Documents/Projects/ultima-iv-web/vlc-thumbs/work/build/vlc-source/extras/tools/build/bin/msgfmt -c --statistics --verbose -o th.gmo th.po
sv.po: 6203 translated messages.
ta.po: 1797 translated messages, 14 fuzzy translations, 4392 untranslated messages.
cd /Users/cam/Documents/Projects/ultima-iv-web/vlc-thumbs/work/build/vlc-source/extras/package/macosx/../../../po && rm -f tr.gmo && /Users/cam/Documents/Projects/ultima-iv-web/vlc-thumbs/work/build/vlc-source/extras/tools/build/bin/msgfmt -c --statistics --verbose -o tr.gmo tr.po
cd /Users/cam/Documents/Projects/ultima-iv-web/vlc-thumbs/work/build/vlc-source/extras/package/macosx/../../../po && rm -f tt.gmo && /Users/cam/Documents/Projects/ultima-iv-web/vlc-thumbs/work/build/vlc-source/extras/tools/build/bin/msgfmt -c --statistics --verbose -o tt.gmo tt.po
te.po: 1761 translated messages, 15 fuzzy translations, 4427 untranslated messages.
cd /Users/cam/Documents/Projects/ultima-iv-web/vlc-thumbs/work/build/vlc-source/extras/package/macosx/../../../po && rm -f ug.gmo && /Users/cam/Documents/Projects/ultima-iv-web/vlc-thumbs/work/build/vlc-source/extras/tools/build/bin/msgfmt -c --statistics --verbose -o ug.gmo ug.po
th.po: 3722 translated messages, 18 fuzzy translations, 2463 untranslated messages.
tt.po: 1275 translated messages, 4928 untranslated messages.
cd /Users/cam/Documents/Projects/ultima-iv-web/vlc-thumbs/work/build/vlc-source/extras/package/macosx/../../../po && rm -f uk.gmo && /Users/cam/Documents/Projects/ultima-iv-web/vlc-thumbs/work/build/vlc-source/extras/tools/build/bin/msgfmt -c --statistics --verbose -o uk.gmo uk.po
cd /Users/cam/Documents/Projects/ultima-iv-web/vlc-thumbs/work/build/vlc-source/extras/package/macosx/../../../po && rm -f uz.gmo && /Users/cam/Documents/Projects/ultima-iv-web/vlc-thumbs/work/build/vlc-source/extras/tools/build/bin/msgfmt -c --statistics --verbose -o uz.gmo uz.po
tr.po: 6203 translated messages.
cd /Users/cam/Documents/Projects/ultima-iv-web/vlc-thumbs/work/build/vlc-source/extras/package/macosx/../../../po && rm -f vi.gmo && /Users/cam/Documents/Projects/ultima-iv-web/vlc-thumbs/work/build/vlc-source/extras/tools/build/bin/msgfmt -c --statistics --verbose -o vi.gmo vi.po
uz.po: 908 translated messages, 6 fuzzy translations, 5289 untranslated messages.
ug.po: 6141 translated messages, 62 untranslated messages.
cd /Users/cam/Documents/Projects/ultima-iv-web/vlc-thumbs/work/build/vlc-source/extras/package/macosx/../../../po && rm -f wa.gmo && /Users/cam/Documents/Projects/ultima-iv-web/vlc-thumbs/work/build/vlc-source/extras/tools/build/bin/msgfmt -c --statistics --verbose -o wa.gmo wa.po
cd /Users/cam/Documents/Projects/ultima-iv-web/vlc-thumbs/work/build/vlc-source/extras/package/macosx/../../../po && rm -f zh_CN.gmo && /Users/cam/Documents/Projects/ultima-iv-web/vlc-thumbs/work/build/vlc-source/extras/tools/build/bin/msgfmt -c --statistics --verbose -o zh_CN.gmo zh_CN.po
uk.po: 6143 translated messages, 60 untranslated messages.
vi.po: 6143 translated messages, 60 untranslated messages.
cd /Users/cam/Documents/Projects/ultima-iv-web/vlc-thumbs/work/build/vlc-source/extras/package/macosx/../../../po && rm -f zh_TW.gmo && /Users/cam/Documents/Projects/ultima-iv-web/vlc-thumbs/work/build/vlc-source/extras/tools/build/bin/msgfmt -c --statistics --verbose -o zh_TW.gmo zh_TW.po
cd /Users/cam/Documents/Projects/ultima-iv-web/vlc-thumbs/work/build/vlc-source/extras/package/macosx/../../../po && rm -f zu.gmo && /Users/cam/Documents/Projects/ultima-iv-web/vlc-thumbs/work/build/vlc-source/extras/tools/build/bin/msgfmt -c --statistics --verbose -o zu.gmo zu.po
wa.po: 3486 translated messages, 16 fuzzy translations, 2701 untranslated messages.
zh_CN.po: 6179 translated messages, 24 untranslated messages.
zh_TW.po: 4263 translated messages, 18 fuzzy translations, 1922 untranslated messages.
zu.po: 881 translated messages, 12 fuzzy translations, 5310 untranslated messages.
touch stamp-po
Making all in share
  LUAC   lua/intf/dumpmeta.luac
  LUAC   lua/extensions/VLSub.luac
  LUAC   lua/intf/dummy.luac
  LUAC   lua/intf/cli.luac
  LUAC   lua/intf/http.luac
  LUAC   lua/intf/modules/host.luac
  LUAC   lua/intf/modules/httprequests.luac
  LUAC   lua/intf/luac.luac
  LUAC   lua/intf/telnet.luac
  LUAC   lua/meta/art/02_frenchtv.luac
  LUAC   lua/meta/art/01_googleimage.luac
  LUAC   lua/meta/art/03_lastfm.luac
  LUAC   lua/modules/dkjson.luac
  LUAC   lua/modules/common.luac
  LUAC   lua/meta/reader/filename.luac
  LUAC   lua/meta/art/00_musicbrainz.luac
  LUAC   lua/modules/simplexml.luac
  LUAC   lua/playlist/anevia_streams.luac
  LUAC   lua/playlist/anevia_xml.luac
  LUAC   lua/modules/sandbox.luac
  LUAC   lua/playlist/bbc_co_uk.luac
  LUAC   lua/playlist/appletrailers.luac
  LUAC   lua/playlist/cue.luac
  LUAC   lua/playlist/dailymotion.luac
  LUAC   lua/playlist/jamendo.luac
  LUAC   lua/playlist/liveleak.luac
  LUAC   lua/playlist/newgrounds.luac
  LUAC   lua/playlist/koreus.luac
  LUAC   lua/playlist/vimeo.luac
  LUAC   lua/playlist/soundcloud.luac
  LUAC   lua/playlist/vocaroo.luac
  LUAC   lua/playlist/rockbox_fm_presets.luac
  LUAC   lua/sd/jamendo.luac
  LUAC   lua/sd/icecast.luac
  LUAC   lua/playlist/twitch.luac
Making all in src
  CC       fourcc_gen
  GEN      stamp-revision
  GEN      ../include/vlc_about.h
  GEN      fourcc_tables.h
video: 871 entries
audio: 265 entries
spu: 50 entries
/Applications/Xcode.app/Contents/Developer/usr/bin/make  all-am
  CC       libvlc-module.lo
  CC       libvlc.lo
  CC       missing.lo
  GEN      /Users/cam/Documents/Projects/ultima-iv-web/vlc-thumbs/work/build/vlc-source/extras/package/macosx/../../../src/revision.c
  CC       version.lo
/Users/cam/Documents/Projects/ultima-iv-web/vlc-thumbs/work/build/vlc-source/extras/package/macosx/../../../src/libvlc.c:193:13: warning: 'daemon' is deprecated: first deprecated in macOS 10.5 - Use posix_spawn APIs instead. [-Wdeprecated-declarations]
  193 |         if( daemon( 1, 0) != 0 )
      |             ^
/Applications/Xcode.app/Contents/Developer/Platforms/MacOSX.platform/Developer/SDKs/MacOSX.sdk/usr/include/_stdlib.h:324:6: note: 'daemon' has been explicitly marked deprecated here
  324 | int      daemon(int, int) __DARWIN_1050(daemon) __OSX_AVAILABLE_BUT_DEPRECATED_MSG(__MAC_10_0, __MAC_10_5, __IPHONE_2_0, __IPHONE_2_0, "Use posix_spawn APIs instead.") __WATCHOS_PROHIBITED __TVOS_PROHIBITED;
      |          ^
1 warning generated.
  CC       input/vlm_event.lo
  CC       input/vlm.lo
  CC       input/vlmshell.lo
  GEN      vlc-plugin.pc
  CC       revision.lo
  CC       config/core.lo
  CC       config/chain.lo
  CC       config/file.lo
  CC       config/help.lo
  CC       config/intf.lo
  CC       config/cmdline.lo
  CC       config/getopt.lo
  CC       extras/libc.lo
  CC       modules/modules.lo
  CC       modules/bank.lo
  CC       modules/cache.lo
  CC       modules/entry.lo
config.status: creating src/vlc-plugin.pc
/Users/cam/Documents/Projects/ultima-iv-web/vlc-thumbs/work/build/vlc-source/extras/package/macosx/../../../src/modules/cache.c:225:13: warning: '_Alignof' applied to an expression is a GNU extension [-Wgnu-alignof-expression]
  225 |             LOAD_ALIGNOF(*cfg->list.i);
      |             ^
/Users/cam/Documents/Projects/ultima-iv-web/vlc-thumbs/work/build/vlc-source/extras/package/macosx/../../../src/modules/cache.c:179:30: note: expanded from macro 'LOAD_ALIGNOF'
  179 |     if (vlc_cache_load_align(alignof(t), file)) \
      |                              ^
/Applications/Xcode.app/Contents/Developer/Toolchains/XcodeDefault.xctoolchain/usr/lib/clang/21/include/stdalign.h:17:17: note: expanded from macro 'alignof'
   17 | #define alignof _Alignof
      |                 ^
/Users/cam/Documents/Projects/ultima-iv-web/vlc-thumbs/work/build/vlc-source/extras/package/macosx/../../../src/modules/cache.c:547:13: warning: '_Alignof' applied to an expression is a GNU extension [-Wgnu-alignof-expression]
  547 |             SAVE_ALIGNOF(*cfg->list.i);
      |             ^
/Users/cam/Documents/Projects/ultima-iv-web/vlc-thumbs/work/build/vlc-source/extras/package/macosx/../../../src/modules/cache.c:512:30: note: expanded from macro 'SAVE_ALIGNOF'
  512 |     if (CacheSaveAlign(file, alignof (t))) \
      |                              ^
/Applications/Xcode.app/Contents/Developer/Toolchains/XcodeDefault.xctoolchain/usr/lib/clang/21/include/stdalign.h:17:17: note: expanded from macro 'alignof'
   17 | #define alignof _Alignof
      |                 ^
  CC       modules/textdomain.lo
  CC       interface/dialog.lo
  CC       interface/interface.lo
2 warnings generated.
  CC       playlist/art.lo
  CC       playlist/aout.lo
  CC       playlist/thread.lo
  CC       playlist/control.lo
  CC       playlist/engine.lo
  CC       playlist/fetcher.lo
  CC       playlist/sort.lo
  CC       playlist/loadsave.lo
  CC       playlist/preparser.lo
  CC       playlist/tree.lo
  CC       playlist/item.lo
  CC       playlist/search.lo
  CC       playlist/services_discovery.lo
  CC       playlist/renderer.lo
  CC       input/item.lo
  CC       input/access.lo
  CC       input/clock.lo
  CC       input/control.lo
/Users/cam/Documents/Projects/ultima-iv-web/vlc-thumbs/work/build/vlc-source/extras/package/macosx/../../../src/input/clock.c:539:2: warning: "input_clock_SetJitter needs more work" [-W#warnings]
  539 | #warning "input_clock_SetJitter needs more work"
      |  ^
  CC       input/decoder.lo
1 warning generated.
  CC       input/demux.lo
In file included from /Users/cam/Documents/Projects/ultima-iv-web/vlc-thumbs/work/build/vlc-source/extras/package/macosx/../../../src/input/control.c:39:
/Users/cam/Documents/Projects/ultima-iv-web/vlc-thumbs/work/build/vlc-source/extras/package/macosx/../../../src/input/es_out.h:95:9: warning: unused variable 'i_ret' [-Wunused-variable]
   95 |     int i_ret = es_out_Control( p_out, ES_OUT_SET_MODE, i_mode );
      |         ^~~~~
/Users/cam/Documents/Projects/ultima-iv-web/vlc-thumbs/work/build/vlc-source/extras/package/macosx/../../../src/input/es_out.h:101:9: warning: unused variable 'i_ret' [-Wunused-variable]
  101 |     int i_ret = es_out_Control( p_out, ES_OUT_GET_WAKE_UP, &i_wu );
      |         ^~~~~
/Users/cam/Documents/Projects/ultima-iv-web/vlc-thumbs/work/build/vlc-source/extras/package/macosx/../../../src/input/es_out.h:109:9: warning: unused variable 'i_ret' [-Wunused-variable]
  109 |     int i_ret = es_out_Control( p_out, ES_OUT_GET_BUFFERING, &b );
      |         ^~~~~
/Users/cam/Documents/Projects/ultima-iv-web/vlc-thumbs/work/build/vlc-source/extras/package/macosx/../../../src/input/es_out.h:117:9: warning: unused variable 'i_ret' [-Wunused-variable]
  117 |     int i_ret = es_out_Control( p_out, ES_OUT_GET_EMPTY, &b );
      |         ^~~~~
/Users/cam/Documents/Projects/ultima-iv-web/vlc-thumbs/work/build/vlc-source/extras/package/macosx/../../../src/input/es_out.h:124:9: warning: unused variable 'i_ret' [-Wunused-variable]
  124 |     int i_ret = es_out_Control( p_out, ES_OUT_SET_DELAY, i_cat, i_delay );
      |         ^~~~~
/Users/cam/Documents/Projects/ultima-iv-web/vlc-thumbs/work/build/vlc-source/extras/package/macosx/../../../src/input/es_out.h:149:9: warning: unused variable 'i_ret' [-Wunused-variable]
  149 |     int i_ret = es_out_Control( p_out, ES_OUT_SET_TIMES, f_position, i_time, i_length );
      |         ^~~~~
/Users/cam/Documents/Projects/ultima-iv-web/vlc-thumbs/work/build/vlc-source/extras/package/macosx/../../../src/input/es_out.h:155:9: warning: unused variable 'i_ret' [-Wunused-variable]
  155 |     int i_ret = es_out_Control( p_out, ES_OUT_SET_JITTER,
      |         ^~~~~
/Users/cam/Documents/Projects/ultima-iv-web/vlc-thumbs/work/build/vlc-source/extras/package/macosx/../../../src/input/es_out.h:167:9: warning: unused variable 'i_ret' [-Wunused-variable]
  167 |     int i_ret = es_out_Control( p_out, ES_OUT_GET_GROUP_FORCED, &i_group );
      |         ^~~~~
/Users/cam/Documents/Projects/ultima-iv-web/vlc-thumbs/work/build/vlc-source/extras/package/macosx/../../../src/input/es_out.h:173:9: warning: unused variable 'i_ret' [-Wunused-variable]
  173 |     int i_ret = es_out_Control( p_out, ES_OUT_SET_EOS );
      |         ^~~~~
/Users/cam/Documents/Projects/ultima-iv-web/vlc-thumbs/work/build/vlc-source/extras/package/macosx/../../../src/input/demux.c:112:19: warning: initializer-string for character array is too long, array size is 8 but initializer has size 9 (including the null terminating character); did you mean to use the 'nonstring' attribute? [-Wunterminated-string-initialization]
  112 |         { "rm",   "avformat" },
      |                   ^~~~~~~~~~
/Users/cam/Documents/Projects/ultima-iv-web/vlc-thumbs/work/build/vlc-source/extras/package/macosx/../../../src/input/decoder.c:2379:12: warning: 'block_FifoSize' is deprecated [-Wdeprecated-declarations]
 2379 |     return block_FifoSize( p_owner->p_fifo );
      |            ^
/Users/cam/Documents/Projects/ultima-iv-web/vlc-thumbs/work/build/vlc-source/extras/package/macosx/../../../include/vlc_block.h:476:48: note: 'block_FifoSize' has been explicitly marked deprecated here
  476 | size_t block_FifoSize(block_fifo_t *) VLC_USED VLC_DEPRECATED;
      |                                                ^
/Users/cam/Documents/Projects/ultima-iv-web/vlc-thumbs/work/build/vlc-source/extras/package/macosx/../../../include/vlc_common.h:85:40: note: expanded from macro 'VLC_DEPRECATED'
   85 | # define VLC_DEPRECATED __attribute__((deprecated))
      |                                        ^
9 warnings generated.
  CC       input/demux_chained.lo
  CC       input/es_out.lo
1 warning generated.
  CC       input/es_out_timeshift.lo
In file included from /Users/cam/Documents/Projects/ultima-iv-web/vlc-thumbs/work/build/vlc-source/extras/package/macosx/../../../src/input/es_out.c:46:
/Users/cam/Documents/Projects/ultima-iv-web/vlc-thumbs/work/build/vlc-source/extras/package/macosx/../../../src/input/es_out.h:95:9: warning: unused variable 'i_ret' [-Wunused-variable]
   95 |     int i_ret = es_out_Control( p_out, ES_OUT_SET_MODE, i_mode );
      |         ^~~~~
/Users/cam/Documents/Projects/ultima-iv-web/vlc-thumbs/work/build/vlc-source/extras/package/macosx/../../../src/input/es_out.h:101:9: warning: unused variable 'i_ret' [-Wunused-variable]
  101 |     int i_ret = es_out_Control( p_out, ES_OUT_GET_WAKE_UP, &i_wu );
      |         ^~~~~
/Users/cam/Documents/Projects/ultima-iv-web/vlc-thumbs/work/build/vlc-source/extras/package/macosx/../../../src/input/es_out.h:109:9: warning: unused variable 'i_ret' [-Wunused-variable]
  109 |     int i_ret = es_out_Control( p_out, ES_OUT_GET_BUFFERING, &b );
      |         ^~~~~
/Users/cam/Documents/Projects/ultima-iv-web/vlc-thumbs/work/build/vlc-source/extras/package/macosx/../../../src/input/es_out.h:117:9: warning: unused variable 'i_ret' [-Wunused-variable]
  117 |     int i_ret = es_out_Control( p_out, ES_OUT_GET_EMPTY, &b );
      |         ^~~~~
/Users/cam/Documents/Projects/ultima-iv-web/vlc-thumbs/work/build/vlc-source/extras/package/macosx/../../../src/input/es_out.h:124:9: warning: unused variable 'i_ret' [-Wunused-variable]
  124 |     int i_ret = es_out_Control( p_out, ES_OUT_SET_DELAY, i_cat, i_delay );
      |         ^~~~~
/Users/cam/Documents/Projects/ultima-iv-web/vlc-thumbs/work/build/vlc-source/extras/package/macosx/../../../src/input/es_out.h:149:9: warning: unused variable 'i_ret' [-Wunused-variable]
  149 |     int i_ret = es_out_Control( p_out, ES_OUT_SET_TIMES, f_position, i_time, i_length );
      |         ^~~~~
/Users/cam/Documents/Projects/ultima-iv-web/vlc-thumbs/work/build/vlc-source/extras/package/macosx/../../../src/input/es_out.h:155:9: warning: unused variable 'i_ret' [-Wunused-variable]
  155 |     int i_ret = es_out_Control( p_out, ES_OUT_SET_JITTER,
      |         ^~~~~
/Users/cam/Documents/Projects/ultima-iv-web/vlc-thumbs/work/build/vlc-source/extras/package/macosx/../../../src/input/es_out.h:167:9: warning: unused variable 'i_ret' [-Wunused-variable]
  167 |     int i_ret = es_out_Control( p_out, ES_OUT_GET_GROUP_FORCED, &i_group );
      |         ^~~~~
/Users/cam/Documents/Projects/ultima-iv-web/vlc-thumbs/work/build/vlc-source/extras/package/macosx/../../../src/input/es_out.h:173:9: warning: unused variable 'i_ret' [-Wunused-variable]
  173 |     int i_ret = es_out_Control( p_out, ES_OUT_SET_EOS );
      |         ^~~~~
/Users/cam/Documents/Projects/ultima-iv-web/vlc-thumbs/work/build/vlc-source/extras/package/macosx/../../../src/input/es_out.c:2790:20: warning: unused variable 'b_source_paused' [-Wunused-variable]
 2790 |         const bool b_source_paused = (bool)va_arg( args, int );
      |                    ^~~~~~~~~~~~~~~
/Users/cam/Documents/Projects/ultima-iv-web/vlc-thumbs/work/build/vlc-source/extras/package/macosx/../../../src/input/es_out.c:2802:19: warning: unused variable 'i_src_rate' [-Wunused-variable]
 2802 |         const int i_src_rate = va_arg( args, int );
      |                   ^~~~~~~~~~
/Users/cam/Documents/Projects/ultima-iv-web/vlc-thumbs/work/build/vlc-source/extras/package/macosx/../../../src/input/es_out.c:2813:26: warning: unused variable 'i_date' [-Wunused-variable]
 2813 |         const vlc_tick_t i_date = va_arg( args, vlc_tick_t );
      |                          ^~~~~~
  CC       input/event.lo
In file included from /Users/cam/Documents/Projects/ultima-iv-web/vlc-thumbs/work/build/vlc-source/extras/package/macosx/../../../src/input/es_out_timeshift.c:50:
/Users/cam/Documents/Projects/ultima-iv-web/vlc-thumbs/work/build/vlc-source/extras/package/macosx/../../../src/input/es_out.h:95:9: warning: unused variable 'i_ret' [-Wunused-variable]
   95 |     int i_ret = es_out_Control( p_out, ES_OUT_SET_MODE, i_mode );
      |         ^~~~~
/Users/cam/Documents/Projects/ultima-iv-web/vlc-thumbs/work/build/vlc-source/extras/package/macosx/../../../src/input/es_out.h:101:9: warning: unused variable 'i_ret' [-Wunused-variable]
  101 |     int i_ret = es_out_Control( p_out, ES_OUT_GET_WAKE_UP, &i_wu );
      |         ^~~~~
/Users/cam/Documents/Projects/ultima-iv-web/vlc-thumbs/work/build/vlc-source/extras/package/macosx/../../../src/input/es_out.h:109:9: warning: unused variable 'i_ret' [-Wunused-variable]
  109 |     int i_ret = es_out_Control( p_out, ES_OUT_GET_BUFFERING, &b );
      |         ^~~~~
/Users/cam/Documents/Projects/ultima-iv-web/vlc-thumbs/work/build/vlc-source/extras/package/macosx/../../../src/input/es_out.h:117:9: warning: unused variable 'i_ret' [-Wunused-variable]
  117 |     int i_ret = es_out_Control( p_out, ES_OUT_GET_EMPTY, &b );
      |         ^~~~~
/Users/cam/Documents/Projects/ultima-iv-web/vlc-thumbs/work/build/vlc-source/extras/package/macosx/../../../src/input/es_out.h:124:9: warning: unused variable 'i_ret' [-Wunused-variable]
  124 |     int i_ret = es_out_Control( p_out, ES_OUT_SET_DELAY, i_cat, i_delay );
      |         ^~~~~
/Users/cam/Documents/Projects/ultima-iv-web/vlc-thumbs/work/build/vlc-source/extras/package/macosx/../../../src/input/es_out.h:149:9: warning: unused variable 'i_ret' [-Wunused-variable]
  149 |     int i_ret = es_out_Control( p_out, ES_OUT_SET_TIMES, f_position, i_time, i_length );
      |         ^~~~~
/Users/cam/Documents/Projects/ultima-iv-web/vlc-thumbs/work/build/vlc-source/extras/package/macosx/../../../src/input/es_out.h:155:9: warning: unused variable 'i_ret' [-Wunused-variable]
  155 |     int i_ret = es_out_Control( p_out, ES_OUT_SET_JITTER,
      |         ^~~~~
/Users/cam/Documents/Projects/ultima-iv-web/vlc-thumbs/work/build/vlc-source/extras/package/macosx/../../../src/input/es_out.h:167:9: warning: unused variable 'i_ret' [-Wunused-variable]
  167 |     int i_ret = es_out_Control( p_out, ES_OUT_GET_GROUP_FORCED, &i_group );
      |         ^~~~~
/Users/cam/Documents/Projects/ultima-iv-web/vlc-thumbs/work/build/vlc-source/extras/package/macosx/../../../src/input/es_out.h:173:9: warning: unused variable 'i_ret' [-Wunused-variable]
  173 |     int i_ret = es_out_Control( p_out, ES_OUT_SET_EOS );
      |         ^~~~~
/Users/cam/Documents/Projects/ultima-iv-web/vlc-thumbs/work/build/vlc-source/extras/package/macosx/../../../src/input/es_out_timeshift.c:933:51: warning: unused parameter 'b_source_paused' [-Wunused-parameter]
  933 | static int TsChangePause( ts_thread_t *p_ts, bool b_source_paused, bool b_paused, vlc_tick_t i_date )
      |                                                   ^
1 warning generated.
  CC       input/input.lo
  CC       input/meta.lo
10 warnings generated.
In file included from /Users/cam/Documents/Projects/ultima-iv-web/vlc-thumbs/work/build/vlc-source/extras/package/macosx/../../../src/input/input.c:40:
/Users/cam/Documents/Projects/ultima-iv-web/vlc-thumbs/work/build/vlc-source/extras/package/macosx/../../../src/input/es_out.h:95:9: warning: unused variable 'i_ret' [-Wunused-variable]
   95 |     int i_ret = es_out_Control( p_out, ES_OUT_SET_MODE, i_mode );
      |         ^~~~~
/Users/cam/Documents/Projects/ultima-iv-web/vlc-thumbs/work/build/vlc-source/extras/package/macosx/../../../src/input/es_out.h:101:9: warning: unused variable 'i_ret' [-Wunused-variable]
  101 |     int i_ret = es_out_Control( p_out, ES_OUT_GET_WAKE_UP, &i_wu );
      |         ^~~~~
/Users/cam/Documents/Projects/ultima-iv-web/vlc-thumbs/work/build/vlc-source/extras/package/macosx/../../../src/input/es_out.h:109:9: warning: unused variable 'i_ret' [-Wunused-variable]
  109 |     int i_ret = es_out_Control( p_out, ES_OUT_GET_BUFFERING, &b );
      |         ^~~~~
/Users/cam/Documents/Projects/ultima-iv-web/vlc-thumbs/work/build/vlc-source/extras/package/macosx/../../../src/input/es_out.h:117:9: warning: unused variable 'i_ret' [-Wunused-variable]
  117 |     int i_ret = es_out_Control( p_out, ES_OUT_GET_EMPTY, &b );
      |         ^~~~~
/Users/cam/Documents/Projects/ultima-iv-web/vlc-thumbs/work/build/vlc-source/extras/package/macosx/../../../src/input/es_out.h:124:9: warning: unused variable 'i_ret' [-Wunused-variable]
  124 |     int i_ret = es_out_Control( p_out, ES_OUT_SET_DELAY, i_cat, i_delay );
      |         ^~~~~
/Users/cam/Documents/Projects/ultima-iv-web/vlc-thumbs/work/build/vlc-source/extras/package/macosx/../../../src/input/es_out.h:149:9: warning: unused variable 'i_ret' [-Wunused-variable]
  149 |     int i_ret = es_out_Control( p_out, ES_OUT_SET_TIMES, f_position, i_time, i_length );
      |         ^~~~~
/Users/cam/Documents/Projects/ultima-iv-web/vlc-thumbs/work/build/vlc-source/extras/package/macosx/../../../src/input/es_out.h:155:9: warning: unused variable 'i_ret' [-Wunused-variable]
  155 |     int i_ret = es_out_Control( p_out, ES_OUT_SET_JITTER,
      |         ^~~~~
/Users/cam/Documents/Projects/ultima-iv-web/vlc-thumbs/work/build/vlc-source/extras/package/macosx/../../../src/input/es_out.h:167:9: warning: unused variable 'i_ret' [-Wunused-variable]
  167 |     int i_ret = es_out_Control( p_out, ES_OUT_GET_GROUP_FORCED, &i_group );
      |         ^~~~~
/Users/cam/Documents/Projects/ultima-iv-web/vlc-thumbs/work/build/vlc-source/extras/package/macosx/../../../src/input/es_out.h:173:9: warning: unused variable 'i_ret' [-Wunused-variable]
  173 |     int i_ret = es_out_Control( p_out, ES_OUT_SET_EOS );
      |         ^~~~~
  CC       input/resource.lo
  CC       input/services_discovery.lo
  CC       input/stats.lo
12 warnings generated.
  CC       input/stream.lo
  CC       input/stream_fifo.lo
  CC       input/stream_extractor.lo
  CC       input/stream_filter.lo
9 warnings generated.
  CC       input/stream_memory.lo
  CC       input/subtitles.lo
  CC       input/var.lo
  CC       audio_output/common.lo
  CC       audio_output/dec.lo
  CC       audio_output/output.lo
  CC       audio_output/filters.lo
  CC       audio_output/volume.lo
/Users/cam/Documents/Projects/ultima-iv-web/vlc-thumbs/work/build/vlc-source/extras/package/macosx/../../../src/audio_output/filters.c:49:58: warning: unused parameter 'const_fmt' [-Wunused-parameter]
   49 |                                config_chain_t *cfg, bool const_fmt)
      |                                                          ^
  CC       video_output/control.lo
  CC       video_output/display.lo
  CC       video_output/inhibit.lo
1 warning generated.
  CC       video_output/interlacing.lo
In file included from /Users/cam/Documents/Projects/ultima-iv-web/vlc-thumbs/work/build/vlc-source/extras/package/macosx/../../../src/video_output/display.c:46:
/Users/cam/Documents/Projects/ultima-iv-web/vlc-thumbs/work/build/vlc-source/extras/package/macosx/../../../src/video_output/event.h:42:2: warning: FIXME: implement video close event [-W#warnings]
   42 | #warning FIXME: implement video close event
      |  ^
/Users/cam/Documents/Projects/ultima-iv-web/vlc-thumbs/work/build/vlc-source/extras/package/macosx/../../../src/video_output/display.c:56:27: warning: unused variable 'fmt' [-Wunused-variable]
   56 |     const video_format_t *fmt = &filter->fmt_out.video;
      |                           ^~~
/Users/cam/Documents/Projects/ultima-iv-web/vlc-thumbs/work/build/vlc-source/extras/package/macosx/../../../src/video_output/display.c:103:9: warning: 'manage' is deprecated [-Wdeprecated-declarations]
  103 |     vd->manage = NULL;
      |         ^
/Users/cam/Documents/Projects/ultima-iv-web/vlc-thumbs/work/build/vlc-source/extras/package/macosx/../../../include/vlc_vout_display.h:333:44: note: 'manage' has been explicitly marked deprecated here
  333 |     void       (*manage)(vout_display_t *) VLC_DEPRECATED;
      |                                            ^
/Users/cam/Documents/Projects/ultima-iv-web/vlc-thumbs/work/build/vlc-source/extras/package/macosx/../../../include/vlc_common.h:85:40: note: expanded from macro 'VLC_DEPRECATED'
   85 | # define VLC_DEPRECATED __attribute__((deprecated))
      |                                        ^
/Users/cam/Documents/Projects/ultima-iv-web/vlc-thumbs/work/build/vlc-source/extras/package/macosx/../../../src/video_output/display.c:151:13: warning: 'manage' is deprecated [-Wdeprecated-declarations]
  151 |     if (vd->manage)
      |             ^
/Users/cam/Documents/Projects/ultima-iv-web/vlc-thumbs/work/build/vlc-source/extras/package/macosx/../../../include/vlc_vout_display.h:333:44: note: 'manage' has been explicitly marked deprecated here
  333 |     void       (*manage)(vout_display_t *) VLC_DEPRECATED;
      |                                            ^
/Users/cam/Documents/Projects/ultima-iv-web/vlc-thumbs/work/build/vlc-source/extras/package/macosx/../../../include/vlc_common.h:85:40: note: expanded from macro 'VLC_DEPRECATED'
   85 | # define VLC_DEPRECATED __attribute__((deprecated))
      |                                        ^
/Users/cam/Documents/Projects/ultima-iv-web/vlc-thumbs/work/build/vlc-source/extras/package/macosx/../../../src/video_output/display.c:152:13: warning: 'manage' is deprecated [-Wdeprecated-declarations]
  152 |         vd->manage(vd);
      |             ^
/Users/cam/Documents/Projects/ultima-iv-web/vlc-thumbs/work/build/vlc-source/extras/package/macosx/../../../include/vlc_vout_display.h:333:44: note: 'manage' has been explicitly marked deprecated here
  333 |     void       (*manage)(vout_display_t *) VLC_DEPRECATED;
      |                                            ^
/Users/cam/Documents/Projects/ultima-iv-web/vlc-thumbs/work/build/vlc-source/extras/package/macosx/../../../include/vlc_common.h:85:40: note: expanded from macro 'VLC_DEPRECATED'
   85 | # define VLC_DEPRECATED __attribute__((deprecated))
      |                                        ^
  CC       video_output/snapshot.lo
/Users/cam/Documents/Projects/ultima-iv-web/vlc-thumbs/work/build/vlc-source/extras/package/macosx/../../../src/video_output/display.c:1337:43: warning: unused parameter 'subpicture' [-Wunused-parameter]
 1337 |                             subpicture_t *subpicture)
      |                                           ^
/Users/cam/Documents/Projects/ultima-iv-web/vlc-thumbs/work/build/vlc-source/extras/package/macosx/../../../src/video_output/display.c:1358:43: warning: unused parameter 'subpicture' [-Wunused-parameter]
 1358 |                             subpicture_t *subpicture)
      |                                           ^
/Users/cam/Documents/Projects/ultima-iv-web/vlc-thumbs/work/build/vlc-source/extras/package/macosx/../../../src/video_output/display.c:1464:14: warning: 'manage' is deprecated [-Wdeprecated-declarations]
 1464 |     wrapper->manage  = SplitterManage;
      |              ^
/Users/cam/Documents/Projects/ultima-iv-web/vlc-thumbs/work/build/vlc-source/extras/package/macosx/../../../include/vlc_vout_display.h:333:44: note: 'manage' has been explicitly marked deprecated here
  333 |     void       (*manage)(vout_display_t *) VLC_DEPRECATED;
      |                                            ^
/Users/cam/Documents/Projects/ultima-iv-web/vlc-thumbs/work/build/vlc-source/extras/package/macosx/../../../include/vlc_common.h:85:40: note: expanded from macro 'VLC_DEPRECATED'
   85 | # define VLC_DEPRECATED __attribute__((deprecated))
      |                                        ^
  CC       video_output/video_output.lo
  CC       video_output/video_text.lo
/Users/cam/Documents/Projects/ultima-iv-web/vlc-thumbs/work/build/vlc-source/extras/package/macosx/../../../src/video_output/snapshot.c:186:13: warning: 'timespec_get' is only available on macOS 10.15 or newer [-Wunguarded-availability-new]
  186 |             timespec_get(&ts, TIME_UTC);
      |             ^~~~~~~~~~~~
/Applications/Xcode.app/Contents/Developer/Platforms/MacOSX.platform/Developer/SDKs/MacOSX.sdk/usr/include/_time.h:202:5: note: 'timespec_get' has been marked as being introduced in macOS 10.15 here, but the deployment target is macOS 10.7.0
  202 | int timespec_get(struct timespec *ts, int base);
      |     ^
/Users/cam/Documents/Projects/ultima-iv-web/vlc-thumbs/work/build/vlc-source/extras/package/macosx/../../../src/video_output/snapshot.c:186:13: note: enclose 'timespec_get' in a __builtin_available check to silence this warning
  186 |             timespec_get(&ts, TIME_UTC);
      |             ^~~~~~~~~~~~                
1 warning generated.
  CC       video_output/video_epg.lo
8 warnings generated.
  CC       video_output/video_widgets.lo
  CC       video_output/vout_subpictures.lo
  CC       video_output/window.lo
  CC       video_output/opengl.lo
  CC       video_output/vout_intf.lo
In file included from /Users/cam/Documents/Projects/ultima-iv-web/vlc-thumbs/work/build/vlc-source/extras/package/macosx/../../../src/video_output/window.c:130:
/Users/cam/Documents/Projects/ultima-iv-web/vlc-thumbs/work/build/vlc-source/extras/package/macosx/../../../src/video_output/event.h:42:2: warning: FIXME: implement video close event [-W#warnings]
   42 | #warning FIXME: implement video close event
      |  ^
1 warning generated.
  CC       video_output/vout_wrapper.lo
  CC       network/getaddrinfo.lo
  CC       network/http_auth.lo
  CC       network/httpd.lo
/Users/cam/Documents/Projects/ultima-iv-web/vlc-thumbs/work/build/vlc-source/extras/package/macosx/../../../src/network/getaddrinfo.c:126:2: warning: vlc_getaddr_info_i11e() not implemented! [-W#warnings]
  126 | #warning vlc_getaddr_info_i11e() not implemented!
      |  ^
1 warning generated.
  CC       network/io.lo
  CC       network/tcp.lo
  CC       network/udp.lo
  CC       network/rootbind.lo
/Users/cam/Documents/Projects/ultima-iv-web/vlc-thumbs/work/build/vlc-source/extras/package/macosx/../../../src/network/udp.c:314:60: warning: unused parameter 'srclen' [-Wunused-parameter]
  314 |                      const struct sockaddr *src, socklen_t srclen,
      |                                                            ^
/Users/cam/Documents/Projects/ultima-iv-web/vlc-thumbs/work/build/vlc-source/extras/package/macosx/../../../src/network/udp.c:396:58: warning: unused parameter 'grplen' [-Wunused-parameter]
  396 |                    const struct sockaddr *grp, socklen_t grplen)
      |                                                          ^
/Users/cam/Documents/Projects/ultima-iv-web/vlc-thumbs/work/build/vlc-source/extras/package/macosx/../../../src/network/udp.c:294:17: warning: unused function 'var_GetIfIndex' [-Wunused-function]
  294 | static unsigned var_GetIfIndex (vlc_object_t *obj)
      |                 ^~~~~~~~~~~~~~
  CC       network/tls.lo
3 warnings generated.
  CC       text/charset.lo
  CC       text/memstream.lo
  CC       text/strings.lo
  CC       text/unicode.lo
  CC       text/url.lo
  CC       text/filesystem.lo
  CC       text/iso_lang.lo
  CC       misc/actions.lo
  CC       misc/background_worker.lo
  CC       misc/md5.lo
/Users/cam/Documents/Projects/ultima-iv-web/vlc-thumbs/work/build/vlc-source/extras/package/macosx/../../../src/misc/actions.c:352:7: warning: initializer-string for character array is too long, array size is 26 but initializer has size 27 (including the null terminating character); did you mean to use the 'nonstring' attribute? [-Wunterminated-string-initialization]
  352 |     { "subtitle-text-scale-normal", ACTIONID_SUBTITLE_TEXT_SCALE_NORMAL, },
      |       ^~~~~~~~~~~~~~~~~~~~~~~~~~~~
  CC       misc/probe.lo
1 warning generated.
  CC       misc/rand.lo
  CC       misc/mtime.lo
  CC       misc/block.lo
  CC       misc/fifo.lo
/Users/cam/Documents/Projects/ultima-iv-web/vlc-thumbs/work/build/vlc-source/extras/package/macosx/../../../src/misc/mtime.c:207:5: warning: 'timespec_get' is only available on macOS 10.15 or newer [-Wunguarded-availability-new]
  207 |     timespec_get(&ts, TIME_UTC);
      |     ^~~~~~~~~~~~
/Applications/Xcode.app/Contents/Developer/Platforms/MacOSX.platform/Developer/SDKs/MacOSX.sdk/usr/include/_time.h:202:5: note: 'timespec_get' has been marked as being introduced in macOS 10.15 here, but the deployment target is macOS 10.7.0
  202 | int timespec_get(struct timespec *ts, int base);
      |     ^
/Users/cam/Documents/Projects/ultima-iv-web/vlc-thumbs/work/build/vlc-source/extras/package/macosx/../../../src/misc/mtime.c:207:5: note: enclose 'timespec_get' in a __builtin_available check to silence this warning
  207 |     timespec_get(&ts, TIME_UTC);
      |     ^~~~~~~~~~~~                
  CC       misc/fourcc.lo
1 warning generated.
  CC       misc/es_format.lo
  CC       misc/picture.lo
  CC       misc/picture_fifo.lo
/Users/cam/Documents/Projects/ultima-iv-web/vlc-thumbs/work/build/vlc-source/extras/package/macosx/../../../src/misc/picture.c:277:20: warning: 'aligned_alloc' is only available on macOS 10.15 or newer [-Wunguarded-availability-new]
  277 |     uint8_t *buf = aligned_alloc(64, pic_size);
      |                    ^~~~~~~~~~~~~
/Users/cam/Documents/Projects/ultima-iv-web/vlc-thumbs/work/build/vlc-source/extras/package/macosx/../../../include/vlc_fixups.h:312:7: note: 'aligned_alloc' has been marked as being introduced in macOS 10.15 here, but the deployment target is macOS 10.7.0
  312 | void *aligned_alloc(size_t, size_t);
      |       ^
/Users/cam/Documents/Projects/ultima-iv-web/vlc-thumbs/work/build/vlc-source/extras/package/macosx/../../../src/misc/picture.c:277:20: note: enclose 'aligned_alloc' in a __builtin_available check to silence this warning
  277 |     uint8_t *buf = aligned_alloc(64, pic_size);
      |                    ^~~~~~~~~~~~~
  278 |     if (buf == NULL)
  279 |         goto error;
  280 | 
  281 |     /* Fill the p_pixels field for each plane */
  282 |     for (int i = 0; i < pic->i_planes; i++)
  283 |     {
  284 |         pic->p[i].p_pixels = buf;
  285 |         buf += plane_sizes[i];
  286 |     }
      |      
/Users/cam/Documents/Projects/ultima-iv-web/vlc-thumbs/work/build/vlc-source/extras/package/macosx/../../../src/misc/picture.c:314:15: warning: unused variable 'refs' [-Wunused-variable]
  314 |     uintptr_t refs = atomic_fetch_add( &priv->gc.refs, 1 );
      |               ^~~~
  CC       misc/picture_pool.lo
  CC       misc/interrupt.lo
  CC       misc/keystore.lo
2 warnings generated.
  CC       misc/renderer_discovery.lo
/Users/cam/Documents/Projects/ultima-iv-web/vlc-thumbs/work/build/vlc-source/extras/package/macosx/../../../src/misc/picture_pool.c:127:12: warning: 'aligned_alloc' is only available on macOS 10.15 or newer [-Wunguarded-availability-new]
  127 |     pool = aligned_alloc(POOL_MAX, size);
      |            ^~~~~~~~~~~~~
/Users/cam/Documents/Projects/ultima-iv-web/vlc-thumbs/work/build/vlc-source/extras/package/macosx/../../../include/vlc_fixups.h:312:7: note: 'aligned_alloc' has been marked as being introduced in macOS 10.15 here, but the deployment target is macOS 10.7.0
  312 | void *aligned_alloc(size_t, size_t);
      |       ^
/Users/cam/Documents/Projects/ultima-iv-web/vlc-thumbs/work/build/vlc-source/extras/package/macosx/../../../src/misc/picture_pool.c:127:12: note: enclose 'aligned_alloc' in a __builtin_available check to silence this warning
  127 |     pool = aligned_alloc(POOL_MAX, size);
      |            ^~~~~~~~~~~~~                 
1 warning generated.
  CC       misc/threads.lo
  CC       misc/cpu.lo
  CC       misc/epg.lo
  CC       misc/exit.lo
  CC       misc/events.lo
  CC       misc/image.lo
  CC       misc/messages.lo
  CC       misc/mime.lo
  CC       misc/objects.lo
  CC       misc/objres.lo
  CC       misc/error.lo
  CC       misc/variables.lo
  CC       misc/xml.lo
  CC       misc/addons.lo
/Users/cam/Documents/Projects/ultima-iv-web/vlc-thumbs/work/build/vlc-source/extras/package/macosx/../../../src/misc/variables.c:723:25: warning: unused parameter 'expected_type' [-Wunused-parameter]
  723 |                     int expected_type, vlc_value_t val )
      |                         ^
/Users/cam/Documents/Projects/ultima-iv-web/vlc-thumbs/work/build/vlc-source/extras/package/macosx/../../../src/misc/variables.c:782:25: warning: unused parameter 'expected_type' [-Wunused-parameter]
  782 |                     int expected_type, vlc_value_t *p_val )
      |                         ^
  CC       misc/filter.lo
  CC       misc/filter_chain.lo
2 warnings generated.
  CC       misc/httpcookies.lo
  CC       misc/fingerprinter.lo
  CC       misc/text_style.lo
  CC       misc/subpicture.lo
  CC       posix/filesystem.lo
  CC       posix/plugin.lo
/Users/cam/Documents/Projects/ultima-iv-web/vlc-thumbs/work/build/vlc-source/extras/package/macosx/../../../src/posix/filesystem.c:224:12: warning: 'pipe2' is only available on macOS 27.0 or newer [-Wunguarded-availability-new]
  224 |     return pipe2(fds, O_CLOEXEC);
      |            ^~~~~
/Applications/Xcode.app/Contents/Developer/Platforms/MacOSX.platform/Developer/SDKs/MacOSX.sdk/usr/include/sys/unistd.h:219:9: note: 'pipe2' has been marked as being introduced in macOS 27.0 here, but the deployment target is macOS 10.7.0
  219 | int     pipe2(int [2], int);
      |         ^
/Users/cam/Documents/Projects/ultima-iv-web/vlc-thumbs/work/build/vlc-source/extras/package/macosx/../../../src/posix/filesystem.c:224:12: note: enclose 'pipe2' in a __builtin_available check to silence this warning
  224 |     return pipe2(fds, O_CLOEXEC);
      |            ^~~~~                 
  CC       posix/rand.lo
  CC       posix/timer.lo
1 warning generated.
  CC       darwin/dirs.lo
  CC       darwin/error.lo
  CC       darwin/specific.lo
  CC       darwin/netconf.lo
  CC       darwin/thread.lo
/Users/cam/Documents/Projects/ultima-iv-web/vlc-thumbs/work/build/vlc-source/extras/package/macosx/../../../src/darwin/dirs.c:60:40: warning: passing 'const char *' to parameter of type 'char *' discards qualifiers [-Wincompatible-pointer-types-discards-qualifiers]
   60 |                 return strdup( dirname(psz_img_name) );
      |                                        ^~~~~~~~~~~~
/Applications/Xcode.app/Contents/Developer/Platforms/MacOSX.platform/Developer/SDKs/MacOSX.sdk/usr/include/libgen.h:44:42: note: passing argument to parameter here
   44 | char *_LIBC_CSTR        dirname(char *_LIBC_CSTR);
      |                                                 ^
/Users/cam/Documents/Projects/ultima-iv-web/vlc-thumbs/work/build/vlc-source/extras/package/macosx/../../../src/darwin/dirs.c:67:36: warning: passing 'const char *' to parameter of type 'char *' discards qualifiers [-Wincompatible-pointer-types-discards-qualifiers]
   67 |             return strdup( dirname(psz_img_name) );
      |                                    ^~~~~~~~~~~~
/Applications/Xcode.app/Contents/Developer/Platforms/MacOSX.platform/Developer/SDKs/MacOSX.sdk/usr/include/libgen.h:44:42: note: passing argument to parameter here
   44 | char *_LIBC_CSTR        dirname(char *_LIBC_CSTR);
      |                                                 ^
/Users/cam/Documents/Projects/ultima-iv-web/vlc-thumbs/work/build/vlc-source/extras/package/macosx/../../../src/darwin/dirs.c:71:36: warning: passing 'const char *' to parameter of type 'char *' discards qualifiers [-Wincompatible-pointer-types-discards-qualifiers]
   71 |             return strdup( dirname(psz_img_name) );
      |                                    ^~~~~~~~~~~~
/Applications/Xcode.app/Contents/Developer/Platforms/MacOSX.platform/Developer/SDKs/MacOSX.sdk/usr/include/libgen.h:44:42: note: passing argument to parameter here
   44 | char *_LIBC_CSTR        dirname(char *_LIBC_CSTR);
      |                                                 ^
/Users/cam/Documents/Projects/ultima-iv-web/vlc-thumbs/work/build/vlc-source/extras/package/macosx/../../../src/darwin/dirs.c:75:36: warning: passing 'const char *' to parameter of type 'char *' discards qualifiers [-Wincompatible-pointer-types-discards-qualifiers]
   75 |             return strdup( dirname(psz_img_name) );
      |                                    ^~~~~~~~~~~~
/Applications/Xcode.app/Contents/Developer/Platforms/MacOSX.platform/Developer/SDKs/MacOSX.sdk/usr/include/libgen.h:44:42: note: passing argument to parameter here
   44 | char *_LIBC_CSTR        dirname(char *_LIBC_CSTR);
      |                                                 ^
/Users/cam/Documents/Projects/ultima-iv-web/vlc-thumbs/work/build/vlc-source/extras/package/macosx/../../../src/darwin/dirs.c:79:36: warning: passing 'const char *' to parameter of type 'char *' discards qualifiers [-Wincompatible-pointer-types-discards-qualifiers]
   79 |             return strdup( dirname(psz_img_name) );
      |                                    ^~~~~~~~~~~~
/Applications/Xcode.app/Contents/Developer/Platforms/MacOSX.platform/Developer/SDKs/MacOSX.sdk/usr/include/libgen.h:44:42: note: passing argument to parameter here
   44 | char *_LIBC_CSTR        dirname(char *_LIBC_CSTR);
      |                                                 ^
5 warnings generated.
  CC       stream_output/sap.lo
/Users/cam/Documents/Projects/ultima-iv-web/vlc-thumbs/work/build/vlc-source/extras/package/macosx/../../../src/darwin/thread.c:185:9: warning: unused variable 'val' [-Wunused-variable]
  185 |     int val = pthread_mutex_unlock( p_mutex );
      |         ^~~
  CC       stream_output/sdp.lo
1 warning generated.
  CC       stream_output/stream_output.lo
/Users/cam/Documents/Projects/ultima-iv-web/vlc-thumbs/work/build/vlc-source/extras/package/macosx/../../../src/stream_output/stream_output.c:493:9: warning: 'block_FifoCount' is deprecated [-Wdeprecated-declarations]
  493 |      && block_FifoCount( p_input->p_fifo ) > 0 )
      |         ^
/Users/cam/Documents/Projects/ultima-iv-web/vlc-thumbs/work/build/vlc-source/extras/package/macosx/../../../include/vlc_block.h:477:57: note: 'block_FifoCount' has been explicitly marked deprecated here
  477 | VLC_API size_t block_FifoCount(block_fifo_t *) VLC_USED VLC_DEPRECATED;
      |                                                         ^
/Users/cam/Documents/Projects/ultima-iv-web/vlc-thumbs/work/build/vlc-source/extras/package/macosx/../../../include/vlc_common.h:85:40: note: expanded from macro 'VLC_DEPRECATED'
   85 | # define VLC_DEPRECATED __attribute__((deprecated))
      |                                        ^
/Users/cam/Documents/Projects/ultima-iv-web/vlc-thumbs/work/build/vlc-source/extras/package/macosx/../../../src/stream_output/stream_output.c:574:13: warning: 'block_FifoCount' is deprecated [-Wdeprecated-declarations]
  574 |         if( block_FifoCount( p_input->p_fifo ) < i_blocks )
      |             ^
/Users/cam/Documents/Projects/ultima-iv-web/vlc-thumbs/work/build/vlc-source/extras/package/macosx/../../../include/vlc_block.h:477:57: note: 'block_FifoCount' has been explicitly marked deprecated here
  477 | VLC_API size_t block_FifoCount(block_fifo_t *) VLC_USED VLC_DEPRECATED;
      |                                                         ^
/Users/cam/Documents/Projects/ultima-iv-web/vlc-thumbs/work/build/vlc-source/extras/package/macosx/../../../include/vlc_common.h:85:40: note: expanded from macro 'VLC_DEPRECATED'
   85 | # define VLC_DEPRECATED __attribute__((deprecated))
      |                                        ^
2 warnings generated.
  CCLD     libvlccore.la
Making all in modules
  YACC     codec/webvtt/CSSGrammar.c
  XIB    gui/macosx/UI/AudioEffects.nib
  XIB    gui/macosx/UI/About.nib
  XIB    gui/macosx/UI/AddonManager.nib
/Users/cam/Documents/Projects/ultima-iv-web/vlc-thumbs/work/build/vlc-source/extras/package/macosx/../../../modules/codec/webvtt/CSSGrammar.y:29.1-7: warning: POSIX Yacc does not support %define [-Wyacc]
   29 | %define api.pure full
      | ^~~~~~~
/Users/cam/Documents/Projects/ultima-iv-web/vlc-thumbs/work/build/vlc-source/extras/package/macosx/../../../modules/codec/webvtt/CSSGrammar.y:30.1-7: warning: POSIX Yacc does not support %define [-Wyacc]
   30 | %define api.prefix {css}
      | ^~~~~~~
/Users/cam/Documents/Projects/ultima-iv-web/vlc-thumbs/work/build/vlc-source/extras/package/macosx/../../../modules/codec/webvtt/CSSGrammar.y:81.1-7: warning: POSIX Yacc does not support %expect [-Wyacc]
   81 | %expect 5
      | ^~~~~~~
/Users/cam/Documents/Projects/ultima-iv-web/vlc-thumbs/work/build/vlc-source/extras/package/macosx/../../../modules/codec/webvtt/CSSGrammar.y:124.1-11: warning: POSIX Yacc does not support %destructor [-Wyacc]
  124 | %destructor { vlc_css_term_Clean($$); } <term>
      | ^~~~~~~~~~~
/Users/cam/Documents/Projects/ultima-iv-web/vlc-thumbs/work/build/vlc-source/extras/package/macosx/../../../modules/codec/webvtt/CSSGrammar.y:139.1-11: warning: POSIX Yacc does not support %destructor [-Wyacc]
  139 | %destructor { vlc_css_rules_Delete($$); } <rule>
      | ^~~~~~~~~~~
/Users/cam/Documents/Projects/ultima-iv-web/vlc-thumbs/work/build/vlc-source/extras/package/macosx/../../../modules/codec/webvtt/CSSGrammar.y:153.1-11: warning: POSIX Yacc does not support %destructor [-Wyacc]
  153 | %destructor { vlc_css_selectors_Delete($$); } <selector> <selectorList>
      | ^~~~~~~~~~~
/Users/cam/Documents/Projects/ultima-iv-web/vlc-thumbs/work/build/vlc-source/extras/package/macosx/../../../modules/codec/webvtt/CSSGrammar.y:158.1-11: warning: POSIX Yacc does not support %destructor [-Wyacc]
  158 | %destructor { vlc_css_declarations_Delete($$); } <declaration> <decla...
      | ^~~~~~~~~~~
/Users/cam/Documents/Projects/ultima-iv-web/vlc-thumbs/work/build/vlc-source/extras/package/macosx/../../../modules/codec/webvtt/CSSGrammar.y:171.1-11: warning: POSIX Yacc does not support %destructor [-Wyacc]
  171 | %destructor { vlc_css_expression_Delete($$); } <expr>
      | ^~~~~~~~~~~
/Users/cam/Documents/Projects/ultima-iv-web/vlc-thumbs/work/build/vlc-source/extras/package/macosx/../../../modules/codec/webvtt/CSSGrammar.y:176.1-11: warning: POSIX Yacc does not support %destructor [-Wyacc]
  176 | %destructor { free($$); } <string>
      | ^~~~~~~~~~~
updating codec/webvtt/CSSGrammar.h
  XIB    gui/macosx/UI/Bookmarks.nib
/* com.apple.ibtool.document.notices */
/Users/cam/Documents/Projects/ultima-iv-web/vlc-thumbs/work/build/vlc-source/modules/gui/macosx/UI/About.xib:2234: note: View is clipping its content [13]
/* com.apple.ibtool.document.warnings */
/Users/cam/Documents/Projects/ultima-iv-web/vlc-thumbs/work/build/vlc-source/modules/gui/macosx/UI/About.xib:2234: warning: Automatic preferred width mode for static wrapping text before OS X 10.11, use Explicit or First Runtime Layout Width [9]
/Users/cam/Documents/Projects/ultima-iv-web/vlc-thumbs/work/build/vlc-source/modules/gui/macosx/UI/About.xib:2235: warning: Automatic preferred width mode for static wrapping text before OS X 10.11, use Explicit or First Runtime Layout Width [9]
/Users/cam/Documents/Projects/ultima-iv-web/vlc-thumbs/work/build/vlc-source/modules/gui/macosx/UI/About.xib:2284: warning: Automatic preferred width mode for static wrapping text before OS X 10.11, use Explicit or First Runtime Layout Width [9]
  XIB    gui/macosx/UI/ConvertAndSave.nib
/* com.apple.ibtool.document.notices */
/Users/cam/Documents/Projects/ultima-iv-web/vlc-thumbs/work/build/vlc-source/modules/gui/macosx/UI/AddonManager.xib:30: note: View is clipping its content [13]
/* com.apple.ibtool.document.notices */
/Users/cam/Documents/Projects/ultima-iv-web/vlc-thumbs/work/build/vlc-source/modules/gui/macosx/UI/Bookmarks.xib:135: note: View is clipping its content [13]
/Users/cam/Documents/Projects/ultima-iv-web/vlc-thumbs/work/build/vlc-source/modules/gui/macosx/UI/Bookmarks.xib:141: note: View is clipping its content [13]
/Users/cam/Documents/Projects/ultima-iv-web/vlc-thumbs/work/build/vlc-source/modules/gui/macosx/UI/Bookmarks.xib:94: note: View is clipping its content [13]
/Users/cam/Documents/Projects/ultima-iv-web/vlc-thumbs/work/build/vlc-source/modules/gui/macosx/UI/Bookmarks.xib:92: note: View is clipping its content [13]
/Users/cam/Documents/Projects/ultima-iv-web/vlc-thumbs/work/build/vlc-source/modules/gui/macosx/UI/Bookmarks.xib:137: note: View is clipping its content [13]
/Users/cam/Documents/Projects/ultima-iv-web/vlc-thumbs/work/build/vlc-source/modules/gui/macosx/UI/Bookmarks.xib:143: note: View is clipping its content [13]
/Users/cam/Documents/Projects/ultima-iv-web/vlc-thumbs/work/build/vlc-source/modules/gui/macosx/UI/Bookmarks.xib:90: note: View is clipping its content [13]
/Users/cam/Documents/Projects/ultima-iv-web/vlc-thumbs/work/build/vlc-source/modules/gui/macosx/UI/Bookmarks.xib:88: note: View is clipping its content [13]
  XIB    gui/macosx/UI/CoreDialogs.nib
  XIB    gui/macosx/UI/DetachedVideoWindow.nib
2026-10-03 23:58:21.875 ibtoold[68595:49151080] 10.4-style NSNumberFormatter method called on a 10.0-style formatter, which doesn't work. Break on _NSNumberFormatter_Log_New_Methods_On_Old_Formatters to debug. This message will only be logged once.
/* com.apple.ibtool.document.notices */
/Users/cam/Documents/Projects/ultima-iv-web/vlc-thumbs/work/build/vlc-source/modules/gui/macosx/UI/CoreDialogs.xib:250: note: View is clipping its content [13]
/Users/cam/Documents/Projects/ultima-iv-web/vlc-thumbs/work/build/vlc-source/modules/gui/macosx/UI/CoreDialogs.xib:253: note: View is clipping its content [13]
/* com.apple.ibtool.document.warnings */
/Users/cam/Documents/Projects/ultima-iv-web/vlc-thumbs/work/build/vlc-source/modules/gui/macosx/UI/CoreDialogs.xib:251: warning: Automatic preferred width mode for static wrapping text before OS X 10.11, use Explicit or First Runtime Layout Width [9]
/Users/cam/Documents/Projects/ultima-iv-web/vlc-thumbs/work/build/vlc-source/modules/gui/macosx/UI/CoreDialogs.xib:305: warning: Automatic preferred width mode for static wrapping text before OS X 10.11, use Explicit or First Runtime Layout Width [9]
/Users/cam/Documents/Projects/ultima-iv-web/vlc-thumbs/work/build/vlc-source/modules/gui/macosx/UI/CoreDialogs.xib:255: warning: Automatic preferred width mode for static wrapping text before OS X 10.11, use Explicit or First Runtime Layout Width [9]
/Users/cam/Documents/Projects/ultima-iv-web/vlc-thumbs/work/build/vlc-source/modules/gui/macosx/UI/CoreDialogs.xib:256: warning: Automatic preferred width mode for static wrapping text before OS X 10.11, use Explicit or First Runtime Layout Width [9]
/Users/cam/Documents/Projects/ultima-iv-web/vlc-thumbs/work/build/vlc-source/modules/gui/macosx/UI/CoreDialogs.xib:257: warning: Automatic preferred width mode for static wrapping text before OS X 10.11, use Explicit or First Runtime Layout Width [9]
/Users/cam/Documents/Projects/ultima-iv-web/vlc-thumbs/work/build/vlc-source/modules/gui/macosx/UI/CoreDialogs.xib:304: warning: Automatic preferred width mode for static wrapping text before OS X 10.11, use Explicit or First Runtime Layout Width [9]
  XIB    gui/macosx/UI/Help.nib
  XIB    gui/macosx/UI/ErrorPanel.nib
  XIB    gui/macosx/UI/LogMessageWindow.nib
/* com.apple.ibtool.document.notices */
/Users/cam/Documents/Projects/ultima-iv-web/vlc-thumbs/work/build/vlc-source/modules/gui/macosx/UI/AudioEffects.xib:621: note: View is clipping its content [13]
/Users/cam/Documents/Projects/ultima-iv-web/vlc-thumbs/work/build/vlc-source/modules/gui/macosx/UI/AudioEffects.xib:701: note: View is clipping its content [13]
/Users/cam/Documents/Projects/ultima-iv-web/vlc-thumbs/work/build/vlc-source/modules/gui/macosx/UI/AudioEffects.xib:618: note: View is clipping its content [13]
/* com.apple.ibtool.document.warnings */
/Users/cam/Documents/Projects/ultima-iv-web/vlc-thumbs/work/build/vlc-source/modules/gui/macosx/UI/AudioEffects.xib:343: warning: Allows Logical Layout Direction before OS X 10.8 [5]
/Users/cam/Documents/Projects/ultima-iv-web/vlc-thumbs/work/build/vlc-source/modules/gui/macosx/UI/AudioEffects.xib:344: warning: Allows Logical Layout Direction before OS X 10.8 [5]
/Users/cam/Documents/Projects/ultima-iv-web/vlc-thumbs/work/build/vlc-source/modules/gui/macosx/UI/AudioEffects.xib:709: warning: Allows Logical Layout Direction before OS X 10.8 [5]
/Users/cam/Documents/Projects/ultima-iv-web/vlc-thumbs/work/build/vlc-source/modules/gui/macosx/UI/AudioEffects.xib:218: warning: Allows Logical Layout Direction before OS X 10.8 [5]
/Users/cam/Documents/Projects/ultima-iv-web/vlc-thumbs/work/build/vlc-source/modules/gui/macosx/UI/AudioEffects.xib:NUi-0U-gqN: warning: Allows Logical Layout Direction before OS X 10.8 [5]
/Users/cam/Documents/Projects/ultima-iv-web/vlc-thumbs/work/build/vlc-source/modules/gui/macosx/UI/AudioEffects.xib:192: warning: Allows Logical Layout Direction before OS X 10.8 [5]
/Users/cam/Documents/Projects/ultima-iv-web/vlc-thumbs/work/build/vlc-source/modules/gui/macosx/UI/AudioEffects.xib:wYr-HG-zA2: warning: Allows Logical Layout Direction before OS X 10.8 [5]
/Users/cam/Documents/Projects/ultima-iv-web/vlc-thumbs/work/build/vlc-source/modules/gui/macosx/UI/AudioEffects.xib:Dqv-cc-ZvK: warning: Allows Logical Layout Direction before OS X 10.8 [5]
/Users/cam/Documents/Projects/ultima-iv-web/vlc-thumbs/work/build/vlc-source/modules/gui/macosx/UI/AudioEffects.xib:194: warning: Allows Logical Layout Direction before OS X 10.8 [5]
/Users/cam/Documents/Projects/ultima-iv-web/vlc-thumbs/work/build/vlc-source/modules/gui/macosx/UI/AudioEffects.xib:262: warning: Allows Logical Layout Direction before OS X 10.8 [5]
/* com.apple.ibtool.document.notices */
/Users/cam/Documents/Projects/ultima-iv-web/vlc-thumbs/work/build/vlc-source/modules/gui/macosx/UI/Help.xib:2258: note: View is clipping its content [13]
/Users/cam/Documents/Projects/ultima-iv-web/vlc-thumbs/work/build/vlc-source/modules/gui/macosx/UI/Help.xib:2257: note: View is clipping its content [13]
/Users/cam/Documents/Projects/ultima-iv-web/vlc-thumbs/work/build/vlc-source/modules/gui/macosx/UI/Help.xib:2256: note: View is clipping its content [13]
  XIB    gui/macosx/UI/MainMenu.nib
  XIB    gui/macosx/UI/MainWindow.nib
/* com.apple.ibtool.document.notices */
/Users/cam/Documents/Projects/ultima-iv-web/vlc-thumbs/work/build/vlc-source/modules/gui/macosx/UI/MainMenu.xib:5555: note: View is clipping its content [13]
/Users/cam/Documents/Projects/ultima-iv-web/vlc-thumbs/work/build/vlc-source/modules/gui/macosx/UI/MainMenu.xib:4597: note: View is clipping its content [13]
  XIB    gui/macosx/UI/MediaInfo.nib
/* com.apple.ibtool.document.notices */
/Users/cam/Documents/Projects/ultima-iv-web/vlc-thumbs/work/build/vlc-source/modules/gui/macosx/UI/ConvertAndSave.xib:213: note: View is clipping its content [13]
/Users/cam/Documents/Projects/ultima-iv-web/vlc-thumbs/work/build/vlc-source/modules/gui/macosx/UI/ConvertAndSave.xib:344: note: View is clipping its content [13]
/Users/cam/Documents/Projects/ultima-iv-web/vlc-thumbs/work/build/vlc-source/modules/gui/macosx/UI/ConvertAndSave.xib:315: note: View is clipping its content [13]
/Users/cam/Documents/Projects/ultima-iv-web/vlc-thumbs/work/build/vlc-source/modules/gui/macosx/UI/ConvertAndSave.xib:199: note: View is clipping its content [13]
/Users/cam/Documents/Projects/ultima-iv-web/vlc-thumbs/work/build/vlc-source/modules/gui/macosx/UI/ConvertAndSave.xib:218: note: View is clipping its content [13]
/Users/cam/Documents/Projects/ultima-iv-web/vlc-thumbs/work/build/vlc-source/modules/gui/macosx/UI/ConvertAndSave.xib:311: note: View is clipping its content [13]
/Users/cam/Documents/Projects/ultima-iv-web/vlc-thumbs/work/build/vlc-source/modules/gui/macosx/UI/ConvertAndSave.xib:187: note: View is clipping its content [13]
/Users/cam/Documents/Projects/ultima-iv-web/vlc-thumbs/work/build/vlc-source/modules/gui/macosx/UI/ConvertAndSave.xib:214: note: View is clipping its content [13]
/Users/cam/Documents/Projects/ultima-iv-web/vlc-thumbs/work/build/vlc-source/modules/gui/macosx/UI/ConvertAndSave.xib:345: note: View is clipping its content [13]
/Users/cam/Documents/Projects/ultima-iv-web/vlc-thumbs/work/build/vlc-source/modules/gui/macosx/UI/ConvertAndSave.xib:312: note: View is clipping its content [13]
/Users/cam/Documents/Projects/ultima-iv-web/vlc-thumbs/work/build/vlc-source/modules/gui/macosx/UI/ConvertAndSave.xib:341: note: View is clipping its content [13]
/Users/cam/Documents/Projects/ultima-iv-web/vlc-thumbs/work/build/vlc-source/modules/gui/macosx/UI/ConvertAndSave.xib:196: note: View is clipping its content [13]
/Users/cam/Documents/Projects/ultima-iv-web/vlc-thumbs/work/build/vlc-source/modules/gui/macosx/UI/ConvertAndSave.xib:317: note: View is clipping its content [13]
/Users/cam/Documents/Projects/ultima-iv-web/vlc-thumbs/work/build/vlc-source/modules/gui/macosx/UI/ConvertAndSave.xib:215: note: View is clipping its content [13]
/Users/cam/Documents/Projects/ultima-iv-web/vlc-thumbs/work/build/vlc-source/modules/gui/macosx/UI/ConvertAndSave.xib:188: note: View is clipping its content [13]
/Users/cam/Documents/Projects/ultima-iv-web/vlc-thumbs/work/build/vlc-source/modules/gui/macosx/UI/ConvertAndSave.xib:184: note: View is clipping its content [13]
/Users/cam/Documents/Projects/ultima-iv-web/vlc-thumbs/work/build/vlc-source/modules/gui/macosx/UI/ConvertAndSave.xib:180: note: View is clipping its content [13]
/Users/cam/Documents/Projects/ultima-iv-web/vlc-thumbs/work/build/vlc-source/modules/gui/macosx/UI/ConvertAndSave.xib:172: note: View is clipping its content [13]
/Users/cam/Documents/Projects/ultima-iv-web/vlc-thumbs/work/build/vlc-source/modules/gui/macosx/UI/ConvertAndSave.xib:314: note: View is clipping its content [13]
/Users/cam/Documents/Projects/ultima-iv-web/vlc-thumbs/work/build/vlc-source/modules/gui/macosx/UI/ConvertAndSave.xib:241: note: View is clipping its content [13]
/Users/cam/Documents/Projects/ultima-iv-web/vlc-thumbs/work/build/vlc-source/modules/gui/macosx/UI/ConvertAndSave.xib:217: note: View is clipping its content [13]
/Users/cam/Documents/Projects/ultima-iv-web/vlc-thumbs/work/build/vlc-source/modules/gui/macosx/UI/ConvertAndSave.xib:319: note: View is clipping its content [13]
/* com.apple.ibtool.document.warnings */
/Users/cam/Documents/Projects/ultima-iv-web/vlc-thumbs/work/build/vlc-source/modules/gui/macosx/UI/ConvertAndSave.xib:316: warning: Automatic preferred width mode for static wrapping text before OS X 10.11, use Explicit or First Runtime Layout Width [9]
/Users/cam/Documents/Projects/ultima-iv-web/vlc-thumbs/work/build/vlc-source/modules/gui/macosx/UI/ConvertAndSave.xib:310: warning: Automatic preferred width mode for static wrapping text before OS X 10.11, use Explicit or First Runtime Layout Width [9]
/Users/cam/Documents/Projects/ultima-iv-web/vlc-thumbs/work/build/vlc-source/modules/gui/macosx/UI/ConvertAndSave.xib:313: warning: Automatic preferred width mode for static wrapping text before OS X 10.11, use Explicit or First Runtime Layout Width [9]
/Users/cam/Documents/Projects/ultima-iv-web/vlc-thumbs/work/build/vlc-source/modules/gui/macosx/UI/ConvertAndSave.xib:318: warning: Automatic preferred width mode for static wrapping text before OS X 10.11, use Explicit or First Runtime Layout Width [9]
/Users/cam/Documents/Projects/ultima-iv-web/vlc-thumbs/work/build/vlc-source/modules/gui/macosx/UI/ConvertAndSave.xib:192: warning: Automatic preferred width mode for static wrapping text before OS X 10.11, use Explicit or First Runtime Layout Width [9]
  XIB    gui/macosx/UI/Open.nib
/* com.apple.ibtool.document.notices */
/Users/cam/Documents/Projects/ultima-iv-web/vlc-thumbs/work/build/vlc-source/modules/gui/macosx/UI/LogMessageWindow.xib:hdT-qU-xRy: note: View is clipping its content [13]
/Users/cam/Documents/Projects/ultima-iv-web/vlc-thumbs/work/build/vlc-source/modules/gui/macosx/UI/LogMessageWindow.xib:5ZT-Oc-K6D: note: NSSplitView with Arranges All Subviews off has different behavior before OS X 10.11 [11]
/Users/cam/Documents/Projects/ultima-iv-web/vlc-thumbs/work/build/vlc-source/modules/gui/macosx/UI/LogMessageWindow.xib:JpS-Ua-CDA: note: View is clipping its content [13]
/Users/cam/Documents/Projects/ultima-iv-web/vlc-thumbs/work/build/vlc-source/modules/gui/macosx/UI/LogMessageWindow.xib:JpS-Ua-CDA: note: NSTextField's height does not match its intrinsic content size, use "Size to Fit Content" to correct [22]
  XIB    gui/macosx/UI/PlaylistAccessoryView.nib
/* com.apple.ibtool.document.notices */
/Users/cam/Documents/Projects/ultima-iv-web/vlc-thumbs/work/build/vlc-source/modules/gui/macosx/UI/PlaylistAccessoryView.xib:2: note: NSTextField's height does not match its intrinsic content size, use "Size to Fit Content" to correct [22]
/Users/cam/Documents/Projects/ultima-iv-web/vlc-thumbs/work/build/vlc-source/modules/gui/macosx/UI/PlaylistAccessoryView.xib:3: note: View is clipping its content [13]
  XIB    gui/macosx/UI/PlaylistMenu.nib
  XIB    gui/macosx/UI/PopupPanel.nib
/* com.apple.ibtool.document.notices */
/Users/cam/Documents/Projects/ultima-iv-web/vlc-thumbs/work/build/vlc-source/modules/gui/macosx/UI/MediaInfo.xib:463: note: View is clipping its content [13]
/Users/cam/Documents/Projects/ultima-iv-web/vlc-thumbs/work/build/vlc-source/modules/gui/macosx/UI/MediaInfo.xib:435: note: View is clipping its content [13]
/Users/cam/Documents/Projects/ultima-iv-web/vlc-thumbs/work/build/vlc-source/modules/gui/macosx/UI/MediaInfo.xib:441: note: View is clipping its content [13]
/Users/cam/Documents/Projects/ultima-iv-web/vlc-thumbs/work/build/vlc-source/modules/gui/macosx/UI/MediaInfo.xib:509: note: View is clipping its content [13]
/Users/cam/Documents/Projects/ultima-iv-web/vlc-thumbs/work/build/vlc-source/modules/gui/macosx/UI/MediaInfo.xib:504: note: View is clipping its content [13]
/Users/cam/Documents/Projects/ultima-iv-web/vlc-thumbs/work/build/vlc-source/modules/gui/macosx/UI/MediaInfo.xib:427: note: View is clipping its content [13]
/Users/cam/Documents/Projects/ultima-iv-web/vlc-thumbs/work/build/vlc-source/modules/gui/macosx/UI/MediaInfo.xib:481: note: View is clipping its content [13]
/Users/cam/Documents/Projects/ultima-iv-web/vlc-thumbs/work/build/vlc-source/modules/gui/macosx/UI/MediaInfo.xib:497: note: View is clipping its content [13]
/Users/cam/Documents/Projects/ultima-iv-web/vlc-thumbs/work/build/vlc-source/modules/gui/macosx/UI/MediaInfo.xib:461: note: View is clipping its content [13]
/Users/cam/Documents/Projects/ultima-iv-web/vlc-thumbs/work/build/vlc-source/modules/gui/macosx/UI/MediaInfo.xib:486: note: View is clipping its content [13]
/Users/cam/Documents/Projects/ultima-iv-web/vlc-thumbs/work/build/vlc-source/modules/gui/macosx/UI/MediaInfo.xib:431: note: View is clipping its content [13]
/Users/cam/Documents/Projects/ultima-iv-web/vlc-thumbs/work/build/vlc-source/modules/gui/macosx/UI/MediaInfo.xib:439: note: View is clipping its content [13]
/Users/cam/Documents/Projects/ultima-iv-web/vlc-thumbs/work/build/vlc-source/modules/gui/macosx/UI/MediaInfo.xib:476: note: View is clipping its content [13]
/Users/cam/Documents/Projects/ultima-iv-web/vlc-thumbs/work/build/vlc-source/modules/gui/macosx/UI/MediaInfo.xib:412: note: View is clipping its content [13]
  XIB    gui/macosx/UI/Preferences.nib
  XIB    gui/macosx/UI/ResumeDialog.nib
/* com.apple.ibtool.document.notices */
/Users/cam/Documents/Projects/ultima-iv-web/vlc-thumbs/work/build/vlc-source/modules/gui/macosx/UI/MainWindow.xib:xTO-W7-AeC: note: View is clipping its content [13]
/Users/cam/Documents/Projects/ultima-iv-web/vlc-thumbs/work/build/vlc-source/modules/gui/macosx/UI/MainWindow.xib:4729: note: View is clipping its content [13]
/Users/cam/Documents/Projects/ultima-iv-web/vlc-thumbs/work/build/vlc-source/modules/gui/macosx/UI/MainWindow.xib:5289: note: View is clipping its content [13]
/Users/cam/Documents/Projects/ultima-iv-web/vlc-thumbs/work/build/vlc-source/modules/gui/macosx/UI/MainWindow.xib:5263: note: View is clipping its content [13]
/Users/cam/Documents/Projects/ultima-iv-web/vlc-thumbs/work/build/vlc-source/modules/gui/macosx/UI/MainWindow.xib:5302: note: View is clipping its content [13]
/Users/cam/Documents/Projects/ultima-iv-web/vlc-thumbs/work/build/vlc-source/modules/gui/macosx/UI/MainWindow.xib:ZtM-n7-Nyl: note: View is clipping its content [13]
/Users/cam/Documents/Projects/ultima-iv-web/vlc-thumbs/work/build/vlc-source/modules/gui/macosx/UI/MainWindow.xib:5614: note: View is clipping its content [13]
  XIB    gui/macosx/UI/SimplePreferences.nib
2026-10-03 23:58:23.652 ibtoold[68593:49151079] 10.4-style NSNumberFormatter method called on a 10.0-style formatter, which doesn't work. Break on _NSNumberFormatter_Log_New_Methods_On_Old_Formatters to debug. This message will only be logged once.
/* com.apple.ibtool.document.warnings */
/Users/cam/Documents/Projects/ultima-iv-web/vlc-thumbs/work/build/vlc-source/modules/gui/macosx/UI/Preferences.xib:2257: warning: Automatic preferred width mode for static wrapping text before OS X 10.11, use Explicit or First Runtime Layout Width [9]
  XIB    gui/macosx/UI/StreamOutput.nib
  XIB    gui/macosx/UI/SyncTracks.nib
/* com.apple.ibtool.document.notices */
/Users/cam/Documents/Projects/ultima-iv-web/vlc-thumbs/work/build/vlc-source/modules/gui/macosx/UI/SyncTracks.xib:99: note: View is clipping its content [13]
/Users/cam/Documents/Projects/ultima-iv-web/vlc-thumbs/work/build/vlc-source/modules/gui/macosx/UI/SyncTracks.xib:29: note: View is clipping its content [13]
/Users/cam/Documents/Projects/ultima-iv-web/vlc-thumbs/work/build/vlc-source/modules/gui/macosx/UI/SyncTracks.xib:105: note: View is clipping its content [13]
/Users/cam/Documents/Projects/ultima-iv-web/vlc-thumbs/work/build/vlc-source/modules/gui/macosx/UI/SyncTracks.xib:19: note: View is clipping its content [13]
/Users/cam/Documents/Projects/ultima-iv-web/vlc-thumbs/work/build/vlc-source/modules/gui/macosx/UI/SyncTracks.xib:8: note: View is clipping its content [13]
/Users/cam/Documents/Projects/ultima-iv-web/vlc-thumbs/work/build/vlc-source/modules/gui/macosx/UI/SyncTracks.xib:20: note: View is clipping its content [13]
/Users/cam/Documents/Projects/ultima-iv-web/vlc-thumbs/work/build/vlc-source/modules/gui/macosx/UI/SyncTracks.xib:41: note: View is clipping its content [13]
/Users/cam/Documents/Projects/ultima-iv-web/vlc-thumbs/work/build/vlc-source/modules/gui/macosx/UI/SyncTracks.xib:10: note: View is clipping its content [13]
/Users/cam/Documents/Projects/ultima-iv-web/vlc-thumbs/work/build/vlc-source/modules/gui/macosx/UI/SyncTracks.xib:28: note: View is clipping its content [13]
  XIB    gui/macosx/UI/TextfieldPanel.nib
/* com.apple.ibtool.document.notices */
/Users/cam/Documents/Projects/ultima-iv-web/vlc-thumbs/work/build/vlc-source/modules/gui/macosx/UI/TextfieldPanel.xib:6: note: View is clipping its content [13]
  XIB    gui/macosx/UI/TimeSelectionPanel.nib
/* com.apple.ibtool.document.notices */
/Users/cam/Documents/Projects/ultima-iv-web/vlc-thumbs/work/build/vlc-source/modules/gui/macosx/UI/TimeSelectionPanel.xib:ovY-qj-fWV: note: View is clipping its content [13]
/Users/cam/Documents/Projects/ultima-iv-web/vlc-thumbs/work/build/vlc-source/modules/gui/macosx/UI/TimeSelectionPanel.xib:zsp-zD-QHr: note: View is clipping its content [13]
/* com.apple.ibtool.document.warnings */
/Users/cam/Documents/Projects/ultima-iv-web/vlc-thumbs/work/build/vlc-source/modules/gui/macosx/UI/TimeSelectionPanel.xib:bB6-Le-Ilg: warning: Automatic preferred width mode for static wrapping text before OS X 10.11, use Explicit or First Runtime Layout Width [9]
/Users/cam/Documents/Projects/ultima-iv-web/vlc-thumbs/work/build/vlc-source/modules/gui/macosx/UI/TimeSelectionPanel.xib:oMI-0n-rej: warning: Automatic preferred width mode for static wrapping text before OS X 10.11, use Explicit or First Runtime Layout Width [9]
  XIB    gui/macosx/UI/VideoEffects.nib
/* com.apple.ibtool.document.notices */
/Users/cam/Documents/Projects/ultima-iv-web/vlc-thumbs/work/build/vlc-source/modules/gui/macosx/UI/StreamOutput.xib:363-uQ-FZP: note: View is clipping its content [13]
/Users/cam/Documents/Projects/ultima-iv-web/vlc-thumbs/work/build/vlc-source/modules/gui/macosx/UI/StreamOutput.xib:sve-ta-Por: note: View is clipping its content [13]
/Users/cam/Documents/Projects/ultima-iv-web/vlc-thumbs/work/build/vlc-source/modules/gui/macosx/UI/StreamOutput.xib:639-kH-MAw: note: View is clipping its content [13]
/Users/cam/Documents/Projects/ultima-iv-web/vlc-thumbs/work/build/vlc-source/modules/gui/macosx/UI/StreamOutput.xib:hWN-pR-WjU: note: View is clipping its content [13]
/Users/cam/Documents/Projects/ultima-iv-web/vlc-thumbs/work/build/vlc-source/modules/gui/macosx/UI/StreamOutput.xib:f6Q-bn-tII: note: View is clipping its content [13]
/Users/cam/Documents/Projects/ultima-iv-web/vlc-thumbs/work/build/vlc-source/modules/gui/macosx/UI/StreamOutput.xib:rYi-sr-scq: note: View is clipping its content [13]
/Users/cam/Documents/Projects/ultima-iv-web/vlc-thumbs/work/build/vlc-source/modules/gui/macosx/UI/StreamOutput.xib:o4u-Rk-ouF: note: View is clipping its content [13]
/Users/cam/Documents/Projects/ultima-iv-web/vlc-thumbs/work/build/vlc-source/modules/gui/macosx/UI/StreamOutput.xib:cEb-9R-g1E: note: View is clipping its content [13]
/* com.apple.ibtool.document.warnings */
/Users/cam/Documents/Projects/ultima-iv-web/vlc-thumbs/work/build/vlc-source/modules/gui/macosx/UI/StreamOutput.xib:BJg-ve-g7Y: warning: Allows Logical Layout Direction before OS X 10.8 [5]
/Users/cam/Documents/Projects/ultima-iv-web/vlc-thumbs/work/build/vlc-source/modules/gui/macosx/UI/StreamOutput.xib:Ttn-20-6ZJ: warning: Allows Logical Layout Direction before OS X 10.8 [5]
/Users/cam/Documents/Projects/ultima-iv-web/vlc-thumbs/work/build/vlc-source/modules/gui/macosx/UI/StreamOutput.xib:rbD-7I-E3s: warning: Allows Logical Layout Direction before OS X 10.8 [5]
/Users/cam/Documents/Projects/ultima-iv-web/vlc-thumbs/work/build/vlc-source/modules/gui/macosx/UI/StreamOutput.xib:5ZV-KT-f8p: warning: Allows Logical Layout Direction before OS X 10.8 [5]
/Users/cam/Documents/Projects/ultima-iv-web/vlc-thumbs/work/build/vlc-source/modules/gui/macosx/UI/StreamOutput.xib:qTV-D2-4qj: warning: Allows Logical Layout Direction before OS X 10.8 [5]
/Users/cam/Documents/Projects/ultima-iv-web/vlc-thumbs/work/build/vlc-source/modules/gui/macosx/UI/StreamOutput.xib:HOS-pG-57A: warning: Allows Logical Layout Direction before OS X 10.8 [5]
/Users/cam/Documents/Projects/ultima-iv-web/vlc-thumbs/work/build/vlc-source/modules/gui/macosx/UI/StreamOutput.xib:Soa-uy-ulr: warning: Allows Logical Layout Direction before OS X 10.8 [5]
/Users/cam/Documents/Projects/ultima-iv-web/vlc-thumbs/work/build/vlc-source/modules/gui/macosx/UI/StreamOutput.xib:6rb-hy-Tes: warning: Allows Logical Layout Direction before OS X 10.8 [5]
/Users/cam/Documents/Projects/ultima-iv-web/vlc-thumbs/work/build/vlc-source/modules/gui/macosx/UI/StreamOutput.xib:PiK-Gm-63G: warning: Allows Logical Layout Direction before OS X 10.8 [5]
/Users/cam/Documents/Projects/ultima-iv-web/vlc-thumbs/work/build/vlc-source/modules/gui/macosx/UI/StreamOutput.xib:dfW-h5-9bx: warning: Allows Logical Layout Direction before OS X 10.8 [5]
/Users/cam/Documents/Projects/ultima-iv-web/vlc-thumbs/work/build/vlc-source/modules/gui/macosx/UI/StreamOutput.xib:OEl-R9-y58: warning: Allows Logical Layout Direction before OS X 10.8 [5]
/Users/cam/Documents/Projects/ultima-iv-web/vlc-thumbs/work/build/vlc-source/modules/gui/macosx/UI/StreamOutput.xib:dIT-Za-GZ1: warning: Allows Logical Layout Direction before OS X 10.8 [5]
/Users/cam/Documents/Projects/ultima-iv-web/vlc-thumbs/work/build/vlc-source/modules/gui/macosx/UI/StreamOutput.xib:Bpf-5e-3Qe: warning: Allows Logical Layout Direction before OS X 10.8 [5]
/Users/cam/Documents/Projects/ultima-iv-web/vlc-thumbs/work/build/vlc-source/modules/gui/macosx/UI/StreamOutput.xib:pE8-jH-B2X: warning: Allows Logical Layout Direction before OS X 10.8 [5]
/Users/cam/Documents/Projects/ultima-iv-web/vlc-thumbs/work/build/vlc-source/modules/gui/macosx/UI/StreamOutput.xib:hlR-dz-4vC: warning: Allows Logical Layout Direction before OS X 10.8 [5]
/Users/cam/Documents/Projects/ultima-iv-web/vlc-thumbs/work/build/vlc-source/modules/gui/macosx/UI/StreamOutput.xib:IRa-L7-1pX: warning: Allows Logical Layout Direction before OS X 10.8 [5]
  XIB    gui/macosx/UI/VLCFullScreenPanel.nib
/* com.apple.ibtool.document.notices */
/Users/cam/Documents/Projects/ultima-iv-web/vlc-thumbs/work/build/vlc-source/modules/gui/macosx/UI/VLCFullScreenPanel.xib:jSN-hV-r5D: note: View is clipping its content [13]
/Users/cam/Documents/Projects/ultima-iv-web/vlc-thumbs/work/build/vlc-source/modules/gui/macosx/UI/VLCFullScreenPanel.xib:TVM-DT-2yo: note: View is clipping its content [13]
/Users/cam/Documents/Projects/ultima-iv-web/vlc-thumbs/work/build/vlc-source/modules/gui/macosx/UI/VLCFullScreenPanel.xib:2ai-dB-Wpq: note: View is clipping its content [13]
/Users/cam/Documents/Projects/ultima-iv-web/vlc-thumbs/work/build/vlc-source/modules/gui/macosx/UI/VLCFullScreenPanel.xib:iYd-wn-Bnl: note: View is clipping its content [13]
/Users/cam/Documents/Projects/ultima-iv-web/vlc-thumbs/work/build/vlc-source/modules/gui/macosx/UI/VLCFullScreenPanel.xib:C5K-aX-3aJ: note: View is clipping its content [13]
/Users/cam/Documents/Projects/ultima-iv-web/vlc-thumbs/work/build/vlc-source/modules/gui/macosx/UI/VLCFullScreenPanel.xib:7QH-jb-QdM: note: View is clipping its content [13]
/Users/cam/Documents/Projects/ultima-iv-web/vlc-thumbs/work/build/vlc-source/modules/gui/macosx/UI/VLCFullScreenPanel.xib:YSL-bH-k6U: note: View is clipping its content [13]
  XIB    gui/macosx/UI/VLCStatusBarIconMainMenu.nib
/* com.apple.ibtool.document.notices */
/Users/cam/Documents/Projects/ultima-iv-web/vlc-thumbs/work/build/vlc-source/modules/gui/macosx/UI/Open.xib:1275: note: View is clipping its content [13]
/Users/cam/Documents/Projects/ultima-iv-web/vlc-thumbs/work/build/vlc-source/modules/gui/macosx/UI/Open.xib:3438: note: View is clipping its content [13]
/Users/cam/Documents/Projects/ultima-iv-web/vlc-thumbs/work/build/vlc-source/modules/gui/macosx/UI/Open.xib:2771: note: View is clipping its content [13]
/Users/cam/Documents/Projects/ultima-iv-web/vlc-thumbs/work/build/vlc-source/modules/gui/macosx/UI/Open.xib:3152: note: View is clipping its content [13]
/Users/cam/Documents/Projects/ultima-iv-web/vlc-thumbs/work/build/vlc-source/modules/gui/macosx/UI/Open.xib:2498: note: View is clipping its content [13]
/Users/cam/Documents/Projects/ultima-iv-web/vlc-thumbs/work/build/vlc-source/modules/gui/macosx/UI/Open.xib:2349: note: View is clipping its content [13]
/Users/cam/Documents/Projects/ultima-iv-web/vlc-thumbs/work/build/vlc-source/modules/gui/macosx/UI/Open.xib:2352: note: View is clipping its content [13]
/Users/cam/Documents/Projects/ultima-iv-web/vlc-thumbs/work/build/vlc-source/modules/gui/macosx/UI/Open.xib:2494: note: View is clipping its content [13]
/Users/cam/Documents/Projects/ultima-iv-web/vlc-thumbs/work/build/vlc-source/modules/gui/macosx/UI/Open.xib:3234: note: View is clipping its content [13]
/Users/cam/Documents/Projects/ultima-iv-web/vlc-thumbs/work/build/vlc-source/modules/gui/macosx/UI/Open.xib:3239: note: View is clipping its content [13]
/Users/cam/Documents/Projects/ultima-iv-web/vlc-thumbs/work/build/vlc-source/modules/gui/macosx/UI/Open.xib:2772: note: View is clipping its content [13]
/Users/cam/Documents/Projects/ultima-iv-web/vlc-thumbs/work/build/vlc-source/modules/gui/macosx/UI/Open.xib:1276: note: View is clipping its content [13]
/Users/cam/Documents/Projects/ultima-iv-web/vlc-thumbs/work/build/vlc-source/modules/gui/macosx/UI/Open.xib:3153: note: View is clipping its content [13]
/Users/cam/Documents/Projects/ultima-iv-web/vlc-thumbs/work/build/vlc-source/modules/gui/macosx/UI/Open.xib:2158: note: View is clipping its content [13]
/Users/cam/Documents/Projects/ultima-iv-web/vlc-thumbs/work/build/vlc-source/modules/gui/macosx/UI/Open.xib:3071: note: View is clipping its content [13]
/Users/cam/Documents/Projects/ultima-iv-web/vlc-thumbs/work/build/vlc-source/modules/gui/macosx/UI/Open.xib:2803: note: View is clipping its content [13]
/Users/cam/Documents/Projects/ultima-iv-web/vlc-thumbs/work/build/vlc-source/modules/gui/macosx/UI/Open.xib:1280: note: View is clipping its content [13]
/Users/cam/Documents/Projects/ultima-iv-web/vlc-thumbs/work/build/vlc-source/modules/gui/macosx/UI/Open.xib:3193: note: View is clipping its content [13]
/Users/cam/Documents/Projects/ultima-iv-web/vlc-thumbs/work/build/vlc-source/modules/gui/macosx/UI/Open.xib:3110: note: View is clipping its content [13]
/Users/cam/Documents/Projects/ultima-iv-web/vlc-thumbs/work/build/vlc-source/modules/gui/macosx/UI/Open.xib:2773: note: View is clipping its content [13]
/Users/cam/Documents/Projects/ultima-iv-web/vlc-thumbs/work/build/vlc-source/modules/gui/macosx/UI/Open.xib:3291: note: View is clipping its content [13]
/Users/cam/Documents/Projects/ultima-iv-web/vlc-thumbs/work/build/vlc-source/modules/gui/macosx/UI/Open.xib:2804: note: View is clipping its content [13]
/Users/cam/Documents/Projects/ultima-iv-web/vlc-thumbs/work/build/vlc-source/modules/gui/macosx/UI/Open.xib:3150: note: View is clipping its content [13]
/Users/cam/Documents/Projects/ultima-iv-web/vlc-thumbs/work/build/vlc-source/modules/gui/macosx/UI/Open.xib:2800: note: View is clipping its content [13]
/Users/cam/Documents/Projects/ultima-iv-web/vlc-thumbs/work/build/vlc-source/modules/gui/macosx/UI/Open.xib:3240: note: View is clipping its content [13]
/Users/cam/Documents/Projects/ultima-iv-web/vlc-thumbs/work/build/vlc-source/modules/gui/macosx/UI/Open.xib:2327: note: View is clipping its content [13]
/Users/cam/Documents/Projects/ultima-iv-web/vlc-thumbs/work/build/vlc-source/modules/gui/macosx/UI/Open.xib:2496: note: View is clipping its content [13]
/Users/cam/Documents/Projects/ultima-iv-web/vlc-thumbs/work/build/vlc-source/modules/gui/macosx/UI/Open.xib:1112: note: View is clipping its content [13]
/Users/cam/Documents/Projects/ultima-iv-web/vlc-thumbs/work/build/vlc-source/modules/gui/macosx/UI/Open.xib:2492: note: View is clipping its content [13]
/Users/cam/Documents/Projects/ultima-iv-web/vlc-thumbs/work/build/vlc-source/modules/gui/macosx/UI/Open.xib:2840: note: View is clipping its content [13]
/Users/cam/Documents/Projects/ultima-iv-web/vlc-thumbs/work/build/vlc-source/modules/gui/macosx/UI/Open.xib:2774: note: View is clipping its content [13]
/Users/cam/Documents/Projects/ultima-iv-web/vlc-thumbs/work/build/vlc-source/modules/gui/macosx/UI/Open.xib:3151: note: View is clipping its content [13]
/Users/cam/Documents/Projects/ultima-iv-web/vlc-thumbs/work/build/vlc-source/modules/gui/macosx/UI/Open.xib:3241: note: View is clipping its content [13]
/Users/cam/Documents/Projects/ultima-iv-web/vlc-thumbs/work/build/vlc-source/modules/gui/macosx/UI/Open.xib:2801: note: View is clipping its content [13]
/Users/cam/Documents/Projects/ultima-iv-web/vlc-thumbs/work/build/vlc-source/modules/gui/macosx/UI/Open.xib:3104: note: View is clipping its content [13]
/Users/cam/Documents/Projects/ultima-iv-web/vlc-thumbs/work/build/vlc-source/modules/gui/macosx/UI/Open.xib:730: note: View is clipping its content [13]
/Users/cam/Documents/Projects/ultima-iv-web/vlc-thumbs/work/build/vlc-source/modules/gui/macosx/UI/Open.xib:3238: note: View is clipping its content [13]
/Users/cam/Documents/Projects/ultima-iv-web/vlc-thumbs/work/build/vlc-source/modules/gui/macosx/UI/Open.xib:2799: note: View is clipping its content [13]
/Users/cam/Documents/Projects/ultima-iv-web/vlc-thumbs/work/build/vlc-source/modules/gui/macosx/UI/Open.xib:1279: note: View is clipping its content [13]
/Users/cam/Documents/Projects/ultima-iv-web/vlc-thumbs/work/build/vlc-source/modules/gui/macosx/UI/Open.xib:3477: note: View is clipping its content [13]
/Users/cam/Documents/Projects/ultima-iv-web/vlc-thumbs/work/build/vlc-source/modules/gui/macosx/UI/Open.xib:3473: note: View is clipping its content [13]
/* com.apple.ibtool.document.warnings */
/Users/cam/Documents/Projects/ultima-iv-web/vlc-thumbs/work/build/vlc-source/modules/gui/macosx/UI/Open.xib:2995: warning: Allows Logical Layout Direction before OS X 10.8 [5]
/Users/cam/Documents/Projects/ultima-iv-web/vlc-thumbs/work/build/vlc-source/modules/gui/macosx/UI/Open.xib:3490: warning: Allows Logical Layout Direction before OS X 10.8 [5]
/Users/cam/Documents/Projects/ultima-iv-web/vlc-thumbs/work/build/vlc-source/modules/gui/macosx/UI/Open.xib:2508: warning: Allows Logical Layout Direction before OS X 10.8 [5]
/Users/cam/Documents/Projects/ultima-iv-web/vlc-thumbs/work/build/vlc-source/modules/gui/macosx/UI/Open.xib:1336: warning: Allows Logical Layout Direction before OS X 10.8 [5]
/Users/cam/Documents/Projects/ultima-iv-web/vlc-thumbs/work/build/vlc-source/modules/gui/macosx/UI/Open.xib:1112: warning: Allows Logical Layout Direction before OS X 10.8 [5]
/Users/cam/Documents/Projects/ultima-iv-web/vlc-thumbs/work/build/vlc-source/modules/gui/macosx/UI/Open.xib:2802: warning: Allows Logical Layout Direction before OS X 10.8 [5]
/Users/cam/Documents/Projects/ultima-iv-web/vlc-thumbs/work/build/vlc-source/modules/gui/macosx/UI/Open.xib:3485: warning: Allows Logical Layout Direction before OS X 10.8 [5]
/Users/cam/Documents/Projects/ultima-iv-web/vlc-thumbs/work/build/vlc-source/modules/gui/macosx/UI/Open.xib:929: warning: Allows Logical Layout Direction before OS X 10.8 [5]
/Users/cam/Documents/Projects/ultima-iv-web/vlc-thumbs/work/build/vlc-source/modules/gui/macosx/UI/Open.xib:3515: warning: Allows Logical Layout Direction before OS X 10.8 [5]
/Users/cam/Documents/Projects/ultima-iv-web/vlc-thumbs/work/build/vlc-source/modules/gui/macosx/UI/Open.xib:3492: warning: Allows Logical Layout Direction before OS X 10.8 [5]
/Users/cam/Documents/Projects/ultima-iv-web/vlc-thumbs/work/build/vlc-source/modules/gui/macosx/UI/Open.xib:834: warning: Allows Logical Layout Direction before OS X 10.8 [5]
/* com.apple.ibtool.document.notices */
/Users/cam/Documents/Projects/ultima-iv-web/vlc-thumbs/work/build/vlc-source/modules/gui/macosx/UI/VLCStatusBarIconMainMenu.xib:Byt-pH-60l: note: View is clipping its content [13]
/Users/cam/Documents/Projects/ultima-iv-web/vlc-thumbs/work/build/vlc-source/modules/gui/macosx/UI/VLCStatusBarIconMainMenu.xib:PaW-Fe-vxo: note: View is clipping its content [13]
/Users/cam/Documents/Projects/ultima-iv-web/vlc-thumbs/work/build/vlc-source/modules/gui/macosx/UI/VLCStatusBarIconMainMenu.xib:p8X-zU-PwN: note: View is clipping its content [13]
/Users/cam/Documents/Projects/ultima-iv-web/vlc-thumbs/work/build/vlc-source/modules/gui/macosx/UI/VLCStatusBarIconMainMenu.xib:lvI-lN-t4O: note: View is clipping its content [13]
/Users/cam/Documents/Projects/ultima-iv-web/vlc-thumbs/work/build/vlc-source/modules/gui/macosx/UI/VLCStatusBarIconMainMenu.xib:NHj-Vf-SPF: note: View is clipping its content [13]
mkdir -p stream_out/chromecast/3.4
/Users/cam/Documents/Projects/ultima-iv-web/vlc-thumbs/work/build/vlc-source/extras/tools/build/bin/protoc --cpp_out=stream_out/chromecast/3.4 -I/Users/cam/Documents/Projects/ultima-iv-web/vlc-thumbs/work/build/vlc-source/extras/package/macosx/../../../modules/stream_out/chromecast /Users/cam/Documents/Projects/ultima-iv-web/vlc-thumbs/work/build/vlc-source/extras/package/macosx/../../../modules/stream_out/chromecast/cast_channel.proto
touch dummy.cpp
/* com.apple.ibtool.document.notices */
/Users/cam/Documents/Projects/ultima-iv-web/vlc-thumbs/work/build/vlc-source/modules/gui/macosx/UI/SimplePreferences.xib:2367: note: View is clipping its content [13]
/Users/cam/Documents/Projects/ultima-iv-web/vlc-thumbs/work/build/vlc-source/modules/gui/macosx/UI/SimplePreferences.xib:2589: note: View is clipping its content [13]
/Users/cam/Documents/Projects/ultima-iv-web/vlc-thumbs/work/build/vlc-source/modules/gui/macosx/UI/SimplePreferences.xib:3884: note: View is clipping its content [13]
/Users/cam/Documents/Projects/ultima-iv-web/vlc-thumbs/work/build/vlc-source/modules/gui/macosx/UI/SimplePreferences.xib:2800: note: View is clipping its content [13]
/Users/cam/Documents/Projects/ultima-iv-web/vlc-thumbs/work/build/vlc-source/modules/gui/macosx/UI/SimplePreferences.xib:2541: note: View is clipping its content [13]
/Users/cam/Documents/Projects/ultima-iv-web/vlc-thumbs/work/build/vlc-source/modules/gui/macosx/UI/SimplePreferences.xib:2346: note: View is clipping its content [13]
/Users/cam/Documents/Projects/ultima-iv-web/vlc-thumbs/work/build/vlc-source/modules/gui/macosx/UI/SimplePreferences.xib:2336: note: View is clipping its content [13]
/Users/cam/Documents/Projects/ultima-iv-web/vlc-thumbs/work/build/vlc-source/modules/gui/macosx/UI/SimplePreferences.xib:2803: note: View is clipping its content [13]
/Users/cam/Documents/Projects/ultima-iv-web/vlc-thumbs/work/build/vlc-source/modules/gui/macosx/UI/SimplePreferences.xib:2369: note: View is clipping its content [13]
/Users/cam/Documents/Projects/ultima-iv-web/vlc-thumbs/work/build/vlc-source/modules/gui/macosx/UI/SimplePreferences.xib:2587: note: View is clipping its content [13]
/Users/cam/Documents/Projects/ultima-iv-web/vlc-thumbs/work/build/vlc-source/modules/gui/macosx/UI/SimplePreferences.xib:3594: note: View is clipping its content [13]
/Users/cam/Documents/Projects/ultima-iv-web/vlc-thumbs/work/build/vlc-source/modules/gui/macosx/UI/SimplePreferences.xib:2448: note: View is clipping its content [13]
/Users/cam/Documents/Projects/ultima-iv-web/vlc-thumbs/work/build/vlc-source/modules/gui/macosx/UI/SimplePreferences.xib:2468: note: View is clipping its content [13]
/Users/cam/Documents/Projects/ultima-iv-web/vlc-thumbs/work/build/vlc-source/modules/gui/macosx/UI/SimplePreferences.xib:2474: note: View is clipping its content [13]
/Users/cam/Documents/Projects/ultima-iv-web/vlc-thumbs/work/build/vlc-source/modules/gui/macosx/UI/SimplePreferences.xib:3614: note: View is clipping its content [13]
/Users/cam/Documents/Projects/ultima-iv-web/vlc-thumbs/work/build/vlc-source/modules/gui/macosx/UI/SimplePreferences.xib:2530: note: View is clipping its content [13]
/* com.apple.ibtool.document.warnings */
/Users/cam/Documents/Projects/ultima-iv-web/vlc-thumbs/work/build/vlc-source/modules/gui/macosx/UI/SimplePreferences.xib:3542: warning: Allows Logical Layout Direction before OS X 10.8 [5]
/Users/cam/Documents/Projects/ultima-iv-web/vlc-thumbs/work/build/vlc-source/modules/gui/macosx/UI/SimplePreferences.xib:lem-yf-jZB: warning: Allows Logical Layout Direction before OS X 10.8 [5]
/Users/cam/Documents/Projects/ultima-iv-web/vlc-thumbs/work/build/vlc-source/modules/gui/macosx/UI/SimplePreferences.xib:3928: warning: Allows Logical Layout Direction before OS X 10.8 [5]
/Users/cam/Documents/Projects/ultima-iv-web/vlc-thumbs/work/build/vlc-source/modules/gui/macosx/UI/SimplePreferences.xib:i5X-iK-Hbj: warning: Allows Logical Layout Direction before OS X 10.8 [5]
/Users/cam/Documents/Projects/ultima-iv-web/vlc-thumbs/work/build/vlc-source/modules/gui/macosx/UI/SimplePreferences.xib:6mo-Qc-MZV: warning: Allows Logical Layout Direction before OS X 10.8 [5]
/Users/cam/Documents/Projects/ultima-iv-web/vlc-thumbs/work/build/vlc-source/modules/gui/macosx/UI/SimplePreferences.xib:3664: warning: Allows Logical Layout Direction before OS X 10.8 [5]
/Users/cam/Documents/Projects/ultima-iv-web/vlc-thumbs/work/build/vlc-source/modules/gui/macosx/UI/SimplePreferences.xib:3584: warning: Allows Logical Layout Direction before OS X 10.8 [5]
/Users/cam/Documents/Projects/ultima-iv-web/vlc-thumbs/work/build/vlc-source/modules/gui/macosx/UI/SimplePreferences.xib:lpZ-9y-Vfn: warning: Allows Logical Layout Direction before OS X 10.8 [5]
/Users/cam/Documents/Projects/ultima-iv-web/vlc-thumbs/work/build/vlc-source/modules/gui/macosx/UI/SimplePreferences.xib:2451: warning: Allows Logical Layout Direction before OS X 10.8 [5]
/Users/cam/Documents/Projects/ultima-iv-web/vlc-thumbs/work/build/vlc-source/modules/gui/macosx/UI/SimplePreferences.xib:3556: warning: Allows Logical Layout Direction before OS X 10.8 [5]
/Users/cam/Documents/Projects/ultima-iv-web/vlc-thumbs/work/build/vlc-source/modules/gui/macosx/UI/SimplePreferences.xib:2365: warning: Allows Logical Layout Direction before OS X 10.8 [5]
/Users/cam/Documents/Projects/ultima-iv-web/vlc-thumbs/work/build/vlc-source/modules/gui/macosx/UI/SimplePreferences.xib:5Db-fa-Ffw: warning: Allows Logical Layout Direction before OS X 10.8 [5]
/Users/cam/Documents/Projects/ultima-iv-web/vlc-thumbs/work/build/vlc-source/modules/gui/macosx/UI/SimplePreferences.xib:2476: warning: Allows Logical Layout Direction before OS X 10.8 [5]
/Users/cam/Documents/Projects/ultima-iv-web/vlc-thumbs/work/build/vlc-source/modules/gui/macosx/UI/SimplePreferences.xib:3738: warning: Allows Logical Layout Direction before OS X 10.8 [5]
/Users/cam/Documents/Projects/ultima-iv-web/vlc-thumbs/work/build/vlc-source/modules/gui/macosx/UI/SimplePreferences.xib:r3P-eU-tEX: warning: Allows Logical Layout Direction before OS X 10.8 [5]
/Users/cam/Documents/Projects/ultima-iv-web/vlc-thumbs/work/build/vlc-source/modules/gui/macosx/UI/SimplePreferences.xib:3543: warning: Allows Logical Layout Direction before OS X 10.8 [5]
/Users/cam/Documents/Projects/ultima-iv-web/vlc-thumbs/work/build/vlc-source/modules/gui/macosx/UI/SimplePreferences.xib:2448: warning: Allows Logical Layout Direction before OS X 10.8 [5]
/Users/cam/Documents/Projects/ultima-iv-web/vlc-thumbs/work/build/vlc-source/modules/gui/macosx/UI/SimplePreferences.xib:2452: warning: Allows Logical Layout Direction before OS X 10.8 [5]
/Users/cam/Documents/Projects/ultima-iv-web/vlc-thumbs/work/build/vlc-source/modules/gui/macosx/UI/SimplePreferences.xib:2526: warning: Allows Logical Layout Direction before OS X 10.8 [5]
/Users/cam/Documents/Projects/ultima-iv-web/vlc-thumbs/work/build/vlc-source/modules/gui/macosx/UI/SimplePreferences.xib:3728: warning: Allows Logical Layout Direction before OS X 10.8 [5]
/Users/cam/Documents/Projects/ultima-iv-web/vlc-thumbs/work/build/vlc-source/modules/gui/macosx/UI/SimplePreferences.xib:rpy-5O-tek: warning: Allows Logical Layout Direction before OS X 10.8 [5]
/Users/cam/Documents/Projects/ultima-iv-web/vlc-thumbs/work/build/vlc-source/modules/gui/macosx/UI/SimplePreferences.xib:2331: warning: Allows Logical Layout Direction before OS X 10.8 [5]
/Users/cam/Documents/Projects/ultima-iv-web/vlc-thumbs/work/build/vlc-source/modules/gui/macosx/UI/SimplePreferences.xib:3564: warning: Allows Logical Layout Direction before OS X 10.8 [5]
/* com.apple.ibtool.document.notices */
/Users/cam/Documents/Projects/ultima-iv-web/vlc-thumbs/work/build/vlc-source/modules/gui/macosx/UI/VideoEffects.xib:246: note: View is clipping its content [13]
/Users/cam/Documents/Projects/ultima-iv-web/vlc-thumbs/work/build/vlc-source/modules/gui/macosx/UI/VideoEffects.xib:331: note: View is clipping its content [13]
/Users/cam/Documents/Projects/ultima-iv-web/vlc-thumbs/work/build/vlc-source/modules/gui/macosx/UI/VideoEffects.xib:92: note: View is clipping its content [13]
/Users/cam/Documents/Projects/ultima-iv-web/vlc-thumbs/work/build/vlc-source/modules/gui/macosx/UI/VideoEffects.xib:103: note: View is clipping its content [13]
/Users/cam/Documents/Projects/ultima-iv-web/vlc-thumbs/work/build/vlc-source/modules/gui/macosx/UI/VideoEffects.xib:78: note: View is clipping its content [13]
/Users/cam/Documents/Projects/ultima-iv-web/vlc-thumbs/work/build/vlc-source/modules/gui/macosx/UI/VideoEffects.xib:735: note: View is clipping its content [13]
/Users/cam/Documents/Projects/ultima-iv-web/vlc-thumbs/work/build/vlc-source/modules/gui/macosx/UI/VideoEffects.xib:234: note: View is clipping its content [13]
/Users/cam/Documents/Projects/ultima-iv-web/vlc-thumbs/work/build/vlc-source/modules/gui/macosx/UI/VideoEffects.xib:145: note: View is clipping its content [13]
/Users/cam/Documents/Projects/ultima-iv-web/vlc-thumbs/work/build/vlc-source/modules/gui/macosx/UI/VideoEffects.xib:646: note: View is clipping its content [13]
/Users/cam/Documents/Projects/ultima-iv-web/vlc-thumbs/work/build/vlc-source/modules/gui/macosx/UI/VideoEffects.xib:140: note: View is clipping its content [13]
/Users/cam/Documents/Projects/ultima-iv-web/vlc-thumbs/work/build/vlc-source/modules/gui/macosx/UI/VideoEffects.xib:85: note: View is clipping its content [13]
/Users/cam/Documents/Projects/ultima-iv-web/vlc-thumbs/work/build/vlc-source/modules/gui/macosx/UI/VideoEffects.xib:187: note: View is clipping its content [13]
/Users/cam/Documents/Projects/ultima-iv-web/vlc-thumbs/work/build/vlc-source/modules/gui/macosx/UI/VideoEffects.xib:94: note: View is clipping its content [13]
/Users/cam/Documents/Projects/ultima-iv-web/vlc-thumbs/work/build/vlc-source/modules/gui/macosx/UI/VideoEffects.xib:760: note: View is clipping its content [13]
/Users/cam/Documents/Projects/ultima-iv-web/vlc-thumbs/work/build/vlc-source/modules/gui/macosx/UI/VideoEffects.xib:736: note: View is clipping its content [13]
/Users/cam/Documents/Projects/ultima-iv-web/vlc-thumbs/work/build/vlc-source/modules/gui/macosx/UI/VideoEffects.xib:293: note: View is clipping its content [13]
/Users/cam/Documents/Projects/ultima-iv-web/vlc-thumbs/work/build/vlc-source/modules/gui/macosx/UI/VideoEffects.xib:757: note: View is clipping its content [13]
/Users/cam/Documents/Projects/ultima-iv-web/vlc-thumbs/work/build/vlc-source/modules/gui/macosx/UI/VideoEffects.xib:138: note: View is clipping its content [13]
/Users/cam/Documents/Projects/ultima-iv-web/vlc-thumbs/work/build/vlc-source/modules/gui/macosx/UI/VideoEffects.xib:761: note: View is clipping its content [13]
/Users/cam/Documents/Projects/ultima-iv-web/vlc-thumbs/work/build/vlc-source/modules/gui/macosx/UI/VideoEffects.xib:758: note: View is clipping its content [13]
/Users/cam/Documents/Projects/ultima-iv-web/vlc-thumbs/work/build/vlc-source/modules/gui/macosx/UI/VideoEffects.xib:101: note: View is clipping its content [13]
/Users/cam/Documents/Projects/ultima-iv-web/vlc-thumbs/work/build/vlc-source/modules/gui/macosx/UI/VideoEffects.xib:704: note: View is clipping its content [13]
/Users/cam/Documents/Projects/ultima-iv-web/vlc-thumbs/work/build/vlc-source/modules/gui/macosx/UI/VideoEffects.xib:720: note: View is clipping its content [13]
/Users/cam/Documents/Projects/ultima-iv-web/vlc-thumbs/work/build/vlc-source/modules/gui/macosx/UI/VideoEffects.xib:290: note: View is clipping its content [13]
/Users/cam/Documents/Projects/ultima-iv-web/vlc-thumbs/work/build/vlc-source/modules/gui/macosx/UI/VideoEffects.xib:245: note: View is clipping its content [13]
/Users/cam/Documents/Projects/ultima-iv-web/vlc-thumbs/work/build/vlc-source/modules/gui/macosx/UI/VideoEffects.xib:74: note: View is clipping its content [13]
/Users/cam/Documents/Projects/ultima-iv-web/vlc-thumbs/work/build/vlc-source/modules/gui/macosx/UI/VideoEffects.xib:83: note: View is clipping its content [13]
/Users/cam/Documents/Projects/ultima-iv-web/vlc-thumbs/work/build/vlc-source/modules/gui/macosx/UI/VideoEffects.xib:233: note: View is clipping its content [13]
/Users/cam/Documents/Projects/ultima-iv-web/vlc-thumbs/work/build/vlc-source/modules/gui/macosx/UI/VideoEffects.xib:144: note: View is clipping its content [13]
/* com.apple.ibtool.document.warnings */
/Users/cam/Documents/Projects/ultima-iv-web/vlc-thumbs/work/build/vlc-source/modules/gui/macosx/UI/VideoEffects.xib:302: warning: Allows Logical Layout Direction before OS X 10.8 [5]
/Users/cam/Documents/Projects/ultima-iv-web/vlc-thumbs/work/build/vlc-source/modules/gui/macosx/UI/VideoEffects.xib:213: warning: Allows Logical Layout Direction before OS X 10.8 [5]
/Users/cam/Documents/Projects/ultima-iv-web/vlc-thumbs/work/build/vlc-source/modules/gui/macosx/UI/VideoEffects.xib:242: warning: Allows Logical Layout Direction before OS X 10.8 [5]
/Users/cam/Documents/Projects/ultima-iv-web/vlc-thumbs/work/build/vlc-source/modules/gui/macosx/UI/VideoEffects.xib:271: warning: Allows Logical Layout Direction before OS X 10.8 [5]
/Users/cam/Documents/Projects/ultima-iv-web/vlc-thumbs/work/build/vlc-source/modules/gui/macosx/UI/VideoEffects.xib:199: warning: Allows Logical Layout Direction before OS X 10.8 [5]
/Users/cam/Documents/Projects/ultima-iv-web/vlc-thumbs/work/build/vlc-source/modules/gui/macosx/UI/VideoEffects.xib:116: warning: Allows Logical Layout Direction before OS X 10.8 [5]
/Users/cam/Documents/Projects/ultima-iv-web/vlc-thumbs/work/build/vlc-source/modules/gui/macosx/UI/VideoEffects.xib:201: warning: Allows Logical Layout Direction before OS X 10.8 [5]
/Users/cam/Documents/Projects/ultima-iv-web/vlc-thumbs/work/build/vlc-source/modules/gui/macosx/UI/VideoEffects.xib:49: warning: Allows Logical Layout Direction before OS X 10.8 [5]
/Users/cam/Documents/Projects/ultima-iv-web/vlc-thumbs/work/build/vlc-source/modules/gui/macosx/UI/VideoEffects.xib:112: warning: Allows Logical Layout Direction before OS X 10.8 [5]
/Users/cam/Documents/Projects/ultima-iv-web/vlc-thumbs/work/build/vlc-source/modules/gui/macosx/UI/VideoEffects.xib:256: warning: Allows Logical Layout Direction before OS X 10.8 [5]
/Users/cam/Documents/Projects/ultima-iv-web/vlc-thumbs/work/build/vlc-source/modules/gui/macosx/UI/VideoEffects.xib:58: warning: Allows Logical Layout Direction before OS X 10.8 [5]
/Users/cam/Documents/Projects/ultima-iv-web/vlc-thumbs/work/build/vlc-source/modules/gui/macosx/UI/VideoEffects.xib:260: warning: Allows Logical Layout Direction before OS X 10.8 [5]
/Users/cam/Documents/Projects/ultima-iv-web/vlc-thumbs/work/build/vlc-source/modules/gui/macosx/UI/VideoEffects.xib:150: warning: Allows Logical Layout Direction before OS X 10.8 [5]
/Users/cam/Documents/Projects/ultima-iv-web/vlc-thumbs/work/build/vlc-source/modules/gui/macosx/UI/VideoEffects.xib:643: warning: Allows Logical Layout Direction before OS X 10.8 [5]
/Users/cam/Documents/Projects/ultima-iv-web/vlc-thumbs/work/build/vlc-source/modules/gui/macosx/UI/VideoEffects.xib:708: warning: Allows Logical Layout Direction before OS X 10.8 [5]
/Users/cam/Documents/Projects/ultima-iv-web/vlc-thumbs/work/build/vlc-source/modules/gui/macosx/UI/VideoEffects.xib:729: warning: Allows Logical Layout Direction before OS X 10.8 [5]
/Users/cam/Documents/Projects/ultima-iv-web/vlc-thumbs/work/build/vlc-source/modules/gui/macosx/UI/VideoEffects.xib:300: warning: Allows Logical Layout Direction before OS X 10.8 [5]
/Users/cam/Documents/Projects/ultima-iv-web/vlc-thumbs/work/build/vlc-source/modules/gui/macosx/UI/VideoEffects.xib:67: warning: Allows Logical Layout Direction before OS X 10.8 [5]
/Users/cam/Documents/Projects/ultima-iv-web/vlc-thumbs/work/build/vlc-source/modules/gui/macosx/UI/VideoEffects.xib:278: warning: Allows Logical Layout Direction before OS X 10.8 [5]
/Users/cam/Documents/Projects/ultima-iv-web/vlc-thumbs/work/build/vlc-source/modules/gui/macosx/UI/VideoEffects.xib:ABI-av-fGB: warning: Allows Logical Layout Direction before OS X 10.8 [5]
/Users/cam/Documents/Projects/ultima-iv-web/vlc-thumbs/work/build/vlc-source/modules/gui/macosx/UI/VideoEffects.xib:754: warning: Allows Logical Layout Direction before OS X 10.8 [5]
/Users/cam/Documents/Projects/ultima-iv-web/vlc-thumbs/work/build/vlc-source/modules/gui/macosx/UI/VideoEffects.xib:60: warning: Allows Logical Layout Direction before OS X 10.8 [5]
/Users/cam/Documents/Projects/ultima-iv-web/vlc-thumbs/work/build/vlc-source/modules/gui/macosx/UI/VideoEffects.xib:258: warning: Allows Logical Layout Direction before OS X 10.8 [5]
/Users/cam/Documents/Projects/ultima-iv-web/vlc-thumbs/work/build/vlc-source/modules/gui/macosx/UI/VideoEffects.xib:110: warning: Allows Logical Layout Direction before OS X 10.8 [5]
/Users/cam/Documents/Projects/ultima-iv-web/vlc-thumbs/work/build/vlc-source/modules/gui/macosx/UI/VideoEffects.xib:204: warning: Allows Logical Layout Direction before OS X 10.8 [5]
/Users/cam/Documents/Projects/ultima-iv-web/vlc-thumbs/work/build/vlc-source/modules/gui/macosx/UI/VideoEffects.xib:46: warning: Allows Logical Layout Direction before OS X 10.8 [5]
/Users/cam/Documents/Projects/ultima-iv-web/vlc-thumbs/work/build/vlc-source/modules/gui/macosx/UI/VideoEffects.xib:123: warning: Allows Logical Layout Direction before OS X 10.8 [5]
/Users/cam/Documents/Projects/ultima-iv-web/vlc-thumbs/work/build/vlc-source/modules/gui/macosx/UI/VideoEffects.xib:217: warning: Allows Logical Layout Direction before OS X 10.8 [5]
/Users/cam/Documents/Projects/ultima-iv-web/vlc-thumbs/work/build/vlc-source/modules/gui/macosx/UI/VideoEffects.xib:254: warning: Allows Logical Layout Direction before OS X 10.8 [5]
/Applications/Xcode.app/Contents/Developer/usr/bin/make  all-recursive
Making all in .
  CC       access/libcdda_plugin_la-cdda.lo
  CC       access/libdvdnav_plugin_la-dvdnav.lo
  CC       access/libdvdread_plugin_la-dvdread.lo
  CC       access/liblibbluray_plugin_la-bluray.lo
  CC       access/ftp.lo
  CC       access/http.lo
  CXX      access/liblive555_plugin_la-live555.lo
In file included from /Users/cam/Documents/Projects/ultima-iv-web/vlc-thumbs/work/build/vlc-source/extras/package/macosx/../../../modules/access/live555.cpp:32:
In file included from ../config.h:1000:
In file included from /Users/cam/Documents/Projects/ultima-iv-web/vlc-thumbs/work/build/vlc-source/extras/package/macosx/../../../include/vlc_fixups.h:97:
In file included from /Applications/Xcode.app/Contents/Developer/Platforms/MacOSX.platform/Developer/SDKs/MacOSX.sdk/usr/include/c++/v1/stddef.h:30:
In file included from /Applications/Xcode.app/Contents/Developer/Platforms/MacOSX.platform/Developer/SDKs/MacOSX.sdk/usr/include/c++/v1/__config:15:
/Applications/Xcode.app/Contents/Developer/Platforms/MacOSX.platform/Developer/SDKs/MacOSX.sdk/usr/include/c++/v1/__configuration/availability.h:204:4: warning: "The selected platform is no longer supported by libc++." [-W#warnings]
  204 | #  warning "The selected platform is no longer supported by libc++."
      |    ^
  CC       access/mms/libaccess_mms_plugin_la-mms.lo
  CC       access/mms/libaccess_mms_plugin_la-mmsh.lo
  CC       access/mms/libaccess_mms_plugin_la-mmstu.lo
/Users/cam/Documents/Projects/ultima-iv-web/vlc-thumbs/work/build/vlc-source/extras/package/macosx/../../../modules/access/live555.cpp:1567:33: warning: implicit conversion from 'long long' to 'double' changes value from 9223372036854775807 to 9223372036854775808 [-Wimplicit-const-int-float-conversion]
 1567 |                 if( d_length >= INT64_MAX )
      |                              ~~ ^~~~~~~~~
/Applications/Xcode.app/Contents/Developer/Platforms/MacOSX.platform/Developer/SDKs/MacOSX.sdk/usr/include/stdint.h:94:26: note: expanded from macro 'INT64_MAX'
   94 | #define INT64_MAX        9223372036854775807LL
      |                          ^~~~~~~~~~~~~~~~~~~~~
  CC       access/mms/libaccess_mms_plugin_la-buffer.lo
  CC       access/mms/libaccess_mms_plugin_la-asf.lo
  CC       access/tcp.lo
  CC       access/udp.lo
2 warnings generated.
  CC       access/libsftp_plugin_la-sftp.lo
  CC       access/libnfs_plugin_la-nfs.lo
  CC       access/satip.lo
  CC       access/concat.lo
  CC       access/libaccess_srt_plugin_la-srt.lo
  CC       access/libaccess_srt_plugin_la-srt_common.lo
  CXX      libaccess_srt_plugin_la-dummy.lo
  CC       access/librist_plugin_la-rist.lo
  CC       access/libaccess_output_srt_plugin_la-srt_common.lo
  CXX      libaccess_output_srt_plugin_la-dummy.lo
  CC       codec/libmad_plugin_la-mad.lo
  CC       codec/libcvpx_plugin_la-vt_utils.lo
  CC       video_chroma/libcvpx_plugin_la-cvpx.lo
  CC       codec/ddummy.lo
  CC       codec/edummy.lo
  CC       codec/spdif.lo
  CC       codec/adpcm.lo
  CC       codec/aes3.lo
  CC       codec/araw.lo
  CC       codec/libfaad_plugin_la-faad.lo
  CC       codec/g711.lo
In file included from /Users/cam/Documents/Projects/ultima-iv-web/vlc-thumbs/work/build/vlc-source/extras/package/macosx/../../../modules/codec/faad.c:44:
/Users/cam/Documents/Projects/ultima-iv-web/vlc-thumbs/work/build/vlc-source/contrib/aarch64-apple-darwin27/include/faad.h:31:9: warning: please update faad2 include filename and function names! [-W#pragma-messages]
   31 | #pragma message("please update faad2 include filename and function names!")
      |         ^
  CC       codec/audiotoolbox_midi.lo
  CC       codec/lpcm.lo
1 warning generated.
  CC       codec/libmpg123_plugin_la-mpg123.lo
/Users/cam/Documents/Projects/ultima-iv-web/vlc-thumbs/work/build/vlc-source/extras/package/macosx/../../../modules/codec/audiotoolbox_midi.c:389:14: warning: unused variable 'status' [-Wunused-variable]
  389 |     OSStatus status = noErr;
      |              ^~~~~~
  CC       codec/uleaddvaudio.lo
1 warning generated.
  CC       codec/cdg.lo
  CC       codec/rawvideo.lo
  CC       codec/rtpvideo.lo
  CC       codec/png.lo
  CC       codec/jpeg.lo
  CC       codec/liblibass_plugin_la-libass.lo
  CC       codec/cc.lo
  CC       codec/cea708.lo
In file included from /Users/cam/Documents/Projects/ultima-iv-web/vlc-thumbs/work/build/vlc-source/extras/package/macosx/../../../modules/codec/jpeg.c:32:
In file included from /Users/cam/Documents/Projects/ultima-iv-web/vlc-thumbs/work/build/vlc-source/contrib/aarch64-apple-darwin27/include/jpeglib.h:25:
/Users/cam/Documents/Projects/ultima-iv-web/vlc-thumbs/work/build/vlc-source/contrib/aarch64-apple-darwin27/include/jconfig.h:83:9: warning: 'PACKAGE' macro redefined [-Wmacro-redefined]
   83 | #define PACKAGE "libjpeg"
      |         ^
../config.h:742:9: note: previous definition is here
  742 | #define PACKAGE "vlc"
      |         ^
In file included from /Users/cam/Documents/Projects/ultima-iv-web/vlc-thumbs/work/build/vlc-source/extras/package/macosx/../../../modules/codec/jpeg.c:32:
In file included from /Users/cam/Documents/Projects/ultima-iv-web/vlc-thumbs/work/build/vlc-source/contrib/aarch64-apple-darwin27/include/jpeglib.h:25:
/Users/cam/Documents/Projects/ultima-iv-web/vlc-thumbs/work/build/vlc-source/contrib/aarch64-apple-darwin27/include/jconfig.h:89:9: warning: 'PACKAGE_NAME' macro redefined [-Wmacro-redefined]
   89 | #define PACKAGE_NAME "libjpeg"
      |         ^
../config.h:748:9: note: previous definition is here
  748 | #define PACKAGE_NAME "vlc"
      |         ^
In file included from /Users/cam/Documents/Projects/ultima-iv-web/vlc-thumbs/work/build/vlc-source/extras/package/macosx/../../../modules/codec/jpeg.c:32:
In file included from /Users/cam/Documents/Projects/ultima-iv-web/vlc-thumbs/work/build/vlc-source/contrib/aarch64-apple-darwin27/include/jpeglib.h:25:
/Users/cam/Documents/Projects/ultima-iv-web/vlc-thumbs/work/build/vlc-source/contrib/aarch64-apple-darwin27/include/jconfig.h:92:9: warning: 'PACKAGE_STRING' macro redefined [-Wmacro-redefined]
   92 | #define PACKAGE_STRING "libjpeg 10.0.0"
      |         ^
../config.h:751:9: note: previous definition is here
  751 | #define PACKAGE_STRING "vlc 3.0.24"
      |         ^
In file included from /Users/cam/Documents/Projects/ultima-iv-web/vlc-thumbs/work/build/vlc-source/extras/package/macosx/../../../modules/codec/jpeg.c:32:
In file included from /Users/cam/Documents/Projects/ultima-iv-web/vlc-thumbs/work/build/vlc-source/contrib/aarch64-apple-darwin27/include/jpeglib.h:25:
/Users/cam/Documents/Projects/ultima-iv-web/vlc-thumbs/work/build/vlc-source/contrib/aarch64-apple-darwin27/include/jconfig.h:95:9: warning: 'PACKAGE_TARNAME' macro redefined [-Wmacro-redefined]
   95 | #define PACKAGE_TARNAME "libjpeg"
      |         ^
../config.h:754:9: note: previous definition is here
  754 | #define PACKAGE_TARNAME "vlc"
      |         ^
In file included from /Users/cam/Documents/Projects/ultima-iv-web/vlc-thumbs/work/build/vlc-source/extras/package/macosx/../../../modules/codec/jpeg.c:32:
In file included from /Users/cam/Documents/Projects/ultima-iv-web/vlc-thumbs/work/build/vlc-source/contrib/aarch64-apple-darwin27/include/jpeglib.h:25:
/Users/cam/Documents/Projects/ultima-iv-web/vlc-thumbs/work/build/vlc-source/contrib/aarch64-apple-darwin27/include/jconfig.h:101:9: warning: 'PACKAGE_VERSION' macro redefined [-Wmacro-redefined]
  101 | #define PACKAGE_VERSION "10.0.0"
      |         ^
../config.h:760:9: note: previous definition is here
  760 | #define PACKAGE_VERSION "3.0.24"
      |         ^
In file included from /Users/cam/Documents/Projects/ultima-iv-web/vlc-thumbs/work/build/vlc-source/extras/package/macosx/../../../modules/codec/jpeg.c:32:
In file included from /Users/cam/Documents/Projects/ultima-iv-web/vlc-thumbs/work/build/vlc-source/contrib/aarch64-apple-darwin27/include/jpeglib.h:25:
/Users/cam/Documents/Projects/ultima-iv-web/vlc-thumbs/work/build/vlc-source/contrib/aarch64-apple-darwin27/include/jconfig.h:112:9: warning: 'VERSION' macro redefined [-Wmacro-redefined]
  112 | #define VERSION "10.0.0"
      |         ^
../config.h:874:9: note: previous definition is here
  874 | #define VERSION "3.0.24"
      |         ^
/Users/cam/Documents/Projects/ultima-iv-web/vlc-thumbs/work/build/vlc-source/extras/package/macosx/../../../modules/codec/libass.c:451:9: warning: 'ass_set_aspect_ratio' is deprecated: use 'ass_set_pixel_aspect' instead [-Wdeprecated-declarations]
  451 |         ass_set_aspect_ratio( p_sys->p_renderer, dst_ratio / src_ratio, 1 );
      |         ^
/Users/cam/Documents/Projects/ultima-iv-web/vlc-thumbs/work/build/vlc-source/contrib/aarch64-apple-darwin27/include/ass/ass.h:495:1: note: 'ass_set_aspect_ratio' has been explicitly marked deprecated here
  495 | ASS_DEPRECATED("use 'ass_set_pixel_aspect' instead")
      | ^
/Users/cam/Documents/Projects/ultima-iv-web/vlc-thumbs/work/build/vlc-source/contrib/aarch64-apple-darwin27/include/ass/ass.h:35:52: note: expanded from macro 'ASS_DEPRECATED'
   35 |         #define ASS_DEPRECATED(msg) __attribute__((deprecated(msg)))
      |                                                    ^
/Users/cam/Documents/Projects/ultima-iv-web/vlc-thumbs/work/build/vlc-source/extras/package/macosx/../../../modules/codec/libass.c:496:24: warning: variable length array folded to constant array as an extension [-Wgnu-folding-constant]
  496 |     rectangle_t region[i_max_region];
      |                        ^~~~~~~~~~~~
/Users/cam/Documents/Projects/ultima-iv-web/vlc-thumbs/work/build/vlc-source/extras/package/macosx/../../../modules/codec/cc.c:1113:19: warning: variable length array folded to constant array as an extension [-Wgnu-folding-constant]
 1113 |     char psz_text[i_text_max + 1];
      |                   ^~~~~~~~~~~~~~
6 warnings generated.
/Users/cam/Documents/Projects/ultima-iv-web/vlc-thumbs/work/build/vlc-source/extras/package/macosx/../../../modules/codec/cea708.c:1679:18: warning: variable 'i_ret' is used uninitialized whenever 'if' condition is false [-Wsometimes-uninitialized]
 1679 |         else if( c > 0x9F )
      |                  ^~~~~~~~
/Users/cam/Documents/Projects/ultima-iv-web/vlc-thumbs/work/build/vlc-source/extras/package/macosx/../../../modules/codec/cea708.c:1682:13: note: uninitialized use occurs here
 1682 |         if( i_ret & CEA708_STATUS_OUTPUT )
      |             ^~~~~
/Users/cam/Documents/Projects/ultima-iv-web/vlc-thumbs/work/build/vlc-source/extras/package/macosx/../../../modules/codec/cea708.c:1679:14: note: remove the 'if' if its condition is always true
 1679 |         else if( c > 0x9F )
      |              ^~~~~~~~~~~~~~
 1680 |             i_ret = CEA708_Decode_G1( c, h );
/Users/cam/Documents/Projects/ultima-iv-web/vlc-thumbs/work/build/vlc-source/extras/package/macosx/../../../modules/codec/cea708.c:1670:18: note: initialize the variable 'i_ret' to silence this warning
 1670 |         int i_ret;
      |                  ^
      |                   = 0
  CC       codec/cvdsub.lo
2 warnings generated.
  CC       codec/dvbsub.lo
1 warning generated.
  CC       codec/scte18.lo
  CC       codec/atsc_a65.lo
1 warning generated.
  CC       codec/scte27.lo
  CC       codec/stl.lo
  CC       codec/subsdec.lo
  CC       codec/subsusf.lo
  CC       codec/ttml/ttml.lo
  CC       demux/libwebvtt_plugin_la-webvtt.lo
  CC       codec/webvtt/libwebvtt_plugin_la-CSSGrammar.lo
/Users/cam/Documents/Projects/ultima-iv-web/vlc-thumbs/work/build/vlc-source/extras/package/macosx/../../../modules/demux/webvtt.c:348:79: warning: unused parameter 'i_end' [-Wunused-parameter]
  348 | static block_t *demux_Range( demux_t *p_demux, vlc_tick_t i_start, vlc_tick_t i_end )
      |                                                                               ^
  LEX      codec/webvtt/CSSLexer.c
1 warning generated.
codec/webvtt/CSSGrammar.c:1533:9: warning: variable 'cssnerrs' set but not used [-Wunused-but-set-variable]
 1533 |     int yynerrs = 0;
      |         ^
codec/webvtt/CSSGrammar.c:73:25: note: expanded from macro 'yynerrs'
   73 | #define yynerrs         cssnerrs
      |                         ^
  CC       codec/webvtt/libwebvtt_plugin_la-css_parser.lo
1 warning generated.
  CC       codec/webvtt/libwebvtt_plugin_la-css_style.lo
  CC       codec/svcdsub.lo
  CC       codec/t140.lo
  CC       codec/telx.lo
  CC       codec/textst.lo
  CC       codec/libzvbi_plugin_la-zvbi.lo
  CC       codec/substx3g.lo
  CC       codec/libflac_plugin_la-flac.lo
  CC       codec/libkate_plugin_la-kate.lo
  CC       codec/libopus_plugin_la-opus.lo
  CC       codec/libopus_plugin_la-opus_header.lo
  CC       codec/libspeex_plugin_la-speex.lo
  CC       codec/libtheora_plugin_la-theora.lo
  CC       codec/libvorbis_plugin_la-vorbis.lo
  CC       codec/liboggspots_plugin_la-oggspots.lo
/Users/cam/Documents/Projects/ultima-iv-web/vlc-thumbs/work/build/vlc-source/extras/package/macosx/../../../modules/codec/oggspots.c:394:5: warning: ignoring return value of function declared with 'warn_unused_result' attribute [-Wunused-result]
  394 |     decoder_UpdateVideoFormat(p_dec);
      |     ^~~~~~~~~~~~~~~~~~~~~~~~~ ~~~~~
  CC       codec/vt_utils.lo
  OBJC     codec/libvideotoolbox_plugin_la-videotoolbox.lo
1 warning generated.
  CC       codec/hxxx_helper.lo
  CC       packetizer/hxxx_nal.lo
  CC       packetizer/hxxx_sei.lo
/Users/cam/Documents/Projects/ultima-iv-web/vlc-thumbs/work/build/vlc-source/extras/package/macosx/../../../modules/packetizer/hxxx_sei.c:57:32: warning: comparison of integers of different signs: 'int' and 'unsigned long' [-Wsign-compare]
   57 |     if (bs_remain(&s_ep3b) / 8 > sizeof(buf))
      |         ~~~~~~~~~~~~~~~~~~~~~~ ^ ~~~~~~~~~~~
  CC       packetizer/h264_slice.lo
  CC       packetizer/h264_nal.lo
1 warning generated.
  CC       packetizer/hevc_nal.lo
  CC       codec/avcodec/libavcodec_plugin_la-video.lo
/Users/cam/Documents/Projects/ultima-iv-web/vlc-thumbs/work/build/vlc-source/extras/package/macosx/../../../modules/codec/avcodec/video.c:759:35: warning: unused parameter 'obj' [-Wunused-parameter]
  759 | int InitVideoHwDec( vlc_object_t *obj )
      |                                   ^
/Users/cam/Documents/Projects/ultima-iv-web/vlc-thumbs/work/build/vlc-source/extras/package/macosx/../../../modules/codec/avcodec/video.c:700:12: warning: unused function 'ExtractAV1Profile' [-Wunused-function]
  700 | static int ExtractAV1Profile(AVCodecContext *p_context, const es_format_t *fmt_in, decoder_sys_t *p_sys)
      |            ^~~~~~~~~~~~~~~~~
2 warnings generated.
  CC       codec/avcodec/libavcodec_plugin_la-subtitle.lo
  CC       codec/avcodec/libavcodec_plugin_la-audio.lo
  CC       codec/avcodec/libavcodec_plugin_la-va.lo
  CC       codec/avcodec/libavcodec_plugin_la-avcodec.lo
  CC       packetizer/libavcodec_plugin_la-av1_obu.lo
  CC       codec/avcodec/libavcodec_plugin_la-encoder.lo
  CC       access/libavcodec_plugin_la-avio.lo
  CC       packetizer/libavcodec_plugin_la-avparser.lo
  CC       demux/avformat/libavcodec_plugin_la-mux.lo
  CC       codec/avcodec/libavcodec_common_la-fourcc.lo
  CC       codec/avcodec/libavcodec_common_la-chroma.lo
  CC       codec/libx265_plugin_la-x265.lo
  CC       codec/libx264_plugin_la-x264.lo
  CC       codec/libx26410b_plugin_la-x264.lo
In file included from /Users/cam/Documents/Projects/ultima-iv-web/vlc-thumbs/work/build/vlc-source/extras/package/macosx/../../../modules/codec/x265.c:37:
/Users/cam/Documents/Projects/ultima-iv-web/vlc-thumbs/work/build/vlc-source/contrib/aarch64-apple-darwin27/include/x265.h:35:5: warning: '_MSC_VER' is not defined, evaluates to 0 [-Wundef]
   35 | #if _MSC_VER
      |     ^
/Users/cam/Documents/Projects/ultima-iv-web/vlc-thumbs/work/build/vlc-source/contrib/aarch64-apple-darwin27/include/x265.h:186:5: warning: 'X265_DEPTH' is not defined, evaluates to 0 [-Wundef]
  186 | #if X265_DEPTH < 10
      |     ^
/Users/cam/Documents/Projects/ultima-iv-web/vlc-thumbs/work/build/vlc-source/contrib/aarch64-apple-darwin27/include/x265.h:643:5: warning: 'ENABLE_MULTIVIEW' is not defined, evaluates to 0 [-Wundef]
  643 | #if ENABLE_MULTIVIEW
      |     ^
/Users/cam/Documents/Projects/ultima-iv-web/vlc-thumbs/work/build/vlc-source/contrib/aarch64-apple-darwin27/include/x265.h:650:5: warning: 'ENABLE_ALPHA' is not defined, evaluates to 0 [-Wundef]
  650 | #if ENABLE_ALPHA
      |     ^
/Users/cam/Documents/Projects/ultima-iv-web/vlc-thumbs/work/build/vlc-source/contrib/aarch64-apple-darwin27/include/x265.h:656:5: warning: 'ENABLE_ALPHA' is not defined, evaluates to 0 [-Wundef]
  656 | #if ENABLE_ALPHA || ENABLE_MULTIVIEW
      |     ^
/Users/cam/Documents/Projects/ultima-iv-web/vlc-thumbs/work/build/vlc-source/contrib/aarch64-apple-darwin27/include/x265.h:656:21: warning: 'ENABLE_MULTIVIEW' is not defined, evaluates to 0 [-Wundef]
  656 | #if ENABLE_ALPHA || ENABLE_MULTIVIEW
      |                     ^
/Users/cam/Documents/Projects/ultima-iv-web/vlc-thumbs/work/build/vlc-source/contrib/aarch64-apple-darwin27/include/x265.h:665:5: warning: 'ENABLE_SCC_EXT' is not defined, evaluates to 0 [-Wundef]
  665 | #if ENABLE_SCC_EXT
      |     ^
/Users/cam/Documents/Projects/ultima-iv-web/vlc-thumbs/work/build/vlc-source/contrib/aarch64-apple-darwin27/include/x265.h:2400:5: warning: 'ENABLE_SCC_EXT' is not defined, evaluates to 0 [-Wundef]
 2400 | #if ENABLE_SCC_EXT
      |     ^
/Users/cam/Documents/Projects/ultima-iv-web/vlc-thumbs/work/build/vlc-source/contrib/aarch64-apple-darwin27/include/x265.h:2618:5: warning: 'ENABLE_LIBVMAF' is not defined, evaluates to 0 [-Wundef]
 2618 | #if ENABLE_LIBVMAF
      |     ^
/Users/cam/Documents/Projects/ultima-iv-web/vlc-thumbs/work/build/vlc-source/contrib/aarch64-apple-darwin27/include/x265.h:2690:5: warning: 'ENABLE_LIBVMAF' is not defined, evaluates to 0 [-Wundef]
 2690 | #if ENABLE_LIBVMAF
      |     ^
  CC       codec/libvpx_plugin_la-vpx.lo
10 warnings generated.
  CC       codec/libaom_plugin_la-aom.lo
  CC       codec/libtwolame_plugin_la-twolame.lo
  CC       codec/libdav1d_plugin_la-dav1d.lo
  CC       demux/libflacsys_plugin_la-flac.lo
  CC       demux/xiph_metadata.lo
  CC       demux/libogg_plugin_la-ogg.lo
  CC       demux/libogg_plugin_la-oggseek.lo
/Users/cam/Documents/Projects/ultima-iv-web/vlc-thumbs/work/build/vlc-source/extras/package/macosx/../../../modules/demux/flac.c:231:17: warning: unused variable 'i_ret' [-Wunused-variable]
  231 |             int i_ret = FLAC_ParseSyncInfo( p_block->p_buffer, p_block->i_buffer,
      |                 ^~~~~
/Users/cam/Documents/Projects/ultima-iv-web/vlc-thumbs/work/build/vlc-source/extras/package/macosx/../../../modules/demux/flac.c:276:5: warning: expression result unused [-Wunused-value]
  276 |     (int) vlc_stream_Control( p_demux->s, STREAM_CAN_FASTSEEK, &b_canfastseek );
      |     ^     ~~~~~~~~~~~~~~~~~~~~~~~~~~~~~~~~~~~~~~~~~~~~~~~~~~~~~~~~~~~~~~~~~~~~~
/Users/cam/Documents/Projects/ultima-iv-web/vlc-thumbs/work/build/vlc-source/extras/package/macosx/../../../modules/demux/oggseek.c:310:5: warning: ignoring return value of function declared with 'warn_unused_result' attribute [-Wunused-result]
  310 |     vlc_stream_Seek( p_demux->s, i_backup_pos );
      |     ^~~~~~~~~~~~~~~  ~~~~~~~~~~~~~~~~~~~~~~~~
/Users/cam/Documents/Projects/ultima-iv-web/vlc-thumbs/work/build/vlc-source/extras/package/macosx/../../../modules/demux/oggseek.c:961:13: warning: variable 'i_pagepos' set but not used [-Wunused-but-set-variable]
  961 |     int64_t i_pagepos;
      |             ^
/Users/cam/Documents/Projects/ultima-iv-web/vlc-thumbs/work/build/vlc-source/extras/package/macosx/../../../modules/demux/oggseek.c:1082:9: warning: ignoring return value of function declared with 'warn_unused_result' attribute [-Wunused-result]
 1082 |         vlc_stream_Seek( p_demux->s, i_in_pos );
      |         ^~~~~~~~~~~~~~~  ~~~~~~~~~~~~~~~~~~~~
/Users/cam/Documents/Projects/ultima-iv-web/vlc-thumbs/work/build/vlc-source/extras/package/macosx/../../../modules/demux/oggseek.c:1091:9: warning: ignoring return value of function declared with 'warn_unused_result' attribute [-Wunused-result]
 1091 |         vlc_stream_Seek( p_demux->s, i_in_pos );
      |         ^~~~~~~~~~~~~~~  ~~~~~~~~~~~~~~~~~~~~
/Users/cam/Documents/Projects/ultima-iv-web/vlc-thumbs/work/build/vlc-source/extras/package/macosx/../../../modules/demux/ogg.c:1360:45: warning: subscript of a pointer to void is a GNU extension [-Wgnu-pointer-arith]
 1360 |                 memcpy( &p_stream->p_headers[p_stream->i_headers], p_oggpacket->packet, p_oggpacket->bytes );
      |                          ~~~~~~~~~~~~~~~~~~~^
/Applications/Xcode.app/Contents/Developer/Platforms/MacOSX.platform/Developer/SDKs/MacOSX.sdk/usr/include/secure/_string.h:234:40: note: expanded from macro 'memcpy'
  234 | #define memcpy(...) __memcpy_chk_func (__VA_ARGS__)
      |                                        ^~~~~~~~~~~
/Applications/Xcode.app/Contents/Developer/Platforms/MacOSX.platform/Developer/SDKs/MacOSX.sdk/usr/include/secure/_string.h:127:27: note: expanded from macro '__memcpy_chk_func'
  127 |                 __builtin___memcpy_chk (dest, __VA_ARGS__, __darwin_obsz0 (dest))
      |                                         ^~~~
/Users/cam/Documents/Projects/ultima-iv-web/vlc-thumbs/work/build/vlc-source/extras/package/macosx/../../../modules/demux/ogg.c:1360:45: warning: subscript of a pointer to void is a GNU extension [-Wgnu-pointer-arith]
 1360 |                 memcpy( &p_stream->p_headers[p_stream->i_headers], p_oggpacket->packet, p_oggpacket->bytes );
      |                          ~~~~~~~~~~~~~~~~~~~^
/Applications/Xcode.app/Contents/Developer/Platforms/MacOSX.platform/Developer/SDKs/MacOSX.sdk/usr/include/secure/_string.h:234:40: note: expanded from macro 'memcpy'
  234 | #define memcpy(...) __memcpy_chk_func (__VA_ARGS__)
      |                                        ^~~~~~~~~~~
/Applications/Xcode.app/Contents/Developer/Platforms/MacOSX.platform/Developer/SDKs/MacOSX.sdk/usr/include/secure/_string.h:127:62: note: expanded from macro '__memcpy_chk_func'
  127 |                 __builtin___memcpy_chk (dest, __VA_ARGS__, __darwin_obsz0 (dest))
      |                                                                            ^~~~
/Applications/Xcode.app/Contents/Developer/Platforms/MacOSX.platform/Developer/SDKs/MacOSX.sdk/usr/include/secure/_common.h:40:55: note: expanded from macro '__darwin_obsz0'
   40 | #define __darwin_obsz0(object) __builtin_object_size (object, 0)
      |                                                       ^~~~~~
/Users/cam/Documents/Projects/ultima-iv-web/vlc-thumbs/work/build/vlc-source/extras/package/macosx/../../../modules/demux/ogg.c:3161:31: warning: passing 'unsigned char *' to parameter of type 'const char *' converts between pointers to integer types where one is of the unique plain 'char' type and the other is not [-Wpointer-sign]
 3161 |         strncpy(debug_string, &p_oggpacket->packet[42], __MIN(value_size, 31));
      |                               ^~~~~~~~~~~~~~~~~~~~~~~~
/Applications/Xcode.app/Contents/Developer/Platforms/MacOSX.platform/Developer/SDKs/MacOSX.sdk/usr/include/secure/_string.h:259:42: note: expanded from macro 'strncpy'
  259 | #define strncpy(...) __strncpy_chk_func (__VA_ARGS__)
      |                                          ^~~~~~~~~~~
/Applications/Xcode.app/Contents/Developer/Platforms/MacOSX.platform/Developer/SDKs/MacOSX.sdk/usr/include/secure/_string.h:147:34: note: expanded from macro '__strncpy_chk_func'
  147 |                 __builtin___strncpy_chk (dest, __VA_ARGS__, __darwin_obsz (dest))
      |                                                ^~~~~~~~~~~
/Users/cam/Documents/Projects/ultima-iv-web/vlc-thumbs/work/build/vlc-source/extras/package/macosx/../../../modules/demux/ogg.c:3289:14: warning: variable 'i_offset' set but not used [-Wunused-but-set-variable]
 3289 |     uint64_t i_offset = 0;
      |              ^
/Users/cam/Documents/Projects/ultima-iv-web/vlc-thumbs/work/build/vlc-source/extras/package/macosx/../../../modules/demux/ogg.c:3290:14: warning: variable 'i_time' set but not used [-Wunused-but-set-variable]
 3290 |     uint64_t i_time = 0;
      |              ^
  CC       demux/demuxdump.lo
2 warnings generated.
  CC       demux/rawdv.lo
4 warnings generated.
  CC       demux/rawvid.lo
  CC       demux/au.lo
  CC       demux/rawaud.lo
  CC       demux/wav.lo
  CC       demux/nsv.lo
  CC       demux/real.lo
  CC       demux/libmod_plugin_la-mod.lo
  CC       demux/pva.lo
  CC       demux/aiff.lo
  CC       demux/mjpeg.lo
  CC       demux/subtitle.lo
5 warnings generated.
  CC       demux/ty.lo
  CC       demux/vobsub.lo
  CC       demux/voc.lo
  CC       demux/xa.lo
  CC       demux/nuv.lo
  CC       demux/nsc.lo
  CC       demux/mpc.lo
/Users/cam/Documents/Projects/ultima-iv-web/vlc-thumbs/work/build/vlc-source/extras/package/macosx/../../../modules/demux/nuv.c:531:52: warning: comparison of integers of different signs: 'uint64_t' (aka 'unsigned long long') and 'int' [-Wsign-compare]
  531 |             else if( vlc_stream_Tell( p_demux->s ) > p_sys->i_first_frame_offset )
      |                      ~~~~~~~~~~~~~~~~~~~~~~~~~~~~~ ^ ~~~~~~~~~~~~~~~~~~~~~~~~~~~
/Users/cam/Documents/Projects/ultima-iv-web/vlc-thumbs/work/build/vlc-source/extras/package/macosx/../../../modules/demux/nuv.c:569:19: warning: comparison of integers of different signs: 'int64_t' (aka 'long long') and 'uint64_t' (aka 'unsigned long long') [-Wsign-compare]
  569 |         if( i_pos > vlc_stream_Tell( p_demux->s ) )
      |             ~~~~~ ^ ~~~~~~~~~~~~~~~~~~~~~~~~~~~~~
/Users/cam/Documents/Projects/ultima-iv-web/vlc-thumbs/work/build/vlc-source/extras/package/macosx/../../../modules/demux/nuv.c:762:9: warning: ignoring return value of function declared with 'warn_unused_result' attribute [-Wunused-result]
  762 |         vlc_stream_Seek( p_demux->s, i_original_pos );
      |         ^~~~~~~~~~~~~~~  ~~~~~~~~~~~~~~~~~~~~~~~~~~
3 warnings generated.
  CC       demux/tta.lo
  CC       demux/vc1.lo
  CC       demux/libdemux_cdg_plugin_la-cdg.lo
  CC       demux/smf.lo
  CC       demux/dmxmus.lo
  CC       demux/gme.lo
  CXX      demux/sid.lo
  CC       demux/libdiracsys_plugin_la-dirac.lo
  CC       demux/image.lo
In file included from /Users/cam/Documents/Projects/ultima-iv-web/vlc-thumbs/work/build/vlc-source/extras/package/macosx/../../../modules/demux/sid.cpp:33:
In file included from ../config.h:1000:
In file included from /Users/cam/Documents/Projects/ultima-iv-web/vlc-thumbs/work/build/vlc-source/extras/package/macosx/../../../include/vlc_fixups.h:97:
In file included from /Applications/Xcode.app/Contents/Developer/Platforms/MacOSX.platform/Developer/SDKs/MacOSX.sdk/usr/include/c++/v1/stddef.h:30:
In file included from /Applications/Xcode.app/Contents/Developer/Platforms/MacOSX.platform/Developer/SDKs/MacOSX.sdk/usr/include/c++/v1/__config:15:
/Applications/Xcode.app/Contents/Developer/Platforms/MacOSX.platform/Developer/SDKs/MacOSX.sdk/usr/include/c++/v1/__configuration/availability.h:204:4: warning: "The selected platform is no longer supported by libc++." [-W#warnings]
  204 | #  warning "The selected platform is no longer supported by libc++."
      |    ^
  CC       demux/libdemux_stl_plugin_la-stl.lo
/Users/cam/Documents/Projects/ultima-iv-web/vlc-thumbs/work/build/vlc-source/extras/package/macosx/../../../modules/demux/image.c:442:5: warning: ignoring return value of function declared with 'warn_unused_result' attribute [-Wunused-result]
  442 |     vlc_stream_Seek(s, 20);
      |     ^~~~~~~~~~~~~~~ ~~~~~
/Users/cam/Documents/Projects/ultima-iv-web/vlc-thumbs/work/build/vlc-source/extras/package/macosx/../../../modules/demux/image.c:577:5: warning: ignoring return value of function declared with 'warn_unused_result' attribute [-Wunused-result]
  577 |     vlc_stream_Seek(s, position);
      |     ^~~~~~~~~~~~~~~ ~~~~~~~~~~~
  CC       demux/caf.lo
2 warnings generated.
  CC       demux/directory.lo
  CC       demux/mpeg/es.lo
  CC       demux/mpeg/h26x.lo
In file included from /Users/cam/Documents/Projects/ultima-iv-web/vlc-thumbs/work/build/vlc-source/extras/package/macosx/../../../modules/demux/sid.cpp:43:
/Users/cam/Documents/Projects/ultima-iv-web/vlc-thumbs/work/build/vlc-source/contrib/aarch64-apple-darwin27/include/sidplay/sidplay2.h:59:39: warning: reference cannot be bound to dereferenced null pointer in well-defined C++ code; pointer may be assumed to always convert to true [-Wundefined-bool-conversion]
   59 |     operator bool()  const { return (&sidplayer ? true: false); }
      |                                       ^~~~~~~~~ ~
/Users/cam/Documents/Projects/ultima-iv-web/vlc-thumbs/work/build/vlc-source/contrib/aarch64-apple-darwin27/include/sidplay/sidplay2.h:60:39: warning: reference cannot be bound to dereferenced null pointer in well-defined C++ code; pointer may be assumed to always convert to true [-Wundefined-bool-conversion]
   60 |     bool operator!() const { return (&sidplayer ? false: true); }
      |                                       ^~~~~~~~~ ~
  CXX      demux/mkv/libmkv_plugin_la-mkv.lo
  CC       packetizer/libmkv_plugin_la-dts_header.lo
3 warnings generated.
In file included from /Users/cam/Documents/Projects/ultima-iv-web/vlc-thumbs/work/build/vlc-source/extras/package/macosx/../../../modules/demux/mkv/mkv.cpp:25:
In file included from /Users/cam/Documents/Projects/ultima-iv-web/vlc-thumbs/work/build/vlc-source/extras/package/macosx/../../../modules/demux/mkv/mkv.hpp:33:
In file included from ../config.h:1000:
In file included from /Users/cam/Documents/Projects/ultima-iv-web/vlc-thumbs/work/build/vlc-source/extras/package/macosx/../../../include/vlc_fixups.h:97:
In file included from /Applications/Xcode.app/Contents/Developer/Platforms/MacOSX.platform/Developer/SDKs/MacOSX.sdk/usr/include/c++/v1/stddef.h:30:
In file included from /Applications/Xcode.app/Contents/Developer/Platforms/MacOSX.platform/Developer/SDKs/MacOSX.sdk/usr/include/c++/v1/__config:15:
/Applications/Xcode.app/Contents/Developer/Platforms/MacOSX.platform/Developer/SDKs/MacOSX.sdk/usr/include/c++/v1/__configuration/availability.h:204:4: warning: "The selected platform is no longer supported by libc++." [-W#warnings]
  204 | #  warning "The selected platform is no longer supported by libc++."
      |    ^
  CC       demux/mp4/mp4.lo
  CC       demux/mp4/fragments.lo
/Users/cam/Documents/Projects/ultima-iv-web/vlc-thumbs/work/build/vlc-source/extras/package/macosx/../../../modules/demux/mp4/mp4.c:1574:18: warning: unused variable 'p_sys' [-Wunused-variable]
 1574 |     demux_sys_t *p_sys = p_demux->p_sys;
      |                  ^~~~~
/Users/cam/Documents/Projects/ultima-iv-web/vlc-thumbs/work/build/vlc-source/extras/package/macosx/../../../modules/demux/mp4/mp4.c:3195:32: warning: comparison of integers of different signs: 'int' and 'uint32_t' (aka 'unsigned int') [-Wsign-compare]
 3195 |     for( i_index = 0;  i_index < p_track->chunk[i_chunk].i_entries_dts &&
      |                        ~~~~~~~ ^ ~~~~~~~~~~~~~~~~~~~~~~~~~~~~~~~~~~~~~
/Users/cam/Documents/Projects/ultima-iv-web/vlc-thumbs/work/build/vlc-source/extras/package/macosx/../../../modules/demux/mp4/mp4.c:4086:29: warning: comparison of integers of different signs: 'int' and 'uint32_t' (aka 'unsigned int') [-Wsign-compare]
 4086 |             if( i_elst_last < elst->i_entry_count &&
      |                 ~~~~~~~~~~~ ^ ~~~~~~~~~~~~~~~~~~~
  CC       demux/mp4/libmp4.lo
  CC       demux/mp4/essetup.lo
In file included from /Users/cam/Documents/Projects/ultima-iv-web/vlc-thumbs/work/build/vlc-source/extras/package/macosx/../../../modules/demux/mp4/essetup.c:31:
/Users/cam/Documents/Projects/ultima-iv-web/vlc-thumbs/work/build/vlc-source/extras/package/macosx/../../../modules/demux/mp4/mpeg4.h:30:52: warning: unused parameter 'pi_profile' [-Wunused-parameter]
   30 |                                               int *pi_profile)
      |                                                    ^
1 warning generated.
  CC       demux/mp4/meta.lo
/Users/cam/Documents/Projects/ultima-iv-web/vlc-thumbs/work/build/vlc-source/extras/package/macosx/../../../modules/demux/mp4/meta.c:91:21: warning: initializer-string for character array is too long, array size is 25 but initializer has size 26 (including the null terminating character); did you mean to use the 'nonstring' attribute? [-Wunterminated-string-initialization]
   91 |     { ATOM_0xa9cak, N_("Copyright Acknowledgement") },
      |                     ^~~~~~~~~~~~~~~~~~~~~~~~~~~~~~~
/Users/cam/Documents/Projects/ultima-iv-web/vlc-thumbs/work/build/vlc-source/extras/package/macosx/../../../include/vlc_fixups.h:374:27: note: expanded from macro 'N_'
  374 | #define N_(str)           gettext_noop (str)
      |                           ^~~~~~~~~~~~~~~~~~
/Users/cam/Documents/Projects/ultima-iv-web/vlc-thumbs/work/build/vlc-source/extras/package/macosx/../../../include/vlc_fixups.h:375:27: note: expanded from macro 'gettext_noop'
  375 | #define gettext_noop(str) (str)
      |                           ^~~~~
In file included from /Users/cam/Documents/Projects/ultima-iv-web/vlc-thumbs/work/build/vlc-source/extras/package/macosx/../../../modules/demux/mkv/mkv.cpp:29:
In file included from /Users/cam/Documents/Projects/ultima-iv-web/vlc-thumbs/work/build/vlc-source/extras/package/macosx/../../../modules/demux/mkv/demux.hpp:30:
/Users/cam/Documents/Projects/ultima-iv-web/vlc-thumbs/work/build/vlc-source/extras/package/macosx/../../../modules/demux/mkv/chapter_command.hpp:161:9: warning: 'sprintf' is deprecated: This function is provided for compatibility reasons only.  Due to security concerns inherent in the design of sprintf(3), it is highly recommended that you use snprintf(3) instead. [-Wdeprecated-declarations]
  161 |         sprintf( s_value, "%.5d", value );
      |         ^
/Applications/Xcode.app/Contents/Developer/Platforms/MacOSX.platform/Developer/SDKs/MacOSX.sdk/usr/include/_stdio.h:278:1: note: 'sprintf' has been explicitly marked deprecated here
  278 | __deprecated_msg("This function is provided for compatibility reasons only.  Due to security concerns inherent in the design of sprintf(3), it is highly recommended that you use snprintf(3) instead.")
      | ^
/Applications/Xcode.app/Contents/Developer/Platforms/MacOSX.platform/Developer/SDKs/MacOSX.sdk/usr/include/sys/cdefs.h:227:48: note: expanded from macro '__deprecated_msg'
  227 |         #define __deprecated_msg(_msg) __attribute__((__deprecated__(_msg)))
      |                                                       ^
In file included from /Users/cam/Documents/Projects/ultima-iv-web/vlc-thumbs/work/build/vlc-source/extras/package/macosx/../../../modules/demux/mkv/mkv.cpp:29:
In file included from /Users/cam/Documents/Projects/ultima-iv-web/vlc-thumbs/work/build/vlc-source/extras/package/macosx/../../../modules/demux/mkv/demux.hpp:30:
/Users/cam/Documents/Projects/ultima-iv-web/vlc-thumbs/work/build/vlc-source/extras/package/macosx/../../../modules/demux/mkv/chapter_command.hpp:171:13: warning: 'sprintf' is deprecated: This function is provided for compatibility reasons only.  Due to security concerns inherent in the design of sprintf(3), it is highly recommended that you use snprintf(3) instead. [-Wdeprecated-declarations]
  171 |             sprintf( s_reg_value, "%.5d", GetPRM( value ) );
      |             ^
/Applications/Xcode.app/Contents/Developer/Platforms/MacOSX.platform/Developer/SDKs/MacOSX.sdk/usr/include/_stdio.h:278:1: note: 'sprintf' has been explicitly marked deprecated here
  278 | __deprecated_msg("This function is provided for compatibility reasons only.  Due to security concerns inherent in the design of sprintf(3), it is highly recommended that you use snprintf(3) instead.")
      | ^
/Applications/Xcode.app/Contents/Developer/Platforms/MacOSX.platform/Developer/SDKs/MacOSX.sdk/usr/include/sys/cdefs.h:227:48: note: expanded from macro '__deprecated_msg'
  227 |         #define __deprecated_msg(_msg) __attribute__((__deprecated__(_msg)))
      |                                                       ^
In file included from /Users/cam/Documents/Projects/ultima-iv-web/vlc-thumbs/work/build/vlc-source/extras/package/macosx/../../../modules/demux/mkv/mkv.cpp:29:
In file included from /Users/cam/Documents/Projects/ultima-iv-web/vlc-thumbs/work/build/vlc-source/extras/package/macosx/../../../modules/demux/mkv/demux.hpp:30:
/Users/cam/Documents/Projects/ultima-iv-web/vlc-thumbs/work/build/vlc-source/extras/package/macosx/../../../modules/demux/mkv/chapter_command.hpp:180:13: warning: 'sprintf' is deprecated: This function is provided for compatibility reasons only.  Due to security concerns inherent in the design of sprintf(3), it is highly recommended that you use snprintf(3) instead. [-Wdeprecated-declarations]
  180 |             sprintf( s_reg_value, "%.5d", GetPRM( value ) );
      |             ^
/Applications/Xcode.app/Contents/Developer/Platforms/MacOSX.platform/Developer/SDKs/MacOSX.sdk/usr/include/_stdio.h:278:1: note: 'sprintf' has been explicitly marked deprecated here
  278 | __deprecated_msg("This function is provided for compatibility reasons only.  Due to security concerns inherent in the design of sprintf(3), it is highly recommended that you use snprintf(3) instead.")
      | ^
/Applications/Xcode.app/Contents/Developer/Platforms/MacOSX.platform/Developer/SDKs/MacOSX.sdk/usr/include/sys/cdefs.h:227:48: note: expanded from macro '__deprecated_msg'
  227 |         #define __deprecated_msg(_msg) __attribute__((__deprecated__(_msg)))
      |                                                       ^
1 warning generated.
  CC       demux/mpeg/mpgv.lo
  CC       demux/mpeg/libts_plugin_la-ts.lo
4 warnings generated.
  CC       demux/mpeg/libts_plugin_la-ts_pid.lo
3 warnings generated.
/Users/cam/Documents/Projects/ultima-iv-web/vlc-thumbs/work/build/vlc-source/extras/package/macosx/../../../modules/demux/mpeg/ts.c:2010:9: warning: ignoring return value of function declared with 'warn_unused_result' attribute [-Wunused-result]
 2010 |         vlc_stream_Seek( p_sys->stream, i_initial_pos );
      |         ^~~~~~~~~~~~~~~  ~~~~~~~~~~~~~~~~~~~~~~~~~~~~
  CC       demux/mpeg/libts_plugin_la-ts_psi.lo
  CC       demux/mpeg/libts_plugin_la-ts_si.lo
  CC       demux/mpeg/libts_plugin_la-ts_psip.lo
  CC       demux/mpeg/libts_plugin_la-ts_psip_dvbpsi_fixes.lo
  CC       demux/mpeg/libts_plugin_la-ts_decoders.lo
  CC       demux/mpeg/libts_plugin_la-ts_streams.lo
1 warning generated.
  CC       demux/mpeg/libts_plugin_la-ts_scte.lo
  CC       demux/mpeg/libts_plugin_la-sections.lo
  CC       demux/mpeg/libts_plugin_la-mpeg4_iod.lo
  CC       demux/mpeg/libts_plugin_la-ts_arib.lo
  CC       demux/mpeg/libts_plugin_la-ts_sl.lo
  CC       demux/mpeg/libts_plugin_la-ts_metadata.lo
  CC       demux/mpeg/libts_plugin_la-ts_hotfixes.lo
  CC       demux/mpeg/libts_plugin_la-ts_pes.lo
  CC       codec/libts_plugin_la-atsc_a65.lo
/Users/cam/Documents/Projects/ultima-iv-web/vlc-thumbs/work/build/vlc-source/extras/package/macosx/../../../modules/demux/mpeg/ts_pes.c:74:65: warning: unused parameter 'i_buf' [-Wunused-parameter]
   74 | static bool MayHaveStartCodeOnEnd( const uint8_t *p_buf, size_t i_buf )
      |                                                                 ^
  CC       codec/libts_plugin_la-opus_header.lo
1 warning generated.
  CXX      demux/adaptive/libvlc_adaptive_la-ID.lo
  CXX      demux/adaptive/libvlc_adaptive_la-PlaylistManager.lo
  CXX      demux/adaptive/libvlc_adaptive_la-SegmentTracker.lo
  CXX      demux/adaptive/libvlc_adaptive_la-SharedResources.lo
In file included from /Users/cam/Documents/Projects/ultima-iv-web/vlc-thumbs/work/build/vlc-source/extras/package/macosx/../../../modules/demux/adaptive/ID.cpp:21:
In file included from ../config.h:1000:
In file included from /Users/cam/Documents/Projects/ultima-iv-web/vlc-thumbs/work/build/vlc-source/extras/package/macosx/../../../include/vlc_fixups.h:97:
In file included from /Applications/Xcode.app/Contents/Developer/Platforms/MacOSX.platform/Developer/SDKs/MacOSX.sdk/usr/include/c++/v1/stddef.h:30:
In file included from /Applications/Xcode.app/Contents/Developer/Platforms/MacOSX.platform/Developer/SDKs/MacOSX.sdk/usr/include/c++/v1/__config:15:
/Applications/Xcode.app/Contents/Developer/Platforms/MacOSX.platform/Developer/SDKs/MacOSX.sdk/usr/include/c++/v1/__configuration/availability.h:204:4: warning: "The selected platform is no longer supported by libc++." [-W#warnings]
  204 | #  warning "The selected platform is no longer supported by libc++."
      |    ^
In file included from /Users/cam/Documents/Projects/ultima-iv-web/vlc-thumbs/work/build/vlc-source/extras/package/macosx/../../../modules/demux/adaptive/SegmentTracker.cpp:22:
In file included from ../config.h:1000:
In file included from /Users/cam/Documents/Projects/ultima-iv-web/vlc-thumbs/work/build/vlc-source/extras/package/macosx/../../../include/vlc_fixups.h:97:
In file included from /Applications/Xcode.app/Contents/Developer/Platforms/MacOSX.platform/Developer/SDKs/MacOSX.sdk/usr/include/c++/v1/stddef.h:30:
In file included from /Applications/Xcode.app/Contents/Developer/Platforms/MacOSX.platform/Developer/SDKs/MacOSX.sdk/usr/include/c++/v1/__config:15:
/Applications/Xcode.app/Contents/Developer/Platforms/MacOSX.platform/Developer/SDKs/MacOSX.sdk/usr/include/c++/v1/__configuration/availability.h:204:4: warning: "The selected platform is no longer supported by libc++." [-W#warnings]
In file included from /Users/cam/Documents/Projects/ultima-iv-web/vlc-thumbs/work/build/vlc-source/extras/package/macosx/../../../modules/demux/adaptive/PlaylistManager.cpp:23:
In file included from ../config.h:1000:
In file included from /Users/cam/Documents/Projects/ultima-iv-web/vlc-thumbs/work/build/vlc-source/extras/package/macosx/../../../include/vlc_fixups.h:97:
In file included from /Applications/Xcode.app/Contents/Developer/Platforms/MacOSX.platform/Developer/SDKs/MacOSX.sdk/usr/include/c++/v1/stddef.h:30:
In file included from /Applications/Xcode.app/Contents/Developer/Platforms/MacOSX.platform/Developer/SDKs/MacOSX.sdk/usr/include/c++/v1/__config:  204 | #  warning "The selected platform is no longer supported by libc++."
      |    ^
15:
/Applications/Xcode.app/Contents/Developer/Platforms/MacOSX.platform/Developer/SDKs/MacOSX.sdk/usr/include/c++/v1/__configuration/availability.h:204:4: warning: "The selected platform is no longer supported by libc++." [-W#warnings]
  204 | #  warning "The selected platform is no longer supported by libc++."
      |    ^
In file included from /Users/cam/Documents/Projects/ultima-iv-web/vlc-thumbs/work/build/vlc-source/extras/package/macosx/../../../modules/demux/adaptive/SharedResources.cpp:21:
In file included from ../config.h:1000:
In file included from /Users/cam/Documents/Projects/ultima-iv-web/vlc-thumbs/work/build/vlc-source/extras/package/macosx/../../../include/vlc_fixups.h:97:
In file included from /Applications/Xcode.app/Contents/Developer/Platforms/MacOSX.platform/Developer/SDKs/MacOSX.sdk/usr/include/c++/v1/stddef.h:30:
In file included from /Applications/Xcode.app/Contents/Developer/Platforms/MacOSX.platform/Developer/SDKs/MacOSX.sdk/usr/include/c++/v1/__config:15:
/Applications/Xcode.app/Contents/Developer/Platforms/MacOSX.platform/Developer/SDKs/MacOSX.sdk/usr/include/c++/v1/__configuration/availability.h:204:4: warning: "The selected platform is no longer supported by libc++." [-W#warnings]
  204 | #  warning "The selected platform is no longer supported by libc++."
      |    ^
1 warning generated.
  CXX      demux/adaptive/libvlc_adaptive_la-StreamFormat.lo
1 warning generated.
  CXX      demux/adaptive/libvlc_adaptive_la-Streams.lo
In file included from /Users/cam/Documents/Projects/ultima-iv-web/vlc-thumbs/work/build/vlc-source/extras/package/macosx/../../../modules/demux/adaptive/StreamFormat.cpp:22:
In file included from ../config.h:1000:
In file included from /Users/cam/Documents/Projects/ultima-iv-web/vlc-thumbs/work/build/vlc-source/extras/package/macosx/../../../include/vlc_fixups.h:97:
In file included from /Applications/Xcode.app/Contents/Developer/Platforms/MacOSX.platform/Developer/SDKs/MacOSX.sdk/usr/include/c++/v1/stddef.h:30:
In file included from /Applications/Xcode.app/Contents/Developer/Platforms/MacOSX.platform/Developer/SDKs/MacOSX.sdk/usr/include/c++/v1/__config:15:
/Applications/Xcode.app/Contents/Developer/Platforms/MacOSX.platform/Developer/SDKs/MacOSX.sdk/usr/include/c++/v1/__configuration/availability.h:204:4: warning: "The selected platform is no longer supported by libc++." [-W#warnings]
  204 | #  warning "The selected platform is no longer supported by libc++."
      |    ^
In file included from /Users/cam/Documents/Projects/ultima-iv-web/vlc-thumbs/work/build/vlc-source/extras/package/macosx/../../../modules/demux/adaptive/Streams.cpp:22:
In file included from ../config.h:1000:
In file included from /Users/cam/Documents/Projects/ultima-iv-web/vlc-thumbs/work/build/vlc-source/extras/package/macosx/../../../include/vlc_fixups.h:97:
In file included from /Applications/Xcode.app/Contents/Developer/Platforms/MacOSX.platform/Developer/SDKs/MacOSX.sdk/usr/include/c++/v1/stddef.h:30:
In file included from /Applications/Xcode.app/Contents/Developer/Platforms/MacOSX.platform/Developer/SDKs/MacOSX.sdk/usr/include/c++/v1/__config:15:
/Applications/Xcode.app/Contents/Developer/Platforms/MacOSX.platform/Developer/SDKs/MacOSX.sdk/usr/include/c++/v1/__configuration/availability.h:204:4: warning: "The selected platform is no longer supported by libc++." [-W#warnings]
  204 | #  warning "The selected platform is no longer supported by libc++."
      |    ^
1 warning generated.
1 warning generated.
1 warning generated.
  CC       misc/webservices/libfingerprinter_plugin_la-acoustid.lo
1 warning generated.
  CC       misc/webservices/libfingerprinter_plugin_la-json.lo
  CC       misc/libfingerprinter_plugin_la-fingerprinter.lo
  CC       misc/libgnutls_plugin_la-gnutls.lo
/Users/cam/Documents/Projects/ultima-iv-web/vlc-thumbs/work/build/vlc-source/extras/package/macosx/../../../modules/misc/webservices/json.c:377:28: warning: logical not is only applied to the left hand side of this bitwise operator [-Wlogical-not-parentheses]
  377 |                   else if (!state.settings.settings & json_relaxed_commas)
      |                            ^                        ~
/Users/cam/Documents/Projects/ultima-iv-web/vlc-thumbs/work/build/vlc-source/extras/package/macosx/../../../modules/misc/webservices/json.c:377:28: note: add parentheses after the '!' to evaluate the bitwise operator first
  377 |                   else if (!state.settings.settings & json_relaxed_commas)
      |                            ^                                             
      |                             (                                            )
/Users/cam/Documents/Projects/ultima-iv-web/vlc-thumbs/work/build/vlc-source/extras/package/macosx/../../../modules/misc/webservices/json.c:377:28: note: add parentheses around left hand side expression to silence this warning
  377 |                   else if (!state.settings.settings & json_relaxed_commas)
      |                            ^
      |                            (                       )
/Users/cam/Documents/Projects/ultima-iv-web/vlc-thumbs/work/build/vlc-source/extras/package/macosx/../../../modules/misc/webservices/json.c:532:54: warning: logical not is only applied to the left hand side of this bitwise operator [-Wlogical-not-parentheses]
  532 |                      if (flags & flag_need_comma && (!state.settings.settings & json_relaxed_commas))
      |                                                      ^                        ~
/Users/cam/Documents/Projects/ultima-iv-web/vlc-thumbs/work/build/vlc-source/extras/package/macosx/../../../modules/misc/webservices/json.c:532:54: note: add parentheses after the '!' to evaluate the bitwise operator first
  532 |                      if (flags & flag_need_comma && (!state.settings.settings & json_relaxed_commas))
      |                                                      ^                                             
      |                                                       (                                            )
/Users/cam/Documents/Projects/ultima-iv-web/vlc-thumbs/work/build/vlc-source/extras/package/macosx/../../../modules/misc/webservices/json.c:532:54: note: add parentheses around left hand side expression to silence this warning
  532 |                      if (flags & flag_need_comma && (!state.settings.settings & json_relaxed_commas))
      |                                                      ^
      |                                                      (                       )
/Users/cam/Documents/Projects/ultima-iv-web/vlc-thumbs/work/build/vlc-source/extras/package/macosx/../../../modules/misc/gnutls.c:623:71: warning: unused parameter 'hostname' [-Wunused-parameter]
  623 |                                            vlc_tls_t *sk, const char *hostname,
      |                                                                       ^
2 warnings generated.
  CC       misc/libsecuretransport_plugin_la-securetransport.lo
1 warning generated.
  CC       misc/rtsp.lo
  CC       mux/mp4/mp4.lo
  CC       mux/mpeg/pes.lo
/Users/cam/Documents/Projects/ultima-iv-web/vlc-thumbs/work/build/vlc-source/extras/package/macosx/../../../modules/misc/rtsp.c:241:33: warning: initializer-string for character array is too long, array size is 16 but initializer has size 17 (including the null terminating character); did you mean to use the 'nonstring' attribute? [-Wunterminated-string-initialization]
  241 |     static const char hex[16] = "0123456789abcdef";
      |                                 ^~~~~~~~~~~~~~~~~~
/Users/cam/Documents/Projects/ultima-iv-web/vlc-thumbs/work/build/vlc-source/extras/package/macosx/../../../modules/misc/rtsp.c:328:12: warning: 'block_FifoCount' is deprecated [-Wdeprecated-declarations]
  328 |     while( block_FifoCount( p_sys->p_fifo_cmd ) > 0 )
      |            ^
/Users/cam/Documents/Projects/ultima-iv-web/vlc-thumbs/work/build/vlc-source/extras/package/macosx/../../../include/vlc_block.h:477:57: note: 'block_FifoCount' has been explicitly marked deprecated here
  477 | VLC_API size_t block_FifoCount(block_fifo_t *) VLC_USED VLC_DEPRECATED;
      |                                                         ^
/Users/cam/Documents/Projects/ultima-iv-web/vlc-thumbs/work/build/vlc-source/extras/package/macosx/../../../include/vlc_common.h:85:40: note: expanded from macro 'VLC_DEPRECATED'
   85 | # define VLC_DEPRECATED __attribute__((deprecated))
      |                                        ^
/Users/cam/Documents/Projects/ultima-iv-web/vlc-thumbs/work/build/vlc-source/extras/package/macosx/../../../modules/misc/rtsp.c:972:2: warning: Should use secure randomness here! (spoofing risk) [-W#warnings]
  972 | #warning Should use secure randomness here! (spoofing risk)
      |  ^
/Users/cam/Documents/Projects/ultima-iv-web/vlc-thumbs/work/build/vlc-source/extras/package/macosx/../../../modules/misc/rtsp.c:1297:2: warning: Session ID should be securely random (spoofing risk) [-W#warnings]
 1297 | #warning Session ID should be securely random (spoofing risk)
      |  ^
/Users/cam/Documents/Projects/ultima-iv-web/vlc-thumbs/work/build/vlc-source/extras/package/macosx/../../../modules/misc/securetransport.c:657:2: warning: ALPN support missing, proxy behavior potentially undefined (rdar://29127318, #17721) [-W#warnings]
  657 | #warning ALPN support missing, proxy behavior potentially undefined (rdar://29127318, #17721)
      |  ^
/Users/cam/Documents/Projects/ultima-iv-web/vlc-thumbs/work/build/vlc-source/extras/package/macosx/../../../modules/misc/securetransport.c:789:11: warning: 'SecKeychainSearchCreateFromAttributes' is deprecated: first deprecated in macOS 10.7 - SecKeychainSearch is not supported [-Wdeprecated-declarations]
  789 |     ret = SecKeychainSearchCreateFromAttributes(NULL, kSecCertificateItemClass,
      |           ^
/Applications/Xcode.app/Contents/Developer/Platforms/MacOSX.platform/Developer/SDKs/MacOSX.sdk/System/Library/Frameworks/Security.framework/Headers/SecKeychainSearch.h:60:10: note: 'SecKeychainSearchCreateFromAttributes' has been explicitly marked deprecated here
   60 | OSStatus SecKeychainSearchCreateFromAttributes(CFTypeRef __nullable keychainOrArray, SecItemClass itemClass, const SecKeychainAttributeList * __nullable attrList, SecKeychainSearchRef * __nonnull CF_RETURNS_RETAINED searchRef)
      |          ^
/Users/cam/Documents/Projects/ultima-iv-web/vlc-thumbs/work/build/vlc-source/extras/package/macosx/../../../modules/misc/securetransport.c:797:11: warning: 'SecKeychainSearchCopyNext' is deprecated: first deprecated in macOS 10.7 - SecKeychainSearch is not supported [-Wdeprecated-declarations]
  797 |     ret = SecKeychainSearchCopyNext(searchReference, &itemRef);
      |           ^
/Applications/Xcode.app/Contents/Developer/Platforms/MacOSX.platform/Developer/SDKs/MacOSX.sdk/System/Library/Frameworks/Security.framework/Headers/SecKeychainSearch.h:71:10: note: 'SecKeychainSearchCopyNext' has been explicitly marked deprecated here
   71 | OSStatus SecKeychainSearchCopyNext(SecKeychainSearchRef searchRef, SecKeychainItemRef * __nonnull CF_RETURNS_RETAINED itemRef)
      |          ^
/Users/cam/Documents/Projects/ultima-iv-web/vlc-thumbs/work/build/vlc-source/extras/package/macosx/../../../modules/misc/securetransport.c:840:5: warning: 'CSSM_TP_APPLE_EVIDENCE_INFO' is deprecated: first deprecated in macOS 10.7 [-Wdeprecated-declarations]
  840 |     CSSM_TP_APPLE_EVIDENCE_INFO *status_chain;
      |     ^
/Applications/Xcode.app/Contents/Developer/Platforms/MacOSX.platform/Developer/SDKs/MacOSX.sdk/System/Library/Frameworks/Security.framework/Headers/cssmapple.h:1109:3: note: 'CSSM_TP_APPLE_EVIDENCE_INFO' has been explicitly marked deprecated here
 1109 | } CSSM_TP_APPLE_EVIDENCE_INFO DEPRECATED_IN_MAC_OS_X_VERSION_10_7_AND_LATER;
      |   ^
/Users/cam/Documents/Projects/ultima-iv-web/vlc-thumbs/work/build/vlc-source/extras/package/macosx/../../../modules/misc/securetransport.c:841:11: warning: 'SecTrustGetResult' is deprecated: first deprecated in macOS 10.7 [-Wdeprecated-declarations]
  841 |     ret = SecTrustGetResult(trust_ref, &status, &cert_chain, &status_chain);
      |           ^
/Applications/Xcode.app/Contents/Developer/Platforms/MacOSX.platform/Developer/SDKs/MacOSX.sdk/System/Library/Frameworks/Security.framework/Headers/SecTrust.h:774:10: note: 'SecTrustGetResult' has been explicitly marked deprecated here
  774 | OSStatus SecTrustGetResult(SecTrustRef trustRef, SecTrustResultType * __nullable result,
      |          ^
/Users/cam/Documents/Projects/ultima-iv-web/vlc-thumbs/work/build/vlc-source/extras/package/macosx/../../../modules/mux/mp4/mp4.c:650:17: warning: 'block_FifoCount' is deprecated [-Wdeprecated-declarations]
  650 |             if (block_FifoCount(p_input->p_fifo) > 0) {
      |                 ^
/Users/cam/Documents/Projects/ultima-iv-web/vlc-thumbs/work/build/vlc-source/extras/package/macosx/../../../include/vlc_block.h:477:57: note: 'block_FifoCount' has been explicitly marked deprecated here
  477 | VLC_API size_t block_FifoCount(block_fifo_t *) VLC_USED VLC_DEPRECATED;
      |                                                         ^
/Users/cam/Documents/Projects/ultima-iv-web/vlc-thumbs/work/build/vlc-source/extras/package/macosx/../../../include/vlc_common.h:85:40: note: expanded from macro 'VLC_DEPRECATED'
   85 | # define VLC_DEPRECATED __attribute__((deprecated))
      |                                        ^
5 warnings generated.
  CC       mux/mpeg/ps.lo
4 warnings generated.
  CC       mux/wav.lo
  CC       mux/libmux_ogg_plugin_la-ogg.lo
/Users/cam/Documents/Projects/ultima-iv-web/vlc-thumbs/work/build/vlc-source/extras/package/macosx/../../../modules/mux/wav.c:285:12: warning: 'block_FifoCount' is deprecated [-Wdeprecated-declarations]
  285 |     while( block_FifoCount( p_input->p_fifo ) > 0 )
      |            ^
/Users/cam/Documents/Projects/ultima-iv-web/vlc-thumbs/work/build/vlc-source/extras/package/macosx/../../../include/vlc_block.h:477:57: note: 'block_FifoCount' has been explicitly marked deprecated here
  477 | VLC_API size_t block_FifoCount(block_fifo_t *) VLC_USED VLC_DEPRECATED;
      |                                                         ^
/Users/cam/Documents/Projects/ultima-iv-web/vlc-thumbs/work/build/vlc-source/extras/package/macosx/../../../include/vlc_common.h:85:40: note: expanded from macro 'VLC_DEPRECATED'
   85 | # define VLC_DEPRECATED __attribute__((deprecated))
      |                                        ^
1 warning generated.
  CC       mux/mpeg/libmux_ts_plugin_la-pes.lo
1 warning generated.
  CC       mux/mpeg/libmux_ts_plugin_la-csa.lo
/Users/cam/Documents/Projects/ultima-iv-web/vlc-thumbs/work/build/vlc-source/extras/package/macosx/../../../modules/mux/ogg.c:570:20: warning: 'block_FifoCount' is deprecated [-Wdeprecated-declarations]
  570 |             while( block_FifoCount( p_input->p_fifo ) )
      |                    ^
/Users/cam/Documents/Projects/ultima-iv-web/vlc-thumbs/work/build/vlc-source/extras/package/macosx/../../../include/vlc_block.h:477:57: note: 'block_FifoCount' has been explicitly marked deprecated here
  477 | VLC_API size_t block_FifoCount(block_fifo_t *) VLC_USED VLC_DEPRECATED;
      |                                                         ^
/Users/cam/Documents/Projects/ultima-iv-web/vlc-thumbs/work/build/vlc-source/extras/package/macosx/../../../include/vlc_common.h:85:40: note: expanded from macro 'VLC_DEPRECATED'
   85 | # define VLC_DEPRECATED __attribute__((deprecated))
      |                                        ^
  CC       mux/mpeg/libmux_ts_plugin_la-tables.lo
  CC       mux/mpeg/libmux_ts_plugin_la-tsutil.lo
1 warning generated.
  CC       mux/mpeg/libmux_ts_plugin_la-ts.lo
  CC       packetizer/av1.lo
  CC       packetizer/av1_obu.lo
/Users/cam/Documents/Projects/ultima-iv-web/vlc-thumbs/work/build/vlc-source/extras/package/macosx/../../../modules/mux/mpeg/ts.c:1071:9: warning: 'block_FifoCount' is deprecated [-Wdeprecated-declarations]
 1071 |         block_FifoCount( p_input->p_fifo ) > 0 )
      |         ^
/Users/cam/Documents/Projects/ultima-iv-web/vlc-thumbs/work/build/vlc-source/extras/package/macosx/../../../include/vlc_block.h:477:57: note: 'block_FifoCount' has been explicitly marked deprecated here
  477 | VLC_API size_t block_FifoCount(block_fifo_t *) VLC_USED VLC_DEPRECATED;
      |                                                         ^
/Users/cam/Documents/Projects/ultima-iv-web/vlc-thumbs/work/build/vlc-source/extras/package/macosx/../../../include/vlc_common.h:85:40: note: expanded from macro 'VLC_DEPRECATED'
   85 | # define VLC_DEPRECATED __attribute__((deprecated))
      |                                        ^
/Users/cam/Documents/Projects/ultima-iv-web/vlc-thumbs/work/build/vlc-source/extras/package/macosx/../../../modules/mux/mpeg/ts.c:1235:13: warning: 'block_FifoCount' is deprecated [-Wdeprecated-declarations]
 1235 |         if( block_FifoCount( p_input->p_fifo ) <= 1 )
      |             ^
/Users/cam/Documents/Projects/ultima-iv-web/vlc-thumbs/work/build/vlc-source/extras/package/macosx/../../../include/vlc_block.h:477:57: note: 'block_FifoCount' has been explicitly marked deprecated here
  477 | VLC_API size_t block_FifoCount(block_fifo_t *) VLC_USED VLC_DEPRECATED;
      |                                                         ^
/Users/cam/Documents/Projects/ultima-iv-web/vlc-thumbs/work/build/vlc-source/extras/package/macosx/../../../include/vlc_common.h:85:40: note: expanded from macro 'VLC_DEPRECATED'
   85 | # define VLC_DEPRECATED __attribute__((deprecated))
      |                                        ^
/Users/cam/Documents/Projects/ultima-iv-web/vlc-thumbs/work/build/vlc-source/extras/package/macosx/../../../modules/mux/mpeg/ts.c:1243:22: warning: 'block_FifoCount' is deprecated [-Wdeprecated-declarations]
 1243 |             else if( block_FifoCount( p_input->p_fifo ) <= 0 )
      |                      ^
/Users/cam/Documents/Projects/ultima-iv-web/vlc-thumbs/work/build/vlc-source/extras/package/macosx/../../../include/vlc_block.h:477:57: note: 'block_FifoCount' has been explicitly marked deprecated here
  477 | VLC_API size_t block_FifoCount(block_fifo_t *) VLC_USED VLC_DEPRECATED;
      |                                                         ^
/Users/cam/Documents/Projects/ultima-iv-web/vlc-thumbs/work/build/vlc-source/extras/package/macosx/../../../include/vlc_common.h:85:40: note: expanded from macro 'VLC_DEPRECATED'
   85 | # define VLC_DEPRECATED __attribute__((deprecated))
      |                                        ^
/Users/cam/Documents/Projects/ultima-iv-web/vlc-thumbs/work/build/vlc-source/extras/package/macosx/../../../modules/mux/mpeg/ts.c:1307:21: warning: 'block_FifoCount' is deprecated [-Wdeprecated-declarations]
 1307 |                     block_FifoCount( p_mux->pp_inputs[j]->p_fifo) > 0 )
      |                     ^
/Users/cam/Documents/Projects/ultima-iv-web/vlc-thumbs/work/build/vlc-source/extras/package/macosx/../../../include/vlc_block.h:477:57: note: 'block_FifoCount' has been explicitly marked deprecated here
  477 | VLC_API size_t block_FifoCount(block_fifo_t *) VLC_USED VLC_DEPRECATED;
      |                                                         ^
/Users/cam/Documents/Projects/ultima-iv-web/vlc-thumbs/work/build/vlc-source/extras/package/macosx/../../../include/vlc_common.h:85:40: note: expanded from macro 'VLC_DEPRECATED'
   85 | # define VLC_DEPRECATED __attribute__((deprecated))
      |                                        ^
  CC       packetizer/mpegvideo.lo
4 warnings generated.
  CC       packetizer/mpeg4video.lo
  CC       packetizer/mpeg4audio.lo
  CC       packetizer/mpegaudio.lo
  CC       packetizer/h264.lo
  CC       packetizer/hxxx_common.lo
  CC       packetizer/vc1.lo
  CC       packetizer/mlp.lo
  CC       packetizer/dirac.lo
  CC       packetizer/flac.lo
  CC       packetizer/hevc.lo
  CC       packetizer/copy.lo
  CC       packetizer/a52.lo
  CC       packetizer/dts.lo
  CC       stream_out/libstream_out_rtp_plugin_la-rtp.lo
  CC       stream_out/libstream_out_rtp_plugin_la-rtpfmt.lo
  CC       stream_out/libstream_out_rtp_plugin_la-rtcp.lo
  CC       stream_out/libstream_out_rtp_plugin_la-rtsp.lo
/Users/cam/Documents/Projects/ultima-iv-web/vlc-thumbs/work/build/vlc-source/extras/package/macosx/../../../modules/stream_out/rtpfmt.c:159:33: warning: initializer-string for character array is too long, array size is 16 but initializer has size 17 (including the null terminating character); did you mean to use the 'nonstring' attribute? [-Wunterminated-string-initialization]
  159 |     static const char hex[16] = "0123456789abcdef";
      |                                 ^~~~~~~~~~~~~~~~~~
/Users/cam/Documents/Projects/ultima-iv-web/vlc-thumbs/work/build/vlc-source/extras/package/macosx/../../../modules/stream_out/rtp.c:1812:9: warning: unused variable 'ret' [-Wunused-variable]
 1812 |     int ret = sscanf( id->rtp_fmt.fmtp, "%*s width=%d; height=%d; ", width, height );
      |         ^~~
  CC       stream_out/libstream_out_rtp_plugin_la-vod.lo
/Users/cam/Documents/Projects/ultima-iv-web/vlc-thumbs/work/build/vlc-source/extras/package/macosx/../../../modules/stream_out/vod.c:188:12: warning: 'block_FifoCount' is deprecated [-Wdeprecated-declarations]
  188 |     while( block_FifoCount( p_sys->p_fifo_cmd ) > 0 )
      |            ^
/Users/cam/Documents/Projects/ultima-iv-web/vlc-thumbs/work/build/vlc-source/extras/package/macosx/../../../include/vlc_block.h:477:57: note: 'block_FifoCount' has been explicitly marked deprecated here
  477 | VLC_API size_t block_FifoCount(block_fifo_t *) VLC_USED VLC_DEPRECATED;
      |                                                         ^
/Users/cam/Documents/Projects/ultima-iv-web/vlc-thumbs/work/build/vlc-source/extras/package/macosx/../../../include/vlc_common.h:85:40: note: expanded from macro 'VLC_DEPRECATED'
   85 | # define VLC_DEPRECATED __attribute__((deprecated))
      |                                        ^
1 warning generated.
  CC       stream_out/libstream_out_chromaprint_plugin_la-chromaprint.lo
  CXX      libstream_out_chromaprint_plugin_la-dummy.lo
1 warning generated.
  CXX      stream_out/chromecast/libstream_out_chromecast_plugin_la-cast.lo
  CXX      stream_out/chromecast/libstream_out_chromecast_plugin_la-chromecast_ctrl.lo
In file included from /Users/cam/Documents/Projects/ultima-iv-web/vlc-thumbs/work/build/vlc-source/extras/package/macosx/../../../modules/stream_out/chromecast/cast.cpp:30:
In file included from ../config.h:1000:
In file included from /Users/cam/Documents/Projects/ultima-iv-web/vlc-thumbs/work/build/vlc-source/extras/package/macosx/../../../include/vlc_fixups.h:97:
In file included from /Applications/Xcode.app/Contents/Developer/Platforms/MacOSX.platform/Developer/SDKs/MacOSX.sdk/usr/include/c++/v1/stddef.h:30:
In file included from /Applications/Xcode.app/Contents/Developer/Platforms/MacOSX.platform/Developer/SDKs/MacOSX.sdk/usr/include/c++/v1/__config:15:
/Applications/Xcode.app/Contents/Developer/Platforms/MacOSX.platform/Developer/SDKs/MacOSX.sdk/usr/include/c++/v1/__configuration/availability.h:204:4: warning: "The selected platform is no longer supported by libc++." [-W#warnings]
  204 | #  warning "The selected platform is no longer supported by libc++."
      |    ^
In file included from /Users/cam/Documents/Projects/ultima-iv-web/vlc-thumbs/work/build/vlc-source/extras/package/macosx/../../../modules/stream_out/chromecast/chromecast_ctrl.cpp:31:
In file included from ../config.h:1000:
In file included from /Users/cam/Documents/Projects/ultima-iv-web/vlc-thumbs/work/build/vlc-source/extras/package/macosx/../../../include/vlc_fixups.h:97:
In file included from /Applications/Xcode.app/Contents/Developer/Platforms/MacOSX.platform/Developer/SDKs/MacOSX.sdk/usr/include/c++/v1/stddef.h:30:
In file included from /Applications/Xcode.app/Contents/Developer/Platforms/MacOSX.platform/Developer/SDKs/MacOSX.sdk/usr/include/c++/v1/__config:15:
/Applications/Xcode.app/Contents/Developer/Platforms/MacOSX.platform/Developer/SDKs/MacOSX.sdk/usr/include/c++/v1/__configuration/availability.h:204:4: warning: "The selected platform is no longer supported by libc++." [-W#warnings]
  204 | #  warning "The selected platform is no longer supported by libc++."
      |    ^
1 warning generated.
  CC       misc/webservices/libstream_out_chromecast_plugin_la-json.lo
  CXX      stream_out/chromecast/libstream_out_chromecast_plugin_la-chromecast_communication.lo
In file included from /Users/cam/Documents/Projects/ultima-iv-web/vlc-thumbs/work/build/vlc-source/extras/package/macosx/../../../modules/stream_out/chromecast/chromecast_communication.cpp:27:
In file included from ../config.h:1000:
In file included from /Users/cam/Documents/Projects/ultima-iv-web/vlc-thumbs/work/build/vlc-source/extras/package/macosx/../../../include/vlc_fixups.h:97:
In file included from /Applications/Xcode.app/Contents/Developer/Platforms/MacOSX.platform/Developer/SDKs/MacOSX.sdk/usr/include/c++/v1/stddef.h:30:
In file included from /Applications/Xcode.app/Contents/Developer/Platforms/MacOSX.platform/Developer/SDKs/MacOSX.sdk/usr/include/c++/v1/__config/Users/cam/Documents/Projects/ultima-iv-web/vlc-thumbs/work/build/vlc-source/extras/package/macosx/../../../modules/misc/webservices/json.c:377:28: :15:
/Applications/Xcode.app/Contents/Developer/Platforms/MacOSX.platform/Developer/SDKs/MacOSX.sdk/usr/include/c++/v1/__configuration/availability.h:204:4: warning: "The selected platform is no longer supported by libc++." [-W#warnings]
warning: logical not is only applied to the left hand side of this bitwise operator [-Wlogical-not-parentheses]
  204 | #  377 |   warning "The selected platform is no longer supported by libc++."
      |    ^
                  else if (!state.settings.settings & json_relaxed_commas)
      |                            ^                        ~
/Users/cam/Documents/Projects/ultima-iv-web/vlc-thumbs/work/build/vlc-source/extras/package/macosx/../../../modules/misc/webservices/json.c:377:28: note: add parentheses after the '!' to evaluate the bitwise operator first
  377 |                   else if (!state.settings.settings & json_relaxed_commas)
      |                            ^                                             
      |                             (                                            )
/Users/cam/Documents/Projects/ultima-iv-web/vlc-thumbs/work/build/vlc-source/extras/package/macosx/../../../modules/misc/webservices/json.c:377:28: note: add parentheses around left hand side expression to silence this warning
  377 |                   else if (!state.settings.settings & json_relaxed_commas)
      |                            ^
      |                            (                       )
/Users/cam/Documents/Projects/ultima-iv-web/vlc-thumbs/work/build/vlc-source/extras/package/macosx/../../../modules/misc/webservices/json.c:532:54: warning: logical not is only applied to the left hand side of this bitwise operator [-Wlogical-not-parentheses]
  532 |                      if (flags & flag_need_comma && (!state.settings.settings & json_relaxed_commas))
      |                                                      ^                        ~
/Users/cam/Documents/Projects/ultima-iv-web/vlc-thumbs/work/build/vlc-source/extras/package/macosx/../../../modules/misc/webservices/json.c:532:54: note: add parentheses after the '!' to evaluate the bitwise operator first
  532 |                      if (flags & flag_need_comma && (!state.settings.settings & json_relaxed_commas))
      |                                                      ^                                             
      |                                                       (                                            )
/Users/cam/Documents/Projects/ultima-iv-web/vlc-thumbs/work/build/vlc-source/extras/package/macosx/../../../modules/misc/webservices/json.c:532:54: note: add parentheses around left hand side expression to silence this warning
  532 |                      if (flags & flag_need_comma && (!state.settings.settings & json_relaxed_commas))
      |                                                      ^
      |                                                      (                       )
2 warnings generated.
  CC       spu/libremoteosd_plugin_la-remoteosd.lo
In file included from /Users/cam/Documents/Projects/ultima-iv-web/vlc-thumbs/work/build/vlc-source/extras/package/macosx/../../../modules/stream_out/chromecast/chromecast_ctrl.cpp:34:
In file included from /Users/cam/Documents/Projects/ultima-iv-web/vlc-thumbs/work/build/vlc-source/extras/package/macosx/../../../modules/stream_out/chromecast/chromecast.h:45:
In file included from stream_out/chromecast/3.4/cast_channel.pb.h:23:
/Users/cam/Documents/Projects/ultima-iv-web/vlc-thumbs/work/build/vlc-source/contrib/aarch64-apple-darwin27/include/google/protobuf/arena.h:856:16: warning: unused parameter 'value' [-Wunused-parameter]In file included from /Users/cam/Documents/Projects/ultima-iv-web/vlc-thumbs/work/build/vlc-source/extras/package/macosx/../../../modules/stream_out/chromecast/cast.cpp:33:
In file included from /Users/cam/Documents/Projects/ultima-iv-web/vlc-thumbs/work/build/vlc-source/extras/package/macosx/../../../modules/stream_out/chromecast/chromecast.h:45:
In file included from stream_out/chromecast/3.4/cast_channel.pb.h:23:
/Users/cam/Documents/Projects/ultima-iv-web/vlc-thumbs/work/build/vlc-source/contrib/aarch64-apple-darwin27/include/google/protobuf/arena.h:856:16: warning: unused parameter 'value' [-Wunused-parameter]

  856 |       co  856 |       const T* value, google::protobuf::internal::false_type) {
      nst T* value, |                ^
google::protobuf::internal::false_type) {
      |                ^
In file included from /Users/cam/Documents/Projects/ultima-iv-web/vlc-thumbs/work/build/vlc-source/extras/package/macosx/../../../modules/stream_out/chromecast/chromecast_communication.cpp:30:
In file included from /Users/cam/Documents/Projects/ultima-iv-web/vlc-thumbs/work/build/vlc-source/extras/package/macosx/../../../modules/stream_out/chromecast/chromecast.h:45:
In file included from stream_out/chromecast/3.4/cast_channel.pb.h:23:
/Users/cam/Documents/Projects/ultima-iv-web/vlc-thumbs/work/build/vlc-source/contrib/aarch64-apple-darwin27/include/google/protobuf/arena.h:856:16: warning: unused parameter 'value' [-Wunused-parameter]
  856 |       const T* value, google::protobuf::internal::false_type) {
      |                ^
/Users/cam/Documents/Projects/ultima-iv-web/vlc-thumbs/work/build/vlc-source/extras/package/macosx/../../../modules/stream_out/chromecast/chromecast_ctrl.cpp:119:4: warning: field 'm_pingRetriesLeft' will be initialized after field 'm_device_name' [-Wreorder-ctor]
   97 |  , m_retry_on_fail( false )
      |    ~~~~~~~~~~~~~~~~~~~~~~~~
      |    m_state( Authenticating )
   98 |  , m_played_once( false )
      |    ~~~~~~~~~~~~~~~~~~~~~~
      |    m_retry_on_fail( false )
   99 |  , m_request_stop( false )
      |    ~~~~~~~~~~~~~~~~~~~~~~~
      |    m_played_once( false )
  100 |  , m_request_load( false )
      |    ~~~~~~~~~~~~~~~~~~~~~~~
      |    m_request_stop( false )
  101 |  , m_paused( false )
      |    ~~~~~~~~~~~~~~~~~
      |    m_request_load( false )
  102 |  , m_input_eof( false )
      |    ~~~~~~~~~~~~~~~~~~~~
      |    m_paused( false )
  103 |  , m_cc_eof( false )
      |    ~~~~~~~~~~~~~~~~~
      |    m_input_eof( false )
  104 |  , m_pace( false )
      |    ~~~~~~~~~~~~~~~
      |    m_cc_eof( false )
  105 |  , m_meta( NULL )
      |    ~~~~~~~~~~~~~~
      |    m_pace( false )
  106 |  , m_httpd( httpd_host, port )
      |    ~~~~~~~~~~~~~~~~~~~~~~~~~~~
      |    m_meta( NULL )
  107 |  , m_httpd_file(NULL)
      |    ~~~~~~~~~~~~~~~~~~
      |    m_httpd( httpd_host, port )
  108 |  , m_art_url(NULL)
      |    ~~~~~~~~~~~~~~~
      |    m_httpd_file(NULL)
  109 |  , m_art_idx(0)
      |    ~~~~~~~~~~~~
      |    m_art_url(NULL)
  110 |  , m_cc_time_date( VLC_TICK_INVALID )
      |    ~~~~~~~~~~~~~~~~~~~~~~~~~~~~~~~~~~
      |    m_art_idx(0)
  111 |  , m_cc_time( VLC_TICK_INVALID )
      |    ~~~~~~~~~~~~~~~~~~~~~~~~~~~~~
      |    m_cc_time_date( VLC_TICK_INVALID )
  112 |  , m_pingRetriesLeft( PING_WAIT_RETRIES )
      |    ^~~~~~~~~~~~~~~~~~~~~~~~~~~~~~~~~~~~~~
      |    m_cc_time( VLC_TICK_INVALID )
  CC       stream_filter/record.lo
2 warnings generated.
  CC       stream_filter/adf.lo
  CC       stream_filter/skiptags.lo
2 warnings generated.
/Users/cam/Documents/Projects/ultima-iv-web/vlc-thumbs/work/build/vlc-source/extras/package/macosx/../../../modules/stream_filter/skiptags.c:100:14: warning: result of comparison of constant 9223372036854775775 with expression of type 'uint_fast32_t' (aka 'unsigned int') is always false [-Wtautological-constant-out-of-range-compare]
  100 |     if (size > SSIZE_MAX - 32u)
      |         ~~~~ ^ ~~~~~~~~~~~~~~~
1 warning generated.
  OBJC     text_renderer/nsspeechsynthesizer.lo
3 warnings generated.
  CC       video_filter/deinterlace/libdeinterlace_plugin_la-deinterlace.lo
  CC       video_filter/deinterlace/libdeinterlace_plugin_la-merge.lo
  CC       video_filter/deinterlace/libdeinterlace_plugin_la-helpers.lo
  CC       video_filter/deinterlace/libdeinterlace_plugin_la-algo_basic.lo
  CC       video_filter/deinterlace/libdeinterlace_plugin_la-algo_x.lo
  CC       video_filter/deinterlace/libdeinterlace_plugin_la-algo_yadif.lo
  CC       video_filter/deinterlace/libdeinterlace_plugin_la-algo_phosphor.lo
  CC       video_filter/deinterlace/libdeinterlace_plugin_la-algo_ivtc.lo
  CPPAS    video_filter/deinterlace/merge_arm64.lo
/Users/cam/Documents/Projects/ultima-iv-web/vlc-thumbs/work/build/vlc-source/extras/package/macosx/../../../modules/video_filter/deinterlace/algo_ivtc.c:1100:17: warning: variable 'i_vote_invalid' set but not used [-Wunused-but-set-variable]
 1100 |             int i_vote_invalid = 0;
      |                 ^
  CC       video_filter/libpostproc_plugin_la-postproc.lo
1 warning generated.
  CXX      video_filter/blend.lo
In file included from /Users/cam/Documents/Projects/ultima-iv-web/vlc-thumbs/work/build/vlc-source/extras/package/macosx/../../../modules/video_filter/blend.cpp:28:
In file included from ../config.h:1000:
In file included from /Users/cam/Documents/Projects/ultima-iv-web/vlc-thumbs/work/build/vlc-source/extras/package/macosx/../../../include/vlc_fixups.h:97:
In file included from /Applications/Xcode.app/Contents/Developer/Platforms/MacOSX.platform/Developer/SDKs/MacOSX.sdk/usr/include/c++/v1/stddef.h:30:
In file included from /Applications/Xcode.app/Contents/Developer/Platforms/MacOSX.platform/Developer/SDKs/MacOSX.sdk/usr/include/c++/v1/__config:15:
/Applications/Xcode.app/Contents/Developer/Platforms/MacOSX.platform/Developer/SDKs/MacOSX.sdk/usr/include/c++/v1/__configuration/availability.h:204:4: warning: "The selected platform is no longer supported by libc++." [-W#warnings]
  204 | #  warning "The selected platform is no longer supported by libc++."
      |    ^
  OBJC     video_output/macosx.lo
  OBJC     video_output/caopengllayer.lo
  CC       video_output/opengl/libcaopengllayer_plugin_la-vout_helper.lo
  CC       video_output/opengl/libcaopengllayer_plugin_la-fragment_shaders.lo
  CC       video_output/opengl/libcaopengllayer_plugin_la-converter_sw.lo
  CC       video_output/opengl/libglconv_cvpx_plugin_la-converter_cvpx.lo
  CC       codec/libglconv_cvpx_plugin_la-vt_utils.lo
  CC       video_output/flaschen.lo
  CC       video_output/vdummy.lo
  CC       video_output/vmem.lo
  CC       video_output/yuv.lo
/Users/cam/Documents/Projects/ultima-iv-web/vlc-thumbs/work/build/vlc-source/extras/package/macosx/../../../modules/video_output/vdummy.c:151:54: warning: comparison of integers of different signs: 'int' and 'unsigned long' [-Wsign-compare]
  151 |          (picture->p->i_pitch * picture->p->i_lines) >= sizeof(vlc_tick_t) ) {
      |           ~~~~~~~~~~~~~~~~~~~~~~~~~~~~~~~~~~~~~~~~~  ^  ~~~~~~~~~~~~~~~~~~
1 warning generated.
  CC       access/attachment.lo
  CXX      access/dcp/libdcp_plugin_la-dcp.lo
  CXX      access/dcp/libdcp_plugin_la-dcpparser.lo
In file included from /Users/cam/Documents/Projects/ultima-iv-web/vlc-thumbs/work/build/vlc-source/extras/package/macosx/../../../modules/access/dcp/dcp.cpp:40:
In file included from ../config.h:1000:
In file included from /Users/cam/Documents/Projects/ultima-iv-web/vlc-thumbs/work/build/vlc-source/extras/package/macosx/../../../include/vlc_fixups.h:97:
In file included from /Applications/Xcode.app/Contents/Developer/Platforms/MacOSX.platform/Developer/SDKs/MacOSX.sdk/usr/include/c++/v1/stddef.h:30:
In file included from /Applications/Xcode.app/Contents/Developer/Platforms/MacOSX.platform/Developer/SDKs/MacOSX.sdk/usr/include/c++/v1/__config:15:
/Applications/Xcode.app/Contents/Developer/Platforms/MacOSX.platform/Developer/SDKs/MacOSX.sdk/usr/include/c++/v1/__configuration/availability.h:204:4: warning: "The selected platform is no longer supported by libc++." [-W#warnings]
  204 | #  warning "The selected platform is no longer supported by libc++."
      |    ^
In file included from /Users/cam/Documents/Projects/ultima-iv-web/vlc-thumbs/work/build/vlc-source/extras/package/macosx/../../../modules/access/dcp/dcpparser.cpp:34:
In file included from ../config.h:1000:
In file included from /Users/cam/Documents/Projects/ultima-iv-web/vlc-thumbs/work/build/vlc-source/extras/package/macosx/../../../include/vlc_fixups.h:97:
In file included from /Applications/Xcode.app/Contents/Developer/Platforms/MacOSX.platform/Developer/SDKs/MacOSX.sdk/usr/include/c++/v1/stddef.h:30:
In file included from /Applications/Xcode.app/Contents/Developer/Platforms/MacOSX.platform/Developer/SDKs/MacOSX.sdk/usr/include/c++/v1/__config:15:
/Applications/Xcode.app/Contents/Developer/Platforms/MacOSX.platform/Developer/SDKs/MacOSX.sdk/usr/include/c++/v1/__configuration/availability.h:204:4: warning: "The selected platform is no longer supported by libc++." [-W#warnings]
  204 | #  warning "The selected platform is no longer supported by libc++."
      |    ^
  CXX      access/dcp/libdcp_plugin_la-dcpdecrypt.lo
In file included from /Users/cam/Documents/Projects/ultima-iv-web/vlc-thumbs/work/build/vlc-source/extras/package/macosx/../../../modules/access/dcp/dcpdecrypt.cpp:34:
In file included from ../config.h:1000:
In file included from /Users/cam/Documents/Projects/ultima-iv-web/vlc-thumbs/work/build/vlc-source/extras/package/macosx/../../../include/vlc_fixups.h:97:
In file included from /Applications/Xcode.app/Contents/Developer/Platforms/MacOSX.platform/Developer/SDKs/MacOSX.sdk/usr/include/c++/v1/stddef.h:30:
In file included from /Applications/Xcode.app/Contents/Developer/Platforms/MacOSX.platform/Developer/SDKs/MacOSX.sdk/usr/include/c++/v1/__config:15:
/Applications/Xcode.app/Contents/Developer/Platforms/MacOSX.platform/Developer/SDKs/MacOSX.sdk/usr/include/c++/v1/__configuration/availability.h:204:4: warning: "The selected platform is no longer supported by libc++." [-W#warnings]
  204 | #  warning "The selected platform is no longer supported by libc++."
      |    ^
1 warning generated.
  CC       access/libfilesystem_plugin_la-file.lo
  CC       access/libfilesystem_plugin_la-directory.lo
  CC       access/libfilesystem_plugin_la-fs.lo
/Users/cam/Documents/Projects/ultima-iv-web/vlc-thumbs/work/build/vlc-source/extras/package/macosx/../../../modules/access/dcp/dcp.cpp:132:1: warning: 'demux_sys_t' defined as a class here but previously declared as a struct; this is valid, but may result in linker errors under the Microsoft C++ ABI [-Wmismatched-tags]
  132 | class demux_sys_t
      | ^
/Users/cam/Documents/Projects/ultima-iv-web/vlc-thumbs/work/build/vlc-source/extras/package/macosx/../../../include/vlc_common.h:231:9: note: did you mean class here?
  231 | typedef struct demux_sys_t demux_sys_t;
      |         ^~~~~~
      |         class
  CC       access/idummy.lo
  CC       access/imem-access.lo
  CC       access/imem.lo
2 warnings generated.
  CC       access/sdp.lo
1 warning generated.
  CC       access/timecode.lo
  CC       access/vdr.lo
  OBJC     access/libavaudiocapture_plugin_la-avaudiocapture.lo
  OBJC     access/libavcapture_plugin_la-avcapture.lo
  CC       access/shm.lo
1 warning generated.
  CC       access/screen/screen.lo
  CC       access/screen/mac.lo
  CC       access/vcd/libcdda_plugin_la-cdrom.lo
/Users/cam/Documents/Projects/ultima-iv-web/vlc-thumbs/work/build/vlc-source/extras/package/macosx/../../../modules/access/vcd/cdrom.c:265:13: warning: unused function 'TracksRangeIsValid' [-Wunused-function]
  265 | static bool TracksRangeIsValid( int i_first, int i_last )
      |             ^~~~~~~~~~~~~~~~~~
1 warning generated.
  CC       misc/webservices/libcdda_plugin_la-json.lo
  CC       misc/webservices/libcdda_plugin_la-musicbrainz.lo
/Users/cam/Documents/Projects/ultima-iv-web/vlc-thumbs/work/build/vlc-source/extras/package/macosx/../../../modules/misc/webservices/json.c:377:28: warning: logical not is only applied to the left hand side of this bitwise operator [-Wlogical-not-parentheses]
  377 |                   else if (!state.settings.settings & json_relaxed_commas)
      |                            ^                        ~
/Users/cam/Documents/Projects/ultima-iv-web/vlc-thumbs/work/build/vlc-source/extras/package/macosx/../../../modules/misc/webservices/json.c:377:28: note: add parentheses after the '!' to evaluate the bitwise operator first
  377 |                   else if (!state.settings.settings & json_relaxed_commas)
      |                            ^                                             
      |                             (                                            )
/Users/cam/Documents/Projects/ultima-iv-web/vlc-thumbs/work/build/vlc-source/extras/package/macosx/../../../modules/misc/webservices/json.c:377:28: note: add parentheses around left hand side expression to silence this warning
  377 |                   else if (!state.settings.settings & json_relaxed_commas)
      |                            ^
      |                            (                       )
/Users/cam/Documents/Projects/ultima-iv-web/vlc-thumbs/work/build/vlc-source/extras/package/macosx/../../../modules/misc/webservices/json.c:532:54: warning: logical not is only applied to the left hand side of this bitwise operator [-Wlogical-not-parentheses]
  532 |                      if (flags & flag_need_comma && (!state.settings.settings & json_relaxed_commas))
      |                                                      ^                        ~
/Users/cam/Documents/Projects/ultima-iv-web/vlc-thumbs/work/build/vlc-source/extras/package/macosx/../../../modules/misc/webservices/json.c:532:54: note: add parentheses after the '!' to evaluate the bitwise operator first
  532 |                      if (flags & flag_need_comma && (!state.settings.settings & json_relaxed_commas))
      |                                                      ^                                             
      |                                                       (                                            )
/Users/cam/Documents/Projects/ultima-iv-web/vlc-thumbs/work/build/vlc-source/extras/package/macosx/../../../modules/misc/webservices/json.c:532:54: note: add parentheses around left hand side expression to silence this warning
  532 |                      if (flags & flag_need_comma && (!state.settings.settings & json_relaxed_commas))
      |                                                      ^
      |                                                      (                       )
2 warnings generated.
  CC       access/vcd/vcd.lo
  CC       access/vcd/cdrom.lo
/Users/cam/Documents/Projects/ultima-iv-web/vlc-thumbs/work/build/vlc-source/extras/package/macosx/../../../modules/access/avcapture.m:517:36: warning: incompatible pointer types passing 'struct vlc_common_members *' to parameter of type 'vlc_object_t *' (aka 'struct vlc_object_t *') [-Wincompatible-pointer-types]
  517 |                 video_format_Print(&_demux->obj, "added new video es", &_fmt.video);
      |                                    ^~~~~~~~~~~~
/Users/cam/Documents/Projects/ultima-iv-web/vlc-thumbs/work/build/vlc-source/extras/package/macosx/../../../include/vlc_es.h:494:48: note: passing argument to parameter here
  494 | VLC_API void video_format_Print( vlc_object_t *, const char *, const video_format_t * );
      |                                                ^
  CCLD     libdvdnav_plugin.la
1 warning generated.
/Users/cam/Documents/Projects/ultima-iv-web/vlc-thumbs/work/build/vlc-source/extras/package/macosx/../../../modules/access/vcd/cdrom.c:265:13: warning: unused function 'TracksRangeIsValid' [-Wunused-function]
  265 | static bool TracksRangeIsValid( int i_first, int i_last )
      |             ^~~~~~~~~~~~~~~~~~
  CCLD     libdvdread_plugin.la
  CCLD     liblibbluray_plugin.la
1 warning generated.
  CCLD     libftp_plugin.la
  CCLD     libhttp_plugin.la
  CC       access/mms/asf.lo
  CC       access/mms/buffer.lo
  CC       codec/opus_header.lo
  CCLD     libaccess_mms_plugin.la
  CCLD     libtcp_plugin.la
  CCLD     libudp_plugin.la
  CCLD     libsftp_plugin.la
  CCLD     libnfs_plugin.la
  CCLD     libsatip_plugin.la
  CCLD     libaccess_concat_plugin.la
  CXXLD    libaccess_srt_plugin.la
  CCLD     librist_plugin.la
  CC       access/http/access.lo
  CC       access/http/libvlc_http_la-message.lo
  CC       access/http/libvlc_http_la-resource.lo
  CC       access/http/libvlc_http_la-file.lo
  CC       access/http/libvlc_http_la-live.lo
  CC       access/http/libvlc_http_la-hpack.lo
  CC       access/http/libvlc_http_la-hpackenc.lo
ld: warning: ignoring duplicate libraries: '-lc++'
  CC       access/http/libvlc_http_la-h2frame.lo
  CC       access/http/libvlc_http_la-h2output.lo
  CC       access/http/libvlc_http_la-h2conn.lo
  CC       access/http/libvlc_http_la-h1conn.lo
  CC       access/http/libvlc_http_la-chunked.lo
  CC       access/http/libvlc_http_la-tunnel.lo
  CC       access/http/libvlc_http_la-connmgr.lo
  CC       access/rtp/librtp_plugin_la-input.lo
  CC       access/rtp/librtp_plugin_la-session.lo
  CC       access/rtp/librtp_plugin_la-xiph.lo
  CC       access/rtp/librtp_plugin_la-rtp.lo
  CC       access/rtp/libvlc_srtp_la-srtp.lo
  CC       access_output/dummy.lo
  CC       access_output/file.lo
/Users/cam/Documents/Projects/ultima-iv-web/vlc-thumbs/work/build/vlc-source/extras/package/macosx/../../../modules/access/rtp/srtp.c:218:23: warning: variable length array folded to constant array as an extension [-Wgnu-folding-constant]
  218 |         uint8_t dummy[ctrlen];
      |                       ^~~~~~
1 warning generated.
  CC       access_output/http.lo
  CC       access_output/udp.lo
  CC       access_output/libaccess_output_livehttp_plugin_la-livehttp.lo
  CC       access_output/libaccess_output_shout_plugin_la-shout.lo
In file included from /Users/cam/Documents/Projects/ultima-iv-web/vlc-thumbs/work/build/vlc-source/extras/package/macosx/../../../modules/access_output/shout.c:45:
../config.h:941:9: warning: '_THREAD_SAFE' macro redefined [-Wmacro-redefined]
  941 | #define _THREAD_SAFE /**/
      |         ^
<command line>:4:9: note: previous definition is here
    4 | #define _THREAD_SAFE 1
      |         ^
/Users/cam/Documents/Projects/ultima-iv-web/vlc-thumbs/work/build/vlc-source/extras/package/macosx/../../../modules/access_output/udp.c:360:13: warning: 'block_FifoCount' is deprecated [-Wdeprecated-declarations]
  360 |     while ( block_FifoCount( p_sys->p_empty_blocks ) > MAX_EMPTY_BLOCKS )
      |             ^
/Users/cam/Documents/Projects/ultima-iv-web/vlc-thumbs/work/build/vlc-source/extras/package/macosx/../../../include/vlc_block.h:477:57: note: 'block_FifoCount' has been explicitly marked deprecated here
  477 | VLC_API size_t block_FifoCount(block_fifo_t *) VLC_USED VLC_DEPRECATED;
      |                                                         ^
/Users/cam/Documents/Projects/ultima-iv-web/vlc-thumbs/work/build/vlc-source/extras/package/macosx/../../../include/vlc_common.h:85:40: note: expanded from macro 'VLC_DEPRECATED'
   85 | # define VLC_DEPRECATED __attribute__((deprecated))
      |                                        ^
/Users/cam/Documents/Projects/ultima-iv-web/vlc-thumbs/work/build/vlc-source/extras/package/macosx/../../../modules/access_output/udp.c:366:9: warning: 'block_FifoCount' is deprecated [-Wdeprecated-declarations]
  366 |     if( block_FifoCount( p_sys->p_empty_blocks ) == 0 )
      |         ^
/Users/cam/Documents/Projects/ultima-iv-web/vlc-thumbs/work/build/vlc-source/extras/package/macosx/../../../include/vlc_block.h:477:57: note: 'block_FifoCount' has been explicitly marked deprecated here
  477 | VLC_API size_t block_FifoCount(block_fifo_t *) VLC_USED VLC_DEPRECATED;
      |                                                         ^
/Users/cam/Documents/Projects/ultima-iv-web/vlc-thumbs/work/build/vlc-source/extras/package/macosx/../../../include/vlc_common.h:85:40: note: expanded from macro 'VLC_DEPRECATED'
   85 | # define VLC_DEPRECATED __attribute__((deprecated))
      |                                        ^
2 warnings generated.
  CC       access_output/libaccess_output_srt_plugin_la-srt.lo
  CC       access_output/libaccess_output_rist_plugin_la-rist.lo
1 warning generated.
  CC       audio_output/adummy.lo
  CC       audio_output/libafile_plugin_la-file.lo
/Users/cam/Documents/Projects/ultima-iv-web/vlc-thumbs/work/build/vlc-source/extras/package/macosx/../../../modules/access_output/srt.c:247:19: warning: variable length array folded to constant array as an extension [-Wgnu-folding-constant]
  247 |     uint8_t chunk[SRT_LIVE_MAX_PLSIZE];
      |                   ^~~~~~~~~~~~~~~~~~~
/Users/cam/Documents/Projects/ultima-iv-web/vlc-thumbs/work/build/vlc-source/extras/package/macosx/../../../modules/access_output/srt.c:260:22: warning: comparison of integers of different signs: 'size_t' (aka 'unsigned long') and 'int' [-Wsign-compare]
  260 |         chunk_size = __MIN( block_BytestreamRemaining( &p_sys->block_stream ),
      |                      ^      ~~~~~~~~~~~~~~~~~~~~~~~~~~~~~~~~~~~~~~~~~~~~~~~~~
  261 |                             p_sys->i_payload_size );
      |                             ~~~~~~~~~~~~~~~~~~~~~
/Users/cam/Documents/Projects/ultima-iv-web/vlc-thumbs/work/build/vlc-source/extras/package/macosx/../../../include/vlc_common.h:498:33: note: expanded from macro '__MIN'
  498 | #   define __MIN(a, b)   ( ((a) < (b)) ? (a) : (b) )
      |                              ~  ^  ~
2 warnings generated.
  CC       audio_output/amem.lo
  CC       audio_output/auhal.lo
  CC       audio_output/coreaudio_common.lo
  CC       audio_filter/audiobargraph_a.lo
  CC       audio_filter/chorus_flanger.lo
/Users/cam/Documents/Projects/ultima-iv-web/vlc-thumbs/work/build/vlc-source/extras/package/macosx/../../../modules/audio_output/coreaudio_common.c:787:29: warning: unused variable 'p_sys' [-Wunused-variable]
  787 |     struct aout_sys_common *p_sys = (struct aout_sys_common *) p_aout->sys;
      |                             ^~~~~
/Users/cam/Documents/Projects/ultima-iv-web/vlc-thumbs/work/build/vlc-source/extras/package/macosx/../../../modules/audio_output/coreaudio_common.c:788:14: warning: unused variable 'chans_out' [-Wunused-variable]
  788 |     uint32_t chans_out[AOUT_CHAN_MAX] = { 0, };
      |              ^~~~~~~~~
  CC       audio_filter/compressor.lo
2 warnings generated.
  CC       audio_filter/equalizer.lo
/Users/cam/Documents/Projects/ultima-iv-web/vlc-thumbs/work/build/vlc-source/extras/package/macosx/../../../modules/audio_output/auhal.c:410:41: warning: unused parameter 'p_aout' [-Wunused-parameter]
  410 | AudioDeviceIsAHeadphone(audio_output_t *p_aout, AudioDeviceID i_dev_id)
      |                                         ^
/Users/cam/Documents/Projects/ultima-iv-web/vlc-thumbs/work/build/vlc-source/extras/package/macosx/../../../modules/audio_output/auhal.c:497:17: warning: unused variable 'length' [-Wunused-variable]
  497 |         CFIndex length;
      |                 ^~~~~~
/Users/cam/Documents/Projects/ultima-iv-web/vlc-thumbs/work/build/vlc-source/extras/package/macosx/../../../modules/audio_output/auhal.c:1505:29: warning: variable 'i_param_size' set but not used [-Wunused-but-set-variable]
 1505 |     UInt32                  i_param_size = 0;
      |                             ^
  CC       audio_filter/karaoke.lo
  CC       audio_filter/normvol.lo
3 warnings generated.
  CC       audio_filter/gain.lo
  CC       audio_filter/param_eq.lo
  CC       audio_filter/scaletempo.lo
  CC       audio_filter/libscaletempo_pitch_plugin_la-scaletempo.lo
  CXX      audio_filter/spatializer/allpass.lo
  CXX      audio_filter/spatializer/comb.lo
In file included from /Users/cam/Documents/Projects/ultima-iv-web/vlc-thumbs/work/build/vlc-source/extras/package/macosx/../../../modules/audio_filter/spatializer/allpass.cpp:8:
In file included from /Applications/Xcode.app/Contents/Developer/Platforms/MacOSX.platform/Developer/SDKs/MacOSX.sdk/usr/include/c++/v1/stddef.h:30:
In file included from /Applications/Xcode.app/Contents/Developer/Platforms/MacOSX.platform/Developer/SDKs/MacOSX.sdk/usr/include/c++/v1/__config:15:
/Applications/Xcode.app/Contents/Developer/Platforms/MacOSX.platform/Developer/SDKs/MacOSX.sdk/usr/include/c++/v1/__configuration/availability.h:204:4: warning: "The selected platform is no longer supported by libc++." [-W#warnings]
  204 | #  warning "The selected platform is no longer supported by libc++."
      |    ^
1 warning generated.
  CC       audio_filter/spatializer/denormals.lo
In file included from /Users/cam/Documents/Projects/ultima-iv-web/vlc-thumbs/work/build/vlc-source/extras/package/macosx/../../../modules/audio_filter/spatializer/comb.cpp:8:
In file included from /Applications/Xcode.app/Contents/Developer/Platforms/MacOSX.platform/Developer/SDKs/MacOSX.sdk/usr/include/c++/v1/stddef.h:30:
In file included from /Applications/Xcode.app/Contents/Developer/Platforms/MacOSX.platform/Developer/SDKs/MacOSX.sdk/usr/include/c++/v1/__config:15:
/Applications/Xcode.app/Contents/Developer/Platforms/MacOSX.platform/Developer/SDKs/MacOSX.sdk/usr/include/c++/v1/__configuration/availability.h:204:4: warning: "The selected platform is no longer supported by libc++." [-W#warnings]
  204 | #  warning "The selected platform is no longer supported by libc++."
      |    ^
1 warning generated.
  CXX      audio_filter/spatializer/revmodel.lo
  CXX      audio_filter/spatializer/spatializer.lo
In file included from /Users/cam/Documents/Projects/ultima-iv-web/vlc-thumbs/work/build/vlc-source/extras/package/macosx/../../../modules/audio_filter/spatializer/revmodel.cpp:16:
In file included from /Applications/Xcode.app/Contents/Developer/Platforms/MacOSX.platform/Developer/SDKs/MacOSX.sdk/usr/include/c++/v1/stdlib.h:79:
In file included from /Applications/Xcode.app/Contents/Developer/Platforms/MacOSX.platform/Developer/SDKs/MacOSX.sdk/usr/include/c++/v1/__config:15:
/Applications/Xcode.app/Contents/Developer/Platforms/MacOSX.platform/Developer/SDKs/MacOSX.sdk/usr/include/c++/v1/__configuration/availability.h:204:4: warning: "The selected platform is no longer supported by libc++." [-W#warnings]
  204 | #  warning "The selected platform is no longer supported by libc++."
      |    ^
  CC       audio_filter/stereo_widen.lo
  CC       audio_filter/channel_mixer/dolby.lo
In file included from /Users/cam/Documents/Projects/ultima-iv-web/vlc-thumbs/work/build/vlc-source/extras/package/macosx/../../../modules/audio_filter/spatializer/spatializer.cpp:31:
In file included from ../config.h:1000:
In file included from /Users/cam/Documents/Projects/ultima-iv-web/vlc-thumbs/work/build/vlc-source/extras/package/macosx/../../../include/vlc_fixups.h:97:
In file included from /Applications/Xcode.app/Contents/Developer/Platforms/MacOSX.platform/Developer/SDKs/MacOSX.sdk/usr/include/c++/v1/stddef.h:30:
In file included from /Applications/Xcode.app/Contents/Developer/Platforms/MacOSX.platform/Developer/SDKs/MacOSX.sdk/usr/include/c++/v1/__config:15:
/Applications/Xcode.app/Contents/Developer/Platforms/MacOSX.platform/Developer/SDKs/MacOSX.sdk/usr/include/c++/v1/__configuration/availability.h:204:4: warning: "The selected platform is no longer supported by libc++." [-W#warnings]
  204 | #  warning "The selected platform is no longer supported by libc++."
      |    ^
1 warning generated.
  CC       audio_filter/channel_mixer/headphone.lo
  CC       audio_filter/channel_mixer/mono.lo
1 warning generated.
  CC       audio_filter/channel_mixer/remap.lo
  CC       audio_filter/channel_mixer/libsimple_channel_mixer_plugin_la-simple.lo
  CC       audio_filter/channel_mixer/trivial.lo
  CXX      audio_filter/channel_mixer/libspatialaudio_plugin_la-spatialaudio.lo
  CC       audio_filter/converter/tospdif.lo
  CC       packetizer/dts_header.lo
In file included from /Users/cam/Documents/Projects/ultima-iv-web/vlc-thumbs/work/build/vlc-source/extras/package/macosx/../../../modules/audio_filter/channel_mixer/spatialaudio.cpp:28:
In file included from ../config.h:1000:
In file included from /Users/cam/Documents/Projects/ultima-iv-web/vlc-thumbs/work/build/vlc-source/extras/package/macosx/../../../include/vlc_fixups.h:97:
In file included from /Applications/Xcode.app/Contents/Developer/Platforms/MacOSX.platform/Developer/SDKs/MacOSX.sdk/usr/include/c++/v1/stddef.h:30:
In file included from /Applications/Xcode.app/Contents/Developer/Platforms/MacOSX.platform/Developer/SDKs/MacOSX.sdk/usr/include/c++/v1/__config:15:
/Applications/Xcode.app/Contents/Developer/Platforms/MacOSX.platform/Developer/SDKs/MacOSX.sdk/usr/include/c++/v1/__configuration/availability.h:204:4: warning: "The selected platform is no longer supported by libc++." [-W#warnings]
  204 | #  warning "The selected platform is no longer supported by libc++."
      |    ^
  CC       audio_filter/converter/libaudio_format_plugin_la-format.lo
  CC       audio_filter/resampler/libsamplerate_plugin_la-src.lo
  CC       audio_filter/resampler/ugly.lo
  CC       audio_filter/resampler/libspeex_resampler_plugin_la-speex.lo
  CCLD     libmad_plugin.la
  CC       audio_mixer/libfloat_mixer_plugin_la-float.lo
In file included from /Users/cam/Documents/Projects/ultima-iv-web/vlc-thumbs/work/build/vlc-source/extras/package/macosx/../../../modules/audio_filter/channel_mixer/spatialaudio.cpp:43:
In file included from /Users/cam/Documents/Projects/ultima-iv-web/vlc-thumbs/work/build/vlc-source/contrib/aarch64-apple-darwin27/include/spatialaudio/Ambisonics.h:27:
/Users/cam/Documents/Projects/ultima-iv-web/vlc-thumbs/work/build/vlc-source/contrib/aarch64-apple-darwin27/include/spatialaudio/AmbisonicDecoder.h:57:10: warning: 'CAmbisonicDecoder::Configure' hides overloaded virtual function [-Woverloaded-virtual]
   57 |     bool Configure(unsigned nOrder, bool b3D, int nSpeakerSetUp, unsigned nSpeakers = 0);
      |          ^
/Users/cam/Documents/Projects/ultima-iv-web/vlc-thumbs/work/build/vlc-source/contrib/aarch64-apple-darwin27/include/spatialaudio/AmbisonicBase.h:49:18: note: hidden overloaded virtual function 'CAmbisonicBase::Configure' declared here: different number of parameters (3 vs 4)
   49 |     virtual bool Configure(unsigned nOrder, bool b3D, unsigned nMisc);
      |                  ^
In file included from /Users/cam/Documents/Projects/ultima-iv-web/vlc-thumbs/work/build/vlc-source/extras/package/macosx/../../../modules/audio_filter/channel_mixer/spatialaudio.cpp:43:
In file included from /Users/cam/Documents/Projects/ultima-iv-web/vlc-thumbs/work/build/vlc-source/contrib/aarch64-apple-darwin27/include/spatialaudio/Ambisonics.h:28:
/Users/cam/Documents/Projects/ultima-iv-web/vlc-thumbs/work/build/vlc-source/contrib/aarch64-apple-darwin27/include/spatialaudio/AmbisonicProcessor.h:126:10: warning: 'CAmbisonicProcessor::Configure' hides overloaded virtual function [-Woverloaded-virtual]
  126 |     bool Configure(unsigned nOrder, bool b3D, unsigned nBlockSize, unsigned nMisc);
      |          ^
/Users/cam/Documents/Projects/ultima-iv-web/vlc-thumbs/work/build/vlc-source/contrib/aarch64-apple-darwin27/include/spatialaudio/AmbisonicBase.h:49:18: note: hidden overloaded virtual function 'CAmbisonicBase::Configure' declared here: different number of parameters (3 vs 4)
   49 |     virtual bool Configure(unsigned nOrder, bool b3D, unsigned nMisc);
      |                  ^
In file included from /Users/cam/Documents/Projects/ultima-iv-web/vlc-thumbs/work/build/vlc-source/extras/package/macosx/../../../modules/audio_filter/channel_mixer/spatialaudio.cpp:43:
In file included from /Users/cam/Documents/Projects/ultima-iv-web/vlc-thumbs/work/build/vlc-source/contrib/aarch64-apple-darwin27/include/spatialaudio/Ambisonics.h:29:
/Users/cam/Documents/Projects/ultima-iv-web/vlc-thumbs/work/build/vlc-source/contrib/aarch64-apple-darwin27/include/spatialaudio/AmbisonicBinauralizer.h:44:18: warning: 'CAmbisonicBinauralizer::Configure' hides overloaded virtual function [-Woverloaded-virtual]
   44 |     virtual bool Configure(unsigned nOrder,
      |                  ^
/Users/cam/Documents/Projects/ultima-iv-web/vlc-thumbs/work/build/vlc-source/contrib/aarch64-apple-darwin27/include/spatialaudio/AmbisonicBase.h:49:18: note: hidden overloaded virtual function 'CAmbisonicBase::Configure' declared here: different number of parameters (3 vs 6)
   49 |     virtual bool Configure(unsigned nOrder, bool b3D, unsigned nMisc);
      |                  ^
In file included from /Users/cam/Documents/Projects/ultima-iv-web/vlc-thumbs/work/build/vlc-source/extras/package/macosx/../../../modules/audio_filter/channel_mixer/spatialaudio.cpp:44:
/Users/cam/Documents/Projects/ultima-iv-web/vlc-thumbs/work/build/vlc-source/contrib/aarch64-apple-darwin27/include/spatialaudio/SpeakersBinauralizer.h:18:10: warning: 'SpeakersBinauralizer::Configure' hides overloaded virtual function [-Woverloaded-virtual]
   18 |     bool Configure(unsigned nSampleRate,
      |          ^
  CC       audio_mixer/libinteger_mixer_plugin_la-integer.lo
/Users/cam/Documents/Projects/ultima-iv-web/vlc-thumbs/work/build/vlc-source/contrib/aarch64-apple-darwin27/include/spatialaudio/AmbisonicBinauralizer.h:44:18: note: hidden overloaded virtual function 'CAmbisonicBinauralizer::Configure' declared here: type mismatch at 2nd parameter ('bool' vs 'unsigned int')
   44 |     virtual bool Configure(unsigned nOrder,
      |                  ^
  CC       video_chroma/i420_rgb.lo
  CC       video_chroma/i420_rgb8.lo
  CC       video_chroma/i420_rgb16.lo
5 warnings generated.
  CC       video_chroma/libi420_yuy2_plugin_la-i420_yuy2.lo
  CC       video_chroma/libi420_nv12_plugin_la-i420_nv12.lo
  CC       video_chroma/copy.lo
  CC       video_chroma/libi420_10_p010_plugin_la-i420_10_p010.lo
/Users/cam/Documents/Projects/ultima-iv-web/vlc-thumbs/work/build/vlc-source/extras/package/macosx/../../../modules/video_chroma/copy.c:835:33: warning: comparison of integers of different signs: 'const size_t' (aka 'const unsigned long') and 'int' [-Wsign-compare]
  835 |     const unsigned copy_pitch = __MIN(src_pitch[1], dst->p[1].i_pitch / 2);
      |                                 ^     ~~~~~~~~~~~~  ~~~~~~~~~~~~~~~~~~~~~
/Users/cam/Documents/Projects/ultima-iv-web/vlc-thumbs/work/build/vlc-source/extras/package/macosx/../../../include/vlc_common.h:498:33: note: expanded from macro '__MIN'
  498 | #   define __MIN(a, b)   ( ((a) < (b)) ? (a) : (b) )
      |                              ~  ^  ~
  CC       video_chroma/i422_i420.lo
  CC       video_chroma/libi422_yuy2_plugin_la-i422_yuy2.lo
  CC       video_chroma/grey_yuv.lo
  CC       video_chroma/yuy2_i420.lo
1 warning generated.
  CC       video_chroma/yuy2_i422.lo
  CC       video_chroma/rv32.lo
  CC       video_chroma/chain.lo
  CC       video_chroma/yuvp.lo
  CC       video_chroma/libswscale_plugin_la-swscale.lo
  CC       codec/avcodec/libswscale_plugin_la-chroma.lo
  CCLD     libddummy_plugin.la
  CCLD     libedummy_plugin.la
  CCLD     libspdif_plugin.la
  CCLD     libadpcm_plugin.la
  CCLD     libaes3_plugin.la
  CCLD     libaraw_plugin.la
  CCLD     libfaad_plugin.la
  CCLD     libg711_plugin.la
  CCLD     libaudiotoolboxmidi_plugin.la
  CCLD     liblpcm_plugin.la
  CCLD     libmpg123_plugin.la
  CCLD     libuleaddvaudio_plugin.la
ld: warning: object file (/Users/cam/Documents/Projects/ultima-iv-web/vlc-thumbs/work/build/vlc-source/contrib/aarch64-apple-darwin27/lib/libmpg123.a[28](dct36_neon64.S.o)) was built for newer 'macOS' version (27.0) than being linked (11.0)
ld: warning: object file (/Users/cam/Documents/Projects/ultima-iv-web/vlc-thumbs/work/build/vlc-source/contrib/aarch64-apple-darwin27/lib/libmpg123.a[29](dct64_neon64_float.S.o)) was built for newer 'macOS' version (27.0) than being linked (11.0)
ld: warning: object file (/Users/cam/Documents/Projects/ultima-iv-web/vlc-thumbs/work/build/vlc-source/contrib/aarch64-apple-darwin27/lib/libmpg123.a[30](synth_neon64_float.S.o)) was built for newer 'macOS' version (27.0) than being linked (11.0)
ld: warning: object file (/Users/cam/Documents/Projects/ultima-iv-web/vlc-thumbs/work/build/vlc-source/contrib/aarch64-apple-darwin27/lib/libmpg123.a[31](synth_neon64_s32.S.o)) was built for newer 'macOS' version (27.0) than being linked (11.0)
ld: warning: object file (/Users/cam/Documents/Projects/ultima-iv-web/vlc-thumbs/work/build/vlc-source/contrib/aarch64-apple-darwin27/lib/libmpg123.a[32](synth_stereo_neon64_float.S.o)) was built for newer 'macOS' version (27.0) than being linked (11.0)
ld: warning: object file (/Users/cam/Documents/Projects/ultima-iv-web/vlc-thumbs/work/build/vlc-source/contrib/aarch64-apple-darwin27/lib/libmpg123.a[33](synth_stereo_neon64_s32.S.o)) was built for newer 'macOS' version (27.0) than being linked (11.0)
ld: warning: object file (/Users/cam/Documents/Projects/ultima-iv-web/vlc-thumbs/work/build/vlc-source/contrib/aarch64-apple-darwin27/lib/libmpg123.a[34](check_neon.S.o)) was built for newer 'macOS' version (27.0) than being linked (11.0)
ld: warning: object file (/Users/cam/Documents/Projects/ultima-iv-web/vlc-thumbs/work/build/vlc-source/contrib/aarch64-apple-darwin27/lib/libmpg123.a[35](synth_neon64_accurate.S.o)) was built for newer 'macOS' version (27.0) than being linked (11.0)
ld: warning: object file (/Users/cam/Documents/Projects/ultima-iv-web/vlc-thumbs/work/build/vlc-source/contrib/aarch64-apple-darwin27/lib/libmpg123.a[36](synth_stereo_neon64_accurate.S.o)) was built for newer 'macOS' version (27.0) than being linked (11.0)
  CCLD     libcdg_plugin.la
  CCLD     librawvideo_plugin.la
  CCLD     librtpvideo_plugin.la
  CCLD     libpng_plugin.la
  CCLD     libjpeg_plugin.la
  CCLD     liblibass_plugin.la
  CCLD     libcc_plugin.la
  CCLD     libcvdsub_plugin.la
  CCLD     libdvbsub_plugin.la
  CC       codec/arib/libaribsub_plugin_la-aribsub.lo
  CCLD     libscte18_plugin.la
  CCLD     libscte27_plugin.la
  CC       codec/spudec/libspudec_plugin_la-spudec.lo
  CC       codec/spudec/libspudec_plugin_la-parse.lo
  CCLD     libstl_plugin.la
  CCLD     libsubsdec_plugin.la
  CCLD     libsubsusf_plugin.la
  CC       codec/ttml/substtml.lo
  CC       demux/ttml.lo
  CC       codec/webvtt/libwebvtt_plugin_la-subsvtt.lo
  CC       codec/webvtt/libwebvtt_plugin_la-webvtt.lo
  CC       codec/webvtt/libwebvtt_plugin_la-CSSLexer.lo
  CCLD     libsvcdsub_plugin.la
  CCLD     libt140_plugin.la
  CCLD     libtelx_plugin.la
  CCLD     libtextst_plugin.la
  CCLD     libzvbi_plugin.la
  CCLD     libsubstx3g_plugin.la
  CCLD     libflac_plugin.la
  CCLD     libkate_plugin.la
  CCLD     libopus_plugin.la
  CCLD     libspeex_plugin.la
  CCLD     libtheora_plugin.la
  CCLD     libvorbis_plugin.la
  CCLD     liboggspots_plugin.la
  CC       demux/avformat/libavcodec_plugin_la-demux.lo
/Users/cam/Documents/Projects/ultima-iv-web/vlc-thumbs/work/build/vlc-source/extras/package/macosx/../../../modules/demux/avformat/demux.c:1144:40: warning: initializer-string for character array is too long, array size is 10 but initializer has size 11 (including the null terminating character); did you mean to use the 'nonstring' attribute? [-Wunterminated-string-initialization]
 1144 |                 [vlc_meta_EncodedBy] = "encoded_by",
      |                                        ^~~~~~~~~~~~
  CCLD     libavcodec_common.la
  CCLD     libx265_plugin.la
1 warning generated.
  CCLD     libx264_plugin.la
  CCLD     libx26410b_plugin.la
  CCLD     libvpx_plugin.la
  CCLD     libaom_plugin.la
  CCLD     libtwolame_plugin.la
  CCLD     libdav1d_plugin.la
  CC       control/dummy.lo
  CC       control/gestures.lo
/Users/cam/Documents/Projects/ultima-iv-web/vlc-thumbs/work/build/vlc-source/extras/package/macosx/../../../modules/control/gestures.c:502:39: warning: unused parameter 'oldval' [-Wunused-parameter]
  502 |                           vlc_value_t oldval, vlc_value_t val, void *p_data )
      |                                       ^
Undefined symbols for architecture arm64:
  "_dav1d_avg_16bpc_avx2", referenced from:
      _dav1d_mc_dsp_init_16bpc in libdav1d.a[arm64][26](mc_tmpl.c.o)
  "_dav1d_avg_16bpc_avx512icl", referenced from:
      _dav1d_mc_dsp_init_16bpc in libdav1d.a[arm64][26](mc_tmpl.c.o)
  "_dav1d_avg_16bpc_ssse3", referenced from:
      _dav1d_mc_dsp_init_16bpc in libdav1d.a[arm64][26](mc_tmpl.c.o)
  "_dav1d_avg_8bpc_avx2", referenced from:
      _dav1d_mc_dsp_init_8bpc in libdav1d.a[arm64][13](mc_tmpl.c.o)
  "_dav1d_avg_8bpc_avx512icl", referenced from:
      _dav1d_mc_dsp_init_8bpc in libdav1d.a[arm64][13](mc_tmpl.c.o)
  "_dav1d_avg_8bpc_ssse3", referenced from:
      _dav1d_mc_dsp_init_8bpc in libdav1d.a[arm64][13](mc_tmpl.c.o)
  "_dav1d_blend_16bpc_avx2", referenced from:
      _dav1d_mc_dsp_init_16bpc in libdav1d.a[arm64][26](mc_tmpl.c.o)
  "_dav1d_blend_16bpc_avx512icl", referenced from:
      _dav1d_mc_dsp_init_16bpc in libdav1d.a[arm64][26](mc_tmpl.c.o)
  "_dav1d_blend_16bpc_ssse3", referenced from:
      _dav1d_mc_dsp_init_16bpc in libdav1d.a[arm64][26](mc_tmpl.c.o)
  "_dav1d_blend_8bpc_avx2", referenced from:
      _dav1d_mc_dsp_init_8bpc in libdav1d.a[arm64][13](mc_tmpl.c.o)
  "_dav1d_blend_8bpc_avx512icl", referenced from:
      _dav1d_mc_dsp_init_8bpc in libdav1d.a[arm64][13](mc_tmpl.c.o)
  "_dav1d_blend_8bpc_ssse3", referenced from:
      _dav1d_mc_dsp_init_8bpc in libdav1d.a[arm64][13](mc_tmpl.c.o)
  "_dav1d_blend_h_16bpc_avx2", referenced from:
      _dav1d_mc_dsp_init_16bpc in libdav1d.a[arm64][26](mc_tmpl.c.o)
  "_dav1d_blend_h_16bpc_avx512icl", referenced from:
      _dav1d_mc_dsp_init_16bpc in libdav1d.a[arm64][26](mc_tmpl.c.o)
  "_dav1d_blend_h_16bpc_ssse3", referenced from:
      _dav1d_mc_dsp_init_16bpc in libdav1d.a[arm64][26](mc_tmpl.c.o)
  "_dav1d_blend_h_8bpc_avx2", referenced from:
      _dav1d_mc_dsp_init_8bpc in libdav1d.a[arm64][13](mc_tmpl.c.o)
  "_dav1d_blend_h_8bpc_avx512icl", referenced from:
      _dav1d_mc_dsp_init_8bpc in libdav1d.a[arm64][13](mc_tmpl.c.o)
  "_dav1d_blend_h_8bpc_ssse3", referenced from:
      _dav1d_mc_dsp_init_8bpc in libdav1d.a[arm64][13](mc_tmpl.c.o)
  "_dav1d_blend_v_16bpc_avx2", referenced from:
      _dav1d_mc_dsp_init_16bpc in libdav1d.a[arm64][26](mc_tmpl.c.o)
  "_dav1d_blend_v_16bpc_avx512icl", referenced from:
      _dav1d_mc_dsp_init_16bpc in libdav1d.a[arm64][26](mc_tmpl.c.o)
  "_dav1d_blend_v_16bpc_ssse3", referenced from:
      _dav1d_mc_dsp_init_16bpc in libdav1d.a[arm64][26](mc_tmpl.c.o)
  "_dav1d_blend_v_8bpc_avx2", referenced from:
      _dav1d_mc_dsp_init_8bpc in libdav1d.a[arm64][13](mc_tmpl.c.o)
  "_dav1d_blend_v_8bpc_avx512icl", referenced from:
      _dav1d_mc_dsp_init_8bpc in libdav1d.a[arm64][13](mc_tmpl.c.o)
  "_dav1d_blend_v_8bpc_ssse3", referenced from:
      _dav1d_mc_dsp_init_8bpc in libdav1d.a[arm64][13](mc_tmpl.c.o)
  "_dav1d_cdef_dir_16bpc_avx2", referenced from:
      _dav1d_cdef_dsp_init_16bpc in libdav1d.a[arm64][16](cdef_tmpl.c.o)
  "_dav1d_cdef_dir_16bpc_sse4", referenced from:
      _dav1d_cdef_dsp_init_16bpc in libdav1d.a[arm64][16](cdef_tmpl.c.o)
  "_dav1d_cdef_dir_16bpc_ssse3", referenced from:
      _dav1d_cdef_dsp_init_16bpc in libdav1d.a[arm64][16](cdef_tmpl.c.o)
  "_dav1d_cdef_dir_8bpc_avx2", referenced from:
      _dav1d_cdef_dsp_init_8bpc in libdav1d.a[arm64][3](cdef_tmpl.c.o)
  "_dav1d_cdef_dir_8bpc_sse4", referenced from:
      _dav1d_cdef_dsp_init_8bpc in libdav1d.a[arm64][3](cdef_tmpl.c.o)
  "_dav1d_cdef_dir_8bpc_ssse3", referenced from:
      _dav1d_cdef_dsp_init_8bpc in libdav1d.a[arm64][3](cdef_tmpl.c.o)
  "_dav1d_cdef_filter_4x4_16bpc_avx2", referenced from:
      _dav1d_cdef_dsp_init_16bpc in libdav1d.a[arm64][16](cdef_tmpl.c.o)
  "_dav1d_cdef_filter_4x4_16bpc_avx512icl", referenced from:
      _dav1d_cdef_dsp_init_16bpc in libdav1d.a[arm64][16](cdef_tmpl.c.o)
  "_dav1d_cdef_filter_4x4_16bpc_ssse3", referenced from:
      _dav1d_cdef_dsp_init_16bpc in libdav1d.a[arm64][16](cdef_tmpl.c.o)
  "_dav1d_cdef_filter_4x4_8bpc_avx2", referenced from:
      _dav1d_cdef_dsp_init_8bpc in libdav1d.a[arm64][3](cdef_tmpl.c.o)
  "_dav1d_cdef_filter_4x4_8bpc_avx512icl", referenced from:
      _dav1d_cdef_dsp_init_8bpc in libdav1d.a[arm64][3](cdef_tmpl.c.o)
  "_dav1d_cdef_filter_4x4_8bpc_sse2", referenced from:
      _dav1d_cdef_dsp_init_8bpc in libdav1d.a[arm64][3](cdef_tmpl.c.o)
  "_dav1d_cdef_filter_4x4_8bpc_sse4", referenced from:
      _dav1d_cdef_dsp_init_8bpc in libdav1d.a[arm64][3](cdef_tmpl.c.o)
  "_dav1d_cdef_filter_4x4_8bpc_ssse3", referenced from:
      _dav1d_cdef_dsp_init_8bpc in libdav1d.a[arm64][3](cdef_tmpl.c.o)
  "_dav1d_cdef_filter_4x8_16bpc_avx2", referenced from:
      _dav1d_cdef_dsp_init_16bpc in libdav1d.a[arm64][16](cdef_tmpl.c.o)
  "_dav1d_cdef_filter_4x8_16bpc_avx512icl", referenced from:
      _dav1d_cdef_dsp_init_16bpc in libdav1d.a[arm64][16](cdef_tmpl.c.o)
  "_dav1d_cdef_filter_4x8_16bpc_ssse3", referenced from:
      _dav1d_cdef_dsp_init_16bpc in libdav1d.a[arm64][16](cdef_tmpl.c.o)
  "_dav1d_cdef_filter_4x8_8bpc_avx2", referenced from:
      _dav1d_cdef_dsp_init_8bpc in libdav1d.a[arm64][3](cdef_tmpl.c.o)
  "_dav1d_cdef_filter_4x8_8bpc_avx512icl", referenced from:
      _dav1d_cdef_dsp_init_8bpc in libdav1d.a[arm64][3](cdef_tmpl.c.o)
  "_dav1d_cdef_filter_4x8_8bpc_sse2", referenced from:
      _dav1d_cdef_dsp_init_8bpc in libdav1d.a[arm64][3](cdef_tmpl.c.o)
  "_dav1d_cdef_filter_4x8_8bpc_sse4", referenced from:
      _dav1d_cdef_dsp_init_8bpc in libdav1d.a[arm64][3](cdef_tmpl.c.o)
  "_dav1d_cdef_filter_4x8_8bpc_ssse3", referenced from:
      _dav1d_cdef_dsp_init_8bpc in libdav1d.a[arm64][3](cdef_tmpl.c.o)
  "_dav1d_cdef_filter_8x8_16bpc_avx2", referenced from:
      _dav1d_cdef_dsp_init_16bpc in libdav1d.a[arm64][16](cdef_tmpl.c.o)
  "_dav1d_cdef_filter_8x8_16bpc_avx512icl", referenced from:
      _dav1d_cdef_dsp_init_16bpc in libdav1d.a[arm64][16](cdef_tmpl.c.o)
  "_dav1d_cdef_filter_8x8_16bpc_ssse3", referenced from:
      _dav1d_cdef_dsp_init_16bpc in libdav1d.a[arm64][16](cdef_tmpl.c.o)
  "_dav1d_cdef_filter_8x8_8bpc_avx2", referenced from:
      _dav1d_cdef_dsp_init_8bpc in libdav1d.a[arm64][3](cdef_tmpl.c.o)
  "_dav1d_cdef_filter_8x8_8bpc_avx512icl", referenced from:
      _dav1d_cdef_dsp_init_8bpc in libdav1d.a[arm64][3](cdef_tmpl.c.o)
  "_dav1d_cdef_filter_8x8_8bpc_sse2", referenced from:
      _dav1d_cdef_dsp_init_8bpc in libdav1d.a[arm64][3](cdef_tmpl.c.o)
  "_dav1d_cdef_filter_8x8_8bpc_sse4", referenced from:
      _dav1d_cdef_dsp_init_8bpc in libdav1d.a[arm64][3](cdef_tmpl.c.o)
  "_dav1d_cdef_filter_8x8_8bpc_ssse3", referenced from:
      _dav1d_cdef_dsp_init_8bpc in libdav1d.a[arm64][3](cdef_tmpl.c.o)
  "_dav1d_cpu_cpuid", referenced from:
      _OUTLINED_FUNCTION_0 in libdav1d.a[arm64][53](x86_cpu.c.o)
  "_dav1d_cpu_xgetbv", referenced from:
      _dav1d_get_cpu_flags_x86 in libdav1d.a[arm64][53](x86_cpu.c.o)
  "_dav1d_emu_edge_16bpc_avx2", referenced from:
      _dav1d_mc_dsp_init_16bpc in libdav1d.a[arm64][26](mc_tmpl.c.o)
  "_dav1d_emu_edge_16bpc_ssse3", referenced from:
      _dav1d_mc_dsp_init_16bpc in libdav1d.a[arm64][26](mc_tmpl.c.o)
  "_dav1d_emu_edge_8bpc_avx2", referenced from:
      _dav1d_mc_dsp_init_8bpc in libdav1d.a[arm64][13](mc_tmpl.c.o)
  "_dav1d_emu_edge_8bpc_ssse3", referenced from:
      _dav1d_mc_dsp_init_8bpc in libdav1d.a[arm64][13](mc_tmpl.c.o)
  "_dav1d_fguv_32x32xn_i420_16bpc_avx2", referenced from:
      _dav1d_film_grain_dsp_init_16bpc in libdav1d.a[arm64][18](filmgrain_tmpl.c.o)
  "_dav1d_fguv_32x32xn_i420_16bpc_avx512icl", referenced from:
      _dav1d_film_grain_dsp_init_16bpc in libdav1d.a[arm64][18](filmgrain_tmpl.c.o)
  "_dav1d_fguv_32x32xn_i420_16bpc_ssse3", referenced from:
      _dav1d_film_grain_dsp_init_16bpc in libdav1d.a[arm64][18](filmgrain_tmpl.c.o)
  "_dav1d_fguv_32x32xn_i420_8bpc_avx2", referenced from:
      _dav1d_film_grain_dsp_init_8bpc in libdav1d.a[arm64][5](filmgrain_tmpl.c.o)
  "_dav1d_fguv_32x32xn_i420_8bpc_avx512icl", referenced from:
      _dav1d_film_grain_dsp_init_8bpc in libdav1d.a[arm64][5](filmgrain_tmpl.c.o)
  "_dav1d_fguv_32x32xn_i420_8bpc_ssse3", referenced from:
      _dav1d_film_grain_dsp_init_8bpc in libdav1d.a[arm64][5](filmgrain_tmpl.c.o)
  "_dav1d_fguv_32x32xn_i422_16bpc_avx2", referenced from:
      _dav1d_film_grain_dsp_init_16bpc in libdav1d.a[arm64][18](filmgrain_tmpl.c.o)
  "_dav1d_fguv_32x32xn_i422_16bpc_avx512icl", referenced from:
      _dav1d_film_grain_dsp_init_16bpc in libdav1d.a[arm64][18](filmgrain_tmpl.c.o)
  "_dav1d_fguv_32x32xn_i422_16bpc_ssse3", referenced from:
      _dav1d_film_grain_dsp_init_16bpc in libdav1d.a[arm64][18](filmgrain_tmpl.c.o)
  "_dav1d_fguv_32x32xn_i422_8bpc_avx2", referenced from:
      _dav1d_film_grain_dsp_init_8bpc in libdav1d.a[arm64][5](filmgrain_tmpl.c.o)
  "_dav1d_fguv_32x32xn_i422_8bpc_avx512icl", referenced from:
      _dav1d_film_grain_dsp_init_8bpc in libdav1d.a[arm64][5](filmgrain_tmpl.c.o)
  "_dav1d_fguv_32x32xn_i422_8bpc_ssse3", referenced from:
      _dav1d_film_grain_dsp_init_8bpc in libdav1d.a[arm64][5](filmgrain_tmpl.c.o)
  "_dav1d_fguv_32x32xn_i444_16bpc_avx2", referenced from:
      _dav1d_film_grain_dsp_init_16bpc in libdav1d.a[arm64][18](filmgrain_tmpl.c.o)
  "_dav1d_fguv_32x32xn_i444_16bpc_avx512icl", referenced from:
      _dav1d_film_grain_dsp_init_16bpc in libdav1d.a[arm64][18](filmgrain_tmpl.c.o)
  "_dav1d_fguv_32x32xn_i444_16bpc_ssse3", referenced from:
      _dav1d_film_grain_dsp_init_16bpc in libdav1d.a[arm64][18](filmgrain_tmpl.c.o)
  "_dav1d_fguv_32x32xn_i444_8bpc_avx2", referenced from:
      _dav1d_film_grain_dsp_init_8bpc in libdav1d.a[arm64][5](filmgrain_tmpl.c.o)
  "_dav1d_fguv_32x32xn_i444_8bpc_avx512icl", referenced from:
      _dav1d_film_grain_dsp_init_8bpc in libdav1d.a[arm64][5](filmgrain_tmpl.c.o)
  "_dav1d_fguv_32x32xn_i444_8bpc_ssse3", referenced from:
      _dav1d_film_grain_dsp_init_8bpc in libdav1d.a[arm64][5](filmgrain_tmpl.c.o)
  "_dav1d_fgy_32x32xn_16bpc_avx2", referenced from:
      _dav1d_film_grain_dsp_init_16bpc in libdav1d.a[arm64][18](filmgrain_tmpl.c.o)
  "_dav1d_fgy_32x32xn_16bpc_avx512icl", referenced from:
      _dav1d_film_grain_dsp_init_16bpc in libdav1d.a[arm64][18](filmgrain_tmpl.c.o)
  "_dav1d_fgy_32x32xn_16bpc_ssse3", referenced from:
      _dav1d_film_grain_dsp_init_16bpc in libdav1d.a[arm64][18](filmgrain_tmpl.c.o)
  "_dav1d_fgy_32x32xn_8bpc_avx2", referenced from:
      _dav1d_film_grain_dsp_init_8bpc in libdav1d.a[arm64][5](filmgrain_tmpl.c.o)
  "_dav1d_fgy_32x32xn_8bpc_avx512icl", referenced from:
      _dav1d_film_grain_dsp_init_8bpc in libdav1d.a[arm64][5](filmgrain_tmpl.c.o)
  "_dav1d_fgy_32x32xn_8bpc_ssse3", referenced from:
      _dav1d_film_grain_dsp_init_8bpc in libdav1d.a[arm64][5](filmgrain_tmpl.c.o)
  "_dav1d_generate_grain_uv_420_16bpc_avx2", referenced from:
      _dav1d_film_grain_dsp_init_16bpc in libdav1d.a[arm64][18](filmgrain_tmpl.c.o)
  "_dav1d_generate_grain_uv_420_16bpc_ssse3", referenced from:
      _dav1d_film_grain_dsp_init_16bpc in libdav1d.a[arm64][18](filmgrain_tmpl.c.o)
  "_dav1d_generate_grain_uv_420_8bpc_avx2", referenced from:
      _dav1d_film_grain_dsp_init_8bpc in libdav1d.a[arm64][5](filmgrain_tmpl.c.o)
  "_dav1d_generate_grain_uv_420_8bpc_ssse3", referenced from:
      _dav1d_film_grain_dsp_init_8bpc in libdav1d.a[arm64][5](filmgrain_tmpl.c.o)
  "_dav1d_generate_grain_uv_422_16bpc_avx2", referenced from:
      _dav1d_film_grain_dsp_init_16bpc in libdav1d.a[arm64][18](filmgrain_tmpl.c.o)
  "_dav1d_generate_grain_uv_422_16bpc_ssse3", referenced from:
      _dav1d_film_grain_dsp_init_16bpc in libdav1d.a[arm64][18](filmgrain_tmpl.c.o)
  "_dav1d_generate_grain_uv_422_8bpc_avx2", referenced from:
      _dav1d_film_grain_dsp_init_8bpc in libdav1d.a[arm64][5](filmgrain_tmpl.c.o)
  "_dav1d_generate_grain_uv_422_8bpc_ssse3", referenced from:
      _dav1d_film_grain_dsp_init_8bpc in libdav1d.a[arm64][5](filmgrain_tmpl.c.o)
  "_dav1d_generate_grain_uv_444_16bpc_avx2", referenced from:
      _dav1d_film_grain_dsp_init_16bpc in libdav1d.a[arm64][18](filmgrain_tmpl.c.o)
  "_dav1d_generate_grain_uv_444_16bpc_ssse3", referenced from:
      _dav1d_film_grain_dsp_init_16bpc in libdav1d.a[arm64][18](filmgrain_tmpl.c.o)
  "_dav1d_generate_grain_uv_444_8bpc_avx2", referenced from:
      _dav1d_film_grain_dsp_init_8bpc in libdav1d.a[arm64][5](filmgrain_tmpl.c.o)
  "_dav1d_generate_grain_uv_444_8bpc_ssse3", referenced from:
      _dav1d_film_grain_dsp_init_8bpc in libdav1d.a[arm64][5](filmgrain_tmpl.c.o)
  "_dav1d_generate_grain_y_16bpc_avx2", referenced from:
      _dav1d_film_grain_dsp_init_16bpc in libdav1d.a[arm64][18](filmgrain_tmpl.c.o)
  "_dav1d_generate_grain_y_16bpc_ssse3", referenced from:
      _dav1d_film_grain_dsp_init_16bpc in libdav1d.a[arm64][18](filmgrain_tmpl.c.o)
  "_dav1d_generate_grain_y_8bpc_avx2", referenced from:
      _dav1d_film_grain_dsp_init_8bpc in libdav1d.a[arm64][5](filmgrain_tmpl.c.o)
  "_dav1d_generate_grain_y_8bpc_ssse3", referenced from:
      _dav1d_film_grain_dsp_init_8bpc in libdav1d.a[arm64][5](filmgrain_tmpl.c.o)
  "_dav1d_inv_txfm_add_adst_adst_16x16_10bpc_avx2", referenced from:
      _dav1d_itx_dsp_init_16bpc in libdav1d.a[arm64][21](itx_tmpl.c.o)
  "_dav1d_inv_txfm_add_adst_adst_16x16_10bpc_avx512icl", referenced from:
      _dav1d_itx_dsp_init_16bpc in libdav1d.a[arm64][21](itx_tmpl.c.o)
  "_dav1d_inv_txfm_add_adst_adst_16x16_12bpc_avx2", referenced from:
      _dav1d_itx_dsp_init_16bpc in libdav1d.a[arm64][21](itx_tmpl.c.o)
  "_dav1d_inv_txfm_add_adst_adst_16x16_16bpc_sse4", referenced from:
      _dav1d_itx_dsp_init_16bpc in libdav1d.a[arm64][21](itx_tmpl.c.o)
  "_dav1d_inv_txfm_add_adst_adst_16x16_8bpc_avx2", referenced from:
      _dav1d_itx_dsp_init_8bpc in libdav1d.a[arm64][8](itx_tmpl.c.o)
  "_dav1d_inv_txfm_add_adst_adst_16x16_8bpc_avx512icl", referenced from:
      _dav1d_itx_dsp_init_8bpc in libdav1d.a[arm64][8](itx_tmpl.c.o)
  "_dav1d_inv_txfm_add_adst_adst_16x16_8bpc_ssse3", referenced from:
      _dav1d_itx_dsp_init_8bpc in libdav1d.a[arm64][8](itx_tmpl.c.o)
  "_dav1d_inv_txfm_add_adst_adst_16x4_10bpc_avx2", referenced from:
      _dav1d_itx_dsp_init_16bpc in libdav1d.a[arm64][21](itx_tmpl.c.o)
  "_dav1d_inv_txfm_add_adst_adst_16x4_12bpc_avx2", referenced from:
      _dav1d_itx_dsp_init_16bpc in libdav1d.a[arm64][21](itx_tmpl.c.o)
  "_dav1d_inv_txfm_add_adst_adst_16x4_16bpc_sse4", referenced from:
      _dav1d_itx_dsp_init_16bpc in libdav1d.a[arm64][21](itx_tmpl.c.o)
  "_dav1d_inv_txfm_add_adst_adst_16x4_8bpc_avx2", referenced from:
      _dav1d_itx_dsp_init_8bpc in libdav1d.a[arm64][8](itx_tmpl.c.o)
  "_dav1d_inv_txfm_add_adst_adst_16x4_8bpc_avx512icl", referenced from:
      _dav1d_itx_dsp_init_8bpc in libdav1d.a[arm64][8](itx_tmpl.c.o)
  "_dav1d_inv_txfm_add_adst_adst_16x4_8bpc_ssse3", referenced from:
      _dav1d_itx_dsp_init_8bpc in libdav1d.a[arm64][8](itx_tmpl.c.o)
  "_dav1d_inv_txfm_add_adst_adst_16x8_10bpc_avx2", referenced from:
      _dav1d_itx_dsp_init_16bpc in libdav1d.a[arm64][21](itx_tmpl.c.o)
  "_dav1d_inv_txfm_add_adst_adst_16x8_10bpc_avx512icl", referenced from:
      _dav1d_itx_dsp_init_16bpc in libdav1d.a[arm64][21](itx_tmpl.c.o)
  "_dav1d_inv_txfm_add_adst_adst_16x8_12bpc_avx2", referenced from:
      _dav1d_itx_dsp_init_16bpc in libdav1d.a[arm64][21](itx_tmpl.c.o)
  "_dav1d_inv_txfm_add_adst_adst_16x8_16bpc_sse4", referenced from:
      _dav1d_itx_dsp_init_16bpc in libdav1d.a[arm64][21](itx_tmpl.c.o)
  "_dav1d_inv_txfm_add_adst_adst_16x8_8bpc_avx2", referenced from:
      _dav1d_itx_dsp_init_8bpc in libdav1d.a[arm64][8](itx_tmpl.c.o)
  "_dav1d_inv_txfm_add_adst_adst_16x8_8bpc_avx512icl", referenced from:
      _dav1d_itx_dsp_init_8bpc in libdav1d.a[arm64][8](itx_tmpl.c.o)
  "_dav1d_inv_txfm_add_adst_adst_16x8_8bpc_ssse3", referenced from:
      _dav1d_itx_dsp_init_8bpc in libdav1d.a[arm64][8](itx_tmpl.c.o)
  "_dav1d_inv_txfm_add_adst_adst_4x16_10bpc_avx2", referenced from:
      _dav1d_itx_dsp_init_16bpc in libdav1d.a[arm64][21](itx_tmpl.c.o)
  "_dav1d_inv_txfm_add_adst_adst_4x16_12bpc_avx2", referenced from:
      _dav1d_itx_dsp_init_16bpc in libdav1d.a[arm64][21](itx_tmpl.c.o)
  "_dav1d_inv_txfm_add_adst_adst_4x16_16bpc_sse4", referenced from:
      _dav1d_itx_dsp_init_16bpc in libdav1d.a[arm64][21](itx_tmpl.c.o)
  "_dav1d_inv_txfm_add_adst_adst_4x16_8bpc_avx2", referenced from:
      _dav1d_itx_dsp_init_8bpc in libdav1d.a[arm64][8](itx_tmpl.c.o)
  "_dav1d_inv_txfm_add_adst_adst_4x16_8bpc_avx512icl", referenced from:
      _dav1d_itx_dsp_init_8bpc in libdav1d.a[arm64][8](itx_tmpl.c.o)
  "_dav1d_inv_txfm_add_adst_adst_4x16_8bpc_ssse3", referenced from:
      _dav1d_itx_dsp_init_8bpc in libdav1d.a[arm64][8](itx_tmpl.c.o)
  "_dav1d_inv_txfm_add_adst_adst_4x4_10bpc_avx2", referenced from:
      _dav1d_itx_dsp_init_16bpc in libdav1d.a[arm64][21](itx_tmpl.c.o)
  "_dav1d_inv_txfm_add_adst_adst_4x4_12bpc_avx2", referenced from:
      _dav1d_itx_dsp_init_16bpc in libdav1d.a[arm64][21](itx_tmpl.c.o)
  "_dav1d_inv_txfm_add_adst_adst_4x4_16bpc_sse4", referenced from:
      _dav1d_itx_dsp_init_16bpc in libdav1d.a[arm64][21](itx_tmpl.c.o)
  "_dav1d_inv_txfm_add_adst_adst_4x4_8bpc_avx2", referenced from:
      _dav1d_itx_dsp_init_8bpc in libdav1d.a[arm64][8](itx_tmpl.c.o)
  "_dav1d_inv_txfm_add_adst_adst_4x4_8bpc_avx512icl", referenced from:
      _dav1d_itx_dsp_init_8bpc in libdav1d.a[arm64][8](itx_tmpl.c.o)
  "_dav1d_inv_txfm_add_adst_adst_4x4_8bpc_ssse3", referenced from:
      _dav1d_itx_dsp_init_8bpc in libdav1d.a[arm64][8](itx_tmpl.c.o)
  "_dav1d_inv_txfm_add_adst_adst_4x8_10bpc_avx2", referenced from:
      _dav1d_itx_dsp_init_16bpc in libdav1d.a[arm64][21](itx_tmpl.c.o)
  "_dav1d_inv_txfm_add_adst_adst_4x8_12bpc_avx2", referenced from:
      _dav1d_itx_dsp_init_16bpc in libdav1d.a[arm64][21](itx_tmpl.c.o)
  "_dav1d_inv_txfm_add_adst_adst_4x8_16bpc_sse4", referenced from:
      _dav1d_itx_dsp_init_16bpc in libdav1d.a[arm64][21](itx_tmpl.c.o)
  "_dav1d_inv_txfm_add_adst_adst_4x8_8bpc_avx2", referenced from:
      _dav1d_itx_dsp_init_8bpc in libdav1d.a[arm64][8](itx_tmpl.c.o)
  "_dav1d_inv_txfm_add_adst_adst_4x8_8bpc_avx512icl", referenced from:
      _dav1d_itx_dsp_init_8bpc in libdav1d.a[arm64][8](itx_tmpl.c.o)
  "_dav1d_inv_txfm_add_adst_adst_4x8_8bpc_ssse3", referenced from:
      _dav1d_itx_dsp_init_8bpc in libdav1d.a[arm64][8](itx_tmpl.c.o)
  "_dav1d_inv_txfm_add_adst_adst_8x16_10bpc_avx2", referenced from:
      _dav1d_itx_dsp_init_16bpc in libdav1d.a[arm64][21](itx_tmpl.c.o)
  "_dav1d_inv_txfm_add_adst_adst_8x16_10bpc_avx512icl", referenced from:
      _dav1d_itx_dsp_init_16bpc in libdav1d.a[arm64][21](itx_tmpl.c.o)
  "_dav1d_inv_txfm_add_adst_adst_8x16_12bpc_avx2", referenced from:
      _dav1d_itx_dsp_init_16bpc in libdav1d.a[arm64][21](itx_tmpl.c.o)
  "_dav1d_inv_txfm_add_adst_adst_8x16_16bpc_sse4", referenced from:
      _dav1d_itx_dsp_init_16bpc in libdav1d.a[arm64][21](itx_tmpl.c.o)
  "_dav1d_inv_txfm_add_adst_adst_8x16_8bpc_avx2", referenced from:
      _dav1d_itx_dsp_init_8bpc in libdav1d.a[arm64][8](itx_tmpl.c.o)
  "_dav1d_inv_txfm_add_adst_adst_8x16_8bpc_avx512icl", referenced from:
      _dav1d_itx_dsp_init_8bpc in libdav1d.a[arm64][8](itx_tmpl.c.o)
  "_dav1d_inv_txfm_add_adst_adst_8x16_8bpc_ssse3", referenced from:
      _dav1d_itx_dsp_init_8bpc in libdav1d.a[arm64][8](itx_tmpl.c.o)
  "_dav1d_inv_txfm_add_adst_adst_8x4_10bpc_avx2", referenced from:
      _dav1d_itx_dsp_init_16bpc in libdav1d.a[arm64][21](itx_tmpl.c.o)
  "_dav1d_inv_txfm_add_adst_adst_8x4_12bpc_avx2", referenced from:
      _dav1d_itx_dsp_init_16bpc in libdav1d.a[arm64][21](itx_tmpl.c.o)
  "_dav1d_inv_txfm_add_adst_adst_8x4_16bpc_sse4", referenced from:
      _dav1d_itx_dsp_init_16bpc in libdav1d.a[arm64][21](itx_tmpl.c.o)
  "_dav1d_inv_txfm_add_adst_adst_8x4_8bpc_avx2", referenced from:
      _dav1d_itx_dsp_init_8bpc in libdav1d.a[arm64][8](itx_tmpl.c.o)
  "_dav1d_inv_txfm_add_adst_adst_8x4_8bpc_avx512icl", referenced from:
      _dav1d_itx_dsp_init_8bpc in libdav1d.a[arm64][8](itx_tmpl.c.o)
  "_dav1d_inv_txfm_add_adst_adst_8x4_8bpc_ssse3", referenced from:
      _dav1d_itx_dsp_init_8bpc in libdav1d.a[arm64][8](itx_tmpl.c.o)
  "_dav1d_inv_txfm_add_adst_adst_8x8_10bpc_avx2", referenced from:
      _dav1d_itx_dsp_init_16bpc in libdav1d.a[arm64][21](itx_tmpl.c.o)
  "_dav1d_inv_txfm_add_adst_adst_8x8_10bpc_avx512icl", referenced from:
      _dav1d_itx_dsp_init_16bpc in libdav1d.a[arm64][21](itx_tmpl.c.o)
  "_dav1d_inv_txfm_add_adst_adst_8x8_12bpc_avx2", referenced from:
      _dav1d_itx_dsp_init_16bpc in libdav1d.a[arm64][21](itx_tmpl.c.o)
  "_dav1d_inv_txfm_add_adst_adst_8x8_16bpc_sse4", referenced from:
      _dav1d_itx_dsp_init_16bpc in libdav1d.a[arm64][21](itx_tmpl.c.o)
  "_dav1d_inv_txfm_add_adst_adst_8x8_8bpc_avx2", referenced from:
      _dav1d_itx_dsp_init_8bpc in libdav1d.a[arm64][8](itx_tmpl.c.o)
  "_dav1d_inv_txfm_add_adst_adst_8x8_8bpc_avx512icl", referenced from:
      _dav1d_itx_dsp_init_8bpc in libdav1d.a[arm64][8](itx_tmpl.c.o)
  "_dav1d_inv_txfm_add_adst_adst_8x8_8bpc_ssse3", referenced from:
      _dav1d_itx_dsp_init_8bpc in libdav1d.a[arm64][8](itx_tmpl.c.o)
  "_dav1d_inv_txfm_add_adst_dct_16x16_10bpc_avx2", referenced from:
      _dav1d_itx_dsp_init_16bpc in libdav1d.a[arm64][21](itx_tmpl.c.o)
  "_dav1d_inv_txfm_add_adst_dct_16x16_10bpc_avx512icl", referenced from:
      _dav1d_itx_dsp_init_16bpc in libdav1d.a[arm64][21](itx_tmpl.c.o)
  "_dav1d_inv_txfm_add_adst_dct_16x16_12bpc_avx2", referenced from:
      _dav1d_itx_dsp_init_16bpc in libdav1d.a[arm64][21](itx_tmpl.c.o)
  "_dav1d_inv_txfm_add_adst_dct_16x16_16bpc_sse4", referenced from:
      _dav1d_itx_dsp_init_16bpc in libdav1d.a[arm64][21](itx_tmpl.c.o)
  "_dav1d_inv_txfm_add_adst_dct_16x16_8bpc_avx2", referenced from:
      _dav1d_itx_dsp_init_8bpc in libdav1d.a[arm64][8](itx_tmpl.c.o)
  "_dav1d_inv_txfm_add_adst_dct_16x16_8bpc_avx512icl", referenced from:
      _dav1d_itx_dsp_init_8bpc in libdav1d.a[arm64][8](itx_tmpl.c.o)
  "_dav1d_inv_txfm_add_adst_dct_16x16_8bpc_ssse3", referenced from:
      _dav1d_itx_dsp_init_8bpc in libdav1d.a[arm64][8](itx_tmpl.c.o)
  "_dav1d_inv_txfm_add_adst_dct_16x4_10bpc_avx2", referenced from:
      _dav1d_itx_dsp_init_16bpc in libdav1d.a[arm64][21](itx_tmpl.c.o)
  "_dav1d_inv_txfm_add_adst_dct_16x4_12bpc_avx2", referenced from:
      _dav1d_itx_dsp_init_16bpc in libdav1d.a[arm64][21](itx_tmpl.c.o)
  "_dav1d_inv_txfm_add_adst_dct_16x4_16bpc_sse4", referenced from:
      _dav1d_itx_dsp_init_16bpc in libdav1d.a[arm64][21](itx_tmpl.c.o)
  "_dav1d_inv_txfm_add_adst_dct_16x4_8bpc_avx2", referenced from:
      _dav1d_itx_dsp_init_8bpc in libdav1d.a[arm64][8](itx_tmpl.c.o)
  "_dav1d_inv_txfm_add_adst_dct_16x4_8bpc_avx512icl", referenced from:
      _dav1d_itx_dsp_init_8bpc in libdav1d.a[arm64][8](itx_tmpl.c.o)
  "_dav1d_inv_txfm_add_adst_dct_16x4_8bpc_ssse3", referenced from:
      _dav1d_itx_dsp_init_8bpc in libdav1d.a[arm64][8](itx_tmpl.c.o)
1 warning generated.
  "_dav1d_inv_txfm_add_adst_dct_16x8_10bpc_avx2", referenced from:
      _dav1d_itx_dsp_init_16bpc in libdav1d.a[arm64][21](itx_tmpl.c.o)
  "_dav1d_inv_txfm_add_adst_dct_16x8_10bpc_avx512icl", referenced from:
      _dav1d_itx_dsp_init_16bpc in libdav1d.a[arm64][21](itx_tmpl.c.o)
  "_dav1d_inv_txfm_add_adst_dct_16x8_12bpc_avx2", referenced from:
      _dav1d_itx_dsp_init_16bpc in libdav1d.a[arm64][21](itx_tmpl.c.o)
  "_dav1d_inv_txfm_add_adst_dct_16x8_16bpc_sse4", referenced from:
      _dav1d_itx_dsp_init_16bpc in libdav1d.a[arm64][21](itx_tmpl.c.o)
  "_dav1d_inv_txfm_add_adst_dct_16x8_8bpc_avx2", referenced from:
      _dav1d_itx_dsp_init_8bpc in libdav1d.a[arm64][8](itx_tmpl.c.o)
  "_dav1d_inv_txfm_add_adst_dct_16x8_8bpc_avx512icl", referenced from:
      _dav1d_itx_dsp_init_8bpc in libdav1d.a[arm64][8](itx_tmpl.c.o)
  "_dav1d_inv_txfm_add_adst_dct_16x8_8bpc_ssse3", referenced from:
      _dav1d_itx_dsp_init_8bpc in libdav1d.a[arm64][8](itx_tmpl.c.o)
  "_dav1d_inv_txfm_add_adst_dct_4x16_10bpc_avx2", referenced from:
      _dav1d_itx_dsp_init_16bpc in libdav1d.a[arm64][21](itx_tmpl.c.o)
  "_dav1d_inv_txfm_add_adst_dct_4x16_12bpc_avx2", referenced from:
      _dav1d_itx_dsp_init_16bpc in libdav1d.a[arm64][21](itx_tmpl.c.o)
  "_dav1d_inv_txfm_add_adst_dct_4x16_16bpc_sse4", referenced from:
      _dav1d_itx_dsp_init_16bpc in libdav1d.a[arm64][21](itx_tmpl.c.o)
  "_dav1d_inv_txfm_add_adst_dct_4x16_8bpc_avx2", referenced from:
      _dav1d_itx_dsp_init_8bpc in libdav1d.a[arm64][8](itx_tmpl.c.o)
  "_dav1d_inv_txfm_add_adst_dct_4x16_8bpc_avx512icl", referenced from:
      _dav1d_itx_dsp_init_8bpc in libdav1d.a[arm64][8](itx_tmpl.c.o)
  "_dav1d_inv_txfm_add_adst_dct_4x16_8bpc_ssse3", referenced from:
      _dav1d_itx_dsp_init_8bpc in libdav1d.a[arm64][8](itx_tmpl.c.o)
  "_dav1d_inv_txfm_add_adst_dct_4x4_10bpc_avx2", referenced from:
      _dav1d_itx_dsp_init_16bpc in libdav1d.a[arm64][21](itx_tmpl.c.o)
  "_dav1d_inv_txfm_add_adst_dct_4x4_12bpc_avx2", referenced from:
      _dav1d_itx_dsp_init_16bpc in libdav1d.a[arm64][21](itx_tmpl.c.o)
  "_dav1d_inv_txfm_add_adst_dct_4x4_16bpc_sse4", referenced from:
      _dav1d_itx_dsp_init_16bpc in libdav1d.a[arm64][21](itx_tmpl.c.o)
  "_dav1d_inv_txfm_add_adst_dct_4x4_8bpc_avx2", referenced from:
      _dav1d_itx_dsp_init_8bpc in libdav1d.a[arm64][8](itx_tmpl.c.o)
  "_dav1d_inv_txfm_add_adst_dct_4x4_8bpc_avx512icl", referenced from:
      _dav1d_itx_dsp_init_8bpc in libdav1d.a[arm64][8](itx_tmpl.c.o)
  "_dav1d_inv_txfm_add_adst_dct_4x4_8bpc_ssse3", referenced from:
      _dav1d_itx_dsp_init_8bpc in libdav1d.a[arm64][8](itx_tmpl.c.o)
  "_dav1d_inv_txfm_add_adst_dct_4x8_10bpc_avx2", referenced from:
      _dav1d_itx_dsp_init_16bpc in libdav1d.a[arm64][21](itx_tmpl.c.o)
  "_dav1d_inv_txfm_add_adst_dct_4x8_12bpc_avx2", referenced from:
      _dav1d_itx_dsp_init_16bpc in libdav1d.a[arm64][21](itx_tmpl.c.o)
  "_dav1d_inv_txfm_add_adst_dct_4x8_16bpc_sse4", referenced from:
      _dav1d_itx_dsp_init_16bpc in libdav1d.a[arm64][21](itx_tmpl.c.o)
  "_dav1d_inv_txfm_add_adst_dct_4x8_8bpc_avx2", referenced from:
      _dav1d_itx_dsp_init_8bpc in libdav1d.a[arm64][8](itx_tmpl.c.o)
  "_dav1d_inv_txfm_add_adst_dct_4x8_8bpc_avx512icl", referenced from:
      _dav1d_itx_dsp_init_8bpc in libdav1d.a[arm64][8](itx_tmpl.c.o)
  "_dav1d_inv_txfm_add_adst_dct_4x8_8bpc_ssse3", referenced from:
      _dav1d_itx_dsp_init_8bpc in libdav1d.a[arm64][8](itx_tmpl.c.o)
  "_dav1d_inv_txfm_add_adst_dct_8x16_10bpc_avx2", referenced from:
      _dav1d_itx_dsp_init_16bpc in libdav1d.a[arm64][21](itx_tmpl.c.o)
  "_dav1d_inv_txfm_add_adst_dct_8x16_10bpc_avx512icl", referenced from:
      _dav1d_itx_dsp_init_16bpc in libdav1d.a[arm64][21](itx_tmpl.c.o)
  "_dav1d_inv_txfm_add_adst_dct_8x16_12bpc_avx2", referenced from:
      _dav1d_itx_dsp_init_16bpc in libdav1d.a[arm64][21](itx_tmpl.c.o)
  "_dav1d_inv_txfm_add_adst_dct_8x16_16bpc_sse4", referenced from:
      _dav1d_itx_dsp_init_16bpc in libdav1d.a[arm64][21](itx_tmpl.c.o)
  "_dav1d_inv_txfm_add_adst_dct_8x16_8bpc_avx2", referenced from:
      _dav1d_itx_dsp_init_8bpc in libdav1d.a[arm64][8](itx_tmpl.c.o)
  "_dav1d_inv_txfm_add_adst_dct_8x16_8bpc_avx512icl", referenced from:
      _dav1d_itx_dsp_init_8bpc in libdav1d.a[arm64][8](itx_tmpl.c.o)
  "_dav1d_inv_txfm_add_adst_dct_8x16_8bpc_ssse3", referenced from:
      _dav1d_itx_dsp_init_8bpc in libdav1d.a[arm64][8](itx_tmpl.c.o)
  "_dav1d_inv_txfm_add_adst_dct_8x4_10bpc_avx2", referenced from:
      _dav1d_itx_dsp_init_16bpc in libdav1d.a[arm64][21](itx_tmpl.c.o)
  "_dav1d_inv_txfm_add_adst_dct_8x4_12bpc_avx2", referenced from:
      _dav1d_itx_dsp_init_16bpc in libdav1d.a[arm64][21](itx_tmpl.c.o)
  "_dav1d_inv_txfm_add_adst_dct_8x4_16bpc_sse4", referenced from:
      _dav1d_itx_dsp_init_16bpc in libdav1d.a[arm64][21](itx_tmpl.c.o)
  "_dav1d_inv_txfm_add_adst_dct_8x4_8bpc_avx2", referenced from:
      _dav1d_itx_dsp_init_8bpc in libdav1d.a[arm64][8](itx_tmpl.c.o)
  "_dav1d_inv_txfm_add_adst_dct_8x4_8bpc_avx512icl", referenced from:
      _dav1d_itx_dsp_init_8bpc in libdav1d.a[arm64][8](itx_tmpl.c.o)
  "_dav1d_inv_txfm_add_adst_dct_8x4_8bpc_ssse3", referenced from:
      _dav1d_itx_dsp_init_8bpc in libdav1d.a[arm64][8](itx_tmpl.c.o)
  "_dav1d_inv_txfm_add_adst_dct_8x8_10bpc_avx2", referenced from:
      _dav1d_itx_dsp_init_16bpc in libdav1d.a[arm64][21](itx_tmpl.c.o)
  "_dav1d_inv_txfm_add_adst_dct_8x8_10bpc_avx512icl", referenced from:
      _dav1d_itx_dsp_init_16bpc in libdav1d.a[arm64][21](itx_tmpl.c.o)
  "_dav1d_inv_txfm_add_adst_dct_8x8_12bpc_avx2", referenced from:
      _dav1d_itx_dsp_init_16bpc in libdav1d.a[arm64][21](itx_tmpl.c.o)
  "_dav1d_inv_txfm_add_adst_dct_8x8_16bpc_sse4", referenced from:
      _dav1d_itx_dsp_init_16bpc in libdav1d.a[arm64][21](itx_tmpl.c.o)
  "_dav1d_inv_txfm_add_adst_dct_8x8_8bpc_avx2", referenced from:
      _dav1d_itx_dsp_init_8bpc in libdav1d.a[arm64][8](itx_tmpl.c.o)
  "_dav1d_inv_txfm_add_adst_dct_8x8_8bpc_avx512icl", referenced from:
      _dav1d_itx_dsp_init_8bpc in libdav1d.a[arm64][8](itx_tmpl.c.o)
  "_dav1d_inv_txfm_add_adst_dct_8x8_8bpc_ssse3", referenced from:
      _dav1d_itx_dsp_init_8bpc in libdav1d.a[arm64][8](itx_tmpl.c.o)
  "_dav1d_inv_txfm_add_adst_flipadst_16x16_10bpc_avx2", referenced from:
      _dav1d_itx_dsp_init_16bpc in libdav1d.a[arm64][21](itx_tmpl.c.o)
  "_dav1d_inv_txfm_add_adst_flipadst_16x16_10bpc_avx512icl", referenced from:
      _dav1d_itx_dsp_init_16bpc in libdav1d.a[arm64][21](itx_tmpl.c.o)
  "_dav1d_inv_txfm_add_adst_flipadst_16x16_12bpc_avx2", referenced from:
      _dav1d_itx_dsp_init_16bpc in libdav1d.a[arm64][21](itx_tmpl.c.o)
  "_dav1d_inv_txfm_add_adst_flipadst_16x16_16bpc_sse4", referenced from:
      _dav1d_itx_dsp_init_16bpc in libdav1d.a[arm64][21](itx_tmpl.c.o)
  "_dav1d_inv_txfm_add_adst_flipadst_16x16_8bpc_avx2", referenced from:
      _dav1d_itx_dsp_init_8bpc in libdav1d.a[arm64][8](itx_tmpl.c.o)
  "_dav1d_inv_txfm_add_adst_flipadst_16x16_8bpc_avx512icl", referenced from:
      _dav1d_itx_dsp_init_8bpc in libdav1d.a[arm64][8](itx_tmpl.c.o)
  "_dav1d_inv_txfm_add_adst_flipadst_16x16_8bpc_ssse3", referenced from:
      _dav1d_itx_dsp_init_8bpc in libdav1d.a[arm64][8](itx_tmpl.c.o)
  "_dav1d_inv_txfm_add_adst_flipadst_16x4_10bpc_avx2", referenced from:
      _dav1d_itx_dsp_init_16bpc in libdav1d.a[arm64][21](itx_tmpl.c.o)
  "_dav1d_inv_txfm_add_adst_flipadst_16x4_12bpc_avx2", referenced from:
      _dav1d_itx_dsp_init_16bpc in libdav1d.a[arm64][21](itx_tmpl.c.o)
  "_dav1d_inv_txfm_add_adst_flipadst_16x4_16bpc_sse4", referenced from:
      _dav1d_itx_dsp_init_16bpc in libdav1d.a[arm64][21](itx_tmpl.c.o)
  "_dav1d_inv_txfm_add_adst_flipadst_16x4_8bpc_avx2", referenced from:
      _dav1d_itx_dsp_init_8bpc in libdav1d.a[arm64][8](itx_tmpl.c.o)
  "_dav1d_inv_txfm_add_adst_flipadst_16x4_8bpc_avx512icl", referenced from:
      _dav1d_itx_dsp_init_8bpc in libdav1d.a[arm64][8](itx_tmpl.c.o)
  "_dav1d_inv_txfm_add_adst_flipadst_16x4_8bpc_ssse3", referenced from:
      _dav1d_itx_dsp_init_8bpc in libdav1d.a[arm64][8](itx_tmpl.c.o)
  "_dav1d_inv_txfm_add_adst_flipadst_16x8_10bpc_avx2", referenced from:
      _dav1d_itx_dsp_init_16bpc in libdav1d.a[arm64][21](itx_tmpl.c.o)
  "_dav1d_inv_txfm_add_adst_flipadst_16x8_10bpc_avx512icl", referenced from:
      _dav1d_itx_dsp_init_16bpc in libdav1d.a[arm64][21](itx_tmpl.c.o)
  "_dav1d_inv_txfm_add_adst_flipadst_16x8_12bpc_avx2", referenced from:
      _dav1d_itx_dsp_init_16bpc in libdav1d.a[arm64][21](itx_tmpl.c.o)
  "_dav1d_inv_txfm_add_adst_flipadst_16x8_16bpc_sse4", referenced from:
      _dav1d_itx_dsp_init_16bpc in libdav1d.a[arm64][21](itx_tmpl.c.o)
  "_dav1d_inv_txfm_add_adst_flipadst_16x8_8bpc_avx2", referenced from:
      _dav1d_itx_dsp_init_8bpc in libdav1d.a[arm64][8](itx_tmpl.c.o)
  "_dav1d_inv_txfm_add_adst_flipadst_16x8_8bpc_avx512icl", referenced from:
      _dav1d_itx_dsp_init_8bpc in libdav1d.a[arm64][8](itx_tmpl.c.o)
  "_dav1d_inv_txfm_add_adst_flipadst_16x8_8bpc_ssse3", referenced from:
      _dav1d_itx_dsp_init_8bpc in libdav1d.a[arm64][8](itx_tmpl.c.o)
  "_dav1d_inv_txfm_add_adst_flipadst_4x16_10bpc_avx2", referenced from:
      _dav1d_itx_dsp_init_16bpc in libdav1d.a[arm64][21](itx_tmpl.c.o)
  "_dav1d_inv_txfm_add_adst_flipadst_4x16_12bpc_avx2", referenced from:
      _dav1d_itx_dsp_init_16bpc in libdav1d.a[arm64][21](itx_tmpl.c.o)
  "_dav1d_inv_txfm_add_adst_flipadst_4x16_16bpc_sse4", referenced from:
      _dav1d_itx_dsp_init_16bpc in libdav1d.a[arm64][21](itx_tmpl.c.o)
  "_dav1d_inv_txfm_add_adst_flipadst_4x16_8bpc_avx2", referenced from:
      _dav1d_itx_dsp_init_8bpc in libdav1d.a[arm64][8](itx_tmpl.c.o)
  "_dav1d_inv_txfm_add_adst_flipadst_4x16_8bpc_avx512icl", referenced from:
      _dav1d_itx_dsp_init_8bpc in libdav1d.a[arm64][8](itx_tmpl.c.o)
  "_dav1d_inv_txfm_add_adst_flipadst_4x16_8bpc_ssse3", referenced from:
      _dav1d_itx_dsp_init_8bpc in libdav1d.a[arm64][8](itx_tmpl.c.o)
  "_dav1d_inv_txfm_add_adst_flipadst_4x4_10bpc_avx2", referenced from:
      _dav1d_itx_dsp_init_16bpc in libdav1d.a[arm64][21](itx_tmpl.c.o)
  "_dav1d_inv_txfm_add_adst_flipadst_4x4_12bpc_avx2", referenced from:
      _dav1d_itx_dsp_init_16bpc in libdav1d.a[arm64][21](itx_tmpl.c.o)
  "_dav1d_inv_txfm_add_adst_flipadst_4x4_16bpc_sse4", referenced from:
      _dav1d_itx_dsp_init_16bpc in libdav1d.a[arm64][21](itx_tmpl.c.o)
  "_dav1d_inv_txfm_add_adst_flipadst_4x4_8bpc_avx2", referenced from:
      _dav1d_itx_dsp_init_8bpc in libdav1d.a[arm64][8](itx_tmpl.c.o)
  "_dav1d_inv_txfm_add_adst_flipadst_4x4_8bpc_avx512icl", referenced from:
      _dav1d_itx_dsp_init_8bpc in libdav1d.a[arm64][8](itx_tmpl.c.o)
  "_dav1d_inv_txfm_add_adst_flipadst_4x4_8bpc_ssse3", referenced from:
      _dav1d_itx_dsp_init_8bpc in libdav1d.a[arm64][8](itx_tmpl.c.o)
  "_dav1d_inv_txfm_add_adst_flipadst_4x8_10bpc_avx2", referenced from:
      _dav1d_itx_dsp_init_16bpc in libdav1d.a[arm64][21](itx_tmpl.c.o)
  "_dav1d_inv_txfm_add_adst_flipadst_4x8_12bpc_avx2", referenced from:
      _dav1d_itx_dsp_init_16bpc in libdav1d.a[arm64][21](itx_tmpl.c.o)
  "_dav1d_inv_txfm_add_adst_flipadst_4x8_16bpc_sse4", referenced from:
      _dav1d_itx_dsp_init_16bpc in libdav1d.a[arm64][21](itx_tmpl.c.o)
  "_dav1d_inv_txfm_add_adst_flipadst_4x8_8bpc_avx2", referenced from:
      _dav1d_itx_dsp_init_8bpc in libdav1d.a[arm64][8](itx_tmpl.c.o)
  "_dav1d_inv_txfm_add_adst_flipadst_4x8_8bpc_avx512icl", referenced from:
      _dav1d_itx_dsp_init_8bpc in libdav1d.a[arm64][8](itx_tmpl.c.o)
  "_dav1d_inv_txfm_add_adst_flipadst_4x8_8bpc_ssse3", referenced from:
      _dav1d_itx_dsp_init_8bpc in libdav1d.a[arm64][8](itx_tmpl.c.o)
  "_dav1d_inv_txfm_add_adst_flipadst_8x16_10bpc_avx2", referenced from:
      _dav1d_itx_dsp_init_16bpc in libdav1d.a[arm64][21](itx_tmpl.c.o)
  "_dav1d_inv_txfm_add_adst_flipadst_8x16_10bpc_avx512icl", referenced from:
      _dav1d_itx_dsp_init_16bpc in libdav1d.a[arm64][21](itx_tmpl.c.o)
  "_dav1d_inv_txfm_add_adst_flipadst_8x16_12bpc_avx2", referenced from:
      _dav1d_itx_dsp_init_16bpc in libdav1d.a[arm64][21](itx_tmpl.c.o)
  "_dav1d_inv_txfm_add_adst_flipadst_8x16_16bpc_sse4", referenced from:
      _dav1d_itx_dsp_init_16bpc in libdav1d.a[arm64][21](itx_tmpl.c.o)
  "_dav1d_inv_txfm_add_adst_flipadst_8x16_8bpc_avx2", referenced from:
      _dav1d_itx_dsp_init_8bpc in libdav1d.a[arm64][8](itx_tmpl.c.o)
  "_dav1d_inv_txfm_add_adst_flipadst_8x16_8bpc_avx512icl", referenced from:
      _dav1d_itx_dsp_init_8bpc in libdav1d.a[arm64][8](itx_tmpl.c.o)
  "_dav1d_inv_txfm_add_adst_flipadst_8x16_8bpc_ssse3", referenced from:
      _dav1d_itx_dsp_init_8bpc in libdav1d.a[arm64][8](itx_tmpl.c.o)
  "_dav1d_inv_txfm_add_adst_flipadst_8x4_10bpc_avx2", referenced from:
      _dav1d_itx_dsp_init_16bpc in libdav1d.a[arm64][21](itx_tmpl.c.o)
  "_dav1d_inv_txfm_add_adst_flipadst_8x4_12bpc_avx2", referenced from:
      _dav1d_itx_dsp_init_16bpc in libdav1d.a[arm64][21](itx_tmpl.c.o)
  "_dav1d_inv_txfm_add_adst_flipadst_8x4_16bpc_sse4", referenced from:
      _dav1d_itx_dsp_init_16bpc in libdav1d.a[arm64][21](itx_tmpl.c.o)
  "_dav1d_inv_txfm_add_adst_flipadst_8x4_8bpc_avx2", referenced from:
      _dav1d_itx_dsp_init_8bpc in libdav1d.a[arm64][8](itx_tmpl.c.o)
  "_dav1d_inv_txfm_add_adst_flipadst_8x4_8bpc_avx512icl", referenced from:
      _dav1d_itx_dsp_init_8bpc in libdav1d.a[arm64][8](itx_tmpl.c.o)
  "_dav1d_inv_txfm_add_adst_flipadst_8x4_8bpc_ssse3", referenced from:
      _dav1d_itx_dsp_init_8bpc in libdav1d.a[arm64][8](itx_tmpl.c.o)
  "_dav1d_inv_txfm_add_adst_flipadst_8x8_10bpc_avx2", referenced from:
      _dav1d_itx_dsp_init_16bpc in libdav1d.a[arm64][21](itx_tmpl.c.o)
  "_dav1d_inv_txfm_add_adst_flipadst_8x8_10bpc_avx512icl", referenced from:
      _dav1d_itx_dsp_init_16bpc in libdav1d.a[arm64][21](itx_tmpl.c.o)
  "_dav1d_inv_txfm_add_adst_flipadst_8x8_12bpc_avx2", referenced from:
      _dav1d_itx_dsp_init_16bpc in libdav1d.a[arm64][21](itx_tmpl.c.o)
  "_dav1d_inv_txfm_add_adst_flipadst_8x8_16bpc_sse4", referenced from:
      _dav1d_itx_dsp_init_16bpc in libdav1d.a[arm64][21](itx_tmpl.c.o)
  "_dav1d_inv_txfm_add_adst_flipadst_8x8_8bpc_avx2", referenced from:
      _dav1d_itx_dsp_init_8bpc in libdav1d.a[arm64][8](itx_tmpl.c.o)
  "_dav1d_inv_txfm_add_adst_flipadst_8x8_8bpc_avx512icl", referenced from:
      _dav1d_itx_dsp_init_8bpc in libdav1d.a[arm64][8](itx_tmpl.c.o)
  "_dav1d_inv_txfm_add_adst_flipadst_8x8_8bpc_ssse3", referenced from:
      _dav1d_itx_dsp_init_8bpc in libdav1d.a[arm64][8](itx_tmpl.c.o)
  "_dav1d_inv_txfm_add_adst_identity_16x4_10bpc_avx2", referenced from:
      _dav1d_itx_dsp_init_16bpc in libdav1d.a[arm64][21](itx_tmpl.c.o)
  "_dav1d_inv_txfm_add_adst_identity_16x4_12bpc_avx2", referenced from:
      _dav1d_itx_dsp_init_16bpc in libdav1d.a[arm64][21](itx_tmpl.c.o)
  "_dav1d_inv_txfm_add_adst_identity_16x4_16bpc_sse4", referenced from:
      _dav1d_itx_dsp_init_16bpc in libdav1d.a[arm64][21](itx_tmpl.c.o)
  "_dav1d_inv_txfm_add_adst_identity_16x4_8bpc_avx2", referenced from:
      _dav1d_itx_dsp_init_8bpc in libdav1d.a[arm64][8](itx_tmpl.c.o)
  "_dav1d_inv_txfm_add_adst_identity_16x4_8bpc_avx512icl", referenced from:
      _dav1d_itx_dsp_init_8bpc in libdav1d.a[arm64][8](itx_tmpl.c.o)
  "_dav1d_inv_txfm_add_adst_identity_16x4_8bpc_ssse3", referenced from:
      _dav1d_itx_dsp_init_8bpc in libdav1d.a[arm64][8](itx_tmpl.c.o)
  "_dav1d_inv_txfm_add_adst_identity_16x8_10bpc_avx2", referenced from:
      _dav1d_itx_dsp_init_16bpc in libdav1d.a[arm64][21](itx_tmpl.c.o)
  "_dav1d_inv_txfm_add_adst_identity_16x8_10bpc_avx512icl", referenced from:
      _dav1d_itx_dsp_init_16bpc in libdav1d.a[arm64][21](itx_tmpl.c.o)
  "_dav1d_inv_txfm_add_adst_identity_16x8_12bpc_avx2", referenced from:
      _dav1d_itx_dsp_init_16bpc in libdav1d.a[arm64][21](itx_tmpl.c.o)
  "_dav1d_inv_txfm_add_adst_identity_16x8_16bpc_sse4", referenced from:
      _dav1d_itx_dsp_init_16bpc in libdav1d.a[arm64][21](itx_tmpl.c.o)
  "_dav1d_inv_txfm_add_adst_identity_16x8_8bpc_avx2", referenced from:
      _dav1d_itx_dsp_init_8bpc in libdav1d.a[arm64][8](itx_tmpl.c.o)
  "_dav1d_inv_txfm_add_adst_identity_16x8_8bpc_avx512icl", referenced from:
      _dav1d_itx_dsp_init_8bpc in libdav1d.a[arm64][8](itx_tmpl.c.o)
  "_dav1d_inv_txfm_add_adst_identity_16x8_8bpc_ssse3", referenced from:
      _dav1d_itx_dsp_init_8bpc in libdav1d.a[arm64][8](itx_tmpl.c.o)
  "_dav1d_inv_txfm_add_adst_identity_4x16_10bpc_avx2", referenced from:
      _dav1d_itx_dsp_init_16bpc in libdav1d.a[arm64][21](itx_tmpl.c.o)
  "_dav1d_inv_txfm_add_adst_identity_4x16_12bpc_avx2", referenced from:
      _dav1d_itx_dsp_init_16bpc in libdav1d.a[arm64][21](itx_tmpl.c.o)
  "_dav1d_inv_txfm_add_adst_identity_4x16_16bpc_sse4", referenced from:
      _dav1d_itx_dsp_init_16bpc in libdav1d.a[arm64][21](itx_tmpl.c.o)
  "_dav1d_inv_txfm_add_adst_identity_4x16_8bpc_avx2", referenced from:
      _dav1d_itx_dsp_init_8bpc in libdav1d.a[arm64][8](itx_tmpl.c.o)
  "_dav1d_inv_txfm_add_adst_identity_4x16_8bpc_avx512icl", referenced from:
      _dav1d_itx_dsp_init_8bpc in libdav1d.a[arm64][8](itx_tmpl.c.o)
  "_dav1d_inv_txfm_add_adst_identity_4x16_8bpc_ssse3", referenced from:
      _dav1d_itx_dsp_init_8bpc in libdav1d.a[arm64][8](itx_tmpl.c.o)
  "_dav1d_inv_txfm_add_adst_identity_4x4_10bpc_avx2", referenced from:
      _dav1d_itx_dsp_init_16bpc in libdav1d.a[arm64][21](itx_tmpl.c.o)
  "_dav1d_inv_txfm_add_adst_identity_4x4_12bpc_avx2", referenced from:
      _dav1d_itx_dsp_init_16bpc in libdav1d.a[arm64][21](itx_tmpl.c.o)
  "_dav1d_inv_txfm_add_adst_identity_4x4_16bpc_sse4", referenced from:
      _dav1d_itx_dsp_init_16bpc in libdav1d.a[arm64][21](itx_tmpl.c.o)
  "_dav1d_inv_txfm_add_adst_identity_4x4_8bpc_avx2", referenced from:
      _dav1d_itx_dsp_init_8bpc in libdav1d.a[arm64][8](itx_tmpl.c.o)
  "_dav1d_inv_txfm_add_adst_identity_4x4_8bpc_avx512icl", referenced from:
      _dav1d_itx_dsp_init_8bpc in libdav1d.a[arm64][8](itx_tmpl.c.o)
  "_dav1d_inv_txfm_add_adst_identity_4x4_8bpc_ssse3", referenced from:
      _dav1d_itx_dsp_init_8bpc in libdav1d.a[arm64][8](itx_tmpl.c.o)
  "_dav1d_inv_txfm_add_adst_identity_4x8_10bpc_avx2", referenced from:
      _dav1d_itx_dsp_init_16bpc in libdav1d.a[arm64][21](itx_tmpl.c.o)
  "_dav1d_inv_txfm_add_adst_identity_4x8_12bpc_avx2", referenced from:
      _dav1d_itx_dsp_init_16bpc in libdav1d.a[arm64][21](itx_tmpl.c.o)
  "_dav1d_inv_txfm_add_adst_identity_4x8_16bpc_sse4", referenced from:
      _dav1d_itx_dsp_init_16bpc in libdav1d.a[arm64][21](itx_tmpl.c.o)
  "_dav1d_inv_txfm_add_adst_identity_4x8_8bpc_avx2", referenced from:
      _dav1d_itx_dsp_init_8bpc in libdav1d.a[arm64][8](itx_tmpl.c.o)
  "_dav1d_inv_txfm_add_adst_identity_4x8_8bpc_avx512icl", referenced from:
      _dav1d_itx_dsp_init_8bpc in libdav1d.a[arm64][8](itx_tmpl.c.o)
  "_dav1d_inv_txfm_add_adst_identity_4x8_8bpc_ssse3", referenced from:
      _dav1d_itx_dsp_init_8bpc in libdav1d.a[arm64][8](itx_tmpl.c.o)
  "_dav1d_inv_txfm_add_adst_identity_8x16_10bpc_avx2", referenced from:
      _dav1d_itx_dsp_init_16bpc in libdav1d.a[arm64][21](itx_tmpl.c.o)
  "_dav1d_inv_txfm_add_adst_identity_8x16_10bpc_avx512icl", referenced from:
      _dav1d_itx_dsp_init_16bpc in libdav1d.a[arm64][21](itx_tmpl.c.o)
  "_dav1d_inv_txfm_add_adst_identity_8x16_12bpc_avx2", referenced from:
      _dav1d_itx_dsp_init_16bpc in libdav1d.a[arm64][21](itx_tmpl.c.o)
  "_dav1d_inv_txfm_add_adst_identity_8x16_16bpc_sse4", referenced from:
      _dav1d_itx_dsp_init_16bpc in libdav1d.a[arm64][21](itx_tmpl.c.o)
  "_dav1d_inv_txfm_add_adst_identity_8x16_8bpc_avx2", referenced from:
      _dav1d_itx_dsp_init_8bpc in libdav1d.a[arm64][8](itx_tmpl.c.o)
  "_dav1d_inv_txfm_add_adst_identity_8x16_8bpc_avx512icl", referenced from:
      _dav1d_itx_dsp_init_8bpc in libdav1d.a[arm64][8](itx_tmpl.c.o)
  "_dav1d_inv_txfm_add_adst_identity_8x16_8bpc_ssse3", referenced from:
      _dav1d_itx_dsp_init_8bpc in libdav1d.a[arm64][8](itx_tmpl.c.o)
  "_dav1d_inv_txfm_add_adst_identity_8x4_10bpc_avx2", referenced from:
      _dav1d_itx_dsp_init_16bpc in libdav1d.a[arm64][21](itx_tmpl.c.o)
  "_dav1d_inv_txfm_add_adst_identity_8x4_12bpc_avx2", referenced from:
      _dav1d_itx_dsp_init_16bpc in libdav1d.a[arm64][21](itx_tmpl.c.o)
  "_dav1d_inv_txfm_add_adst_identity_8x4_16bpc_sse4", referenced from:
      _dav1d_itx_dsp_init_16bpc in libdav1d.a[arm64][21](itx_tmpl.c.o)
  "_dav1d_inv_txfm_add_adst_identity_8x4_8bpc_avx2", referenced from:
      _dav1d_itx_dsp_init_8bpc in libdav1d.a[arm64][8](itx_tmpl.c.o)
  "_dav1d_inv_txfm_add_adst_identity_8x4_8bpc_avx512icl", referenced from:
      _dav1d_itx_dsp_init_8bpc in libdav1d.a[arm64][8](itx_tmpl.c.o)
  "_dav1d_inv_txfm_add_adst_identity_8x4_8bpc_ssse3", referenced from:
      _dav1d_itx_dsp_init_8bpc in libdav1d.a[arm64][8](itx_tmpl.c.o)
  "_dav1d_inv_txfm_add_adst_identity_8x8_10bpc_avx2", referenced from:
      _dav1d_itx_dsp_init_16bpc in libdav1d.a[arm64][21](itx_tmpl.c.o)
  "_dav1d_inv_txfm_add_adst_identity_8x8_10bpc_avx512icl", referenced from:
      _dav1d_itx_dsp_init_16bpc in libdav1d.a[arm64][21](itx_tmpl.c.o)
  "_dav1d_inv_txfm_add_adst_identity_8x8_12bpc_avx2", referenced from:
      _dav1d_itx_dsp_init_16bpc in libdav1d.a[arm64][21](itx_tmpl.c.o)
  "_dav1d_inv_txfm_add_adst_identity_8x8_16bpc_sse4", referenced from:
      _dav1d_itx_dsp_init_16bpc in libdav1d.a[arm64][21](itx_tmpl.c.o)
  "_dav1d_inv_txfm_add_adst_identity_8x8_8bpc_avx2", referenced from:
      _dav1d_itx_dsp_init_8bpc in libdav1d.a[arm64][8](itx_tmpl.c.o)
  "_dav1d_inv_txfm_add_adst_identity_8x8_8bpc_avx512icl", referenced from:
      _dav1d_itx_dsp_init_8bpc in libdav1d.a[arm64][8](itx_tmpl.c.o)
  "_dav1d_inv_txfm_add_adst_identity_8x8_8bpc_ssse3", referenced from:
      _dav1d_itx_dsp_init_8bpc in libdav1d.a[arm64][8](itx_tmpl.c.o)
  "_dav1d_inv_txfm_add_dct_adst_16x16_10bpc_avx2", referenced from:
      _dav1d_itx_dsp_init_16bpc in libdav1d.a[arm64][21](itx_tmpl.c.o)
  "_dav1d_inv_txfm_add_dct_adst_16x16_10bpc_avx512icl", referenced from:
      _dav1d_itx_dsp_init_16bpc in libdav1d.a[arm64][21](itx_tmpl.c.o)
  "_dav1d_inv_txfm_add_dct_adst_16x16_12bpc_avx2", referenced from:
      _dav1d_itx_dsp_init_16bpc in libdav1d.a[arm64][21](itx_tmpl.c.o)
  "_dav1d_inv_txfm_add_dct_adst_16x16_16bpc_sse4", referenced from:
      _dav1d_itx_dsp_init_16bpc in libdav1d.a[arm64][21](itx_tmpl.c.o)
  "_dav1d_inv_txfm_add_dct_adst_16x16_8bpc_avx2", referenced from:
      _dav1d_itx_dsp_init_8bpc in libdav1d.a[arm64][8](itx_tmpl.c.o)
  "_dav1d_inv_txfm_add_dct_adst_16x16_8bpc_avx512icl", referenced from:
      _dav1d_itx_dsp_init_8bpc in libdav1d.a[arm64][8](itx_tmpl.c.o)
  "_dav1d_inv_txfm_add_dct_adst_16x16_8bpc_ssse3", referenced from:
      _dav1d_itx_dsp_init_8bpc in libdav1d.a[arm64][8](itx_tmpl.c.o)
  "_dav1d_inv_txfm_add_dct_adst_16x4_10bpc_avx2", referenced from:
      _dav1d_itx_dsp_init_16bpc in libdav1d.a[arm64][21](itx_tmpl.c.o)
  "_dav1d_inv_txfm_add_dct_adst_16x4_12bpc_avx2", referenced from:
      _dav1d_itx_dsp_init_16bpc in libdav1d.a[arm64][21](itx_tmpl.c.o)
  "_dav1d_inv_txfm_add_dct_adst_16x4_16bpc_sse4", referenced from:
      _dav1d_itx_dsp_init_16bpc in libdav1d.a[arm64][21](itx_tmpl.c.o)
  "_dav1d_inv_txfm_add_dct_adst_16x4_8bpc_avx2", referenced from:
      _dav1d_itx_dsp_init_8bpc in libdav1d.a[arm64][8](itx_tmpl.c.o)
  "_dav1d_inv_txfm_add_dct_adst_16x4_8bpc_avx512icl", referenced from:
      _dav1d_itx_dsp_init_8bpc in libdav1d.a[arm64][8](itx_tmpl.c.o)
  "_dav1d_inv_txfm_add_dct_adst_16x4_8bpc_ssse3", referenced from:
      _dav1d_itx_dsp_init_8bpc in libdav1d.a[arm64][8](itx_tmpl.c.o)
  "_dav1d_inv_txfm_add_dct_adst_16x8_10bpc_avx2", referenced from:
      _dav1d_itx_dsp_init_16bpc in libdav1d.a[arm64][21](itx_tmpl.c.o)
  "_dav1d_inv_txfm_add_dct_adst_16x8_10bpc_avx512icl", referenced from:
      _dav1d_itx_dsp_init_16bpc in libdav1d.a[arm64][21](itx_tmpl.c.o)
  "_dav1d_inv_txfm_add_dct_adst_16x8_12bpc_avx2", referenced from:
      _dav1d_itx_dsp_init_16bpc in libdav1d.a[arm64][21](itx_tmpl.c.o)
  "_dav1d_inv_txfm_add_dct_adst_16x8_16bpc_sse4", referenced from:
      _dav1d_itx_dsp_init_16bpc in libdav1d.a[arm64][21](itx_tmpl.c.o)
  "_dav1d_inv_txfm_add_dct_adst_16x8_8bpc_avx2", referenced from:
      _dav1d_itx_dsp_init_8bpc in libdav1d.a[arm64][8](itx_tmpl.c.o)
  "_dav1d_inv_txfm_add_dct_adst_16x8_8bpc_avx512icl", referenced from:
      _dav1d_itx_dsp_init_8bpc in libdav1d.a[arm64][8](itx_tmpl.c.o)
  "_dav1d_inv_txfm_add_dct_adst_16x8_8bpc_ssse3", referenced from:
      _dav1d_itx_dsp_init_8bpc in libdav1d.a[arm64][8](itx_tmpl.c.o)
  "_dav1d_inv_txfm_add_dct_adst_4x16_10bpc_avx2", referenced from:
      _dav1d_itx_dsp_init_16bpc in libdav1d.a[arm64][21](itx_tmpl.c.o)
  "_dav1d_inv_txfm_add_dct_adst_4x16_12bpc_avx2", referenced from:
      _dav1d_itx_dsp_init_16bpc in libdav1d.a[arm64][21](itx_tmpl.c.o)
  "_dav1d_inv_txfm_add_dct_adst_4x16_16bpc_sse4", referenced from:
      _dav1d_itx_dsp_init_16bpc in libdav1d.a[arm64][21](itx_tmpl.c.o)
  "_dav1d_inv_txfm_add_dct_adst_4x16_8bpc_avx2", referenced from:
      _dav1d_itx_dsp_init_8bpc in libdav1d.a[arm64][8](itx_tmpl.c.o)
  "_dav1d_inv_txfm_add_dct_adst_4x16_8bpc_avx512icl", referenced from:
      _dav1d_itx_dsp_init_8bpc in libdav1d.a[arm64][8](itx_tmpl.c.o)
  "_dav1d_inv_txfm_add_dct_adst_4x16_8bpc_ssse3", referenced from:
      _dav1d_itx_dsp_init_8bpc in libdav1d.a[arm64][8](itx_tmpl.c.o)
  "_dav1d_inv_txfm_add_dct_adst_4x4_10bpc_avx2", referenced from:
      _dav1d_itx_dsp_init_16bpc in libdav1d.a[arm64][21](itx_tmpl.c.o)
  "_dav1d_inv_txfm_add_dct_adst_4x4_12bpc_avx2", referenced from:
      _dav1d_itx_dsp_init_16bpc in libdav1d.a[arm64][21](itx_tmpl.c.o)
  "_dav1d_inv_txfm_add_dct_adst_4x4_16bpc_sse4", referenced from:
      _dav1d_itx_dsp_init_16bpc in libdav1d.a[arm64][21](itx_tmpl.c.o)
  "_dav1d_inv_txfm_add_dct_adst_4x4_8bpc_avx2", referenced from:
      _dav1d_itx_dsp_init_8bpc in libdav1d.a[arm64][8](itx_tmpl.c.o)
  "_dav1d_inv_txfm_add_dct_adst_4x4_8bpc_avx512icl", referenced from:
      _dav1d_itx_dsp_init_8bpc in libdav1d.a[arm64][8](itx_tmpl.c.o)
  "_dav1d_inv_txfm_add_dct_adst_4x4_8bpc_ssse3", referenced from:
      _dav1d_itx_dsp_init_8bpc in libdav1d.a[arm64][8](itx_tmpl.c.o)
  "_dav1d_inv_txfm_add_dct_adst_4x8_10bpc_avx2", referenced from:
      _dav1d_itx_dsp_init_16bpc in libdav1d.a[arm64][21](itx_tmpl.c.o)
  "_dav1d_inv_txfm_add_dct_adst_4x8_12bpc_avx2", referenced from:
      _dav1d_itx_dsp_init_16bpc in libdav1d.a[arm64][21](itx_tmpl.c.o)
  "_dav1d_inv_txfm_add_dct_adst_4x8_16bpc_sse4", referenced from:
      _dav1d_itx_dsp_init_16bpc in libdav1d.a[arm64][21](itx_tmpl.c.o)
  "_dav1d_inv_txfm_add_dct_adst_4x8_8bpc_avx2", referenced from:
      _dav1d_itx_dsp_init_8bpc in libdav1d.a[arm64][8](itx_tmpl.c.o)
  "_dav1d_inv_txfm_add_dct_adst_4x8_8bpc_avx512icl", referenced from:
      _dav1d_itx_dsp_init_8bpc in libdav1d.a[arm64][8](itx_tmpl.c.o)
  "_dav1d_inv_txfm_add_dct_adst_4x8_8bpc_ssse3", referenced from:
      _dav1d_itx_dsp_init_8bpc in libdav1d.a[arm64][8](itx_tmpl.c.o)
  "_dav1d_inv_txfm_add_dct_adst_8x16_10bpc_avx2", referenced from:
      _dav1d_itx_dsp_init_16bpc in libdav1d.a[arm64][21](itx_tmpl.c.o)
  "_dav1d_inv_txfm_add_dct_adst_8x16_10bpc_avx512icl", referenced from:
      _dav1d_itx_dsp_init_16bpc in libdav1d.a[arm64][21](itx_tmpl.c.o)
  "_dav1d_inv_txfm_add_dct_adst_8x16_12bpc_avx2", referenced from:
      _dav1d_itx_dsp_init_16bpc in libdav1d.a[arm64][21](itx_tmpl.c.o)
  "_dav1d_inv_txfm_add_dct_adst_8x16_16bpc_sse4", referenced from:
      _dav1d_itx_dsp_init_16bpc in libdav1d.a[arm64][21](itx_tmpl.c.o)
  "_dav1d_inv_txfm_add_dct_adst_8x16_8bpc_avx2", referenced from:
      _dav1d_itx_dsp_init_8bpc in libdav1d.a[arm64][8](itx_tmpl.c.o)
  "_dav1d_inv_txfm_add_dct_adst_8x16_8bpc_avx512icl", referenced from:
      _dav1d_itx_dsp_init_8bpc in libdav1d.a[arm64][8](itx_tmpl.c.o)
  "_dav1d_inv_txfm_add_dct_adst_8x16_8bpc_ssse3", referenced from:
      _dav1d_itx_dsp_init_8bpc in libdav1d.a[arm64][8](itx_tmpl.c.o)
  "_dav1d_inv_txfm_add_dct_adst_8x4_10bpc_avx2", referenced from:
      _dav1d_itx_dsp_init_16bpc in libdav1d.a[arm64][21](itx_tmpl.c.o)
  "_dav1d_inv_txfm_add_dct_adst_8x4_12bpc_avx2", referenced from:
      _dav1d_itx_dsp_init_16bpc in libdav1d.a[arm64][21](itx_tmpl.c.o)
  "_dav1d_inv_txfm_add_dct_adst_8x4_16bpc_sse4", referenced from:
      _dav1d_itx_dsp_init_16bpc in libdav1d.a[arm64][21](itx_tmpl.c.o)
  "_dav1d_inv_txfm_add_dct_adst_8x4_8bpc_avx2", referenced from:
      _dav1d_itx_dsp_init_8bpc in libdav1d.a[arm64][8](itx_tmpl.c.o)
  "_dav1d_inv_txfm_add_dct_adst_8x4_8bpc_avx512icl", referenced from:
      _dav1d_itx_dsp_init_8bpc in libdav1d.a[arm64][8](itx_tmpl.c.o)
  "_dav1d_inv_txfm_add_dct_adst_8x4_8bpc_ssse3", referenced from:
      _dav1d_itx_dsp_init_8bpc in libdav1d.a[arm64][8](itx_tmpl.c.o)
  "_dav1d_inv_txfm_add_dct_adst_8x8_10bpc_avx2", referenced from:
      _dav1d_itx_dsp_init_16bpc in libdav1d.a[arm64][21](itx_tmpl.c.o)
  "_dav1d_inv_txfm_add_dct_adst_8x8_10bpc_avx512icl", referenced from:
      _dav1d_itx_dsp_init_16bpc in libdav1d.a[arm64][21](itx_tmpl.c.o)
  "_dav1d_inv_txfm_add_dct_adst_8x8_12bpc_avx2", referenced from:
      _dav1d_itx_dsp_init_16bpc in libdav1d.a[arm64][21](itx_tmpl.c.o)
  "_dav1d_inv_txfm_add_dct_adst_8x8_16bpc_sse4", referenced from:
      _dav1d_itx_dsp_init_16bpc in libdav1d.a[arm64][21](itx_tmpl.c.o)
  "_dav1d_inv_txfm_add_dct_adst_8x8_8bpc_avx2", referenced from:
      _dav1d_itx_dsp_init_8bpc in libdav1d.a[arm64][8](itx_tmpl.c.o)
  "_dav1d_inv_txfm_add_dct_adst_8x8_8bpc_avx512icl", referenced from:
      _dav1d_itx_dsp_init_8bpc in libdav1d.a[arm64][8](itx_tmpl.c.o)
  "_dav1d_inv_txfm_add_dct_adst_8x8_8bpc_ssse3", referenced from:
      _dav1d_itx_dsp_init_8bpc in libdav1d.a[arm64][8](itx_tmpl.c.o)
  "_dav1d_inv_txfm_add_dct_dct_16x16_10bpc_avx2", referenced from:
      _dav1d_itx_dsp_init_16bpc in libdav1d.a[arm64][21](itx_tmpl.c.o)
  "_dav1d_inv_txfm_add_dct_dct_16x16_10bpc_avx512icl", referenced from:
      _dav1d_itx_dsp_init_16bpc in libdav1d.a[arm64][21](itx_tmpl.c.o)
  "_dav1d_inv_txfm_add_dct_dct_16x16_12bpc_avx2", referenced from:
      _dav1d_itx_dsp_init_16bpc in libdav1d.a[arm64][21](itx_tmpl.c.o)
  "_dav1d_inv_txfm_add_dct_dct_16x16_16bpc_sse4", referenced from:
      _dav1d_itx_dsp_init_16bpc in libdav1d.a[arm64][21](itx_tmpl.c.o)
  "_dav1d_inv_txfm_add_dct_dct_16x16_8bpc_avx2", referenced from:
      _dav1d_itx_dsp_init_8bpc in libdav1d.a[arm64][8](itx_tmpl.c.o)
  "_dav1d_inv_txfm_add_dct_dct_16x16_8bpc_avx512icl", referenced from:
      _dav1d_itx_dsp_init_8bpc in libdav1d.a[arm64][8](itx_tmpl.c.o)
  "_dav1d_inv_txfm_add_dct_dct_16x16_8bpc_ssse3", referenced from:
      _dav1d_itx_dsp_init_8bpc in libdav1d.a[arm64][8](itx_tmpl.c.o)
  "_dav1d_inv_txfm_add_dct_dct_16x32_10bpc_avx2", referenced from:
      _dav1d_itx_dsp_init_16bpc in libdav1d.a[arm64][21](itx_tmpl.c.o)
  "_dav1d_inv_txfm_add_dct_dct_16x32_10bpc_avx512icl", referenced from:
      _dav1d_itx_dsp_init_16bpc in libdav1d.a[arm64][21](itx_tmpl.c.o)
  "_dav1d_inv_txfm_add_dct_dct_16x32_16bpc_sse4", referenced from:
      _dav1d_itx_dsp_init_16bpc in libdav1d.a[arm64][21](itx_tmpl.c.o)
  "_dav1d_inv_txfm_add_dct_dct_16x32_8bpc_avx2", referenced from:
      _dav1d_itx_dsp_init_8bpc in libdav1d.a[arm64][8](itx_tmpl.c.o)
  "_dav1d_inv_txfm_add_dct_dct_16x32_8bpc_avx512icl", referenced from:
      _dav1d_itx_dsp_init_8bpc in libdav1d.a[arm64][8](itx_tmpl.c.o)
  "_dav1d_inv_txfm_add_dct_dct_16x32_8bpc_ssse3", referenced from:
      _dav1d_itx_dsp_init_8bpc in libdav1d.a[arm64][8](itx_tmpl.c.o)
  "_dav1d_inv_txfm_add_dct_dct_16x4_10bpc_avx2", referenced from:
      _dav1d_itx_dsp_init_16bpc in libdav1d.a[arm64][21](itx_tmpl.c.o)
  "_dav1d_inv_txfm_add_dct_dct_16x4_12bpc_avx2", referenced from:
      _dav1d_itx_dsp_init_16bpc in libdav1d.a[arm64][21](itx_tmpl.c.o)
  "_dav1d_inv_txfm_add_dct_dct_16x4_16bpc_sse4", referenced from:
      _dav1d_itx_dsp_init_16bpc in libdav1d.a[arm64][21](itx_tmpl.c.o)
  "_dav1d_inv_txfm_add_dct_dct_16x4_8bpc_avx2", referenced from:
      _dav1d_itx_dsp_init_8bpc in libdav1d.a[arm64][8](itx_tmpl.c.o)
  "_dav1d_inv_txfm_add_dct_dct_16x4_8bpc_avx512icl", referenced from:
      _dav1d_itx_dsp_init_8bpc in libdav1d.a[arm64][8](itx_tmpl.c.o)
  "_dav1d_inv_txfm_add_dct_dct_16x4_8bpc_ssse3", referenced from:
      _dav1d_itx_dsp_init_8bpc in libdav1d.a[arm64][8](itx_tmpl.c.o)
  "_dav1d_inv_txfm_add_dct_dct_16x64_10bpc_avx2", referenced from:
      _dav1d_itx_dsp_init_16bpc in libdav1d.a[arm64][21](itx_tmpl.c.o)
  "_dav1d_inv_txfm_add_dct_dct_16x64_10bpc_avx512icl", referenced from:
      _dav1d_itx_dsp_init_16bpc in libdav1d.a[arm64][21](itx_tmpl.c.o)
  "_dav1d_inv_txfm_add_dct_dct_16x64_16bpc_sse4", referenced from:
      _dav1d_itx_dsp_init_16bpc in libdav1d.a[arm64][21](itx_tmpl.c.o)
  "_dav1d_inv_txfm_add_dct_dct_16x64_8bpc_avx2", referenced from:
      _dav1d_itx_dsp_init_8bpc in libdav1d.a[arm64][8](itx_tmpl.c.o)
  "_dav1d_inv_txfm_add_dct_dct_16x64_8bpc_avx512icl", referenced from:
      _dav1d_itx_dsp_init_8bpc in libdav1d.a[arm64][8](itx_tmpl.c.o)
  "_dav1d_inv_txfm_add_dct_dct_16x64_8bpc_ssse3", referenced from:
      _dav1d_itx_dsp_init_8bpc in libdav1d.a[arm64][8](itx_tmpl.c.o)
  "_dav1d_inv_txfm_add_dct_dct_16x8_10bpc_avx2", referenced from:
      _dav1d_itx_dsp_init_16bpc in libdav1d.a[arm64][21](itx_tmpl.c.o)
  "_dav1d_inv_txfm_add_dct_dct_16x8_10bpc_avx512icl", referenced from:
      _dav1d_itx_dsp_init_16bpc in libdav1d.a[arm64][21](itx_tmpl.c.o)
  "_dav1d_inv_txfm_add_dct_dct_16x8_12bpc_avx2", referenced from:
      _dav1d_itx_dsp_init_16bpc in libdav1d.a[arm64][21](itx_tmpl.c.o)
  "_dav1d_inv_txfm_add_dct_dct_16x8_16bpc_sse4", referenced from:
      _dav1d_itx_dsp_init_16bpc in libdav1d.a[arm64][21](itx_tmpl.c.o)
  "_dav1d_inv_txfm_add_dct_dct_16x8_8bpc_avx2", referenced from:
      _dav1d_itx_dsp_init_8bpc in libdav1d.a[arm64][8](itx_tmpl.c.o)
  "_dav1d_inv_txfm_add_dct_dct_16x8_8bpc_avx512icl", referenced from:
      _dav1d_itx_dsp_init_8bpc in libdav1d.a[arm64][8](itx_tmpl.c.o)
  "_dav1d_inv_txfm_add_dct_dct_16x8_8bpc_ssse3", referenced from:
      _dav1d_itx_dsp_init_8bpc in libdav1d.a[arm64][8](itx_tmpl.c.o)
  "_dav1d_inv_txfm_add_dct_dct_32x16_10bpc_avx2", referenced from:
      _dav1d_itx_dsp_init_16bpc in libdav1d.a[arm64][21](itx_tmpl.c.o)
  "_dav1d_inv_txfm_add_dct_dct_32x16_10bpc_avx512icl", referenced from:
      _dav1d_itx_dsp_init_16bpc in libdav1d.a[arm64][21](itx_tmpl.c.o)
  "_dav1d_inv_txfm_add_dct_dct_32x16_16bpc_sse4", referenced from:
      _dav1d_itx_dsp_init_16bpc in libdav1d.a[arm64][21](itx_tmpl.c.o)
  "_dav1d_inv_txfm_add_dct_dct_32x16_8bpc_avx2", referenced from:
      _dav1d_itx_dsp_init_8bpc in libdav1d.a[arm64][8](itx_tmpl.c.o)
  "_dav1d_inv_txfm_add_dct_dct_32x16_8bpc_avx512icl", referenced from:
      _dav1d_itx_dsp_init_8bpc in libdav1d.a[arm64][8](itx_tmpl.c.o)
  "_dav1d_inv_txfm_add_dct_dct_32x16_8bpc_ssse3", referenced from:
      _dav1d_itx_dsp_init_8bpc in libdav1d.a[arm64][8](itx_tmpl.c.o)
  "_dav1d_inv_txfm_add_dct_dct_32x32_10bpc_avx2", referenced from:
      _dav1d_itx_dsp_init_16bpc in libdav1d.a[arm64][21](itx_tmpl.c.o)
  "_dav1d_inv_txfm_add_dct_dct_32x32_10bpc_avx512icl", referenced from:
      _dav1d_itx_dsp_init_16bpc in libdav1d.a[arm64][21](itx_tmpl.c.o)
  "_dav1d_inv_txfm_add_dct_dct_32x32_16bpc_sse4", referenced from:
      _dav1d_itx_dsp_init_16bpc in libdav1d.a[arm64][21](itx_tmpl.c.o)
  "_dav1d_inv_txfm_add_dct_dct_32x32_8bpc_avx2", referenced from:
      _dav1d_itx_dsp_init_8bpc in libdav1d.a[arm64][8](itx_tmpl.c.o)
  "_dav1d_inv_txfm_add_dct_dct_32x32_8bpc_avx512icl", referenced from:
      _dav1d_itx_dsp_init_8bpc in libdav1d.a[arm64][8](itx_tmpl.c.o)
  "_dav1d_inv_txfm_add_dct_dct_32x32_8bpc_ssse3", referenced from:
      _dav1d_itx_dsp_init_8bpc in libdav1d.a[arm64][8](itx_tmpl.c.o)
  CC       control/hotkeys.lo
  "_dav1d_inv_txfm_add_dct_dct_32x64_10bpc_avx2", referenced from:
      _dav1d_itx_dsp_init_16bpc in libdav1d.a[arm64][21](itx_tmpl.c.o)
  "_dav1d_inv_txfm_add_dct_dct_32x64_10bpc_avx512icl", referenced from:
      _dav1d_itx_dsp_init_16bpc in libdav1d.a[arm64][21](itx_tmpl.c.o)
  "_dav1d_inv_txfm_add_dct_dct_32x64_16bpc_sse4", referenced from:
      _dav1d_itx_dsp_init_16bpc in libdav1d.a[arm64][21](itx_tmpl.c.o)
  "_dav1d_inv_txfm_add_dct_dct_32x64_8bpc_avx2", referenced from:
      _dav1d_itx_dsp_init_8bpc in libdav1d.a[arm64][8](itx_tmpl.c.o)
  "_dav1d_inv_txfm_add_dct_dct_32x64_8bpc_avx512icl", referenced from:
      _dav1d_itx_dsp_init_8bpc in libdav1d.a[arm64][8](itx_tmpl.c.o)
  "_dav1d_inv_txfm_add_dct_dct_32x64_8bpc_ssse3", referenced from:
      _dav1d_itx_dsp_init_8bpc in libdav1d.a[arm64][8](itx_tmpl.c.o)
  "_dav1d_inv_txfm_add_dct_dct_32x8_10bpc_avx2", referenced from:
      _dav1d_itx_dsp_init_16bpc in libdav1d.a[arm64][21](itx_tmpl.c.o)
  "_dav1d_inv_txfm_add_dct_dct_32x8_10bpc_avx512icl", referenced from:
      _dav1d_itx_dsp_init_16bpc in libdav1d.a[arm64][21](itx_tmpl.c.o)
  "_dav1d_inv_txfm_add_dct_dct_32x8_12bpc_avx2", referenced from:
      _dav1d_itx_dsp_init_16bpc in libdav1d.a[arm64][21](itx_tmpl.c.o)
  "_dav1d_inv_txfm_add_dct_dct_32x8_16bpc_sse4", referenced from:
      _dav1d_itx_dsp_init_16bpc in libdav1d.a[arm64][21](itx_tmpl.c.o)
  "_dav1d_inv_txfm_add_dct_dct_32x8_8bpc_avx2", referenced from:
      _dav1d_itx_dsp_init_8bpc in libdav1d.a[arm64][8](itx_tmpl.c.o)
  "_dav1d_inv_txfm_add_dct_dct_32x8_8bpc_avx512icl", referenced from:
      _dav1d_itx_dsp_init_8bpc in libdav1d.a[arm64][8](itx_tmpl.c.o)
  "_dav1d_inv_txfm_add_dct_dct_32x8_8bpc_ssse3", referenced from:
      _dav1d_itx_dsp_init_8bpc in libdav1d.a[arm64][8](itx_tmpl.c.o)
  "_dav1d_inv_txfm_add_dct_dct_4x16_10bpc_avx2", referenced from:
      _dav1d_itx_dsp_init_16bpc in libdav1d.a[arm64][21](itx_tmpl.c.o)
  "_dav1d_inv_txfm_add_dct_dct_4x16_12bpc_avx2", referenced from:
      _dav1d_itx_dsp_init_16bpc in libdav1d.a[arm64][21](itx_tmpl.c.o)
  "_dav1d_inv_txfm_add_dct_dct_4x16_16bpc_sse4", referenced from:
      _dav1d_itx_dsp_init_16bpc in libdav1d.a[arm64][21](itx_tmpl.c.o)
  "_dav1d_inv_txfm_add_dct_dct_4x16_8bpc_avx2", referenced from:
      _dav1d_itx_dsp_init_8bpc in libdav1d.a[arm64][8](itx_tmpl.c.o)
  "_dav1d_inv_txfm_add_dct_dct_4x16_8bpc_avx512icl", referenced from:
      _dav1d_itx_dsp_init_8bpc in libdav1d.a[arm64][8](itx_tmpl.c.o)
  "_dav1d_inv_txfm_add_dct_dct_4x16_8bpc_ssse3", referenced from:
      _dav1d_itx_dsp_init_8bpc in libdav1d.a[arm64][8](itx_tmpl.c.o)
  "_dav1d_inv_txfm_add_dct_dct_4x4_10bpc_avx2", referenced from:
      _dav1d_itx_dsp_init_16bpc in libdav1d.a[arm64][21](itx_tmpl.c.o)
  "_dav1d_inv_txfm_add_dct_dct_4x4_12bpc_avx2", referenced from:
      _dav1d_itx_dsp_init_16bpc in libdav1d.a[arm64][21](itx_tmpl.c.o)
  "_dav1d_inv_txfm_add_dct_dct_4x4_16bpc_sse4", referenced from:
      _dav1d_itx_dsp_init_16bpc in libdav1d.a[arm64][21](itx_tmpl.c.o)
  "_dav1d_inv_txfm_add_dct_dct_4x4_8bpc_avx2", referenced from:
      _dav1d_itx_dsp_init_8bpc in libdav1d.a[arm64][8](itx_tmpl.c.o)
  "_dav1d_inv_txfm_add_dct_dct_4x4_8bpc_avx512icl", referenced from:
      _dav1d_itx_dsp_init_8bpc in libdav1d.a[arm64][8](itx_tmpl.c.o)
  "_dav1d_inv_txfm_add_dct_dct_4x4_8bpc_ssse3", referenced from:
      _dav1d_itx_dsp_init_8bpc in libdav1d.a[arm64][8](itx_tmpl.c.o)
  "_dav1d_inv_txfm_add_dct_dct_4x8_10bpc_avx2", referenced from:
      _dav1d_itx_dsp_init_16bpc in libdav1d.a[arm64][21](itx_tmpl.c.o)
  "_dav1d_inv_txfm_add_dct_dct_4x8_12bpc_avx2", referenced from:
      _dav1d_itx_dsp_init_16bpc in libdav1d.a[arm64][21](itx_tmpl.c.o)
  "_dav1d_inv_txfm_add_dct_dct_4x8_16bpc_sse4", referenced from:
      _dav1d_itx_dsp_init_16bpc in libdav1d.a[arm64][21](itx_tmpl.c.o)
  "_dav1d_inv_txfm_add_dct_dct_4x8_8bpc_avx2", referenced from:
      _dav1d_itx_dsp_init_8bpc in libdav1d.a[arm64][8](itx_tmpl.c.o)
  "_dav1d_inv_txfm_add_dct_dct_4x8_8bpc_avx512icl", referenced from:
      _dav1d_itx_dsp_init_8bpc in libdav1d.a[arm64][8](itx_tmpl.c.o)
  "_dav1d_inv_txfm_add_dct_dct_4x8_8bpc_ssse3", referenced from:
      _dav1d_itx_dsp_init_8bpc in libdav1d.a[arm64][8](itx_tmpl.c.o)
  "_dav1d_inv_txfm_add_dct_dct_64x16_10bpc_avx2", referenced from:
      _dav1d_itx_dsp_init_16bpc in libdav1d.a[arm64][21](itx_tmpl.c.o)
  "_dav1d_inv_txfm_add_dct_dct_64x16_10bpc_avx512icl", referenced from:
      _dav1d_itx_dsp_init_16bpc in libdav1d.a[arm64][21](itx_tmpl.c.o)
  "_dav1d_inv_txfm_add_dct_dct_64x16_16bpc_sse4", referenced from:
      _dav1d_itx_dsp_init_16bpc in libdav1d.a[arm64][21](itx_tmpl.c.o)
  "_dav1d_inv_txfm_add_dct_dct_64x16_8bpc_avx2", referenced from:
      _dav1d_itx_dsp_init_8bpc in libdav1d.a[arm64][8](itx_tmpl.c.o)
  "_dav1d_inv_txfm_add_dct_dct_64x16_8bpc_avx512icl", referenced from:
      _dav1d_itx_dsp_init_8bpc in libdav1d.a[arm64][8](itx_tmpl.c.o)
  "_dav1d_inv_txfm_add_dct_dct_64x16_8bpc_ssse3", referenced from:
      _dav1d_itx_dsp_init_8bpc in libdav1d.a[arm64][8](itx_tmpl.c.o)
  "_dav1d_inv_txfm_add_dct_dct_64x32_10bpc_avx2", referenced from:
      _dav1d_itx_dsp_init_16bpc in libdav1d.a[arm64][21](itx_tmpl.c.o)
  "_dav1d_inv_txfm_add_dct_dct_64x32_10bpc_avx512icl", referenced from:
      _dav1d_itx_dsp_init_16bpc in libdav1d.a[arm64][21](itx_tmpl.c.o)
  "_dav1d_inv_txfm_add_dct_dct_64x32_16bpc_sse4", referenced from:
      _dav1d_itx_dsp_init_16bpc in libdav1d.a[arm64][21](itx_tmpl.c.o)
  "_dav1d_inv_txfm_add_dct_dct_64x32_8bpc_avx2", referenced from:
      _dav1d_itx_dsp_init_8bpc in libdav1d.a[arm64][8](itx_tmpl.c.o)
  "_dav1d_inv_txfm_add_dct_dct_64x32_8bpc_avx512icl", referenced from:
      _dav1d_itx_dsp_init_8bpc in libdav1d.a[arm64][8](itx_tmpl.c.o)
  "_dav1d_inv_txfm_add_dct_dct_64x32_8bpc_ssse3", referenced from:
      _dav1d_itx_dsp_init_8bpc in libdav1d.a[arm64][8](itx_tmpl.c.o)
  "_dav1d_inv_txfm_add_dct_dct_64x64_10bpc_avx2", referenced from:
      _dav1d_itx_dsp_init_16bpc in libdav1d.a[arm64][21](itx_tmpl.c.o)
  "_dav1d_inv_txfm_add_dct_dct_64x64_10bpc_avx512icl", referenced from:
      _dav1d_itx_dsp_init_16bpc in libdav1d.a[arm64][21](itx_tmpl.c.o)
  "_dav1d_inv_txfm_add_dct_dct_64x64_16bpc_sse4", referenced from:
      _dav1d_itx_dsp_init_16bpc in libdav1d.a[arm64][21](itx_tmpl.c.o)
  "_dav1d_inv_txfm_add_dct_dct_64x64_8bpc_avx2", referenced from:
      _dav1d_itx_dsp_init_8bpc in libdav1d.a[arm64][8](itx_tmpl.c.o)
  "_dav1d_inv_txfm_add_dct_dct_64x64_8bpc_avx512icl", referenced from:
      _dav1d_itx_dsp_init_8bpc in libdav1d.a[arm64][8](itx_tmpl.c.o)
  "_dav1d_inv_txfm_add_dct_dct_64x64_8bpc_ssse3", referenced from:
      _dav1d_itx_dsp_init_8bpc in libdav1d.a[arm64][8](itx_tmpl.c.o)
  "_dav1d_inv_txfm_add_dct_dct_8x16_10bpc_avx2", referenced from:
      _dav1d_itx_dsp_init_16bpc in libdav1d.a[arm64][21](itx_tmpl.c.o)
  "_dav1d_inv_txfm_add_dct_dct_8x16_10bpc_avx512icl", referenced from:
      _dav1d_itx_dsp_init_16bpc in libdav1d.a[arm64][21](itx_tmpl.c.o)
  "_dav1d_inv_txfm_add_dct_dct_8x16_12bpc_avx2", referenced from:
      _dav1d_itx_dsp_init_16bpc in libdav1d.a[arm64][21](itx_tmpl.c.o)
  "_dav1d_inv_txfm_add_dct_dct_8x16_16bpc_sse4", referenced from:
      _dav1d_itx_dsp_init_16bpc in libdav1d.a[arm64][21](itx_tmpl.c.o)
  "_dav1d_inv_txfm_add_dct_dct_8x16_8bpc_avx2", referenced from:
      _dav1d_itx_dsp_init_8bpc in libdav1d.a[arm64][8](itx_tmpl.c.o)
  "_dav1d_inv_txfm_add_dct_dct_8x16_8bpc_avx512icl", referenced from:
      _dav1d_itx_dsp_init_8bpc in libdav1d.a[arm64][8](itx_tmpl.c.o)
  "_dav1d_inv_txfm_add_dct_dct_8x16_8bpc_ssse3", referenced from:
      _dav1d_itx_dsp_init_8bpc in libdav1d.a[arm64][8](itx_tmpl.c.o)
  "_dav1d_inv_txfm_add_dct_dct_8x32_10bpc_avx2", referenced from:
      _dav1d_itx_dsp_init_16bpc in libdav1d.a[arm64][21](itx_tmpl.c.o)
  "_dav1d_inv_txfm_add_dct_dct_8x32_10bpc_avx512icl", referenced from:
      _dav1d_itx_dsp_init_16bpc in libdav1d.a[arm64][21](itx_tmpl.c.o)
  "_dav1d_inv_txfm_add_dct_dct_8x32_12bpc_avx2", referenced from:
      _dav1d_itx_dsp_init_16bpc in libdav1d.a[arm64][21](itx_tmpl.c.o)
  "_dav1d_inv_txfm_add_dct_dct_8x32_16bpc_sse4", referenced from:
      _dav1d_itx_dsp_init_16bpc in libdav1d.a[arm64][21](itx_tmpl.c.o)
  "_dav1d_inv_txfm_add_dct_dct_8x32_8bpc_avx2", referenced from:
      _dav1d_itx_dsp_init_8bpc in libdav1d.a[arm64][8](itx_tmpl.c.o)
  "_dav1d_inv_txfm_add_dct_dct_8x32_8bpc_avx512icl", referenced from:
      _dav1d_itx_dsp_init_8bpc in libdav1d.a[arm64][8](itx_tmpl.c.o)
  "_dav1d_inv_txfm_add_dct_dct_8x32_8bpc_ssse3", referenced from:
      _dav1d_itx_dsp_init_8bpc in libdav1d.a[arm64][8](itx_tmpl.c.o)
  "_dav1d_inv_txfm_add_dct_dct_8x4_10bpc_avx2", referenced from:
      _dav1d_itx_dsp_init_16bpc in libdav1d.a[arm64][21](itx_tmpl.c.o)
  "_dav1d_inv_txfm_add_dct_dct_8x4_12bpc_avx2", referenced from:
      _dav1d_itx_dsp_init_16bpc in libdav1d.a[arm64][21](itx_tmpl.c.o)
  "_dav1d_inv_txfm_add_dct_dct_8x4_16bpc_sse4", referenced from:
      _dav1d_itx_dsp_init_16bpc in libdav1d.a[arm64][21](itx_tmpl.c.o)
  "_dav1d_inv_txfm_add_dct_dct_8x4_8bpc_avx2", referenced from:
      _dav1d_itx_dsp_init_8bpc in libdav1d.a[arm64][8](itx_tmpl.c.o)
  "_dav1d_inv_txfm_add_dct_dct_8x4_8bpc_avx512icl", referenced from:
      _dav1d_itx_dsp_init_8bpc in libdav1d.a[arm64][8](itx_tmpl.c.o)
  "_dav1d_inv_txfm_add_dct_dct_8x4_8bpc_ssse3", referenced from:
      _dav1d_itx_dsp_init_8bpc in libdav1d.a[arm64][8](itx_tmpl.c.o)
  "_dav1d_inv_txfm_add_dct_dct_8x8_10bpc_avx2", referenced from:
      _dav1d_itx_dsp_init_16bpc in libdav1d.a[arm64][21](itx_tmpl.c.o)
  "_dav1d_inv_txfm_add_dct_dct_8x8_10bpc_avx512icl", referenced from:
      _dav1d_itx_dsp_init_16bpc in libdav1d.a[arm64][21](itx_tmpl.c.o)
  "_dav1d_inv_txfm_add_dct_dct_8x8_12bpc_avx2", referenced from:
      _dav1d_itx_dsp_init_16bpc in libdav1d.a[arm64][21](itx_tmpl.c.o)
  "_dav1d_inv_txfm_add_dct_dct_8x8_16bpc_sse4", referenced from:
      _dav1d_itx_dsp_init_16bpc in libdav1d.a[arm64][21](itx_tmpl.c.o)
  "_dav1d_inv_txfm_add_dct_dct_8x8_8bpc_avx2", referenced from:
      _dav1d_itx_dsp_init_8bpc in libdav1d.a[arm64][8](itx_tmpl.c.o)
  "_dav1d_inv_txfm_add_dct_dct_8x8_8bpc_avx512icl", referenced from:
      _dav1d_itx_dsp_init_8bpc in libdav1d.a[arm64][8](itx_tmpl.c.o)
  "_dav1d_inv_txfm_add_dct_dct_8x8_8bpc_ssse3", referenced from:
      _dav1d_itx_dsp_init_8bpc in libdav1d.a[arm64][8](itx_tmpl.c.o)
  "_dav1d_inv_txfm_add_dct_flipadst_16x16_10bpc_avx2", referenced from:
      _dav1d_itx_dsp_init_16bpc in libdav1d.a[arm64][21](itx_tmpl.c.o)
  "_dav1d_inv_txfm_add_dct_flipadst_16x16_10bpc_avx512icl", referenced from:
      _dav1d_itx_dsp_init_16bpc in libdav1d.a[arm64][21](itx_tmpl.c.o)
  "_dav1d_inv_txfm_add_dct_flipadst_16x16_12bpc_avx2", referenced from:
      _dav1d_itx_dsp_init_16bpc in libdav1d.a[arm64][21](itx_tmpl.c.o)
  "_dav1d_inv_txfm_add_dct_flipadst_16x16_16bpc_sse4", referenced from:
      _dav1d_itx_dsp_init_16bpc in libdav1d.a[arm64][21](itx_tmpl.c.o)
  "_dav1d_inv_txfm_add_dct_flipadst_16x16_8bpc_avx2", referenced from:
      _dav1d_itx_dsp_init_8bpc in libdav1d.a[arm64][8](itx_tmpl.c.o)
  "_dav1d_inv_txfm_add_dct_flipadst_16x16_8bpc_avx512icl", referenced from:
      _dav1d_itx_dsp_init_8bpc in libdav1d.a[arm64][8](itx_tmpl.c.o)
  "_dav1d_inv_txfm_add_dct_flipadst_16x16_8bpc_ssse3", referenced from:
      _dav1d_itx_dsp_init_8bpc in libdav1d.a[arm64][8](itx_tmpl.c.o)
  "_dav1d_inv_txfm_add_dct_flipadst_16x4_10bpc_avx2", referenced from:
      _dav1d_itx_dsp_init_16bpc in libdav1d.a[arm64][21](itx_tmpl.c.o)
  "_dav1d_inv_txfm_add_dct_flipadst_16x4_12bpc_avx2", referenced from:
      _dav1d_itx_dsp_init_16bpc in libdav1d.a[arm64][21](itx_tmpl.c.o)
  "_dav1d_inv_txfm_add_dct_flipadst_16x4_16bpc_sse4", referenced from:
      _dav1d_itx_dsp_init_16bpc in libdav1d.a[arm64][21](itx_tmpl.c.o)
  "_dav1d_inv_txfm_add_dct_flipadst_16x4_8bpc_avx2", referenced from:
      _dav1d_itx_dsp_init_8bpc in libdav1d.a[arm64][8](itx_tmpl.c.o)
  "_dav1d_inv_txfm_add_dct_flipadst_16x4_8bpc_avx512icl", referenced from:
      _dav1d_itx_dsp_init_8bpc in libdav1d.a[arm64][8](itx_tmpl.c.o)
  "_dav1d_inv_txfm_add_dct_flipadst_16x4_8bpc_ssse3", referenced from:
      _dav1d_itx_dsp_init_8bpc in libdav1d.a[arm64][8](itx_tmpl.c.o)
  "_dav1d_inv_txfm_add_dct_flipadst_16x8_10bpc_avx2", referenced from:
      _dav1d_itx_dsp_init_16bpc in libdav1d.a[arm64][21](itx_tmpl.c.o)
  "_dav1d_inv_txfm_add_dct_flipadst_16x8_10bpc_avx512icl", referenced from:
      _dav1d_itx_dsp_init_16bpc in libdav1d.a[arm64][21](itx_tmpl.c.o)
  "_dav1d_inv_txfm_add_dct_flipadst_16x8_12bpc_avx2", referenced from:
      _dav1d_itx_dsp_init_16bpc in libdav1d.a[arm64][21](itx_tmpl.c.o)
  "_dav1d_inv_txfm_add_dct_flipadst_16x8_16bpc_sse4", referenced from:
      _dav1d_itx_dsp_init_16bpc in libdav1d.a[arm64][21](itx_tmpl.c.o)
  "_dav1d_inv_txfm_add_dct_flipadst_16x8_8bpc_avx2", referenced from:
      _dav1d_itx_dsp_init_8bpc in libdav1d.a[arm64][8](itx_tmpl.c.o)
  "_dav1d_inv_txfm_add_dct_flipadst_16x8_8bpc_avx512icl", referenced from:
      _dav1d_itx_dsp_init_8bpc in libdav1d.a[arm64][8](itx_tmpl.c.o)
  "_dav1d_inv_txfm_add_dct_flipadst_16x8_8bpc_ssse3", referenced from:
      _dav1d_itx_dsp_init_8bpc in libdav1d.a[arm64][8](itx_tmpl.c.o)
  "_dav1d_inv_txfm_add_dct_flipadst_4x16_10bpc_avx2", referenced from:
      _dav1d_itx_dsp_init_16bpc in libdav1d.a[arm64][21](itx_tmpl.c.o)
  "_dav1d_inv_txfm_add_dct_flipadst_4x16_12bpc_avx2", referenced from:
      _dav1d_itx_dsp_init_16bpc in libdav1d.a[arm64][21](itx_tmpl.c.o)
  "_dav1d_inv_txfm_add_dct_flipadst_4x16_16bpc_sse4", referenced from:
      _dav1d_itx_dsp_init_16bpc in libdav1d.a[arm64][21](itx_tmpl.c.o)
  "_dav1d_inv_txfm_add_dct_flipadst_4x16_8bpc_avx2", referenced from:
      _dav1d_itx_dsp_init_8bpc in libdav1d.a[arm64][8](itx_tmpl.c.o)
  "_dav1d_inv_txfm_add_dct_flipadst_4x16_8bpc_avx512icl", referenced from:
      _dav1d_itx_dsp_init_8bpc in libdav1d.a[arm64][8](itx_tmpl.c.o)
  "_dav1d_inv_txfm_add_dct_flipadst_4x16_8bpc_ssse3", referenced from:
      _dav1d_itx_dsp_init_8bpc in libdav1d.a[arm64][8](itx_tmpl.c.o)
  "_dav1d_inv_txfm_add_dct_flipadst_4x4_10bpc_avx2", referenced from:
      _dav1d_itx_dsp_init_16bpc in libdav1d.a[arm64][21](itx_tmpl.c.o)
  "_dav1d_inv_txfm_add_dct_flipadst_4x4_12bpc_avx2", referenced from:
      _dav1d_itx_dsp_init_16bpc in libdav1d.a[arm64][21](itx_tmpl.c.o)
  "_dav1d_inv_txfm_add_dct_flipadst_4x4_16bpc_sse4", referenced from:
      _dav1d_itx_dsp_init_16bpc in libdav1d.a[arm64][21](itx_tmpl.c.o)
  "_dav1d_inv_txfm_add_dct_flipadst_4x4_8bpc_avx2", referenced from:
      _dav1d_itx_dsp_init_8bpc in libdav1d.a[arm64][8](itx_tmpl.c.o)
  "_dav1d_inv_txfm_add_dct_flipadst_4x4_8bpc_avx512icl", referenced from:
      _dav1d_itx_dsp_init_8bpc in libdav1d.a[arm64][8](itx_tmpl.c.o)
  "_dav1d_inv_txfm_add_dct_flipadst_4x4_8bpc_ssse3", referenced from:
      _dav1d_itx_dsp_init_8bpc in libdav1d.a[arm64][8](itx_tmpl.c.o)
  "_dav1d_inv_txfm_add_dct_flipadst_4x8_10bpc_avx2", referenced from:
      _dav1d_itx_dsp_init_16bpc in libdav1d.a[arm64][21](itx_tmpl.c.o)
  "_dav1d_inv_txfm_add_dct_flipadst_4x8_12bpc_avx2", referenced from:
      _dav1d_itx_dsp_init_16bpc in libdav1d.a[arm64][21](itx_tmpl.c.o)
  "_dav1d_inv_txfm_add_dct_flipadst_4x8_16bpc_sse4", referenced from:
      _dav1d_itx_dsp_init_16bpc in libdav1d.a[arm64][21](itx_tmpl.c.o)
  "_dav1d_inv_txfm_add_dct_flipadst_4x8_8bpc_avx2", referenced from:
      _dav1d_itx_dsp_init_8bpc in libdav1d.a[arm64][8](itx_tmpl.c.o)
  "_dav1d_inv_txfm_add_dct_flipadst_4x8_8bpc_avx512icl", referenced from:
      _dav1d_itx_dsp_init_8bpc in libdav1d.a[arm64][8](itx_tmpl.c.o)
  "_dav1d_inv_txfm_add_dct_flipadst_4x8_8bpc_ssse3", referenced from:
      _dav1d_itx_dsp_init_8bpc in libdav1d.a[arm64][8](itx_tmpl.c.o)
  "_dav1d_inv_txfm_add_dct_flipadst_8x16_10bpc_avx2", referenced from:
      _dav1d_itx_dsp_init_16bpc in libdav1d.a[arm64][21](itx_tmpl.c.o)
  "_dav1d_inv_txfm_add_dct_flipadst_8x16_10bpc_avx512icl", referenced from:
      _dav1d_itx_dsp_init_16bpc in libdav1d.a[arm64][21](itx_tmpl.c.o)
  "_dav1d_inv_txfm_add_dct_flipadst_8x16_12bpc_avx2", referenced from:
      _dav1d_itx_dsp_init_16bpc in libdav1d.a[arm64][21](itx_tmpl.c.o)
  "_dav1d_inv_txfm_add_dct_flipadst_8x16_16bpc_sse4", referenced from:
      _dav1d_itx_dsp_init_16bpc in libdav1d.a[arm64][21](itx_tmpl.c.o)
  "_dav1d_inv_txfm_add_dct_flipadst_8x16_8bpc_avx2", referenced from:
      _dav1d_itx_dsp_init_8bpc in libdav1d.a[arm64][8](itx_tmpl.c.o)
  "_dav1d_inv_txfm_add_dct_flipadst_8x16_8bpc_avx512icl", referenced from:
      _dav1d_itx_dsp_init_8bpc in libdav1d.a[arm64][8](itx_tmpl.c.o)
  "_dav1d_inv_txfm_add_dct_flipadst_8x16_8bpc_ssse3", referenced from:
      _dav1d_itx_dsp_init_8bpc in libdav1d.a[arm64][8](itx_tmpl.c.o)
  "_dav1d_inv_txfm_add_dct_flipadst_8x4_10bpc_avx2", referenced from:
      _dav1d_itx_dsp_init_16bpc in libdav1d.a[arm64][21](itx_tmpl.c.o)
  "_dav1d_inv_txfm_add_dct_flipadst_8x4_12bpc_avx2", referenced from:
      _dav1d_itx_dsp_init_16bpc in libdav1d.a[arm64][21](itx_tmpl.c.o)
  "_dav1d_inv_txfm_add_dct_flipadst_8x4_16bpc_sse4", referenced from:
      _dav1d_itx_dsp_init_16bpc in libdav1d.a[arm64][21](itx_tmpl.c.o)
  "_dav1d_inv_txfm_add_dct_flipadst_8x4_8bpc_avx2", referenced from:
      _dav1d_itx_dsp_init_8bpc in libdav1d.a[arm64][8](itx_tmpl.c.o)
  "_dav1d_inv_txfm_add_dct_flipadst_8x4_8bpc_avx512icl", referenced from:
      _dav1d_itx_dsp_init_8bpc in libdav1d.a[arm64][8](itx_tmpl.c.o)
  "_dav1d_inv_txfm_add_dct_flipadst_8x4_8bpc_ssse3", referenced from:
      _dav1d_itx_dsp_init_8bpc in libdav1d.a[arm64][8](itx_tmpl.c.o)
  "_dav1d_inv_txfm_add_dct_flipadst_8x8_10bpc_avx2", referenced from:
      _dav1d_itx_dsp_init_16bpc in libdav1d.a[arm64][21](itx_tmpl.c.o)
  "_dav1d_inv_txfm_add_dct_flipadst_8x8_10bpc_avx512icl", referenced from:
      _dav1d_itx_dsp_init_16bpc in libdav1d.a[arm64][21](itx_tmpl.c.o)
  "_dav1d_inv_txfm_add_dct_flipadst_8x8_12bpc_avx2", referenced from:
      _dav1d_itx_dsp_init_16bpc in libdav1d.a[arm64][21](itx_tmpl.c.o)
  "_dav1d_inv_txfm_add_dct_flipadst_8x8_16bpc_sse4", referenced from:
      _dav1d_itx_dsp_init_16bpc in libdav1d.a[arm64][21](itx_tmpl.c.o)
  "_dav1d_inv_txfm_add_dct_flipadst_8x8_8bpc_avx2", referenced from:
      _dav1d_itx_dsp_init_8bpc in libdav1d.a[arm64][8](itx_tmpl.c.o)
  "_dav1d_inv_txfm_add_dct_flipadst_8x8_8bpc_avx512icl", referenced from:
      _dav1d_itx_dsp_init_8bpc in libdav1d.a[arm64][8](itx_tmpl.c.o)
  "_dav1d_inv_txfm_add_dct_flipadst_8x8_8bpc_ssse3", referenced from:
      _dav1d_itx_dsp_init_8bpc in libdav1d.a[arm64][8](itx_tmpl.c.o)
  "_dav1d_inv_txfm_add_dct_identity_16x16_10bpc_avx2", referenced from:
      _dav1d_itx_dsp_init_16bpc in libdav1d.a[arm64][21](itx_tmpl.c.o)
  "_dav1d_inv_txfm_add_dct_identity_16x16_10bpc_avx512icl", referenced from:
      _dav1d_itx_dsp_init_16bpc in libdav1d.a[arm64][21](itx_tmpl.c.o)
  "_dav1d_inv_txfm_add_dct_identity_16x16_12bpc_avx2", referenced from:
      _dav1d_itx_dsp_init_16bpc in libdav1d.a[arm64][21](itx_tmpl.c.o)
  "_dav1d_inv_txfm_add_dct_identity_16x16_16bpc_sse4", referenced from:
      _dav1d_itx_dsp_init_16bpc in libdav1d.a[arm64][21](itx_tmpl.c.o)
  "_dav1d_inv_txfm_add_dct_identity_16x16_8bpc_avx2", referenced from:
      _dav1d_itx_dsp_init_8bpc in libdav1d.a[arm64][8](itx_tmpl.c.o)
  "_dav1d_inv_txfm_add_dct_identity_16x16_8bpc_avx512icl", referenced from:
      _dav1d_itx_dsp_init_8bpc in libdav1d.a[arm64][8](itx_tmpl.c.o)
  "_dav1d_inv_txfm_add_dct_identity_16x16_8bpc_ssse3", referenced from:
      _dav1d_itx_dsp_init_8bpc in libdav1d.a[arm64][8](itx_tmpl.c.o)
  "_dav1d_inv_txfm_add_dct_identity_16x4_10bpc_avx2", referenced from:
      _dav1d_itx_dsp_init_16bpc in libdav1d.a[arm64][21](itx_tmpl.c.o)
  "_dav1d_inv_txfm_add_dct_identity_16x4_12bpc_avx2", referenced from:
      _dav1d_itx_dsp_init_16bpc in libdav1d.a[arm64][21](itx_tmpl.c.o)
  "_dav1d_inv_txfm_add_dct_identity_16x4_16bpc_sse4", referenced from:
      _dav1d_itx_dsp_init_16bpc in libdav1d.a[arm64][21](itx_tmpl.c.o)
  "_dav1d_inv_txfm_add_dct_identity_16x4_8bpc_avx2", referenced from:
      _dav1d_itx_dsp_init_8bpc in libdav1d.a[arm64][8](itx_tmpl.c.o)
  "_dav1d_inv_txfm_add_dct_identity_16x4_8bpc_avx512icl", referenced from:
      _dav1d_itx_dsp_init_8bpc in libdav1d.a[arm64][8](itx_tmpl.c.o)
  "_dav1d_inv_txfm_add_dct_identity_16x4_8bpc_ssse3", referenced from:
      _dav1d_itx_dsp_init_8bpc in libdav1d.a[arm64][8](itx_tmpl.c.o)
  "_dav1d_inv_txfm_add_dct_identity_16x8_10bpc_avx2", referenced from:
      _dav1d_itx_dsp_init_16bpc in libdav1d.a[arm64][21](itx_tmpl.c.o)
  "_dav1d_inv_txfm_add_dct_identity_16x8_10bpc_avx512icl", referenced from:
      _dav1d_itx_dsp_init_16bpc in libdav1d.a[arm64][21](itx_tmpl.c.o)
  "_dav1d_inv_txfm_add_dct_identity_16x8_12bpc_avx2", referenced from:
      _dav1d_itx_dsp_init_16bpc in libdav1d.a[arm64][21](itx_tmpl.c.o)
  "_dav1d_inv_txfm_add_dct_identity_16x8_16bpc_sse4", referenced from:
      _dav1d_itx_dsp_init_16bpc in libdav1d.a[arm64][21](itx_tmpl.c.o)
  "_dav1d_inv_txfm_add_dct_identity_16x8_8bpc_avx2", referenced from:
      _dav1d_itx_dsp_init_8bpc in libdav1d.a[arm64][8](itx_tmpl.c.o)
  "_dav1d_inv_txfm_add_dct_identity_16x8_8bpc_avx512icl", referenced from:
      _dav1d_itx_dsp_init_8bpc in libdav1d.a[arm64][8](itx_tmpl.c.o)
  "_dav1d_inv_txfm_add_dct_identity_16x8_8bpc_ssse3", referenced from:
      _dav1d_itx_dsp_init_8bpc in libdav1d.a[arm64][8](itx_tmpl.c.o)
  "_dav1d_inv_txfm_add_dct_identity_4x16_10bpc_avx2", referenced from:
      _dav1d_itx_dsp_init_16bpc in libdav1d.a[arm64][21](itx_tmpl.c.o)
  "_dav1d_inv_txfm_add_dct_identity_4x16_12bpc_avx2", referenced from:
      _dav1d_itx_dsp_init_16bpc in libdav1d.a[arm64][21](itx_tmpl.c.o)
  "_dav1d_inv_txfm_add_dct_identity_4x16_16bpc_sse4", referenced from:
      _dav1d_itx_dsp_init_16bpc in libdav1d.a[arm64][21](itx_tmpl.c.o)
  "_dav1d_inv_txfm_add_dct_identity_4x16_8bpc_avx2", referenced from:
      _dav1d_itx_dsp_init_8bpc in libdav1d.a[arm64][8](itx_tmpl.c.o)
  "_dav1d_inv_txfm_add_dct_identity_4x16_8bpc_avx512icl", referenced from:
      _dav1d_itx_dsp_init_8bpc in libdav1d.a[arm64][8](itx_tmpl.c.o)
  "_dav1d_inv_txfm_add_dct_identity_4x16_8bpc_ssse3", referenced from:
      _dav1d_itx_dsp_init_8bpc in libdav1d.a[arm64][8](itx_tmpl.c.o)
  "_dav1d_inv_txfm_add_dct_identity_4x4_10bpc_avx2", referenced from:
      _dav1d_itx_dsp_init_16bpc in libdav1d.a[arm64][21](itx_tmpl.c.o)
  "_dav1d_inv_txfm_add_dct_identity_4x4_12bpc_avx2", referenced from:
      _dav1d_itx_dsp_init_16bpc in libdav1d.a[arm64][21](itx_tmpl.c.o)
  "_dav1d_inv_txfm_add_dct_identity_4x4_16bpc_sse4", referenced from:
      _dav1d_itx_dsp_init_16bpc in libdav1d.a[arm64][21](itx_tmpl.c.o)
  "_dav1d_inv_txfm_add_dct_identity_4x4_8bpc_avx2", referenced from:
      _dav1d_itx_dsp_init_8bpc in libdav1d.a[arm64][8](itx_tmpl.c.o)
  "_dav1d_inv_txfm_add_dct_identity_4x4_8bpc_avx512icl", referenced from:
      _dav1d_itx_dsp_init_8bpc in libdav1d.a[arm64][8](itx_tmpl.c.o)
  "_dav1d_inv_txfm_add_dct_identity_4x4_8bpc_ssse3", referenced from:
      _dav1d_itx_dsp_init_8bpc in libdav1d.a[arm64][8](itx_tmpl.c.o)
  "_dav1d_inv_txfm_add_dct_identity_4x8_10bpc_avx2", referenced from:
      _dav1d_itx_dsp_init_16bpc in libdav1d.a[arm64][21](itx_tmpl.c.o)
  "_dav1d_inv_txfm_add_dct_identity_4x8_12bpc_avx2", referenced from:
      _dav1d_itx_dsp_init_16bpc in libdav1d.a[arm64][21](itx_tmpl.c.o)
  "_dav1d_inv_txfm_add_dct_identity_4x8_16bpc_sse4", referenced from:
      _dav1d_itx_dsp_init_16bpc in libdav1d.a[arm64][21](itx_tmpl.c.o)
  "_dav1d_inv_txfm_add_dct_identity_4x8_8bpc_avx2", referenced from:
      _dav1d_itx_dsp_init_8bpc in libdav1d.a[arm64][8](itx_tmpl.c.o)
  "_dav1d_inv_txfm_add_dct_identity_4x8_8bpc_avx512icl", referenced from:
      _dav1d_itx_dsp_init_8bpc in libdav1d.a[arm64][8](itx_tmpl.c.o)
  "_dav1d_inv_txfm_add_dct_identity_4x8_8bpc_ssse3", referenced from:
      _dav1d_itx_dsp_init_8bpc in libdav1d.a[arm64][8](itx_tmpl.c.o)
  "_dav1d_inv_txfm_add_dct_identity_8x16_10bpc_avx2", referenced from:
      _dav1d_itx_dsp_init_16bpc in libdav1d.a[arm64][21](itx_tmpl.c.o)
  "_dav1d_inv_txfm_add_dct_identity_8x16_10bpc_avx512icl", referenced from:
      _dav1d_itx_dsp_init_16bpc in libdav1d.a[arm64][21](itx_tmpl.c.o)
  "_dav1d_inv_txfm_add_dct_identity_8x16_12bpc_avx2", referenced from:
      _dav1d_itx_dsp_init_16bpc in libdav1d.a[arm64][21](itx_tmpl.c.o)
  "_dav1d_inv_txfm_add_dct_identity_8x16_16bpc_sse4", referenced from:
      _dav1d_itx_dsp_init_16bpc in libdav1d.a[arm64][21](itx_tmpl.c.o)
  "_dav1d_inv_txfm_add_dct_identity_8x16_8bpc_avx2", referenced from:
      _dav1d_itx_dsp_init_8bpc in libdav1d.a[arm64][8](itx_tmpl.c.o)
  "_dav1d_inv_txfm_add_dct_identity_8x16_8bpc_avx512icl", referenced from:
      _dav1d_itx_dsp_init_8bpc in libdav1d.a[arm64][8](itx_tmpl.c.o)
  "_dav1d_inv_txfm_add_dct_identity_8x16_8bpc_ssse3", referenced from:
      _dav1d_itx_dsp_init_8bpc in libdav1d.a[arm64][8](itx_tmpl.c.o)
  "_dav1d_inv_txfm_add_dct_identity_8x4_10bpc_avx2", referenced from:
      _dav1d_itx_dsp_init_16bpc in libdav1d.a[arm64][21](itx_tmpl.c.o)
  "_dav1d_inv_txfm_add_dct_identity_8x4_12bpc_avx2", referenced from:
      _dav1d_itx_dsp_init_16bpc in libdav1d.a[arm64][21](itx_tmpl.c.o)
  "_dav1d_inv_txfm_add_dct_identity_8x4_16bpc_sse4", referenced from:
      _dav1d_itx_dsp_init_16bpc in libdav1d.a[arm64][21](itx_tmpl.c.o)
  "_dav1d_inv_txfm_add_dct_identity_8x4_8bpc_avx2", referenced from:
      _dav1d_itx_dsp_init_8bpc in libdav1d.a[arm64][8](itx_tmpl.c.o)
  "_dav1d_inv_txfm_add_dct_identity_8x4_8bpc_avx512icl", referenced from:
      _dav1d_itx_dsp_init_8bpc in libdav1d.a[arm64][8](itx_tmpl.c.o)
  "_dav1d_inv_txfm_add_dct_identity_8x4_8bpc_ssse3", referenced from:
      _dav1d_itx_dsp_init_8bpc in libdav1d.a[arm64][8](itx_tmpl.c.o)
  "_dav1d_inv_txfm_add_dct_identity_8x8_10bpc_avx2", referenced from:
      _dav1d_itx_dsp_init_16bpc in libdav1d.a[arm64][21](itx_tmpl.c.o)
  "_dav1d_inv_txfm_add_dct_identity_8x8_10bpc_avx512icl", referenced from:
      _dav1d_itx_dsp_init_16bpc in libdav1d.a[arm64][21](itx_tmpl.c.o)
  "_dav1d_inv_txfm_add_dct_identity_8x8_12bpc_avx2", referenced from:
      _dav1d_itx_dsp_init_16bpc in libdav1d.a[arm64][21](itx_tmpl.c.o)
  "_dav1d_inv_txfm_add_dct_identity_8x8_16bpc_sse4", referenced from:
      _dav1d_itx_dsp_init_16bpc in libdav1d.a[arm64][21](itx_tmpl.c.o)
  "_dav1d_inv_txfm_add_dct_identity_8x8_8bpc_avx2", referenced from:
      _dav1d_itx_dsp_init_8bpc in libdav1d.a[arm64][8](itx_tmpl.c.o)
  "_dav1d_inv_txfm_add_dct_identity_8x8_8bpc_avx512icl", referenced from:
      _dav1d_itx_dsp_init_8bpc in libdav1d.a[arm64][8](itx_tmpl.c.o)
  "_dav1d_inv_txfm_add_dct_identity_8x8_8bpc_ssse3", referenced from:
      _dav1d_itx_dsp_init_8bpc in libdav1d.a[arm64][8](itx_tmpl.c.o)
  "_dav1d_inv_txfm_add_flipadst_adst_16x16_10bpc_avx2", referenced from:
      _dav1d_itx_dsp_init_16bpc in libdav1d.a[arm64][21](itx_tmpl.c.o)
  "_dav1d_inv_txfm_add_flipadst_adst_16x16_10bpc_avx512icl", referenced from:
      _dav1d_itx_dsp_init_16bpc in libdav1d.a[arm64][21](itx_tmpl.c.o)
  "_dav1d_inv_txfm_add_flipadst_adst_16x16_12bpc_avx2", referenced from:
      _dav1d_itx_dsp_init_16bpc in libdav1d.a[arm64][21](itx_tmpl.c.o)
  "_dav1d_inv_txfm_add_flipadst_adst_16x16_16bpc_sse4", referenced from:
      _dav1d_itx_dsp_init_16bpc in libdav1d.a[arm64][21](itx_tmpl.c.o)
  "_dav1d_inv_txfm_add_flipadst_adst_16x16_8bpc_avx2", referenced from:
      _dav1d_itx_dsp_init_8bpc in libdav1d.a[arm64][8](itx_tmpl.c.o)
  "_dav1d_inv_txfm_add_flipadst_adst_16x16_8bpc_avx512icl", referenced from:
      _dav1d_itx_dsp_init_8bpc in libdav1d.a[arm64][8](itx_tmpl.c.o)
  "_dav1d_inv_txfm_add_flipadst_adst_16x16_8bpc_ssse3", referenced from:
      _dav1d_itx_dsp_init_8bpc in libdav1d.a[arm64][8](itx_tmpl.c.o)
  "_dav1d_inv_txfm_add_flipadst_adst_16x4_10bpc_avx2", referenced from:
      _dav1d_itx_dsp_init_16bpc in libdav1d.a[arm64][21](itx_tmpl.c.o)
  "_dav1d_inv_txfm_add_flipadst_adst_16x4_12bpc_avx2", referenced from:
      _dav1d_itx_dsp_init_16bpc in libdav1d.a[arm64][21](itx_tmpl.c.o)
  "_dav1d_inv_txfm_add_flipadst_adst_16x4_16bpc_sse4", referenced from:
      _dav1d_itx_dsp_init_16bpc in libdav1d.a[arm64][21](itx_tmpl.c.o)
  "_dav1d_inv_txfm_add_flipadst_adst_16x4_8bpc_avx2", referenced from:
      _dav1d_itx_dsp_init_8bpc in libdav1d.a[arm64][8](itx_tmpl.c.o)
  "_dav1d_inv_txfm_add_flipadst_adst_16x4_8bpc_avx512icl", referenced from:
      _dav1d_itx_dsp_init_8bpc in libdav1d.a[arm64][8](itx_tmpl.c.o)
  "_dav1d_inv_txfm_add_flipadst_adst_16x4_8bpc_ssse3", referenced from:
      _dav1d_itx_dsp_init_8bpc in libdav1d.a[arm64][8](itx_tmpl.c.o)
  "_dav1d_inv_txfm_add_flipadst_adst_16x8_10bpc_avx2", referenced from:
      _dav1d_itx_dsp_init_16bpc in libdav1d.a[arm64][21](itx_tmpl.c.o)
  "_dav1d_inv_txfm_add_flipadst_adst_16x8_10bpc_avx512icl", referenced from:
      _dav1d_itx_dsp_init_16bpc in libdav1d.a[arm64][21](itx_tmpl.c.o)
  "_dav1d_inv_txfm_add_flipadst_adst_16x8_12bpc_avx2", referenced from:
      _dav1d_itx_dsp_init_16bpc in libdav1d.a[arm64][21](itx_tmpl.c.o)
  "_dav1d_inv_txfm_add_flipadst_adst_16x8_16bpc_sse4", referenced from:
      _dav1d_itx_dsp_init_16bpc in libdav1d.a[arm64][21](itx_tmpl.c.o)
  "_dav1d_inv_txfm_add_flipadst_adst_16x8_8bpc_avx2", referenced from:
      _dav1d_itx_dsp_init_8bpc in libdav1d.a[arm64][8](itx_tmpl.c.o)
  "_dav1d_inv_txfm_add_flipadst_adst_16x8_8bpc_avx512icl", referenced from:
      _dav1d_itx_dsp_init_8bpc in libdav1d.a[arm64][8](itx_tmpl.c.o)
  "_dav1d_inv_txfm_add_flipadst_adst_16x8_8bpc_ssse3", referenced from:
      _dav1d_itx_dsp_init_8bpc in libdav1d.a[arm64][8](itx_tmpl.c.o)
  "_dav1d_inv_txfm_add_flipadst_adst_4x16_10bpc_avx2", referenced from:
      _dav1d_itx_dsp_init_16bpc in libdav1d.a[arm64][21](itx_tmpl.c.o)
  "_dav1d_inv_txfm_add_flipadst_adst_4x16_12bpc_avx2", referenced from:
      _dav1d_itx_dsp_init_16bpc in libdav1d.a[arm64][21](itx_tmpl.c.o)
  "_dav1d_inv_txfm_add_flipadst_adst_4x16_16bpc_sse4", referenced from:
      _dav1d_itx_dsp_init_16bpc in libdav1d.a[arm64][21](itx_tmpl.c.o)
  "_dav1d_inv_txfm_add_flipadst_adst_4x16_8bpc_avx2", referenced from:
      _dav1d_itx_dsp_init_8bpc in libdav1d.a[arm64][8](itx_tmpl.c.o)
  "_dav1d_inv_txfm_add_flipadst_adst_4x16_8bpc_avx512icl", referenced from:
      _dav1d_itx_dsp_init_8bpc in libdav1d.a[arm64][8](itx_tmpl.c.o)
  "_dav1d_inv_txfm_add_flipadst_adst_4x16_8bpc_ssse3", referenced from:
      _dav1d_itx_dsp_init_8bpc in libdav1d.a[arm64][8](itx_tmpl.c.o)
  "_dav1d_inv_txfm_add_flipadst_adst_4x4_10bpc_avx2", referenced from:
      _dav1d_itx_dsp_init_16bpc in libdav1d.a[arm64][21](itx_tmpl.c.o)
  "_dav1d_inv_txfm_add_flipadst_adst_4x4_12bpc_avx2", referenced from:
      _dav1d_itx_dsp_init_16bpc in libdav1d.a[arm64][21](itx_tmpl.c.o)
  "_dav1d_inv_txfm_add_flipadst_adst_4x4_16bpc_sse4", referenced from:
      _dav1d_itx_dsp_init_16bpc in libdav1d.a[arm64][21](itx_tmpl.c.o)
  "_dav1d_inv_txfm_add_flipadst_adst_4x4_8bpc_avx2", referenced from:
      _dav1d_itx_dsp_init_8bpc in libdav1d.a[arm64][8](itx_tmpl.c.o)
  "_dav1d_inv_txfm_add_flipadst_adst_4x4_8bpc_avx512icl", referenced from:
      _dav1d_itx_dsp_init_8bpc in libdav1d.a[arm64][8](itx_tmpl.c.o)
  "_dav1d_inv_txfm_add_flipadst_adst_4x4_8bpc_ssse3", referenced from:
      _dav1d_itx_dsp_init_8bpc in libdav1d.a[arm64][8](itx_tmpl.c.o)
  "_dav1d_inv_txfm_add_flipadst_adst_4x8_10bpc_avx2", referenced from:
      _dav1d_itx_dsp_init_16bpc in libdav1d.a[arm64][21](itx_tmpl.c.o)
  "_dav1d_inv_txfm_add_flipadst_adst_4x8_12bpc_avx2", referenced from:
      _dav1d_itx_dsp_init_16bpc in libdav1d.a[arm64][21](itx_tmpl.c.o)
  "_dav1d_inv_txfm_add_flipadst_adst_4x8_16bpc_sse4", referenced from:
      _dav1d_itx_dsp_init_16bpc in libdav1d.a[arm64][21](itx_tmpl.c.o)
  "_dav1d_inv_txfm_add_flipadst_adst_4x8_8bpc_avx2", referenced from:
      _dav1d_itx_dsp_init_8bpc in libdav1d.a[arm64][8](itx_tmpl.c.o)
  "_dav1d_inv_txfm_add_flipadst_adst_4x8_8bpc_avx512icl", referenced from:
      _dav1d_itx_dsp_init_8bpc in libdav1d.a[arm64][8](itx_tmpl.c.o)
  "_dav1d_inv_txfm_add_flipadst_adst_4x8_8bpc_ssse3", referenced from:
      _dav1d_itx_dsp_init_8bpc in libdav1d.a[arm64][8](itx_tmpl.c.o)
  "_dav1d_inv_txfm_add_flipadst_adst_8x16_10bpc_avx2", referenced from:
      _dav1d_itx_dsp_init_16bpc in libdav1d.a[arm64][21](itx_tmpl.c.o)
  "_dav1d_inv_txfm_add_flipadst_adst_8x16_10bpc_avx512icl", referenced from:
      _dav1d_itx_dsp_init_16bpc in libdav1d.a[arm64][21](itx_tmpl.c.o)
  "_dav1d_inv_txfm_add_flipadst_adst_8x16_12bpc_avx2", referenced from:
      _dav1d_itx_dsp_init_16bpc in libdav1d.a[arm64][21](itx_tmpl.c.o)
  "_dav1d_inv_txfm_add_flipadst_adst_8x16_16bpc_sse4", referenced from:
      _dav1d_itx_dsp_init_16bpc in libdav1d.a[arm64][21](itx_tmpl.c.o)
  "_dav1d_inv_txfm_add_flipadst_adst_8x16_8bpc_avx2", referenced from:
      _dav1d_itx_dsp_init_8bpc in libdav1d.a[arm64][8](itx_tmpl.c.o)
  "_dav1d_inv_txfm_add_flipadst_adst_8x16_8bpc_avx512icl", referenced from:
      _dav1d_itx_dsp_init_8bpc in libdav1d.a[arm64][8](itx_tmpl.c.o)
  "_dav1d_inv_txfm_add_flipadst_adst_8x16_8bpc_ssse3", referenced from:
      _dav1d_itx_dsp_init_8bpc in libdav1d.a[arm64][8](itx_tmpl.c.o)
  "_dav1d_inv_txfm_add_flipadst_adst_8x4_10bpc_avx2", referenced from:
      _dav1d_itx_dsp_init_16bpc in libdav1d.a[arm64][21](itx_tmpl.c.o)
  "_dav1d_inv_txfm_add_flipadst_adst_8x4_12bpc_avx2", referenced from:
      _dav1d_itx_dsp_init_16bpc in libdav1d.a[arm64][21](itx_tmpl.c.o)
  "_dav1d_inv_txfm_add_flipadst_adst_8x4_16bpc_sse4", referenced from:
      _dav1d_itx_dsp_init_16bpc in libdav1d.a[arm64][21](itx_tmpl.c.o)
  "_dav1d_inv_txfm_add_flipadst_adst_8x4_8bpc_avx2", referenced from:
      _dav1d_itx_dsp_init_8bpc in libdav1d.a[arm64][8](itx_tmpl.c.o)
  "_dav1d_inv_txfm_add_flipadst_adst_8x4_8bpc_avx512icl", referenced from:
      _dav1d_itx_dsp_init_8bpc in libdav1d.a[arm64][8](itx_tmpl.c.o)
  "_dav1d_inv_txfm_add_flipadst_adst_8x4_8bpc_ssse3", referenced from:
      _dav1d_itx_dsp_init_8bpc in libdav1d.a[arm64][8](itx_tmpl.c.o)
  "_dav1d_inv_txfm_add_flipadst_adst_8x8_10bpc_avx2", referenced from:
      _dav1d_itx_dsp_init_16bpc in libdav1d.a[arm64][21](itx_tmpl.c.o)
  "_dav1d_inv_txfm_add_flipadst_adst_8x8_10bpc_avx512icl", referenced from:
      _dav1d_itx_dsp_init_16bpc in libdav1d.a[arm64][21](itx_tmpl.c.o)
  "_dav1d_inv_txfm_add_flipadst_adst_8x8_12bpc_avx2", referenced from:
      _dav1d_itx_dsp_init_16bpc in libdav1d.a[arm64][21](itx_tmpl.c.o)
  "_dav1d_inv_txfm_add_flipadst_adst_8x8_16bpc_sse4", referenced from:
      _dav1d_itx_dsp_init_16bpc in libdav1d.a[arm64][21](itx_tmpl.c.o)
  "_dav1d_inv_txfm_add_flipadst_adst_8x8_8bpc_avx2", referenced from:
      _dav1d_itx_dsp_init_8bpc in libdav1d.a[arm64][8](itx_tmpl.c.o)
  "_dav1d_inv_txfm_add_flipadst_adst_8x8_8bpc_avx512icl", referenced from:
      _dav1d_itx_dsp_init_8bpc in libdav1d.a[arm64][8](itx_tmpl.c.o)
  "_dav1d_inv_txfm_add_flipadst_adst_8x8_8bpc_ssse3", referenced from:
      _dav1d_itx_dsp_init_8bpc in libdav1d.a[arm64][8](itx_tmpl.c.o)
  "_dav1d_inv_txfm_add_flipadst_dct_16x16_10bpc_avx2", referenced from:
      _dav1d_itx_dsp_init_16bpc in libdav1d.a[arm64][21](itx_tmpl.c.o)
  "_dav1d_inv_txfm_add_flipadst_dct_16x16_10bpc_avx512icl", referenced from:
      _dav1d_itx_dsp_init_16bpc in libdav1d.a[arm64][21](itx_tmpl.c.o)
  "_dav1d_inv_txfm_add_flipadst_dct_16x16_12bpc_avx2", referenced from:
      _dav1d_itx_dsp_init_16bpc in libdav1d.a[arm64][21](itx_tmpl.c.o)
  "_dav1d_inv_txfm_add_flipadst_dct_16x16_16bpc_sse4", referenced from:
      _dav1d_itx_dsp_init_16bpc in libdav1d.a[arm64][21](itx_tmpl.c.o)
  "_dav1d_inv_txfm_add_flipadst_dct_16x16_8bpc_avx2", referenced from:
      _dav1d_itx_dsp_init_8bpc in libdav1d.a[arm64][8](itx_tmpl.c.o)
  "_dav1d_inv_txfm_add_flipadst_dct_16x16_8bpc_avx512icl", referenced from:
      _dav1d_itx_dsp_init_8bpc in libdav1d.a[arm64][8](itx_tmpl.c.o)
  "_dav1d_inv_txfm_add_flipadst_dct_16x16_8bpc_ssse3", referenced from:
      _dav1d_itx_dsp_init_8bpc in libdav1d.a[arm64][8](itx_tmpl.c.o)
  "_dav1d_inv_txfm_add_flipadst_dct_16x4_10bpc_avx2", referenced from:
      _dav1d_itx_dsp_init_16bpc in libdav1d.a[arm64][21](itx_tmpl.c.o)
  "_dav1d_inv_txfm_add_flipadst_dct_16x4_12bpc_avx2", referenced from:
      _dav1d_itx_dsp_init_16bpc in libdav1d.a[arm64][21](itx_tmpl.c.o)
  "_dav1d_inv_txfm_add_flipadst_dct_16x4_16bpc_sse4", referenced from:
      _dav1d_itx_dsp_init_16bpc in libdav1d.a[arm64][21](itx_tmpl.c.o)
  "_dav1d_inv_txfm_add_flipadst_dct_16x4_8bpc_avx2", referenced from:
      _dav1d_itx_dsp_init_8bpc in libdav1d.a[arm64][8](itx_tmpl.c.o)
  "_dav1d_inv_txfm_add_flipadst_dct_16x4_8bpc_avx512icl", referenced from:
      _dav1d_itx_dsp_init_8bpc in libdav1d.a[arm64][8](itx_tmpl.c.o)
  "_dav1d_inv_txfm_add_flipadst_dct_16x4_8bpc_ssse3", referenced from:
      _dav1d_itx_dsp_init_8bpc in libdav1d.a[arm64][8](itx_tmpl.c.o)
  "_dav1d_inv_txfm_add_flipadst_dct_16x8_10bpc_avx2", referenced from:
      _dav1d_itx_dsp_init_16bpc in libdav1d.a[arm64][21](itx_tmpl.c.o)
  "_dav1d_inv_txfm_add_flipadst_dct_16x8_10bpc_avx512icl", referenced from:
      _dav1d_itx_dsp_init_16bpc in libdav1d.a[arm64][21](itx_tmpl.c.o)
  "_dav1d_inv_txfm_add_flipadst_dct_16x8_12bpc_avx2", referenced from:
      _dav1d_itx_dsp_init_16bpc in libdav1d.a[arm64][21](itx_tmpl.c.o)
  "_dav1d_inv_txfm_add_flipadst_dct_16x8_16bpc_sse4", referenced from:
      _dav1d_itx_dsp_init_16bpc in libdav1d.a[arm64][21](itx_tmpl.c.o)
  "_dav1d_inv_txfm_add_flipadst_dct_16x8_8bpc_avx2", referenced from:
      _dav1d_itx_dsp_init_8bpc in libdav1d.a[arm64][8](itx_tmpl.c.o)
  "_dav1d_inv_txfm_add_flipadst_dct_16x8_8bpc_avx512icl", referenced from:
      _dav1d_itx_dsp_init_8bpc in libdav1d.a[arm64][8](itx_tmpl.c.o)
  "_dav1d_inv_txfm_add_flipadst_dct_16x8_8bpc_ssse3", referenced from:
      _dav1d_itx_dsp_init_8bpc in libdav1d.a[arm64][8](itx_tmpl.c.o)
  "_dav1d_inv_txfm_add_flipadst_dct_4x16_10bpc_avx2", referenced from:
      _dav1d_itx_dsp_init_16bpc in libdav1d.a[arm64][21](itx_tmpl.c.o)
  "_dav1d_inv_txfm_add_flipadst_dct_4x16_12bpc_avx2", referenced from:
      _dav1d_itx_dsp_init_16bpc in libdav1d.a[arm64][21](itx_tmpl.c.o)
  "_dav1d_inv_txfm_add_flipadst_dct_4x16_16bpc_sse4", referenced from:
      _dav1d_itx_dsp_init_16bpc in libdav1d.a[arm64][21](itx_tmpl.c.o)
  "_dav1d_inv_txfm_add_flipadst_dct_4x16_8bpc_avx2", referenced from:
      _dav1d_itx_dsp_init_8bpc in libdav1d.a[arm64][8](itx_tmpl.c.o)
  "_dav1d_inv_txfm_add_flipadst_dct_4x16_8bpc_avx512icl", referenced from:
      _dav1d_itx_dsp_init_8bpc in libdav1d.a[arm64][8](itx_tmpl.c.o)
  "_dav1d_inv_txfm_add_flipadst_dct_4x16_8bpc_ssse3", referenced from:
      _dav1d_itx_dsp_init_8bpc in libdav1d.a[arm64][8](itx_tmpl.c.o)
  "_dav1d_inv_txfm_add_flipadst_dct_4x4_10bpc_avx2", referenced from:
      _dav1d_itx_dsp_init_16bpc in libdav1d.a[arm64][21](itx_tmpl.c.o)
  "_dav1d_inv_txfm_add_flipadst_dct_4x4_12bpc_avx2", referenced from:
      _dav1d_itx_dsp_init_16bpc in libdav1d.a[arm64][21](itx_tmpl.c.o)
  "_dav1d_inv_txfm_add_flipadst_dct_4x4_16bpc_sse4", referenced from:
      _dav1d_itx_dsp_init_16bpc in libdav1d.a[arm64][21](itx_tmpl.c.o)
  "_dav1d_inv_txfm_add_flipadst_dct_4x4_8bpc_avx2", referenced from:
      _dav1d_itx_dsp_init_8bpc in libdav1d.a[arm64][8](itx_tmpl.c.o)
  "_dav1d_inv_txfm_add_flipadst_dct_4x4_8bpc_avx512icl", referenced from:
      _dav1d_itx_dsp_init_8bpc in libdav1d.a[arm64][8](itx_tmpl.c.o)
  "_dav1d_inv_txfm_add_flipadst_dct_4x4_8bpc_ssse3", referenced from:
      _dav1d_itx_dsp_init_8bpc in libdav1d.a[arm64][8](itx_tmpl.c.o)
  "_dav1d_inv_txfm_add_flipadst_dct_4x8_10bpc_avx2", referenced from:
      _dav1d_itx_dsp_init_16bpc in libdav1d.a[arm64][21](itx_tmpl.c.o)
  "_dav1d_inv_txfm_add_flipadst_dct_4x8_12bpc_avx2", referenced from:
      _dav1d_itx_dsp_init_16bpc in libdav1d.a[arm64][21](itx_tmpl.c.o)
  "_dav1d_inv_txfm_add_flipadst_dct_4x8_16bpc_sse4", referenced from:
      _dav1d_itx_dsp_init_16bpc in libdav1d.a[arm64][21](itx_tmpl.c.o)
  "_dav1d_inv_txfm_add_flipadst_dct_4x8_8bpc_avx2", referenced from:
      _dav1d_itx_dsp_init_8bpc in libdav1d.a[arm64][8](itx_tmpl.c.o)
  "_dav1d_inv_txfm_add_flipadst_dct_4x8_8bpc_avx512icl", referenced from:
      _dav1d_itx_dsp_init_8bpc in libdav1d.a[arm64][8](itx_tmpl.c.o)
  "_dav1d_inv_txfm_add_flipadst_dct_4x8_8bpc_ssse3", referenced from:
      _dav1d_itx_dsp_init_8bpc in libdav1d.a[arm64][8](itx_tmpl.c.o)
  "_dav1d_inv_txfm_add_flipadst_dct_8x16_10bpc_avx2", referenced from:
      _dav1d_itx_dsp_init_16bpc in libdav1d.a[arm64][21](itx_tmpl.c.o)
  "_dav1d_inv_txfm_add_flipadst_dct_8x16_10bpc_avx512icl", referenced from:
      _dav1d_itx_dsp_init_16bpc in libdav1d.a[arm64][21](itx_tmpl.c.o)
  "_dav1d_inv_txfm_add_flipadst_dct_8x16_12bpc_avx2", referenced from:
      _dav1d_itx_dsp_init_16bpc in libdav1d.a[arm64][21](itx_tmpl.c.o)
  "_dav1d_inv_txfm_add_flipadst_dct_8x16_16bpc_sse4", referenced from:
      _dav1d_itx_dsp_init_16bpc in libdav1d.a[arm64][21](itx_tmpl.c.o)
  "_dav1d_inv_txfm_add_flipadst_dct_8x16_8bpc_avx2", referenced from:
      _dav1d_itx_dsp_init_8bpc in libdav1d.a[arm64][8](itx_tmpl.c.o)
  "_dav1d_inv_txfm_add_flipadst_dct_8x16_8bpc_avx512icl", referenced from:
      _dav1d_itx_dsp_init_8bpc in libdav1d.a[arm64][8](itx_tmpl.c.o)
  "_dav1d_inv_txfm_add_flipadst_dct_8x16_8bpc_ssse3", referenced from:
      _dav1d_itx_dsp_init_8bpc in libdav1d.a[arm64][8](itx_tmpl.c.o)
  "_dav1d_inv_txfm_add_flipadst_dct_8x4_10bpc_avx2", referenced from:
      _dav1d_itx_dsp_init_16bpc in libdav1d.a[arm64][21](itx_tmpl.c.o)
  "_dav1d_inv_txfm_add_flipadst_dct_8x4_12bpc_avx2", referenced from:
      _dav1d_itx_dsp_init_16bpc in libdav1d.a[arm64][21](itx_tmpl.c.o)
  "_dav1d_inv_txfm_add_flipadst_dct_8x4_16bpc_sse4", referenced from:
      _dav1d_itx_dsp_init_16bpc in libdav1d.a[arm64][21](itx_tmpl.c.o)
  "_dav1d_inv_txfm_add_flipadst_dct_8x4_8bpc_avx2", referenced from:
      _dav1d_itx_dsp_init_8bpc in libdav1d.a[arm64][8](itx_tmpl.c.o)
  "_dav1d_inv_txfm_add_flipadst_dct_8x4_8bpc_avx512icl", referenced from:
      _dav1d_itx_dsp_init_8bpc in libdav1d.a[arm64][8](itx_tmpl.c.o)
  "_dav1d_inv_txfm_add_flipadst_dct_8x4_8bpc_ssse3", referenced from:
      _dav1d_itx_dsp_init_8bpc in libdav1d.a[arm64][8](itx_tmpl.c.o)
  "_dav1d_inv_txfm_add_flipadst_dct_8x8_10bpc_avx2", referenced from:
      _dav1d_itx_dsp_init_16bpc in libdav1d.a[arm64][21](itx_tmpl.c.o)
  "_dav1d_inv_txfm_add_flipadst_dct_8x8_10bpc_avx512icl", referenced from:
      _dav1d_itx_dsp_init_16bpc in libdav1d.a[arm64][21](itx_tmpl.c.o)
  "_dav1d_inv_txfm_add_flipadst_dct_8x8_12bpc_avx2", referenced from:
      _dav1d_itx_dsp_init_16bpc in libdav1d.a[arm64][21](itx_tmpl.c.o)
  "_dav1d_inv_txfm_add_flipadst_dct_8x8_16bpc_sse4", referenced from:
      _dav1d_itx_dsp_init_16bpc in libdav1d.a[arm64][21](itx_tmpl.c.o)
  "_dav1d_inv_txfm_add_flipadst_dct_8x8_8bpc_avx2", referenced from:
      _dav1d_itx_dsp_init_8bpc in libdav1d.a[arm64][8](itx_tmpl.c.o)
  "_dav1d_inv_txfm_add_flipadst_dct_8x8_8bpc_avx512icl", referenced from:
      _dav1d_itx_dsp_init_8bpc in libdav1d.a[arm64][8](itx_tmpl.c.o)
  "_dav1d_inv_txfm_add_flipadst_dct_8x8_8bpc_ssse3", referenced from:
      _dav1d_itx_dsp_init_8bpc in libdav1d.a[arm64][8](itx_tmpl.c.o)
  "_dav1d_inv_txfm_add_flipadst_flipadst_16x16_10bpc_avx2", referenced from:
      _dav1d_itx_dsp_init_16bpc in libdav1d.a[arm64][21](itx_tmpl.c.o)
  "_dav1d_inv_txfm_add_flipadst_flipadst_16x16_10bpc_avx512icl", referenced from:
      _dav1d_itx_dsp_init_16bpc in libdav1d.a[arm64][21](itx_tmpl.c.o)
  "_dav1d_inv_txfm_add_flipadst_flipadst_16x16_12bpc_avx2", referenced from:
      _dav1d_itx_dsp_init_16bpc in libdav1d.a[arm64][21](itx_tmpl.c.o)
  "_dav1d_inv_txfm_add_flipadst_flipadst_16x16_16bpc_sse4", referenced from:
      _dav1d_itx_dsp_init_16bpc in libdav1d.a[arm64][21](itx_tmpl.c.o)
  "_dav1d_inv_txfm_add_flipadst_flipadst_16x16_8bpc_avx2", referenced from:
      _dav1d_itx_dsp_init_8bpc in libdav1d.a[arm64][8](itx_tmpl.c.o)
  "_dav1d_inv_txfm_add_flipadst_flipadst_16x16_8bpc_avx512icl", referenced from:
      _dav1d_itx_dsp_init_8bpc in libdav1d.a[arm64][8](itx_tmpl.c.o)
  "_dav1d_inv_txfm_add_flipadst_flipadst_16x16_8bpc_ssse3", referenced from:
      _dav1d_itx_dsp_init_8bpc in libdav1d.a[arm64][8](itx_tmpl.c.o)
  "_dav1d_inv_txfm_add_flipadst_flipadst_16x4_10bpc_avx2", referenced from:
      _dav1d_itx_dsp_init_16bpc in libdav1d.a[arm64][21](itx_tmpl.c.o)
  "_dav1d_inv_txfm_add_flipadst_flipadst_16x4_12bpc_avx2", referenced from:
      _dav1d_itx_dsp_init_16bpc in libdav1d.a[arm64][21](itx_tmpl.c.o)
  "_dav1d_inv_txfm_add_flipadst_flipadst_16x4_16bpc_sse4", referenced from:
      _dav1d_itx_dsp_init_16bpc in libdav1d.a[arm64][21](itx_tmpl.c.o)
  "_dav1d_inv_txfm_add_flipadst_flipadst_16x4_8bpc_avx2", referenced from:
      _dav1d_itx_dsp_init_8bpc in libdav1d.a[arm64][8](itx_tmpl.c.o)
  "_dav1d_inv_txfm_add_flipadst_flipadst_16x4_8bpc_avx512icl", referenced from:
      _dav1d_itx_dsp_init_8bpc in libdav1d.a[arm64][8](itx_tmpl.c.o)
  "_dav1d_inv_txfm_add_flipadst_flipadst_16x4_8bpc_ssse3", referenced from:
      _dav1d_itx_dsp_init_8bpc in libdav1d.a[arm64][8](itx_tmpl.c.o)
  "_dav1d_inv_txfm_add_flipadst_flipadst_16x8_10bpc_avx2", referenced from:
      _dav1d_itx_dsp_init_16bpc in libdav1d.a[arm64][21](itx_tmpl.c.o)
  "_dav1d_inv_txfm_add_flipadst_flipadst_16x8_10bpc_avx512icl", referenced from:
      _dav1d_itx_dsp_init_16bpc in libdav1d.a[arm64][21](itx_tmpl.c.o)
  "_dav1d_inv_txfm_add_flipadst_flipadst_16x8_12bpc_avx2", referenced from:
      _dav1d_itx_dsp_init_16bpc in libdav1d.a[arm64][21](itx_tmpl.c.o)
  "_dav1d_inv_txfm_add_flipadst_flipadst_16x8_16bpc_sse4", referenced from:
      _dav1d_itx_dsp_init_16bpc in libdav1d.a[arm64][21](itx_tmpl.c.o)
  "_dav1d_inv_txfm_add_flipadst_flipadst_16x8_8bpc_avx2", referenced from:
      _dav1d_itx_dsp_init_8bpc in libdav1d.a[arm64][8](itx_tmpl.c.o)
  "_dav1d_inv_txfm_add_flipadst_flipadst_16x8_8bpc_avx512icl", referenced from:
      _dav1d_itx_dsp_init_8bpc in libdav1d.a[arm64][8](itx_tmpl.c.o)
  "_dav1d_inv_txfm_add_flipadst_flipadst_16x8_8bpc_ssse3", referenced from:
      _dav1d_itx_dsp_init_8bpc in libdav1d.a[arm64][8](itx_tmpl.c.o)
  "_dav1d_inv_txfm_add_flipadst_flipadst_4x16_10bpc_avx2", referenced from:
      _dav1d_itx_dsp_init_16bpc in libdav1d.a[arm64][21](itx_tmpl.c.o)
  "_dav1d_inv_txfm_add_flipadst_flipadst_4x16_12bpc_avx2", referenced from:
      _dav1d_itx_dsp_init_16bpc in libdav1d.a[arm64][21](itx_tmpl.c.o)
  "_dav1d_inv_txfm_add_flipadst_flipadst_4x16_16bpc_sse4", referenced from:
      _dav1d_itx_dsp_init_16bpc in libdav1d.a[arm64][21](itx_tmpl.c.o)
  "_dav1d_inv_txfm_add_flipadst_flipadst_4x16_8bpc_avx2", referenced from:
      _dav1d_itx_dsp_init_8bpc in libdav1d.a[arm64][8](itx_tmpl.c.o)
  "_dav1d_inv_txfm_add_flipadst_flipadst_4x16_8bpc_avx512icl", referenced from:
      _dav1d_itx_dsp_init_8bpc in libdav1d.a[arm64][8](itx_tmpl.c.o)
  "_dav1d_inv_txfm_add_flipadst_flipadst_4x16_8bpc_ssse3", referenced from:
      _dav1d_itx_dsp_init_8bpc in libdav1d.a[arm64][8](itx_tmpl.c.o)
  "_dav1d_inv_txfm_add_flipadst_flipadst_4x4_10bpc_avx2", referenced from:
      _dav1d_itx_dsp_init_16bpc in libdav1d.a[arm64][21](itx_tmpl.c.o)
  "_dav1d_inv_txfm_add_flipadst_flipadst_4x4_12bpc_avx2", referenced from:
      _dav1d_itx_dsp_init_16bpc in libdav1d.a[arm64][21](itx_tmpl.c.o)
  "_dav1d_inv_txfm_add_flipadst_flipadst_4x4_16bpc_sse4", referenced from:
      _dav1d_itx_dsp_init_16bpc in libdav1d.a[arm64][21](itx_tmpl.c.o)
  "_dav1d_inv_txfm_add_flipadst_flipadst_4x4_8bpc_avx2", referenced from:
      _dav1d_itx_dsp_init_8bpc in libdav1d.a[arm64][8](itx_tmpl.c.o)
  "_dav1d_inv_txfm_add_flipadst_flipadst_4x4_8bpc_avx512icl", referenced from:
      _dav1d_itx_dsp_init_8bpc in libdav1d.a[arm64][8](itx_tmpl.c.o)
  "_dav1d_inv_txfm_add_flipadst_flipadst_4x4_8bpc_ssse3", referenced from:
      _dav1d_itx_dsp_init_8bpc in libdav1d.a[arm64][8](itx_tmpl.c.o)
  "_dav1d_inv_txfm_add_flipadst_flipadst_4x8_10bpc_avx2", referenced from:
      _dav1d_itx_dsp_init_16bpc in libdav1d.a[arm64][21](itx_tmpl.c.o)
  "_dav1d_inv_txfm_add_flipadst_flipadst_4x8_12bpc_avx2", referenced from:
      _dav1d_itx_dsp_init_16bpc in libdav1d.a[arm64][21](itx_tmpl.c.o)
  "_dav1d_inv_txfm_add_flipadst_flipadst_4x8_16bpc_sse4", referenced from:
      _dav1d_itx_dsp_init_16bpc in libdav1d.a[arm64][21](itx_tmpl.c.o)
  "_dav1d_inv_txfm_add_flipadst_flipadst_4x8_8bpc_avx2", referenced from:
      _dav1d_itx_dsp_init_8bpc in libdav1d.a[arm64][8](itx_tmpl.c.o)
  "_dav1d_inv_txfm_add_flipadst_flipadst_4x8_8bpc_avx512icl", referenced from:
      _dav1d_itx_dsp_init_8bpc in libdav1d.a[arm64][8](itx_tmpl.c.o)
  "_dav1d_inv_txfm_add_flipadst_flipadst_4x8_8bpc_ssse3", referenced from:
      _dav1d_itx_dsp_init_8bpc in libdav1d.a[arm64][8](itx_tmpl.c.o)
  "_dav1d_inv_txfm_add_flipadst_flipadst_8x16_10bpc_avx2", referenced from:
      _dav1d_itx_dsp_init_16bpc in libdav1d.a[arm64][21](itx_tmpl.c.o)
  "_dav1d_inv_txfm_add_flipadst_flipadst_8x16_10bpc_avx512icl", referenced from:
      _dav1d_itx_dsp_init_16bpc in libdav1d.a[arm64][21](itx_tmpl.c.o)
  "_dav1d_inv_txfm_add_flipadst_flipadst_8x16_12bpc_avx2", referenced from:
      _dav1d_itx_dsp_init_16bpc in libdav1d.a[arm64][21](itx_tmpl.c.o)
  "_dav1d_inv_txfm_add_flipadst_flipadst_8x16_16bpc_sse4", referenced from:
      _dav1d_itx_dsp_init_16bpc in libdav1d.a[arm64][21](itx_tmpl.c.o)
  "_dav1d_inv_txfm_add_flipadst_flipadst_8x16_8bpc_avx2", referenced from:
      _dav1d_itx_dsp_init_8bpc in libdav1d.a[arm64][8](itx_tmpl.c.o)
  "_dav1d_inv_txfm_add_flipadst_flipadst_8x16_8bpc_avx512icl", referenced from:
      _dav1d_itx_dsp_init_8bpc in libdav1d.a[arm64][8](itx_tmpl.c.o)
  "_dav1d_inv_txfm_add_flipadst_flipadst_8x16_8bpc_ssse3", referenced from:
      _dav1d_itx_dsp_init_8bpc in libdav1d.a[arm64][8](itx_tmpl.c.o)
  "_dav1d_inv_txfm_add_flipadst_flipadst_8x4_10bpc_avx2", referenced from:
      _dav1d_itx_dsp_init_16bpc in libdav1d.a[arm64][21](itx_tmpl.c.o)
  "_dav1d_inv_txfm_add_flipadst_flipadst_8x4_12bpc_avx2", referenced from:
      _dav1d_itx_dsp_init_16bpc in libdav1d.a[arm64][21](itx_tmpl.c.o)
  "_dav1d_inv_txfm_add_flipadst_flipadst_8x4_16bpc_sse4", referenced from:
      _dav1d_itx_dsp_init_16bpc in libdav1d.a[arm64][21](itx_tmpl.c.o)
  "_dav1d_inv_txfm_add_flipadst_flipadst_8x4_8bpc_avx2", referenced from:
      _dav1d_itx_dsp_init_8bpc in libdav1d.a[arm64][8](itx_tmpl.c.o)
  "_dav1d_inv_txfm_add_flipadst_flipadst_8x4_8bpc_avx512icl", referenced from:
      _dav1d_itx_dsp_init_8bpc in libdav1d.a[arm64][8](itx_tmpl.c.o)
  "_dav1d_inv_txfm_add_flipadst_flipadst_8x4_8bpc_ssse3", referenced from:
      _dav1d_itx_dsp_init_8bpc in libdav1d.a[arm64][8](itx_tmpl.c.o)
  "_dav1d_inv_txfm_add_flipadst_flipadst_8x8_10bpc_avx2", referenced from:
      _dav1d_itx_dsp_init_16bpc in libdav1d.a[arm64][21](itx_tmpl.c.o)
  "_dav1d_inv_txfm_add_flipadst_flipadst_8x8_10bpc_avx512icl", referenced from:
      _dav1d_itx_dsp_init_16bpc in libdav1d.a[arm64][21](itx_tmpl.c.o)
  "_dav1d_inv_txfm_add_flipadst_flipadst_8x8_12bpc_avx2", referenced from:
      _dav1d_itx_dsp_init_16bpc in libdav1d.a[arm64][21](itx_tmpl.c.o)
  "_dav1d_inv_txfm_add_flipadst_flipadst_8x8_16bpc_sse4", referenced from:
      _dav1d_itx_dsp_init_16bpc in libdav1d.a[arm64][21](itx_tmpl.c.o)
  "_dav1d_inv_txfm_add_flipadst_flipadst_8x8_8bpc_avx2", referenced from:
      _dav1d_itx_dsp_init_8bpc in libdav1d.a[arm64][8](itx_tmpl.c.o)
  "_dav1d_inv_txfm_add_flipadst_flipadst_8x8_8bpc_avx512icl", referenced from:
      _dav1d_itx_dsp_init_8bpc in libdav1d.a[arm64][8](itx_tmpl.c.o)
  "_dav1d_inv_txfm_add_flipadst_flipadst_8x8_8bpc_ssse3", referenced from:
      _dav1d_itx_dsp_init_8bpc in libdav1d.a[arm64][8](itx_tmpl.c.o)
  "_dav1d_inv_txfm_add_flipadst_identity_16x4_10bpc_avx2", referenced from:
      _dav1d_itx_dsp_init_16bpc in libdav1d.a[arm64][21](itx_tmpl.c.o)
  "_dav1d_inv_txfm_add_flipadst_identity_16x4_12bpc_avx2", referenced from:
      _dav1d_itx_dsp_init_16bpc in libdav1d.a[arm64][21](itx_tmpl.c.o)
  "_dav1d_inv_txfm_add_flipadst_identity_16x4_16bpc_sse4", referenced from:
      _dav1d_itx_dsp_init_16bpc in libdav1d.a[arm64][21](itx_tmpl.c.o)
  "_dav1d_inv_txfm_add_flipadst_identity_16x4_8bpc_avx2", referenced from:
      _dav1d_itx_dsp_init_8bpc in libdav1d.a[arm64][8](itx_tmpl.c.o)
  "_dav1d_inv_txfm_add_flipadst_identity_16x4_8bpc_avx512icl", referenced from:
      _dav1d_itx_dsp_init_8bpc in libdav1d.a[arm64][8](itx_tmpl.c.o)
  "_dav1d_inv_txfm_add_flipadst_identity_16x4_8bpc_ssse3", referenced from:
      _dav1d_itx_dsp_init_8bpc in libdav1d.a[arm64][8](itx_tmpl.c.o)
  "_dav1d_inv_txfm_add_flipadst_identity_16x8_10bpc_avx2", referenced from:
      _dav1d_itx_dsp_init_16bpc in libdav1d.a[arm64][21](itx_tmpl.c.o)
  "_dav1d_inv_txfm_add_flipadst_identity_16x8_10bpc_avx512icl", referenced from:
      _dav1d_itx_dsp_init_16bpc in libdav1d.a[arm64][21](itx_tmpl.c.o)
  "_dav1d_inv_txfm_add_flipadst_identity_16x8_12bpc_avx2", referenced from:
      _dav1d_itx_dsp_init_16bpc in libdav1d.a[arm64][21](itx_tmpl.c.o)
  "_dav1d_inv_txfm_add_flipadst_identity_16x8_16bpc_sse4", referenced from:
      _dav1d_itx_dsp_init_16bpc in libdav1d.a[arm64][21](itx_tmpl.c.o)
  "_dav1d_inv_txfm_add_flipadst_identity_16x8_8bpc_avx2", referenced from:
      _dav1d_itx_dsp_init_8bpc in libdav1d.a[arm64][8](itx_tmpl.c.o)
  "_dav1d_inv_txfm_add_flipadst_identity_16x8_8bpc_avx512icl", referenced from:
      _dav1d_itx_dsp_init_8bpc in libdav1d.a[arm64][8](itx_tmpl.c.o)
  "_dav1d_inv_txfm_add_flipadst_identity_16x8_8bpc_ssse3", referenced from:
      _dav1d_itx_dsp_init_8bpc in libdav1d.a[arm64][8](itx_tmpl.c.o)
  "_dav1d_inv_txfm_add_flipadst_identity_4x16_10bpc_avx2", referenced from:
      _dav1d_itx_dsp_init_16bpc in libdav1d.a[arm64][21](itx_tmpl.c.o)
  "_dav1d_inv_txfm_add_flipadst_identity_4x16_12bpc_avx2", referenced from:
      _dav1d_itx_dsp_init_16bpc in libdav1d.a[arm64][21](itx_tmpl.c.o)
  "_dav1d_inv_txfm_add_flipadst_identity_4x16_16bpc_sse4", referenced from:
      _dav1d_itx_dsp_init_16bpc in libdav1d.a[arm64][21](itx_tmpl.c.o)
  "_dav1d_inv_txfm_add_flipadst_identity_4x16_8bpc_avx2", referenced from:
      _dav1d_itx_dsp_init_8bpc in libdav1d.a[arm64][8](itx_tmpl.c.o)
  "_dav1d_inv_txfm_add_flipadst_identity_4x16_8bpc_avx512icl", referenced from:
      _dav1d_itx_dsp_init_8bpc in libdav1d.a[arm64][8](itx_tmpl.c.o)
  "_dav1d_inv_txfm_add_flipadst_identity_4x16_8bpc_ssse3", referenced from:
      _dav1d_itx_dsp_init_8bpc in libdav1d.a[arm64][8](itx_tmpl.c.o)
  "_dav1d_inv_txfm_add_flipadst_identity_4x4_10bpc_avx2", referenced from:
      _dav1d_itx_dsp_init_16bpc in libdav1d.a[arm64][21](itx_tmpl.c.o)
  "_dav1d_inv_txfm_add_flipadst_identity_4x4_12bpc_avx2", referenced from:
      _dav1d_itx_dsp_init_16bpc in libdav1d.a[arm64][21](itx_tmpl.c.o)
  "_dav1d_inv_txfm_add_flipadst_identity_4x4_16bpc_sse4", referenced from:
      _dav1d_itx_dsp_init_16bpc in libdav1d.a[arm64][21](itx_tmpl.c.o)
  "_dav1d_inv_txfm_add_flipadst_identity_4x4_8bpc_avx2", referenced from:
      _dav1d_itx_dsp_init_8bpc in libdav1d.a[arm64][8](itx_tmpl.c.o)
  "_dav1d_inv_txfm_add_flipadst_identity_4x4_8bpc_avx512icl", referenced from:
      _dav1d_itx_dsp_init_8bpc in libdav1d.a[arm64][8](itx_tmpl.c.o)
  "_dav1d_inv_txfm_add_flipadst_identity_4x4_8bpc_ssse3", referenced from:
      _dav1d_itx_dsp_init_8bpc in libdav1d.a[arm64][8](itx_tmpl.c.o)
  "_dav1d_inv_txfm_add_flipadst_identity_4x8_10bpc_avx2", referenced from:
      _dav1d_itx_dsp_init_16bpc in libdav1d.a[arm64][21](itx_tmpl.c.o)
  "_dav1d_inv_txfm_add_flipadst_identity_4x8_12bpc_avx2", referenced from:
      _dav1d_itx_dsp_init_16bpc in libdav1d.a[arm64][21](itx_tmpl.c.o)
  "_dav1d_inv_txfm_add_flipadst_identity_4x8_16bpc_sse4", referenced from:
      _dav1d_itx_dsp_init_16bpc in libdav1d.a[arm64][21](itx_tmpl.c.o)
  "_dav1d_inv_txfm_add_flipadst_identity_4x8_8bpc_avx2", referenced from:
      _dav1d_itx_dsp_init_8bpc in libdav1d.a[arm64][8](itx_tmpl.c.o)
  "_dav1d_inv_txfm_add_flipadst_identity_4x8_8bpc_avx512icl", referenced from:
      _dav1d_itx_dsp_init_8bpc in libdav1d.a[arm64][8](itx_tmpl.c.o)
  "_dav1d_inv_txfm_add_flipadst_identity_4x8_8bpc_ssse3", referenced from:
      _dav1d_itx_dsp_init_8bpc in libdav1d.a[arm64][8](itx_tmpl.c.o)
  "_dav1d_inv_txfm_add_flipadst_identity_8x16_10bpc_avx2", referenced from:
      _dav1d_itx_dsp_init_16bpc in libdav1d.a[arm64][21](itx_tmpl.c.o)
  "_dav1d_inv_txfm_add_flipadst_identity_8x16_10bpc_avx512icl", referenced from:
      _dav1d_itx_dsp_init_16bpc in libdav1d.a[arm64][21](itx_tmpl.c.o)
  "_dav1d_inv_txfm_add_flipadst_identity_8x16_12bpc_avx2", referenced from:
      _dav1d_itx_dsp_init_16bpc in libdav1d.a[arm64][21](itx_tmpl.c.o)
  "_dav1d_inv_txfm_add_flipadst_identity_8x16_16bpc_sse4", referenced from:
      _dav1d_itx_dsp_init_16bpc in libdav1d.a[arm64][21](itx_tmpl.c.o)
  "_dav1d_inv_txfm_add_flipadst_identity_8x16_8bpc_avx2", referenced from:
      _dav1d_itx_dsp_init_8bpc in libdav1d.a[arm64][8](itx_tmpl.c.o)
  "_dav1d_inv_txfm_add_flipadst_identity_8x16_8bpc_avx512icl", referenced from:
      _dav1d_itx_dsp_init_8bpc in libdav1d.a[arm64][8](itx_tmpl.c.o)
  "_dav1d_inv_txfm_add_flipadst_identity_8x16_8bpc_ssse3", referenced from:
      _dav1d_itx_dsp_init_8bpc in libdav1d.a[arm64][8](itx_tmpl.c.o)
  "_dav1d_inv_txfm_add_flipadst_identity_8x4_10bpc_avx2", referenced from:
      _dav1d_itx_dsp_init_16bpc in libdav1d.a[arm64][21](itx_tmpl.c.o)
  "_dav1d_inv_txfm_add_flipadst_identity_8x4_12bpc_avx2", referenced from:
      _dav1d_itx_dsp_init_16bpc in libdav1d.a[arm64][21](itx_tmpl.c.o)
  "_dav1d_inv_txfm_add_flipadst_identity_8x4_16bpc_sse4", referenced from:
      _dav1d_itx_dsp_init_16bpc in libdav1d.a[arm64][21](itx_tmpl.c.o)
  "_dav1d_inv_txfm_add_flipadst_identity_8x4_8bpc_avx2", referenced from:
      _dav1d_itx_dsp_init_8bpc in libdav1d.a[arm64][8](itx_tmpl.c.o)
  "_dav1d_inv_txfm_add_flipadst_identity_8x4_8bpc_avx512icl", referenced from:
      _dav1d_itx_dsp_init_8bpc in libdav1d.a[arm64][8](itx_tmpl.c.o)
  "_dav1d_inv_txfm_add_flipadst_identity_8x4_8bpc_ssse3", referenced from:
      _dav1d_itx_dsp_init_8bpc in libdav1d.a[arm64][8](itx_tmpl.c.o)
  "_dav1d_inv_txfm_add_flipadst_identity_8x8_10bpc_avx2", referenced from:
      _dav1d_itx_dsp_init_16bpc in libdav1d.a[arm64][21](itx_tmpl.c.o)
  "_dav1d_inv_txfm_add_flipadst_identity_8x8_10bpc_avx512icl", referenced from:
      _dav1d_itx_dsp_init_16bpc in libdav1d.a[arm64][21](itx_tmpl.c.o)
  "_dav1d_inv_txfm_add_flipadst_identity_8x8_12bpc_avx2", referenced from:
      _dav1d_itx_dsp_init_16bpc in libdav1d.a[arm64][21](itx_tmpl.c.o)
  "_dav1d_inv_txfm_add_flipadst_identity_8x8_16bpc_sse4", referenced from:
      _dav1d_itx_dsp_init_16bpc in libdav1d.a[arm64][21](itx_tmpl.c.o)
  "_dav1d_inv_txfm_add_flipadst_identity_8x8_8bpc_avx2", referenced from:
      _dav1d_itx_dsp_init_8bpc in libdav1d.a[arm64][8](itx_tmpl.c.o)
  "_dav1d_inv_txfm_add_flipadst_identity_8x8_8bpc_avx512icl", referenced from:
      _dav1d_itx_dsp_init_8bpc in libdav1d.a[arm64][8](itx_tmpl.c.o)
  "_dav1d_inv_txfm_add_flipadst_identity_8x8_8bpc_ssse3", referenced from:
      _dav1d_itx_dsp_init_8bpc in libdav1d.a[arm64][8](itx_tmpl.c.o)
  "_dav1d_inv_txfm_add_identity_adst_16x4_10bpc_avx2", referenced from:
      _dav1d_itx_dsp_init_16bpc in libdav1d.a[arm64][21](itx_tmpl.c.o)
  "_dav1d_inv_txfm_add_identity_adst_16x4_12bpc_avx2", referenced from:
      _dav1d_itx_dsp_init_16bpc in libdav1d.a[arm64][21](itx_tmpl.c.o)
  "_dav1d_inv_txfm_add_identity_adst_16x4_16bpc_sse4", referenced from:
      _dav1d_itx_dsp_init_16bpc in libdav1d.a[arm64][21](itx_tmpl.c.o)
  "_dav1d_inv_txfm_add_identity_adst_16x4_8bpc_avx2", referenced from:
      _dav1d_itx_dsp_init_8bpc in libdav1d.a[arm64][8](itx_tmpl.c.o)
  "_dav1d_inv_txfm_add_identity_adst_16x4_8bpc_avx512icl", referenced from:
      _dav1d_itx_dsp_init_8bpc in libdav1d.a[arm64][8](itx_tmpl.c.o)
  "_dav1d_inv_txfm_add_identity_adst_16x4_8bpc_ssse3", referenced from:
      _dav1d_itx_dsp_init_8bpc in libdav1d.a[arm64][8](itx_tmpl.c.o)
  "_dav1d_inv_txfm_add_identity_adst_16x8_10bpc_avx2", referenced from:
      _dav1d_itx_dsp_init_16bpc in libdav1d.a[arm64][21](itx_tmpl.c.o)
  "_dav1d_inv_txfm_add_identity_adst_16x8_10bpc_avx512icl", referenced from:
      _dav1d_itx_dsp_init_16bpc in libdav1d.a[arm64][21](itx_tmpl.c.o)
  "_dav1d_inv_txfm_add_identity_adst_16x8_12bpc_avx2", referenced from:
      _dav1d_itx_dsp_init_16bpc in libdav1d.a[arm64][21](itx_tmpl.c.o)
  "_dav1d_inv_txfm_add_identity_adst_16x8_16bpc_sse4", referenced from:
      _dav1d_itx_dsp_init_16bpc in libdav1d.a[arm64][21](itx_tmpl.c.o)
  "_dav1d_inv_txfm_add_identity_adst_16x8_8bpc_avx2", referenced from:
      _dav1d_itx_dsp_init_8bpc in libdav1d.a[arm64][8](itx_tmpl.c.o)
  "_dav1d_inv_txfm_add_identity_adst_16x8_8bpc_avx512icl", referenced from:
      _dav1d_itx_dsp_init_8bpc in libdav1d.a[arm64][8](itx_tmpl.c.o)
  "_dav1d_inv_txfm_add_identity_adst_16x8_8bpc_ssse3", referenced from:
      _dav1d_itx_dsp_init_8bpc in libdav1d.a[arm64][8](itx_tmpl.c.o)
  "_dav1d_inv_txfm_add_identity_adst_4x16_10bpc_avx2", referenced from:
      _dav1d_itx_dsp_init_16bpc in libdav1d.a[arm64][21](itx_tmpl.c.o)
  "_dav1d_inv_txfm_add_identity_adst_4x16_12bpc_avx2", referenced from:
      _dav1d_itx_dsp_init_16bpc in libdav1d.a[arm64][21](itx_tmpl.c.o)
  "_dav1d_inv_txfm_add_identity_adst_4x16_16bpc_sse4", referenced from:
      _dav1d_itx_dsp_init_16bpc in libdav1d.a[arm64][21](itx_tmpl.c.o)
  "_dav1d_inv_txfm_add_identity_adst_4x16_8bpc_avx2", referenced from:
      _dav1d_itx_dsp_init_8bpc in libdav1d.a[arm64][8](itx_tmpl.c.o)
  "_dav1d_inv_txfm_add_identity_adst_4x16_8bpc_avx512icl", referenced from:
      _dav1d_itx_dsp_init_8bpc in libdav1d.a[arm64][8](itx_tmpl.c.o)
  "_dav1d_inv_txfm_add_identity_adst_4x16_8bpc_ssse3", referenced from:
      _dav1d_itx_dsp_init_8bpc in libdav1d.a[arm64][8](itx_tmpl.c.o)
  "_dav1d_inv_txfm_add_identity_adst_4x4_10bpc_avx2", referenced from:
      _dav1d_itx_dsp_init_16bpc in libdav1d.a[arm64][21](itx_tmpl.c.o)
  "_dav1d_inv_txfm_add_identity_adst_4x4_12bpc_avx2", referenced from:
      _dav1d_itx_dsp_init_16bpc in libdav1d.a[arm64][21](itx_tmpl.c.o)
  "_dav1d_inv_txfm_add_identity_adst_4x4_16bpc_sse4", referenced from:
      _dav1d_itx_dsp_init_16bpc in libdav1d.a[arm64][21](itx_tmpl.c.o)
  "_dav1d_inv_txfm_add_identity_adst_4x4_8bpc_avx2", referenced from:
      _dav1d_itx_dsp_init_8bpc in libdav1d.a[arm64][8](itx_tmpl.c.o)
  "_dav1d_inv_txfm_add_identity_adst_4x4_8bpc_avx512icl", referenced from:
      _dav1d_itx_dsp_init_8bpc in libdav1d.a[arm64][8](itx_tmpl.c.o)
  "_dav1d_inv_txfm_add_identity_adst_4x4_8bpc_ssse3", referenced from:
      _dav1d_itx_dsp_init_8bpc in libdav1d.a[arm64][8](itx_tmpl.c.o)
  "_dav1d_inv_txfm_add_identity_adst_4x8_10bpc_avx2", referenced from:
      _dav1d_itx_dsp_init_16bpc in libdav1d.a[arm64][21](itx_tmpl.c.o)
  "_dav1d_inv_txfm_add_identity_adst_4x8_12bpc_avx2", referenced from:
      _dav1d_itx_dsp_init_16bpc in libdav1d.a[arm64][21](itx_tmpl.c.o)
  "_dav1d_inv_txfm_add_identity_adst_4x8_16bpc_sse4", referenced from:
      _dav1d_itx_dsp_init_16bpc in libdav1d.a[arm64][21](itx_tmpl.c.o)
  "_dav1d_inv_txfm_add_identity_adst_4x8_8bpc_avx2", referenced from:
      _dav1d_itx_dsp_init_8bpc in libdav1d.a[arm64][8](itx_tmpl.c.o)
  "_dav1d_inv_txfm_add_identity_adst_4x8_8bpc_avx512icl", referenced from:
      _dav1d_itx_dsp_init_8bpc in libdav1d.a[arm64][8](itx_tmpl.c.o)
  "_dav1d_inv_txfm_add_identity_adst_4x8_8bpc_ssse3", referenced from:
      _dav1d_itx_dsp_init_8bpc in libdav1d.a[arm64][8](itx_tmpl.c.o)
  "_dav1d_inv_txfm_add_identity_adst_8x16_10bpc_avx2", referenced from:
      _dav1d_itx_dsp_init_16bpc in libdav1d.a[arm64][21](itx_tmpl.c.o)
  "_dav1d_inv_txfm_add_identity_adst_8x16_10bpc_avx512icl", referenced from:
      _dav1d_itx_dsp_init_16bpc in libdav1d.a[arm64][21](itx_tmpl.c.o)
  "_dav1d_inv_txfm_add_identity_adst_8x16_12bpc_avx2", referenced from:
      _dav1d_itx_dsp_init_16bpc in libdav1d.a[arm64][21](itx_tmpl.c.o)
  "_dav1d_inv_txfm_add_identity_adst_8x16_16bpc_sse4", referenced from:
      _dav1d_itx_dsp_init_16bpc in libdav1d.a[arm64][21](itx_tmpl.c.o)
  "_dav1d_inv_txfm_add_identity_adst_8x16_8bpc_avx2", referenced from:
      _dav1d_itx_dsp_init_8bpc in libdav1d.a[arm64][8](itx_tmpl.c.o)
  "_dav1d_inv_txfm_add_identity_adst_8x16_8bpc_avx512icl", referenced from:
      _dav1d_itx_dsp_init_8bpc in libdav1d.a[arm64][8](itx_tmpl.c.o)
  "_dav1d_inv_txfm_add_identity_adst_8x16_8bpc_ssse3", referenced from:
      _dav1d_itx_dsp_init_8bpc in libdav1d.a[arm64][8](itx_tmpl.c.o)
  "_dav1d_inv_txfm_add_identity_adst_8x4_10bpc_avx2", referenced from:
      _dav1d_itx_dsp_init_16bpc in libdav1d.a[arm64][21](itx_tmpl.c.o)
  "_dav1d_inv_txfm_add_identity_adst_8x4_12bpc_avx2", referenced from:
      _dav1d_itx_dsp_init_16bpc in libdav1d.a[arm64][21](itx_tmpl.c.o)
  "_dav1d_inv_txfm_add_identity_adst_8x4_16bpc_sse4", referenced from:
      _dav1d_itx_dsp_init_16bpc in libdav1d.a[arm64][21](itx_tmpl.c.o)
  "_dav1d_inv_txfm_add_identity_adst_8x4_8bpc_avx2", referenced from:
      _dav1d_itx_dsp_init_8bpc in libdav1d.a[arm64][8](itx_tmpl.c.o)
  "_dav1d_inv_txfm_add_identity_adst_8x4_8bpc_avx512icl", referenced from:
      _dav1d_itx_dsp_init_8bpc in libdav1d.a[arm64][8](itx_tmpl.c.o)
  "_dav1d_inv_txfm_add_identity_adst_8x4_8bpc_ssse3", referenced from:
      _dav1d_itx_dsp_init_8bpc in libdav1d.a[arm64][8](itx_tmpl.c.o)
  "_dav1d_inv_txfm_add_identity_adst_8x8_10bpc_avx2", referenced from:
      _dav1d_itx_dsp_init_16bpc in libdav1d.a[arm64][21](itx_tmpl.c.o)
  "_dav1d_inv_txfm_add_identity_adst_8x8_10bpc_avx512icl", referenced from:
      _dav1d_itx_dsp_init_16bpc in libdav1d.a[arm64][21](itx_tmpl.c.o)
  "_dav1d_inv_txfm_add_identity_adst_8x8_12bpc_avx2", referenced from:
      _dav1d_itx_dsp_init_16bpc in libdav1d.a[arm64][21](itx_tmpl.c.o)
  "_dav1d_inv_txfm_add_identity_adst_8x8_16bpc_sse4", referenced from:
      _dav1d_itx_dsp_init_16bpc in libdav1d.a[arm64][21](itx_tmpl.c.o)
  "_dav1d_inv_txfm_add_identity_adst_8x8_8bpc_avx2", referenced from:
      _dav1d_itx_dsp_init_8bpc in libdav1d.a[arm64][8](itx_tmpl.c.o)
  "_dav1d_inv_txfm_add_identity_adst_8x8_8bpc_avx512icl", referenced from:
      _dav1d_itx_dsp_init_8bpc in libdav1d.a[arm64][8](itx_tmpl.c.o)
  "_dav1d_inv_txfm_add_identity_adst_8x8_8bpc_ssse3", referenced from:
      _dav1d_itx_dsp_init_8bpc in libdav1d.a[arm64][8](itx_tmpl.c.o)
  "_dav1d_inv_txfm_add_identity_dct_16x16_10bpc_avx2", referenced from:
      _dav1d_itx_dsp_init_16bpc in libdav1d.a[arm64][21](itx_tmpl.c.o)
  "_dav1d_inv_txfm_add_identity_dct_16x16_10bpc_avx512icl", referenced from:
      _dav1d_itx_dsp_init_16bpc in libdav1d.a[arm64][21](itx_tmpl.c.o)
  "_dav1d_inv_txfm_add_identity_dct_16x16_12bpc_avx2", referenced from:
      _dav1d_itx_dsp_init_16bpc in libdav1d.a[arm64][21](itx_tmpl.c.o)
  "_dav1d_inv_txfm_add_identity_dct_16x16_16bpc_sse4", referenced from:
      _dav1d_itx_dsp_init_16bpc in libdav1d.a[arm64][21](itx_tmpl.c.o)
  "_dav1d_inv_txfm_add_identity_dct_16x16_8bpc_avx2", referenced from:
      _dav1d_itx_dsp_init_8bpc in libdav1d.a[arm64][8](itx_tmpl.c.o)
  "_dav1d_inv_txfm_add_identity_dct_16x16_8bpc_avx512icl", referenced from:
      _dav1d_itx_dsp_init_8bpc in libdav1d.a[arm64][8](itx_tmpl.c.o)
  "_dav1d_inv_txfm_add_identity_dct_16x16_8bpc_ssse3", referenced from:
      _dav1d_itx_dsp_init_8bpc in libdav1d.a[arm64][8](itx_tmpl.c.o)
  "_dav1d_inv_txfm_add_identity_dct_16x4_10bpc_avx2", referenced from:
      _dav1d_itx_dsp_init_16bpc in libdav1d.a[arm64][21](itx_tmpl.c.o)
  "_dav1d_inv_txfm_add_identity_dct_16x4_12bpc_avx2", referenced from:
      _dav1d_itx_dsp_init_16bpc in libdav1d.a[arm64][21](itx_tmpl.c.o)
  "_dav1d_inv_txfm_add_identity_dct_16x4_16bpc_sse4", referenced from:
      _dav1d_itx_dsp_init_16bpc in libdav1d.a[arm64][21](itx_tmpl.c.o)
  "_dav1d_inv_txfm_add_identity_dct_16x4_8bpc_avx2", referenced from:
      _dav1d_itx_dsp_init_8bpc in libdav1d.a[arm64][8](itx_tmpl.c.o)
  "_dav1d_inv_txfm_add_identity_dct_16x4_8bpc_avx512icl", referenced from:
      _dav1d_itx_dsp_init_8bpc in libdav1d.a[arm64][8](itx_tmpl.c.o)
  "_dav1d_inv_txfm_add_identity_dct_16x4_8bpc_ssse3", referenced from:
      _dav1d_itx_dsp_init_8bpc in libdav1d.a[arm64][8](itx_tmpl.c.o)
  "_dav1d_inv_txfm_add_identity_dct_16x8_10bpc_avx2", referenced from:
      _dav1d_itx_dsp_init_16bpc in libdav1d.a[arm64][21](itx_tmpl.c.o)
  "_dav1d_inv_txfm_add_identity_dct_16x8_10bpc_avx512icl", referenced from:
      _dav1d_itx_dsp_init_16bpc in libdav1d.a[arm64][21](itx_tmpl.c.o)
  "_dav1d_inv_txfm_add_identity_dct_16x8_12bpc_avx2", referenced from:
      _dav1d_itx_dsp_init_16bpc in libdav1d.a[arm64][21](itx_tmpl.c.o)
  "_dav1d_inv_txfm_add_identity_dct_16x8_16bpc_sse4", referenced from:
      _dav1d_itx_dsp_init_16bpc in libdav1d.a[arm64][21](itx_tmpl.c.o)
  "_dav1d_inv_txfm_add_identity_dct_16x8_8bpc_avx2", referenced from:
      _dav1d_itx_dsp_init_8bpc in libdav1d.a[arm64][8](itx_tmpl.c.o)
  "_dav1d_inv_txfm_add_identity_dct_16x8_8bpc_avx512icl", referenced from:
      _dav1d_itx_dsp_init_8bpc in libdav1d.a[arm64][8](itx_tmpl.c.o)
  "_dav1d_inv_txfm_add_identity_dct_16x8_8bpc_ssse3", referenced from:
      _dav1d_itx_dsp_init_8bpc in libdav1d.a[arm64][8](itx_tmpl.c.o)
  "_dav1d_inv_txfm_add_identity_dct_4x16_10bpc_avx2", referenced from:
      _dav1d_itx_dsp_init_16bpc in libdav1d.a[arm64][21](itx_tmpl.c.o)
  "_dav1d_inv_txfm_add_identity_dct_4x16_12bpc_avx2", referenced from:
      _dav1d_itx_dsp_init_16bpc in libdav1d.a[arm64][21](itx_tmpl.c.o)
  "_dav1d_inv_txfm_add_identity_dct_4x16_16bpc_sse4", referenced from:
      _dav1d_itx_dsp_init_16bpc in libdav1d.a[arm64][21](itx_tmpl.c.o)
  "_dav1d_inv_txfm_add_identity_dct_4x16_8bpc_avx2", referenced from:
      _dav1d_itx_dsp_init_8bpc in libdav1d.a[arm64][8](itx_tmpl.c.o)
  "_dav1d_inv_txfm_add_identity_dct_4x16_8bpc_avx512icl", referenced from:
      _dav1d_itx_dsp_init_8bpc in libdav1d.a[arm64][8](itx_tmpl.c.o)
  "_dav1d_inv_txfm_add_identity_dct_4x16_8bpc_ssse3", referenced from:
      _dav1d_itx_dsp_init_8bpc in libdav1d.a[arm64][8](itx_tmpl.c.o)
  "_dav1d_inv_txfm_add_identity_dct_4x4_10bpc_avx2", referenced from:
      _dav1d_itx_dsp_init_16bpc in libdav1d.a[arm64][21](itx_tmpl.c.o)
  "_dav1d_inv_txfm_add_identity_dct_4x4_12bpc_avx2", referenced from:
      _dav1d_itx_dsp_init_16bpc in libdav1d.a[arm64][21](itx_tmpl.c.o)
  "_dav1d_inv_txfm_add_identity_dct_4x4_16bpc_sse4", referenced from:
      _dav1d_itx_dsp_init_16bpc in libdav1d.a[arm64][21](itx_tmpl.c.o)
  "_dav1d_inv_txfm_add_identity_dct_4x4_8bpc_avx2", referenced from:
      _dav1d_itx_dsp_init_8bpc in libdav1d.a[arm64][8](itx_tmpl.c.o)
  "_dav1d_inv_txfm_add_identity_dct_4x4_8bpc_avx512icl", referenced from:
      _dav1d_itx_dsp_init_8bpc in libdav1d.a[arm64][8](itx_tmpl.c.o)
  "_dav1d_inv_txfm_add_identity_dct_4x4_8bpc_ssse3", referenced from:
      _dav1d_itx_dsp_init_8bpc in libdav1d.a[arm64][8](itx_tmpl.c.o)
  "_dav1d_inv_txfm_add_identity_dct_4x8_10bpc_avx2", referenced from:
      _dav1d_itx_dsp_init_16bpc in libdav1d.a[arm64][21](itx_tmpl.c.o)
  "_dav1d_inv_txfm_add_identity_dct_4x8_12bpc_avx2", referenced from:
      _dav1d_itx_dsp_init_16bpc in libdav1d.a[arm64][21](itx_tmpl.c.o)
  "_dav1d_inv_txfm_add_identity_dct_4x8_16bpc_sse4", referenced from:
      _dav1d_itx_dsp_init_16bpc in libdav1d.a[arm64][21](itx_tmpl.c.o)
  "_dav1d_inv_txfm_add_identity_dct_4x8_8bpc_avx2", referenced from:
      _dav1d_itx_dsp_init_8bpc in libdav1d.a[arm64][8](itx_tmpl.c.o)
  "_dav1d_inv_txfm_add_identity_dct_4x8_8bpc_avx512icl", referenced from:
      _dav1d_itx_dsp_init_8bpc in libdav1d.a[arm64][8](itx_tmpl.c.o)
  "_dav1d_inv_txfm_add_identity_dct_4x8_8bpc_ssse3", referenced from:
      _dav1d_itx_dsp_init_8bpc in libdav1d.a[arm64][8](itx_tmpl.c.o)
  "_dav1d_inv_txfm_add_identity_dct_8x16_10bpc_avx2", referenced from:
      _dav1d_itx_dsp_init_16bpc in libdav1d.a[arm64][21](itx_tmpl.c.o)
  "_dav1d_inv_txfm_add_identity_dct_8x16_10bpc_avx512icl", referenced from:
      _dav1d_itx_dsp_init_16bpc in libdav1d.a[arm64][21](itx_tmpl.c.o)
  "_dav1d_inv_txfm_add_identity_dct_8x16_12bpc_avx2", referenced from:
      _dav1d_itx_dsp_init_16bpc in libdav1d.a[arm64][21](itx_tmpl.c.o)
  "_dav1d_inv_txfm_add_identity_dct_8x16_16bpc_sse4", referenced from:
      _dav1d_itx_dsp_init_16bpc in libdav1d.a[arm64][21](itx_tmpl.c.o)
  "_dav1d_inv_txfm_add_identity_dct_8x16_8bpc_avx2", referenced from:
      _dav1d_itx_dsp_init_8bpc in libdav1d.a[arm64][8](itx_tmpl.c.o)
  "_dav1d_inv_txfm_add_identity_dct_8x16_8bpc_avx512icl", referenced from:
      _dav1d_itx_dsp_init_8bpc in libdav1d.a[arm64][8](itx_tmpl.c.o)
  "_dav1d_inv_txfm_add_identity_dct_8x16_8bpc_ssse3", referenced from:
      _dav1d_itx_dsp_init_8bpc in libdav1d.a[arm64][8](itx_tmpl.c.o)
  "_dav1d_inv_txfm_add_identity_dct_8x4_10bpc_avx2", referenced from:
      _dav1d_itx_dsp_init_16bpc in libdav1d.a[arm64][21](itx_tmpl.c.o)
  "_dav1d_inv_txfm_add_identity_dct_8x4_12bpc_avx2", referenced from:
      _dav1d_itx_dsp_init_16bpc in libdav1d.a[arm64][21](itx_tmpl.c.o)
  "_dav1d_inv_txfm_add_identity_dct_8x4_16bpc_sse4", referenced from:
      _dav1d_itx_dsp_init_16bpc in libdav1d.a[arm64][21](itx_tmpl.c.o)
  "_dav1d_inv_txfm_add_identity_dct_8x4_8bpc_avx2", referenced from:
      _dav1d_itx_dsp_init_8bpc in libdav1d.a[arm64][8](itx_tmpl.c.o)
  "_dav1d_inv_txfm_add_identity_dct_8x4_8bpc_avx512icl", referenced from:
      _dav1d_itx_dsp_init_8bpc in libdav1d.a[arm64][8](itx_tmpl.c.o)
  "_dav1d_inv_txfm_add_identity_dct_8x4_8bpc_ssse3", referenced from:
      _dav1d_itx_dsp_init_8bpc in libdav1d.a[arm64][8](itx_tmpl.c.o)
  "_dav1d_inv_txfm_add_identity_dct_8x8_10bpc_avx2", referenced from:
      _dav1d_itx_dsp_init_16bpc in libdav1d.a[arm64][21](itx_tmpl.c.o)
  "_dav1d_inv_txfm_add_identity_dct_8x8_10bpc_avx512icl", referenced from:
      _dav1d_itx_dsp_init_16bpc in libdav1d.a[arm64][21](itx_tmpl.c.o)
  "_dav1d_inv_txfm_add_identity_dct_8x8_12bpc_avx2", referenced from:
      _dav1d_itx_dsp_init_16bpc in libdav1d.a[arm64][21](itx_tmpl.c.o)
  "_dav1d_inv_txfm_add_identity_dct_8x8_16bpc_sse4", referenced from:
      _dav1d_itx_dsp_init_16bpc in libdav1d.a[arm64][21](itx_tmpl.c.o)
  "_dav1d_inv_txfm_add_identity_dct_8x8_8bpc_avx2", referenced from:
      _dav1d_itx_dsp_init_8bpc in libdav1d.a[arm64][8](itx_tmpl.c.o)
  "_dav1d_inv_txfm_add_identity_dct_8x8_8bpc_avx512icl", referenced from:
      _dav1d_itx_dsp_init_8bpc in libdav1d.a[arm64][8](itx_tmpl.c.o)
  "_dav1d_inv_txfm_add_identity_dct_8x8_8bpc_ssse3", referenced from:
      _dav1d_itx_dsp_init_8bpc in libdav1d.a[arm64][8](itx_tmpl.c.o)
  "_dav1d_inv_txfm_add_identity_flipadst_16x4_10bpc_avx2", referenced from:
      _dav1d_itx_dsp_init_16bpc in libdav1d.a[arm64][21](itx_tmpl.c.o)
  "_dav1d_inv_txfm_add_identity_flipadst_16x4_12bpc_avx2", referenced from:
      _dav1d_itx_dsp_init_16bpc in libdav1d.a[arm64][21](itx_tmpl.c.o)
  "_dav1d_inv_txfm_add_identity_flipadst_16x4_16bpc_sse4", referenced from:
      _dav1d_itx_dsp_init_16bpc in libdav1d.a[arm64][21](itx_tmpl.c.o)
  "_dav1d_inv_txfm_add_identity_flipadst_16x4_8bpc_avx2", referenced from:
      _dav1d_itx_dsp_init_8bpc in libdav1d.a[arm64][8](itx_tmpl.c.o)
  "_dav1d_inv_txfm_add_identity_flipadst_16x4_8bpc_avx512icl", referenced from:
      _dav1d_itx_dsp_init_8bpc in libdav1d.a[arm64][8](itx_tmpl.c.o)
  "_dav1d_inv_txfm_add_identity_flipadst_16x4_8bpc_ssse3", referenced from:
      _dav1d_itx_dsp_init_8bpc in libdav1d.a[arm64][8](itx_tmpl.c.o)
  "_dav1d_inv_txfm_add_identity_flipadst_16x8_10bpc_avx2", referenced from:
      _dav1d_itx_dsp_init_16bpc in libdav1d.a[arm64][21](itx_tmpl.c.o)
  "_dav1d_inv_txfm_add_identity_flipadst_16x8_10bpc_avx512icl", referenced from:
      _dav1d_itx_dsp_init_16bpc in libdav1d.a[arm64][21](itx_tmpl.c.o)
  "_dav1d_inv_txfm_add_identity_flipadst_16x8_12bpc_avx2", referenced from:
      _dav1d_itx_dsp_init_16bpc in libdav1d.a[arm64][21](itx_tmpl.c.o)
  "_dav1d_inv_txfm_add_identity_flipadst_16x8_16bpc_sse4", referenced from:
      _dav1d_itx_dsp_init_16bpc in libdav1d.a[arm64][21](itx_tmpl.c.o)
  "_dav1d_inv_txfm_add_identity_flipadst_16x8_8bpc_avx2", referenced from:
      _dav1d_itx_dsp_init_8bpc in libdav1d.a[arm64][8](itx_tmpl.c.o)
  "_dav1d_inv_txfm_add_identity_flipadst_16x8_8bpc_avx512icl", referenced from:
      _dav1d_itx_dsp_init_8bpc in libdav1d.a[arm64][8](itx_tmpl.c.o)
  "_dav1d_inv_txfm_add_identity_flipadst_16x8_8bpc_ssse3", referenced from:
      _dav1d_itx_dsp_init_8bpc in libdav1d.a[arm64][8](itx_tmpl.c.o)
  "_dav1d_inv_txfm_add_identity_flipadst_4x16_10bpc_avx2", referenced from:
      _dav1d_itx_dsp_init_16bpc in libdav1d.a[arm64][21](itx_tmpl.c.o)
  "_dav1d_inv_txfm_add_identity_flipadst_4x16_12bpc_avx2", referenced from:
      _dav1d_itx_dsp_init_16bpc in libdav1d.a[arm64][21](itx_tmpl.c.o)
  "_dav1d_inv_txfm_add_identity_flipadst_4x16_16bpc_sse4", referenced from:
      _dav1d_itx_dsp_init_16bpc in libdav1d.a[arm64][21](itx_tmpl.c.o)
  "_dav1d_inv_txfm_add_identity_flipadst_4x16_8bpc_avx2", referenced from:
      _dav1d_itx_dsp_init_8bpc in libdav1d.a[arm64][8](itx_tmpl.c.o)
  "_dav1d_inv_txfm_add_identity_flipadst_4x16_8bpc_avx512icl", referenced from:
      _dav1d_itx_dsp_init_8bpc in libdav1d.a[arm64][8](itx_tmpl.c.o)
  "_dav1d_inv_txfm_add_identity_flipadst_4x16_8bpc_ssse3", referenced from:
      _dav1d_itx_dsp_init_8bpc in libdav1d.a[arm64][8](itx_tmpl.c.o)
  "_dav1d_inv_txfm_add_identity_flipadst_4x4_10bpc_avx2", referenced from:
      _dav1d_itx_dsp_init_16bpc in libdav1d.a[arm64][21](itx_tmpl.c.o)
  "_dav1d_inv_txfm_add_identity_flipadst_4x4_12bpc_avx2", referenced from:
      _dav1d_itx_dsp_init_16bpc in libdav1d.a[arm64][21](itx_tmpl.c.o)
  "_dav1d_inv_txfm_add_identity_flipadst_4x4_16bpc_sse4", referenced from:
      _dav1d_itx_dsp_init_16bpc in libdav1d.a[arm64][21](itx_tmpl.c.o)
  "_dav1d_inv_txfm_add_identity_flipadst_4x4_8bpc_avx2", referenced from:
      _dav1d_itx_dsp_init_8bpc in libdav1d.a[arm64][8](itx_tmpl.c.o)
  "_dav1d_inv_txfm_add_identity_flipadst_4x4_8bpc_avx512icl", referenced from:
      _dav1d_itx_dsp_init_8bpc in libdav1d.a[arm64][8](itx_tmpl.c.o)
  "_dav1d_inv_txfm_add_identity_flipadst_4x4_8bpc_ssse3", referenced from:
      _dav1d_itx_dsp_init_8bpc in libdav1d.a[arm64][8](itx_tmpl.c.o)
  "_dav1d_inv_txfm_add_identity_flipadst_4x8_10bpc_avx2", referenced from:
      _dav1d_itx_dsp_init_16bpc in libdav1d.a[arm64][21](itx_tmpl.c.o)
  "_dav1d_inv_txfm_add_identity_flipadst_4x8_12bpc_avx2", referenced from:
      _dav1d_itx_dsp_init_16bpc in libdav1d.a[arm64][21](itx_tmpl.c.o)
  "_dav1d_inv_txfm_add_identity_flipadst_4x8_16bpc_sse4", referenced from:
      _dav1d_itx_dsp_init_16bpc in libdav1d.a[arm64][21](itx_tmpl.c.o)
  "_dav1d_inv_txfm_add_identity_flipadst_4x8_8bpc_avx2", referenced from:
      _dav1d_itx_dsp_init_8bpc in libdav1d.a[arm64][8](itx_tmpl.c.o)
  "_dav1d_inv_txfm_add_identity_flipadst_4x8_8bpc_avx512icl", referenced from:
      _dav1d_itx_dsp_init_8bpc in libdav1d.a[arm64][8](itx_tmpl.c.o)
  "_dav1d_inv_txfm_add_identity_flipadst_4x8_8bpc_ssse3", referenced from:
      _dav1d_itx_dsp_init_8bpc in libdav1d.a[arm64][8](itx_tmpl.c.o)
  "_dav1d_inv_txfm_add_identity_flipadst_8x16_10bpc_avx2", referenced from:
      _dav1d_itx_dsp_init_16bpc in libdav1d.a[arm64][21](itx_tmpl.c.o)
  "_dav1d_inv_txfm_add_identity_flipadst_8x16_10bpc_avx512icl", referenced from:
      _dav1d_itx_dsp_init_16bpc in libdav1d.a[arm64][21](itx_tmpl.c.o)
  "_dav1d_inv_txfm_add_identity_flipadst_8x16_12bpc_avx2", referenced from:
      _dav1d_itx_dsp_init_16bpc in libdav1d.a[arm64][21](itx_tmpl.c.o)
  "_dav1d_inv_txfm_add_identity_flipadst_8x16_16bpc_sse4", referenced from:
      _dav1d_itx_dsp_init_16bpc in libdav1d.a[arm64][21](itx_tmpl.c.o)
  "_dav1d_inv_txfm_add_identity_flipadst_8x16_8bpc_avx2", referenced from:
      _dav1d_itx_dsp_init_8bpc in libdav1d.a[arm64][8](itx_tmpl.c.o)
  "_dav1d_inv_txfm_add_identity_flipadst_8x16_8bpc_avx512icl", referenced from:
      _dav1d_itx_dsp_init_8bpc in libdav1d.a[arm64][8](itx_tmpl.c.o)
  "_dav1d_inv_txfm_add_identity_flipadst_8x16_8bpc_ssse3", referenced from:
      _dav1d_itx_dsp_init_8bpc in libdav1d.a[arm64][8](itx_tmpl.c.o)
  "_dav1d_inv_txfm_add_identity_flipadst_8x4_10bpc_avx2", referenced from:
      _dav1d_itx_dsp_init_16bpc in libdav1d.a[arm64][21](itx_tmpl.c.o)
  "_dav1d_inv_txfm_add_identity_flipadst_8x4_12bpc_avx2", referenced from:
      _dav1d_itx_dsp_init_16bpc in libdav1d.a[arm64][21](itx_tmpl.c.o)
  "_dav1d_inv_txfm_add_identity_flipadst_8x4_16bpc_sse4", referenced from:
      _dav1d_itx_dsp_init_16bpc in libdav1d.a[arm64][21](itx_tmpl.c.o)
  "_dav1d_inv_txfm_add_identity_flipadst_8x4_8bpc_avx2", referenced from:
      _dav1d_itx_dsp_init_8bpc in libdav1d.a[arm64][8](itx_tmpl.c.o)
  "_dav1d_inv_txfm_add_identity_flipadst_8x4_8bpc_avx512icl", referenced from:
      _dav1d_itx_dsp_init_8bpc in libdav1d.a[arm64][8](itx_tmpl.c.o)
  "_dav1d_inv_txfm_add_identity_flipadst_8x4_8bpc_ssse3", referenced from:
      _dav1d_itx_dsp_init_8bpc in libdav1d.a[arm64][8](itx_tmpl.c.o)
  "_dav1d_inv_txfm_add_identity_flipadst_8x8_10bpc_avx2", referenced from:
      _dav1d_itx_dsp_init_16bpc in libdav1d.a[arm64][21](itx_tmpl.c.o)
  "_dav1d_inv_txfm_add_identity_flipadst_8x8_10bpc_avx512icl", referenced from:
      _dav1d_itx_dsp_init_16bpc in libdav1d.a[arm64][21](itx_tmpl.c.o)
  "_dav1d_inv_txfm_add_identity_flipadst_8x8_12bpc_avx2", referenced from:
      _dav1d_itx_dsp_init_16bpc in libdav1d.a[arm64][21](itx_tmpl.c.o)
  "_dav1d_inv_txfm_add_identity_flipadst_8x8_16bpc_sse4", referenced from:
      _dav1d_itx_dsp_init_16bpc in libdav1d.a[arm64][21](itx_tmpl.c.o)
  "_dav1d_inv_txfm_add_identity_flipadst_8x8_8bpc_avx2", referenced from:
      _dav1d_itx_dsp_init_8bpc in libdav1d.a[arm64][8](itx_tmpl.c.o)
  "_dav1d_inv_txfm_add_identity_flipadst_8x8_8bpc_avx512icl", referenced from:
      _dav1d_itx_dsp_init_8bpc in libdav1d.a[arm64][8](itx_tmpl.c.o)
  "_dav1d_inv_txfm_add_identity_flipadst_8x8_8bpc_ssse3", referenced from:
      _dav1d_itx_dsp_init_8bpc in libdav1d.a[arm64][8](itx_tmpl.c.o)
  "_dav1d_inv_txfm_add_identity_identity_16x16_10bpc_avx2", referenced from:
      _dav1d_itx_dsp_init_16bpc in libdav1d.a[arm64][21](itx_tmpl.c.o)
  "_dav1d_inv_txfm_add_identity_identity_16x16_10bpc_avx512icl", referenced from:
      _dav1d_itx_dsp_init_16bpc in libdav1d.a[arm64][21](itx_tmpl.c.o)
  "_dav1d_inv_txfm_add_identity_identity_16x16_12bpc_avx2", referenced from:
      _dav1d_itx_dsp_init_16bpc in libdav1d.a[arm64][21](itx_tmpl.c.o)
  "_dav1d_inv_txfm_add_identity_identity_16x16_16bpc_sse4", referenced from:
      _dav1d_itx_dsp_init_16bpc in libdav1d.a[arm64][21](itx_tmpl.c.o)
  "_dav1d_inv_txfm_add_identity_identity_16x16_8bpc_avx2", referenced from:
      _dav1d_itx_dsp_init_8bpc in libdav1d.a[arm64][8](itx_tmpl.c.o)
  "_dav1d_inv_txfm_add_identity_identity_16x16_8bpc_avx512icl", referenced from:
      _dav1d_itx_dsp_init_8bpc in libdav1d.a[arm64][8](itx_tmpl.c.o)
  "_dav1d_inv_txfm_add_identity_identity_16x16_8bpc_ssse3", referenced from:
      _dav1d_itx_dsp_init_8bpc in libdav1d.a[arm64][8](itx_tmpl.c.o)
  "_dav1d_inv_txfm_add_identity_identity_16x32_10bpc_avx2", referenced from:
      _dav1d_itx_dsp_init_16bpc in libdav1d.a[arm64][21](itx_tmpl.c.o)
  "_dav1d_inv_txfm_add_identity_identity_16x32_10bpc_avx512icl", referenced from:
      _dav1d_itx_dsp_init_16bpc in libdav1d.a[arm64][21](itx_tmpl.c.o)
  "_dav1d_inv_txfm_add_identity_identity_16x32_12bpc_avx2", referenced from:
      _dav1d_itx_dsp_init_16bpc in libdav1d.a[arm64][21](itx_tmpl.c.o)
  "_dav1d_inv_txfm_add_identity_identity_16x32_16bpc_sse4", referenced from:
      _dav1d_itx_dsp_init_16bpc in libdav1d.a[arm64][21](itx_tmpl.c.o)
  "_dav1d_inv_txfm_add_identity_identity_16x32_8bpc_avx2", referenced from:
      _dav1d_itx_dsp_init_8bpc in libdav1d.a[arm64][8](itx_tmpl.c.o)
  "_dav1d_inv_txfm_add_identity_identity_16x32_8bpc_avx512icl", referenced from:
      _dav1d_itx_dsp_init_8bpc in libdav1d.a[arm64][8](itx_tmpl.c.o)
  "_dav1d_inv_txfm_add_identity_identity_16x32_8bpc_ssse3", referenced from:
      _dav1d_itx_dsp_init_8bpc in libdav1d.a[arm64][8](itx_tmpl.c.o)
  "_dav1d_inv_txfm_add_identity_identity_16x4_10bpc_avx2", referenced from:
      _dav1d_itx_dsp_init_16bpc in libdav1d.a[arm64][21](itx_tmpl.c.o)
  "_dav1d_inv_txfm_add_identity_identity_16x4_12bpc_avx2", referenced from:
      _dav1d_itx_dsp_init_16bpc in libdav1d.a[arm64][21](itx_tmpl.c.o)
  "_dav1d_inv_txfm_add_identity_identity_16x4_16bpc_sse4", referenced from:
      _dav1d_itx_dsp_init_16bpc in libdav1d.a[arm64][21](itx_tmpl.c.o)
  "_dav1d_inv_txfm_add_identity_identity_16x4_8bpc_avx2", referenced from:
      _dav1d_itx_dsp_init_8bpc in libdav1d.a[arm64][8](itx_tmpl.c.o)
  "_dav1d_inv_txfm_add_identity_identity_16x4_8bpc_avx512icl", referenced from:
      _dav1d_itx_dsp_init_8bpc in libdav1d.a[arm64][8](itx_tmpl.c.o)
  "_dav1d_inv_txfm_add_identity_identity_16x4_8bpc_ssse3", referenced from:
      _dav1d_itx_dsp_init_8bpc in libdav1d.a[arm64][8](itx_tmpl.c.o)
  "_dav1d_inv_txfm_add_identity_identity_16x8_10bpc_avx2", referenced from:
      _dav1d_itx_dsp_init_16bpc in libdav1d.a[arm64][21](itx_tmpl.c.o)
  "_dav1d_inv_txfm_add_identity_identity_16x8_10bpc_avx512icl", referenced from:
      _dav1d_itx_dsp_init_16bpc in libdav1d.a[arm64][21](itx_tmpl.c.o)
  "_dav1d_inv_txfm_add_identity_identity_16x8_12bpc_avx2", referenced from:
      _dav1d_itx_dsp_init_16bpc in libdav1d.a[arm64][21](itx_tmpl.c.o)
  "_dav1d_inv_txfm_add_identity_identity_16x8_16bpc_sse4", referenced from:
      _dav1d_itx_dsp_init_16bpc in libdav1d.a[arm64][21](itx_tmpl.c.o)
  "_dav1d_inv_txfm_add_identity_identity_16x8_8bpc_avx2", referenced from:
      _dav1d_itx_dsp_init_8bpc in libdav1d.a[arm64][8](itx_tmpl.c.o)
  "_dav1d_inv_txfm_add_identity_identity_16x8_8bpc_avx512icl", referenced from:
      _dav1d_itx_dsp_init_8bpc in libdav1d.a[arm64][8](itx_tmpl.c.o)
  "_dav1d_inv_txfm_add_identity_identity_16x8_8bpc_ssse3", referenced from:
      _dav1d_itx_dsp_init_8bpc in libdav1d.a[arm64][8](itx_tmpl.c.o)
  "_dav1d_inv_txfm_add_identity_identity_32x16_10bpc_avx2", referenced from:
      _dav1d_itx_dsp_init_16bpc in libdav1d.a[arm64][21](itx_tmpl.c.o)
  "_dav1d_inv_txfm_add_identity_identity_32x16_10bpc_avx512icl", referenced from:
      _dav1d_itx_dsp_init_16bpc in libdav1d.a[arm64][21](itx_tmpl.c.o)
  "_dav1d_inv_txfm_add_identity_identity_32x16_12bpc_avx2", referenced from:
      _dav1d_itx_dsp_init_16bpc in libdav1d.a[arm64][21](itx_tmpl.c.o)
  "_dav1d_inv_txfm_add_identity_identity_32x16_16bpc_sse4", referenced from:
      _dav1d_itx_dsp_init_16bpc in libdav1d.a[arm64][21](itx_tmpl.c.o)
  "_dav1d_inv_txfm_add_identity_identity_32x16_8bpc_avx2", referenced from:
      _dav1d_itx_dsp_init_8bpc in libdav1d.a[arm64][8](itx_tmpl.c.o)
  "_dav1d_inv_txfm_add_identity_identity_32x16_8bpc_avx512icl", referenced from:
      _dav1d_itx_dsp_init_8bpc in libdav1d.a[arm64][8](itx_tmpl.c.o)
  "_dav1d_inv_txfm_add_identity_identity_32x16_8bpc_ssse3", referenced from:
      _dav1d_itx_dsp_init_8bpc in libdav1d.a[arm64][8](itx_tmpl.c.o)
  "_dav1d_inv_txfm_add_identity_identity_32x32_10bpc_avx2", referenced from:
      _dav1d_itx_dsp_init_16bpc in libdav1d.a[arm64][21](itx_tmpl.c.o)
  "_dav1d_inv_txfm_add_identity_identity_32x32_10bpc_avx512icl", referenced from:
      _dav1d_itx_dsp_init_16bpc in libdav1d.a[arm64][21](itx_tmpl.c.o)
  "_dav1d_inv_txfm_add_identity_identity_32x32_12bpc_avx2", referenced from:
      _dav1d_itx_dsp_init_16bpc in libdav1d.a[arm64][21](itx_tmpl.c.o)
  "_dav1d_inv_txfm_add_identity_identity_32x32_16bpc_sse4", referenced from:
      _dav1d_itx_dsp_init_16bpc in libdav1d.a[arm64][21](itx_tmpl.c.o)
  "_dav1d_inv_txfm_add_identity_identity_32x32_8bpc_avx2", referenced from:
      _dav1d_itx_dsp_init_8bpc in libdav1d.a[arm64][8](itx_tmpl.c.o)
  "_dav1d_inv_txfm_add_identity_identity_32x32_8bpc_avx512icl", referenced from:
      _dav1d_itx_dsp_init_8bpc in libdav1d.a[arm64][8](itx_tmpl.c.o)
  "_dav1d_inv_txfm_add_identity_identity_32x32_8bpc_ssse3", referenced from:
      _dav1d_itx_dsp_init_8bpc in libdav1d.a[arm64][8](itx_tmpl.c.o)
  "_dav1d_inv_txfm_add_identity_identity_32x8_10bpc_avx2", referenced from:
      _dav1d_itx_dsp_init_16bpc in libdav1d.a[arm64][21](itx_tmpl.c.o)
  "_dav1d_inv_txfm_add_identity_identity_32x8_10bpc_avx512icl", referenced from:
      _dav1d_itx_dsp_init_16bpc in libdav1d.a[arm64][21](itx_tmpl.c.o)
  "_dav1d_inv_txfm_add_identity_identity_32x8_12bpc_avx2", referenced from:
      _dav1d_itx_dsp_init_16bpc in libdav1d.a[arm64][21](itx_tmpl.c.o)
  "_dav1d_inv_txfm_add_identity_identity_32x8_16bpc_sse4", referenced from:
      _dav1d_itx_dsp_init_16bpc in libdav1d.a[arm64][21](itx_tmpl.c.o)
  "_dav1d_inv_txfm_add_identity_identity_32x8_8bpc_avx2", referenced from:
      _dav1d_itx_dsp_init_8bpc in libdav1d.a[arm64][8](itx_tmpl.c.o)
  "_dav1d_inv_txfm_add_identity_identity_32x8_8bpc_avx512icl", referenced from:
      _dav1d_itx_dsp_init_8bpc in libdav1d.a[arm64][8](itx_tmpl.c.o)
  "_dav1d_inv_txfm_add_identity_identity_32x8_8bpc_ssse3", referenced from:
      _dav1d_itx_dsp_init_8bpc in libdav1d.a[arm64][8](itx_tmpl.c.o)
  "_dav1d_inv_txfm_add_identity_identity_4x16_10bpc_avx2", referenced from:
      _dav1d_itx_dsp_init_16bpc in libdav1d.a[arm64][21](itx_tmpl.c.o)
  "_dav1d_inv_txfm_add_identity_identity_4x16_12bpc_avx2", referenced from:
      _dav1d_itx_dsp_init_16bpc in libdav1d.a[arm64][21](itx_tmpl.c.o)
  "_dav1d_inv_txfm_add_identity_identity_4x16_16bpc_sse4", referenced from:
      _dav1d_itx_dsp_init_16bpc in libdav1d.a[arm64][21](itx_tmpl.c.o)
  "_dav1d_inv_txfm_add_identity_identity_4x16_8bpc_avx2", referenced from:
      _dav1d_itx_dsp_init_8bpc in libdav1d.a[arm64][8](itx_tmpl.c.o)
  "_dav1d_inv_txfm_add_identity_identity_4x16_8bpc_avx512icl", referenced from:
      _dav1d_itx_dsp_init_8bpc in libdav1d.a[arm64][8](itx_tmpl.c.o)
  "_dav1d_inv_txfm_add_identity_identity_4x16_8bpc_ssse3", referenced from:
      _dav1d_itx_dsp_init_8bpc in libdav1d.a[arm64][8](itx_tmpl.c.o)
  "_dav1d_inv_txfm_add_identity_identity_4x4_10bpc_avx2", referenced from:
      _dav1d_itx_dsp_init_16bpc in libdav1d.a[arm64][21](itx_tmpl.c.o)
  "_dav1d_inv_txfm_add_identity_identity_4x4_12bpc_avx2", referenced from:
      _dav1d_itx_dsp_init_16bpc in libdav1d.a[arm64][21](itx_tmpl.c.o)
  "_dav1d_inv_txfm_add_identity_identity_4x4_16bpc_sse4", referenced from:
      _dav1d_itx_dsp_init_16bpc in libdav1d.a[arm64][21](itx_tmpl.c.o)
  "_dav1d_inv_txfm_add_identity_identity_4x4_8bpc_avx2", referenced from:
      _dav1d_itx_dsp_init_8bpc in libdav1d.a[arm64][8](itx_tmpl.c.o)
  "_dav1d_inv_txfm_add_identity_identity_4x4_8bpc_avx512icl", referenced from:
      _dav1d_itx_dsp_init_8bpc in libdav1d.a[arm64][8](itx_tmpl.c.o)
  "_dav1d_inv_txfm_add_identity_identity_4x4_8bpc_ssse3", referenced from:
      _dav1d_itx_dsp_init_8bpc in libdav1d.a[arm64][8](itx_tmpl.c.o)
  "_dav1d_inv_txfm_add_identity_identity_4x8_10bpc_avx2", referenced from:
      _dav1d_itx_dsp_init_16bpc in libdav1d.a[arm64][21](itx_tmpl.c.o)
  "_dav1d_inv_txfm_add_identity_identity_4x8_12bpc_avx2", referenced from:
      _dav1d_itx_dsp_init_16bpc in libdav1d.a[arm64][21](itx_tmpl.c.o)
  "_dav1d_inv_txfm_add_identity_identity_4x8_16bpc_sse4", referenced from:
      _dav1d_itx_dsp_init_16bpc in libdav1d.a[arm64][21](itx_tmpl.c.o)
  "_dav1d_inv_txfm_add_identity_identity_4x8_8bpc_avx2", referenced from:
      _dav1d_itx_dsp_init_8bpc in libdav1d.a[arm64][8](itx_tmpl.c.o)
  "_dav1d_inv_txfm_add_identity_identity_4x8_8bpc_avx512icl", referenced from:
      _dav1d_itx_dsp_init_8bpc in libdav1d.a[arm64][8](itx_tmpl.c.o)
  "_dav1d_inv_txfm_add_identity_identity_4x8_8bpc_ssse3", referenced from:
      _dav1d_itx_dsp_init_8bpc in libdav1d.a[arm64][8](itx_tmpl.c.o)
  "_dav1d_inv_txfm_add_identity_identity_8x16_10bpc_avx2", referenced from:
      _dav1d_itx_dsp_init_16bpc in libdav1d.a[arm64][21](itx_tmpl.c.o)
  "_dav1d_inv_txfm_add_identity_identity_8x16_10bpc_avx512icl", referenced from:
      _dav1d_itx_dsp_init_16bpc in libdav1d.a[arm64][21](itx_tmpl.c.o)
  "_dav1d_inv_txfm_add_identity_identity_8x16_12bpc_avx2", referenced from:
      _dav1d_itx_dsp_init_16bpc in libdav1d.a[arm64][21](itx_tmpl.c.o)
  "_dav1d_inv_txfm_add_identity_identity_8x16_16bpc_sse4", referenced from:
      _dav1d_itx_dsp_init_16bpc in libdav1d.a[arm64][21](itx_tmpl.c.o)
  "_dav1d_inv_txfm_add_identity_identity_8x16_8bpc_avx2", referenced from:
      _dav1d_itx_dsp_init_8bpc in libdav1d.a[arm64][8](itx_tmpl.c.o)
  "_dav1d_inv_txfm_add_identity_identity_8x16_8bpc_avx512icl", referenced from:
      _dav1d_itx_dsp_init_8bpc in libdav1d.a[arm64][8](itx_tmpl.c.o)
  "_dav1d_inv_txfm_add_identity_identity_8x16_8bpc_ssse3", referenced from:
      _dav1d_itx_dsp_init_8bpc in libdav1d.a[arm64][8](itx_tmpl.c.o)
  "_dav1d_inv_txfm_add_identity_identity_8x32_10bpc_avx2", referenced from:
      _dav1d_itx_dsp_init_16bpc in libdav1d.a[arm64][21](itx_tmpl.c.o)
  "_dav1d_inv_txfm_add_identity_identity_8x32_10bpc_avx512icl", referenced from:
      _dav1d_itx_dsp_init_16bpc in libdav1d.a[arm64][21](itx_tmpl.c.o)
  "_dav1d_inv_txfm_add_identity_identity_8x32_12bpc_avx2", referenced from:
      _dav1d_itx_dsp_init_16bpc in libdav1d.a[arm64][21](itx_tmpl.c.o)
  "_dav1d_inv_txfm_add_identity_identity_8x32_16bpc_sse4", referenced from:
      _dav1d_itx_dsp_init_16bpc in libdav1d.a[arm64][21](itx_tmpl.c.o)
  "_dav1d_inv_txfm_add_identity_identity_8x32_8bpc_avx2", referenced from:
      _dav1d_itx_dsp_init_8bpc in libdav1d.a[arm64][8](itx_tmpl.c.o)
  "_dav1d_inv_txfm_add_identity_identity_8x32_8bpc_avx512icl", referenced from:
      _dav1d_itx_dsp_init_8bpc in libdav1d.a[arm64][8](itx_tmpl.c.o)
  "_dav1d_inv_txfm_add_identity_identity_8x32_8bpc_ssse3", referenced from:
      _dav1d_itx_dsp_init_8bpc in libdav1d.a[arm64][8](itx_tmpl.c.o)
  "_dav1d_inv_txfm_add_identity_identity_8x4_10bpc_avx2", referenced from:
      _dav1d_itx_dsp_init_16bpc in libdav1d.a[arm64][21](itx_tmpl.c.o)
  "_dav1d_inv_txfm_add_identity_identity_8x4_12bpc_avx2", referenced from:
      _dav1d_itx_dsp_init_16bpc in libdav1d.a[arm64][21](itx_tmpl.c.o)
  "_dav1d_inv_txfm_add_identity_identity_8x4_16bpc_sse4", referenced from:
      _dav1d_itx_dsp_init_16bpc in libdav1d.a[arm64][21](itx_tmpl.c.o)
  "_dav1d_inv_txfm_add_identity_identity_8x4_8bpc_avx2", referenced from:
      _dav1d_itx_dsp_init_8bpc in libdav1d.a[arm64][8](itx_tmpl.c.o)
  "_dav1d_inv_txfm_add_identity_identity_8x4_8bpc_avx512icl", referenced from:
      _dav1d_itx_dsp_init_8bpc in libdav1d.a[arm64][8](itx_tmpl.c.o)
  "_dav1d_inv_txfm_add_identity_identity_8x4_8bpc_ssse3", referenced from:
      _dav1d_itx_dsp_init_8bpc in libdav1d.a[arm64][8](itx_tmpl.c.o)
  "_dav1d_inv_txfm_add_identity_identity_8x8_10bpc_avx2", referenced from:
      _dav1d_itx_dsp_init_16bpc in libdav1d.a[arm64][21](itx_tmpl.c.o)
  "_dav1d_inv_txfm_add_identity_identity_8x8_10bpc_avx512icl", referenced from:
      _dav1d_itx_dsp_init_16bpc in libdav1d.a[arm64][21](itx_tmpl.c.o)
  "_dav1d_inv_txfm_add_identity_identity_8x8_12bpc_avx2", referenced from:
      _dav1d_itx_dsp_init_16bpc in libdav1d.a[arm64][21](itx_tmpl.c.o)
  "_dav1d_inv_txfm_add_identity_identity_8x8_16bpc_sse4", referenced from:
      _dav1d_itx_dsp_init_16bpc in libdav1d.a[arm64][21](itx_tmpl.c.o)
  CC       control/netsync.lo
  "_dav1d_inv_txfm_add_identity_identity_8x8_8bpc_avx2", referenced from:
      _dav1d_itx_dsp_init_8bpc in libdav1d.a[arm64][8](itx_tmpl.c.o)
  "_dav1d_inv_txfm_add_identity_identity_8x8_8bpc_avx512icl", referenced from:
      _dav1d_itx_dsp_init_8bpc in libdav1d.a[arm64][8](itx_tmpl.c.o)
  "_dav1d_inv_txfm_add_identity_identity_8x8_8bpc_ssse3", referenced from:
      _dav1d_itx_dsp_init_8bpc in libdav1d.a[arm64][8](itx_tmpl.c.o)
  "_dav1d_inv_txfm_add_wht_wht_4x4_16bpc_avx2", referenced from:
      _dav1d_itx_dsp_init_16bpc in libdav1d.a[arm64][21](itx_tmpl.c.o)
      _dav1d_itx_dsp_init_16bpc in libdav1d.a[arm64][21](itx_tmpl.c.o)
  "_dav1d_inv_txfm_add_wht_wht_4x4_16bpc_sse2", referenced from:
      _dav1d_itx_dsp_init_16bpc in libdav1d.a[arm64][21](itx_tmpl.c.o)
  "_dav1d_inv_txfm_add_wht_wht_4x4_8bpc_avx2", referenced from:
      _dav1d_itx_dsp_init_8bpc in libdav1d.a[arm64][8](itx_tmpl.c.o)
  "_dav1d_inv_txfm_add_wht_wht_4x4_8bpc_sse2", referenced from:
      _dav1d_itx_dsp_init_8bpc in libdav1d.a[arm64][8](itx_tmpl.c.o)
  "_dav1d_ipred_cfl_128_16bpc_avx2", referenced from:
      _dav1d_intra_pred_dsp_init_16bpc in libdav1d.a[arm64][20](ipred_tmpl.c.o)
  "_dav1d_ipred_cfl_128_16bpc_ssse3", referenced from:
      _dav1d_intra_pred_dsp_init_16bpc in libdav1d.a[arm64][20](ipred_tmpl.c.o)
  "_dav1d_ipred_cfl_128_8bpc_avx2", referenced from:
      _dav1d_intra_pred_dsp_init_8bpc in libdav1d.a[arm64][7](ipred_tmpl.c.o)
  "_dav1d_ipred_cfl_128_8bpc_ssse3", referenced from:
      _dav1d_intra_pred_dsp_init_8bpc in libdav1d.a[arm64][7](ipred_tmpl.c.o)
  "_dav1d_ipred_cfl_16bpc_avx2", referenced from:
      _dav1d_intra_pred_dsp_init_16bpc in libdav1d.a[arm64][20](ipred_tmpl.c.o)
  "_dav1d_ipred_cfl_16bpc_ssse3", referenced from:
      _dav1d_intra_pred_dsp_init_16bpc in libdav1d.a[arm64][20](ipred_tmpl.c.o)
  "_dav1d_ipred_cfl_8bpc_avx2", referenced from:
      _dav1d_intra_pred_dsp_init_8bpc in libdav1d.a[arm64][7](ipred_tmpl.c.o)
  "_dav1d_ipred_cfl_8bpc_ssse3", referenced from:
      _dav1d_intra_pred_dsp_init_8bpc in libdav1d.a[arm64][7](ipred_tmpl.c.o)
  "_dav1d_ipred_cfl_ac_420_16bpc_avx2", referenced from:
      _dav1d_intra_pred_dsp_init_16bpc in libdav1d.a[arm64][20](ipred_tmpl.c.o)
  "_dav1d_ipred_cfl_ac_420_16bpc_ssse3", referenced from:
      _dav1d_intra_pred_dsp_init_16bpc in libdav1d.a[arm64][20](ipred_tmpl.c.o)
  "_dav1d_ipred_cfl_ac_420_8bpc_avx2", referenced from:
      _dav1d_intra_pred_dsp_init_8bpc in libdav1d.a[arm64][7](ipred_tmpl.c.o)
  "_dav1d_ipred_cfl_ac_420_8bpc_ssse3", referenced from:
      _dav1d_intra_pred_dsp_init_8bpc in libdav1d.a[arm64][7](ipred_tmpl.c.o)
  "_dav1d_ipred_cfl_ac_422_16bpc_avx2", referenced from:
      _dav1d_intra_pred_dsp_init_16bpc in libdav1d.a[arm64][20](ipred_tmpl.c.o)
  "_dav1d_ipred_cfl_ac_422_16bpc_ssse3", referenced from:
      _dav1d_intra_pred_dsp_init_16bpc in libdav1d.a[arm64][20](ipred_tmpl.c.o)
  "_dav1d_ipred_cfl_ac_422_8bpc_avx2", referenced from:
      _dav1d_intra_pred_dsp_init_8bpc in libdav1d.a[arm64][7](ipred_tmpl.c.o)
  "_dav1d_ipred_cfl_ac_422_8bpc_ssse3", referenced from:
      _dav1d_intra_pred_dsp_init_8bpc in libdav1d.a[arm64][7](ipred_tmpl.c.o)
  "_dav1d_ipred_cfl_ac_444_16bpc_avx2", referenced from:
      _dav1d_intra_pred_dsp_init_16bpc in libdav1d.a[arm64][20](ipred_tmpl.c.o)
  "_dav1d_ipred_cfl_ac_444_16bpc_ssse3", referenced from:
      _dav1d_intra_pred_dsp_init_16bpc in libdav1d.a[arm64][20](ipred_tmpl.c.o)
  "_dav1d_ipred_cfl_ac_444_8bpc_avx2", referenced from:
      _dav1d_intra_pred_dsp_init_8bpc in libdav1d.a[arm64][7](ipred_tmpl.c.o)
  "_dav1d_ipred_cfl_ac_444_8bpc_ssse3", referenced from:
      _dav1d_intra_pred_dsp_init_8bpc in libdav1d.a[arm64][7](ipred_tmpl.c.o)
  "_dav1d_ipred_cfl_left_16bpc_avx2", referenced from:
      _dav1d_intra_pred_dsp_init_16bpc in libdav1d.a[arm64][20](ipred_tmpl.c.o)
  "_dav1d_ipred_cfl_left_16bpc_ssse3", referenced from:
      _dav1d_intra_pred_dsp_init_16bpc in libdav1d.a[arm64][20](ipred_tmpl.c.o)
  "_dav1d_ipred_cfl_left_8bpc_avx2", referenced from:
      _dav1d_intra_pred_dsp_init_8bpc in libdav1d.a[arm64][7](ipred_tmpl.c.o)
  "_dav1d_ipred_cfl_left_8bpc_ssse3", referenced from:
      _dav1d_intra_pred_dsp_init_8bpc in libdav1d.a[arm64][7](ipred_tmpl.c.o)
  "_dav1d_ipred_cfl_top_16bpc_avx2", referenced from:
      _dav1d_intra_pred_dsp_init_16bpc in libdav1d.a[arm64][20](ipred_tmpl.c.o)
  CC       control/oldrc.lo
  "_dav1d_ipred_cfl_top_16bpc_ssse3", referenced from:
      _dav1d_intra_pred_dsp_init_16bpc in libdav1d.a[arm64][20](ipred_tmpl.c.o)
  "_dav1d_ipred_cfl_top_8bpc_avx2", referenced from:
      _dav1d_intra_pred_dsp_init_8bpc in libdav1d.a[arm64][7](ipred_tmpl.c.o)
  "_dav1d_ipred_cfl_top_8bpc_ssse3", referenced from:
      _dav1d_intra_pred_dsp_init_8bpc in libdav1d.a[arm64][7](ipred_tmpl.c.o)
  "_dav1d_ipred_dc_128_16bpc_avx2", referenced from:
      _dav1d_intra_pred_dsp_init_16bpc in libdav1d.a[arm64][20](ipred_tmpl.c.o)
  "_dav1d_ipred_dc_128_16bpc_ssse3", referenced from:
      _dav1d_intra_pred_dsp_init_16bpc in libdav1d.a[arm64][20](ipred_tmpl.c.o)
  "_dav1d_ipred_dc_128_8bpc_avx2", referenced from:
      _dav1d_intra_pred_dsp_init_8bpc in libdav1d.a[arm64][7](ipred_tmpl.c.o)
  "_dav1d_ipred_dc_128_8bpc_avx512icl", referenced from:
      _dav1d_intra_pred_dsp_init_8bpc in libdav1d.a[arm64][7](ipred_tmpl.c.o)
  "_dav1d_ipred_dc_128_8bpc_ssse3", referenced from:
      _dav1d_intra_pred_dsp_init_8bpc in libdav1d.a[arm64][7](ipred_tmpl.c.o)
  "_dav1d_ipred_dc_16bpc_avx2", referenced from:
      _dav1d_intra_pred_dsp_init_16bpc in libdav1d.a[arm64][20](ipred_tmpl.c.o)
  "_dav1d_ipred_dc_16bpc_ssse3", referenced from:
      _dav1d_intra_pred_dsp_init_16bpc in libdav1d.a[arm64][20](ipred_tmpl.c.o)
  "_dav1d_ipred_dc_8bpc_avx2", referenced from:
      _dav1d_intra_pred_dsp_init_8bpc in libdav1d.a[arm64][7](ipred_tmpl.c.o)
  "_dav1d_ipred_dc_8bpc_avx512icl", referenced from:
      _dav1d_intra_pred_dsp_init_8bpc in libdav1d.a[arm64][7](ipred_tmpl.c.o)
  "_dav1d_ipred_dc_8bpc_ssse3", referenced from:
      _dav1d_intra_pred_dsp_init_8bpc in libdav1d.a[arm64][7](ipred_tmpl.c.o)
  "_dav1d_ipred_dc_left_16bpc_avx2", referenced from:
      _dav1d_intra_pred_dsp_init_16bpc in libdav1d.a[arm64][20](ipred_tmpl.c.o)
  "_dav1d_ipred_dc_left_16bpc_ssse3", referenced from:
      _dav1d_intra_pred_dsp_init_16bpc in libdav1d.a[arm64][20](ipred_tmpl.c.o)
  "_dav1d_ipred_dc_left_8bpc_avx2", referenced from:
      _dav1d_intra_pred_dsp_init_8bpc in libdav1d.a[arm64][7](ipred_tmpl.c.o)
  "_dav1d_ipred_dc_left_8bpc_avx512icl", referenced from:
      _dav1d_intra_pred_dsp_init_8bpc in libdav1d.a[arm64][7](ipred_tmpl.c.o)
  "_dav1d_ipred_dc_left_8bpc_ssse3", referenced from:
      _dav1d_intra_pred_dsp_init_8bpc in libdav1d.a[arm64][7](ipred_tmpl.c.o)
  "_dav1d_ipred_dc_top_16bpc_avx2", referenced from:
      _dav1d_intra_pred_dsp_init_16bpc in libdav1d.a[arm64][20](ipred_tmpl.c.o)
  "_dav1d_ipred_dc_top_16bpc_ssse3", referenced from:
      _dav1d_intra_pred_dsp_init_16bpc in libdav1d.a[arm64][20](ipred_tmpl.c.o)
  "_dav1d_ipred_dc_top_8bpc_avx2", referenced from:
      _dav1d_intra_pred_dsp_init_8bpc in libdav1d.a[arm64][7](ipred_tmpl.c.o)
  "_dav1d_ipred_dc_top_8bpc_avx512icl", referenced from:
      _dav1d_intra_pred_dsp_init_8bpc in libdav1d.a[arm64][7](ipred_tmpl.c.o)
  "_dav1d_ipred_dc_top_8bpc_ssse3", referenced from:
      _dav1d_intra_pred_dsp_init_8bpc in libdav1d.a[arm64][7](ipred_tmpl.c.o)
  "_dav1d_ipred_filter_16bpc_avx2", referenced from:
      _dav1d_intra_pred_dsp_init_16bpc in libdav1d.a[arm64][20](ipred_tmpl.c.o)
  "_dav1d_ipred_filter_16bpc_avx512icl", referenced from:
      _dav1d_intra_pred_dsp_init_16bpc in libdav1d.a[arm64][20](ipred_tmpl.c.o)
  "_dav1d_ipred_filter_16bpc_ssse3", referenced from:
      _dav1d_intra_pred_dsp_init_16bpc in libdav1d.a[arm64][20](ipred_tmpl.c.o)
  "_dav1d_ipred_filter_8bpc_avx2", referenced from:
      _dav1d_intra_pred_dsp_init_8bpc in libdav1d.a[arm64][7](ipred_tmpl.c.o)
  "_dav1d_ipred_filter_8bpc_avx512icl", referenced from:
      _dav1d_intra_pred_dsp_init_8bpc in libdav1d.a[arm64][7](ipred_tmpl.c.o)
  "_dav1d_ipred_filter_8bpc_ssse3", referenced from:
      _dav1d_intra_pred_dsp_init_8bpc in libdav1d.a[arm64][7](ipred_tmpl.c.o)
  "_dav1d_ipred_h_16bpc_avx2", referenced from:
      _dav1d_intra_pred_dsp_init_16bpc in libdav1d.a[arm64][20](ipred_tmpl.c.o)
  "_dav1d_ipred_h_16bpc_ssse3", referenced from:
      _dav1d_intra_pred_dsp_init_16bpc in libdav1d.a[arm64][20](ipred_tmpl.c.o)
  "_dav1d_ipred_h_8bpc_avx2", referenced from:
      _dav1d_intra_pred_dsp_init_8bpc in libdav1d.a[arm64][7](ipred_tmpl.c.o)
  "_dav1d_ipred_h_8bpc_avx512icl", referenced from:
      _dav1d_intra_pred_dsp_init_8bpc in libdav1d.a[arm64][7](ipred_tmpl.c.o)
  "_dav1d_ipred_h_8bpc_ssse3", referenced from:
      _dav1d_intra_pred_dsp_init_8bpc in libdav1d.a[arm64][7](ipred_tmpl.c.o)
  "_dav1d_ipred_paeth_16bpc_avx2", referenced from:
      _dav1d_intra_pred_dsp_init_16bpc in libdav1d.a[arm64][20](ipred_tmpl.c.o)
  "_dav1d_ipred_paeth_16bpc_avx512icl", referenced from:
      _dav1d_intra_pred_dsp_init_16bpc in libdav1d.a[arm64][20](ipred_tmpl.c.o)
  "_dav1d_ipred_paeth_16bpc_ssse3", referenced from:
      _dav1d_intra_pred_dsp_init_16bpc in libdav1d.a[arm64][20](ipred_tmpl.c.o)
  "_dav1d_ipred_paeth_8bpc_avx2", referenced from:
      _dav1d_intra_pred_dsp_init_8bpc in libdav1d.a[arm64][7](ipred_tmpl.c.o)
  "_dav1d_ipred_paeth_8bpc_avx512icl", referenced from:
      _dav1d_intra_pred_dsp_init_8bpc in libdav1d.a[arm64][7](ipred_tmpl.c.o)
  "_dav1d_ipred_paeth_8bpc_ssse3", referenced from:
      _dav1d_intra_pred_dsp_init_8bpc in libdav1d.a[arm64][7](ipred_tmpl.c.o)
  "_dav1d_ipred_smooth_16bpc_avx2", referenced from:
      _dav1d_intra_pred_dsp_init_16bpc in libdav1d.a[arm64][20](ipred_tmpl.c.o)
  "_dav1d_ipred_smooth_16bpc_avx512icl", referenced from:
      _dav1d_intra_pred_dsp_init_16bpc in libdav1d.a[arm64][20](ipred_tmpl.c.o)
  "_dav1d_ipred_smooth_16bpc_ssse3", referenced from:
      _dav1d_intra_pred_dsp_init_16bpc in libdav1d.a[arm64][20](ipred_tmpl.c.o)
  "_dav1d_ipred_smooth_8bpc_avx2", referenced from:
      _dav1d_intra_pred_dsp_init_8bpc in libdav1d.a[arm64][7](ipred_tmpl.c.o)
  "_dav1d_ipred_smooth_8bpc_avx512icl", referenced from:
      _dav1d_intra_pred_dsp_init_8bpc in libdav1d.a[arm64][7](ipred_tmpl.c.o)
  "_dav1d_ipred_smooth_8bpc_ssse3", referenced from:
      _dav1d_intra_pred_dsp_init_8bpc in libdav1d.a[arm64][7](ipred_tmpl.c.o)
  "_dav1d_ipred_smooth_h_16bpc_avx2", referenced from:
      _dav1d_intra_pred_dsp_init_16bpc in libdav1d.a[arm64][20](ipred_tmpl.c.o)
  "_dav1d_ipred_smooth_h_16bpc_avx512icl", referenced from:
      _dav1d_intra_pred_dsp_init_16bpc in libdav1d.a[arm64][20](ipred_tmpl.c.o)
  "_dav1d_ipred_smooth_h_16bpc_ssse3", referenced from:
      _dav1d_intra_pred_dsp_init_16bpc in libdav1d.a[arm64][20](ipred_tmpl.c.o)
  "_dav1d_ipred_smooth_h_8bpc_avx2", referenced from:
      _dav1d_intra_pred_dsp_init_8bpc in libdav1d.a[arm64][7](ipred_tmpl.c.o)
  "_dav1d_ipred_smooth_h_8bpc_avx512icl", referenced from:
      _dav1d_intra_pred_dsp_init_8bpc in libdav1d.a[arm64][7](ipred_tmpl.c.o)
  "_dav1d_ipred_smooth_h_8bpc_ssse3", referenced from:
      _dav1d_intra_pred_dsp_init_8bpc in libdav1d.a[arm64][7](ipred_tmpl.c.o)
  "_dav1d_ipred_smooth_v_16bpc_avx2", referenced from:
      _dav1d_intra_pred_dsp_init_16bpc in libdav1d.a[arm64][20](ipred_tmpl.c.o)
  "_dav1d_ipred_smooth_v_16bpc_avx512icl", referenced from:
      _dav1d_intra_pred_dsp_init_16bpc in libdav1d.a[arm64][20](ipred_tmpl.c.o)
  "_dav1d_ipred_smooth_v_16bpc_ssse3", referenced from:
      _dav1d_intra_pred_dsp_init_16bpc in libdav1d.a[arm64][20](ipred_tmpl.c.o)
  "_dav1d_ipred_smooth_v_8bpc_avx2", referenced from:
      _dav1d_intra_pred_dsp_init_8bpc in libdav1d.a[arm64][7](ipred_tmpl.c.o)
  "_dav1d_ipred_smooth_v_8bpc_avx512icl", referenced from:
      _dav1d_intra_pred_dsp_init_8bpc in libdav1d.a[arm64][7](ipred_tmpl.c.o)
  "_dav1d_ipred_smooth_v_8bpc_ssse3", referenced from:
      _dav1d_intra_pred_dsp_init_8bpc in libdav1d.a[arm64][7](ipred_tmpl.c.o)
  "_dav1d_ipred_v_16bpc_avx2", referenced from:
      _dav1d_intra_pred_dsp_init_16bpc in libdav1d.a[arm64][20](ipred_tmpl.c.o)
  "_dav1d_ipred_v_16bpc_ssse3", referenced from:
      _dav1d_intra_pred_dsp_init_16bpc in libdav1d.a[arm64][20](ipred_tmpl.c.o)
  "_dav1d_ipred_v_8bpc_avx2", referenced from:
      _dav1d_intra_pred_dsp_init_8bpc in libdav1d.a[arm64][7](ipred_tmpl.c.o)
  "_dav1d_ipred_v_8bpc_avx512icl", referenced from:
      _dav1d_intra_pred_dsp_init_8bpc in libdav1d.a[arm64][7](ipred_tmpl.c.o)
  "_dav1d_ipred_v_8bpc_ssse3", referenced from:
      _dav1d_intra_pred_dsp_init_8bpc in libdav1d.a[arm64][7](ipred_tmpl.c.o)
  "_dav1d_ipred_z1_16bpc_avx2", referenced from:
      _dav1d_intra_pred_dsp_init_16bpc in libdav1d.a[arm64][20](ipred_tmpl.c.o)
  "_dav1d_ipred_z1_16bpc_avx512icl", referenced from:
      _dav1d_intra_pred_dsp_init_16bpc in libdav1d.a[arm64][20](ipred_tmpl.c.o)
  "_dav1d_ipred_z1_16bpc_ssse3", referenced from:
      _dav1d_intra_pred_dsp_init_16bpc in libdav1d.a[arm64][20](ipred_tmpl.c.o)
  "_dav1d_ipred_z1_8bpc_avx2", referenced from:
      _dav1d_intra_pred_dsp_init_8bpc in libdav1d.a[arm64][7](ipred_tmpl.c.o)
  "_dav1d_ipred_z1_8bpc_avx512icl", referenced from:
      _dav1d_intra_pred_dsp_init_8bpc in libdav1d.a[arm64][7](ipred_tmpl.c.o)
  "_dav1d_ipred_z1_8bpc_ssse3", referenced from:
      _dav1d_intra_pred_dsp_init_8bpc in libdav1d.a[arm64][7](ipred_tmpl.c.o)
  "_dav1d_ipred_z2_16bpc_avx2", referenced from:
      _dav1d_intra_pred_dsp_init_16bpc in libdav1d.a[arm64][20](ipred_tmpl.c.o)
  "_dav1d_ipred_z2_16bpc_avx512icl", referenced from:
      _dav1d_intra_pred_dsp_init_16bpc in libdav1d.a[arm64][20](ipred_tmpl.c.o)
  "_dav1d_ipred_z2_16bpc_ssse3", referenced from:
      _dav1d_intra_pred_dsp_init_16bpc in libdav1d.a[arm64][20](ipred_tmpl.c.o)
  "_dav1d_ipred_z2_8bpc_avx2", referenced from:
      _dav1d_intra_pred_dsp_init_8bpc in libdav1d.a[arm64][7](ipred_tmpl.c.o)
  "_dav1d_ipred_z2_8bpc_avx512icl", referenced from:
      _dav1d_intra_pred_dsp_init_8bpc in libdav1d.a[arm64][7](ipred_tmpl.c.o)
  "_dav1d_ipred_z2_8bpc_ssse3", referenced from:
      _dav1d_intra_pred_dsp_init_8bpc in libdav1d.a[arm64][7](ipred_tmpl.c.o)
  "_dav1d_ipred_z3_16bpc_avx2", referenced from:
      _dav1d_intra_pred_dsp_init_16bpc in libdav1d.a[arm64][20](ipred_tmpl.c.o)
  "_dav1d_ipred_z3_16bpc_avx512icl", referenced from:
      _dav1d_intra_pred_dsp_init_16bpc in libdav1d.a[arm64][20](ipred_tmpl.c.o)
  "_dav1d_ipred_z3_16bpc_ssse3", referenced from:
      _dav1d_intra_pred_dsp_init_16bpc in libdav1d.a[arm64][20](ipred_tmpl.c.o)
  "_dav1d_ipred_z3_8bpc_avx2", referenced from:
      _dav1d_intra_pred_dsp_init_8bpc in libdav1d.a[arm64][7](ipred_tmpl.c.o)
  "_dav1d_ipred_z3_8bpc_avx512icl", referenced from:
      _dav1d_intra_pred_dsp_init_8bpc in libdav1d.a[arm64][7](ipred_tmpl.c.o)
  "_dav1d_ipred_z3_8bpc_ssse3", referenced from:
      _dav1d_intra_pred_dsp_init_8bpc in libdav1d.a[arm64][7](ipred_tmpl.c.o)
  "_dav1d_load_tmvs_sse4", referenced from:
      _dav1d_refmvs_dsp_init in libdav1d.a[arm64][47](refmvs.c.o)
  "_dav1d_lpf_h_sb_uv_16bpc_avx2", referenced from:
      _dav1d_loop_filter_dsp_init_16bpc in libdav1d.a[arm64][23](loopfilter_tmpl.c.o)
  "_dav1d_lpf_h_sb_uv_16bpc_avx512icl", referenced from:
      _dav1d_loop_filter_dsp_init_16bpc in libdav1d.a[arm64][23](loopfilter_tmpl.c.o)
  "_dav1d_lpf_h_sb_uv_16bpc_ssse3", referenced from:
      _dav1d_loop_filter_dsp_init_16bpc in libdav1d.a[arm64][23](loopfilter_tmpl.c.o)
  "_dav1d_lpf_h_sb_uv_8bpc_avx2", referenced from:
      _dav1d_loop_filter_dsp_init_8bpc in libdav1d.a[arm64][10](loopfilter_tmpl.c.o)
  "_dav1d_lpf_h_sb_uv_8bpc_avx512icl", referenced from:
      _dav1d_loop_filter_dsp_init_8bpc in libdav1d.a[arm64][10](loopfilter_tmpl.c.o)
  "_dav1d_lpf_h_sb_uv_8bpc_ssse3", referenced from:
      _dav1d_loop_filter_dsp_init_8bpc in libdav1d.a[arm64][10](loopfilter_tmpl.c.o)
  "_dav1d_lpf_h_sb_y_16bpc_avx2", referenced from:
      _dav1d_loop_filter_dsp_init_16bpc in libdav1d.a[arm64][23](loopfilter_tmpl.c.o)
  "_dav1d_lpf_h_sb_y_16bpc_avx512icl", referenced from:
      _dav1d_loop_filter_dsp_init_16bpc in libdav1d.a[arm64][23](loopfilter_tmpl.c.o)
  "_dav1d_lpf_h_sb_y_16bpc_ssse3", referenced from:
      _dav1d_loop_filter_dsp_init_16bpc in libdav1d.a[arm64][23](loopfilter_tmpl.c.o)
  "_dav1d_lpf_h_sb_y_8bpc_avx2", referenced from:
      _dav1d_loop_filter_dsp_init_8bpc in libdav1d.a[arm64][10](loopfilter_tmpl.c.o)
  "_dav1d_lpf_h_sb_y_8bpc_avx512icl", referenced from:
      _dav1d_loop_filter_dsp_init_8bpc in libdav1d.a[arm64][10](loopfilter_tmpl.c.o)
  "_dav1d_lpf_h_sb_y_8bpc_ssse3", referenced from:
      _dav1d_loop_filter_dsp_init_8bpc in libdav1d.a[arm64][10](loopfilter_tmpl.c.o)
  "_dav1d_lpf_v_sb_uv_16bpc_avx2", referenced from:
      _dav1d_loop_filter_dsp_init_16bpc in libdav1d.a[arm64][23](loopfilter_tmpl.c.o)
  "_dav1d_lpf_v_sb_uv_16bpc_avx512icl", referenced from:
      _dav1d_loop_filter_dsp_init_16bpc in libdav1d.a[arm64][23](loopfilter_tmpl.c.o)
  "_dav1d_lpf_v_sb_uv_16bpc_ssse3", referenced from:
      _dav1d_loop_filter_dsp_init_16bpc in libdav1d.a[arm64][23](loopfilter_tmpl.c.o)
  "_dav1d_lpf_v_sb_uv_8bpc_avx2", referenced from:
      _dav1d_loop_filter_dsp_init_8bpc in libdav1d.a[arm64][10](loopfilter_tmpl.c.o)
  "_dav1d_lpf_v_sb_uv_8bpc_avx512icl", referenced from:
      _dav1d_loop_filter_dsp_init_8bpc in libdav1d.a[arm64][10](loopfilter_tmpl.c.o)
  "_dav1d_lpf_v_sb_uv_8bpc_ssse3", referenced from:
      _dav1d_loop_filter_dsp_init_8bpc in libdav1d.a[arm64][10](loopfilter_tmpl.c.o)
  "_dav1d_lpf_v_sb_y_16bpc_avx2", referenced from:
      _dav1d_loop_filter_dsp_init_16bpc in libdav1d.a[arm64][23](loopfilter_tmpl.c.o)
  "_dav1d_lpf_v_sb_y_16bpc_avx512icl", referenced from:
      _dav1d_loop_filter_dsp_init_16bpc in libdav1d.a[arm64][23](loopfilter_tmpl.c.o)
  "_dav1d_lpf_v_sb_y_16bpc_ssse3", referenced from:
      _dav1d_loop_filter_dsp_init_16bpc in libdav1d.a[arm64][23](loopfilter_tmpl.c.o)
  "_dav1d_lpf_v_sb_y_8bpc_avx2", referenced from:
      _dav1d_loop_filter_dsp_init_8bpc in libdav1d.a[arm64][10](loopfilter_tmpl.c.o)
  "_dav1d_lpf_v_sb_y_8bpc_avx512icl", referenced from:
      _dav1d_loop_filter_dsp_init_8bpc in libdav1d.a[arm64][10](loopfilter_tmpl.c.o)
  "_dav1d_lpf_v_sb_y_8bpc_ssse3", referenced from:
      _dav1d_loop_filter_dsp_init_8bpc in libdav1d.a[arm64][10](loopfilter_tmpl.c.o)
  "_dav1d_mask_16bpc_avx2", referenced from:
      _dav1d_mc_dsp_init_16bpc in libdav1d.a[arm64][26](mc_tmpl.c.o)
  "_dav1d_mask_16bpc_avx512icl", referenced from:
      _dav1d_mc_dsp_init_16bpc in libdav1d.a[arm64][26](mc_tmpl.c.o)
  "_dav1d_mask_16bpc_ssse3", referenced from:
      _dav1d_mc_dsp_init_16bpc in libdav1d.a[arm64][26](mc_tmpl.c.o)
  "_dav1d_mask_8bpc_avx2", referenced from:
      _dav1d_mc_dsp_init_8bpc in libdav1d.a[arm64][13](mc_tmpl.c.o)
  "_dav1d_mask_8bpc_avx512icl", referenced from:
      _dav1d_mc_dsp_init_8bpc in libdav1d.a[arm64][13](mc_tmpl.c.o)
  "_dav1d_mask_8bpc_ssse3", referenced from:
      _dav1d_mc_dsp_init_8bpc in libdav1d.a[arm64][13](mc_tmpl.c.o)
  "_dav1d_msac_decode_bool_adapt_sse2", referenced from:
      _decode_coefs in libdav1d.a[arm64][14](recon_tmpl.c.o)
      _decode_coefs in libdav1d.a[arm64][14](recon_tmpl.c.o)
      _decode_coefs in libdav1d.a[arm64][14](recon_tmpl.c.o)
      _decode_coefs in libdav1d.a[arm64][14](recon_tmpl.c.o)
      _decode_coefs in libdav1d.a[arm64][27](recon_tmpl.c.o)
      _decode_coefs in libdav1d.a[arm64][27](recon_tmpl.c.o)
      _decode_coefs in libdav1d.a[arm64][27](recon_tmpl.c.o)
      _decode_coefs in libdav1d.a[arm64][27](recon_tmpl.c.o)
      ...
  "_dav1d_msac_decode_bool_equi_sse2", referenced from:
      _decode_coefs in libdav1d.a[arm64][14](recon_tmpl.c.o)
      _decode_coefs in libdav1d.a[arm64][14](recon_tmpl.c.o)
      _decode_coefs in libdav1d.a[arm64][14](recon_tmpl.c.o)
      _decode_coefs in libdav1d.a[arm64][14](recon_tmpl.c.o)
      _decode_coefs in libdav1d.a[arm64][14](recon_tmpl.c.o)
      _decode_coefs in libdav1d.a[arm64][14](recon_tmpl.c.o)
      _decode_coefs in libdav1d.a[arm64][14](recon_tmpl.c.o)
      _decode_coefs in libdav1d.a[arm64][14](recon_tmpl.c.o)
      _decode_coefs in libdav1d.a[arm64][14](recon_tmpl.c.o)
      _decode_coefs in libdav1d.a[arm64][14](recon_tmpl.c.o)
      _decode_coefs in libdav1d.a[arm64][14](recon_tmpl.c.o)
      ...
  "_dav1d_msac_decode_bool_sse2", referenced from:
      _decode_sb in libdav1d.a[arm64][32](decode.c.o)
      _decode_sb in libdav1d.a[arm64][32](decode.c.o)
      _dav1d_msac_decode_bool_adapt_c in libdav1d.a[arm64][41](msac.c.o)
  "_dav1d_msac_decode_hi_tok_sse2", referenced from:
      _decode_coefs in libdav1d.a[arm64][14](recon_tmpl.c.o)
      _decode_coefs in libdav1d.a[arm64][14](recon_tmpl.c.o)
      _decode_coefs in libdav1d.a[arm64][14](recon_tmpl.c.o)
      _decode_coefs in libdav1d.a[arm64][14](recon_tmpl.c.o)
      _decode_coefs in libdav1d.a[arm64][14](recon_tmpl.c.o)
      _decode_coefs in libdav1d.a[arm64][14](recon_tmpl.c.o)
      _decode_coefs in libdav1d.a[arm64][14](recon_tmpl.c.o)
      ...
  "_dav1d_msac_decode_symbol_adapt16_avx2", referenced from:
      _dav1d_msac_init in libdav1d.a[arm64][41](msac.c.o)
  "_dav1d_msac_decode_symbol_adapt16_sse2", referenced from:
      _dav1d_msac_init in libdav1d.a[arm64][41](msac.c.o)
  "_dav1d_msac_decode_symbol_adapt4_sse2", referenced from:
      _decode_coefs in libdav1d.a[arm64][14](recon_tmpl.c.o)
      _decode_coefs in libdav1d.a[arm64][14](recon_tmpl.c.o)
      _decode_coefs in libdav1d.a[arm64][14](recon_tmpl.c.o)
      _decode_coefs in libdav1d.a[arm64][14](recon_tmpl.c.o)
      _decode_coefs in libdav1d.a[arm64][14](recon_tmpl.c.o)
      _decode_coefs in libdav1d.a[arm64][14](recon_tmpl.c.o)
      _decode_coefs in libdav1d.a[arm64][14](recon_tmpl.c.o)
      ...
  "_dav1d_msac_decode_symbol_adapt8_sse2", referenced from:
      _decode_coefs in libdav1d.a[arm64][14](recon_tmpl.c.o)
      _decode_coefs in libdav1d.a[arm64][14](recon_tmpl.c.o)
      _decode_coefs in libdav1d.a[arm64][14](recon_tmpl.c.o)
      _decode_coefs in libdav1d.a[arm64][14](recon_tmpl.c.o)
      _decode_coefs in libdav1d.a[arm64][14](recon_tmpl.c.o)
      _decode_coefs in libdav1d.a[arm64][14](recon_tmpl.c.o)
      _dav1d_read_pal_plane_8bpc in libdav1d.a[arm64][14](recon_tmpl.c.o)
      ...
  "_dav1d_pal_idx_finish_avx2", referenced from:
      _dav1d_pal_dsp_init in libdav1d.a[arm64][43](pal.c.o)
  "_dav1d_pal_idx_finish_avx512icl", referenced from:
      _dav1d_pal_dsp_init in libdav1d.a[arm64][43](pal.c.o)
  "_dav1d_pal_idx_finish_ssse3", referenced from:
      _dav1d_pal_dsp_init in libdav1d.a[arm64][43](pal.c.o)
  "_dav1d_pal_pred_16bpc_avx2", referenced from:
      _dav1d_intra_pred_dsp_init_16bpc in libdav1d.a[arm64][20](ipred_tmpl.c.o)
  "_dav1d_pal_pred_16bpc_avx512icl", referenced from:
      _dav1d_intra_pred_dsp_init_16bpc in libdav1d.a[arm64][20](ipred_tmpl.c.o)
  "_dav1d_pal_pred_16bpc_ssse3", referenced from:
      _dav1d_intra_pred_dsp_init_16bpc in libdav1d.a[arm64][20](ipred_tmpl.c.o)
  "_dav1d_pal_pred_8bpc_avx2", referenced from:
      _dav1d_intra_pred_dsp_init_8bpc in libdav1d.a[arm64][7](ipred_tmpl.c.o)
  "_dav1d_pal_pred_8bpc_avx512icl", referenced from:
      _dav1d_intra_pred_dsp_init_8bpc in libdav1d.a[arm64][7](ipred_tmpl.c.o)
  "_dav1d_pal_pred_8bpc_ssse3", referenced from:
      _dav1d_intra_pred_dsp_init_8bpc in libdav1d.a[arm64][7](ipred_tmpl.c.o)
  "_dav1d_prep_8tap_regular_16bpc_avx2", referenced from:
      _dav1d_mc_dsp_init_16bpc in libdav1d.a[arm64][26](mc_tmpl.c.o)
  "_dav1d_prep_8tap_regular_16bpc_avx512icl", referenced from:
      _dav1d_mc_dsp_init_16bpc in libdav1d.a[arm64][26](mc_tmpl.c.o)
  "_dav1d_prep_8tap_regular_16bpc_ssse3", referenced from:
      _dav1d_mc_dsp_init_16bpc in libdav1d.a[arm64][26](mc_tmpl.c.o)
  "_dav1d_prep_8tap_regular_8bpc_avx2", referenced from:
      _dav1d_mc_dsp_init_8bpc in libdav1d.a[arm64][13](mc_tmpl.c.o)
  "_dav1d_prep_8tap_regular_8bpc_avx512icl", referenced from:
      _dav1d_mc_dsp_init_8bpc in libdav1d.a[arm64][13](mc_tmpl.c.o)
  "_dav1d_prep_8tap_regular_8bpc_ssse3", referenced from:
      _dav1d_mc_dsp_init_8bpc in libdav1d.a[arm64][13](mc_tmpl.c.o)
  "_dav1d_prep_8tap_regular_sharp_16bpc_avx2", referenced from:
      _dav1d_mc_dsp_init_16bpc in libdav1d.a[arm64][26](mc_tmpl.c.o)
  "_dav1d_prep_8tap_regular_sharp_16bpc_avx512icl", referenced from:
      _dav1d_mc_dsp_init_16bpc in libdav1d.a[arm64][26](mc_tmpl.c.o)
  "_dav1d_prep_8tap_regular_sharp_16bpc_ssse3", referenced from:
      _dav1d_mc_dsp_init_16bpc in libdav1d.a[arm64][26](mc_tmpl.c.o)
  "_dav1d_prep_8tap_regular_sharp_8bpc_avx2", referenced from:
      _dav1d_mc_dsp_init_8bpc in libdav1d.a[arm64][13](mc_tmpl.c.o)
  "_dav1d_prep_8tap_regular_sharp_8bpc_avx512icl", referenced from:
      _dav1d_mc_dsp_init_8bpc in libdav1d.a[arm64][13](mc_tmpl.c.o)
  "_dav1d_prep_8tap_regular_sharp_8bpc_ssse3", referenced from:
      _dav1d_mc_dsp_init_8bpc in libdav1d.a[arm64][13](mc_tmpl.c.o)
  "_dav1d_prep_8tap_regular_smooth_16bpc_avx2", referenced from:
      _dav1d_mc_dsp_init_16bpc in libdav1d.a[arm64][26](mc_tmpl.c.o)
  "_dav1d_prep_8tap_regular_smooth_16bpc_avx512icl", referenced from:
      _dav1d_mc_dsp_init_16bpc in libdav1d.a[arm64][26](mc_tmpl.c.o)
  "_dav1d_prep_8tap_regular_smooth_16bpc_ssse3", referenced from:
      _dav1d_mc_dsp_init_16bpc in libdav1d.a[arm64][26](mc_tmpl.c.o)
  "_dav1d_prep_8tap_regular_smooth_8bpc_avx2", referenced from:
      _dav1d_mc_dsp_init_8bpc in libdav1d.a[arm64][13](mc_tmpl.c.o)
  "_dav1d_prep_8tap_regular_smooth_8bpc_avx512icl", referenced from:
      _dav1d_mc_dsp_init_8bpc in libdav1d.a[arm64][13](mc_tmpl.c.o)
  "_dav1d_prep_8tap_regular_smooth_8bpc_ssse3", referenced from:
      _dav1d_mc_dsp_init_8bpc in libdav1d.a[arm64][13](mc_tmpl.c.o)
  "_dav1d_prep_8tap_scaled_regular_16bpc_avx2", referenced from:
      _dav1d_mc_dsp_init_16bpc in libdav1d.a[arm64][26](mc_tmpl.c.o)
  "_dav1d_prep_8tap_scaled_regular_16bpc_ssse3", referenced from:
      _dav1d_mc_dsp_init_16bpc in libdav1d.a[arm64][26](mc_tmpl.c.o)
  "_dav1d_prep_8tap_scaled_regular_8bpc_avx2", referenced from:
      _dav1d_mc_dsp_init_8bpc in libdav1d.a[arm64][13](mc_tmpl.c.o)
  "_dav1d_prep_8tap_scaled_regular_8bpc_ssse3", referenced from:
      _dav1d_mc_dsp_init_8bpc in libdav1d.a[arm64][13](mc_tmpl.c.o)
  "_dav1d_prep_8tap_scaled_regular_sharp_16bpc_avx2", referenced from:
      _dav1d_mc_dsp_init_16bpc in libdav1d.a[arm64][26](mc_tmpl.c.o)
  "_dav1d_prep_8tap_scaled_regular_sharp_16bpc_ssse3", referenced from:
      _dav1d_mc_dsp_init_16bpc in libdav1d.a[arm64][26](mc_tmpl.c.o)
  "_dav1d_prep_8tap_scaled_regular_sharp_8bpc_avx2", referenced from:
      _dav1d_mc_dsp_init_8bpc in libdav1d.a[arm64][13](mc_tmpl.c.o)
  "_dav1d_prep_8tap_scaled_regular_sharp_8bpc_ssse3", referenced from:
      _dav1d_mc_dsp_init_8bpc in libdav1d.a[arm64][13](mc_tmpl.c.o)
  "_dav1d_prep_8tap_scaled_regular_smooth_16bpc_avx2", referenced from:
      _dav1d_mc_dsp_init_16bpc in libdav1d.a[arm64][26](mc_tmpl.c.o)
  "_dav1d_prep_8tap_scaled_regular_smooth_16bpc_ssse3", referenced from:
      _dav1d_mc_dsp_init_16bpc in libdav1d.a[arm64][26](mc_tmpl.c.o)
  "_dav1d_prep_8tap_scaled_regular_smooth_8bpc_avx2", referenced from:
      _dav1d_mc_dsp_init_8bpc in libdav1d.a[arm64][13](mc_tmpl.c.o)
  "_dav1d_prep_8tap_scaled_regular_smooth_8bpc_ssse3", referenced from:
      _dav1d_mc_dsp_init_8bpc in libdav1d.a[arm64][13](mc_tmpl.c.o)
  "_dav1d_prep_8tap_scaled_sharp_16bpc_avx2", referenced from:
      _dav1d_mc_dsp_init_16bpc in libdav1d.a[arm64][26](mc_tmpl.c.o)
  "_dav1d_prep_8tap_scaled_sharp_16bpc_ssse3", referenced from:
      _dav1d_mc_dsp_init_16bpc in libdav1d.a[arm64][26](mc_tmpl.c.o)
  "_dav1d_prep_8tap_scaled_sharp_8bpc_avx2", referenced from:
      _dav1d_mc_dsp_init_8bpc in libdav1d.a[arm64][13](mc_tmpl.c.o)
  "_dav1d_prep_8tap_scaled_sharp_8bpc_ssse3", referenced from:
      _dav1d_mc_dsp_init_8bpc in libdav1d.a[arm64][13](mc_tmpl.c.o)
  "_dav1d_prep_8tap_scaled_sharp_regular_16bpc_avx2", referenced from:
      _dav1d_mc_dsp_init_16bpc in libdav1d.a[arm64][26](mc_tmpl.c.o)
  "_dav1d_prep_8tap_scaled_sharp_regular_16bpc_ssse3", referenced from:
      _dav1d_mc_dsp_init_16bpc in libdav1d.a[arm64][26](mc_tmpl.c.o)
  "_dav1d_prep_8tap_scaled_sharp_regular_8bpc_avx2", referenced from:
      _dav1d_mc_dsp_init_8bpc in libdav1d.a[arm64][13](mc_tmpl.c.o)
  "_dav1d_prep_8tap_scaled_sharp_regular_8bpc_ssse3", referenced from:
      _dav1d_mc_dsp_init_8bpc in libdav1d.a[arm64][13](mc_tmpl.c.o)
  "_dav1d_prep_8tap_scaled_sharp_smooth_16bpc_avx2", referenced from:
      _dav1d_mc_dsp_init_16bpc in libdav1d.a[arm64][26](mc_tmpl.c.o)
  "_dav1d_prep_8tap_scaled_sharp_smooth_16bpc_ssse3", referenced from:
      _dav1d_mc_dsp_init_16bpc in libdav1d.a[arm64][26](mc_tmpl.c.o)
  "_dav1d_prep_8tap_scaled_sharp_smooth_8bpc_avx2", referenced from:
      _dav1d_mc_dsp_init_8bpc in libdav1d.a[arm64][13](mc_tmpl.c.o)
  "_dav1d_prep_8tap_scaled_sharp_smooth_8bpc_ssse3", referenced from:
      _dav1d_mc_dsp_init_8bpc in libdav1d.a[arm64][13](mc_tmpl.c.o)
  "_dav1d_prep_8tap_scaled_smooth_16bpc_avx2", referenced from:
      _dav1d_mc_dsp_init_16bpc in libdav1d.a[arm64][26](mc_tmpl.c.o)
  "_dav1d_prep_8tap_scaled_smooth_16bpc_ssse3", referenced from:
      _dav1d_mc_dsp_init_16bpc in libdav1d.a[arm64][26](mc_tmpl.c.o)
  "_dav1d_prep_8tap_scaled_smooth_8bpc_avx2", referenced from:
      _dav1d_mc_dsp_init_8bpc in libdav1d.a[arm64][13](mc_tmpl.c.o)
  "_dav1d_prep_8tap_scaled_smooth_8bpc_ssse3", referenced from:
      _dav1d_mc_dsp_init_8bpc in libdav1d.a[arm64][13](mc_tmpl.c.o)
  "_dav1d_prep_8tap_scaled_smooth_regular_16bpc_avx2", referenced from:
      _dav1d_mc_dsp_init_16bpc in libdav1d.a[arm64][26](mc_tmpl.c.o)
  "_dav1d_prep_8tap_scaled_smooth_regular_16bpc_ssse3", referenced from:
      _dav1d_mc_dsp_init_16bpc in libdav1d.a[arm64][26](mc_tmpl.c.o)
  "_dav1d_prep_8tap_scaled_smooth_regular_8bpc_avx2", referenced from:
      _dav1d_mc_dsp_init_8bpc in libdav1d.a[arm64][13](mc_tmpl.c.o)
  "_dav1d_prep_8tap_scaled_smooth_regular_8bpc_ssse3", referenced from:
      _dav1d_mc_dsp_init_8bpc in libdav1d.a[arm64][13](mc_tmpl.c.o)
  "_dav1d_prep_8tap_scaled_smooth_sharp_16bpc_avx2", referenced from:
      _dav1d_mc_dsp_init_16bpc in libdav1d.a[arm64][26](mc_tmpl.c.o)
  "_dav1d_prep_8tap_scaled_smooth_sharp_16bpc_ssse3", referenced from:
      _dav1d_mc_dsp_init_16bpc in libdav1d.a[arm64][26](mc_tmpl.c.o)
  "_dav1d_prep_8tap_scaled_smooth_sharp_8bpc_avx2", referenced from:
      _dav1d_mc_dsp_init_8bpc in libdav1d.a[arm64][13](mc_tmpl.c.o)
  "_dav1d_prep_8tap_scaled_smooth_sharp_8bpc_ssse3", referenced from:
      _dav1d_mc_dsp_init_8bpc in libdav1d.a[arm64][13](mc_tmpl.c.o)
  "_dav1d_prep_8tap_sharp_16bpc_avx2", referenced from:
      _dav1d_mc_dsp_init_16bpc in libdav1d.a[arm64][26](mc_tmpl.c.o)
  "_dav1d_prep_8tap_sharp_16bpc_avx512icl", referenced from:
      _dav1d_mc_dsp_init_16bpc in libdav1d.a[arm64][26](mc_tmpl.c.o)
  "_dav1d_prep_8tap_sharp_16bpc_ssse3", referenced from:
      _dav1d_mc_dsp_init_16bpc in libdav1d.a[arm64][26](mc_tmpl.c.o)
  "_dav1d_prep_8tap_sharp_8bpc_avx2", referenced from:
      _dav1d_mc_dsp_init_8bpc in libdav1d.a[arm64][13](mc_tmpl.c.o)
  "_dav1d_prep_8tap_sharp_8bpc_avx512icl", referenced from:
      _dav1d_mc_dsp_init_8bpc in libdav1d.a[arm64][13](mc_tmpl.c.o)
  "_dav1d_prep_8tap_sharp_8bpc_ssse3", referenced from:
      _dav1d_mc_dsp_init_8bpc in libdav1d.a[arm64][13](mc_tmpl.c.o)
  "_dav1d_prep_8tap_sharp_regular_16bpc_avx2", referenced from:
      _dav1d_mc_dsp_init_16bpc in libdav1d.a[arm64][26](mc_tmpl.c.o)
  "_dav1d_prep_8tap_sharp_regular_16bpc_avx512icl", referenced from:
      _dav1d_mc_dsp_init_16bpc in libdav1d.a[arm64][26](mc_tmpl.c.o)
  "_dav1d_prep_8tap_sharp_regular_16bpc_ssse3", referenced from:
      _dav1d_mc_dsp_init_16bpc in libdav1d.a[arm64][26](mc_tmpl.c.o)
  "_dav1d_prep_8tap_sharp_regular_8bpc_avx2", referenced from:
      _dav1d_mc_dsp_init_8bpc in libdav1d.a[arm64][13](mc_tmpl.c.o)
  "_dav1d_prep_8tap_sharp_regular_8bpc_avx512icl", referenced from:
      _dav1d_mc_dsp_init_8bpc in libdav1d.a[arm64][13](mc_tmpl.c.o)
  "_dav1d_prep_8tap_sharp_regular_8bpc_ssse3", referenced from:
      _dav1d_mc_dsp_init_8bpc in libdav1d.a[arm64][13](mc_tmpl.c.o)
  "_dav1d_prep_8tap_sharp_smooth_16bpc_avx2", referenced from:
      _dav1d_mc_dsp_init_16bpc in libdav1d.a[arm64][26](mc_tmpl.c.o)
  "_dav1d_prep_8tap_sharp_smooth_16bpc_avx512icl", referenced from:
      _dav1d_mc_dsp_init_16bpc in libdav1d.a[arm64][26](mc_tmpl.c.o)
  "_dav1d_prep_8tap_sharp_smooth_16bpc_ssse3", referenced from:
      _dav1d_mc_dsp_init_16bpc in libdav1d.a[arm64][26](mc_tmpl.c.o)
  "_dav1d_prep_8tap_sharp_smooth_8bpc_avx2", referenced from:
      _dav1d_mc_dsp_init_8bpc in libdav1d.a[arm64][13](mc_tmpl.c.o)
  "_dav1d_prep_8tap_sharp_smooth_8bpc_avx512icl", referenced from:
      _dav1d_mc_dsp_init_8bpc in libdav1d.a[arm64][13](mc_tmpl.c.o)
  "_dav1d_prep_8tap_sharp_smooth_8bpc_ssse3", referenced from:
      _dav1d_mc_dsp_init_8bpc in libdav1d.a[arm64][13](mc_tmpl.c.o)
  "_dav1d_prep_8tap_smooth_16bpc_avx2", referenced from:
      _dav1d_mc_dsp_init_16bpc in libdav1d.a[arm64][26](mc_tmpl.c.o)
  "_dav1d_prep_8tap_smooth_16bpc_avx512icl", referenced from:
      _dav1d_mc_dsp_init_16bpc in libdav1d.a[arm64][26](mc_tmpl.c.o)
  "_dav1d_prep_8tap_smooth_16bpc_ssse3", referenced from:
      _dav1d_mc_dsp_init_16bpc in libdav1d.a[arm64][26](mc_tmpl.c.o)
  "_dav1d_prep_8tap_smooth_8bpc_avx2", referenced from:
      _dav1d_mc_dsp_init_8bpc in libdav1d.a[arm64][13](mc_tmpl.c.o)
  "_dav1d_prep_8tap_smooth_8bpc_avx512icl", referenced from:
      _dav1d_mc_dsp_init_8bpc in libdav1d.a[arm64][13](mc_tmpl.c.o)
  "_dav1d_prep_8tap_smooth_8bpc_ssse3", referenced from:
      _dav1d_mc_dsp_init_8bpc in libdav1d.a[arm64][13](mc_tmpl.c.o)
  "_dav1d_prep_8tap_smooth_regular_16bpc_avx2", referenced from:
      _dav1d_mc_dsp_init_16bpc in libdav1d.a[arm64][26](mc_tmpl.c.o)
  "_dav1d_prep_8tap_smooth_regular_16bpc_avx512icl", referenced from:
      _dav1d_mc_dsp_init_16bpc in libdav1d.a[arm64][26](mc_tmpl.c.o)
  "_dav1d_prep_8tap_smooth_regular_16bpc_ssse3", referenced from:
      _dav1d_mc_dsp_init_16bpc in libdav1d.a[arm64][26](mc_tmpl.c.o)
  "_dav1d_prep_8tap_smooth_regular_8bpc_avx2", referenced from:
      _dav1d_mc_dsp_init_8bpc in libdav1d.a[arm64][13](mc_tmpl.c.o)
  "_dav1d_prep_8tap_smooth_regular_8bpc_avx512icl", referenced from:
      _dav1d_mc_dsp_init_8bpc in libdav1d.a[arm64][13](mc_tmpl.c.o)
  "_dav1d_prep_8tap_smooth_regular_8bpc_ssse3", referenced from:
      _dav1d_mc_dsp_init_8bpc in libdav1d.a[arm64][13](mc_tmpl.c.o)
  "_dav1d_prep_8tap_smooth_sharp_16bpc_avx2", referenced from:
      _dav1d_mc_dsp_init_16bpc in libdav1d.a[arm64][26](mc_tmpl.c.o)
  "_dav1d_prep_8tap_smooth_sharp_16bpc_avx512icl", referenced from:
      _dav1d_mc_dsp_init_16bpc in libdav1d.a[arm64][26](mc_tmpl.c.o)
  "_dav1d_prep_8tap_smooth_sharp_16bpc_ssse3", referenced from:
      _dav1d_mc_dsp_init_16bpc in libdav1d.a[arm64][26](mc_tmpl.c.o)
  "_dav1d_prep_8tap_smooth_sharp_8bpc_avx2", referenced from:
      _dav1d_mc_dsp_init_8bpc in libdav1d.a[arm64][13](mc_tmpl.c.o)
  "_dav1d_prep_8tap_smooth_sharp_8bpc_avx512icl", referenced from:
      _dav1d_mc_dsp_init_8bpc in libdav1d.a[arm64][13](mc_tmpl.c.o)
  "_dav1d_prep_8tap_smooth_sharp_8bpc_ssse3", referenced from:
      _dav1d_mc_dsp_init_8bpc in libdav1d.a[arm64][13](mc_tmpl.c.o)
  "_dav1d_prep_bilin_16bpc_avx2", referenced from:
      _dav1d_mc_dsp_init_16bpc in libdav1d.a[arm64][26](mc_tmpl.c.o)
  "_dav1d_prep_bilin_16bpc_avx512icl", referenced from:
      _dav1d_mc_dsp_init_16bpc in libdav1d.a[arm64][26](mc_tmpl.c.o)
  "_dav1d_prep_bilin_16bpc_ssse3", referenced from:
      _dav1d_mc_dsp_init_16bpc in libdav1d.a[arm64][26](mc_tmpl.c.o)
  "_dav1d_prep_bilin_8bpc_avx2", referenced from:
      _dav1d_mc_dsp_init_8bpc in libdav1d.a[arm64][13](mc_tmpl.c.o)
  "_dav1d_prep_bilin_8bpc_avx512icl", referenced from:
      _dav1d_mc_dsp_init_8bpc in libdav1d.a[arm64][13](mc_tmpl.c.o)
  "_dav1d_prep_bilin_8bpc_ssse3", referenced from:
      _dav1d_mc_dsp_init_8bpc in libdav1d.a[arm64][13](mc_tmpl.c.o)
  "_dav1d_prep_bilin_scaled_16bpc_avx2", referenced from:
      _dav1d_mc_dsp_init_16bpc in libdav1d.a[arm64][26](mc_tmpl.c.o)
  "_dav1d_prep_bilin_scaled_16bpc_ssse3", referenced from:
      _dav1d_mc_dsp_init_16bpc in libdav1d.a[arm64][26](mc_tmpl.c.o)
  "_dav1d_prep_bilin_scaled_8bpc_avx2", referenced from:
      _dav1d_mc_dsp_init_8bpc in libdav1d.a[arm64][13](mc_tmpl.c.o)
  "_dav1d_prep_bilin_scaled_8bpc_ssse3", referenced from:
      _dav1d_mc_dsp_init_8bpc in libdav1d.a[arm64][13](mc_tmpl.c.o)
  "_dav1d_put_8tap_regular_16bpc_avx2", referenced from:
      _dav1d_mc_dsp_init_16bpc in libdav1d.a[arm64][26](mc_tmpl.c.o)
  "_dav1d_put_8tap_regular_16bpc_avx512icl", referenced from:
      _dav1d_mc_dsp_init_16bpc in libdav1d.a[arm64][26](mc_tmpl.c.o)
  "_dav1d_put_8tap_regular_16bpc_ssse3", referenced from:
      _dav1d_mc_dsp_init_16bpc in libdav1d.a[arm64][26](mc_tmpl.c.o)
  "_dav1d_put_8tap_regular_8bpc_avx2", referenced from:
      _dav1d_mc_dsp_init_8bpc in libdav1d.a[arm64][13](mc_tmpl.c.o)
  "_dav1d_put_8tap_regular_8bpc_avx512icl", referenced from:
      _dav1d_mc_dsp_init_8bpc in libdav1d.a[arm64][13](mc_tmpl.c.o)
  "_dav1d_put_8tap_regular_8bpc_ssse3", referenced from:
      _dav1d_mc_dsp_init_8bpc in libdav1d.a[arm64][13](mc_tmpl.c.o)
  "_dav1d_put_8tap_regular_sharp_16bpc_avx2", referenced from:
      _dav1d_mc_dsp_init_16bpc in libdav1d.a[arm64][26](mc_tmpl.c.o)
  "_dav1d_put_8tap_regular_sharp_16bpc_avx512icl", referenced from:
      _dav1d_mc_dsp_init_16bpc in libdav1d.a[arm64][26](mc_tmpl.c.o)
  "_dav1d_put_8tap_regular_sharp_16bpc_ssse3", referenced from:
      _dav1d_mc_dsp_init_16bpc in libdav1d.a[arm64][26](mc_tmpl.c.o)
  "_dav1d_put_8tap_regular_sharp_8bpc_avx2", referenced from:
      _dav1d_mc_dsp_init_8bpc in libdav1d.a[arm64][13](mc_tmpl.c.o)
  "_dav1d_put_8tap_regular_sharp_8bpc_avx512icl", referenced from:
      _dav1d_mc_dsp_init_8bpc in libdav1d.a[arm64][13](mc_tmpl.c.o)
  "_dav1d_put_8tap_regular_sharp_8bpc_ssse3", referenced from:
      _dav1d_mc_dsp_init_8bpc in libdav1d.a[arm64][13](mc_tmpl.c.o)
  "_dav1d_put_8tap_regular_smooth_16bpc_avx2", referenced from:
      _dav1d_mc_dsp_init_16bpc in libdav1d.a[arm64][26](mc_tmpl.c.o)
  "_dav1d_put_8tap_regular_smooth_16bpc_avx512icl", referenced from:
      _dav1d_mc_dsp_init_16bpc in libdav1d.a[arm64][26](mc_tmpl.c.o)
  "_dav1d_put_8tap_regular_smooth_16bpc_ssse3", referenced from:
      _dav1d_mc_dsp_init_16bpc in libdav1d.a[arm64][26](mc_tmpl.c.o)
  "_dav1d_put_8tap_regular_smooth_8bpc_avx2", referenced from:
      _dav1d_mc_dsp_init_8bpc in libdav1d.a[arm64][13](mc_tmpl.c.o)
  "_dav1d_put_8tap_regular_smooth_8bpc_avx512icl", referenced from:
      _dav1d_mc_dsp_init_8bpc in libdav1d.a[arm64][13](mc_tmpl.c.o)
  "_dav1d_put_8tap_regular_smooth_8bpc_ssse3", referenced from:
      _dav1d_mc_dsp_init_8bpc in libdav1d.a[arm64][13](mc_tmpl.c.o)
  "_dav1d_put_8tap_scaled_regular_16bpc_avx2", referenced from:
      _dav1d_mc_dsp_init_16bpc in libdav1d.a[arm64][26](mc_tmpl.c.o)
  "_dav1d_put_8tap_scaled_regular_16bpc_ssse3", referenced from:
      _dav1d_mc_dsp_init_16bpc in libdav1d.a[arm64][26](mc_tmpl.c.o)
  "_dav1d_put_8tap_scaled_regular_8bpc_avx2", referenced from:
      _dav1d_mc_dsp_init_8bpc in libdav1d.a[arm64][13](mc_tmpl.c.o)
  "_dav1d_put_8tap_scaled_regular_8bpc_ssse3", referenced from:
      _dav1d_mc_dsp_init_8bpc in libdav1d.a[arm64][13](mc_tmpl.c.o)
  "_dav1d_put_8tap_scaled_regular_sharp_16bpc_avx2", referenced from:
      _dav1d_mc_dsp_init_16bpc in libdav1d.a[arm64][26](mc_tmpl.c.o)
  "_dav1d_put_8tap_scaled_regular_sharp_16bpc_ssse3", referenced from:
      _dav1d_mc_dsp_init_16bpc in libdav1d.a[arm64][26](mc_tmpl.c.o)
  "_dav1d_put_8tap_scaled_regular_sharp_8bpc_avx2", referenced from:
      _dav1d_mc_dsp_init_8bpc in libdav1d.a[arm64][13](mc_tmpl.c.o)
  "_dav1d_put_8tap_scaled_regular_sharp_8bpc_ssse3", referenced from:
      _dav1d_mc_dsp_init_8bpc in libdav1d.a[arm64][13](mc_tmpl.c.o)
  "_dav1d_put_8tap_scaled_regular_smooth_16bpc_avx2", referenced from:
      _dav1d_mc_dsp_init_16bpc in libdav1d.a[arm64][26](mc_tmpl.c.o)
  "_dav1d_put_8tap_scaled_regular_smooth_16bpc_ssse3", referenced from:
      _dav1d_mc_dsp_init_16bpc in libdav1d.a[arm64][26](mc_tmpl.c.o)
  "_dav1d_put_8tap_scaled_regular_smooth_8bpc_avx2", referenced from:
      _dav1d_mc_dsp_init_8bpc in libdav1d.a[arm64][13](mc_tmpl.c.o)
  "_dav1d_put_8tap_scaled_regular_smooth_8bpc_ssse3", referenced from:
      _dav1d_mc_dsp_init_8bpc in libdav1d.a[arm64][13](mc_tmpl.c.o)
  "_dav1d_put_8tap_scaled_sharp_16bpc_avx2", referenced from:
      _dav1d_mc_dsp_init_16bpc in libdav1d.a[arm64][26](mc_tmpl.c.o)
  "_dav1d_put_8tap_scaled_sharp_16bpc_ssse3", referenced from:
      _dav1d_mc_dsp_init_16bpc in libdav1d.a[arm64][26](mc_tmpl.c.o)
  "_dav1d_put_8tap_scaled_sharp_8bpc_avx2", referenced from:
      _dav1d_mc_dsp_init_8bpc in libdav1d.a[arm64][13](mc_tmpl.c.o)
  "_dav1d_put_8tap_scaled_sharp_8bpc_ssse3", referenced from:
      _dav1d_mc_dsp_init_8bpc in libdav1d.a[arm64][13](mc_tmpl.c.o)
  "_dav1d_put_8tap_scaled_sharp_regular_16bpc_avx2", referenced from:
      _dav1d_mc_dsp_init_16bpc in libdav1d.a[arm64][26](mc_tmpl.c.o)
  "_dav1d_put_8tap_scaled_sharp_regular_16bpc_ssse3", referenced from:
      _dav1d_mc_dsp_init_16bpc in libdav1d.a[arm64][26](mc_tmpl.c.o)
  "_dav1d_put_8tap_scaled_sharp_regular_8bpc_avx2", referenced from:
      _dav1d_mc_dsp_init_8bpc in libdav1d.a[arm64][13](mc_tmpl.c.o)
  "_dav1d_put_8tap_scaled_sharp_regular_8bpc_ssse3", referenced from:
      _dav1d_mc_dsp_init_8bpc in libdav1d.a[arm64][13](mc_tmpl.c.o)
  "_dav1d_put_8tap_scaled_sharp_smooth_16bpc_avx2", referenced from:
      _dav1d_mc_dsp_init_16bpc in libdav1d.a[arm64][26](mc_tmpl.c.o)
  "_dav1d_put_8tap_scaled_sharp_smooth_16bpc_ssse3", referenced from:
      _dav1d_mc_dsp_init_16bpc in libdav1d.a[arm64][26](mc_tmpl.c.o)
  "_dav1d_put_8tap_scaled_sharp_smooth_8bpc_avx2", referenced from:
      _dav1d_mc_dsp_init_8bpc in libdav1d.a[arm64][13](mc_tmpl.c.o)
  "_dav1d_put_8tap_scaled_sharp_smooth_8bpc_ssse3", referenced from:
      _dav1d_mc_dsp_init_8bpc in libdav1d.a[arm64][13](mc_tmpl.c.o)
  "_dav1d_put_8tap_scaled_smooth_16bpc_avx2", referenced from:
      _dav1d_mc_dsp_init_16bpc in libdav1d.a[arm64][26](mc_tmpl.c.o)
  "_dav1d_put_8tap_scaled_smooth_16bpc_ssse3", referenced from:
      _dav1d_mc_dsp_init_16bpc in libdav1d.a[arm64][26](mc_tmpl.c.o)
  "_dav1d_put_8tap_scaled_smooth_8bpc_avx2", referenced from:
      _dav1d_mc_dsp_init_8bpc in libdav1d.a[arm64][13](mc_tmpl.c.o)
  "_dav1d_put_8tap_scaled_smooth_8bpc_ssse3", referenced from:
      _dav1d_mc_dsp_init_8bpc in libdav1d.a[arm64][13](mc_tmpl.c.o)
  "_dav1d_put_8tap_scaled_smooth_regular_16bpc_avx2", referenced from:
      _dav1d_mc_dsp_init_16bpc in libdav1d.a[arm64][26](mc_tmpl.c.o)
  "_dav1d_put_8tap_scaled_smooth_regular_16bpc_ssse3", referenced from:
      _dav1d_mc_dsp_init_16bpc in libdav1d.a[arm64][26](mc_tmpl.c.o)
  "_dav1d_put_8tap_scaled_smooth_regular_8bpc_avx2", referenced from:
      _dav1d_mc_dsp_init_8bpc in libdav1d.a[arm64][13](mc_tmpl.c.o)
  "_dav1d_put_8tap_scaled_smooth_regular_8bpc_ssse3", referenced from:
      _dav1d_mc_dsp_init_8bpc in libdav1d.a[arm64][13](mc_tmpl.c.o)
  "_dav1d_put_8tap_scaled_smooth_sharp_16bpc_avx2", referenced from:
      _dav1d_mc_dsp_init_16bpc in libdav1d.a[arm64][26](mc_tmpl.c.o)
  "_dav1d_put_8tap_scaled_smooth_sharp_16bpc_ssse3", referenced from:
      _dav1d_mc_dsp_init_16bpc in libdav1d.a[arm64][26](mc_tmpl.c.o)
  "_dav1d_put_8tap_scaled_smooth_sharp_8bpc_avx2", referenced from:
      _dav1d_mc_dsp_init_8bpc in libdav1d.a[arm64][13](mc_tmpl.c.o)
  "_dav1d_put_8tap_scaled_smooth_sharp_8bpc_ssse3", referenced from:
      _dav1d_mc_dsp_init_8bpc in libdav1d.a[arm64][13](mc_tmpl.c.o)
  "_dav1d_put_8tap_sharp_16bpc_avx2", referenced from:
      _dav1d_mc_dsp_init_16bpc in libdav1d.a[arm64][26](mc_tmpl.c.o)
  "_dav1d_put_8tap_sharp_16bpc_avx512icl", referenced from:
      _dav1d_mc_dsp_init_16bpc in libdav1d.a[arm64][26](mc_tmpl.c.o)
  "_dav1d_put_8tap_sharp_16bpc_ssse3", referenced from:
      _dav1d_mc_dsp_init_16bpc in libdav1d.a[arm64][26](mc_tmpl.c.o)
  "_dav1d_put_8tap_sharp_8bpc_avx2", referenced from:
      _dav1d_mc_dsp_init_8bpc in libdav1d.a[arm64][13](mc_tmpl.c.o)
  "_dav1d_put_8tap_sharp_8bpc_avx512icl", referenced from:
      _dav1d_mc_dsp_init_8bpc in libdav1d.a[arm64][13](mc_tmpl.c.o)
  "_dav1d_put_8tap_sharp_8bpc_ssse3", referenced from:
      _dav1d_mc_dsp_init_8bpc in libdav1d.a[arm64][13](mc_tmpl.c.o)
  "_dav1d_put_8tap_sharp_regular_16bpc_avx2", referenced from:
      _dav1d_mc_dsp_init_16bpc in libdav1d.a[arm64][26](mc_tmpl.c.o)
  "_dav1d_put_8tap_sharp_regular_16bpc_avx512icl", referenced from:
      _dav1d_mc_dsp_init_16bpc in libdav1d.a[arm64][26](mc_tmpl.c.o)
  "_dav1d_put_8tap_sharp_regular_16bpc_ssse3", referenced from:
      _dav1d_mc_dsp_init_16bpc in libdav1d.a[arm64][26](mc_tmpl.c.o)
  "_dav1d_put_8tap_sharp_regular_8bpc_avx2", referenced from:
      _dav1d_mc_dsp_init_8bpc in libdav1d.a[arm64][13](mc_tmpl.c.o)
  "_dav1d_put_8tap_sharp_regular_8bpc_avx512icl", referenced from:
      _dav1d_mc_dsp_init_8bpc in libdav1d.a[arm64][13](mc_tmpl.c.o)
  "_dav1d_put_8tap_sharp_regular_8bpc_ssse3", referenced from:
      _dav1d_mc_dsp_init_8bpc in libdav1d.a[arm64][13](mc_tmpl.c.o)
  "_dav1d_put_8tap_sharp_smooth_16bpc_avx2", referenced from:
      _dav1d_mc_dsp_init_16bpc in libdav1d.a[arm64][26](mc_tmpl.c.o)
  "_dav1d_put_8tap_sharp_smooth_16bpc_avx512icl", referenced from:
      _dav1d_mc_dsp_init_16bpc in libdav1d.a[arm64][26](mc_tmpl.c.o)
  "_dav1d_put_8tap_sharp_smooth_16bpc_ssse3", referenced from:
      _dav1d_mc_dsp_init_16bpc in libdav1d.a[arm64][26](mc_tmpl.c.o)
  "_dav1d_put_8tap_sharp_smooth_8bpc_avx2", referenced from:
      _dav1d_mc_dsp_init_8bpc in libdav1d.a[arm64][13](mc_tmpl.c.o)
  "_dav1d_put_8tap_sharp_smooth_8bpc_avx512icl", referenced from:
      _dav1d_mc_dsp_init_8bpc in libdav1d.a[arm64][13](mc_tmpl.c.o)
  "_dav1d_put_8tap_sharp_smooth_8bpc_ssse3", referenced from:
      _dav1d_mc_dsp_init_8bpc in libdav1d.a[arm64][13](mc_tmpl.c.o)
  "_dav1d_put_8tap_smooth_16bpc_avx2", referenced from:
      _dav1d_mc_dsp_init_16bpc in libdav1d.a[arm64][26](mc_tmpl.c.o)
  "_dav1d_put_8tap_smooth_16bpc_avx512icl", referenced from:
      _dav1d_mc_dsp_init_16bpc in libdav1d.a[arm64][26](mc_tmpl.c.o)
  "_dav1d_put_8tap_smooth_16bpc_ssse3", referenced from:
      _dav1d_mc_dsp_init_16bpc in libdav1d.a[arm64][26](mc_tmpl.c.o)
  "_dav1d_put_8tap_smooth_8bpc_avx2", referenced from:
      _dav1d_mc_dsp_init_8bpc in libdav1d.a[arm64][13](mc_tmpl.c.o)
  "_dav1d_put_8tap_smooth_8bpc_avx512icl", referenced from:
      _dav1d_mc_dsp_init_8bpc in libdav1d.a[arm64][13](mc_tmpl.c.o)
  "_dav1d_put_8tap_smooth_8bpc_ssse3", referenced from:
      _dav1d_mc_dsp_init_8bpc in libdav1d.a[arm64][13](mc_tmpl.c.o)
  "_dav1d_put_8tap_smooth_regular_16bpc_avx2", referenced from:
      _dav1d_mc_dsp_init_16bpc in libdav1d.a[arm64][26](mc_tmpl.c.o)
  "_dav1d_put_8tap_smooth_regular_16bpc_avx512icl", referenced from:
      _dav1d_mc_dsp_init_16bpc in libdav1d.a[arm64][26](mc_tmpl.c.o)
  "_dav1d_put_8tap_smooth_regular_16bpc_ssse3", referenced from:
      _dav1d_mc_dsp_init_16bpc in libdav1d.a[arm64][26](mc_tmpl.c.o)
  "_dav1d_put_8tap_smooth_regular_8bpc_avx2", referenced from:
      _dav1d_mc_dsp_init_8bpc in libdav1d.a[arm64][13](mc_tmpl.c.o)
  "_dav1d_put_8tap_smooth_regular_8bpc_avx512icl", referenced from:
      _dav1d_mc_dsp_init_8bpc in libdav1d.a[arm64][13](mc_tmpl.c.o)
  "_dav1d_put_8tap_smooth_regular_8bpc_ssse3", referenced from:
      _dav1d_mc_dsp_init_8bpc in libdav1d.a[arm64][13](mc_tmpl.c.o)
  "_dav1d_put_8tap_smooth_sharp_16bpc_avx2", referenced from:
      _dav1d_mc_dsp_init_16bpc in libdav1d.a[arm64][26](mc_tmpl.c.o)
  "_dav1d_put_8tap_smooth_sharp_16bpc_avx512icl", referenced from:
      _dav1d_mc_dsp_init_16bpc in libdav1d.a[arm64][26](mc_tmpl.c.o)
  "_dav1d_put_8tap_smooth_sharp_16bpc_ssse3", referenced from:
      _dav1d_mc_dsp_init_16bpc in libdav1d.a[arm64][26](mc_tmpl.c.o)
  "_dav1d_put_8tap_smooth_sharp_8bpc_avx2", referenced from:
      _dav1d_mc_dsp_init_8bpc in libdav1d.a[arm64][13](mc_tmpl.c.o)
  "_dav1d_put_8tap_smooth_sharp_8bpc_avx512icl", referenced from:
      _dav1d_mc_dsp_init_8bpc in libdav1d.a[arm64][13](mc_tmpl.c.o)
  "_dav1d_put_8tap_smooth_sharp_8bpc_ssse3", referenced from:
      _dav1d_mc_dsp_init_8bpc in libdav1d.a[arm64][13](mc_tmpl.c.o)
  "_dav1d_put_bilin_16bpc_avx2", referenced from:
      _dav1d_mc_dsp_init_16bpc in libdav1d.a[arm64][26](mc_tmpl.c.o)
  "_dav1d_put_bilin_16bpc_avx512icl", referenced from:
      _dav1d_mc_dsp_init_16bpc in libdav1d.a[arm64][26](mc_tmpl.c.o)
  "_dav1d_put_bilin_16bpc_ssse3", referenced from:
      _dav1d_mc_dsp_init_16bpc in libdav1d.a[arm64][26](mc_tmpl.c.o)
  "_dav1d_put_bilin_8bpc_avx2", referenced from:
      _dav1d_mc_dsp_init_8bpc in libdav1d.a[arm64][13](mc_tmpl.c.o)
  "_dav1d_put_bilin_8bpc_avx512icl", referenced from:
      _dav1d_mc_dsp_init_8bpc in libdav1d.a[arm64][13](mc_tmpl.c.o)
  "_dav1d_put_bilin_8bpc_ssse3", referenced from:
      _dav1d_mc_dsp_init_8bpc in libdav1d.a[arm64][13](mc_tmpl.c.o)
  "_dav1d_put_bilin_scaled_16bpc_avx2", referenced from:
      _dav1d_mc_dsp_init_16bpc in libdav1d.a[arm64][26](mc_tmpl.c.o)
  "_dav1d_put_bilin_scaled_16bpc_ssse3", referenced from:
      _dav1d_mc_dsp_init_16bpc in libdav1d.a[arm64][26](mc_tmpl.c.o)
  "_dav1d_put_bilin_scaled_8bpc_avx2", referenced from:
      _dav1d_mc_dsp_init_8bpc in libdav1d.a[arm64][13](mc_tmpl.c.o)
  "_dav1d_put_bilin_scaled_8bpc_ssse3", referenced from:
      _dav1d_mc_dsp_init_8bpc in libdav1d.a[arm64][13](mc_tmpl.c.o)
  "_dav1d_resize_16bpc_avx2", referenced from:
      _dav1d_mc_dsp_init_16bpc in libdav1d.a[arm64][26](mc_tmpl.c.o)
  "_dav1d_resize_16bpc_avx512icl", referenced from:
      _dav1d_mc_dsp_init_16bpc in libdav1d.a[arm64][26](mc_tmpl.c.o)
  "_dav1d_resize_16bpc_ssse3", referenced from:
      _dav1d_mc_dsp_init_16bpc in libdav1d.a[arm64][26](mc_tmpl.c.o)
  "_dav1d_resize_8bpc_avx2", referenced from:
      _dav1d_mc_dsp_init_8bpc in libdav1d.a[arm64][13](mc_tmpl.c.o)
  "_dav1d_resize_8bpc_avx512icl", referenced from:
      _dav1d_mc_dsp_init_8bpc in libdav1d.a[arm64][13](mc_tmpl.c.o)
  "_dav1d_resize_8bpc_ssse3", referenced from:
      _dav1d_mc_dsp_init_8bpc in libdav1d.a[arm64][13](mc_tmpl.c.o)
  "_dav1d_save_tmvs_avx2", referenced from:
      _dav1d_refmvs_dsp_init in libdav1d.a[arm64][47](refmvs.c.o)
  "_dav1d_save_tmvs_avx512icl", referenced from:
      _dav1d_refmvs_dsp_init in libdav1d.a[arm64][47](refmvs.c.o)
  "_dav1d_save_tmvs_ssse3", referenced from:
      _dav1d_refmvs_dsp_init in libdav1d.a[arm64][47](refmvs.c.o)
  "_dav1d_sgr_filter_3x3_16bpc_avx2", referenced from:
      _dav1d_loop_restoration_dsp_init_16bpc in libdav1d.a[arm64][24](looprestoration_tmpl.c.o)
  "_dav1d_sgr_filter_3x3_16bpc_avx512icl", referenced from:
      _dav1d_loop_restoration_dsp_init_16bpc in libdav1d.a[arm64][24](looprestoration_tmpl.c.o)
  "_dav1d_sgr_filter_3x3_16bpc_ssse3", referenced from:
      _dav1d_loop_restoration_dsp_init_16bpc in libdav1d.a[arm64][24](looprestoration_tmpl.c.o)
  "_dav1d_sgr_filter_3x3_8bpc_avx2", referenced from:
      _dav1d_loop_restoration_dsp_init_8bpc in libdav1d.a[arm64][11](looprestoration_tmpl.c.o)
  "_dav1d_sgr_filter_3x3_8bpc_avx512icl", referenced from:
      _dav1d_loop_restoration_dsp_init_8bpc in libdav1d.a[arm64][11](looprestoration_tmpl.c.o)
  "_dav1d_sgr_filter_3x3_8bpc_ssse3", referenced from:
      _dav1d_loop_restoration_dsp_init_8bpc in libdav1d.a[arm64][11](looprestoration_tmpl.c.o)
  "_dav1d_sgr_filter_5x5_16bpc_avx2", referenced from:
      _dav1d_loop_restoration_dsp_init_16bpc in libdav1d.a[arm64][24](looprestoration_tmpl.c.o)
  "_dav1d_sgr_filter_5x5_16bpc_avx512icl", referenced from:
      _dav1d_loop_restoration_dsp_init_16bpc in libdav1d.a[arm64][24](looprestoration_tmpl.c.o)
  "_dav1d_sgr_filter_5x5_16bpc_ssse3", referenced from:
      _dav1d_loop_restoration_dsp_init_16bpc in libdav1d.a[arm64][24](looprestoration_tmpl.c.o)
  "_dav1d_sgr_filter_5x5_8bpc_avx2", referenced from:
      _dav1d_loop_restoration_dsp_init_8bpc in libdav1d.a[arm64][11](looprestoration_tmpl.c.o)
  "_dav1d_sgr_filter_5x5_8bpc_avx512icl", referenced from:
      _dav1d_loop_restoration_dsp_init_8bpc in libdav1d.a[arm64][11](looprestoration_tmpl.c.o)
  "_dav1d_sgr_filter_5x5_8bpc_ssse3", referenced from:
      _dav1d_loop_restoration_dsp_init_8bpc in libdav1d.a[arm64][11](looprestoration_tmpl.c.o)
  "_dav1d_sgr_filter_mix_16bpc_avx2", referenced from:
      _dav1d_loop_restoration_dsp_init_16bpc in libdav1d.a[arm64][24](looprestoration_tmpl.c.o)
  "_dav1d_sgr_filter_mix_16bpc_avx512icl", referenced from:
      _dav1d_loop_restoration_dsp_init_16bpc in libdav1d.a[arm64][24](looprestoration_tmpl.c.o)
  "_dav1d_sgr_filter_mix_16bpc_ssse3", referenced from:
      _dav1d_loop_restoration_dsp_init_16bpc in libdav1d.a[arm64][24](looprestoration_tmpl.c.o)
  "_dav1d_sgr_filter_mix_8bpc_avx2", referenced from:
      _dav1d_loop_restoration_dsp_init_8bpc in libdav1d.a[arm64][11](looprestoration_tmpl.c.o)
  "_dav1d_sgr_filter_mix_8bpc_avx512icl", referenced from:
      _dav1d_loop_restoration_dsp_init_8bpc in libdav1d.a[arm64][11](looprestoration_tmpl.c.o)
  "_dav1d_sgr_filter_mix_8bpc_ssse3", referenced from:
      _dav1d_loop_restoration_dsp_init_8bpc in libdav1d.a[arm64][11](looprestoration_tmpl.c.o)
  "_dav1d_splat_mv_avx2", referenced from:
      _dav1d_refmvs_dsp_init in libdav1d.a[arm64][47](refmvs.c.o)
  "_dav1d_splat_mv_avx512icl", referenced from:
      _dav1d_refmvs_dsp_init in libdav1d.a[arm64][47](refmvs.c.o)
  "_dav1d_splat_mv_sse2", referenced from:
      _dav1d_refmvs_dsp_init in libdav1d.a[arm64][47](refmvs.c.o)
  "_dav1d_w_avg_16bpc_avx2", referenced from:
      _dav1d_mc_dsp_init_16bpc in libdav1d.a[arm64][26](mc_tmpl.c.o)
  "_dav1d_w_avg_16bpc_avx512icl", referenced from:
      _dav1d_mc_dsp_init_16bpc in libdav1d.a[arm64][26](mc_tmpl.c.o)
  "_dav1d_w_avg_16bpc_ssse3", referenced from:
      _dav1d_mc_dsp_init_16bpc in libdav1d.a[arm64][26](mc_tmpl.c.o)
  "_dav1d_w_avg_8bpc_avx2", referenced from:
      _dav1d_mc_dsp_init_8bpc in libdav1d.a[arm64][13](mc_tmpl.c.o)
  "_dav1d_w_avg_8bpc_avx512icl", referenced from:
      _dav1d_mc_dsp_init_8bpc in libdav1d.a[arm64][13](mc_tmpl.c.o)
  "_dav1d_w_avg_8bpc_ssse3", referenced from:
      _dav1d_mc_dsp_init_8bpc in libdav1d.a[arm64][13](mc_tmpl.c.o)
  "_dav1d_w_mask_420_16bpc_avx2", referenced from:
      _dav1d_mc_dsp_init_16bpc in libdav1d.a[arm64][26](mc_tmpl.c.o)
  "_dav1d_w_mask_420_16bpc_avx512icl", referenced from:
      _dav1d_mc_dsp_init_16bpc in libdav1d.a[arm64][26](mc_tmpl.c.o)
  "_dav1d_w_mask_420_16bpc_ssse3", referenced from:
      _dav1d_mc_dsp_init_16bpc in libdav1d.a[arm64][26](mc_tmpl.c.o)
  "_dav1d_w_mask_420_8bpc_avx2", referenced from:
      _dav1d_mc_dsp_init_8bpc in libdav1d.a[arm64][13](mc_tmpl.c.o)
  "_dav1d_w_mask_420_8bpc_avx512icl", referenced from:
      _dav1d_mc_dsp_init_8bpc in libdav1d.a[arm64][13](mc_tmpl.c.o)
  "_dav1d_w_mask_420_8bpc_ssse3", referenced from:
      _dav1d_mc_dsp_init_8bpc in libdav1d.a[arm64][13](mc_tmpl.c.o)
  "_dav1d_w_mask_422_16bpc_avx2", referenced from:
      _dav1d_mc_dsp_init_16bpc in libdav1d.a[arm64][26](mc_tmpl.c.o)
  "_dav1d_w_mask_422_16bpc_avx512icl", referenced from:
      _dav1d_mc_dsp_init_16bpc in libdav1d.a[arm64][26](mc_tmpl.c.o)
  "_dav1d_w_mask_422_16bpc_ssse3", referenced from:
      _dav1d_mc_dsp_init_16bpc in libdav1d.a[arm64][26](mc_tmpl.c.o)
  "_dav1d_w_mask_422_8bpc_avx2", referenced from:
      _dav1d_mc_dsp_init_8bpc in libdav1d.a[arm64][13](mc_tmpl.c.o)
  "_dav1d_w_mask_422_8bpc_avx512icl", referenced from:
      _dav1d_mc_dsp_init_8bpc in libdav1d.a[arm64][13](mc_tmpl.c.o)
  "_dav1d_w_mask_422_8bpc_ssse3", referenced from:
      _dav1d_mc_dsp_init_8bpc in libdav1d.a[arm64][13](mc_tmpl.c.o)
  "_dav1d_w_mask_444_16bpc_avx2", referenced from:
      _dav1d_mc_dsp_init_16bpc in libdav1d.a[arm64][26](mc_tmpl.c.o)
  "_dav1d_w_mask_444_16bpc_avx512icl", referenced from:
      _dav1d_mc_dsp_init_16bpc in libdav1d.a[arm64][26](mc_tmpl.c.o)
  "_dav1d_w_mask_444_16bpc_ssse3", referenced from:
      _dav1d_mc_dsp_init_16bpc in libdav1d.a[arm64][26](mc_tmpl.c.o)
  "_dav1d_w_mask_444_8bpc_avx2", referenced from:
      _dav1d_mc_dsp_init_8bpc in libdav1d.a[arm64][13](mc_tmpl.c.o)
  "_dav1d_w_mask_444_8bpc_avx512icl", referenced from:
      _dav1d_mc_dsp_init_8bpc in libdav1d.a[arm64][13](mc_tmpl.c.o)
  "_dav1d_w_mask_444_8bpc_ssse3", referenced from:
      _dav1d_mc_dsp_init_8bpc in libdav1d.a[arm64][13](mc_tmpl.c.o)
  "_dav1d_warp_affine_8x8_16bpc_avx2", referenced from:
      _dav1d_mc_dsp_init_16bpc in libdav1d.a[arm64][26](mc_tmpl.c.o)
  "_dav1d_warp_affine_8x8_16bpc_avx512icl", referenced from:
      _dav1d_mc_dsp_init_16bpc in libdav1d.a[arm64][26](mc_tmpl.c.o)
  "_dav1d_warp_affine_8x8_16bpc_ssse3", referenced from:
      _dav1d_mc_dsp_init_16bpc in libdav1d.a[arm64][26](mc_tmpl.c.o)
  "_dav1d_warp_affine_8x8_8bpc_avx2", referenced from:
      _dav1d_mc_dsp_init_8bpc in libdav1d.a[arm64][13](mc_tmpl.c.o)
  "_dav1d_warp_affine_8x8_8bpc_avx512icl", referenced from:
      _dav1d_mc_dsp_init_8bpc in libdav1d.a[arm64][13](mc_tmpl.c.o)
  "_dav1d_warp_affine_8x8_8bpc_sse4", referenced from:
      _dav1d_mc_dsp_init_8bpc in libdav1d.a[arm64][13](mc_tmpl.c.o)
  "_dav1d_warp_affine_8x8_8bpc_ssse3", referenced from:
      _dav1d_mc_dsp_init_8bpc in libdav1d.a[arm64][13](mc_tmpl.c.o)
  "_dav1d_warp_affine_8x8t_16bpc_avx2", referenced from:
      _dav1d_mc_dsp_init_16bpc in libdav1d.a[arm64][26](mc_tmpl.c.o)
  "_dav1d_warp_affine_8x8t_16bpc_avx512icl", referenced from:
      _dav1d_mc_dsp_init_16bpc in libdav1d.a[arm64][26](mc_tmpl.c.o)
  "_dav1d_warp_affine_8x8t_16bpc_ssse3", referenced from:
      _dav1d_mc_dsp_init_16bpc in libdav1d.a[arm64][26](mc_tmpl.c.o)
  "_dav1d_warp_affine_8x8t_8bpc_avx2", referenced from:
      _dav1d_mc_dsp_init_8bpc in libdav1d.a[arm64][13](mc_tmpl.c.o)
  "_dav1d_warp_affine_8x8t_8bpc_avx512icl", referenced from:
      _dav1d_mc_dsp_init_8bpc in libdav1d.a[arm64][13](mc_tmpl.c.o)
  "_dav1d_warp_affine_8x8t_8bpc_sse4", referenced from:
      _dav1d_mc_dsp_init_8bpc in libdav1d.a[arm64][13](mc_tmpl.c.o)
  "_dav1d_warp_affine_8x8t_8bpc_ssse3", referenced from:
      _dav1d_mc_dsp_init_8bpc in libdav1d.a[arm64][13](mc_tmpl.c.o)
  "_dav1d_wiener_filter5_16bpc_avx2", referenced from:
      _dav1d_loop_restoration_dsp_init_16bpc in libdav1d.a[arm64][24](looprestoration_tmpl.c.o)
      _dav1d_loop_restoration_dsp_init_16bpc in libdav1d.a[arm64][24](looprestoration_tmpl.c.o)
  "_dav1d_wiener_filter5_16bpc_avx512icl", referenced from:
      _dav1d_loop_restoration_dsp_init_16bpc in libdav1d.a[arm64][24](looprestoration_tmpl.c.o)
      _dav1d_loop_restoration_dsp_init_16bpc in libdav1d.a[arm64][24](looprestoration_tmpl.c.o)
  "_dav1d_wiener_filter5_16bpc_ssse3", referenced from:
      _dav1d_loop_restoration_dsp_init_16bpc in libdav1d.a[arm64][24](looprestoration_tmpl.c.o)
  "_dav1d_wiener_filter5_8bpc_avx2", referenced from:
      _dav1d_loop_restoration_dsp_init_8bpc in libdav1d.a[arm64][11](looprestoration_tmpl.c.o)
  "_dav1d_wiener_filter5_8bpc_sse2", referenced from:
      _dav1d_loop_restoration_dsp_init_8bpc in libdav1d.a[arm64][11](looprestoration_tmpl.c.o)
  "_dav1d_wiener_filter5_8bpc_ssse3", referenced from:
      _dav1d_loop_restoration_dsp_init_8bpc in libdav1d.a[arm64][11](looprestoration_tmpl.c.o)
  "_dav1d_wiener_filter7_16bpc_avx2", referenced from:
      _dav1d_loop_restoration_dsp_init_16bpc in libdav1d.a[arm64][24](looprestoration_tmpl.c.o)
      _dav1d_loop_restoration_dsp_init_16bpc in libdav1d.a[arm64][24](looprestoration_tmpl.c.o)
  "_dav1d_wiener_filter7_16bpc_avx512icl", referenced from:
      _dav1d_loop_restoration_dsp_init_16bpc in libdav1d.a[arm64][24](looprestoration_tmpl.c.o)
      _dav1d_loop_restoration_dsp_init_16bpc in libdav1d.a[arm64][24](looprestoration_tmpl.c.o)
  "_dav1d_wiener_filter7_16bpc_ssse3", referenced from:
      _dav1d_loop_restoration_dsp_init_16bpc in libdav1d.a[arm64][24](looprestoration_tmpl.c.o)
  "_dav1d_wiener_filter7_8bpc_avx2", referenced from:
      _dav1d_loop_restoration_dsp_init_8bpc in libdav1d.a[arm64][11](looprestoration_tmpl.c.o)
  "_dav1d_wiener_filter7_8bpc_avx512icl", referenced from:
      _dav1d_loop_restoration_dsp_init_8bpc in libdav1d.a[arm64][11](looprestoration_tmpl.c.o)
  "_dav1d_wiener_filter7_8bpc_sse2", referenced from:
      _dav1d_loop_restoration_dsp_init_8bpc in libdav1d.a[arm64][11](looprestoration_tmpl.c.o)
  "_dav1d_wiener_filter7_8bpc_ssse3", referenced from:
      _dav1d_loop_restoration_dsp_init_8bpc in libdav1d.a[arm64][11](looprestoration_tmpl.c.o)
ld: symbol(s) not found for architecture arm64
clang: error: linker command failed with exit code 1 (use -v to see invocation)
make[4]: *** [libdav1d_plugin.la] Error 1
make[4]: *** Waiting for unfinished jobs....
/Users/cam/Documents/Projects/ultima-iv-web/vlc-thumbs/work/build/vlc-source/extras/package/macosx/../../../modules/control/netsync.c:277:38: warning: unused parameter 'oldval' [-Wunused-parameter]
  277 |                          vlc_value_t oldval, vlc_value_t newval, void *data)
      |                                      ^
1 warning generated.
make[3]: *** [all-recursive] Error 1
make[2]: *** [all] Error 2
make[1]: *** [all-recursive] Error 1
make: *** [all] Error 2
